date,scheme_code,scheme_name,nav
2026-08-25,100033,Aditya Birla Sun Life Large & Mid Cap Fund - Regular Growth,975.85
2026-08-25,100034,Aditya Birla Sun Life Large & Mid Cap Fund -Regular - IDCW,142.12
2026-08-25,100037,Aditya Birla Sun Life Medium to Long Term Fund - Regular - Quarterly IDCW,13.1065
2026-08-25,100038,Aditya Birla Sun Life Medium to Long Term Fund - Growth - Regular Plan,130.1684
2026-08-25,100046,Aditya Birla Sun Life Liquid Fund -Daily IDCW,100.195
2026-08-25,100047,Aditya Birla Sun Life Liquid Fund - Growth,451.4968
2026-08-25,100051,Aditya Birla Sun Life Liquid Fund -weekly IDCW,100.2956
2026-08-25,100057,Aditya Birla Sun Life Gilt Fund -Regular - Quarterly IDCW,10.8422
2026-08-25,100058,Aditya Birla Sun Life Gilt Fund  - Growth - Regular Plan,82.1814
2026-08-25,100063,Aditya Birla Sun Life MNC Fund - Regular - IDCW,214.46
2026-08-25,100064,Aditya Birla Sun Life MNC Fund - Growth - Regular Plan,1333.54
2026-08-25,100077,DSP Medium Term Fund - IDCW,11.7062
2026-08-25,100078,DSP Medium Term Fund - Growth,86.8306
2026-08-25,100079,DSP Medium Term Fund - IDCW - Monthly,11.1914
2026-08-25,100080,DSP Flexi Cap Fund - Regular Plan - IDCW,59.5650
2026-08-25,100081,DSP Aggressive Hybrid Fund- Regular Plan - Growth,350.2850
2026-08-25,100082,DSP Aggressive Hybrid Fund- Regular Plan - IDCW,26.6620
2026-08-25,100084,DSP Gilt Fund - Regular Plan - Growth,99.1003
2026-08-25,100085,DSP Gilt Fund - Regular Plan - IDCW,12.8437
2026-08-25,100086,DSP Gilt Fund - Regular Plan - IDCW - Monthly,10.8407
2026-08-25,100087,DSP Money Market Fund - Regular Plan - Growth,56.5529
2026-08-25,100088,DSP Money Market Fund - Regular Plan - IDCW,12.5877
2026-08-25,100089,DSP Money Market Fund - Regular Plan - IDCW - Monthly,11.0612
2026-08-25,100119,HDFC Balanced Advantage Fund - Growth Plan,527.882
2026-08-25,100120,HDFC Balanced Advantage Fund - IDCW Plan,36.61
2026-08-25,100123,HDFC Medium to Long Term Fund - Quarterly IDCW Option,11.5351
2026-08-25,100124,HDFC Income Fund - Growth Option,60.6796
2026-08-25,100174,quant ELSS Tax Saver Fund - IDCW Option - Regular Plan,57.327
2026-08-25,100175,quant ELSS Tax Saver Fund - Growth Option - Regular Plan,412.8364
2026-08-25,100176,quant Small Cap Fund - IDCW Option - Regular Plan,231.3283
2026-08-25,100177,quant Small Cap Fund - Growth - Regular Plan,290.8863
2026-08-25,100218,JM Large Cap Fund (Regular) - IDCW,30.4951
2026-08-25,100219,JM Large Cap Fund (Regular) - Growth Option,157.0911
2026-08-25,100220,JM Aggressive Hybrid Fund (Regular) - IDCW,34.3
2026-08-25,100221,JM Aggressive Hybrid Fund (Regular) -Growth Option,122.6355
2026-08-25,100222,JM Medium to Long Term Fund (Regular) - Quarterly IDCW,21.993
2026-08-25,100223,JM Medium to Long Term Fund (Regular) - Growth Option,64.6841
2026-08-25,100233,JM Liquid Fund (Regular) - Weekly IDCW,11.0035
2026-08-25,100234,JM Liquid Fund - Growth Option,76.3403
2026-08-25,100244,JM Liquid Fund (Regular) - Quarterly IDCW,43.2094
2026-08-25,100247,JM Liquid Fund (Regular) - Super Institutional Plan - Growth Option,43.895
2026-08-25,100254,JM Value Fund (Regular) - Growth Option,98.0585
2026-08-25,100264,Kotak Gilt Fund -Investment Regular-Payout of Income Distribution cum capital withdrawal option,19.0511
2026-08-25,100265,Kotak Gilt Fund -Investment Regular-Growth,97.4963
2026-08-25,100280,Kotak Gilt Fund -Investment  Provident Fund and Trust-Payout of Income Distribution cum capital withdrawal option,11.846
2026-08-25,100281,Kotak Gilt Fund -Investment  Provident Fund and Trust-Growth,99.7457
2026-08-25,100286,Kotak Aggressive Hybrid Fund - Regular Plan - IDCW - Payout & Reinvestment of Income Distribution cum capital withdrawal option,38.953
2026-08-25,100299,Kotak Medium to Long Term Fund - Regular Plan Growth,80.2762
2026-08-25,100300,Kotak Medium to Long Term Fund - Regular Plan - Standard IDCW Option,49.1828
2026-08-25,100312,LIC MF Flexi Cap Fund-Regular Plan-IDCW,34.383
2026-08-25,100313,LIC MF Flexi Cap Fund-Regular Plan-Growth,108.958
2026-08-25,100314,LIC MF Medium to Long Term Fund-Regular Plan-IDCW,16.6042
2026-08-25,100315,LIC MF Medium to Long Term Fund-Regular Plan-Growth,75.7503
2026-08-25,100316,LIC MF Gilt Fund-Regular Plan-IDCW,17.438
2026-08-25,100317,LIC MF Gilt Fund-Regular Plan-Growth,60.4958
2026-08-25,100318,LIC MF Gilt Fund-PF Plan-IDCW,22.6099
2026-08-25,100319,LIC MF Gilt Fund-PF Plan-Growth,34.9403
2026-08-25,100321,LIC MF Aggressive Hybrid Fund-Regular Plan-IDCW,15.309
2026-08-25,100323,LIC MF Aggressive Hybrid Fund-Regular Plan-Growth,203.9342
2026-08-25,100325,LIC MF ULIS (5 Yrs. Single Premium)-Regular Plan-IDCW Reinvestment,37.0798
2026-08-25,100332,LIC MF Large Cap Fund-Regular Plan-IDCW,32.9904
2026-08-25,100348,ICICI Prudential Large & Mid Cap Fund - IDCW,31.33
2026-08-25,100349,ICICI Prudential Large & Mid Cap Fund - Growth,1067.84
2026-08-25,100351,ICICI Prudential FMCG Fund - IDCW,75.69
2026-08-25,100352,ICICI Prudential FMCG Fund - Growth,409.54
2026-08-25,100353,ICICI Prudential ELSS - Tax Saver Fund - IDCW,21.62
2026-08-25,100354,ICICI Prudential ELSS - Tax Saver Fund - Growth,949.41
2026-08-25,100355,ICICI Prudential Aggressive Hybrid Fund - Monthly IDCW,43.56
2026-08-25,100356,ICICI Prudential Aggressive Hybrid Fund - Growth,409.69
2026-08-25,100363,ICICI Prudential Technology Fund - Growth,184.74
2026-08-25,100365,ICICI Prudential Long Term Fund - Growth,92.6779
2026-08-25,100367,ICICI Prudential Long Term Fund - Quarterly IDCW,12.4971
2026-08-25,100368,ICICI Prudential Gilt Fund - IDCW,17.7931
2026-08-25,100369,ICICI Prudential Gilt Fund - Growth,108.6119
2026-08-25,100375,NIPPON INDIA GROWTH MID CAP FUND - IDCW Option,123.5804
2026-08-25,100376,Nippon India Growth Mid Cap Fund-Growth Plan-Bonus Option,764.9755
2026-08-25,100377,Nippon India Growth Mid Cap Fund-Growth Plan-Growth Option,4595.2463
2026-08-25,100378,Nippon India Vision Large & Midcap Fund - IDCW Option,63.6150
2026-08-25,100379,Nippon India Vision Large & Midcap Fund-GROWTH PLAN-Bonus Option,257.7977
2026-08-25,100380,Nippon India Vision Large & Midcap Fund-GROWTH PLAN-Growth Option,1530.6123
2026-08-25,100383,NIPPON INDIA MEDIUM TO LONG TERM FUND - MONTHLY IDCW Option,10.7759
2026-08-25,100384,NIPPON INDIA MEDIUM TO LONG TERM  FUND - QUARTERLY IDCW Option,13.3052
2026-08-25,100385,NIPPON INDIA MEDIUM TO LONG TERM  FUND - HALF YEARLY IDCW Option,12.8075
2026-08-25,100386,NIPPON INDIA MEDIUM TO LONG TERM  FUND - ANNUAL IDCW Option,13.1063
2026-08-25,100387,Nippon India Medium to Long Term  Fund - Growth Plan Growth Option,93.2310
2026-08-25,100388,Nippon India Medium to Long Term  Fund - Growth Plan Bonus Option,26.8033
2026-08-25,100414,Tata Aggressive Hybrid Fund- Regular Plan - Growth Option,446.2627
2026-08-25,100415,Tata Ethical Fund-Regular Plan - Growth Option,367.5900
2026-08-25,100470,Franklin India Large Cap Fund - IDCW,43.7000
2026-08-25,100471,Franklin India Large Cap Fund-Growth,1040.6956
2026-08-25,100472,Franklin India Mid Cap Fund - IDCW,88.8384
2026-08-25,100473,Franklin India Mid Cap Fund-Growth,2888.3403
2026-08-25,100474,Tata ELSS Fund- Regular Plan - Payout of IDCW Option,98.5529
2026-08-25,100475,Tata Large Cap Fund -Regular Plan - Growth Option,516.2950
2026-08-25,100476,Taurus Flexi Cap Fund - Regular Plan - Growth,239.44
2026-08-25,100477,Taurus Mid Cap Fund - Regular Plan - Growth,128.84
2026-08-25,100480,Taurus ELSS Tax Saver Fund - Regular Plan - Growth,184.04
2026-08-25,100484,Franklin India Index Fund- NSE Nifty 50 Index Fund - Growth,197.4247
2026-08-25,100493,Franklin India Government Securities Fund - Growth,61.5974
2026-08-25,100494,Franklin India Government Securities Fund - IDCW,10.7813
2026-08-25,100496,Templeton India Value Fund - Growth Plan,693.0452
2026-08-25,100497,Templeton India Value Fund - IDCW,91.2549
2026-08-25,100519,Franklin India Flexi Cap Fund - IDCW,62.7618
2026-08-25,100520,Franklin India Flexi Cap Fund - Growth,1622.0517
2026-08-25,100521,Franklin India Technology Fund - IDCW,42.1345
2026-08-25,100522,Franklin India Technology Fund-Growth,488.8937
2026-08-25,100524,Franklin INDIA OPPORTUNITIES FUND - IDCW,38.4120
2026-08-25,100525,Franklin India ELSS Tax Saver Fund - IDCW,61.1911
2026-08-25,100526,Franklin India ELSS Tax Saver Fund-Growth,1448.1145
2026-08-25,100527,Franklin India Corporate Debt Fund - Plan A - Annual - IDCW,16.9946
2026-08-25,100528,Franklin India Corporate Debt Fund - Growth,106.4783
2026-08-25,100529,Franklin India Corporate Debt Fund - Plan B - Monthly - IDCW,15.1803
2026-08-25,100530,Franklin India Corporate Debt Fund - Plan B - Quarterly - IDCW,12.0692
2026-08-25,100531,Franklin India Corporate Debt Fund - Plan B - Half yearly - IDCW,12.6720
2026-08-25,100535,Franklin India Retirement Fund - IDCW,16.7089
2026-08-25,100536,Franklin India Retirement Fund - Growth,220.0656
2026-08-25,100537,Franklin India Liquid Fund - Regular Plan - Weekly - IDCW,1244.6962
2026-08-25,100538,Franklin India Liquid Fund - Regular Plan - Growth,6299.3015
2026-08-25,100541,Franklin India Liquid Fund - Regular Plan - Daily - IDCW,1508.9895
2026-08-25,100546,Franklin India Liquid Fund - Super Institutional Plan - Growth,4220.3097
2026-08-25,100547,Franklin India Liquid Fund - Super Institutional Plan - Daily - IDCW,1000.0000
2026-08-25,100548,Franklin India Liquid Fund - Super Institutional Plan - Weekly - IDCW,1038.2948
2026-08-25,100549,Franklin India Aggressive Hybrid Fund - IDCW,28.3135
2026-08-25,100550,Franklin India Aggressive Hybrid Fund - Growth Plan,270.2214
2026-08-25,100593,CANARA ROBECO ELSS - TAX SAVER FUND  - REGULAR PLAN -IDCW (Payout),48.5200
2026-08-25,100596,CANARA ROBECO GILT FUND - REGULAR PLAN - IDCW (Payout/Reinvestment),14.8103
2026-08-25,100597,CANARA ROBECO GILT FUND - REGULAR PLAN - GROWTH OPTION,77.1115
2026-08-25,100600,CANARA ROBECO CONSERVATIVE HYBRID FUND - REGULAR PLAN - MONTHLY IDCW (Payout/Reinvestment),12.4032
2026-08-25,100601,CANARA ROBECO CONSERVATIVE HYBRID FUND - REGULAR PLAN - GROWTH OPTION,100.2583
2026-08-25,100602,Sundaram Medium Term Fund Regular Plan - (IDCW),13.2475
2026-08-25,100603,Sundaram Medium Term Fund Regular Plan - Growth,71.7726
2026-08-25,100614,Sundaram Value Fund Regular Plan - Income Distribution cum Capital Withdrawal (IDCW),15.1848
2026-08-25,100630,quant Multi Cap Fund-IDCW Option - Regular Plan,75.947
2026-08-25,100631,quant Multi Cap Fund-GROWTH OPTION - Regular Plan,664.0893
2026-08-25,100638,SBI Medium to Long Term Fund - Regular Plan - Half Yearly - Income Distribution cum Capital Withdrawal Option (IDCW),19.3293
2026-08-25,100639,SBI Medium to Long Term Fund-REGULAR PLAN-Growth,73.8994
2026-08-25,100640,SBI Medium to Long Term Fund-REGULAR PLAN-Bonus,44.7764
2026-08-25,100641,SBI ULTRA SHORT TERM FUND - REGULAR PLAN - GROWTH,6406.8404
2026-08-25,100643,SBI Technology Opportunities Fund - Regular Plan - Income Distribution cum Capital Withdrawal Option (IDCW),124.4147
2026-08-25,100644,SBI Healthcare Opportunities Fund - Regular Plan - Income Distribution cum Capital Withdrawal Option (IDCW),326.9593
2026-08-25,100645,SBI Consumption Opportunities Fund - Regular Plan - Income Distribution cum Capital Withdrawal Option (IDCW),175.0985
2026-08-25,100646,UTI - Unit Linked Insurance Plan,43.5388
2026-08-25,100650,UTI Large Cap Fund - Regular Plan - IDCW,52.976
2026-08-25,100651,UTI Large Cap Fund - Regular Plan - Growth Option,268.8405
2026-08-25,100663,UTI Large & Mid Cap Fund - Regular Plan - IDCW,91.6371
2026-08-25,100664,UTI Large & Mid Cap Fund - Regular Plan - Growth Option,188.1061
2026-08-25,100668,UTI Flexi Cap Fund - Regular Plan - IDCW,220.8718
2026-08-25,100669,UTI - Flexi Cap Fund-Growth Option,334.0791
2026-08-25,100678,UTI Children's Hybrid Fund - Regular Plan,40.8022
2026-08-25,100682,UTI Retirement Fund - Regular Plan,51.0201
2026-08-25,100684,UTI Aggressive Hybrid Fund - Regular Plan - Growth,412.0877
2026-08-25,100685,UTI Aggressive Hybrid Fund - Regular Plan - IDCW,40.4019
2026-08-25,100723,UTI MMF-Discontinued - Regular Plan -Growth,7669.0292
2026-08-25,100724,UTI MMF- Discontinued - Regular Plan - Flexi Dividend Option,4138.0902
2026-08-25,100725,UTI MMF- Discontinued - Regular Plan - Periodic Dividend Option,2643.5531
2026-08-25,100739,UTI MNC Fund - Regular Plan - IDCW,210.3086
2026-08-25,100740,UTI - MNC Fund - Regular Plan - Growth Option,407.9031
2026-08-25,100741,UTI Medium to Long Term Fund- Regular Plan - Growth,76.3122
2026-08-25,100742,UTI Medium to Long Term Fund - Regular Plan - Discontinued Quarterly IDCW,19.5997
2026-08-25,100784,Sundaram Banking and PSU Debt Fund Regular Plan - Growth,45.6860
2026-08-25,100786,Sundaram Corporate Bond Fund Regular Plan - Income Distribution cum Capital Withdrawal (IDCW ),19.0087
2026-08-25,100789,Sundaram Corporate Bond Fund Regular Plan- Growth,42.5090
2026-08-25,100793,Sundaram Banking and PSU Debt Fund Regular Plan - IDCW,11.5778
2026-08-25,100794,Sundaram Small Cap Fund Regular Plan - Income Distribution cum Capital Withdrawal (IDCW),35.9501
2026-08-25,100795,Sundaram Small Cap Fund Regular Plan - Growth,299.9251
2026-08-25,100806,UTI Healthcare Fund - Regular Plan - IDCW,262.8784
2026-08-25,100807,UTI Healthcare Fund - Regular Plan - Growth Option,340.1369
2026-08-25,100813,UTI Overnight Fund - Regular Plan - Periodic IDCW,1916.7816
2026-08-25,100814,UTI - Overnight  Fund - Regular Plan - Growth Option,3720.7124
2026-08-25,100820,UTI ELSS Tax Saver Fund - Regular Plan - IDCW,39.1417
2026-08-25,100821,UTI ELSS Tax Saver Fund - Regular Plan - Growth Option,204.8867
2026-08-25,100822,UTI Nifty 50 Index Fund - Regular Plan - Growth Option,168.7519
2026-08-25,100823,UTI Nifty 50 Index Fund - Regular Plan - IDCW,85.017
2026-08-25,100833,Kotak Liquid Fund - Regular  - Daily Reinvestment of Income Distribution cum capital withdrawal option,1281.4709
2026-08-25,100835,Kotak Liquid Fund - Regular Plan - Growth,5659.9815
2026-08-25,100837,Nippon India Liquid Fund - Retail Option - Growth Plan,6056.3513
2026-08-25,100838,NIPPON INDIA LIQUID FUND - RETAIL Plan - WEEKLY IDCW OPTION,1035.1022
2026-08-25,100842,NIPPON INDIA LIQUID FUND - RETAIL Plan - DAILY IDCW OPTION,1524.2800
2026-08-25,100843,NIPPON INDIA LIQUID FUND - RETAIL plan - MONTHLY IDCW OPTION,1326.4581
2026-08-25,100844,NIPPON INDIA LIQUID FUND - RETAIL Plan - QUARTERLY IDCW OPTION,1227.0137
2026-08-25,100851,Nippon India Liquid Fund -Growth Plan,6835.8048
2026-08-25,100852,NIPPON INDIA LIQUID FUND - DAILY IDCW OPTION,1528.7400
2026-08-25,100853,NIPPON INDIA LIQUID FUND - WEEKLY IDCW OPTION,1531.7123
2026-08-25,100855,NIPPON INDIA LIQUID FUND - MONTHLY IDCW OPTION,1583.8258
2026-08-25,100856,Nippon India Corporate Bond Fund - Growth Plan - Growth Option,63.7217
2026-08-25,100857,NIPPON INDIA CORPORATE BOND FUND - MONTHLY IDCW Option,11.6530
2026-08-25,100858,NIPPON INDIA CORPORATE BOND FUND - QUARTERLY IDCW Option,12.0727
2026-08-25,100859,Nippon India Corporate Bond Fund - Growth Plan - Bonus Option,45.5096
2026-08-25,100864,LIC MF ELSS Tax Saver Fund-Regular Plan-IDCW,31.2742
2026-08-25,100865,LIC MF ELSS Tax Saver Fund-Regular Plan-Growth,149.392
2026-08-25,100868,HDFC Liquid Fund - Growth Plan,5495.0843
2026-08-25,100874,HDFC Liquid Fund - IDCW Plan Weekly,1031.2257
2026-08-25,100875,HDFC Liquid Fund - IDCW Daily,1019.82
2026-08-25,100876,HDFC Liquid Fund - IDCW Monthly,1031.4059
2026-08-25,100900,HDFC Childrens Fund - Growth Plan,293.235
2026-08-25,100915,SBI Contra Fund - Regular Plan - Income Distribution cum Capital Withdrawal Option (IDCW),65.8908
2026-08-25,100927,SBI Conservative Hybrid Fund - Regular Plan - Monthly Income Distribution cum Capital Withdrawal Option (IDCW),21.4197
2026-08-25,100928,SBI Conservative Hybrid Fund - Regular Plan - Quarterly Income Distribution cum Capital Withdrawal Option (IDCW),22.1544
2026-08-25,100929,SBI Conservative Hybrid Fund - Regular Plan - Annual Income Distribution cum Capital Withdrawal Option (IDCW),27.0955
2026-08-25,100948,Franklin India Conservative Hybrid Fund - Growth,93.0839
2026-08-25,100949,Franklin India Conservative Hybrid Fund - Plan A - Monthly - IDCW,12.5767
2026-08-25,100950,Franklin India Conservative Hybrid Fund - Plan A - Quarterly - IDCW,11.7349
2026-08-25,100968,SBI Conservative Hybrid Fund - Regular Plan - Growth,76.8151
2026-08-25,100999,SBI Gilt Fund - Regular Plan - Income Distribution cum Capital Withdrawal Option (IDCW),21.0387
2026-08-25,101001,SBI GILT FUND - REGULAR PLAN - GROWTH,68.4194
2026-08-25,101002,SBI 10 YEAR CONSTANT MATURITY GILT FUND - REGULAR PLAN - GROWTH,66.7916
2026-08-25,101003,SBI 10 Year Constant Maturity Gilt Fund - Regular Plan - Income Distribution cum Capital Withdrawal Option (IDCW),21.7229
2026-08-25,101042,Tata Gilt Securities Fund -Regular Plan- Growth Option,80.5638
2026-08-25,101044,Franklin India Floating Rate Fund - IDCW,10.1577
2026-08-25,101048,Franklin India Floating Rate Fund - Growth Plan,43.6463
2026-08-25,101049,Tata Gilt Securities Fund - Regular Plan - Payout of IDCW Option,22.3330
2026-08-25,101065,quant Mid Cap Fund - Growth Option - Regular Plan,222.373
2026-08-25,101066,quant Mid Cap Fund - IDCW Option - Regular Plan,79.0543
2026-08-25,101069,quant Aggressive Hybrid Fund-IDCW Option - Regular Plan,64.5218
2026-08-25,101070,quant Aggressive Hybrid Fund - Growth Option - Regular Plan,467.7967
2026-08-25,101071,quant Multi Asset Allocation Fund - IDCW Option - Regular Plan,156.5353
2026-08-25,101072,quant Multi Asset Allocation Fund-GROWTH OPTION - Regular Plan,170.761
2026-08-25,101078,JM Liquid Fund (Regular) - Daily IDCW,10.4302
2026-08-25,101083,HDFC Gilt Fund - Growth Plan,57.4775
2026-08-25,101084,HDFC Gilt Fund - IDCW Plan,12.2789
2026-08-25,101127,ICICI Prudential Children's Fund - Regular Plan,330.03
2026-08-25,101143,ICICI Prudential Multi Asset Allocation Fund - IDCW,35.1976
2026-08-25,101144,ICICI Prudential Multi Asset Allocation Fund - Growth,827.0245
2026-08-25,101161,Nippon India Multi Cap Fund-Growth Plan-Growth Option,305.9687
2026-08-25,101162,Nippon India Multi Cap Fund-Growth Plan-Bonus Option,305.9687
2026-08-25,101163,NIPPON INDIA MULTI CAP FUND - IDCW Option,60.2732
2026-08-25,101165,ICICI Prudential Short Term Fund - Monthly IDCW,12.0954
2026-08-25,101169,SBI Children's Fund - Savings Plan - REGULAR PLAN - GROWTH,120.0715
2026-08-25,101181,JM Medium to Long Term Fund (Regular) - Bonus Option- Principal Units,26.4641
2026-08-25,101184,LIC MF Liquid Fund-Regular Plan-Daily IDCW,1000.1751
2026-08-25,101185,LIC MF Liquid Fund-Regular Plan-Growth,5063.0637
2026-08-25,101187,Baroda BNP Paribas GILT FUND - Regular Plan - Growth Option,44.0616
2026-08-25,101188,Baroda BNP Paribas GILT FUND - Regular Plan - IDCW Option,26.1528
2026-08-25,101198,LIC MF BSE Sensex Index Fund-Regular Plan-IDCW,49.8577
2026-08-25,101199,LIC MF BSE Sensex Index Fund-Regular Plan-Growth,145.4607
2026-08-25,101200,LIC MF Nifty 50 Index Fund-Regular Plan-IDCW,49.6462
2026-08-25,101201,LIC MF Nifty 50 Index Fund-Regular Plan-Growth,134.58
2026-08-25,101206,SBI OVERNIGHT FUND - REGULAR PLAN - GROWTH,4409.0647
2026-08-25,101209,Taurus Large Cap Fund - Regular Plan - Growth,168.52
2026-08-25,101222,Tata Aggressive Hybrid Fund- Regular Plan - Periodic Payout of IDCW Option,79.4637
2026-08-25,101228,ICICI Prudential Multi Cap Fund - Growth,876.63
2026-08-25,101262,Nippon India Power & Infra Fund-Growth Plan -Growth Option,387.1666
2026-08-25,101263,Nippon India Power & Infra Fund-Growth Plan-Bonus Option,387.1666
2026-08-25,101264,NIPPON INDIA POWER & INFRA FUND - IDCW Option,67.3248
2026-08-25,101271,LIC MF Children's Fund-Regular Plan-Growth,35.0148
2026-08-25,101281,HDFC BSE Sensex Index Fund - Growth Plan,724.6658
2026-08-25,101295,SBI ESG Exclusionary Strategy Fund - Regular Plan - Income Distribution cum Capital Withdrawal Option (IDCW),75.9117
2026-08-25,101303,DSP Short Term Fund - Regular Plan - Regular Plan - IDCW - Weekly,10.1607
2026-08-25,101304,DSP Short Term Fund - Regular Plan - Growth,49.2977
2026-08-25,101305,DSP Short Term Fund - Regular Plan - IDCW,12.3317
2026-08-25,101306,DSP Short Term Fund - IDCW - Monthly,11.6346
2026-08-25,101313,Aditya Birla Sun Life Nifty 50 Index Fund -REGULAR - IDCW,24.8298
2026-08-25,101314,Aditya Birla Sun Life Nifty 50 Index Fund - Growth - Regular Plan,247.9662
2026-08-25,101317,Aditya Birla Sun Life Ultra Short Term Fund - Growth - Regular Plan,589.3282
2026-08-25,101349,ICICI Prudential Nifty 50 Index Fund - Cumulative Option,246.6864
2026-08-25,101351,ICICI Prudential Dynamic Term Fund - Weekly IDCW,10.9428
2026-08-25,101356,Franklin India Money Market Fund Retail Option - Quarterly - IDCW,11.2321
2026-08-25,101357,Franklin India Money Market Fund - Growth Option,53.9565
2026-08-25,101373,Kotak Short Term Fund - Regular Plan- Growth,55.168
2026-08-25,101407,Baroda BNP Paribas LIQUID FUND-Defunct Plan- IDCW Option,3909.8843
2026-08-25,101408,Baroda BNP Paribas LIQUID FUND- Defunct Plan -Growth Option,4738.7577
2026-08-25,101491,Tata Childrens Fund -Regular Plan-Growth Option,56.2145
2026-08-25,101525,HDFC Nifty 50 Index Fund - Growth Plan,232.5764
2026-08-25,101530,SBI Large & Midcap Fund - Regular Plan - Income Distribution cum Capital Withdrawal Option (IDCW),296.0226
2026-08-25,101538,Sundaram Mid Cap Fund Regular Plan - Income Distribution cum Capital Withdrawal (IDCW),66.1106
2026-08-25,101539,Sundaram Mid Cap Fund Regular Plan - Growth,1531.8123
2026-08-25,101547,Tata Short Term Bond Fund- Regular Plan - Monthly Payout of IDCW Option,22.8064
2026-08-25,101548,Tata Short Term Bond Fund -Regular Plan- Growth Option,50.5008
2026-08-25,101549,JM Liquid Fund (Regular) - Bonus Option - Principal Units,24.4444
2026-08-25,101551,SBI Aggresive Hybrid Fund - Regular Plan - Income Distribution cum Capital Withdrawal Option (IDCW),67.9338
2026-08-25,101585,HDFC Equity Savings Fund - GROWTH PLAN,68.267
2026-08-25,101586,HDFC Equity Savings Fund - IDCW PLAN,12.464
2026-08-25,101587,CANARA ROBECO MEDIUM TO LONG TERM FUND - REGULAR PLAN - QUARTERLY IDCW (Payout/Reinvestment),14.6983
2026-08-25,101588,CANARA ROBECO MEDIUM TO LONG TERM FUND - REGULAR PLAN - GROWTH OPTION,57.1412
2026-08-25,101591,Aditya Birla Sun Life Midcap Fund -REGULAR - IDCW,60.7
2026-08-25,101592,Aditya Birla Sun Life MIDCAP Fund-Growth,870.39
2026-08-25,101593,HSBC Large Cap Fund - Regular IDCW,43.0579
2026-08-25,101594,HSBC Large Cap Fund - Regular Growth,486.0676
2026-08-25,101617,ICICI Prudential Ultra Short to Short Term Fund - Weekly IDCW,105.4635
2026-08-25,101618,ICICI Prudential Ultra Short to Short Term Fund - Daily IDCW,105.7358
2026-08-25,101619,ICICI Prudential Ultra Short to Short Term Fund - Growth,584.9239
2026-08-25,101635,DSP Large Cap Fund - Regular Plan - Growth,461.6490
2026-08-25,101636,DSP Large Cap Fund - Regular Plan - IDCW,23.5380
2026-08-25,101656,Franklin India Dynamic Asset Allocation Active Fund of Funds-Growth,168.1689
2026-08-25,101657,Franklin India Dynamic Asset Allocation Active Fund of funds - IDCW,40.5807
2026-08-25,101659,Tata Nifty 50 Index Fund -Regular Plan,152.1433
2026-08-25,101665,Nippon India Short Term Fund-Growth Plan,56.1946
2026-08-25,101667,NIPPON INDIA SHORT TERM FUND - MONTHLY IDCW Option,11.5349
2026-08-25,101669,NIPPON INDIA SHORT TERM FUND - QUARTERLY IDCW OPTION,14.9956
2026-08-25,101672,Tata Value Fund - Regular Plan -Growth Option,359.2636
2026-08-25,101685,HSBC Medium to Long Duration Fund - Regular Growth,43.7311
2026-08-25,101686,HSBC Medium to Long Duration Fund - Regular Quarterly IDCW,10.6587
2026-08-25,101705,ICICI Prudential BSE Sensex ETF,893.7284
2026-08-25,101706,ICICI Prudential Multi Cap Fund - IDCW,35.30
2026-08-25,101714,Tata Liquid Fund- Regular Plan - Daily Reinvestment of IDCW Option,1001.5157
2026-08-25,101737,Aditya Birla Sun Life Dividend Yield Fund -REGULAR - IDCW,25.96
2026-08-25,101738,Aditya Birla Sun Life Dividend Yield Fund - Growth - Regular Plan,464.55
2026-08-25,101746,Tata S&P BSE Sensex Index Fund -Regular Plan,195.9690
2026-08-25,101758,ICICI Prudential Short Term Fund - Growth Option,64.3841
2026-08-25,101762,HDFC Flexi Cap Fund - Growth Plan,2086.824
2026-08-25,101763,HDFC Flexi Cap Fund - IDCW Plan,75.409
2026-08-25,101764,HDFC Value Fund - Growth Plan,803.055
2026-08-25,101765,HDFC Value Fund - IDCW Plan,37.395
2026-08-25,101766,Tata Infrastructure Fund-Regular Plan- Growth Option,181.5428
2026-08-25,101802,ICICI Prudential Floating Interest Rates Fund - Growth,455.7555
2026-08-25,101804,ICICI Prudential Floating Interest Rates Fund - Daily IDCW,100.7735
2026-08-25,101805,JM Dynamic Term Fund (Regular) - IDCW,43.4824
2026-08-25,101806,JM Dynamic Term Fund (Regular) - Growth Option,43.3465
2026-08-25,101816,Aditya Birla Sun Life Conservative Hybrid Fund - REGULAR - MONTHLY IDCW,16.5436
2026-08-25,101818,Aditya Birla Sun Life Conservative Hybrid Fund - Growth / Payment - Regular Plan,70.6096
2026-08-25,101823,Tata Large & Mid Cap Fund Regular Plan - Payout of IDCW Option,74.6440
2026-08-25,101824,Tata Large & Mid Cap Fund- Regular Plan - Growth Option,503.1249
2026-08-25,101829,LIC MF Ultra Short to Short Term Fund-Regular Plan-Monthly IDCW,14.4599
2026-08-25,101830,LIC MF Ultra Short to Short Term Fund-Regular Plan-Growth,42.2843
2026-08-25,101833,Tata Ethical Fund- Regular Plan - Payout of IDCW Option,143.7767
2026-08-25,101834,UTI - Master Equity Plan Unit Scheme,226.1495
2026-08-25,101837,DSP Credit Risk Fund - Regular Plan -Growth,55.1230
2026-08-25,101838,DSP Credit Risk Fund - Regular Plan - IDCW - Weekly,11.1164
2026-08-25,101839,DSP Credit Risk Fund - Regular Plan - IDCW,12.6314
2026-08-25,101840,DSP Credit Risk Fund - Regular Plan - IDCW - Daily,11.1126
2026-08-25,101843,Aditya Birla Sun Life Short Term Fund - REGULAR - IDCW,15.1287
2026-08-25,101844,Aditya Birla Sun Life Short Term Fund - Growth - Regular Plan,50.6399
2026-08-25,101847,Tata Money Market Fund-Regular Plan - Growth Option,5079.4887
2026-08-25,101852,TATA Infrastructure Fund Regular Plan - Payout of IDCW Option,79.2529
2026-08-25,101853,Sundaram Value Fund Regular Plan - Growth,212.9692
2026-08-25,101862,Nippon India Banking & Financial Services Fund-Growth Plan-Growth Option,651.9136
2026-08-25,101863,Nippon India Banking & Financial Services Fund-Growth Plan-Bonus Option,651.9136
2026-08-25,101864,Nippon India Banking & Financial Services Fund - IDCW Option,69.1226
2026-08-25,101866,LIC MF Conservative Hybrid Fund-Regular Plan-Monthly IDCW,12.8536
2026-08-25,101867,LIC MF Conservative Hybrid Fund-Regular Plan-Quarterly IDCW,14.7625
2026-08-25,101868,LIC MF Conservative Hybrid Fund-Regular Plan-Yearly IDCW,12.0263
2026-08-25,101869,LIC MF Conservative Hybrid Fund-Regular Plan-Growth,85.0804
2026-08-25,101872,HDFC Dynamic Term Fund - Growth Option,93.6517
2026-08-25,101873,HDFC Dynamic Term Fund - Quarterly IDCW Option,12.813
2026-08-25,101874,HDFC Dynamic Term Fund - Half Yearly IDCW Option,12.0053
2026-08-25,101875,HDFC Dynamic Term Fund - Yearly IDCW Option,13.8613
2026-08-25,101892,Kotak Money market Fund - (Monthly Payout of Income Distribution cum capital withdrawal option),1054.6827
2026-08-25,101893,Kotak Money Market Fund - (Growth),4830.1124
2026-08-25,101922,CANARA ROBECO FLEXI CAP FUND - REGULAR PLAN - GROWTH OPTION,349.8500
2026-08-25,101923,CANARA ROBECO FLEXI CAP FUND - REGULAR PLAN - IDCW (Payout/Reinvestment),60.9200
2026-08-25,101932,SBI GILT FUND -  GROWTH - PF (Regular) Option,43.9339
2026-08-25,101934,SBI GILT FUND -  GROWTH - PF (Fixed Period - 3 Yrs) Option,41.0390
2026-08-25,101950,SBI Gilt Fund - Income Distribution cum Capital Withdrawal Option (IDCW) - PF (Fixed Period - 1 Yr),21.1373
2026-08-25,101951,SBI Gilt Fund - Income Distribution cum Capital Withdrawal Option (IDCW) - PF (Fixed Period - 2 Yrs),21.3909
2026-08-25,101952,SBI Gilt Fund - Income Distribution cum Capital Withdrawal Option (IDCW) - PF (Fixed Period - 3 Yrs),20.7402
2026-08-25,101973,Aditya Birla Sun Life Money Market Fund - Daily IDCW,100.02
2026-08-25,101974,Aditya Birla Sun Life Money Market Fund - WEEKLY IDCW,100.1916
2026-08-25,101976,Aditya Birla Sun Life Money Market Fund - Growth,398.1003
2026-08-25,101979,HDFC ELSS - Tax Saver Fund - Growth Plan,1395.029
2026-08-25,101980,HDFC ELSS - Tax Saver Fund - IDCW Plan,67.705
2026-08-25,101986,Tata Money Market Fund- Regular Plan - Daily Reinvestment of IDCW Option,1114.5200
2026-08-25,101989,HDFC Medium Term Fund - Growth Option,60.3213
2026-08-25,101990,HDFC Medium Term Fund - Fornightly IDCW Option,10.0926
2026-08-25,101993,HDFC Money Market Fund - Growth Option,6146.5003
2026-08-25,101994,HDFC Money Market Fund - Daily IDCW Option,1063.64
2026-08-25,101995,HDFC Money Market Fund - Weekly IDCW Option,1063.013
2026-08-25,101996,HDFC Overnight Fund - Growth Option,4031.8029
2026-08-25,101997,HDFC Overnight Fund - IDCW Option (Daily),1042.66
2026-08-25,102000,HDFC Large Cap Fund - Growth Option - Regular Plan,1148.226
2026-08-25,102001,HDFC Large Cap Fund - IDCW Option - Regular Plan,52.584
2026-08-25,102007,UTI Liquid Fund - Discontinued -Regular Plan Periodic Dividend Option,113.5802
2026-08-25,102008,UTI Liquid Fund - Discontinued - Regular Plan - Monthly Dividend Option,106.7588
2026-08-25,102009,UTI Liquid Fund - Discontinued - Regular Plan -Growth,417.0885
2026-08-25,102010,UTI Liquid Fund - Regular Plan - Daily IDCW (Reinvestment),120.9906
2026-08-25,102011,UTI Liquid Fund - Regular Plan - Monthly IDCW,112.8641
2026-08-25,102012,UTI Liquid Fund - Regular Plan - Growth Option,459.632
2026-08-25,102013,UTI Liquid Fund - Regular Plan - Weekly IDCW,105.3883
2026-08-25,102020,Baroda BNP Paribas MULTI CAP FUND - Regular Plan - Growth Option,301.7184
2026-08-25,102021,Baroda BNP Paribas MULTI CAP FUND - Regular Plan - IDCW Option,52.7458
2026-08-25,102036,Tata Large Cap Fund- Regular Plan - Payout of IDCW Option,103.5014
2026-08-25,102053,SBI MEDIUM TERM FUND - REGULAR PLAN - GROWTH,54.9003
2026-08-25,102054,SBI Medium Term Fund - Regular Plan - Income Distribution cum Capital Withdrawal Option (IDCW),21.2809
2026-08-25,102133,ICICI Prudential Multi Sector Passive FOF - Growth,170.7075
2026-08-25,102134,ICICI Prudential Multi Sector Passive FOF - IDCW,133.0026
2026-08-25,102135,ICICI Prudential Aggressive Hybrid Active FOF - Growth,229.5593
2026-08-25,102136,ICICI Prudential Aggressive Hybrid Active FOF - IDCW,177.9516
2026-08-25,102137,ICICI Prudential Dynamic Asset Allocation Active FOF - Growth,126.1033
2026-08-25,102138,ICICI Prudential Dynamic Asset Allocation Active FOF - IDCW,96.9096
2026-08-25,102139,ICICI Prudential Income Plus Arbitrage Omni FOF - Growth,66.9250
2026-08-25,102140,ICICI Prudential Income plus Arbitrage Omni FOF - IDCW,51.3542
2026-08-25,102141,ICICI Prudential Diversified Debt Strategy Active FOF - Growth,47.9368
2026-08-25,102142,Sundaram Consumption Fund(Formerly Known as Sundaram Rural and Consumption Fund Regular Plan - Growth),98.8581
2026-08-25,102143,ICICI Prudential Diversified Debt Strategy Active FOF - IDCW,41.8133
2026-08-25,102147,HDFC Conservative Hybrid Fund - Growth Plan,83.9918
2026-08-25,102148,HDFC Conservative Hybrid Fund - IDCW Monthly,13.3977
2026-08-25,102149,HDFC Conservative Hybrid Fund - IDCW Quarterly,14.1981
2026-08-25,102172,Nippon India Conservative Hybrid  Fund-Growth Plan,62.2986
2026-08-25,102173,NIPPON INDIA CONSERVATIVE HYBRID  FUND - MONTHLY IDCW Option,11.2668
2026-08-25,102174,NIPPON INDIA CONSERVATIVE HYBRID  FUND - QUARTERLY IDCW Option,12.3824
2026-08-25,102205,SBI Dynamic Term Fund - REGULAR PLAN - Growth,37.5149
2026-08-25,102206,SBI Dynamic Term Fund - Regular Plan - Income Distribution cum Capital Withdrawal Option (IDCW),19.6674
2026-08-25,102251,HSBC Flexi Cap Fund - Regular IDCW,44.5372
2026-08-25,102252,HSBC Flexi Cap Fund - Regular Growth,238.3126
2026-08-25,102260,HSBC Conservative Hybrid Fund - Regular Monthly IDCW,12.8802
2026-08-25,102261,HSBC Conservative Hybrid Fund - Regular Quarterly IDCW,16.9806
2026-08-25,102262,HSBC Conservative Hybrid Fund - Regular Growth,63.7915
2026-08-25,102266,UTI Children's Equity Fund - Regular Plan - IDCW,82.241
2026-08-25,102267,UTI Children's Equity Fund - Regular Plan - Growth Option,82.2359
2026-08-25,102272,SBI NIFTY INDEX FUND - REGULAR PLAN - GROWTH,216.5568
2026-08-25,102273,SBI Nifty Index Fund - Regular Plan - Income Distribution cum Capital Withdrawal Option (IDCW),111.1064
2026-08-25,102326,Tata Mid Cap Fund-Regular Plan - IDCW Option,125.3137
2026-08-25,102328,Tata Mid Cap Fund Regular Plan- Growth Option,472.7779
2026-08-25,102330,ICICI Prudential Conservative Hybrid Fund - Plan - Growth,79.3723
2026-08-25,102331,ICICI Prudential Conservative Hybrid Fund - Plan - Monthly IDCW,13.7501
2026-08-25,102393,UTI Mid Cap Fund - Regular Plan - IDCW,152.2536
2026-08-25,102394,UTI Mid Cap Fund-Growth Option,321.7471
2026-08-25,102395,UTI Infrastructure Fund-Growth Option,146.5502
2026-08-25,102396,UTI Infrastructure Fund - Regular Plan - IDCW,76.5935
2026-08-25,102397,UTI Transportation and Logistics Fund - Regular Plan - IDCW,142.2535
2026-08-25,102398,UTI-Transportation and Logistics  Fund-Growth Option,308.5027
2026-08-25,102401,UTI Banking and Financial Services Fund - Regular Plan - Growth Option,197.9402
2026-08-25,102402,UTI Banking and Financial Services Fund - Regular Plan - IDCW,77.0373
2026-08-25,102414,SBI CONTRA FUND - REGULAR PLAN -GROWTH,379.9810
2026-08-25,102428,Tata Value Fund Regular Plan - Payout of IDCW-Option B(10%),120.2548
2026-08-25,102431,Nippon India Pharma Fund-Growth Plan-Growth Option,573.0950
2026-08-25,102432,Nippon India Pharma Fund-Growth Plan-Bonus Option,573.0950
2026-08-25,102433,NIPPON INDIA PHARMA FUND - IDCW Option,123.7565
2026-08-25,102434,DSP India T.I.G.E.R. Fund - Regular Plan - Growth,365.0230
2026-08-25,102435,DSP India T.I.G.E.R. Fund - Regular Plan - IDCW,31.6370
2026-08-25,102442,Franklin India Liquid Fund - Institutional Plan - Weekly - IDCW,1055.0711
2026-08-25,102443,Franklin India Liquid Fund - Institutional Plan - Daily - IDCW,1000.0000
2026-08-25,102448,DSP Conservative Hybrid Fund- Regular Plan - Growth,61.1594
2026-08-25,102450,DSP Conservative Hybrid Fund - Regular Plan - IDCW - Monthly,10.9891
2026-08-25,102451,DSP Conservative Hybrid Fund - Regular Plan - IDCW - Quarterly,11.3181
2026-08-25,102452,HDFC Ultra Short to Short Term Fund - Growth,61.6715
2026-08-25,102453,HDFC Ultra Short to Short Term Fund - Weekly IDCW,10.0596
2026-08-25,102503,SBI Money Market Fund - Regular Plan - Growth,44.3932
2026-08-25,102504,SBI Money Market Fund - Regular Plan - Income Distribution cum Capital Withdrawal Option (IDCW),17.5044
2026-08-25,102505,SBI CREDIT RISK FUND - REGULAR PLAN - GROWTH,49.7088
2026-08-25,102506,SBI Credit Risk Fund - Regular Plan - Income Distribution cum Capital Withdrawal Option (IDCW),22.4726
2026-08-25,102509,UTI Gilt Fund - Regular Plan - IDCW,39.5384
2026-08-25,102510,UTI - GILT FUND - Regular Plan - Growth Option,65.9526
2026-08-25,102511,UTI - GILT FUND -Discontinued PF Plan -Dividend Option,26.9906
2026-08-25,102512,UTI - GILT FUND - Discontinued PF Plan - Growth Option,49.0379
2026-08-25,102514,UTI - GILT FUND - Discontinued PF Plan Prescribed Date Auto Redemption Option,49.0652
2026-08-25,102528,ICICI Prudential Mid Cap Fund - Growth,351.09
2026-08-25,102529,ICICI Prudential Mid Cap Fund - IDCW,45.50
2026-08-25,102531,UTI Ultra Short Term Fund - Regular Plan - Weekly IDCW (Reinvestment),1434.463
2026-08-25,102532,UTI Ultra Short Term Fund - Regular Plan - Growth Option,4532.7276
2026-08-25,102533,UTI Conservative Hybrd Fund - Regular Plan - Monthly Payment Option,71.1718
2026-08-25,102534,UTI Conservative Hybrid Fund - Regular Plan - Flexi IDCW,44.9946
2026-08-25,102535,UTI Conservative Hybrid Fund - Regular Plan - Growth Option,71.1353
2026-08-25,102536,UTI Conservative Hybrid Fund - Regular Plan - Monthly IDCW,16.9445
2026-08-25,102538,UTI Ultra Short to Short Term Fund - Discontinued - Annaul Dividend Option,3619.0133
2026-08-25,102539,UTI Ultra Short to Short Term Fund - Discontinued Bonus Option,4489.6939
2026-08-25,102540,UTI Ultra Short to Short Term Fund - Discontinued Growth Option,6735.3043
2026-08-25,102541,UTI Ultra Short to Short Term Fund - Discontinued - Quarterly Dividend Option,2381.5169
2026-08-25,102544,UTI Ultra Short to Short Term Fund - Regular Plan - Growth Option,3808.1573
2026-08-25,102545,UTI Ultra Short to Short Term Fund - Regular Plan - Bonus Option,3182.8092
2026-08-25,102573,Kotak Multi Asset Omni FOF - Payout of Income Distribution cum capital withdrawal option,257.149
2026-08-25,102574,Kotak Multi Asset Omni FOF - Growth- Regular,264.176
2026-08-25,102591,Kotak Ultra Short Term Fund -Growth,45.872
2026-08-25,102592,Kotak Ultra Short Term Fund -Monthly Payout of Income Distribution cum capital withdrawal option,10.726
2026-08-25,102594,ICICI Prudential Value Fund (erstwhile Value Discovery Fund) - Growth,463.86
2026-08-25,102595,ICICI Prudential Value Fund (erstwhile Value Discovery Fund) - IDCW,35.09
2026-08-25,102672,Tata Liquid Fund -Regular Plan - Growth Option,4411.3059
2026-08-25,102673,Nippon India Floating Interest Rates  Fund - Growth Plan-Growth Option,48.2023
2026-08-25,102675,NIPPON INDIA FLOATING INTEREST RATES  FUND - MONTHLY IDCW Option,11.1086
2026-08-25,102676,NIPPON INDIA FLOATING INTEREST RATES FUND - DAILY IDCW REINVESTMENT Option,10.2312
2026-08-25,102677,NIPPON INDIA FLOATING INTEREST RATES  FUND - WEEKLY IDCW Option,10.2392
2026-08-25,102741,ICICI Prudential Medium Term Fund - Growth,48.5896
2026-08-25,102751,Nippon India Consumption Fund-Growth Plan-Growth Option,199.0874
2026-08-25,102752,Nippon India Consumption Fund-Growth Plan-Bonus Option,199.0874
2026-08-25,102753,NIPPON INDIA CONSUMPTION FUND - IDCW Option,35.9801
2026-08-25,102756,SBI FOCUSED FUND - REGULAR PLAN -GROWTH,407.9008
2026-08-25,102760,HDFC Focused Fund - GROWTH PLAN,236.721
2026-08-25,102761,HDFC Focused Fund - IDCW PLAN,24.068
2026-08-25,102765,SBI Focused Fund - Regular Plan - Income Distribution cum Capital Withdrawal Option (IDCW),74.6086
2026-08-25,102766,Aditya Birla Sun Life Dynamic Term Fund -Regular - Quarterly IDCW,10.7946
2026-08-25,102767,Aditya Birla Sun Life Dynamic Term Fund - Growth - Regular Plan,49.0377
2026-08-25,102823,SBI HEALTHCARE OPPORTUNITIES FUND - REGULAR PLAN -GROWTH,519.0265
2026-08-25,102846,Nippon India Balanced Advantage Fund-Growth Plan-Growth Option,185.8030
2026-08-25,102847,Nippon India Balanced Advantage Fund-Growth Plan-Bonus Option,185.8030
2026-08-25,102848,NIPPON INDIA BALANCED ADVANTAGE FUND - IDCW Option,31.8780
2026-08-25,102849,Nippon India Dynamic Term Fund-Growth Plan-Growth Option,39.4243
2026-08-25,102851,NIPPON INDIA DYNAMIC TERM FUND - IDCW Option,26.5176
2026-08-25,102860,SBI Money Market Fund - Regular Plan Weekly Income Distribution cum Capital Withdrawal Option (IDCW),16.2112
2026-08-25,102874,Kotak-Small Cap Fund - Payout of Income Distribution cum capital withdrawal option,120.974
2026-08-25,102875,Kotak-Small Cap Fund - Growth,277.294
2026-08-25,102883,Franklin India Large & Mid Cap Fund - Growth Plan,197.3455
2026-08-25,102884,Franklin India Large & Mid Cap Fund - IDCW,20.4747
2026-08-25,102885,SBI AGGRESIVE HYBRID FUND - REGULAR PLAN -Growth,320.5852
2026-08-25,102913,CANARA ROBECO ULTRA SHORT TO SHORT TERM FUND - REGULAR PLAN - GROWTH OPTION,45.1599
2026-08-25,102914,CANARA ROBECO ULTRA SHORT TO SHORT TERM FUND - REGULAR PLAN - IDCW (Payout/Reinvestment),37.6253
2026-08-25,102915,CANARA ROBECO ULTRA SHORT TO SHORT TERM FUND - REGULAR PLAN - WEEKLY IDCW (Payout/Reinvestment),10.2624
2026-08-25,102920,CANARA ROBECO LARGE AND MID CAP FUND - REGULAR PLAN - GROWTH OPTION,262.9800
2026-08-25,102921,CANARA ROBECO LARGE AND MID CAP FUND - REGULAR PLAN - IDCW (Payout/Reinvestment),85.4200
2026-08-25,102941,SBI MIDCAP FUND - REGULAR PLAN - GROWTH,244.1981
2026-08-25,102942,SBI Midcap Fund - Regular Plan - Income Distribution cum Capital Withdrawal Option (IDCW),99.7827
2026-08-25,102947,HDFC Aggressive Hybrid Fund - IDCW Plan,15.306
2026-08-25,102948,HDFC Aggressive Hybrid Fund - Growth Plan,114.956
2026-08-25,103024,SBI LARGE & MIDCAP FUND- REGULAR PLAN -Growth,655.2272
2026-08-25,103025,UTI Dividend Yield Fund - Regular Plan - IDCW,33.4752
2026-08-25,103026,UTI-Dividend Yield Fund.-Growth,177.8572
2026-08-25,103034,SBI MNC FUND - REGULAR PLAN -GROWTH,415.6348
2026-08-25,103039,Kotak Contra Fund - Regular Plan - IDCW - Payout & Re-investment of Income Distribution cum capital withdrawal option,53.778
2026-08-25,103040,Kotak Contra Fund - Regular Plan - Growth,156.016
2026-08-25,103048,Nippon India Money Market Fund-Growth Plan-Growth Option,4463.8886
2026-08-25,103050,NIPPON INDIA MONEY MARKET FUND - DAILY IDCW Option,1006.4393
2026-08-25,103051,NIPPON INDIA MONEY MARKET FUND - WEEKLY IDCW Option,1008.0017
2026-08-25,103052,NIPPON INDIA MONEY MARKET FUND - MONTHLY IDCW Option,1029.6702
2026-08-25,103085,Nippon India Value Fund- Growth Plan,227.2128
2026-08-25,103086,NIPPON INDIA VALUE FUND - IDCW Option,42.1825
2026-08-25,103097,UTI Value Fund - Regular Plan - IDCW,49.0247
2026-08-25,103098,UTI Value Fund - Regular Plan - Growth Option,168.223
2026-08-25,103110,Aditya Birla Sun Life Consumption Fund -Regular - IDCW,36.82
2026-08-25,103111,Aditya Birla Sun Life Consumption Fund-Growth Option,212.2
2026-08-25,103114,SBI MNC Fund - Regular Plan - Income Distribution cum Capital Withdrawal Option (IDCW),126.9731
2026-08-25,103130,HDFC Multi Asset Allocation Fund - IDCW Option,17.39
2026-08-25,103131,HDFC Multi Asset Allocation Fund - Growth Option,76.412
2026-08-25,103140,SBI Overnight Fund - Regular Plan - Weekly Income Distribution cum Capital Withdrawal Option (IDCW),1410.0028
2026-08-25,103145,SBI COMMA Fund - REGULAR PLAN - Growth,117.9353
2026-08-25,103146,SBI Comma Fund - Regular Plan - Income Distribution cum Capital Withdrawal Option (IDCW),66.9411
2026-08-25,103149,ICICI Prudential Infrastructure Fund - Growth,204.85
2026-08-25,103150,ICICI Prudential Infrastructure Fund - IDCW,28.84
2026-08-25,103151,Franklin India Opportunities Fund - Growth,267.7895
2026-08-25,103154,Aditya Birla Sun Life Aggressive Hybrid Fund -Regular - IDCW,172.23
2026-08-25,103155,Aditya Birla Sun Life Aggressive Hybrid Fund - Regular Plan-Growth,1571.61
2026-08-25,103158,Tata Treasury Advantage Fund Regular Plan - Weekly Payout of IDCW Option,1008.0658
2026-08-25,103159,Tata Treasury Advantage Fund - Regular Plan - Growth Option,4211.1386
2026-08-25,103160,Tata Treasury Advantage Fund Regular Plan - Daily Reinvestment of IDCW Option,1003.5288
2026-08-25,103164,Aditya Birla Sun Life ELSS Tax Saver Fund-Regular - IDCW,192.27
2026-08-25,103165,Aditya Birla Sun Life Flexi Cap Fund -Regular - IDCW,170.97
2026-08-25,103166,Aditya Birla Sun Life Flexi Cap Fund - Growth - Regular Plan,1984.55
2026-08-25,103167,Aditya Birla Sun Life Digital India Fund -Regular - IDCW,37.1
2026-08-25,103168,Aditya Birla Sun Life Digital India Fund - Growth - Regular Plan,160.76
2026-08-25,103173,Aditya Birla Sun Life Large Cap Fund-Regular - IDCW,39.33
2026-08-25,103174,Aditya Birla Sun Life Large Cap Fund-Growth,528.39
2026-08-25,103178,Aditya Birla Sun Life Corporate Bond Fund - Growth - Regular Plan,119.5612
2026-08-25,103183,Aditya Birla Sun Life Corporate Bond Fund -REGULAR - MONTHLY IDCW,12.6009
2026-08-25,103192,Aditya Birla Sun Life Ultra Short to Short Term Fund -Regular- Growth Plan,698.8756
2026-08-25,103193,Aditya Birla Sun Life Ultra Short to Short Term Fund -REGULAR - WEEKLY IDCW,100.5299
2026-08-25,103196,Nippon India ELSS Tax Saver Fund-Growth Plan-Growth Option,131.6391
2026-08-25,103197,NIPPON INDIA ELSS TAX SAVER FUND - IDCW Option,34.1927
2026-08-25,103215,SBI Flexicap Fund - REGULAR PLAN -Growth Option,110.1997
2026-08-25,103216,SBI Flexicap Fund - Regular Plan - Income Distribution cum Capital Withdrawal Option (IDCW),49.3449
2026-08-25,103225,quant Liquid Fund - Growth Option - Regular Plan,44.0374
2026-08-25,103226,quant Liquid Fund-Daily IDCW Option - Regular Plan,12.6187
2026-08-25,103227,quant Liquid Fund - Weekly IDCW Option - Regular Plan,14.508
2026-08-25,103228,quant Liquid Fund - Monthly IDCW Option - Regular Plan,15.1462
2026-08-25,103233,Kotak Large & Mid Cap Fund - IDCW-Regular,62.296
2026-08-25,103234,Kotak Large & Mid Cap Fund - Growth-Regular,357.075
2026-08-25,103308,Aditya Birla Sun Life Focused Fund -Regular - IDCW,23.8384
2026-08-25,103309,Aditya Birla Sun Life Focused Fund -Growth Option,150.1717
2026-08-25,103312,ICICI Prudential Exports & Services Fund - Growth,173.85
2026-08-25,103313,ICICI Prudential Exports & Services Fund - IDCW,39.19
2026-08-25,103338,Kotak ELSS Tax Saver Fund-Payout of Income Distribution cum capital withdrawal option,44.572
2026-08-25,103339,Kotak ELSS Tax Saver Fund-Growth,119.099
2026-08-25,103340,ICICI Prudential Liquid Fund - Growth,414.5351
2026-08-25,103342,ICICI Prudential Liquid Fund - Weekly IDCW,100.1769
2026-08-25,103343,ICICI Prudential Liquid Fund - Daily IDCW,100.1482
2026-08-25,103347,DSP Liquid Fund - Regular Plan - Growth,4000.8140
2026-08-25,103348,DSP Liquid Fund - Regular Plan - IDCW - Weekly,1002.2836
2026-08-25,103349,DSP Liquid Fund- Regular Plan - IDCW - Daily,1001.4663
2026-08-25,103360,Franklin India Small Cap Fund-Growth,180.8243
2026-08-25,103361,Franklin India Small Cap Fund - IDCW,45.2017
2026-08-25,103389,CANARA ROBECO INFRASTRUCTURE FUND - REGULAR PLAN - IDCW (Payout/Reinvestment),65.2000
2026-08-25,103390,CANARA ROBECO INFRASTRUCTURE FUND - REGULAR PLAN - GROWTH OPTION,169.8500
2026-08-25,103400,SBI Multi Asset Allocation Fund - Regular Plan - Monthly Income Distribution cum Capital Withdrawal Option (IDCW),30.2471
2026-08-25,103401,SBI Multi Asset Allocation Fund - Regular Plan - Quarterly Income Distribution cum Capital Withdrawal Option (IDCW),30.2176
2026-08-25,103408,SBI MULTI ASSET ALLOCATION FUND - REGULAR PLAN - GROWTH,67.6426
2026-08-25,103409,SBI Multi Asset Allocation Fund - Regular Plan - Annual Income Distribution cum Capital Withdrawal Option (IDCW),38.2507
2026-08-25,103475,Aditya Birla Sun Life Infrastructure Fund -  Regular - IDCW,30.06
2026-08-25,103476,Aditya Birla Sun Life Infrastructure Fund-Growth,109.47
2026-08-25,103490,Quantum Value Fund - Direct Plan Growth Option,126.11
2026-08-25,103491,Quantum Value Fund - Direct Plan IDCW,126.37
2026-08-25,103504,SBI Large Cap FUND-REGULAR PLAN GROWTH,94.2969
2026-08-25,103616,SBI Large Cap Fund - Regular Plan - Income Distribution cum Capital Withdrawal Option (IDCW),53.6440
2026-08-25,103633,ICICI Prudential Money Market Fund Option - Growth,408.1445
2026-08-25,103634,ICICI Prudential Money Market Fund Option - Daily IDCW,100.1295
2026-08-25,103635,ICICI Prudential Money Market Fund Option - Weekly IDCW,100.7522
2026-08-25,103678,Franklin India Dividend Yield Fund-Growth Plan,136.7793
2026-08-25,103679,Franklin India Dividend Yield Fund - IDCW,23.7359
2026-08-25,103734,Quantum Liquid Fund - Direct Plan Growth Option,37.6251
2026-08-25,103735,Quantum Liquid Fund - Direct Plan Monthly IDCW,10.0165
2026-08-25,103736,Quantum Liquid Fund - Direct Plan Daily IDCW,10.0124
2026-08-25,103743,Sundaram Consumption Fund (Formerly Known as Sundaram Rural and Consumption Fund Regular Plan - Income Distribution cum Capital Withdrawal (IDCW),25.8374
2026-08-25,103780,JM Arbitrage Fund (Regular) - Growth Option,34.7113
2026-08-25,103781,JM Arbitrage Fund (Regular) - IDCW,16.1108
2026-08-25,103819,DSP Large & Mid Cap Fund - Regular Plan - Growth,626.1970
2026-08-25,103820,DSP Large & Mid Cap Fund - Regular Plan - IDCW,36.6440
2026-08-25,103883,SBI ELSS Tax Saver Fund - Regular Plan - Income Distribution cum Capital Withdrawal Option (IDCW),88.2952
2026-08-25,103884,SBI Ultra Short Term Fund - Regular Plan - Weekly Income Distribution cum Capital Withdrawal Option (IDCW),1265.8516
2026-08-25,103885,Aditya Birla Sun Life Liquid Fund -Regular - IDCW,104.672
2026-08-25,104074,UTI Arbitrage Fund - Regular Plan - IDCW,21.172
2026-08-25,104075,UTI Arbitrage Fund - Regular Plan - Growth Option,37.4774
2026-08-25,104138,DSP Ultra Short Term Fund - Regular Plan - Growth,3639.6839
2026-08-25,104139,DSP Ultra Short Term Fund - Regular Plan - IDCW - Weekly Reinvest,1005.8596
2026-08-25,104140,DSP Ultra Short Term Fund - Regular Plan - IDCW - Daily Reinvest,1005.4914
2026-08-25,104457,SBI Arbitrage Fund - Regular Plan - Gr,36.1563
2026-08-25,104458,SBI Arbitrage Fund - Regular Plan - Income Distribution cum Capital Withdrawal Option (IDCW),19.0143
2026-08-25,104481,DSP Midcap Fund - Regular Plan - Growth,158.7060
2026-08-25,104482,DSP Midcap Fund - Regular Plan - IDCW,30.2290
2026-08-25,104484,Invesco India Liquid Fund - Daily IDCW (Reinvestment),1002.7594
2026-08-25,104485,Invesco India Liquid Fund - Weekly IDCW (Reinvestment),1018.773
2026-08-25,104486,Invesco India Liquid Fund - Growth,3850.8493
2026-08-25,104488,Invesco India Liquid Fund - Regular - Growth,3390.3459
2026-08-25,104489,Invesco India Liquid Fund - Regular - Weekly IDCW (Reinvestment),1004.2678
2026-08-25,104492,Invesco India Liquid Fund - Monthly IDCW (Payout / Reinvestment),1007.688
2026-08-25,104513,quant Large & Mid Cap Fund - Growth Option,126.0905
2026-08-25,104514,quant Large & Mid Cap Fund - IDCW Option - Regular Plan,76.9655
2026-08-25,104523,SBI ESG Exclusionary Strategy Fund - Regular Plan - Growth,242.7273
2026-08-25,104559,CANARA ROBECO ULTRA SHORT TO SHORT TERM FUND - REGULAR PLAN - DAILY IDCW (Reinvestment),10.2600
2026-08-25,104635,Invesco India ELSS Tax Saver Fund - Regular Plan - IDCW Payout,25.23
2026-08-25,104636,Invesco India ELSS Tax Saver Fund - Regular Plan - Growth,128.93
2026-08-25,104637,Nippon India Focused Fund -Growth Plan -Growth Option,124.9522
2026-08-25,104638,NIPPON INDIA FOCUSED  FUND - IDCW OPTION,33.4521
2026-08-25,104681,ICICI Prudential Arbitrage Fund - IDCW,15.4534
2026-08-25,104683,ICICI Prudential Arbitrage Fund - Growth,36.6907
2026-08-25,104685,ICICI Prudential Balanced Advantage Fund - Growth,80.18
2026-08-25,104686,ICICI Prudential Balanced Advantage Fund - IDCW,18.71
2026-08-25,104722,Invesco India Ultra Short to Short Term Fund - Regular - Weekly IDCW (Reinvestment),1444.6539
2026-08-25,104723,Invesco India Ultra Short to Short Term Fund - Regular - Monthly IDCW (Reinvestment),1443.206
2026-08-25,104725,Invesco India Ultra Short to Short Term Fund - Weekly IDCW (Payout / Reinvestment),1352.329
2026-08-25,104726,Invesco India Ultra Short to Short Term Fund - Growth,4045.3754
2026-08-25,104728,Invesco India Ultra Short to Short Term Fund - Regular - Growth,3577.8671
2026-08-25,104729,Invesco India Ultra Short to Short Term Fund - Monthly IDCW (Payout / Reinvestment),1474.3194
2026-08-25,104772,DSP ELSS Tax Saver Fund - Regular Plan - Growth,140.0500
2026-08-25,104773,DSP ELSS Tax Saver Fund - Regular Plan - IDCW,21.6940
2026-08-25,104907,Kotak Mid Cap Fund - Regular Plan - IDCW -Payout & Re-investment of Income Distribution cum capital withdrawal option,81.463
2026-08-25,104908,Kotak Mid Cap Fund - Regular Plan - Growth,148.322
2026-08-25,105000,Sundaram Large and Midcap Regular Plan - Income Distribution cum Capital Withdrawal (IDCW),32.2728
2026-08-25,105001,Sundaram Large and Midcap Fund Regular Plan - Growth,95.6240
2026-08-25,105024,Invesco India Ultra Short to Short Term Fund - Regular Daily IDCW (Reinvestment),1779.5252
2026-08-25,105025,Invesco India Ultra Short to Short Term Fund - Daily IDCW (Reinvestment),1017.7396
2026-08-25,105067,Franklin India INDEX FUND- NSE NIFTY 50 INDEX FUND - IDCW,170.7229
2026-08-25,105080,SBI Ultra Short Term Fund - Regular Plan - Daily Income Distribution cum Capital Withdrawal Option (IDCW),2413.1734
2026-08-25,105185,Invesco India Short Term Fund - Regular Plan - Growth,3771.5223
2026-08-25,105187,Invesco India Short Term Fund - Plan B - Monthly IDCW (Payout / Reinvestment),2456.843
2026-08-25,105189,Invesco India Short Term Fund - Plan B - Growth,3746.4058
2026-08-25,105190,Invesco India Short Term Fund - Regular Plan - Weekly IDCW (Reinvestment),1015.9255
2026-08-25,105191,Invesco India Short Term Fund - Regular Plan - Monthly IDCW (Payout / Reinvestment),1049.3058
2026-08-25,105192,Invesco India Short Term Fund - Plan B - Weekly IDCW (Reinvestment),1012.4008
2026-08-25,105274,SBI Liquid Fund - Institutional - Growth,4418.5458
2026-08-25,105275,SBI Liquid Fund - Institutional Daily Income Distribution cum Capital Withdrawal Option (IDCW),1419.5195
2026-08-25,105280,SBI Liquid Fund - REGULAR PLAN -Growth,4377.1621
2026-08-25,105281,SBI Liquid Fund - Regular Plan - Daily Income Distribution cum Capital Withdrawal Option (IDCW),1140.7391
2026-08-25,105282,SBI Liquid Fund - Regular Plan - Weekly Income Distribution cum Capital Withdrawal Option (IDCW),1379.5755
2026-08-25,105283,SBI Liquid Fund - Regular Plan - Fortnightly Income Distribution cum Capital Withdrawal Option (IDCW),1436.5027
2026-08-25,105417,Taurus Infrastructure Fund - Regular Plan - Growth,63.82
2026-08-25,105418,Taurus Infrastructure Fund - Regular Plan - Payout of Income Distribution cum Capital Withdrawal option,59.94
2026-08-25,105459,Invesco India Contra Fund - Regular Plan - IDCW (Payout / Reinvestment),50.51
2026-08-25,105460,Invesco India Contra Fund - Regular Plan - Growth,137.87
2026-08-25,105463,UTI GOLD Exchange Traded Fund,134.9855
2026-08-25,105503,Invesco India Mid Cap Fund - Regular Plan - Growth Option,201.5
2026-08-25,105504,Invesco India Mid Cap Fund - Regular Plan - IDCW (Payout / Reinvestment),62.8
2026-08-25,105543,HDFC Ultra Short to Short Term Fund - Monthly IDCW,10.1793
2026-08-25,105548,HDFC Ultra Short to Short Term Fund - Daily IDCW,10.1409
2026-08-25,105578,UTI Ultra Short to Short Term Fund - Discontinued - Periodic Dividend Plan,1078.2411
2026-08-25,105603,Invesco India Arbitrage Fund - Regular Plan - Growth Option,34.1376
2026-08-25,105604,Invesco India Arbitrage Fund - Regular Plan - IDCW (Payout / Reinvestment),18.2187
2026-08-25,105605,UTI Ultra Short to Short Term Fund - Regular Plan - Daily IDCW (Reinvestment),1467.7463
2026-08-25,105627,UTI Ultra Short to Short Term Fund - Regular Plan - Weekly IDCW,1471.4594
2026-08-25,105628,SBI ELSS Tax Saver FUND - REGULAR PLAN- GROWTH,435.5092
2026-08-25,105637,JM Dynamic Term Fund (Regular) - Weekly IDCW,10.5342
2026-08-25,105639,JM Dynamic Term Fund (Regular) - Daily IDCW,10.0317
2026-08-25,105658,UTI Ultra Short to Short Term Fund - Regular Plan - Monthly IDCW,1497.1318
2026-08-25,105659,UTI Ultra Short to Short Term Fund - Discontinued Flexi Dividend Plan,1087.9163
2026-08-25,105667,DSP Dynamic Term Fund - Regular Plan - IDCW - Monthly,1071.3132
2026-08-25,105668,DSP Dynamic Term Fund - Regular Plan - IDCW,1277.0662
2026-08-25,105669,DSP Dynamic Term Fund - Regular Plan - Growth,3460.5492
2026-08-25,105670,UTI Ultra Short to Short Term Fund - Discontinued Monthly Dividend Option,1014.5458
2026-08-25,105689,Nippon India Interval Fund-Quarterly Interval Fund Series-II-Growth Option,38.4429
2026-08-25,105692,NIPPON INDIA QUARTERLY INTERVAL FUND - SERIES II - IDCW Option,13.4799
2026-08-25,105757,HDFC Mid Cap Fund - IDCW Plan,53.775
2026-08-25,105758,HDFC Mid Cap Fund - Growth Plan,214.337
2026-08-25,105804,Aditya Birla Sun Life Small Cap Fund - GROWTH,100.3977
2026-08-25,105805,Aditya Birla Sun Life Small Cap Fund -Regular - IDCW,38.6456
2026-08-25,105816,Franklin India Focused Equity Fund - IDCW,34.1818
2026-08-25,105817,Franklin India Focused Equity Fund - Growth Plan,102.9120
2026-08-25,105822,LIC MF Banking & PSU Debt Fund-Regular Plan-Daily IDCW,11.836
2026-08-25,105823,LIC MF Banking & PSU Debt Fund-Regular Plan-Growth,36.8909
2026-08-25,105856,LIC MF Banking & PSU Debt Fund-Regular Plan-Monthly IDCW,13.8069
2026-08-25,105857,LIC MF Banking & PSU Debt Fund-Regular Plan-Weekly IDCW,10.3726
2026-08-25,105875,DSP Flexi Cap Fund - Regular Plan - Growth,104.9800
2026-08-25,105878,DSP Dynamic Term Fund - Regular Plan - IDCW - Weekly,1049.2352
2026-08-25,105887,Aditya Birla Sun Life Ultra Short Term Fund-Regular - weekly IDCW,100.529
2026-08-25,105888,Aditya Birla Sun Life Ultra Short Term Fund-Regular - DAILY IDCW,100.0126
2026-08-25,105967,Kotak Arbitrage Fund - Regular Plan - IDCW - Payout & Re-investment of Income Distribution cum capital withdrawal option,10.7336
2026-08-25,105968,Kotak Arbitrage Fund - Regular Plan - Growth,40.0801
2026-08-25,105989,DSP Small Cap Fund - Regular - Growth,231.4590
2026-08-25,106095,SBI Infrastructure Fund - Regular Plan - Income Distribution cum Capital Withdrawal Option (IDCW),45.2534
2026-08-25,106096,SBI INFRASTRUCTURE FUND -  REGULAR PLAN - GROWTH,50.8704
2026-08-25,106143,Invesco India Large & Mid Cap Fund - Regular Plan - IDCW (Payout / Reinvestment),45.11
2026-08-25,106144,Invesco India Large & Mid Cap Fund - Regular Plan - Growth,111.51
2026-08-25,106166,CANARA ROBECO AGGRESSIVE HYBRID FUND - REGULAR PLAN - GROWTH OPTION,373.2800
2026-08-25,106167,CANARA ROBECO AGGRESSIVE HYBRID FUND - REGULAR PLAN - MONTHLY IDCW (Payout/Reinvestment),93.1800
2026-08-25,106168,JM Value Fund (Regular) - IDCW,68.4731
2026-08-25,106169,quant Infrastructure Fund - IDCW Option - Regular Plan,42.0046
2026-08-25,106170,quant Infrastructure Fund - Growth Option,42.0988
2026-08-25,106171,Invesco India Corporate Bond Fund - Regular Plan - Monthly IDCW (Payout / Reinvestment),1929.3962
2026-08-25,106172,Invesco India Corporate Bond Fund - Regular Plan - Quarterly IDCW (Payout / Reinvestment),1169.0843
2026-08-25,106177,Invesco India Corporate Bond Fund - Regular Plan - Growth,3366.1902
2026-08-25,106179,Invesco India Corporate Bond Fund - Regular Plan - Annual IDCW (Payout / Reinvestment),1340.0216
2026-08-25,106183,UTI Annual Interval Fund - I - Regular Plan - Growth Option,36.4321
2026-08-25,106185,UTI Annual Interval Fund - I - ( Instn Growth Option ),37.8971
2026-08-25,106186,UTI Annual Interval Fund - I - Regular Plan - IDCW,11.0849
2026-08-25,106193,KOTAK GOLD ETF,133.8493
2026-08-25,106212,SBI Ultra Short to Short Term Fund - Regular Plan - Growth,3722.7631
2026-08-25,106213,SBI Ultra Short to Short Term Fund - Regular Plan - Daily Income Distribution cum Capital Withdrawal Option (IDCW),1450.0692
2026-08-25,106214,SBI Ultra Short to Short Term Fund - Regular Plan - Weekly Income Distribution cum Capital Withdrawal Option (IDCW),1450.0558
2026-08-25,106215,SBI Ultra Short to Short Term Fund - Regular Plan - Fornightly Income Distribution cum Capital Withdrawal Option (IDCW),1475.4512
2026-08-25,106216,SBI Ultra Short to Short Term Fund - Regular Plan - Monthly Income Distribution cum Capital Withdrawal Option (IDCW),1632.7549
2026-08-25,106217,SBI Ultra Short to Short Term Fund - Ultra Short Term Fund - Institutional Plan - Growth,3788.4172
2026-08-25,106221,SBI Ultra Short to Short Term Fund - Ultra Short Term Fund - Institutional Plan - Daily Income Distribution cum Capital Withdrawal Option (IDCW),1450.4106
2026-08-25,106222,SBI Ultra Short to Short Term Fund - Ultra Short Term Fund- Institutional Plan - Weekly Income Distribution cum Capital Withdrawal Option (IDCW),1446.8101
2026-08-25,106227,SBI SHORT TERM FUND-SHORT TERM FUND - RETAIL - GROWTH,38.5828
2026-08-25,106228,SBI Short Term Fund - Short Term Fund - Retail Dividend - Weekly Income Distribution cum Capital Withdrawal Option (IDCW),16.0048
2026-08-25,106229,SBI Short Term Fund - Short Term Fund - Retail Dividend - Monthly Income Distribution cum Capital Withdrawal Option (IDCW),17.6720
2026-08-25,106230,SBI Short Term Fund - Short Term Fund - Retail Dividend - Fortnightly Income Distribution cum Capital Withdrawal Option (IDCW),16.0290
2026-08-25,106231,SBI SHORT TERM FUND - REGULAR PLAN -GROWTH,34.1013
2026-08-25,106232,SBI Short Term Fund - Regular Plan Weekly Income Distribution cum Capital Withdrawal Option (IDCW),15.4618
2026-08-25,106233,SBI Short Term Fund - Regular Plan - Monthly Income Distribution cum Capital Withdrawal Option (IDCW),18.8531
2026-08-25,106234,SBI Short Term Fund - Regular Plan Fortnightly Income Distribution cum Capital Withdrawal Option (IDCW),15.4465
2026-08-25,106235,Nippon India Large Cap  Fund- Growth Plan -Growth Option,90.6019
2026-08-25,106236,NIPPON INDIA LARGE CAP FUND - IDCW Option,26.4891
2026-08-25,106240,Nippon India Large Cap Fund- Growth Plan Bonus Option,90.6019
2026-08-25,106260,NIPPON INDIA GROWTH MID CAP FUND - INSTITUTIONAL Plan - IDCW Option,1402.1998
2026-08-25,106316,Invesco India Balanced Advantage Fund - Regular Plan - IDCW (Payout / Reinvestment),17.4
2026-08-25,106317,Invesco India Balanced Advantage Fund - Regular Plan - Growth,53.05
2026-08-25,106369,Sundaram Global Brand Theme-Equity Active FOF - Regular IDCW,35.8233
2026-08-25,106370,Sundaram Global Brand Theme-Equity Active FOF - Regular Growth,44.3149
2026-08-25,106383,UTI Short Term Fund - Discontinued Regular Option - Dividend Sub Option,25.0634
2026-08-25,106384,UTI Short Term Fund - Discontinued Regular Option -Growth Sub Option,47.4103
2026-08-25,106425,UTI India Consumer Fund - Regular Plan - Growth Option,60.032
2026-08-25,106426,UTI India Consumer Fund - Regular Plan - IDCW,52.4762
2026-08-25,106441,Kotak Global Emerging Market Overseas Equity Active FOF- Growth,39.848
2026-08-25,106442,Kotak Global Emerging Market Overseas Equity Active FOF - Payout of Income Distribution cum capital withdrawal option,39.851
2026-08-25,106596,DSP World Gold Mining Overseas Equity Omni FoF - Regular Plan - IDCW,40.9030
2026-08-25,106597,DSP World Gold Mining Overseas Equity Omni FoF - Regular Plan - Growth,67.5214
2026-08-25,106624,UTI Short Term Fund - Regular Plan - Growth Option,33.6801
2026-08-25,106653,Invesco India Infrastructure Fund - Regular Plan - IDCW (Payout / Reinvestment),44.21
2026-08-25,106654,Invesco India Infrastructure Fund - Regular Plan - Growth Option,68.77
2026-08-25,106793,HDFC ARBITRAGE FUND - Regular Plan -Growth Option,32.765
2026-08-25,106822,ICICI Prudential Small Cap Fund - IDCW,34.06
2026-08-25,106823,ICICI Prudential Small Cap Fund - Growth,91.74
2026-08-25,106838,HDFC Floating Interest Rates Fund - Daily IDCW Option,10.0652
2026-08-25,106839,HDFC Floating Interest Rates Fund - Monthly IDCW Option,10.1688
2026-08-25,106840,HDFC Floating Interest Rates Fund - Weekly IDCW Option,10.027
2026-08-25,106841,HDFC Floating Interest Rates Fund - Growth Option,53.5393
2026-08-25,106871,LIC MF Large Cap Fund-Regular Plan-Growth,54.6255
2026-08-25,106872,Aditya Birla Sun Life International Equity Fund - Regular - IDCW,22.6139
2026-08-25,106873,Aditya Birla Sun Life International Equity Fund - Growth - Regular Plan,53.0659
2026-08-25,106929,Kotak Nifty PSU Bank ETF,86.1618
2026-08-25,106978,Franklin Asian Equity Fund - IDCW,21.4901
2026-08-25,106979,Franklin Asian Equity Fund - Growth Plan,45.5281
2026-08-25,106980,UTI Short Term Fund - Regular Plan - Discontinued Quarterly IDCW,17.4284
2026-08-25,107287,JM ELSS - Tax Saver Fund (Regular) - IDCW,53.1437
2026-08-25,107288,JM ELSS - Tax Saver Fund (Regular) - Growth option,53.1445
2026-08-25,107352,Invesco India Multi Cap Fund - Regular Plan - IDCW (Payout / Reinvestment),121.4
2026-08-25,107353,Invesco India Multi Cap Fund - Regular Plan - Growth Option,133.89
2026-08-25,107409,JM Focused Fund (Regular) - IDCW,20.892
2026-08-25,107410,JM Focused Fund (Regular) - Growth Option,20.8928
2026-08-25,107471,Invesco India Gilt Fund - Regular Plan - Monthly IDCW (Reinvestment),1644.823
2026-08-25,107472,Invesco India Gilt Fund - Regular Plan - Quarterly IDCW (Payout / Reinvestment),1331.389
2026-08-25,107476,Invesco India Gilt Fund - Regular Plan - Annual IDCW (Payout / Reinvestment),1175.512
2026-08-25,107477,Invesco India Gilt Fund - Regular Plan - Growth,2920.125
2026-08-25,107524,HDFC Infrastructure Fund - Growth Plan,47.037
2026-08-25,107525,HDFC Infrastructure Fund - IDCW Plan,20.172
2026-08-25,107578,Mirae Asset Large Cap Fund - Regular Plan - Growth,114.012
2026-08-25,107579,Mirae Asset Large Cap Fund - Regular Plan - IDCW,29.202
2026-08-25,107693,Quantum Gold ETF,132.9000
2026-08-25,107700,Mirae Asset Ultra Short to Short Term Fund - Regular Plan - Daily IDCW,1005.0478
2026-08-25,107701,Mirae Asset Ultra Short to Short Term Fund - Regular Plan - Weekly IDCW,1106.5071
2026-08-25,107702,Mirae Asset Ultra Short to Short Term Fund - Regular Plan - Quarterly IDCW,1007.0288
2026-08-25,107704,Mirae Asset Ultra Short to Short Term Fund - Regular Plan - Monthly IDCW,1087.5006
2026-08-25,107705,Mirae Asset Ultra Short to Short Term Fund - Regular Plan - Growth,2412.9121
2026-08-25,107745,Aditya Birla Sun Life ELSS Tax Saver Fund - Growth Option,62.67
2026-08-25,107763,LIC MF Infrastructure Fund-Regular Plan-Growth,55.1366
2026-08-25,107764,LIC MF Infrastructure Fund-Regular Plan-IDCW,55.1381
2026-08-25,107988,HSBC Global Emerging Markets Fund - Growth,34.583
2026-08-25,107989,HSBC Global Emerging Markets Fund - IDCW,24.3979
2026-08-25,108166,Aditya Birla Sun Life Value Fund - Regular - IDCW,42.6895
2026-08-25,108167,Aditya Birla Sun Life Value Fund - Growth Option,139.5576
2026-08-25,108202,DSP Natural Resources And New Energy Fund - Regular - Growth,109.3080
2026-08-25,108203,DSP Natural Resources And New Energy Fund - Regular Plan - IDCW,32.1170
2026-08-25,108249,Nippon India Quant Fund -Growth Plan - Growth Option,74.8926
2026-08-25,108252,NIPPON INDIA QUANT FUND - IDCW Option,39.9247
2026-08-25,108258,Nippon India Quant Fund -Growth Plan -Bonus Option,74.8926
2026-08-25,108272,Aditya Birla Sun Life Banking & PSU Debt Fund  - REGULAR - IDCW,149.6315
2026-08-25,108273,Aditya Birla Sun Life Banking & PSU Debt Fund - Regular Plan-Growth,387.6283
2026-08-25,108274,Aditya Birla Sun Life Banking & PSU Debt Fund  - REGULAR - Quarterly IDCW,102.5195
2026-08-25,108377,Invesco India Financial Services Fund - Regular Plan -  IDCW (Payout / Reinvestment),75.96
2026-08-25,108378,Invesco India Financial Services Fund - Regular Plan - Growth,148.96
2026-08-25,108402,Taurus ELSS Tax Saver Fund - Regular Plan - Payout of Income Distribution cum Capital Withdrawal option,86.22
2026-08-25,108403,Taurus Large Cap Fund - Regular Plan - Payout of Income Distribution cum Capital Withdrawal option,73.82
2026-08-25,108465,ICICI Prudential Large Cap Fund (erstwhile Bluechip Fund)  - IDCW,29.58
2026-08-25,108466,ICICI Prudential Large Cap Fund (erstwhile Bluechip Fund)  - Growth,109.72
2026-08-25,108479,Quantum Nifty 50 ETF,268.0788
2026-08-25,108511,Kotak Dynamic Term Fund Regular Plan Growth,39.6915
2026-08-25,108544,Bandhan Income Plus Arbitrage Active FOF - Regular Plan - Quarterly IDCW,12.8942
2026-08-25,108545,Bandhan Income Plus Arbitrage Active FOF - Regular Plan - Growth,46.6666
2026-08-25,108546,Bandhan Income Plus Arbitrage Active FOF - Regular Plan - Half Yearly IDCW,13.2194
2026-08-25,108547,Bandhan Income Plus Arbitrage Active FOF - Regular Plan - Annual IDCW,14.8131
2026-08-25,108557,Bandhan Gilt Fund - Regular Plan - Quarterly IDCW,11.9634
2026-08-25,108558,Bandhan Gilt Fund - Regular - Plan B - Half Yearly IDCW,11.6854
2026-08-25,108559,Bandhan Gilt Fund - Regular Plan - Annual IDCW,11.5692
2026-08-25,108561,BANDHAN Dynamic Term Fund - Regular Plan B - Quarterly IDCW,11.6072
2026-08-25,108592,Bandhan Focused Fund - Regular Plan - Growth,89.560
2026-08-25,108593,Bandhan Focused Fund - Regular Plan - IDCW,19.179
2026-08-25,108594,BANDHAN Flexi Cap Fund - Regular Plan - Growth,212.896
2026-08-25,108595,BANDHAN Flexi Cap Fund - Regular Plan - IDCW,47.649
2026-08-25,108596,Bandhan Large & Mid Cap Fund - Regular Plan - Growth,142.685
2026-08-25,108597,Bandhan Large & Mid Cap Fund - Regular Plan - IDCW,28.220
2026-08-25,108632,BANDHAN Ultra Short to Short Term Fund - Regular Plan - Growth,41.2489
2026-08-25,108633,BANDHAN Ultra Short to Short Term Fund - Regular Plan - Daily IDCW,10.0992
2026-08-25,108634,BANDHAN Ultra Short to Short Term Fund - Regular Plan - Weekly IDCW,10.1081
2026-08-25,108635,BANDHAN Ultra Short to Short Term Fund - Regular Plan - Monthly IDCW,10.1397
2026-08-25,108644,Bandhan 10 year Constant Maturity Gilt Fund - Regular Plan - Monthly IDCW,10.4373
2026-08-25,108646,Bandhan 10 year Constant Maturity Gilt Fund - Regular Plan - Quarterly IDCW,11.6472
2026-08-25,108650,BANDHAN Money Market Fund - Regular Plan - Daily IDCW,10.0994
2026-08-25,108675,BANDHAN Dynamic Term Fund - Regular Plan B - Annual IDCW,11.5689
2026-08-25,108690,BANDHAN LIQUID Fund - Regular Plan - Growth,3380.9136
2026-08-25,108691,BANDHAN LIQUID Fund - Regular Plan - Weekly IDCW,1002.0680
2026-08-25,108692,BANDHAN LIQUID Fund - Regular Plan - Daily IDCW,1001.4161
2026-08-25,108693,BANDHAN LIQUID Fund - Regular Plan - Monthly IDCW,1005.3248
2026-08-25,108701,Bandhan Money Market Fund - Regular Plan - Weekly IDCW,10.1314
2026-08-25,108713,Bandhan Short Term Fund - Regular Plan - Fortnightly IDCW,10.4002
2026-08-25,108727,Bandhan Medium Term Fund - Regular Plan - Monthly IDCW,10.2522
2026-08-25,108728,Bandhan Medium Term Fund - Regular Plan - Growth,48.4368
2026-08-25,108729,Bandhan Medium Term Fund - Regular Plan - Fortnightly IDCW,10.2418
2026-08-25,108730,Bandhan Medium Term Fund - Regular Plan - Bi-Monthly IDCW,10.2775
2026-08-25,108731,Bandhan Medium Term Fund - Regular Plan - Daily IDCW,10.2460
2026-08-25,108753,Bandhan 10 year Constant Maturity Gilt Fund - Regular Plan - Growth,48.6193
2026-08-25,108756,BANDHAN Money Market Fund - Regular Plan - Growth,43.3398
2026-08-25,108757,BANDHAN Money Market Fund - Regular Plan - Monthly IDCW,10.3013
2026-08-25,108763,Bandhan Medium to Long Term Fund - Regular Plan - Half-yearly IDCW,12.2030
2026-08-25,108764,Bandhan Medium to Long Term Fund - Regular Plan - Quarterly IDCW,12.1705
2026-08-25,108765,Bandhan Medium to Long Term Fund - Regular Plan - Growth,67.9127
2026-08-25,108766,Bandhan Medium to Long Term Fund - Regular Plan - Annual IDCW,11.9556
2026-08-25,108767,Bandhan Short Term Fund - Regular Plan - Monthly IDCW,10.3835
2026-08-25,108768,Bandhan Short Term Fund - Regular Plan - Growth,61.0070
2026-08-25,108799,BANDHAN Large Cap Fund - Regular Plan - Growth,79.897
2026-08-25,108800,BANDHAN Large Cap Fund - Regular Plan - IDCW,22.023
2026-08-25,108845,BANDHAN Arbitrage Fund - Regular Plan - Growth,34.5679
2026-08-25,108847,BANDHAN Arbitrage Fund - Regular Plan - Monthly IDCW,10.7372
2026-08-25,108908,Bandhan Value Fund - Regular Plan - IDCW,37.180
2026-08-25,108909,Bandhan Value Fund - Regular Plan - Growth,148.746
2026-08-25,108992,BANDHAN Equity Savings Fund - Regular Plan - Monthly IDCW,10.935
2026-08-25,108995,BANDHAN Equity Savings Fund - Regular Plan - Growth,32.643
2026-08-25,109010,Kotak BSE Sensex ETF,85.2643
2026-08-25,109058,Sundaram Financial Services Opportunities Fund Regular Plan - Income Distribution cum Capital Withdrawal (IDCW),29.4487
2026-08-25,109059,Sundaram Financial Services Opportunities Fund Regular Plan - Growth,109.8844
2026-08-25,109254,BANK OF INDIA Liquid Fund- Regular Plan- Growth,3227.6466
2026-08-25,109255,BANK OF INDIA Liquid Fund- Regular Plan- Weekly IDCW,1005.2040
2026-08-25,109264,BANK OF INDIA Ultra Short Duration Fund- Regular Plan- Weekly IDCW,1005.4023
2026-08-25,109269,BANK OF INDIA Ultra Short Duration Fund- Regular Plan- Growth,3378.3696
2026-08-25,109274,quant Focused Fund - IDCW Option - Regular Plan,70.5472
2026-08-25,109275,quant Focused Fund - Growth Option - Regular Plan,94.879
2026-08-25,109349,CANARA ROBECO LIQUID FUND - REGULAR PLAN - DAILY IDCW (Reinvestment),1005.5000
2026-08-25,109350,CANARA ROBECO LIQUID FUND - REGULAR PLAN - WEEKLY IDCW (Payout/Reinvestment),1001.3979
2026-08-25,109351,CANARA ROBECO LIQUID FUND - REGULAR PLAN - MONTHLY IDCW (Payout/Reinvestment),1005.0782
2026-08-25,109353,CANARA ROBECO LIQUID FUND - REGULAR PLAN - GROWTH OPTION,3371.5387
2026-08-25,109366,CANARA ROBECO ULTRA SHORT TERM FUND - REGULAR PLAN - WEEKLY IDCW (Payout/Reinvestment),1241.3695
2026-08-25,109370,CANARA ROBECO ULTRA SHORT TERM FUND - REGULAR PLAN - MONTHLY IDCW (Payout/Reinvestment),1005.3940
2026-08-25,109371,CANARA ROBECO ULTRA SHORT TERM FUND - REGULAR PLAN - GROWTH OPTION,4057.9315
2026-08-25,109372,CANARA ROBECO ULTRA SHORT TERM FUND - REGULAR PLAN - DAILY IDCW (Reinvestment),1240.7100
2026-08-25,109445,ICICI Prudential Banking and Financial Services Fund -  Growth,131.11
2026-08-25,109446,ICICI Prudential Banking and Financial Services Fund -  IDCW,25.02
2026-08-25,109472,NIPPON INDIA CORPORATE BOND FUND - DAILY IDCW Option,17.0440
2026-08-25,109473,NIPPON INDIA CORPORATE BOND FUND - WEEKLY IDCW Option,17.0570
2026-08-25,109501,UTI Ultra Short Term Fund - Regular Plan - Daily IDCW (Reinvestment),1050.6668
2026-08-25,109522,JM Flexi Cap Fund (Regular) - Growth option,101.4572
2026-08-25,109523,JM Flexi Cap Fund (Regular) - IDCW,78.1806
2026-08-25,109716,Nippon India Gilt  Fund -P F Option-Automatic Annual Reinvest Option,32.8578
2026-08-25,109717,Nippon India Gilt  Fund - Institutional Plan-Growth Plan -Growth Option,39.9587
2026-08-25,109720,Nippon India Gilt  Fund -Growth Plan - Growth Option,39.1837
2026-08-25,109721,Nippon India Gilt  Fund -P F Option-Defined Maturity Date Option,39.1837
2026-08-25,109723,NIPPON INDIA GILT  FUND - MONTHLY IDCW Option,10.7656
2026-08-25,109724,Nippon India Gilt  Fund-P F Option-Automatic Capital Appreciation Payout Option,39.1837
2026-08-25,109740,ICICI Prudential Medium to Long Term Fund - Growth,42.3754
2026-08-25,109741,ICICI Prudential Medium to Long Term Fund - IDCW Monthly,11.3299
2026-08-25,109743,ICICI Prudential Medium to Long Term Fund - IDCW Quarterly,11.5319
2026-08-25,109830,quant Flexi Cap Fund - Growth Option - Regular Plan,109.9198
2026-08-25,109831,quant Flexi Cap Fund - IDCW Option - Regular Plan,78.5618
2026-08-25,110282,Aditya Birla Sun Life Banking & PSU Debt Fund  - REGULAR - MONTHLY IDCW,112.4876
2026-08-25,110598,BANK OF INDIA Large & Mid Cap Fund Regular Plan- Quarterly IDCW,34.38
2026-08-25,110599,BANK OF INDIA Large & Mid Cap Fund Eco Plan- Growth,104.61
2026-08-25,110601,BANK OF INDIA Large & Mid Cap Fund Eco Plan-Bonus,104.62
2026-08-25,110603,BANK OF INDIA Large & Mid Cap Fund Regular Plan- Growth,94.41
2026-08-25,110604,BANK OF INDIA Large & Mid Cap Fund Eco Plan-Quarterly IDCW,29.51
2026-08-25,110606,BANK OF INDIA Large & Mid Cap Fund Regular Plan-Bonus,94.39
2026-08-25,110607,BANK OF INDIA Large & Mid Cap Fund Regular Plan- Regular IDCW,28.18
2026-08-25,110608,BANK OF INDIA Large & Mid Cap Fund Eco Plan-Regular IDCW,29.29
2026-08-25,111343,Bandhan 10 year Constant Maturity Gilt Fund - Regular Plan - Weekly IDCW,10.2854
2026-08-25,111521,Aditya Birla Sun Life Dynamic Term Fund -REGULAR - MONTHLY IDCW,10.7139
2026-08-25,111523,BANDHAN Dynamic Term Fund - Regular Plan B - IDCW,13.6735
2026-08-25,111524,BANDHAN Dynamic Term Fund - Regular Plan B - Growth,35.7607
2026-08-25,111525,Bandhan Gilt Fund - Regular Plan - Growth,37.4918
2026-08-25,111527,Bandhan Gilt Fund - Regular Plan - IDCW,14.1289
2026-08-25,111545,ICICI Prudential Floating Interest Rates Fund - Weekly IDCW,102.1776
2026-08-25,111549,Quantum ELSS Tax Saver Fund - Direct Plan Growth Option,126.00
2026-08-25,111550,Quantum ELSS Tax Saver Fund - Direct Plan IDCW,125.19
2026-08-25,111569,BANDHAN ELSS - Tax Saver Fund - Regular Plan - Growth,156.405
2026-08-25,111570,BANDHAN ELSS - Tax Saver Fund - Regular Plan - IDCW,31.590
2026-08-25,111585,BANK OF INDIA Short Term Income Fund-Regular Plan- Growth,28.3739
2026-08-25,111589,BANK OF INDIA Short Term Income Fund-Regular Plan- Monthly IDCW,14.5601
2026-08-25,111590,BANK OF INDIA Short Term Income Fund-Regular Plan- Quarterly IDCW,14.3484
2026-08-25,111599,UTI Multi Asset Allocation Fund - Regular Plan - Growth Option,80.7366
2026-08-25,111602,UTI Multi Asset Allocation Fund - Regular Plan - IDCW,30.1998
2026-08-25,111638,Edelweiss ELSS Tax Saver Fund - Regular Plan - Growth Option,117.98
2026-08-25,111639,Edelweiss ELSS Tax Saver Fund - Regular Plan - IDCW Option,31.58
2026-08-25,111640,Taurus Flexi Cap Fund - Regular Plan - Payout of Income Distribution cum Capital Withdrawal option,116.20
2026-08-25,111642,Taurus Mid Cap Fund - Regular Plan - Payout of Income Distribution cum Capital Withdrawal option,114.84
2026-08-25,111644,Mirae Asset Liquid Fund - Regular Plan - Weekly IDCW,1153.6343
2026-08-25,111645,Mirae Asset Liquid Fund - Regular Plan - Monthly IDCW,1152.5324
2026-08-25,111646,Mirae Asset Liquid Fund - Regular Plan - Growth,2935.0677
2026-08-25,111647,Mirae Asset Liquid Fund - Regular Plan - Daily IDCW,1066.4347
2026-08-25,111675,LIC MF Ultra Short to Short Term Fund-Regular Plan-Weekly IDCW,14.5004
2026-08-25,111676,LIC MF Ultra Short to Short Term Fund-Regular Plan-Daily IDCW,11.1617
2026-08-25,111704,Baroda BNP Paribas LIQUID FUND - Regular Plan - GROWTH OPTION,3218.7547
2026-08-25,111705,Baroda BNP Paribas LIQUID FUND - Regular Plan - WEEKLY IDCW OPTION,1000.3760
2026-08-25,111707,Baroda BNP Paribas LIQUID FUND - Regular Plan - DAILY IDCW OPTION,1001.1996
2026-08-25,111708,BANK OF INDIA ELSS Tax Saver -Regular Plan-IDCW,32.16
2026-08-25,111709,BANK OF INDIA ELSS Tax Saver -ECO Plan-Growth,181.15
2026-08-25,111710,BANK OF INDIA ELSS Tax Saver -Regular Plan- Growth,166.95
2026-08-25,111711,BANK OF INDIA ELSS Tax Saver -ECO Plan-IDCW,30.07
2026-08-25,111712,BANK OF INDIA Conservative Hybrid Fund-Regular Plan-Growth,35.3625
2026-08-25,111713,BANK OF INDIA Conservative Hybrid Fund-Regular Plan-Quarterly IDCW,18.8700
2026-08-25,111714,BANK OF INDIA Conservative Hybrid Fund-Regular Plan-Annual IDCW,17.1663
2026-08-25,111715,BANK OF INDIA Conservative Hybrid Fund-ECO Plan-Growth,36.7496
2026-08-25,111716,BANK OF INDIA Conservative Hybrid Fund-Regular Plan-Monthly IDCW,18.2061
2026-08-25,111717,BANK OF INDIA Conservative Hybrid Fund-ECO Plan-Monthly IDCW,27.8381
2026-08-25,111722,CANARA ROBECO ELSS - TAX SAVER FUND - REGULAR PLAN - GROWTH OPTION,181.4000
2026-08-25,111743,Nippon India Ultra Short to Short Term  Fund - Retail Plan - Growth Plan -Bonus Option,2842.1660
2026-08-25,111744,NIPPON INDIA ULTRA SHORT TO SHORT TERM  FUND - RETAIL Plan - DAILY IDCW Option,1012.2363
2026-08-25,111745,NIPPON INDIA ULTRA SHORT TO SHORT TERM FUND - RETAIL Plan - WEEKLY IDCW Option,1012.2819
2026-08-25,111746,Nippon India Ultra Short to Short Term  Fund -Growth Plan -Bonus Option,2324.5190
2026-08-25,111747,NIPPON INDIA ULTRA SHORT To SHORT TERM FUND - DAILY IDCW Option,1012.2378
2026-08-25,111748,Nippon India Ultra Short to Short Term  Fund - Retail Plan - Growth Plan - Growth Option,3815.1046
2026-08-25,111749,NIPPON INDIA ULTRA SHORT TO SHORT TERM  FUND - MONTHLY IDCW Option,1030.5669
2026-08-25,111750,NIPPON INDIA ULTRA SHORT TO SHORT TERM  FUND - QUARTERLY IDCW Option,1027.8566
2026-08-25,111751,NIPPON ULTRA SHORT TO SHORT TERM  FUND - RETAIL Plan - MONTHLY IDCW Option,1032.4102
2026-08-25,111752,NIPPON INDIA ULTRA SHORT TO SHORT TERM  FUND - RETAIL Plan - QUARTERLY IDCW Option,1027.8865
2026-08-25,111753,Nippon India Ultra Short to Short Term  Fund- Growth Plan - Growth Option,4003.5500
2026-08-25,111754,NIPPON INDIA ULTRA SHORT TO SHORT TERM  FUND - WEEKLY IDCW Option,1012.1006
2026-08-25,111786,DSP Dynamic Term Fund - Regular Plan - IDCW - Daily,1061.7604
2026-08-25,111787,Taurus Ethical Fund - Regular Plan - Growth,129.37
2026-08-25,111788,Taurus Ethical Fund - Regular Plan - Payout of Income Distribution cum Capital Withdrawal option,87.45
2026-08-25,111803,Aditya Birla Sun Life Medium Term Fund- Growth - Regular Plan,43.7744
2026-08-25,111809,Aditya Birla Sun Life Medium Term Fund- REGULAR - Quarterly IDCW,13.7524
2026-08-25,111811,Aditya Birla Sun Life Medium Term Fund- REGULAR - HALFYEARLY IDCW,14.1338
2026-08-25,111812,Aditya Birla Sun Life Medium Term Fund - Regular - IDCW,16.6189
2026-08-25,111903,Taurus Ethical Fund -  Regular Plan - Bonus Option,129.35
2026-08-25,111935,Edelweiss Large Cap Fund -Plan B - Growth option,85.04
2026-08-25,111936,Edelweiss Large Cap Fund - Regular Plan - IDCW Option,26.63
2026-08-25,111937,Edelweiss Large Cap Fund -Plan C - Growth option,83.93
2026-08-25,111938,Edelweiss Large Cap Fund - Plan B - IDCW Option,77.85
2026-08-25,111939,Edelweiss Large Cap Fund - Plan C - IDCW Option,63.49
2026-08-25,111940,Edelweiss Large Cap Fund - Regular Plan - Growth Option,84.52
2026-08-25,111954,SBI Gold ETF,136.7048
2026-08-25,111957,ICICI Prudential Focused Fund - Growth,96.62
2026-08-25,111958,ICICI Prudential Focused Fund - IDCW,28.47
2026-08-25,111962,CANARA ROBECO DYNAMIC TERM FUND - REGULAR PLAN - GROWTH OPTION,29.8523
2026-08-25,111963,CANARA ROBECO DYNAMIC TERM FUND - REGULAR PLAN - IDCW (Payout/Reinvestment),13.3198
2026-08-25,111970,BANK OF INDIA Ultra Short Duration Fund- Regular Plan- Daily IDCW,1005.0000
2026-08-25,111971,BANK OF INDIA Liquid Fund- Regular Plan- Daily IDCW,1005.0000
2026-08-25,111987,ICICI Prudential Corporate Bond Fund - Growth,31.9459
2026-08-25,111991,ICICI Prudential Corporate Bond Fund - Monthly IDCW,10.4003
2026-08-25,111992,ICICI Prudential Corporate Bond Fund -Quarterly IDCW,11.3972
2026-08-25,112012,Edelweiss Aggressive Hybrid Fund- Plan B-Growth Option,65.39
2026-08-25,112013,Edelweiss Aggressive Hybrid Fund  - Plan B - IDCW Option,65.79
2026-08-25,112038,Quantum Diversified Equity All Cap Active FOF - Direct Plan IDCW,87.593
2026-08-25,112039,Quantum Diversified Equity All Cap Active FOF - Direct Plan Growth Option,87.812
2026-08-25,112076,UTI Money Market Fund - Regular Plan - Daily IDCW (Reinvestment),1065.9928
2026-08-25,112077,UTI MMF - Regular Plan - Growth Option,3318.8607
2026-08-25,112083,UTI Ultra Short Term Fund - Discontinued - INSTN GROWTH OPTION,3247.8586
2026-08-25,112087,Aditya Birla Sun Life Arbitrage Fund-Regular - IDCW,11.019
2026-08-25,112088,Aditya BIRLA SUN LIFE ARBITRAGE FUND - REGULAR PLAN - GROWTH,28.3799
2026-08-25,112089,Kotak Flexi Cap Fund - Payout of Income Distribution cum capital withdrawal option,52.2
2026-08-25,112090,Kotak Flexi Cap Fund - Growth,86.447
2026-08-25,112092,Franklin Build India Fund Growth Plan,143.6180
2026-08-25,112093,Franklin Build India Fund - IDCW,40.8842
2026-08-25,112096,ICICI Prudential Dynamic Term Fund - Growth,39.2436
2026-08-25,112097,ICICI Prudential Dynamic Term Fund - IDCW,24.4038
2026-08-25,112098,Invesco India Large Cap Fund - Regular Plan - Growth,73.74
2026-08-25,112099,Invesco India Large Cap Fund - Regular Plan - IDCW (Payout / Reinvestment),27.32
2026-08-25,112108,Edelweiss Aggressive Hybrid Fund - Regular Plan - Growth Option,66.08
2026-08-25,112109,Edelweiss Aggressive Hybrid Fund - Regular Plan - IDCW Option,26.22
2026-08-25,112117,Edelweiss Balanced Advantage Fund - Regular Plan - Growth Option,53.92
2026-08-25,112118,Edelweiss Balanced Advantage Fund - Regular Plan - Quarterly - IDCW Option,21.66
2026-08-25,112120,Invesco India Money Market Fund - Regular - Growth,2865.7497
2026-08-25,112122,Invesco India Money Market Fund - Regular - Monthly IDCW (Payout / Reinvestment),1522.0821
2026-08-25,112123,Invesco India Money Market Fund - Growth,3269.3197
2026-08-25,112125,Invesco India Money Market Fund - Monthly IDCW (Payout / Reinvestment),1022.8347
2026-08-25,112126,DSP Global Clean Energy Overseas Equity Omni FoF - Regular Plan - Growth,28.6209
2026-08-25,112127,DSP Global Clean Energy Overseas Equity Omni FoF - Regular Plan - IDCW,19.9004
2026-08-25,112152,CANARA ROBECO CONSUMPTION FUND - REGULAR PLAN - GROWTH OPTION,110.6200
2026-08-25,112153,CANARA ROBECO CONSUMPTION FUND - REGULAR PLAN - IDCW (Payout/Reinvestment),45.1900
2026-08-25,112171,Invesco India PSU Equity Fund - Regular Plan - Growth,65.69
2026-08-25,112173,Invesco India PSU Equity Fund - Regular Plan - IDCW (Payout / Reinvestment),40.25
2026-08-25,112210,Axis Liquid Fund - Regular Plan - Growth Option,3121.2435
2026-08-25,112211,Axis Liquid Fund - Regular Plan - Daily IDCW,1001.3998
2026-08-25,112212,Axis Liquid Fund - Regular Plan - Weekly IDCW,1002.2789
2026-08-25,112213,Axis Liquid Fund - Regular Plan - Monthly IDCW,1001.2778
2026-08-25,112214,Axis Treasury Advantage Fund - Regular Plan - Growth Option,3316.7916
2026-08-25,112215,Axis Treasury Advantage Fund - Regular Plan - Daily IDCW,1013.1620
2026-08-25,112216,Axis Treasury Advantage Fund - Regular Plan - Weekly IDCW,1011.6817
2026-08-25,112217,Axis Treasury Advantage Fund - Regular Plan - Monthly IDCW,1009.6058
2026-08-25,112218,Tata Value Fund - Regular Plan - Payout of IDCW-Option A(5%),133.6389
2026-08-25,112277,Axis Large Cap Fund - Regular Plan - Growth,61.20
2026-08-25,112278,Axis Large Cap Fund - Regular Plan - IDCW,17.92
2026-08-25,112293,DSP World Mining Overseas Equity Omni FoF - Regular Plan - Growth,36.2008
2026-08-25,112322,Axis ELSS Tax Saver Fund - Regular Plan - IDCW,24.2310
2026-08-25,112323,Axis ELSS Tax Saver Fund - Regular Plan - Growth,98.9657
2026-08-25,112327,Bandhan Conservative Hybrid Passive FOF - Regular Plan - Growth,35.0805
2026-08-25,112328,Bandhan Conservative Hybrid Passive FOF - Regular Plan - IDCW,17.0117
2026-08-25,112329,Bandhan Multi-Asset Passive FOF - Regular Plan - Growth,43.2274
2026-08-25,112330,Bandhan Multi-Asset Passive FOF - Regular Plan - IDCW,21.1818
2026-08-25,112331,Bandhan Aggressive Hybrid Passive FOF - Regular Plan - IDCW,27.6544
2026-08-25,112332,Bandhan Aggressive Hybrid Passive FOF - Regular Plan - Growth,50.6730
2026-08-25,112340,NIPPON INDIA LIQUID FUND - QUARTERLY IDCW OPTION,1015.3823
2026-08-25,112341,NIPPON INDIA MONEY MARKET FUND - QUARTERLY IDCW Option,1026.0588
2026-08-25,112342,ICICI Prudential Banking and PSU Debt Fund - Growth,34.8572
2026-08-25,112347,DSP World Mining Overseas Equity Omni FoF - Regular Plan - IDCW,32.7492
2026-08-25,112351,Kotak Nifty 50 ETF,270.2898
2026-08-25,112352,BANDHAN Conservative Hybrid Fund - Regular Plan - IDCW,11.2957
2026-08-25,112353,BANDHAN Conservative Hybrid Fund - Regular Plan - Growth,33.1645
2026-08-25,112354,Axis Short Duration Fund - Regular Plan - Growth Option,32.9977
2026-08-25,112355,Axis Short Duration Fund - Regular Plan - Monthly IDCW,10.0299
2026-08-25,112356,Aditya Birla Sun Life Short Term Fund - REGULAR - Quarterly IDCW,10.4574
2026-08-25,112359,BANK OF INDIA Manufacturing & Infrastructure Fund-Growth,67.49
2026-08-25,112360,BANK OF INDIA Manufacturing & Infrastructure Fund-Quarterly IDCW,43.81
2026-08-25,112361,BANK OF INDIA Manufacturing & Infrastructure Fund-Regular IDCW,43.02
2026-08-25,112368,Invesco India Gold Exchange Traded Fund,139.4214
2026-08-25,112369,Axis Short Duration Fund - Regular Plan - Weekly IDCW,10.3776
2026-08-25,112378,CANARA ROBECO CONSERVATIVE HYBRID FUND - REGULAR PLAN - QUARTERLY IDCW (Payout/Reinvestment),13.5761
2026-08-25,112635,UTI Money Market Fund - Regular Plan - Weekly IDCW,1104.6345
2026-08-25,112636,Navi Liquid Fund-Regular Plan-Growth Option,30.2634
2026-08-25,112645,Navi Liquid Fund - Regular Plan Daily IDCW,10.0848
2026-08-25,112646,Navi Liquid Fund - Regular Plan Weekly IDCW,10.0064
2026-08-25,112647,Navi Liquid Fund - Regular Plan Monthly IDCW,10.0499
2026-08-25,112712,Axis Liquid Fund - Retail Plan - Daily IDCW,1000.9559
2026-08-25,112713,Axis Liquid Fund - Retail Plan - Growth Option,2841.9306
2026-08-25,112714,Axis Liquid Fund - Retail Plan - Monthly IDCW,1000.6874
2026-08-25,112715,Axis Liquid Fund - Retail Plan - Weekly IDCW,1000.7843
2026-08-25,112717,Axis Treasury Advantage Fund - Retail Plan - Growth Option,3109.6778
2026-08-25,112718,Axis Treasury Advantage Fund - Retail Plan - Monthly IDCW,1009.6059
2026-08-25,112719,Axis Treasury Advantage Fund - Retail Plan - Weekly IDCW,1011.6827
2026-08-25,112720,Axis Treasury Advantage Fund - Retail Plan - Daily IDCW,1012.3874
2026-08-25,112721,Axis Short Duration Fund - Retail Plan - Growth Option,32.6161
2026-08-25,112722,Axis Short Duration Fund - Retail Plan - Weekly IDCW,10.2082
2026-08-25,112723,Axis Short Duration Fund - Retail Plan - Monthly IDCW,10.0072
2026-08-25,112868,Sundaram Conservative Hybrid Fund (Formerly Known as Sundaram Debt Oriented Hybrid Fund) Regular Plan - Growth,29.6217
2026-08-25,112870,Sundaram Conservative Hybrid Fund (Formerly Known as Sundaram Debt Oriented Hybrid Fund) Regular Plan -Income Distribution cum Capital Withdrawal (IDCW),18.4981
2026-08-25,112877,BANDHAN Nifty 50 Index Fund - Regular Plan - Growth,52.6586
2026-08-25,112878,BANDHAN Nifty 50 Index Fund - Regular Plan - IDCW,47.7940
2026-08-25,112901,DSP Focused Fund - Regular Plan - Growth,56.0560
2026-08-25,112923,SBI PSU Fund - Regular Plan - Income Distribution cum Capital Withdrawal Option (IDCW),34.5150
2026-08-25,112924,Axis Conservative Hybrid Fund - Regular Plan - Growth Option,30.6763
2026-08-25,112925,Axis Conservative Hybrid Fund - Regular Plan - Quarterly IDCW,10.4568
2026-08-25,112926,Axis Conservative Hybrid Fund - Regular Plan - Half Yearly IDCW,12.8266
2026-08-25,112927,Axis Conservative Hybrid Fund - Regular Plan - Annual IDCW,13.7906
2026-08-25,112931,Mirae Asset Large & Midcap Fund - Regular Plan - IDCW,49.100
2026-08-25,112932,Mirae Asset Large & Midcap Fund - Regular Plan - Growth,159.636
2026-08-25,112936,Nippon India Aggressive Hybrid Fund - Growth Plan,108.7052
2026-08-25,112937,NIPPON INDIA AGGRESSIVE HYBRID FUND - IDCW Option,27.1621
2026-08-25,112938,Nippon India Credit Risk Fund  - Growth Plan,38.0180
2026-08-25,112939,Nippon India Credit Risk Fund  - Institutional Growth Plan,40.0545
2026-08-25,112941,NIPPON INDIA CREDIT RISK FUND - QUARTERLY IDCW Option,13.1687
2026-08-25,112942,NIPPON INDIA FLOATING INTEREST RATES  FUND - QUARTERLY IDCW Option,11.0706
2026-08-25,112948,Taurus Nifty 50 Index Fund - Regular Plan - Growth,46.2856
2026-08-25,112949,Taurus Nifty 50 Index Fund - Regular Plan - Payout of Income Distribution cum Capital Withdrawal option,29.5109
2026-08-25,112957,ICICI Prudential Nifty Next 50 Index Fund - Growth,65.5281
2026-08-25,112958,ICICI Prudential Nifty Next 50 Index Fund -IDCW,65.5273
2026-08-25,113032,DSP Focused Fund - Regular Plan - IDCW,20.6890
2026-08-25,113036,Baroda BNP Paribas Short Term Fund - Regular Plan - Growth Option,30.9782
2026-08-25,113037,Baroda BNP Paribas Short Term Fund - Regular Plan - Monthly IDCW Option,10.1830
2026-08-25,113047,HDFC Short Term Fund - Growth Option,34.1316
2026-08-25,113048,HDFC Short Term Fund - Fortnightly IDCW Option,10.1775
2026-08-25,113049,HDFC Gold ETF - Growth Option,136.9974
2026-08-25,113064,Axis Multi Asset Allocation Fund - Regular Plan - Growth Option,46.2077
2026-08-25,113065,Axis Multi Asset Allocation Fund - Regular Plan - Monthly IDCW,20.0999
2026-08-25,113069,Motilal Oswal Nifty 50 ETF,254.9982
2026-08-25,113070,HDFC Corporate Bond Fund - Growth Option,34.3956
2026-08-25,113071,HDFC Corporate Bond Fund - Quarterly IDCW Option,10.5848
2026-08-25,113076,ICICI Prudential Gold ETF,137.2888
2026-08-25,113077,UTI Dynamic Term Fund - Regular Plan - Growth Option,32.4777
2026-08-25,113078,UTI Dynamic Term Fund - Regular Plan - Discontinued Quarterly IDCW,17.6838
2026-08-25,113097,ICICI Prudential Conservative Hybrid Fund - Plan - Quarterly IDCW,12.2499
2026-08-25,113098,ICICI Prudential Conservative Hybrid Fund - Plan - Half Yearly IDCW,13.1796
2026-08-25,113099,SBI PSU Fund - REGULAR PLAN -Growth,34.5190
2026-08-25,113134,Tata Aggressive Hybrid Fund- Regular Plan - Monthly Payout of IDCW Option,82.3973
2026-08-25,113137,ICICI Prudential Medium Term Fund - Quarterly IDCW,11.0482
2026-08-25,113144,CANARA ROBECO ULTRA SHORT TO SHORT TERM FUND - REGULAR PLAN - MONTHLY IDCW (Payout/Reinvestment),10.3065
2026-08-25,113153,DSP Small Cap Fund - Regular - IDCW,63.4200
2026-08-25,113169,Bandhan Medium Term Fund - Regular Plan - Quarterly IDCW,11.2263
2026-08-25,113177,Nippon India Small Cap Fund - Growth Plan - Growth Option,185.7145
2026-08-25,113178,Nippon India Small Cap Fund - Growth Plan - Bonus Option,185.7145
2026-08-25,113179,NIPPON INDIA SMALL CAP FUND - IDCW Option,95.4628
2026-08-25,113218,ICICI Prudential Dynamic Term Fund - Annual IDCW,11.5558
2026-08-25,113221,CANARA ROBECO LARGE CAP FUND - REGULAR PLAN - GROWTH OPTION,62.7600
2026-08-25,113222,CANARA ROBECO LARGE CAP FUND - REGULAR PLAN - IDCW (Payout/Reinvestment),28.9900
2026-08-25,113269,Nippon India Index Fund - BSE Sensex Plan - Growth Plan - Growth Option,39.7582
2026-08-25,113270,Nippon India Index Fund - BSE Sensex Plan - Growth Plan - Bonus Option,39.7582
2026-08-25,113271,NIPPON INDIA INDEX FUND - BSE SENSEX PLAN - QUARTERLY - IDCW Option,31.3420
2026-08-25,113294,NIPPON INDIA INDEX FUND - BSE SENSEX PLAN - HALF YEARLY - IDCW Option,31.3490
2026-08-25,113295,NIPPON INDIA INDEX FUND - BSE SENSEX PLAN - ANNUAL - IDCW Option,31.3382
2026-08-25,113296,Nippon India Index Fund - Nifty 50 Plan - Growth Plan - Growth Option,41.5852
2026-08-25,113297,Nippon India Index Fund - Nifty 50 Plan - Growth Plan - Bonus Option,41.5852
2026-08-25,113298,NIPPON INDIA INDEX FUND - NIFTY 50 PLAN - QUARTERLY - IDCW Option,32.7950
2026-08-25,113299,NIPPON INDIA INDEX FUND - NIFTY 50 PLAN - HALF YEARLY - IDCW Option,32.7965
2026-08-25,113300,NIPPON INDIA INDEX FUND - NIFTY 50 PLAN - ANNUAL - IDCW Option,32.6876
2026-08-25,113307,Aditya Birla Sun Life Ultra Short to Short Term Fund -Regular - DAILY IDCW,99.9494
2026-08-25,113345,Nippon India Arbitrage Fund - Growth Plan - Growth Option,28.3569
2026-08-25,113346,NIPPON INDIA ARBITRAGE FUND - IDCW Option,16.9942
2026-08-25,113361,BANDHAN Conservative Hybrid Fund - Regular Plan - Quarterly IDCW,13.6333
2026-08-25,113403,ICICI Prudential Dynamic Term Fund - Quarterly IDCW,11.9779
2026-08-25,113434,Axis Gold ETF,133.5594
2026-08-25,114239,ICICI Prudential Credit Risk Fund - Growth,34.7935
2026-08-25,114240,ICICI Prudential Credit Risk Fund - Quarterly IDCW,11.4154
2026-08-25,114297,SBI Overnight Fund - Regular Plan - Daily Income Distribution cum Capital Withdrawal Option (IDCW),1380.9103
2026-08-25,114348,SBI Money Market Fund - Regular Plan Daily Income Distribution cum Capital Withdrawal Option (IDCW),14.4708
2026-08-25,114359,Invesco India Ultra Short Term Fund - Regular Plan - Growth,2890.3143
2026-08-25,114360,Invesco India Ultra Short Term Fund - Regular Plan - Quarterly IDCW (Payout / Reinvestment),1121.9806
2026-08-25,114361,Invesco India Ultra Short Term Fund - Regular Plan - Annual IDCW (Payout / Reinvestment),1155.2164
2026-08-25,114362,Invesco India Ultra Short Term Fund - Regular Plan - Monthly IDCW (Payout / Reinvestment),1015.8525
2026-08-25,114456,Motilal Oswal Nifty Midcap 100 ETF,69.2765
2026-08-25,114457,Kotak Large Cap Fund - Payout of Income Distribution cumcapital withdrawal option,74.181
2026-08-25,114458,Kotak Large Cap Fund - Growth,574.673
2026-08-25,114476,BANDHAN Infrastructure Fund - Regular Plan - Growth,49.372
2026-08-25,114477,BANDHAN Infrastructure Fund - Regular Plan - IDCW,36.796
2026-08-25,114564,Axis Midcap Fund - Regular Plan - Growth,123.38
2026-08-25,114565,Axis Midcap Fund - Regular Plan - IDCW,42.06
2026-08-25,114616,Nippon India Gold Savings Fund-Growth plan- Growth Option,61.0588
2026-08-25,114617,NIPPON INDIA GOLD SAVINGS FUND - IDCW Option,61.0588
2026-08-25,114757,Kotak Gold Fund Payout of Income Distribution cum capital withdrawal option,61.3036
2026-08-25,114758,Kotak Gold Fund Growth,61.3048
2026-08-25,114858,Kotak Conservative Hybrid Fund - Monthly Payout of Income Distribution cum capital withdrawal option,12.2331
2026-08-25,114859,Kotak Conservative Hybrid Fund - Growth,60.1188
2026-08-25,114930,Mirae Asset Great Consumer Fund - Regular Plan - IDCW,26.871
2026-08-25,114931,Mirae Asset Great Consumer Fund - Regular Plan - Growth,95.913
2026-08-25,114984,Motilal Oswal Nasdaq 100 ETF (MOFN100),272.4529
2026-08-25,115068,Axis Dynamic Bond Fund - Regular Plan - Growth Option,31.5889
2026-08-25,115069,Axis Dynamic Bond Fund - Regular Plan - Quarterly IDCW,11.5771
2026-08-25,115077,CANARA ROBECO SHORT TERM FUND - REGULAR PLAN - GROWTH OPTION,26.8923
2026-08-25,115078,CANARA ROBECO SHORT TERM FUND - REGULAR PLAN - MONTHLY IDCW (Payout/Reinvestment),15.8287
2026-08-25,115079,CANARA ROBECO SHORT TERM FUND - REGULAR PLAN - QUARTERLY IDCW (Payout/Reinvestment),15.4946
2026-08-25,115091,ICICI Prudential Ultra Short Term Fund - Quarterly IDCW,11.0936
2026-08-25,115092,ICICI Prudential Ultra Short Term Fund - Growth,29.7296
2026-08-25,115094,ICICI Prudential Ultra Short Term Fund - Monthly IDCW,10.6932
2026-08-25,115116,HSBC Brazil Fund-Growth,10.1682
2026-08-25,115117,HSBC Brazil Fund - IDCW,10.1682
2026-08-25,115127,Aditya Birla Sun Life Gold ETF,141.0396
2026-08-25,115131,Axis Dynamic Bond Fund - Regular Plan - Half Yearly IDCW,12.0105
2026-08-25,115132,Quantum Gold ETF FOF - Direct Plan Growth Option,61.5647
2026-08-25,115270,Union Flexi Cap Fund - Growth Option,53.30
2026-08-25,115284,Invesco India Nifty 50 Exchange Traded Fund,279.3054
2026-08-25,115290,Union Flexi Cap Fund - IDCW Option,29.70
2026-08-25,115294,ICICI Prudential Technology Fund - IDCW,51.58
2026-08-25,115398,Union Liquid Fund - Growth Option,2695.5752
2026-08-25,115399,Union Liquid Fund - Fortnightly IDCW Option,1003.5347
2026-08-25,115400,Union Liquid Fund - Monthly IDCW Option,1005.6479
2026-08-25,115401,Union Liquid Fund - Daily IDCW Option,1001.4576
2026-08-25,115402,Union Liquid Fund - Weekly IDCW Option,1001.6114
2026-08-25,115458,Invesco India Ultra Short to Short Term Fund - Discretionary IDCW (Payout / Reinvestment),4140.1686
2026-08-25,115464,Tata Treasury Advantage Fund Regular Plan - Periodic Payout of IDCW Option,2669.1344
2026-08-25,115483,UTI Ultra Short to Short Term Fund - Regular Plan - Quarterly IDCW,1451.0673
2026-08-25,115489,BANDHAN LIQUID Fund - Regular Plan - Periodic IDCW,1459.6728
2026-08-25,115505,ICICI Prudential Liquid Fund - IDCW Others,192.6543
2026-08-25,115510,ICICI Prudential Floating Interest Rates Fund - IDCW Others,201.1825
2026-08-25,115511,ICICI Prudential Ultra Short to Short Term Fund - IDCW Others,196.0572
2026-08-25,115512,Aditya Birla Sun Life Nifty 50 ETF,28.5535
2026-08-25,115515,Invesco India Money Market Fund - Daily IDCW (Reinvestment),1000.29
2026-08-25,115676,SBI GOLD FUND REGULAR PLAN - GROWTH,46.7590
2026-08-25,115677,SBI Gold Fund - Regular Plan - Income Distribution cum Capital Withdrawal Option (IDCW),46.7661
2026-08-25,115833,ICICI Prudential Gold ETF FOF - Growth,49.4005
2026-08-25,115834,ICICI Prudential Gold ETF FOF - IDCW,49.4015
2026-08-25,115874,Bandhan Income Plus Arbitrage Active FOF - Regular Plan - Fortnightly IDCW,12.1328
2026-08-25,115897,Axis Gold Fund - Regular Plan - Growth Option,46.3892
2026-08-25,115898,Axis Gold Fund - Regular Plan - IDCW,46.4470
2026-08-25,115934,HDFC Gold ETF Fund of Fund - Growth Option,47.6263
2026-08-25,115942,Tata Retirement Savings Fund - Progressive Plan -Regular Plan-Growth Option,70.3764
2026-08-25,115943,Tata Retirement Savings Fund- Moderate Plan-Regular Plan-Growth Option,69.2800
2026-08-25,115944,Tata Retirement Savings Fund- Conservative Plan-Regular Plan-Growth Option,33.1680
2026-08-25,115991,Groww Liquid Fund (formerly known as Indiabulls Liquid Fund) - Regular Plan - Growth Option,2709.0087
2026-08-25,115992,Groww Liquid Fund (formerly known as Indiabulls Liquid Fund)- Regular Plan- - Income Distribution cum capital withdrawal Option (Reinvestment),1002.0894
2026-08-25,115993,Groww Liquid Fund (formerly known as Indiabulls Liquid Fund)- Regular Plan- Weekly - Income Distribution cum capital withdrawal Option (Payout & Reinvestment),1001.9925
2026-08-25,115994,Groww Liquid Fund (formerly known as Indiabulls Liquid) Fund- Regular Plan- Fortnightly - Income Distribution cum capital withdrawal Option (Payout & Reinvestment),1001.7664
2026-08-25,115995,Groww Liquid Fund (formerly known as Indiabulls Liquid Fund)- Regular Plan- Monthly - Income Distribution cum capital withdrawal Option (Payout & Reinvestment),1005.4703
2026-08-25,116020,BANDHAN Ultra Short to Short Term Fund - Regular Plan - Periodic IDCW,13.6966
2026-08-25,116051,Union ELSS Tax Saver Fund - Growth Option,66.88
2026-08-25,116052,Union ELSS Tax Saver Fund - IDCW Option,37.39
2026-08-25,116075,Invesco India Gold ETF Fund of Fund - Regular Plan - IDCW (Payout / Reinvestment),44.88
2026-08-25,116077,Invesco India Gold ETF Fund of Fund - Regular Plan - Growth,44.875
2026-08-25,116109,Invesco India Corporate Bond Fund - Regular Plan - Discretionary IDCW (Payout / Reinvestment),3536.5449
2026-08-25,116110,Invesco India Short Term Fund- Regular Plan - Discretionary IDCW (Payout / Reinvestment),2813.3948
2026-08-25,116174,ICICI Prudential Banking and PSU Debt Fund - Quarterly IDCW,11.1910
2026-08-25,116413,BANDHAN Ultra Short to Short Term Fund - Regular Plan - Quarterly IDCW,11.2530
2026-08-25,116470,Axis Gilt Fund - Regular Plan - Regular IDCW,10.0029
2026-08-25,116471,Axis Gilt Fund - Regular Plan - Growth Option,26.7385
2026-08-25,116472,Axis Gilt Fund - Regular Plan - Half Yearly IDCW,12.1021
2026-08-25,116484,PGIM India Dynamic Term Fund - Dividend Option - Quarterly,1045.6072
2026-08-25,116485,PGIM India Dynamic Term Fund - Growth Option,2708.5505
2026-08-25,116488,Invesco India Money Market Fund - Regular Plan - Daily IDCW (Reinvestment),1008.6058
2026-08-25,116547,Groww Largecap Fund (formerly known as Indiabulls Blue Chip Fund) - Regular Plan- Growth Option,43.63
2026-08-25,116548,Groww Largecap Fund (formerly known as Indiabulls Bluechip Fund)- Regular Plan- - Income Distribution cum capital withdrawal Option (Payout & Reinvestment),24.58
2026-08-25,116555,Union Dynamic Term Fund - Growth Option,23.6276
2026-08-25,116556,Union Dynamic Term Fund - IDCW Option,15.7525
2026-08-25,116632,Franklin U.S. Opportunities Equity Active Fund of Funds - IDCW,88.5070
2026-08-25,116633,Franklin U.S. Opportunities Equity Active Fund of Funds - Growth,91.0075
2026-08-25,116653,Invesco India Money Market Fund - Discretionary IDCW (Payout / Reinvestment),3272.6505
2026-08-25,116795,Aditya Birla Sun Life Gold Fund-REGULAR - IDCW,46.4497
2026-08-25,116796,Aditya Birla Sun Life Gold Fund-Growth,46.4519
2026-08-25,116894,Axis Strategic Bond Fund - Regular Plan - Growth Option,30.1405
2026-08-25,116895,Axis Strategic Bond Fund - Regular Plan - Quarterly IDCW,10.2636
2026-08-25,116896,Axis Strategic Bond Fund - Regular Plan - Half Yearly IDCW,10.6072
2026-08-25,117061,DSP Credit Risk Fund - Regular Plan - IDCW - Monthly,11.2802
2026-08-25,117062,DSP Credit Risk Fund - Regular Plan - IDCW - Quarterly,11.5656
2026-08-25,117063,DSP Ultra Short Term Fund - Regular Plan - IDCW - Monthly,1084.3033
2026-08-25,117312,Taurus Banking & Financial Services Fund - Regular Plan - Growth,53.18
2026-08-25,117313,Taurus Banking & Financial Services Fund - Regular Plan - Payout of Income Distribution cum Capital Withdrawal option,47.61
2026-08-25,117446,Axis Banking & PSU Debt Fund - Regular Plan - Growth option,2795.9785
2026-08-25,117447,Axis Banking & PSU Debt Fund - Regular Plan - Daily IDCW,1035.7898
2026-08-25,117448,Axis Banking & PSU Debt Fund - Regular Plan - Weekly IDCW,1035.3880
2026-08-25,117449,Axis Banking & PSU Debt Fund - Regular Plan - Monthly IDCW,1032.8102
2026-08-25,117547,Baroda BNP Paribas Banking and Financial Services Fund - Regular - IDCW Option,20.7638
2026-08-25,117549,Baroda BNP Paribas Banking and Financial Services Fund - Regular - Growth Option,50.6330
2026-08-25,117559,Axis Focused Fund - Regular Plan - IDCW,18.89
2026-08-25,117560,Axis Focused Fund - Regular Plan - Growth Option,57.29
2026-08-25,117608,Quantum Multi Asset Active FOF - Direct Plan Growth Option,38.0917
2026-08-25,117619,ICICI Prudential US Bluechip Equity Fund - IDCW,83
2026-08-25,117620,ICICI Prudential US Bluechip Equity Fund - Growth,83
2026-08-25,117691,DSP US Specific Equity Omni FoF - Regular Plan - Growth Option,92.5823
2026-08-25,117692,DSP US Specific Equity Omni FoF - Regular Plan - IDCW,41.8646
2026-08-25,117715,Kotak Credit Risk Fund - Regular Plan - Standard Income Distribution cum capital withdrawal option,13.8655
2026-08-25,117716,Kotak Credit Risk Fund - Growth,31.8829
2026-08-25,117867,Bandhan Income Plus Arbitrage Active FOF - Regular Plan - Weekly IDCW,12.3641
2026-08-25,117868,Bandhan Income Plus Arbitrage Active FOF - Regular Plan - Daily IDCW,12.3597
2026-08-25,117973,Invesco India Short Term Fund - Regular Plan - Daily IDCW (Reinvestment),1033.3338
2026-08-25,117974,NIPPON INDIA DYNAMIC TERM FUND - QUARTERLY IDCW Option,10.3772
2026-08-25,117981,UTI Credit Risk Fund  - Regular Plan - Growth Option,18.2944
2026-08-25,117982,UTI Credit Risk Fund - Regular Plan - Discontinued Quarterly IDCW,12.9948
2026-08-25,117995,DSP Ultra Short Term Fund - Regular Plan - IDCW - Payout,1130.4769
2026-08-25,117998,Kotak Dynamic Term Fund Regular Plan - Standard Income Distribution cum capital withdrawal option,14.9536
2026-08-25,118211,SBI Credit Risk Fund - Regular Plan - Daily Income Distribution cum Capital Withdrawal Option (IDCW),16.4524
2026-08-25,118232,Invesco India Banking and PSU Debt Fund - Regular Plan - Growth Option,2400.0035
2026-08-25,118233,Invesco India Banking and PSU Debt Fund - Regular Plan - Monthly IDCW (Payout / Reinvestment),1062.8207
2026-08-25,118234,Invesco India Banking and PSU Debt Fund - Regular Plan - Daily IDCW (Reinvestment),1048.5252
2026-08-25,118267,CANARA ROBECO INFRASTRUCTURE FUND - DIRECT PLAN - GROWTH OPTION,193.6500
2026-08-25,118268,CANARA ROBECO INFRASTRUCTURE FUND - DIRECT PLAN - IDCW (Payout/Reinvestment),92.4600
2026-08-25,118269,CANARA ROBECO LARGE CAP FUND - DIRECT PLAN - GROWTH OPTION,73.4400
2026-08-25,118270,CANARA ROBECO LARGE CAP FUND - DIRECT PLAN - IDCW (Payout/Reinvestment),53.5300
2026-08-25,118271,CANARA ROBECO AGGRESSIVE HYBRID FUND - DIRECT PLAN - MONTHLY IDCW (Payout/Reinvestment),132.7600
2026-08-25,118272,CANARA ROBECO AGGRESSIVE HYBRID FUND - DIRECT PLAN - GROWTH OPTION,427.5900
2026-08-25,118273,CANARA ROBECO CONSUMPTION FUND - DIRECT PLAN - GROWTH OPTION,128.9400
2026-08-25,118274,CANARA ROBECO CONSUMPTION FUND - DIRECT PLAN - IDCW (Payout/Reinvestment),83.6800
2026-08-25,118275,CANARA ROBECO FLEXI CAP FUND - DIRECT PLAN - GROWTH OPTION,397.3100
2026-08-25,118276,CANARA ROBECO FLEXI CAP FUND - DIRECT PLAN - IDCW (Payout/Reinvestment),93.7800
2026-08-25,118277,CANARA ROBECO LARGE AND MID CAP FUND - DIRECT PLAN - IDCW (Payout/Reinvestment),131.4300
2026-08-25,118278,CANARA ROBECO LARGE AND MID CAP FUND - DIRECT PLAN - GROWTH OPTION,304.5500
2026-08-25,118281,CANARA ROBECO MEDIUM TO LONG TERM FUND - DIRECT PLAN - QUARTERLY IDCW (Payout/Reinvestment),16.9652
2026-08-25,118282,CANARA ROBECO MEDIUM TO LONG TERM FUND - DIRECT PLAN - GROWTH OPTION,64.9045
2026-08-25,118283,CANARA ROBECO DYNAMIC TERM FUND - DIRECT PLAN - IDCW (Payout/Reinvestment),15.0424
2026-08-25,118284,CANARA ROBECO DYNAMIC TERM FUND - DIRECT PLAN - GROWTH OPTION,33.3292
2026-08-25,118285,CANARA ROBECO ELSS - TAX SAVER FUND - DIRECT PLAN - GROWTH OPTION,205.2700
2026-08-25,118286,CANARA ROBECO ELSS - TAX SAVER FUND - DIRECT PLAN - IDCW (Payout),79.5900
2026-08-25,118291,CANARA ROBECO ULTRA SHORT TO SHORT TERM FUND - DIRECT PLAN - GROWTH OPTION,46.5515
2026-08-25,118292,CANARA ROBECO ULTRA SHORT TO SHORT TERM FUND - DIRECT PLAN - IDCW (Payout/Reinvestment),38.6779
2026-08-25,118293,CANARA ROBECO ULTRA SHORT TO SHORT TERM FUND - DIRECT PLAN - DAILY IDCW (Reinvestment),10.2600
2026-08-25,118294,CANARA ROBECO ULTRA SHORT TO SHORT TERM  FUND - DIRECT PLAN - WEEKLY IDCW (Payout/Reinvestment),10.2628
2026-08-25,118295,CANARA ROBECO ULTRA SHORT TO SHORT TERM FUND - DIRECT PLAN - MONTHLY IDCW (Payout/Reinvestment),10.3084
2026-08-25,118298,CANARA ROBECO GILT FUND - DIRECT PLAN - IDCW (Payout/Reinvestment),16.2908
2026-08-25,118299,CANARA ROBECO GILT FUND - DIRECT PLAN - GROWTH OPTION,83.7544
2026-08-25,118304,CANARA ROBECO LIQUID FUND - DIRECT PLAN - IDCW (Payout/Reinvestment),2259.0176
2026-08-25,118305,CANARA ROBECO LIQUID FUND - DIRECT PLAN - GROWTH OPTION,3394.0104
2026-08-25,118306,CANARA ROBECO LIQUID FUND - DIRECT PLAN - MONTHLY IDCW (Payout/Reinvestment),1005.3334
2026-08-25,118307,CANARA ROBECO LIQUID FUND - DIRECT PLAN - DAILY IDCW (Reinvestment),1005.5000
2026-08-25,118308,CANARA ROBECO LIQUID FUND - DIRECT PLAN - WEEKLY IDCW (Payout/Reinvestment),1001.4133
2026-08-25,118309,CANARA ROBECO CONSERVATIVE HYBRID FUND - DIRECT PLAN - GROWTH OPTION,116.5121
2026-08-25,118310,CANARA ROBECO CONSERVATIVE HYBRID FUND - DIRECT PLAN - QUARTERLY IDCW (Payout/Reinvestment),16.3201
2026-08-25,118311,CANARA ROBECO CONSERVATIVE HYBRID FUND - DIRECT PLAN - MONTHLY IDCW (Payout/Reinvestment),16.1654
2026-08-25,118315,CANARA ROBECO ULTRA SHORT TERM FUND - DIRECT PLAN - DAILY IDCW (Reinvestment),1240.7100
2026-08-25,118316,CANARA ROBECO ULTRA SHORT TERM FUND - DIRECT PLAN - WEEKLY IDCW (Payout/Reinvestment),1241.4853
2026-08-25,118317,CANARA ROBECO ULTRA SHORT TERM FUND - DIRECT PLAN - GROWTH OPTION,4345.6151
2026-08-25,118318,CANARA ROBECO ULTRA SHORT TERM FUND - DIRECT PLAN - MONTHLY IDCW (Payout/Reinvestment),1005.8163
2026-08-25,118319,CANARA ROBECO ULTRA SHORT TERM FUND - DIRECT PLAN - IDCW (Payout/Reinvestment),2312.9421
2026-08-25,118320,CANARA ROBECO SHORT TERM FUND - DIRECT PLAN - GROWTH OPTION,29.5503
2026-08-25,118321,CANARA ROBECO SHORT TERM FUND - DIRECT PLAN - MONTHLY IDCW (Payout/Reinvestment),18.5197
2026-08-25,118322,CANARA ROBECO SHORT TERM FUND - DIRECT PLAN - QUARTERLY IDCW (Payout/Reinvestment),17.3363
2026-08-25,118363,BANDHAN LIQUID Fund -Direct Plan-Periodic IDCW,1377.6331
2026-08-25,118364,BANDHAN LIQUID Fund -Direct Plan-Growth,3419.5776
2026-08-25,118365,BANDHAN LIQUID Fund -Direct Plan -Monthly IDCW,1011.6172
2026-08-25,118366,BANDHAN LIQUID Fund -Direct Plan-Daily IDCW,1001.6663
2026-08-25,118367,BANDHAN LIQUID Fund -Direct Plan -Weekly IDCW,1007.8253
2026-08-25,118368,BANDHAN Ultra Short to Short Term Fund-Direct Plan-Daily IDCW,10.1093
2026-08-25,118369,BANDHAN Ultra Short to Short Term Fund-Direct Plan-Quarterly IDCW,11.1994
2026-08-25,118370,BANDHAN Ultra Short to Short Term Fund-Direct Plan-Periodic IDCW,13.8902
2026-08-25,118371,BANDHAN Ultra Short to Short Term Fund-Direct Plan-Growth,42.4050
2026-08-25,118372,BANDHAN Ultra Short to Short Term Fund-Direct Plan-Monthly IDCW,10.1553
2026-08-25,118373,BANDHAN Ultra Short to Short Term Fund-Direct Plan-Weekly IDCW,10.0972
2026-08-25,118383,Bandhan Money Market Fund -Direct Plan-Daily IDCW,10.0994
2026-08-25,118384,Bandhan Money Market Fund -Direct Plan-Growth,47.0670
2026-08-25,118385,Bandhan Money Market Fund -Direct Plan-Monthly IDCW,10.2385
2026-08-25,118386,Bandhan Money Market Fund -Direct Plan-Weekly IDCW,10.1090
2026-08-25,118387,Bandhan 10 year Constant Maturity Gilt Fund - Direct Plan - Growth,49.5570
2026-08-25,118388,Bandhan 10 year Constant Maturity Gilt Fund - Direct Plan - Quarterly IDCW,11.9525
2026-08-25,118389,Bandhan 10 year Constant Maturity Gilt Fund - Direct Plan - Weekly IDCW,17.8971
2026-08-25,118390,Bandhan 10 year Constant Maturity Gilt Fund - Direct Plan - Monthly IDCW,10.4782
2026-08-25,118393,Bandhan Medium to Long Term Fund - Direct Plan - Annual IDCW,16.3978
2026-08-25,118394,Bandhan Medium to Long Term Fund - Direct Plan - Growth,74.9221
2026-08-25,118395,Bandhan Medium to Long Term Fund - Direct Plan - Half Yearly IDCW,13.1556
2026-08-25,118396,Bandhan Medium to Long Term Fund - Direct Plan - Quarterly IDCW,12.7702
2026-08-25,118399,Bandhan Medium Term Fund - Direct Plan - Bi Monthly IDCW,10.5992
2026-08-25,118400,Bandhan Medium Term Fund - Direct Plan - Daily IDCW,10.3874
2026-08-25,118401,Bandhan Medium Term Fund - Direct Plan - Growth,53.2206
2026-08-25,118402,Bandhan Medium Term Fund - Direct Plan - Monthly IDCW,10.4894
2026-08-25,118403,Bandhan Medium Term Fund - Direct Plan - Quarterly IDCW,11.4389
2026-08-25,118405,Bandhan Short Term Fund - Direct Plan - Fortnightly IDCW,10.3587
2026-08-25,118406,Bandhan Short Term Fund - Direct Plan - Monthly IDCW,10.3994
2026-08-25,118407,Bandhan Short Term Fund - Direct Plan - Growth,65.6848
2026-08-25,118408,Bandhan Income Plus Arbitrage Active FOF - Direct Plan - Annual IDCW,15.1118
2026-08-25,118409,Bandhan Income Plus Arbitrage Active FOF - Direct Plan - Daily IDCW,12.4281
2026-08-25,118410,Bandhan Income Plus Arbitrage Active FOF - Direct Plan - Growth,49.2099
2026-08-25,118411,Bandhan Income Plus Arbitrage Active FOF - Direct Plan - Half Yearly IDCW,16.3351
2026-08-25,118412,Bandhan Income Plus Arbitrage Active FOF - Direct Plan - Weekly IDCW,12.4299
2026-08-25,118413,Bandhan Income Plus Arbitrage Active FOF - Direct Plan - Quarterly IDCW,13.0009
2026-08-25,118414,Bandhan Income Plus Arbitrage Active FOF - Direct Plan - Fortnightly IDCW,12.3715
2026-08-25,118415,BANDHAN Dynamic Term Fund-Direct Plan-Annual IDCW,12.1180
2026-08-25,118416,BANDHAN Dynamic Term Fund-Direct Plan-Growth,40.1422
2026-08-25,118417,BANDHAN Dynamic Term Fund-Direct Plan-IDCW,17.2339
2026-08-25,118418,BANDHAN Dynamic Term Fund-Direct Plan-Quarterly IDCW,13.6229
2026-08-25,118419,Bandhan Large & Mid Cap Fund - Direct Plan - Growth,168.435
2026-08-25,118420,Bandhan Large & Mid Cap Fund - Direct Plan - IDCW,37.470
2026-08-25,118421,Bandhan Focused Fund - Direct Plan - Growth,106.957
2026-08-25,118422,Bandhan Focused Fund - Direct Plan - IDCW,34.253
2026-08-25,118423,BANDHAN Flexi Cap Fund-Direct Plan-IDCW,52.321
2026-08-25,118424,BANDHAN Flexi Cap Fund-Direct Plan-Growth,234.632
2026-08-25,118462,Franklin India Large Cap Fund - Direct - IDCW,51.0634
2026-08-25,118463,Bandhan Gilt Fund - Direct Plan - IDCW,15.7392
2026-08-25,118464,Bandhan Gilt Fund - Direct Plan - Growth,40.8210
2026-08-25,118465,Bandhan Gilt Fund - Direct Plan - Half Yearly IDCW,12.7025
2026-08-25,118466,Bandhan Gilt Fund - Direct Plan - Quarterly IDCW,11.6753
2026-08-25,118467,Bandhan Gilt Fund - Direct Plan - Annual IDCW,12.7032
2026-08-25,118468,BANDHAN Infrastructure Fund-Direct Plan-IDCW,45.493
2026-08-25,118469,BANDHAN Infrastructure Fund-Direct Plan-Growth,58.486
2026-08-25,118472,BANDHAN ELSS - Tax Saver Fund - Direct Plan - IDCW,42.075
2026-08-25,118473,BANDHAN ELSS - Tax Saver Fund - Direct Plan - Growth,181.816
2026-08-25,118474,BANDHAN Arbitrage Fund-Direct Plan- Growth,37.7248
2026-08-25,118475,BANDHAN Arbitrage Fund-Direct Plan-Monthly IDCW,10.7970
2026-08-25,118476,BANDHAN Equity Savings Fund-Direct Plan-Monthly IDCW,11.600
2026-08-25,118477,BANDHAN Equity Savings Fund-Direct Plan-Growth,36.602
2026-08-25,118478,BANDHAN Large Cap Fund-Direct Plan-IDCW,29.254
2026-08-25,118479,BANDHAN Large Cap Fund-Direct Plan-Growth,92.940
2026-08-25,118480,Bandhan Value Fund - Direct Plan - IDCW,49.285
2026-08-25,118481,Bandhan Value Fund - Direct Plan - Growth,170.643
2026-08-25,118482,BANDHAN Nifty 50 Index Fund-Direct Plan-Growth,54.5184
2026-08-25,118483,BANDHAN Nifty 50 Index Fund-Direct Plan-IDCW,49.5512
2026-08-25,118484,Bandhan Aggressive Hybrid Passive FOF - Direct Plan - IDCW,37.9170
2026-08-25,118485,Bandhan Aggressive Hybrid Passive FOF - Direct Plan - Growth,55.0796
2026-08-25,118486,Bandhan Conservative Hybrid Passive FOF - Direct Plan - Growth,37.7402
2026-08-25,118487,Bandhan Conservative Hybrid Passive FOF - Direct Plan - IDCW,17.8351
2026-08-25,118488,Bandhan Multi-Asset Passive FOF - Direct Plan - IDCW,22.3232
2026-08-25,118489,Bandhan Multi-Asset Passive FOF - Direct Plan - Growth,46.4728
2026-08-25,118490,BANDHAN Conservative Hybrid Fund-Direct Plan-IDCW,13.3504
2026-08-25,118491,BANDHAN Conservative Hybrid Fund-Direct Plan-Growth,37.5277
2026-08-25,118492,BANDHAN Conservative Hybrid Fund-Direct Plan-Quarterly IDCW,16.3893
2026-08-25,118493,Templeton India Value Fund - Direct - IDCW,106.1747
2026-08-25,118494,Templeton India Value Fund - Direct - Growth,782.7880
2026-08-25,118497,Franklin India Government Securities Fund - Direct - IDCW,11.9584
2026-08-25,118498,Franklin India Government Securities Fund - Direct - Growth,67.9264
2026-08-25,118505,Franklin India Money Market Fund Retail Option - Direct - Quarterly - IDCW,11.7684
2026-08-25,118506,Franklin India Money Market Fund - Direct - Growth,55.8467
2026-08-25,118507,Franklin India Floating Rate Fund - Direct - IDCW,10.0571
2026-08-25,118508,Franklin India Floating Rate Fund - Direct - Growth,48.0291
2026-08-25,118509,Franklin India Large & Mid cap Fund - Direct - IDCW,23.6397
2026-08-25,118510,Franklin India Large & Mid Cap Fund - Direct - Growth,218.4463
2026-08-25,118524,Franklin India Small Cap Fund - Direct - IDCW,53.6695
2026-08-25,118525,Franklin India Small Cap Fund - Direct - Growth,206.5051
2026-08-25,118526,Franklin India Dividend Yield Fund - Direct - IDCW,27.0433
2026-08-25,118527,Franklin India Dividend Yield Fund - Direct - Growth,151.0539
2026-08-25,118531,Franklin India Large Cap Fund- Direct - Growth,1161.3321
2026-08-25,118532,Franklin India Mid Cap Fund - Direct - IDCW,107.6984
2026-08-25,118533,Franklin India Mid Cap Fund - Direct - Growth,3274.8406
2026-08-25,118534,Franklin India Flexi Cap Fund - Direct - IDCW,70.4294
2026-08-25,118535,Franklin India Flexi Cap Fund - Direct - Growth,1821.4758
2026-08-25,118536,Franklin India Technology Fund - Direct - IDCW,47.4328
2026-08-25,118537,Franklin India Technology Fund - Direct - Growth,544.3089
2026-08-25,118538,Franklin INDIA OPPORTUNITIES FUND - Direct - IDCW,43.6610
2026-08-25,118539,Franklin India Opportunities Fund - Direct - Growth,299.3908
2026-08-25,118540,Franklin India ELSS Tax Saver Fund - Direct - Growth,1628.2657
2026-08-25,118541,Franklin India ELSS Tax Saver Fund - Direct - IDCW,71.2985
2026-08-25,118542,Franklin India Dynamic Asset Allocation Active Fund of funds - Direct - IDCW,48.2456
2026-08-25,118543,Franklin India Dynamic Asset Allocation Active Fund Of Funds - Direct - Growth,191.9814
2026-08-25,118546,Franklin India Aggressive Hybrid Fund - Direct - Growth,312.6788
2026-08-25,118547,Franklin India Aggressive Hybrid Fund - Direct - IDCW,33.9401
2026-08-25,118548,Franklin India Retirement Fund - Direct - Growth,243.1872
2026-08-25,118549,Franklin India Retirement Fund - Direct - IDCW,18.4980
2026-08-25,118550,Franklin U.S. Opportunities Equity Active Fund of Funds - Direct - IDCW,99.8866
2026-08-25,118551,Franklin U.S. Opportunities Equity Active Fund of Funds - Direct - Growth,103.8923
2026-08-25,118556,Franklin Build India Fund - Direct - IDCW,49.9126
2026-08-25,118557,Franklin Build India Fund - Direct - Growth,166.9715
2026-08-25,118558,Franklin Asian Equity Fund - Direct - IDCW,23.0145
2026-08-25,118559,Franklin Asian Equity Fund - Direct - Growth,50.2625
2026-08-25,118563,Franklin India Focused Equity Fund - Direct - IDCW,40.7588
2026-08-25,118564,Franklin India Focused Equity Fund - Direct - Growth,116.9177
2026-08-25,118569,Franklin India Corporate Debt Fund - Direct - GROWTH,116.0026
2026-08-25,118570,Franklin India Corporate Debt Fund - Plan A - Direct - Annual - IDCW,19.0909
2026-08-25,118571,Franklin India Corporate Debt Fund - Plan A - Direct - Monthly - IDCW,16.9023
2026-08-25,118572,Franklin India Corporate Debt Fund - Plan A - Direct - Quarterly - IDCW,13.6801
2026-08-25,118573,Franklin India Corporate Debt Fund - Plan A - Direct - Half yearly - IDCW,14.9679
2026-08-25,118574,Franklin India Conservative Hybrid Fund - Direct - GROWTH,103.0314
2026-08-25,118575,Franklin India Conservative Hybrid Fund - Plan A - Direct - Monthly - IDCW,14.3151
2026-08-25,118576,Franklin India Conservative Hybrid Fund - Plan A - Direct - Quarterly - IDCW,13.6027
2026-08-25,118577,Franklin India Liquid Fund - Super Institutional - Direct - Growth,4258.2981
2026-08-25,118578,Franklin India Liquid Fund - Super Institutional Plan - Direct - Daily - IDCW,1002.8152
2026-08-25,118579,Franklin India Liquid Fund - Super Institutional Plan - Direct - Weekly - IDCW,1022.3384
2026-08-25,118580,Franklin India INDEX FUND- NSE Nifty 50 Index Fund - Direct - IDCW,181.3952
2026-08-25,118581,Franklin India INDEX FUND- NSE NIFTY 50 INDEX FUND- Direct - Growth,208.2302
2026-08-25,118585,Nippon India Arbitrage Fund - Direct Plan Growth Plan - Growth Option,30.8856
2026-08-25,118587,NIPPON INDIA ARBITRAGE FUND - DIRECT Plan - IDCW Option,19.0169
2026-08-25,118588,Nippon India Banking & Financial Services Fund - Direct Plan Growth Plan - Bonus Option,719.0693
2026-08-25,118589,Nippon India Banking & Financial Services Fund - Direct Plan Growth Plan - Growth Option,719.0693
2026-08-25,118591,Nippon India Banking & Financial Services Fund- DIRECT Plan - IDCW Option,104.4398
2026-08-25,118614,Edelweiss Balanced Advantage Fund - Direct Plan - Quarterly - IDCW Option,29.79
2026-08-25,118615,Edelweiss Balanced Advantage Fund -Direct Plan-Growth Option,62.09
2026-08-25,118616,Edelweiss Large Cap Fund - Direct Plan - IDCW Option,38.93
2026-08-25,118617,Edelweiss Large Cap Fund - Direct Plan-Growth option,98.63
2026-08-25,118619,Edelweiss ELSS Tax Saver Fund - Direct Plan - IDCW Option,48.04
2026-08-25,118620,Edelweiss ELSS Tax Saver Fund - Direct Plan-Growth Option,142.06
2026-08-25,118624,Edelweiss Aggressive Hybrid Fund-Direct Plan-Growth Option,77.34
2026-08-25,118625,Edelweiss Aggressive Hybrid Fund  - Direct Plan - IDCW Option,33.34
2026-08-25,118632,Nippon India Large Cap Fund - Direct Plan Growth Plan - Growth Option,101.9656
2026-08-25,118633,Nippon India Large Cap Fund - Direct Plan Growth Plan - Bonus Option,101.9656
2026-08-25,118634,NIPPON INDIA LARGE CAP FUND - DIRECT Plan - IDCW Option,40.5557
2026-08-25,118650,Nippon India Multi Cap Fund - Direct Plan Growth Plan - Growth Option,338.5485
2026-08-25,118651,Nippon India Multi Cap Fund - Direct Plan Growth Plan - Bonus Option,338.5485
2026-08-25,118652,NIPPON INDIA MULTI CAP FUND - DIRECT Plan - IDCW Option,87.5995
2026-08-25,118654,NIPPON INDIA FLOATING INTEREST RATES  FUND - DIRECT Plan - DAILY IDCW Option,10.2535
2026-08-25,118655,NIPPON INDIA FLOATING INTEREST RATES  FUND - DIRECT Plan - MONTHLY IDCW Option,11.3100
2026-08-25,118656,Nippon India Floating Interest Rates  Fund  - Direct Plan Growth Plan - Growth Option,50.8905
2026-08-25,118660,NIPPON INDIA FLOATING INTEREST RATES   FUND - DIRECT Plan - WEEKLY IDCW Option,10.2432
2026-08-25,118661,NIPPON INDIA FLOATING INTEREST RATES  FUND - DIRECT Plan - QUARTERLY IDCW Option,10.9735
2026-08-25,118662,NIPPON INDIA GOLD SAVINGS FUND - Direct Plan - IDCW Option,63.9897
2026-08-25,118663,Nippon India Gold Savings Fund - Direct Plan Growth Plan - Growth Option,63.9897
2026-08-25,118665,Nippon India Growth Mid Cap Fund - Direct Plan Growth Plan - Bonus Option,843.5698
2026-08-25,118666,NIPPON INDIA GROWTH MID CAP FUND - DIRECT Plan - IDCW Option,196.9501
2026-08-25,118668,Nippon India Growth Mid Cap Fund - Direct Plan Growth Plan - Growth Option,5077.5711
2026-08-25,118669,Nippon India Gilt  Fund - Direct Plan - P F Option - Automatic Capital Appreciation Payout Option,44.4522
2026-08-25,118670,NIPPON INDIA GILT  FUND - Direct Plan - MONTHLY IDCW Option,11.7416
2026-08-25,118672,Nippon India Gilt  Fund - Direct Plan Growth Plan - Growth Option,44.5677
2026-08-25,118673,Nippon India Gilt  Fund - Direct Plan - P F Option - Defined Maturity Date Option,44.6881
2026-08-25,118674,Nippon India Gilt Fund - Direct Plan - P F Option - Automatic Annual Reinvest Option,24.1227
2026-08-25,118675,Nippon India Vision Large & Mid Cap Fund - Direct Plan Growth Plan - Bonus Option,281.0826
2026-08-25,118676,NIPPON INDIA VISION LARGE & MID CAP  FUND - DIRECT Plan - IDCW Option,72.6371
2026-08-25,118678,Nippon India Vision Large & Mid Cap Fund - Direct Plan Growth Plan - Growth Option,1657.8958
2026-08-25,118679,Nippon India Medium to Long Term  Fund - Direct Plan Growth Plan-Bonus Option,30.0854
2026-08-25,118680,NIPPON INDIA MEDIUM TO LONG TERM  FUND - Direct Plan - ANNUAL IDCW Option,14.4143
2026-08-25,118681,NIPPON INDIA MEDIUM TO LONG TERM  FUND - Direct Plan - HALF YEARLY IDCW Option,13.8230
2026-08-25,118683,NIPPON INDIA MEDIUM TO LONG TERM  FUND - Direct Plan - MONTHLY IDCW Option,11.4048
2026-08-25,118684,NIPPON INDIA MEDIUM TO LONG TERM FUND - Direct Plan - QUARTERLY IDCW Option,14.0545
2026-08-25,118687,Nippon India Medium to Long Term Fund - Direct Plan Growth Plan - Growth Option,105.2824
2026-08-25,118689,NIPPON INDIA QUARTERLY INTERVAL FUND - SERIES II - Direct Plan - IDCW Option,13.5308
2026-08-25,118691,Nippon India Quarterly Interval Fund - Series II - Direct Plan Growth Plan - Growth,39.0466
2026-08-25,118692,Nippon India Focused Fund - Direct Plan Growth Plan - Growth Option,138.5184
2026-08-25,118693,NIPPON INDIA FOCUSED  FUND - DIRECT Plan - IDCW Option,46.1886
2026-08-25,118695,NIPPON INDIA LIQUID FUND - DIRECT Plan - DAILY IDCW OPTION,1528.7400
2026-08-25,118696,NIPPON INDIA LIQUID FUND - DIRECT Plan - MONTHLY IDCW OPTION,1587.1282
2026-08-25,118698,NIPPON INDIA LIQUID FUND - DIRECT Plan - QUARTERLY IDCW OPTION,1015.9552
2026-08-25,118700,NIPPON INDIA LIQUID FUND - DIRECT Plan - WEEKLY IDCW OPTION,1531.7490
2026-08-25,118701,Nippon India Liquid Fund - Direct Plan Growth Plan - Growth Option,6934.1366
2026-08-25,118702,Nippon India Ultra Short to Short Term Fund - Direct Plan Growth Plan - Bonus Option,2482.9318
2026-08-25,118703,NIPPON INDIA ULTRA SHORT TO SHORT TERM FUND - DIRECT Plan - DAILY IDCW Option,1012.3553
2026-08-25,118704,NIPPON INDIA ULTRA SHORT TO SHORT TERM FUND - DIRECT Plan - MONTHLY IDCW Option,1038.7170
2026-08-25,118705,NIPPON INDIA ULTRA SHORT TO SHORT TERM  FUND - DIRECT Plan - QUARTERLY IDCW Option,1029.0128
2026-08-25,118706,NIPPON INDIA ULTRA SHORT TO SHORT TERM  FUND - DIRECT Plan - WEEKLY IDCW Option,1012.2420
2026-08-25,118709,Nippon India Ultra Short to Short Term Fund - Direct Plan Growth Plan - Growth Option,4274.3192
2026-08-25,118715,Nippon India Money Market Fund - Direct Plan Growth Plan - Bonus Option,2663.8328
2026-08-25,118716,NIPPON INDIA MONEY MARKET FUND - DIRECT Plan - QUARTERLY IDCW Option,1026.3055
2026-08-25,118717,NIPPON INDIA MONEY MARKET FUND - DIRECT Plan - WEEKLY IDCW Option,1007.9975
2026-08-25,118718,NIPPON INDIA MONEY MARKET FUND - DIRECT Plan - DAILY IDCW Option,1006.3456
2026-08-25,118719,Nippon India Money Market Fund - Direct Plan Growth Plan - Growth Option,4530.1632
2026-08-25,118720,NIPPON INDIA MONEY MARKET FUND - DIRECT Plan - MONTHLY IDCW Option,1030.1097
2026-08-25,118722,Nippon India Consumption Fund - Direct Plan Growth Plan - Bonus,226.9935
2026-08-25,118724,Nippon India Consumption Fund - Direct Plan Growth Plan - Growth Option,226.9935
2026-08-25,118725,NIPPON INDIA CONSUMPTION FUND - DIRECT Plan - IDCW Option,55.5985
2026-08-25,118726,Nippon India Conservative Hybrid  Fund - Direct Plan Growth Plan - Growth Option,69.3654
2026-08-25,118727,NIPPON INDIA CONSERVATIVE HYBRID  FUND - DIRECT Plan - MONTHLY IDCW Option,11.7085
2026-08-25,118729,NIPPON INDIA CONSERVATIVE HYBRID  FUND - DIRECT Plan - QUARTERLY IDCW Option,13.0495
2026-08-25,118736,Nippon India Balanced Advantage Fund - Direct Plan Growth Plan - Growth Option,213.1649
2026-08-25,118738,NIPPON INDIA BALANCED ADVANTAGE FUND - DIRECT Plan - IDCW Option,46.4489
2026-08-25,118740,NIPPON INDIA INDEX FUND - NIFTY 50 PLAN - DIRECT Plan - QUARTERLY - IDCW Option,35.8075
2026-08-25,118741,Nippon India Index Fund - Nifty 50 Plan - Direct Plan Growth Plan - Growth Option,44.9532
2026-08-25,118742,Nippon India Index Fund - Nifty 50 Plan - Direct Plan Growth Plan - Bonus Option,44.9532
2026-08-25,118743,NIPPON INDIA INDEX FUND - NIFTY 50 PLAN - DIRECT Plan - ANNUAL - IDCW Option,35.8672
2026-08-25,118745,NIPPON INDIA INDEX FUND - NIFTY 50 PLAN - DIRECT Plan - HALF YEARLY - IDCW Option,35.8156
2026-08-25,118747,Nippon India Dynamic Term Fund - Direct Plan Growth Plan - Growth Option,42.4884
2026-08-25,118749,NIPPON INDIA DYNAMIC TERM FUND - Direct Plan - QUARTERLY IDCW Option,10.4844
2026-08-25,118750,NIPPON INDIA DYNAMIC TERM FUND - Direct Plan - IDCW Option,30.6969
2026-08-25,118756,NIPPON INDIA PHARMA FUND - DIRECT Plan - IDCW Option,176.4091
2026-08-25,118758,Nippon India Pharma Fund - Direct Plan Growth Plan - Bonus Option,644.5844
2026-08-25,118759,Nippon India Pharma Fund - Direct Plan Growth Plan - Growth Option,644.5844
2026-08-25,118760,NIPPON INDIA POWER & INFRA FUND - DIRECT Plan - IDCW Option,77.5606
2026-08-25,118762,Nippon India Power & Infra Fund - Direct Plan Growth Plan - Bonus Option,423.1317
2026-08-25,118763,Nippon India Power & Infra Fund - Direct Plan Growth Plan - Growth Option,423.1317
2026-08-25,118767,NIPPON INDIA QUANT FUND - DIRECT Plan - IDCW Option,46.7757
2026-08-25,118769,Nippon India Quant Fund - Direct Plan Growth Plan - Growth Option,81.5401
2026-08-25,118770,Nippon India Quant Fund - Direct Plan Growth Plan - Bonus Option,81.5401
2026-08-25,118775,NIPPON INDIA SMALL CAP FUND - Direct Plan - IDCW Option,111.5768
2026-08-25,118777,Nippon India Small Cap Fund - Direct Plan Growth Plan - Bonus Option,209.8001
2026-08-25,118778,Nippon India Small Cap Fund - Direct Plan Growth Plan - Growth Option,209.8001
2026-08-25,118780,Nippon India Credit Risk Fund - Direct Plan - Growth Plan,42.2075
2026-08-25,118781,NIPPON INDIA CREDIT RISK FUND - DIRECT Plan - QUARTERLY IDCW Option,13.7905
2026-08-25,118782,NIPPON INDIA VALUE FUND - DIRECT Plan - IDCW Option,66.2256
2026-08-25,118784,Nippon India Value Fund - Direct Plan Growth Plan,250.7687
2026-08-25,118785,Nippon India Index Fund - BSE Sensex Plan - Direct Plan Growth Plan - Bonus Option,42.2692
2026-08-25,118786,NIPPON INDIA INDEX FUND - BSE SENSEX PLAN - DIRECT Plan - ANNUAL - IDCW Option,33.6234
2026-08-25,118788,NIPPON INDIA INDEX FUND - BSE SENSEX PLAN - DIRECT Plan - HALF YEARLY - IDCW Option,33.5799
2026-08-25,118790,NIPPON INDIA INDEX FUND - BSE SENSEX PLAN - DIRECT Plan - QUARTERLY - IDCW Option,33.6258
2026-08-25,118791,Nippon India Index Fund - BSE Sensex Plan - Direct Plan Growth Plan - Growth Option,42.2692
2026-08-25,118793,NIPPON INDIA AGGRESSIVE HYBRID FUND - DIRECT Plan - IDCW Option,38.6431
2026-08-25,118794,Nippon India Aggressive Hybrid Fund  - Direct Plan Growth Plan,123.6816
2026-08-25,118796,Nippon India Short Term Fund - Direct Plan Growth Plan - Growth Option,61.4545
2026-08-25,118797,NIPPON INDIA SHORT TERM FUND - Direct Plan - MONTHLY IDCW Option,11.7585
2026-08-25,118800,NIPPON INDIA SHORT TERM FUND - Direct Plan - QUARTERLY IDCW OPTION,15.3711
2026-08-25,118801,NIPPON INDIA ELSS TAX SAVER FUND - DIRECT Plan - IDCW Option,46.0719
2026-08-25,118803,Nippon India ELSS Tax Saver Fund - Direct Plan Growth Plan - Growth Option,145.5688
2026-08-25,118807,Nippon India Corporate Bond Fund - Direct Plan Growth Plan - Bonus,47.9600
2026-08-25,118808,NIPPON INDIA CORPORATE BOND FUND - DIRECT Plan - DAILY IDCW Option,17.0459
2026-08-25,118809,NIPPON INDIA CORPORATE BOND FUND - DIRECT Plan - MONTHLY IDCW Option,11.7845
2026-08-25,118811,NIPPON INDIA CORPORATE BOND FUND - DIRECT Plan - QUARTERLY IDCW Option,12.2398
2026-08-25,118812,NIPPON INDIA CORPORATE BOND FUND - DIRECT Plan - WEEKLY IDCW Option,17.0595
2026-08-25,118814,Nippon India Corporate Bond Fund - Direct Plan Growth Plan - Growth Option,67.1757
2026-08-25,118825,Mirae Asset Large Cap Fund - Direct Plan - Growth,129.889
2026-08-25,118826,Mirae Asset Large Cap Fund - Direct Plan - IDCW,67.802
2026-08-25,118834,Mirae Asset Large & Midcap Fund - Direct Plan - Growth,181.492
2026-08-25,118835,Mirae Asset Large & Midcap Fund - Direct Plan - IDCW,85.104
2026-08-25,118837,Mirae Asset Great Consumer Fund - Direct Plan - Growth,116.099
2026-08-25,118838,Mirae Asset Great Consumer Fund - Direct Plan - IDCW,69.708
2026-08-25,118840,Mirae Asset Ultra Short to Short Term Fund - Direct Plan - Growth,2646.9489
2026-08-25,118841,Mirae Asset Ultra Short to Short Term Fund - Direct Plan - Monthly IDCW,1159.9864
2026-08-25,118842,Mirae Asset Ultra Short to Short Term Fund - Direct Plan - Quarterly IDCW,1007.7734
2026-08-25,118843,Mirae Asset Ultra Short to Short Term Fund - Direct Plan - Daily IDCW,1208.9238
2026-08-25,118844,Mirae Asset Ultra Short to Short Term Fund - Direct Plan - Weekly IDCW,1454.3726
2026-08-25,118859,Mirae Asset Liquid Fund - Direct Plan - Growth,2989.3789
2026-08-25,118860,Mirae Asset Liquid Fund - Direct Plan - Monthly IDCW,1134.8771
2026-08-25,118861,Mirae Asset Liquid Fund - Direct Plan - Daily IDCW,1075.8332
2026-08-25,118862,Mirae Asset Liquid Fund - Direct Plan - Weekly IDCW,1217.3738
2026-08-25,118866,Taurus ELSS Tax Saver Fund - Direct Plan - Growth,201.99
2026-08-25,118867,Taurus ELSS Tax Saver Fund - Direct Plan - Payout of Income Distribution cum Capital Withdrawal option,93.09
2026-08-25,118868,Taurus Banking & Financial Services Fund - Direct Plan - Growth,59.92
2026-08-25,118869,Taurus Banking & Financial Services Fund - Direct Plan - Payout of Income Distribution cum Capital Withdrawal option,59.23
2026-08-25,118870,Taurus Large Cap Fund - Direct Plan - Growth,178.70
2026-08-25,118871,Taurus Large Cap Fund - Direct Plan - Payout of Income Distribution cum Capital Withdrawal option,78.71
2026-08-25,118872,Taurus Mid Cap Fund - Direct Plan - Growth,136.71
2026-08-25,118873,Taurus Mid Cap Fund - Direct Plan - Payout of Income Distribution cum Capital Withdrawal option,121.44
2026-08-25,118876,Taurus Ethical Fund - Direct Plan - Growth,148.03
2026-08-25,118877,Taurus Ethical Fund - Direct Plan - Payout of Income Distribution cum Capital Withdrawal option,99.37
2026-08-25,118878,Taurus Ethical Fund-Direct Plan-Bonus Option #,48.51
2026-08-25,118879,Taurus Infrastructure Fund - Direct Plan - Growth,68.90
2026-08-25,118880,Taurus Infrastructure Fund - Direct Plan - Payout of Income Distribution cum Capital Withdrawal option,64.17
2026-08-25,118881,Taurus Nifty 50 Index Fund - Direct Plan - Growth,49.4469
2026-08-25,118882,Taurus Nifty 50 Index Fund - Direct Plan - Payout of Income Distribution cum Capital Withdrawal option,46.2767
2026-08-25,118883,Taurus Flexi Cap Fund - Direct Plan - Growth,249.29
2026-08-25,118884,Taurus Flexi Cap Fund - Direct Plan -  Payout of Income Distribution cum Capital Withdrawal option,125.77
2026-08-25,118901,HSBC Liquid Fund - Regular Daily IDCW,1001.3789
2026-08-25,118902,HSBC Liquid Fund - Regular Growth,2792.3378
2026-08-25,118903,HSBC Liquid Fund - Regular Monthly IDCW,1002.3019
2026-08-25,118904,HSBC Liquid Fund - Regular Weekly IDCW,1107.4561
2026-08-25,118906,HSBC Liquid Fund - IDCW,1019.3
2026-08-25,118907,HSBC Liquid Fund - Growth,4028.7969
2026-08-25,118908,HSBC Liquid Fund - Weekly IDCW,1001.2958
2026-08-25,118909,HSBC Liquid Fund - Institutional Daily IDCW,1562.8262
2026-08-25,118921,DSP Medium Term Fund - Direct Plan - IDCW - Monthly,11.2989
2026-08-25,118922,DSP Medium Term Fund - Direct Plan - IDCW,11.8357
2026-08-25,118924,DSP Medium Term Fund - Direct Plan - Growth,92.5884
2026-08-25,118934,HDFC Value Fund - IDCW Option - Direct Plan,46.82
2026-08-25,118935,HDFC Value Fund - Growth Option - Direct Plan,905.074
2026-08-25,118942,HDFC Ultra Short to Short Term Fund - Direct Plan - Growth,67.3427
2026-08-25,118943,HDFC Ultra Short to Short Term Fund - Direct Plan - Monthly IDCW,10.1866
2026-08-25,118944,HDFC Ultra Short to Short Term Fund - Direct Plan - Weekly IDCW,10.0609
2026-08-25,118945,HDFC Ultra Short to Short Term Fund - Direct Plan - Daily IDCW,10.0646
2026-08-25,118949,HDFC Focused Fund - IDCW Option - Direct Plan,32.263
2026-08-25,118950,HDFC Focused Fund - Growth Option - Direct Plan,271.294
2026-08-25,118954,HDFC Flexi Cap Fund - IDCW Option - Direct Plan,92.912
2026-08-25,118955,HDFC Flexi Cap Fund - Growth Option - Direct Plan,2297.867
2026-08-25,118959,HDFC Floating Interest Rates Fund - Direct Plan - Daily IDCW,10.0659
2026-08-25,118960,HDFC Floating Interest Rates Fund - Direct Plan - Monthly IDCW,10.1707
2026-08-25,118961,HDFC Floating Interest Rates Fund - Direct Plan - Growth Option,54.7609
2026-08-25,118962,HDFC Floating Interest Rates Fund - Direct Plan - Weekly IDCW,10.0274
2026-08-25,118968,HDFC Balanced Advantage Fund - Growth Plan - Direct Plan,574.166
2026-08-25,118969,HDFC Balanced Advantage Fund - IDCW Plan - Direct Plan,43.574
2026-08-25,118978,HDFC Infrastructure Fund - IDCW Option - Direct Plan,32.137
2026-08-25,118979,HDFC Infrastructure Fund - Growth Option - Direct Plan,52.516
2026-08-25,118986,HDFC Corporate Bond Fund - Quarterly IDCW Option - Direct Plan,10.4815
2026-08-25,118987,HDFC Corporate Bond Fund - Growth Option - Direct Plan,35.2487
2026-08-25,118988,HDFC Mid Cap Fund - IDCW Option - Direct Plan,84.378
2026-08-25,118989,HDFC Mid Cap Fund - Growth Option - Direct Plan,237.629
2026-08-25,118992,DSP Conservative Hybrid Fund - Direct Plan - IDCW - Monthly,14.1853
2026-08-25,118993,DSP Conservative Hybrid Fund - Direct Plan - IDCW - Quarterly,14.0138
2026-08-25,118994,DSP Conservative Hybrid Fund - Direct Plan - Growth,69.3780
2026-08-25,119015,HDFC Short Term Fund - Fortnightly IDCW - Direct Plan,10.285
2026-08-25,119016,HDFC Short Term Fund - Growth Option - Direct Plan,35.3554
2026-08-25,119017,HDFC Large Cap Fund - IDCW Option - Direct Plan,63.3
2026-08-25,119018,HDFC Large Cap Fund - Growth Option - Direct Plan,1249.864
2026-08-25,119019,DSP Aggressive Hybrid Fund - Direct Plan - Growth,398.4710
2026-08-25,119020,DSP Aggressive Hybrid Fund - Direct Plan - IDCW,70.5810
2026-08-25,119028,DSP Natural Resources and New Energy Fund - Direct Plan - Growth,123.1460
2026-08-25,119029,DSP Natural Resources and New Energy Fund - Direct Plan - IDCW,38.9470
2026-08-25,119053,Tata Aggressive Hybrid Fund -Direct Plan- Growth Option,506.2312
2026-08-25,119057,Tata Aggressive Hybrid Fund- Direct Plan - Monthly Payout of IDCW Option,99.8625
2026-08-25,119058,Tata Aggressive Hybrid Fund- Direct Plan - Periodic Payout of IDCW Option,99.3888
2026-08-25,119059,HDFC ELSS - Tax Saver Fund- IDCW Option - Direct Plan,94.791
2026-08-25,119060,HDFC ELSS - Tax Saver Fund - Growth Option - Direct Plan,1516.493
2026-08-25,119061,HDFC Aggressive Hybrid Fund - IDCW Option - Direct Plan,17.837
2026-08-25,119062,HDFC Aggressive Hybrid Fund - Growth Option - Direct Plan,125.505
2026-08-25,119063,HDFC Nifty 50 Index Fund - Direct Plan,238.1714
2026-08-25,119065,HDFC BSE Sensex Index Fund - Direct Plan,743.4722
2026-08-25,119066,HDFC Childrens Fund - Direct Plan,328.108
2026-08-25,119068,HDFC Medium to Long Term Fund - Quarterly IDCW- Direct Plan,12.9439
2026-08-25,119069,HDFC Medium to Long Term Fund - Growth Option - Direct Plan,67.5842
2026-08-25,119070,DSP Midcap Fund - Direct Plan - IDCW,71.2000
2026-08-25,119071,DSP Midcap Fund - Direct Plan - Growth,178.2950
2026-08-25,119072,HDFC Dynamic Term Fund - Half Yearly IDCW - Direct Plan,14.1385
2026-08-25,119073,HDFC Dynamic Term Fund - Quarterly IDCW - Direct Plan,14.3542
2026-08-25,119074,HDFC Dynamic Term Fund - Yearly IDCW - Direct Plan,15.5334
2026-08-25,119075,HDFC Dynamic Term Fund - Growth Option - Direct Plan,104.1804
2026-08-25,119076,DSP Flexi Cap Fund - Direct Plan - Growth,118.0710
2026-08-25,119077,DSP Flexi Cap Fund - Direct Plan - IDCW,86.7990
2026-08-25,119080,HDFC Medium Term Fund - Fortnightly IDCW Opt - Direct Plan,10.0952
2026-08-25,119081,HDFC Medium Term Fund - Growth Option - Direct Plan,65.9487
2026-08-25,119082,DSP Credit Risk Fund - Direct Plan - Growth,60.7217
2026-08-25,119083,DSP Credit Risk Fund - Direct Plan - IDCW,12.7284
2026-08-25,119084,DSP Credit Risk Fund - Direct Plan -  IDCW - Monthly,11.2238
2026-08-25,119085,DSP Credit Risk Fund - Direct Plan - IDCW - Quarterly,11.6483
2026-08-25,119086,DSP Credit Risk Fund - Direct Plan - IDCW - Weekly,11.1194
2026-08-25,119087,DSP Credit Risk Fund - Direct Plan - IDCW - Daily,11.1156
2026-08-25,119088,HDFC Liquid Fund - IDCW Weekly - Direct Plan,1031.2284
2026-08-25,119089,HDFC Liquid Fund - IDCW Daily - Direct Plan,1019.82
2026-08-25,119090,HDFC Liquid Fund - IDCW Monthly - Direct Plan,1031.4974
2026-08-25,119091,HDFC Liquid Fund - Growth Option - Direct Plan,5560.4122
2026-08-25,119092,HDFC Money Market Fund - Growth Option - Direct Plan,6281.7555
2026-08-25,119093,HDFC Money Market Fund - Daily IDCW Option - Direct Plan,1063.64
2026-08-25,119094,HDFC Money Market Fund - Weekly IDCW Option -Direct Plan,1063.0186
2026-08-25,119095,DSP Focused Fund - Direct Plan - IDCW,40.9530
2026-08-25,119096,DSP Focused Fund - Direct Plan - Growth,63.3350
2026-08-25,119099,DSP Gilt Fund - Direct Plan - Growth,106.3138
2026-08-25,119100,DSP Gilt Fund - Direct Plan - IDCW - Monthly,10.8959
2026-08-25,119101,DSP Gilt Fund - Direct Plan - IDCW,12.9928
2026-08-25,119106,DSP Money Market Fund - Direct Plan - Growth,58.4366
2026-08-25,119107,DSP Money Market Fund - Direct Plan - IDCW - Monthly,11.0977
2026-08-25,119108,DSP Money Market Fund - Direct Plan - IDCW,12.6336
2026-08-25,119109,HDFC Overnight Fund - Daily IDCW Option - Direct Plan,1042.66
2026-08-25,119110,HDFC Overnight Fund - Growth Option - Direct Plan,4075.198
2026-08-25,119115,HDFC Gilt Fund - IDCW Option - Direct Plan,13.1114
2026-08-25,119116,HDFC Gilt Fund - Growth Option - Direct Plan,60.806
2026-08-25,119118,HDFC Conservative Hybrid Fund - Growth Option - Direct Plan,89.9079
2026-08-25,119119,HDFC Conservative Hybrid Fund - IDCW Monthly - Direct Plan,15.1453
2026-08-25,119120,HDFC Conservative Hybrid Fund - IDCW Quarterly - Direct Plan,16.0417
2026-08-25,119123,DSP Liquid Fund - Direct Plan - IDCW - Weekly,1002.2958
2026-08-25,119124,DSP Liquid Fund - Direct Plan - IDCW - Daily,1001.4663
2026-08-25,119125,DSP Liquid Fund - Direct Plan - Growth,4051.0042
2026-08-25,119128,HDFC Equity Savings Fund - Growth Option - Direct Plan,77.212
2026-08-25,119129,HDFC Equity Savings Fund - IDCW Option - Direct Plan,15.202
2026-08-25,119130,HDFC Multi Asset Allocation Fund - IDCW Option - Direct Plan,21.98
2026-08-25,119131,HDFC Multi Asset Allocation Fund - Growth Option - Direct Plan,86.257
2026-08-25,119132,HDFC Gold ETF Fund of Fund - Direct Plan,50.0325
2026-08-25,119133,Groww Largecap Fund (formerly known as Indiabulls Blue Chip Fund) - Direct Plan - Growth Option,53.08
2026-08-25,119134,Groww Largecap Fund (formerly known as Indiabulls Bluechip Fund)- Direct Plan- - Income Distribution cum capital withdrawal Option (Payout & Reinvestment),30.74
2026-08-25,119135,Groww Liquid Fund ( formerly known as Indiabulls Liquid )Fund - Direct Plan - Growth Option,2745.3327
2026-08-25,119136,Groww Liquid Fund (formerly known as Indiabulls Liquid Fund) - Direct Plan- - Income Distribution cum capital withdrawal Option ( Reinvestment),1002.0907
2026-08-25,119137,Groww Liquid Fund (formerly known as Indiabulls Liquid Fund)- Direct Plan- Weekly - Income Distribution cum capital withdrawal Option (Payout & Reinvestment),1001.9933
2026-08-25,119138,Groww Liquid Fund (formerly known as Indiabulls Liquid Fund)- Direct Plan- Fortnightly - Income Distribution cum capital withdrawal Option (Payout & Reinvestment),1001.7666
2026-08-25,119139,Groww Liquid Fund (formerly known as Indiabulls Liquid Fund)- Direct Plan- Monthly - Income Distribution cum capital withdrawal Option (Payout & Reinvestment),1033.287
2026-08-25,119159,Tata Large Cap Fund- Direct Plan - Payout of IDCW Option,127.1295
2026-08-25,119160,Tata Large Cap Fund -Direct Plan Growth Option,599.3278
2026-08-25,119161,Navi Liquid Fund - Direct Plan Monthly IDCW - Payout,10.0504
2026-08-25,119162,Navi Liquid Fund - Direct Plan Weekly IDCW - Payout,10.006
2026-08-25,119163,Navi Liquid Fund - Direct Plan Daily IDCW - ReInvestment,10.0129
2026-08-25,119164,Navi Liquid Fund-Direct Plan-Growth Option,30.5514
2026-08-25,119171,Tata Ethical Fund- Direct Plan - Payout of IDCW Option,227.4470
2026-08-25,119172,Tata Ethical Fund -Direct Plan- Growth Option,425.3860
2026-08-25,119177,Tata Mid Cap Fund - Direct Plan- IDCW Option,174.6146
2026-08-25,119178,Tata Mid Cap Fund - Direct Plan- Growth Option,544.7439
2026-08-25,119201,Tata Large & Mid Cap Fund Direct Plan - Payout of IDCW Option,107.2844
2026-08-25,119202,Tata Large & MId Cap Fund -Direct Plan- Growth Option,580.6398
2026-08-25,119203,DSP Ultra Short Term Fund - Direct Plan - IDCW - Daily,1005.3951
2026-08-25,119204,DSP Ultra Short Term Fund - Direct Plan - IDCW - Monthly,1093.0789
2026-08-25,119205,DSP Ultra Short Term Fund - Direct Plan - Growth,3990.2537
2026-08-25,119206,DSP Ultra Short Term Fund - Direct Plan - IDCW,1143.6087
2026-08-25,119207,DSP Ultra Short Term Fund - Direct Plan - IDCW - Weekly,1005.9581
2026-08-25,119212,DSP Small Cap Fund - Direct Plan - Growth,256.8550
2026-08-25,119213,DSP Small Cap Fund - Direct Plan - IDCW,70.5000
2026-08-25,119218,DSP Large & Mid Cap Fund - Direct Plan - Growth,707.6710
2026-08-25,119219,DSP Large & Mid Cap Fund - Direct Plan - IDCW,105.5480
2026-08-25,119222,DSP Short Term Fund - Direct Plan - IDCW,12.3159
2026-08-25,119223,DSP Short Term Fund - Direct Plan - IDCW - Weekly,10.1628
2026-08-25,119224,DSP Short Term Fund - Direct Plan - IDCW - Monthly,11.7352
2026-08-25,119226,DSP Short Term Fund - Direct Plan - Growth,53.9402
2026-08-25,119231,Tata Value Fund -Direct Plan Growth Option,408.9543
2026-08-25,119232,Tata Value Fund- Direct Plan -Payout of IDCW-Option A(5%),150.2685
2026-08-25,119233,Tata Value Fund- Direct Plan - Payout of IDCW -Option B(10%),138.9791
2026-08-25,119236,DSP Dynamic Term Fund - Direct Plan - IDCW - Monthly,1081.5859
2026-08-25,119238,DSP Dynamic Term Fund - Direct Plan - IDCW,2531.9521
2026-08-25,119239,DSP Dynamic Term Fund - Direct Plan - Growth,3716.2153
2026-08-25,119241,DSP ELSS Tax Saver Fund - Direct Plan - IDCW,92.5910
2026-08-25,119242,DSP ELSS Tax Saver Fund - Direct Plan - Growth,157.1350
2026-08-25,119243,Tata Infrastructure Fund -Direct Plan -Growth Option,199.3785
2026-08-25,119244,Tata Infrastructure Fund- Direct Plan - Payout of IDCW Option,97.6551
2026-08-25,119247,DSP India T.I.G.E.R. Fund - Direct Plan - Growth,401.5230
2026-08-25,119248,DSP India T.I.G.E.R. Fund - Direct Plan - IDCW,59.0790
2026-08-25,119249,DSP Large Cap Fund - Direct Plan - IDCW,27.2460
2026-08-25,119250,DSP Large Cap Fund - Direct Plan - Growth,509.8590
2026-08-25,119251,Tata Retirement Savings Fund- Progressive Plan -Direct Plan-Growth Option,86.8221
2026-08-25,119252,DSP US Specific Equity Omni FoF - Direct Plan - Growth,102.4424
2026-08-25,119253,DSP US Specific Equity Omni FoF - Direct Plan - IDCW,81.5142
2026-08-25,119255,Tata Retirement Savings Fund- Moderate Plan -Direct Plan-Growth Option,83.7655
2026-08-25,119256,Tata Retirement Savings Fund- Conservative Plan-Direct Plan-Growth Option,39.3430
2026-08-25,119275,DSP Global Clean Energy Overseas Equity Omni FoF Direct Plan - Growth,30.3270
2026-08-25,119276,DSP Global Clean Energy Overseas Equity Omni FoF - Direct Plan - IDCW,21.1563
2026-08-25,119277,DSP World Gold Mining Overseas Equity Omni FoF - Direct Plan - Growth,72.7156
2026-08-25,119278,DSP World Gold Mining Overseas Equity Omni FoF - Direct Plan - IDCW,43.5260
2026-08-25,119279,DSP World Mining Overseas Equity Omni FoF - Direct Plan - Growth,39.2382
2026-08-25,119280,DSP World Mining Overseas Equity Omni FoF - Direct Plan - IDCW,35.4397
2026-08-25,119281,Tata ELSS Fund- Direct Plan - Payout of IDCW Option,241.2664
2026-08-25,119287,Tata S&P BSE Sensex Index Fund - Direct Plan,208.0684
2026-08-25,119288,Tata Nifty 50 Index Fund -Direct Plan,165.5820
2026-08-25,119292,Union Flexi Cap Fund - Direct Plan - Growth Option,60.05
2026-08-25,119293,Union Flexi Cap Fund - Direct Plan - IDCW Option,48.50
2026-08-25,119300,BANK OF INDIA Large & Mid Cap Fund Direct Plan- Bonus,56.81
2026-08-25,119301,Union Liquid Fund - Direct Plan - Daily IDCW Option,1001.5520
2026-08-25,119302,Union Liquid Fund - Direct Plan - Monthly IDCW Option,1006.1422
2026-08-25,119303,Union Liquid Fund - Direct Plan - Growth Option,2731.6923
2026-08-25,119304,Union Liquid Fund - Direct Plan - Weekly IDCW Option,1001.3500
2026-08-25,119305,Union Liquid Fund - Direct Plan - Fortnightly IDCW Option,1003.5798
2026-08-25,119306,Union ELSS Tax Saver Fund - Direct Plan - IDCW Option,73.37
2026-08-25,119307,Union ELSS Tax Saver Fund - Direct Plan - Growth Option,73.37
2026-08-25,119310,Union Dynamic Term Fund - Direct Plan - IDCW Option,16.7726
2026-08-25,119311,Union Dynamic Term Fund - Direct Plan - Growth Option,25.0401
2026-08-25,119312,Tata Childrens Fund-Direct Plan-Growth Option,62.9336
2026-08-25,119333,Baroda BNP Paribas Banking and Financial Services Fund - Direct - Growth Option,57.7267
2026-08-25,119334,Baroda BNP Paribas Banking and Financial Services Fund - Direct - IDCW Option,24.1953
2026-08-25,119340,Baroda BNP Paribas GILT FUND - Direct Plan - IDCW Option,35.6138
2026-08-25,119341,Baroda BNP Paribas GILT FUND - Direct Plan - Growth Option,48.5125
2026-08-25,119346,BANK OF INDIA Large & Mid Cap Fund Direct Plan-Regular IDCW,30.09
2026-08-25,119349,BANK OF INDIA Large & Mid Cap Fund Direct  Plan- Quarterly IDCW,30.55
2026-08-25,119350,BANK OF INDIA Large & Mid Cap Fund Direct Plan-Growth,110.03
2026-08-25,119351,BANK OF INDIA ELSS Tax Saver -Direct Plan- Growth,197.06
2026-08-25,119352,BANK OF INDIA ELSS Tax Saver -Direct Plan-IDCW,78.70
2026-08-25,119353,Baroda BNP Paribas MULTI CAP FUND - Direct Plan - IDCW Option,56.6856
2026-08-25,119354,Baroda BNP Paribas MULTI CAP FUND - Direct Plan - Growth Option,342.6038
2026-08-25,119363,BANK OF INDIA Manufacturing & Infrastructure Fund-Direct Plan-Regular IDCW,75.85
2026-08-25,119364,BANK OF INDIA Manufacturing & Infrastructure Fund-Direct Plan-Growth,80.39
2026-08-25,119365,BANK OF INDIA Manufacturing & Infrastructure Fund-Direct Plan-Quarterly IDCW,79.02
2026-08-25,119368,BANK OF INDIA Liquid Fund- Direct Plan- Daily IDCW,1005.0000
2026-08-25,119369,BANK OF INDIA Liquid Fund- Direct Plan- Growth,3261.3847
2026-08-25,119370,BANK OF INDIA Liquid Fund- Direct Plan- Weekly IDCW,1005.2056
2026-08-25,119379,BANK OF INDIA Ultra Short Duration Fund- Direct Plan- Growth,3516.3004
2026-08-25,119380,BANK OF INDIA Ultra Short Duration Fund- Direct Plan- Daily IDCW,1005.0001
2026-08-25,119381,BANK OF INDIA Ultra Short Duration Fund- Direct Plan- Weekly IDCW,1005.4124
2026-08-25,119382,BANK OF INDIA Short Term Income Fund-Direct Plan- Growth,31.0541
2026-08-25,119383,BANK OF INDIA Short Term Income Fund-Direct Plan- Monthly IDCW,15.0980
2026-08-25,119384,BANK OF INDIA Short Term Income Fund-Direct Plan- Quarterly IDCW,14.3160
2026-08-25,119393,BANK OF INDIA Conservative Hybrid Fund Fund-Direct Plan-Growth,38.2314
2026-08-25,119394,BANK OF INDIA Conservative Hybrid Fund-Direct Plan-Monthly IDCW,17.0295
2026-08-25,119395,BANK OF INDIA Conservative Hybrid  Fund-Direct Plan-Quarterly IDCW,18.7833
2026-08-25,119396,BANK OF INDIA Conservative Hybrid Fund-Direct Plan-Annual IDCW,17.4202
2026-08-25,119399,Baroda BNP Paribas Short Term Fund - Direct Plan - Monthly IDCW Option,10.4803
2026-08-25,119400,Baroda BNP Paribas Short Term Fund - Direct Plan - Growth Option,33.8654
2026-08-25,119414,Baroda BNP Paribas LIQUID FUND - DIRECT PLAN - DAILY IDCW OPTION,1002.0849
2026-08-25,119415,Baroda BNP Paribas LIQUID FUND - DIRECT PLAN - GROWTH OPTION,3263.4475
2026-08-25,119416,Baroda BNP Paribas LIQUID FUND - DIRECT PLAN - WEEKLY IDCW OPTION,1220.0672
2026-08-25,119421,Tata Money Market Fund- Direct Plan - Daily Reinvestment of IDCW Option,1114.5200
2026-08-25,119424,Tata Money Market Fund- Direct Plan- Growth Option,5189.2607
2026-08-25,119433,Aditya Birla Sun Life Large & Mid Cap Fund -Direct - IDCW,220.32
2026-08-25,119436,Aditya Birla Sun Life Large & Mid Cap Fund - Growth - Direct Plan,1094.77
2026-08-25,119496,Aditya Birla Sun Life Short Term Fund - DIRECT - IDCW,11.0987
2026-08-25,119497,Aditya Birla Sun Life Short Term Fund-Quarterly-IDCW-Direct,10.9811
2026-08-25,119498,Aditya Birla Sun Life Short Term Fund - Growth - Direct Plan,55.1804
2026-08-25,119499,Aditya Birla Sun Life Ultra Short Term Fund-DIRECT - WEEKLY IDCW,100.6056
2026-08-25,119500,Aditya Birla Sun Life Ultra Short Term Fund-DIRECT - DAILY IDCW,100.014
2026-08-25,119501,Aditya Birla Sun Life Ultra Short Term Fund - Growth - Direct Plan,601.651
2026-08-25,119502,Aditya Birla Sun Life Dynamic Term Fund -Direct - Quarterly IDCW,11.122
2026-08-25,119503,Aditya Birla Sun Life Dynamic Term Fund -DIRECT - MONTHLY IDCW,11.2281
2026-08-25,119505,Aditya Birla Sun Life Dynamic Term Fund - Growth - Direct Plan,52.959
2026-08-25,119506,Aditya Birla Sun Life Dividend Yield Fund -DIRECT - IDCW,47.53
2026-08-25,119507,Aditya Birla Sun Life Dividend Yield Fund - Growth - Direct Plan,514.87
2026-08-25,119511,Aditya Birla Sun Life Money Market Fund - Growth - Direct Plan,403.9398
2026-08-25,119512,Aditya Birla Sun Life Money Market Fund - Direct - weekly IDCW,100.1932
2026-08-25,119513,Aditya Birla Sun Life Money Market Fund - Direct - daily IDCW,100.02
2026-08-25,119514,Aditya Birla Sun Life Infrastructure Fund - Growth - Direct Plan,121.91
2026-08-25,119515,Aditya Birla Sun Life Infrastructure Fund -  Direct - IDCW,51.09
2026-08-25,119516,Aditya Birla Sun Life International Equity Fund - Direct - IDCW,53.5989
2026-08-25,119517,Aditya Birla Sun Life International Equity Fund - Growth - Direct Plan,57.5373
2026-08-25,119522,Aditya Birla Sun Life Ultra Short to Short Term Fund -Direct - weekly IDCW,100.671
2026-08-25,119523,Aditya Birla Sun Life Ultra Short to Short Term Fund - Growth - Direct Plan,781.3301
2026-08-25,119524,Aditya Birla Sun Life Ultra Short to Short Term Fund -Direct - daily IDCW,99.9623
2026-08-25,119525,Aditya Birla Sun Life Arbitrage Fund-DIRECT - IDCW,11.4643
2026-08-25,119526,Aditya Birla Sun Life Arbitrage Fund - Growth - Direct Plan,30.8435
2026-08-25,119527,Aditya Birla Sun Life Large Cap Fund-DIRECT - IDCW,94.59
2026-08-25,119528,Aditya Birla Sun Life Large Cap Fund - Growth - Direct Plan,588.14
2026-08-25,119532,Aditya Birla Sun Life Corporate Bond Fund -DIRECT - MONTHLY IDCW,12.8252
2026-08-25,119533,Aditya Birla Sun Life Corporate Bond Fund - Growth - Direct Plan,121.8515
2026-08-25,119538,Aditya Birla Sun Life Medium Term Fund- Direct - IDCW,18.2885
2026-08-25,119539,Aditya Birla Sun Life Medium Term Fund - Growth - Direct Plan,48.007
2026-08-25,119540,Aditya Birla Sun Life Medium Term Fund- DIRECT - HALF YEARLY IDCW,15.1273
2026-08-25,119541,Aditya Birla Sun Life Medium Term Fund - DIRECT - Quarterly IDCW,14.5229
2026-08-25,119543,Aditya Birla Sun Life ELSS Tax Saver Fund-DIRECT - IDCW,443.06
2026-08-25,119544,Aditya Birla Sun Life ELSS Tax Saver Fund - Growth - Direct Plan,70.5
2026-08-25,119548,Sundaram Value Fund Direct Plan - Income Distribution cum Capital Withdrawal (IDCW),18.5669
2026-08-25,119549,Sundaram Value Fund Direct Plan - Growth,226.9335
2026-08-25,119550,Aditya Birla Sun Life Banking & PSU Debt Fund- Direct Plan-Growth,403.8751
2026-08-25,119551,Aditya Birla Sun Life Banking & PSU Debt Fund  - DIRECT - IDCW,106.9419
2026-08-25,119552,Aditya Birla Sun Life Banking & PSU Debt Fund  - DIRECT - MONTHLY IDCW,117.2463
2026-08-25,119553,Aditya Birla Sun Life Banking & PSU Debt Fund  - Direct - Quarterly IDCW,104.9731
2026-08-25,119556,Aditya Birla Sun Life Small Cap Fund - Growth - Direct Plan,115.2507
2026-08-25,119557,Aditya Birla Sun Life Small Cap Fund -Direct - IDCW,75.2473
2026-08-25,119563,Aditya Birla Sun Life Focused Fund -Direct - IDCW,56.7238
2026-08-25,119564,Aditya Birla Sun Life Focused Fund - Growth - Direct Plan,170.8878
2026-08-25,119565,Sundaram Large and Midcap Direct Plan - Income Distribution cum Capital Withdrawal (IDCW),37.5373
2026-08-25,119566,Sundaram Large and Midcap Fund Direct Plan - Growth,108.8141
2026-08-25,119567,SBI Arbitrage Fund - Direct Plan - Income Distribution cum Capital Withdrawal Option (IDCW),20.8902
2026-08-25,119568,Aditya Birla Sun Life Liquid Fund - Growth - Direct Plan,457.6541
2026-08-25,119569,Aditya Birla Sun Life Liquid Fund -Direct - daily IDCW,100.195
2026-08-25,119570,Aditya Birla Sun Life Liquid Fund -Direct - weekly IDCW,100.2972
2026-08-25,119571,Aditya Birla Sun Life Liquid Fund -DIRECT - IDCW,137.6365
2026-08-25,119574,SBI Arbitrage Fund - Direct Plan - Gr,38.6632
2026-08-25,119581,Sundaram Mid Cap Fund Direct Plan - Growth,1687.9836
2026-08-25,119582,Sundaram Mid Cap Fund Direct Plan - Income Distribution cum Capital Withdrawal (IDCW),73.9231
2026-08-25,119585,SBI Large Cap Fund - Direct Plan - Income Distribution cum Capital Withdrawal Option (IDCW),68.2910
2026-08-25,119588,Sundaram Small Cap Fund Direct Plan - Income Distribution cum Capital Withdrawal (IDCW),41.4099
2026-08-25,119589,Sundaram Small Cap Fund Direct Plan - Growth,336.0028
2026-08-25,119590,Aditya Birla Sun Life Consumption Fund -DIRECT - IDCW,47.23
2026-08-25,119591,Aditya Birla Sun Life Consumption Fund - Growth - Direct Plan,245.44
2026-08-25,119594,Sundaram Consumption Fund (Formerly Known asSundaram Rural and Consumption Fund Direct Plan - Income Distribution cum Capital Withdrawal (IDCW),29.1039
2026-08-25,119595,Sundaram Consumption Fund (Formerly Known as Sundaram Rural and Consumption Fund Direct Plan - Growth),109.4425
2026-08-25,119596,Sundaram Financial Services Opportunities Fund Direct Plan - Income Distribution cum Capital Withdrawal (IDCW),34.3070
2026-08-25,119597,Sundaram Financial Services Opportunities Fund Direct Plan - Growth,125.8051
2026-08-25,119598,SBI Large Cap FUND-DIRECT PLAN -GROWTH,105.2258
2026-08-25,119601,Sundaram Global Brand Theme-Equity Active FOF - Direct IDCW,41.1458
2026-08-25,119602,Sundaram Global Brand Theme-Equity Active FOF - Direct Growth,49.0274
2026-08-25,119604,SBI Aggresive Hybrid Fund - Direct Plan - Income Distribution cum Capital Withdrawal Option (IDCW),104.3703
2026-08-25,119605,Aditya Birla Sun Life Gilt Fund - Growth - Direct Plan,88.9481
2026-08-25,119606,Aditya Birla Sun Life Gilt Fund -DIRECT - Quarterly IDCW,11.6474
2026-08-25,119609,SBI AGGRESIVE HYBRID FUND - DIRECT PLAN - Growth,356.6764
2026-08-25,119613,SBI Comma Fund - Direct Plan - Income Distribution cum Capital Withdrawal Option (IDCW),73.1346
2026-08-25,119619,Aditya Birla Sun Life Midcap Fund -DIRECT - IDCW,104.47
2026-08-25,119620,Aditya Birla Sun Life Midcap Fund - Growth - Direct Plan,978.47
2026-08-25,119621,Sundaram Corporate Bond Fund Direct Plan - Growth,44.0839
2026-08-25,119625,Sundaram Banking and PSU Debt Fund Direct Plan - Growth,46.4163
2026-08-25,119626,Sundaram Banking and PSU Debt Fund Direct Plan - IDCW,11.5554
2026-08-25,119630,Sundaram Corporate Bond Fund Direct Plan-Income Distribution cum Capital Withdrawal(IDCW),19.6789
2026-08-25,119635,Sundaram Conservative Hybrid Fund (Formerly Known as Sundaram Debt Oriented Hybrid Fund) Direct Plan - Growth,32.9362
2026-08-25,119637,Sundaram Conservative Hybrid Fund (Formerly Known as Sundaram Debt Oriented Hybrid Fund) Direct Plan -Income Distribution cum Capital Withdrawal (IDCW),20.6925
2026-08-25,119646,Aditya Birla Sun Life MNC Fund - Growth - Direct Plan,1495.27
2026-08-25,119647,Aditya Birla Sun Life MNC Fund - DIRECT - IDCW,445.22
2026-08-25,119648,Aditya Birla Sun Life Nifty 50 Index Fund - Growth - Direct Plan,254.2591
2026-08-25,119649,Aditya Birla Sun Life Nifty 50 Index Fund -DIRECT - IDCW,25.7572
2026-08-25,119655,Aditya Birla Sun Life Medium to Long Term Fund - Direct - Quarterly IDCW,14.143
2026-08-25,119657,Aditya Birla Sun Life Medium to Long Term Fund - Growth - Direct Plan,141.0679
2026-08-25,119658,Aditya Birla Sun Life Value Fund - Direct - IDCW,78.6322
2026-08-25,119659,Aditya Birla Sun Life Value Fund - Growth - Direct Plan,158.5683
2026-08-25,119670,SBI Dynamic Term Fund - Direct Plan - Income Distribution cum Capital Withdrawal Option (IDCW),23.1240
2026-08-25,119671,SBI Dynamic Term Fund - DIRECT PLAN - Growth,41.3992
2026-08-25,119672,Sundaram Medium Term Fund Direct Plan-IDCW,27.2008
2026-08-25,119675,Sundaram Medium Term Fund Direct Plan - Growth,80.8839
2026-08-25,119695,SBI Infrastructure Fund - Direct Plan - Income Distribution cum Capital Withdrawal Option (IDCW),49.0817
2026-08-25,119700,SBI INFRASTRUCTURE FUND -  DIRECT PLAN - GROWTH,55.4587
2026-08-25,119705,SBI COMMA Fund - DIRECT PLAN - Growth,128.5214
2026-08-25,119706,SBI Gilt Fund - Direct Plan - Income Distribution cum Capital Withdrawal Option (IDCW),23.2564
2026-08-25,119707,SBI GILT FUND - DIRECT PLAN - GROWTH,72.8685
2026-08-25,119708,SBI ESG Exclusionary Strategy Fund - Direct Plan - Income Distribution cum Capital Withdrawal Option (IDCW),96.0944
2026-08-25,119709,SBI ESG Exclusionary Strategy Fund - Direct Plan -Growth,267.6759
2026-08-25,119710,SBI MNC Fund - Direct Plan - Income Distribution cum Capital Withdrawal Option (IDCW),164.6576
2026-08-25,119711,SBI MNC FUND - DIRECT PLAN -GROWTH,461.2715
2026-08-25,119712,SBI Medium to Long Term Fund-DIRECT PLAN - Bonus,48.7453
2026-08-25,119713,SBI Medium to Long Term Fund - Direct Plan - Half Yearly - Income Distribution cum Capital Withdrawal Option (IDCW),22.8075
2026-08-25,119714,SBI Medium to Long Term Fund-DIRECT PLAN -Growth,80.3863
2026-08-25,119715,SBI Midcap Fund - Direct Plan - Income Distribution cum Capital Withdrawal Option (IDCW),156.5680
2026-08-25,119716,SBI MIDCAP FUND - DIRECT PLAN - GROWTH,276.1581
2026-08-25,119717,SBI Flexicap Fund - Direct Plan - Income Distribution cum Capital Withdrawal Option (IDCW),62.0769
2026-08-25,119718,SBI Flexicap Fund - DIRECT PLAN - Growth Option,124.1962
2026-08-25,119719,SBI Children's Fund - Savings Plan - DIRECT PLAN - GROWTH,131.4216
2026-08-25,119720,SBI Large & Midcap Fund - Direct Plan - Income Distribution cum Capital Withdrawal Option (IDCW),373.8341
2026-08-25,119721,SBI LARGE & MIDCAP FUND -DIRECT PLAN -Growth,717.2291
2026-08-25,119722,SBI ELSS Tax Saver Fund - Direct Plan - Income Distribution cum Capital Withdrawal Option (IDCW),117.3889
2026-08-25,119723,SBI ELSS Tax Saver FUND - DIRECT PLAN -GROWTH,473.9373
2026-08-25,119724,SBI Contra Fund - Direct Plan - Income Distribution cum Capital Withdrawal Option (IDCW),88.3357
2026-08-25,119727,SBI FOCUSED FUND - DIRECT PLAN -GROWTH,461.8643
2026-08-25,119730,SBI Consumption Opportunities Fund - Direct Plan - Income Distribution cum Capital Withdrawal Option (IDCW),236.2709
2026-08-25,119731,SBI Technology Opportunities Fund - Direct Plan - Income Distribution cum Capital Withdrawal Option (IDCW),168.9634
2026-08-25,119732,SBI PSU Fund - DIRECT PLAN - GROWTH,38.4306
2026-08-25,119733,SBI PSU Fund - Direct Plan - Income Distribution cum Capital Withdrawal Option (IDCW),38.3744
2026-08-25,119734,Kotak Medium to Long Term Fund - Direct Plan - Standard IDCW option,30.3317
2026-08-25,119735,Kotak Medium to Long Term Fund - Growth - Direct,91.1321
2026-08-25,119739,Kotak Short Term Fund -(Growth) - Direct,61.2379
2026-08-25,119740,Kotak Credit Risk Fund - Direct Plan - Standard Income Distribution cum capital withdrawal option,27.2232
2026-08-25,119741,Kotak Credit Risk Fund - Growth - Direct,36.2455
2026-08-25,119746,Kotak Money Market Fund - (Growth) - Direct,4884.5643
2026-08-25,119747,Kotak Money Market Fund - (Monthly Payout of Income Distribution cum capital withdrawal option) - Direct,1299.0569
2026-08-25,119750,Kotak Ultra Short Term Fund -Growth - Direct,48.3101
2026-08-25,119751,Kotak Ultra Short Term Fund -Monthly Payout of Income Distribution cum capital withdrawal option - Direct,20.8294
2026-08-25,119753,Kotak Dynamic Term Fund - Direct Plan - Standard Income Distribution cum capital withdrawal option,15.3261
2026-08-25,119755,Kotak Dynamic Term Fund - Growth - Direct,43.6698
2026-08-25,119757,Kotak Gilt Fund -Investment  Provident Fund and Trust-Growth - Direct,114.6526
2026-08-25,119758,Kotak Gilt Fund -Investment Regular-Payout of Income Distribution cum capital withdrawal option - Direct,24.6326
2026-08-25,119759,Kotak Gilt Fund -Investment Regular-Growth - Direct,111.9399
2026-08-25,119764,Kotak Liquid Fund - Direct Plan - Daily Reinvestment of Income Distribution cum capital withdrawal option,1222.81
2026-08-25,119766,Kotak Liquid Fund - Direct Plan - Growth,5721.5873
2026-08-25,119767,Kotak Aggressive Hybrid Fund - Direct Plan - IDCW - Payout & Reinvestment of Income Distribution cum  capital withdrawal option,48.393
2026-08-25,119768,Kotak Contra Fund - Direct Plan - IDCW -Payout & Re-investment of Income Distribution cum capital withdrawal option- Direct,66.392
2026-08-25,119769,Kotak Contra Fund - Direct Plan - Growth,186.574
2026-08-25,119770,Kotak  Arbitrage Fund - Direct Plan - IDCW -Payout &  Reinvestment of Income Distribution cum capital withdrawal option,11.2161
2026-08-25,119771,Kotak Arbitrage Fund - Direct Plan - Growth,43.1302
2026-08-25,119772,Kotak ELSS Tax Saver Fund-Payout of Income Distribution cum capital withdrawal option - Direct,59.177
2026-08-25,119773,Kotak ELSS Tax Saver Fund-Growth - Direct,141.27
2026-08-25,119774,Kotak Mid Cap Fund  - Direct Plan - IDCW - Payout & Re-investment of Income Distribution cum capital withdrawal option,103.427
2026-08-25,119775,Kotak Mid Cap Fund - Direct Plan - Growth,173.598
2026-08-25,119776,Kotak Multi Asset Omni FOF - Direct Payout of Income Distribution cum capital withdrawal option,281.368
2026-08-25,119777,Kotak Multi Asset Omni FOF - Direct Growth - Direct,286.524
2026-08-25,119778,Kotak Global Emerging Market Overseas Equity Active FOF - Payout of Income Distribution cum capital withdrawal option - Direct,43.666
2026-08-25,119779,Kotak Global Emerging Market Overseas Equity Active FOF - Growth - Direct,43.483
2026-08-25,119780,Kotak Gold Fund Payout of Income Distribution cum capital withdrawal option- Direct,64.821
2026-08-25,119781,Kotak Gold Fund Growth - Direct,64.8216
2026-08-25,119782,SBI Healthcare Opportunities Fund - Direct Plan - Income Distribution cum Capital Withdrawal Option (IDCW),417.5326
2026-08-25,119783,SBI HEALTHCARE OPPORTUNITIES FUND - DIRECT PLAN -GROWTH,600.9648
2026-08-25,119784,SBI Ultra Short Term Fund - Direct Plan - Daily Income Distribution cum Capital Withdrawal Option (IDCW),2443.6921
2026-08-25,119788,SBI GOLD FUND- DIRECT PLAN - GROWTH,49.0311
2026-08-25,119789,SBI Gold Fund - Direct Plan - Income Distribution cum Capital Withdrawal Option (IDCW),48.9606
2026-08-25,119792,SBI Credit Risk Fund - Direct Plan - Daily Income Distribution cum Capital Withdrawal Option (IDCW),17.1608
2026-08-25,119793,SBI Credit Risk Fund - Direct Plan - Income Distribution cum Capital Withdrawal Option (IDCW),25.1672
2026-08-25,119798,SBI CREDIT RISK FUND - DIRECT PLAN -GROWTH,54.0814
2026-08-25,119799,SBI Liquid Fund - Direct Plan - Weekly Income Distribution cum Capital Withdrawal Option (IDCW),1386.4859
2026-08-25,119800,SBI Liquid Fund - DIRECT PLAN -Growth,4426.9212
2026-08-25,119804,SBI Liquid Fund - Direct Paln - Fortnightly Income Distribution cum Capital Withdrawal Option (IDCW),1445.6123
2026-08-25,119805,SBI Liquid Fund - Direct Plan - Daily Income Distribution cum Capital Withdrawal Option (IDCW),1144.0484
2026-08-25,119810,SBI Ultra Short to Short Term Fund,1501.3402
2026-08-25,119811,SBI Ultra Short to Short Term Fund - Direct Plan - Fortnightly Income Distribution cum Capital Withdrawal Option (IDCW),1527.5862
2026-08-25,119812,SBI Ultra Short to Short Term Fund - Direct Plan - Growth,3894.6455
2026-08-25,119813,SBI Short Term Fund - Direct Plan - Monthly Income Distribution cum Capital Withdrawal Option (IDCW),20.3027
2026-08-25,119815,SBI Short Term Fund - Direct Plan Fortnightly Income Distribution cum Capital Withdrawal Option (IDCW),24.5235
2026-08-25,119816,SBI SHORT TERM FUND - DIRECT PLAN -GROWTH,36.4098
2026-08-25,119817,SBI Short Term Fund - Direct Plan Weekly Income Distribution cum Capital Withdrawal Option (IDCW),15.9486
2026-08-25,119818,SBI Ultra Short to Short Term Fund - Direct Plan - Monthly Income Distribution cum Capital Withdrawal Option (IDCW),1730.6949
2026-08-25,119819,SBI Ultra Short to Short Term Fund - Direct Plan - Weekly Income Distribution cum Capital Withdrawal Option (IDCW),1503.5385
2026-08-25,119820,SBI Money Market Fund - Direct Plan - Income Distribution cum Capital Withdrawal Option (IDCW),18.9661
2026-08-25,119821,SBI Money Market Fund - Direct Plan - Growth,47.8496
2026-08-25,119822,SBI Money Market Fund - Direct Plan Daily Income Distribution cum Capital Withdrawal Option (IDCW),14.9413
2026-08-25,119823,SBI Money Market Fund - Direct Plan Weekly Income Distribution cum Capital Withdrawal Option (IDCW),16.9317
2026-08-25,119824,SBI MEDIUM TERM FUND - DIRECT PLAN - GROWTH,59.6772
2026-08-25,119825,SBI Medium Term Fund - Direct Plan - Income Distribution cum Capital Withdrawal Option (IDCW),23.1976
2026-08-25,119826,SBI Nifty Index Fund - Direct Plan - Income Distribution cum Capital Withdrawal Option (IDCW),116.9467
2026-08-25,119827,SBI NIFTY INDEX FUND - DIRECT PLAN - GROWTH,227.6839
2026-08-25,119828,SBI ULTRA SHORT TERM FUND - DIRECT PLAN - GROWTH,6535.2064
2026-08-25,119829,SBI Ultra Short Term Fund - Direct Plan - Weekly Income Distribution cum Capital Withdrawal Option (IDCW),1273.8420
2026-08-25,119831,SBI Overnight Fund - Direct Plan - Daily Income Distribution cum Capital Withdrawal Option (IDCW),1387.4060
2026-08-25,119832,SBI Overnight Fund - Direct Plan - Weekly Income Distribution cum Capital Withdrawal Option (IDCW),1416.7376
2026-08-25,119833,SBI OVERNIGHT FUND - DIRECT PLAN - GROWTH,4469.9054
2026-08-25,119834,SBI Focused Fund - Direct Plan - Income Distribution cum Capital Withdrawal Option (IDCW),112.5518
2026-08-25,119835,SBI CONTRA FUND - DIRECT PLAN - GROWTH,418.5666
2026-08-25,119836,SBI Conservative Hybrid Fund  - Direct Plan - Quarterly Income Distribution cum Capital Withdrawal Option (IDCW),25.7758
2026-08-25,119837,SBI Conservative Hybrid Fund - Direct Plan - Annual Income Distribution cum Capital Withdrawal Option (IDCW),33.6424
2026-08-25,119838,SBI Conservative Hybrid Fund - Direct Plan - Monthly Income Distribution cum Capital Withdrawal Option (IDCW),28.1188
2026-08-25,119839,SBI Conservative Hybrid Fund - Direct Plan - Growth,84.3625
2026-08-25,119840,SBI Multi Asset Allocation Fund - Direct Plan - Annual Income Distribution cum Capital Withdrawal Option (IDCW),43.1047
2026-08-25,119841,SBI Multi Asset Allocation Fund - Direct Plan - Monthly Income Distribution cum Capital Withdrawal Option (IDCW),33.9716
2026-08-25,119842,SBI Multi Asset Allocation Fund - Direct Plan - Quarterly Income Distribution cum Capital Withdrawal Option (IDCW),35.9368
2026-08-25,119843,SBI MULTI ASSET ALLOCATION FUND - DIRECT PLAN - GROWTH,75.6581
2026-08-25,119861,Tata Liquid Fund- Direct Plan-Growth Option,4470.3346
2026-08-25,119862,Tata Liquid Fund- Direct Plan - Daily Reinvestment of IDCW Option,1001.5187
2026-08-25,119863,Tata Treasury Advantage Fund - Direct Plan - Growth Option,4347.4033
2026-08-25,119864,Tata Treasury Advantage Fund Direct Plan - Daily Reinvestment of IDCW Option,1003.5316
2026-08-25,119865,Tata Treasury Advantage Fund Direct Plan - Weekly Payout of IDCW Option,1008.0658
2026-08-25,119949,Tata Short Term Bond Fund - Direct Plan - Growth Option,56.4126
2026-08-25,119950,Tata Short Term Bond Fund Direct Plan - Monthly Payout of IDCW Option,25.6235
2026-08-25,119953,Tata Gilt Securities Fund- Direct Plan - Growth Option,91.3368
2026-08-25,119954,Tata Gilt Securities Fund - Direct Plan - Payout of IDCW Option,25.7190
2026-08-25,119957,Tata Treasury Advantage Fund Direct Plan - Periodic Payout of IDCW Option,2757.5519
2026-08-25,120029,HSBC Large Cap Fund - Direct IDCW,40.7775
2026-08-25,120030,HSBC Large Cap Fund - Direct Growth,544.9942
2026-08-25,120035,HSBC Brazil Fund - Growth Direct,11.1863
2026-08-25,120036,HSBC Brazil Fund - IDCW Direct Plan,11.1766
2026-08-25,120037,HSBC Liquid Fund - Direct Daily IDCW,1001.576
2026-08-25,120038,HSBC Liquid Fund -  Growth Direct,2821.3666
2026-08-25,120039,HSBC Liquid Fund - Direct Monthly IDCW,1037.8864
2026-08-25,120040,HSBC Liquid Fund - Direct Weekly IDCW,1195.1444
2026-08-25,120043,HSBC Global Emerging Market Fund - Growth Direct,38.089
2026-08-25,120044,HSBC Global Emerging Markets Fund - IDCW Direct Plan,30.0299
2026-08-25,120045,HSBC Flexi Cap Fund - Direct IDCW,48.8258
2026-08-25,120046,HSBC Flexi Cap Fund - Direct Growth,268.0561
2026-08-25,120059,HSBC Medium to Long Duration Fund - Direct Growth,48.9295
2026-08-25,120073,HSBC Conservative Hybrid Fund - Direct Growth,72.1496
2026-08-25,120074,HSBC Conservative Hybrid Fund - Direct Monthly IDCW,17.3791
2026-08-25,120075,HSBC Conservative Hybrid Fund - Direct Quarterly IDCW,15.0515
2026-08-25,120084,PGIM India Dynamic Term Fund - Direct Plan-Growth Option,3119.6012
2026-08-25,120086,PGIM India Dynamic Term Fund - Direct Plan-Quarterly Dividend Option,1166.6168
2026-08-25,120101,HSBC Medium to Long Duration Fund - Direct Quarterly IDCW,10.5084
2026-08-25,120136,SBI 10 Year Constant Maturity Gilt Fund - Direct Plan - Income Distribution cum Capital Withdrawal Option (IDCW),22.6723
2026-08-25,120137,SBI 10 YEAR CONSTANT MATURITY GILT FUND - DIRECT PLAN - GROWTH,69.7000
2026-08-25,120152,Kotak Large Cap  Fund - Growth - Direct,669.123
2026-08-25,120153,Kotak Large Cap Fund - Payout of Income Distribution cum capital withdrawal option - Direct,88.493
2026-08-25,120154,Kotak Conservative Hybrid Fund - Growth - Direct,70.3266
2026-08-25,120155,Kotak Conservative Hybrid Fund - Monthly Payout of Income Distribution cum capital withdrawal option - Direct,13.4637
2026-08-25,120157,Kotak Large & Mid Cap Fund - IDCW-Direct,73.152
2026-08-25,120158,Kotak Large & Mid Cap Fund - Direct- Growth,414.559
2026-08-25,120163,Kotak-Small Cap Fund - Payout of Income Distribution cum capital withdrawal option - Direct,144.667
2026-08-25,120164,Kotak-Small Cap Fund - Growth - Direct,329.366
2026-08-25,120165,Kotak Flexi Cap Fund - Payout of Income Distribution cum capital withdrawal option- Direct,60.026
2026-08-25,120166,Kotak Flexi Cap Fund - Growth - Direct,98.289
2026-08-25,120185,ICICI Prudential US Bluechip Equity Fund - Direct Plan -  IDCW,93.52
2026-08-25,120186,ICICI Prudential US Bluechip Equity Fund - Direct Plan -  Growth,93.52
2026-08-25,120188,ICICI Prudential Liquid Fund - Direct Plan - Daily IDCW,100.1082
2026-08-25,120190,ICICI Prudential Liquid Fund - Direct Plan - Weekly IDCW,100.2023
2026-08-25,120191,ICICI Prudential Liquid Fund - Direct Plan -  IDCW Others,194.3563
2026-08-25,120197,ICICI Prudential Liquid Fund - Direct Plan - Growth,419.0535
2026-08-25,120209,ICICI Prudential Money Market Fund Option - Direct Plan -  Daily IDCW,100.1435
2026-08-25,120211,ICICI Prudential Money Market Fund Option - Direct Plan -  Growth,413.7475
2026-08-25,120212,ICICI Prudential Money Market Fund Option - Direct Plan -  Weekly IDCW,100.8152
2026-08-25,120216,ICICI Prudential Money Market Fund Option - Direct Plan -  IDCW Others,189.5771
2026-08-25,120242,ICICI Prudential Multi Sector Passive FOF - Direct Plan - Growth,179.0239
2026-08-25,120243,ICICI Prudential Multi Sector Passive FOF - Direct Plan -  IDCW,140.9720
2026-08-25,120244,ICICI Prudential Banking and Financial Services Fund - Direct Plan -  Growth,148.86
2026-08-25,120245,ICICI Prudential Banking and Financial Services Fund - Direct Plan -  IDCW,68.40
2026-08-25,120248,LIC MF Liquid Fund-Direct Plan-Daily IDCW,1035.2975
2026-08-25,120249,LIC MF Liquid Fund-Direct Plan-Growth,5140.9542
2026-08-25,120251,ICICI Prudential Aggressive Hybrid Fund - Direct Plan - Growth,457.45
2026-08-25,120252,ICICI Prudential Aggressive Hybrid Fund - Direct Plan - Monthly IDCW,71.34
2026-08-25,120256,ICICI Prudential Banking and PSU Debt Fund - Direct Plan - Growth,36.4775
2026-08-25,120258,ICICI Prudential Banking and PSU Debt Fund - Direct Plan -  Quarterly IDCW,13.2290
2026-08-25,120259,LIC MF ULIS (5 Yrs. Single Premium)-Direct Plan-IDCW Reinvestment,41.6899
2026-08-25,120260,LIC MF Aggressive Hybrid Fund-Direct Plan-IDCW,22.8158
2026-08-25,120261,LIC MF Aggressive Hybrid Fund-Direct Plan-Growth,234.3063
2026-08-25,120263,LIC MF Flexi Cap Fund-Direct Plan-IDCW,40.818
2026-08-25,120264,LIC MF Flexi Cap Fund-Direct Plan-Growth,121.3214
2026-08-25,120267,LIC MF Large Cap Fund-Direct Plan-Growth,62.851
2026-08-25,120268,LIC MF Large Cap Fund-Direct Plan-IDCW,39.5771
2026-08-25,120269,LIC MF ELSS Tax Saver Fund-Direct Plan-IDCW,38.1485
2026-08-25,120270,LIC MF ELSS Tax Saver Fund-Direct Plan-Growth,172.7667
2026-08-25,120274,LIC MF Conservative Hybrid Fund-Direct Plan-Quarterly IDCW,18.9764
2026-08-25,120275,LIC MF Conservative Hybrid Fund-Direct Plan-Yearly IDCW,14.5296
2026-08-25,120276,LIC MF Conservative Hybrid Fund-Direct Plan-Growth,95.3144
2026-08-25,120277,LIC MF Conservative Hybrid Fund-Direct Plan-Monthly IDCW,13.3282
2026-08-25,120278,LIC MF Medium to Long Term Fund-Direct Plan-IDCW,19.8783
2026-08-25,120279,LIC MF Medium to Long Term Fund-Direct Plan-Growth,82.2757
2026-08-25,120282,LIC MF Gilt Fund-Direct Plan-Growth,67.0996
2026-08-25,120283,LIC MF Gilt Fund-Direct Plan-IDCW,19.3288
2026-08-25,120285,LIC MF Children's Fund-Direct Plan-Growth,39.3908
2026-08-25,120299,UTI MMF - Direct Plan - Growth Option,3362.369
2026-08-25,120304,UTI Liquid Fund - Direct Plan - Growth Option,464.3206
2026-08-25,120307,LIC MF Nifty 50 Index Fund-Direct Plan-Growth,145.8495
2026-08-25,120308,LIC MF BSE Sensex Index Fund-Direct Plan-Growth,156.7178
2026-08-25,120309,LIC MF Nifty 50 Index Fund-Direct Plan-IDCW,53.7371
2026-08-25,120312,LIC MF BSE Sensex Index Fund-Direct Plan-IDCW,52.5393
2026-08-25,120313,ICICI Prudential Income plus Arbitrage Omni FOF - Direct Plan - Growth,72.0268
2026-08-25,120314,ICICI Prudential Income plus Arbitrage Omni FOF - Direct Plan - IDCW,55.6974
2026-08-25,120315,LIC MF Ultra Short to Short Term Fund-Direct Plan-Growth,46.1367
2026-08-25,120316,LIC MF Ultra Short to Short Term Fund-Direct Plan-Daily IDCW,10.05
2026-08-25,120317,LIC MF Ultra Short to Short Term Fund-Direct Plan-Monthly IDCW,24.0935
2026-08-25,120318,LIC MF Ultra Short to Short Term Fund-Direct Plan-Weekly IDCW,16.0697
2026-08-25,120322,ICICI Prudential Value Fund (erstwhile Value Discovery Fund) - Direct Plan - IDCW,115.70
2026-08-25,120323,ICICI Prudential Value Fund (erstwhile Value Discovery Fund) - Direct Plan - Growth,512.50
2026-08-25,120332,Invesco India Balanced Advantage Fund - Direct Plan - IDCW (Payout / Reinvestment),22.01
2026-08-25,120333,Invesco India Balanced Advantage Fund - Direct Plan - Growth,63.78
2026-08-25,120334,ICICI Prudential Multi Asset Allocation Fund - Direct Plan - Growth,916.6828
2026-08-25,120335,ICICI Prudential Multi Asset Allocation Fund - Direct Plan - IDCW,60.6347
2026-08-25,120336,LIC MF Banking & PSU Debt Fund-Direct Plan-Weekly IDCW,10.0425
2026-08-25,120337,LIC MF Banking & PSU Debt Fund-Direct Plan-Daily IDCW,14.29
2026-08-25,120338,LIC MF Banking & PSU Debt Fund-Direct Plan-Growth,39.9883
2026-08-25,120339,LIC MF Banking & PSU Debt Fund-Direct Plan-Monthly IDCW,15.0601
2026-08-25,120348,Invesco India Contra Fund - Direct Plan - Growth,163.57
2026-08-25,120349,Invesco India Contra Fund - Direct Plan - IDCW (Payout / Reinvestment),68.11
2026-08-25,120350,LIC MF Infrastructure Fund-Direct Plan-IDCW,62.8113
2026-08-25,120351,LIC MF Infrastructure Fund-Direct Plan-Growth,63.9714
2026-08-25,120356,Invesco India Large & Mid Cap Fund - Direct Plan - IDCW (Payout / Reinvestment),56.93
2026-08-25,120357,Invesco India Large & Mid Cap Fund - Direct Plan - Growth,133.65
2026-08-25,120364,ICICI Prudential Arbitrage Fund - Direct Plan - Growth,39.5807
2026-08-25,120365,ICICI Prudential Arbitrage Fund - Direct Plan - IDCW,17.8888
2026-08-25,120376,ICICI Prudential Balanced Advantage Fund - Direct Plan -  IDCW,30.55
2026-08-25,120377,ICICI Prudential Balanced Advantage Fund - Direct Plan -  Growth,89.99
2026-08-25,120380,ICICI Prudential Mid Cap Fund - Direct Plan -  IDCW,73.51
2026-08-25,120381,ICICI Prudential Mid Cap Fund - Direct Plan -  Growth,396.85
2026-08-25,120384,Invesco India Financial Services Fund - Direct Plan - IDCW (Payout / Reinvestment),92.93
2026-08-25,120385,Invesco India Financial Services Fund - Direct Plan - Growth,180.56
2026-08-25,120388,Axis Liquid Fund - Direct Plan - Daily IDCW,1000.9560
2026-08-25,120389,Axis Liquid Fund - Direct Plan - Growth Option,3151.4402
2026-08-25,120390,Axis Liquid Fund - Direct Plan - Weekly IDCW,1002.2815
2026-08-25,120391,Axis Liquid Fund - Direct Plan - Monthly IDCW,1000.6876
2026-08-25,120392,Invesco India Large Cap Fund - Direct Plan - Growth,89.75
2026-08-25,120393,Invesco India Large Cap Fund - Direct Plan - IDCW (Payout / Reinvestment),36.43
2026-08-25,120394,Invesco India PSU Equity Fund - Direct Plan - IDCW (Payout / Reinvestment),50.06
2026-08-25,120395,Invesco India PSU Equity Fund - Direct Plan - Growth,78.98
2026-08-25,120396,ICICI Prudential Ultra Short to Short Term Fund - Direct Plan - Weekly IDCW,105.5111
2026-08-25,120397,ICICI Prudential Ultra Short to Short Term Fund - Direct Plan - Daily IDCW,105.7358
2026-08-25,120398,ICICI Prudential Ultra Short to Short Term Fund - Direct Plan - Growth,593.8310
2026-08-25,120399,ICICI Prudential Ultra Short to Short Term Fund - Direct Plan - IDCW Others,199.2513
2026-08-25,120400,Invesco India Arbitrage Fund - Direct Plan - IDCW (Payout / Reinvestment),20.2001
2026-08-25,120401,Invesco India Arbitrage Fund - Direct Plan - Growth Option,37.1999
2026-08-25,120402,Invesco India Mid Cap Fund - Direct Plan - IDCW (Payout / Reinvestment),85.64
2026-08-25,120403,Invesco India Mid Cap Fund - Direct Plan - Growth Option,245.3
2026-08-25,120404,Invesco India Infrastructure Fund - Direct Plan - IDCW (Payout / Reinvestment),56.06
2026-08-25,120405,Invesco India Infrastructure Fund - Direct Plan - Growth Option,83.79
2026-08-25,120406,JM Liquid Fund (Direct) - Growth Option,77.2461
2026-08-25,120407,JM Liquid Fund (Direct) - Weekly IDCW,11.006
2026-08-25,120408,JM Liquid Fund (Direct) - Quarterly IDCW,43.8558
2026-08-25,120411,JM Liquid Fund (Direct) - Daily IDCW,10.4302
2026-08-25,120412,Invesco India Multi Cap Fund - Direct Plan - IDCW (Payout / Reinvestment),146.04
2026-08-25,120413,Invesco India Multi Cap Fund - Direct Plan - Growth Option,161.38
2026-08-25,120416,Invesco India ELSS Tax Saver Fund - Direct Plan - Growth,154.38
2026-08-25,120417,Invesco India ELSS Tax Saver Fund - Direct Plan - IDCW Payout,33.56
2026-08-25,120423,ICICI Prudential Floating Interest Rates Fund - Direct Plan - Daily IDCW,100.1021
2026-08-25,120424,ICICI Prudential Floating Interest Rates Fund - Direct Plan - Weekly IDCW,102.1902
2026-08-25,120425,ICICI Prudential Floating Interest Rates Fund - Direct Plan - Growth,501.1582
2026-08-25,120426,ICICI Prudential Floating Interest Rates Fund - Direct Plan - IDCW Others,214.2623
2026-08-25,120430,JM Medium to Long Term Fund (Direct) - Growth Option,72.47
2026-08-25,120431,JM Medium to Long Term Fund (Direct) - Quarterly IDCW,25.6077
2026-08-25,120432,JM Dynamic Term Fund (Direct) - Daily IDCW,10.0876
2026-08-25,120433,JM Dynamic Term Fund (Direct) - Weekly IDCW,10.5449
2026-08-25,120434,JM Dynamic Term Fund (Direct) - IDCW,46.7757
2026-08-25,120435,JM Dynamic Term Fund - (Direct) - Growth Option,46.5256
2026-08-25,120436,Axis Banking & PSU Debt Fund - Direct Plan - Weekly IDCW,1035.4547
2026-08-25,120437,Axis Banking & PSU Debt Fund - Direct Plan - Daily IDCW,1035.8793
2026-08-25,120438,Axis Banking & PSU Debt Fund - Direct Plan - Growth Option,2892.5243
2026-08-25,120439,Axis Banking & PSU Debt Fund - Direct Plan - Monthly IDCW,1032.8188
2026-08-25,120443,Invesco India Banking and PSU Debt Fund - Direct Plan - Daily IDCW (Reinvestment),1061.704
2026-08-25,120444,Invesco India Banking and PSU Debt Fund - Direct Plan -  Growth Option,2580.6606
2026-08-25,120445,Invesco India Banking and PSU Debt Fund - Direct Plan - Monthly IDCW (Payout / Reinvestment),1012.0395
2026-08-25,120447,Axis Gilt Fund - Direct Plan - Growth Option,28.6181
2026-08-25,120448,Axis Gilt Fund - Direct Plan - Half Yearly IDCW,12.6599
2026-08-25,120449,Axis Gilt Fund - Direct Plan - Regular IDCW,10.0038
2026-08-25,120450,Axis Dynamic Bond Fund - Direct Plan - Half Yearly IDCW,13.2149
2026-08-25,120451,Axis Dynamic Bond Fund - Direct Plan - Growth Option,34.8126
2026-08-25,120452,Axis Dynamic Bond Fund - Direct Plan - Quarterly IDCW,11.5636
2026-08-25,120465,Axis Large Cap Fund - Direct Plan - Growth,71.05
2026-08-25,120466,Axis Large Cap Fund - Direct Plan - IDCW,25.74
2026-08-25,120467,Axis Focused Fund - Direct Plan - IDCW,33.98
2026-08-25,120468,Axis Focused Fund - Direct Plan - Growth Option,66.77
2026-08-25,120472,Axis Gold Fund - Direct Plan - IDCW,50.6579
2026-08-25,120473,Axis Gold Fund - Direct Plan - Growth option,50.6107
2026-08-25,120474,Axis Strategic Bond Fund - Direct Plan - Half Yearly IDCW,12.1184
2026-08-25,120475,Axis Strategic Bond Fund - Direct Plan - Growth Option,33.3543
2026-08-25,120476,Axis Strategic Bond Fund - Direct Plan - Quarterly IDCW,10.4827
2026-08-25,120477,Axis Conservative Hybrid Fund - Direct Plan - Annual IDCW,16.5478
2026-08-25,120478,Axis Conservative Hybrid Fund - Direct Plan - Half Yearly,13.5229
2026-08-25,120479,Axis Conservative Hybrid Fund - Direct Plan - Quarterly,12.8864
2026-08-25,120480,Axis Conservative Hybrid Fund - Direct Plan - Growth Option,36.3287
2026-08-25,120481,JM Arbitrage Fund (Direct)- IDCW,17.5795
2026-08-25,120482,JM Arbitrage Fund (Direct) - Growth Option,37.3051
2026-08-25,120483,JM Aggressive Hybrid Fund (Direct) - IDCW,78.5758
2026-08-25,120484,JM Aggressive Hybrid Fund (Direct) - Growth Option,142.5226
2026-08-25,120485,JM Value Fund (Direct) - IDCW,76.0209
2026-08-25,120486,JM Value Fund (Direct) - Growth Option,111.5757
2026-08-25,120487,JM Focused Fund (Direct) -  IDCW,24.3235
2026-08-25,120488,JM Focused Fund (Direct)  - Growth Option,24.8191
2026-08-25,120489,JM Large Cap Fund (Direct) - IDCW,73.3925
2026-08-25,120490,JM Large Cap Fund (Direct) - Growth Option,182.8012
2026-08-25,120491,JM Flexi Cap Fund (Direct) - IDCW,106.3578
2026-08-25,120492,JM Flexi Cap Fund (Direct) - Growth Option,117.0117
2026-08-25,120493,JM ELSS - Tax Saver Fund (Direct) - IDCW,60.0701
2026-08-25,120494,JM ELSS - Tax Saver Fund (Direct) - Growth Option,61.5886
2026-08-25,120496,Invesco India Corporate Bond Fund - Direct Plan - Monthly IDCW (Payout / Reinvestment),1257.0108
2026-08-25,120497,Invesco India Corporate Bond Fund - Direct Plan - Growth,3623.9138
2026-08-25,120499,Invesco India Corporate Bond Fund - Direct Plan - Discretionary IDCW (Payout / Reinvestment),3625.0687
2026-08-25,120500,Invesco India Corporate Bond Fund - Direct Plan - Annual IDCW (Payout / Reinvestment),1244.9446
2026-08-25,120501,Invesco India Corporate Bond Fund - Direct Plan - Quarterly IDCW (Payout / Reinvestment),1174.9507
2026-08-25,120502,Axis ELSS Tax Saver Fund - Direct Plan - IDCW,52.1287
2026-08-25,120503,Axis ELSS Tax Saver Fund - Direct Plan - Growth Option,112.6609
2026-08-25,120504,Axis Midcap Fund - Direct Plan - IDCW,56.20
2026-08-25,120505,Axis Midcap Fund - Direct Plan - Growth,144.99
2026-08-25,120506,Invesco India Money Market Fund - Direct Plan - Daily IDCW (Reinvestment),1012.2021
2026-08-25,120507,Invesco India Money Market Fund - Direct Plan - Growth,3391.8516
2026-08-25,120508,Invesco India Money Market Fund - Direct Plan - Discretionary IDCW (Payout / Reinvestment),3038.6073
2026-08-25,120509,Invesco India Money Market Fund - Direct Plan - Monthly IDCW (Payout / Reinvestment),1236.9604
2026-08-25,120510,Axis Short Duration Fund - Direct Plan - Growth Option,36.2176
2026-08-25,120511,Axis Short Duration Fund - Direct Plan - Monthly IDCW,10.0083
2026-08-25,120512,Axis Short Duration Fund - Direct Plan - Weekly IDCW,10.2272
2026-08-25,120513,Axis Treasury Advantage Fund - Direct Plan - Growth Option,3490.9079
2026-08-25,120514,Axis Treasury Advantage Fund - Direct Plan - Weekly IDCW,1011.7605
2026-08-25,120515,Axis Treasury Advantage Fund - Direct Plan - Daily IDCW,1012.4463
2026-08-25,120516,Axis Treasury Advantage Fund - Direct Plan - Monthly IDCW,1009.6083
2026-08-25,120517,Aditya Birla Sun Life Aggressive Hybrid Fund - Direct Plan-Growth,1774.8
2026-08-25,120518,Aditya Birla Sun Life Aggressive Hybrid Fund -DIRECT - IDCW,296.73
2026-08-25,120519,Invesco India Gilt Fund - Direct Plan - Annual IDCW (Payout / Reinvestment),1219.4173
2026-08-25,120520,Invesco India Gilt Fund - Direct  Plan - Growth,3256.195
2026-08-25,120521,Invesco India Gilt Fund - Direct Plan - Monthly IDCW (Reinvestment),2540.9326
2026-08-25,120522,Invesco India Gilt Fund - Direct Plan - Quarterly IDCW (Payout / Reinvestment),1128.3951
2026-08-25,120523,Axis Multi Asset Allocation Fund - Direct Plan - Monthly IDCW,28.2460
2026-08-25,120524,Axis Multi Asset Allocation Fund - Direct Plan - Growth Option,54.2237
2026-08-25,120530,Invesco India Gold ETF Fund of Fund - Direct Plan - IDCW (Payout / Reinvestment),46.691
2026-08-25,120531,Invesco India Gold ETF Fund of Fund - Direct Plan - Growth,46.7626
2026-08-25,120534,Invesco India Liquid Fund - Direct Plan- Daily IDCW (Reinvestment),1005.8604
2026-08-25,120535,Invesco India Liquid Fund - Direct Plan - Weekly IDCW (Reinvestment),1072.5763
2026-08-25,120536,Invesco India Liquid Fund - Direct Plan - Monthly IDCW (Payout / Reinvestment),1087.0701
2026-08-25,120537,Invesco India Liquid Fund - Direct Plan - Growth,3886.5817
2026-08-25,120538,Aditya Birla Sun Life Digital India Fund -DIRECT - IDCW,51.03
2026-08-25,120539,Aditya Birla Sun Life Digital India Fund - Growth - Direct Plan,182.97
2026-08-25,120541,Invesco India Ultra Short Term Fund - Direct Plan - Growth,3103.2696
2026-08-25,120542,Invesco India Ultra Short Term Fund - Direct Plan - Monthly IDCW (Payout / Reinvestment),1350.0607
2026-08-25,120543,Invesco India Ultra Short Term Fund - Direct Plan - Annual IDCW (Payout / Reinvestment),2209.7442
2026-08-25,120544,Invesco India Ultra Short Term Fund - Direct Plan - Quarterly IDCW (Payout / Reinvestment),1042.1828
2026-08-25,120545,Aditya Birla Sun Life Gold Fund-DIRECT - IDCW,48.4482
2026-08-25,120546,Aditya Birla Sun Life Gold Fund - Growth - Direct Plan,48.4499
2026-08-25,120550,Aditya Birla Sun Life Conservative Hybrid Fund - DIRECT - MONTHLY IDCW,27.2801
2026-08-25,120558,UTI Liquid Fund - Direct Plan - Daily IDCW (Reinvestment),106.5304
2026-08-25,120559,Invesco India Short Term Fund - Direct Plan - Daily IDCW (Reinvestment),1020.2422
2026-08-25,120560,Invesco India Short Term Fund - Direct Plan - Growth,4195.9802
2026-08-25,120561,Invesco India Short Term Fund - Direct Plan - Monthly IDCW (Payout / Reinvestment),2761.1057
2026-08-25,120562,Invesco India Short Term Fund - Direct Plan -Weekly IDCW (Reinvestment),1019.4877
2026-08-25,120563,Invesco India Short Term Fund - Direct Plan -Discretionary IDCW (Payout / Reinvestment),2960.2635
2026-08-25,120564,Aditya Birla Sun Life Flexi Cap Fund - Growth - Direct Plan,2237.06
2026-08-25,120565,Aditya Birla Sun Life Flexi Cap Fund -DIRECT - IDCW,243.57
2026-08-25,120566,Invesco India Ultra Short to Short Term Fund - Direct Plan -Daily IDCW (Reinvestment),1018.8042
2026-08-25,120567,Invesco India Ultra Short to Short Term Fund - Direct Plan - Discretionary IDCW (Payout / Reinvestment),4229.5692
2026-08-25,120568,Invesco India Ultra Short to Short Term Fund - Direct Plan - Weekly IDCW (Payout / Reinvestment),1205.8891
2026-08-25,120570,Invesco India Ultra Short to Short Term Fund - Direct Plan - Growth,4227.6661
2026-08-25,120571,Invesco India Ultra Short to Short Term Fund - Direct Plan - Monthly IDCW (Payout / Reinvestment),1089.2947
2026-08-25,120575,SBI CONSUMPTION OPPORTUNITIES FUND - DIRECT PLAN - GROWTH,335.6169
2026-08-25,120576,SBI CONSUMPTION OPPORTUNITIES FUND - REGULAR - GROWTH,290.8281
2026-08-25,120577,SBI TECHNOLOGY OPPORTUNITIES FUND - REGULAR PLAN - GROWTH,206.6052
2026-08-25,120578,SBI TECHNOLOGY OPPORTUNITIES FUND - DIRECT PLAN - GROWTH,237.8875
2026-08-25,120579,ICICI Prudential Children's Fund - Direct Plan,365.83
2026-08-25,120585,ICICI Prudential Large Cap Fund (erstwhile Bluechip Fund)  - Direct Plan - IDCW,61.32
2026-08-25,120586,ICICI Prudential Large Cap Fund (erstwhile Bluechip Fund) - Direct Plan - Growth,121.21
2026-08-25,120587,ICICI Prudential FMCG Fund - Direct Plan -  Growth,455.58
2026-08-25,120588,ICICI Prudential FMCG Fund - Direct Plan -  IDCW,149.57
2026-08-25,120589,ICICI Prudential Gilt Fund - Direct Plan - IDCW,18.7871
2026-08-25,120590,ICICI Prudential Gilt Fund - Direct Plan - Growth,117.7260
2026-08-25,120591,ICICI Prudential Small Cap Fund - Direct Plan - Growth,104.13
2026-08-25,120592,ICICI Prudential ELSS - Tax Saver Fund - Direct Plan - Growth,1061.00
2026-08-25,120593,ICICI Prudential ELSS - Tax Saver Fund - Direct Plan - IDCW,45.56
2026-08-25,120594,ICICI Prudential Technology Fund - Direct Plan -  Growth,207.04
2026-08-25,120595,ICICI Prudential Technology Fund - Direct Plan -  IDCW,120.29
2026-08-25,120596,ICICI Prudential Large & Mid Cap Fund - Direct Plan - Growth,1204.05
2026-08-25,120597,ICICI Prudential Large & Mid Cap Fund - Direct Plan - IDCW,56.25
2026-08-25,120598,ICICI Prudential Multi Cap Fund - Direct Plan -  IDCW,65.96
2026-08-25,120599,ICICI Prudential Multi Cap Fund - Direct Plan -  Growth,986.67
2026-08-25,120600,ICICI Prudential Dynamic Term Fund - Direct Plan - IDCW,27.7241
2026-08-25,120601,ICICI Prudential Dynamic Term Fund - Direct Plan - Annual IDCW,11.5966
2026-08-25,120602,ICICI Prudential Dynamic Term Fund - Direct Plan - Quarterly IDCW,12.3018
2026-08-25,120603,ICICI Prudential Dynamic Term Fund - Direct Plan - Growth,42.7228
2026-08-25,120604,ICICI Prudential Dynamic Term Fund - Direct Plan - Weekly IDCW,10.5309
2026-08-25,120613,ICICI Prudential Conservative Hybrid Fund - Direct Plan - Half Yearly IDCW,16.9370
2026-08-25,120614,ICICI Prudential Conservative Hybrid Fund - Direct Plan - Quarterly IDCW,15.1234
2026-08-25,120615,ICICI Prudential Conservative Hybrid Fund - Direct Plan - Monthly IDCW,16.2766
2026-08-25,120616,ICICI Prudential Conservative Hybrid Fund - Direct Plan - Growth,88.0457
2026-08-25,120617,ICICI Prudential Medium to Long Term Fund - Direct Plan - IDCW Monthly,11.5436
2026-08-25,120618,ICICI Prudential Medium to Long Term Fund - Direct Plan - IDCW Quarterly,11.9168
2026-08-25,120619,ICICI Prudential Medium to Long Term Fund - Direct Plan - Growth,45.0863
2026-08-25,120620,ICICI Prudential Nifty 50 Index Fund - Direct Plan Cumulative Option,257.5571
2026-08-25,120621,ICICI Prudential Infrastructure Fund - Direct Plan -  Growth,223.89
2026-08-25,120622,ICICI Prudential Infrastructure Fund - Direct Plan -  IDCW,48.92
2026-08-25,120656,UTI Large Cap Fund - Direct Plan - Growth Option,297.3356
2026-08-25,120657,UTI Large Cap Fund - Direct Plan - IDCW,63.1965
2026-08-25,120662,UTI - Flexi Cap Fund-Growth Option - Direct,360.8065
2026-08-25,120663,UTI Flexi Cap Fund - Direct Plan - IDCW,240.1109
2026-08-25,120664,UTI Large & Mid Cap Fund - Direct Plan - IDCW,100.02
2026-08-25,120665,UTI Large & Mid Cap Fund - Direct Plan - Growth Option,203.5372
2026-08-25,120670,ICICI Prudential Medium Term Fund - Direct Plan - Growth,53.7430
2026-08-25,120671,ICICI Prudential Medium Term Fund - Direct Plan - Quarterly IDCW,11.6576
2026-08-25,120673,UTI Aggressive Hybrid Fund - Direct Plan - IDCW,45.9137
2026-08-25,120674,UTI Aggressive Hybrid Fund -Direct Plan - Growth,446.3449
2026-08-25,120675,ICICI Prudential Ultra Short Term Fund - Direct Plan -  Quarterly IDCW,11.3128
2026-08-25,120676,ICICI Prudential Ultra Short Term Fund - Direct Plan -  Growth,32.2952
2026-08-25,120677,ICICI Prudential Ultra Short Term Fund - Direct Plan -  Monthly IDCW,10.8258
2026-08-25,120679,ICICI Prudential Dynamic Asset Allocation Active FOF - Direct Plan - Growth,140.9108
2026-08-25,120680,ICICI Prudential Dynamic Asset Allocation Active FOF - Direct Plan - IDCW,110.5018
2026-08-25,120681,UTI MNC Fund - Direct Plan - IDCW,237.7139
2026-08-25,120682,UTI - MNC Fund - Growth Option - Direct,458.2588
2026-08-25,120683,ICICI Prudential Nifty Next 50 Index Fund - Direct Plan -  IDCW,69.3186
2026-08-25,120684,ICICI Prudential Nifty Next 50 Index Fund - Direct Plan -  Growth,69.3446
2026-08-25,120685,ICICI Prudential Gold ETF FOF - Direct Plan - Growth,51.3235
2026-08-25,120686,ICICI Prudential Gold ETF FOF - Direct Plan - IDCW,51.3283
2026-08-25,120687,ICICI Prudential Exports & Services Fund - Direct Plan - IDCW,81.05
2026-08-25,120688,ICICI Prudential Exports & Services Fund - Direct Plan - Growth,190.54
2026-08-25,120689,UTI Medium to Long Term Fund-Growth - Direct,83.5024
2026-08-25,120690,UTI Medium to Long Term Fund - Direct Plan - Discontinued Quarterly IDCW,26.3521
2026-08-25,120692,ICICI Prudential Corporate Bond Fund - Direct Plan - Growth,33.5458
2026-08-25,120694,ICICI Prudential Corporate Bond Fund - Direct Plan - Quarterly IDCW,15.7736
2026-08-25,120697,ICICI Prudential Corporate Bond Fund - Direct Plan - Monthly IDCW,10.2468
2026-08-25,120700,ICICI Prudential Aggressive Hybrid Active FOF - Direct Plan - Growth,248.2361
2026-08-25,120702,ICICI Prudential Diversified Debt Strategy Active FOF  - Direct Plan - Growth,49.9805
2026-08-25,120703,ICICI Prudential Diversified Debt Strategy Active FOF - Direct Plan -  IDCW,44.0025
2026-08-25,120705,Aditya Birla Sun Life Conservative Hybrid Fund - Growth / Payment - Direct Plan,79.6704
2026-08-25,120709,ICICI Prudential Credit Risk Fund - Direct Plan - Quarterly IDCW,12.1297
2026-08-25,120711,ICICI Prudential Credit Risk Fund - Direct Plan - Growth,38.6241
2026-08-25,120714,UTI ELSS Tax Saver Fund - Direct Plan - IDCW,54.6084
2026-08-25,120715,UTI ELSS Tax Saver Fund - Direct Plan - Growth Option,231.7221
2026-08-25,120716,UTI Nifty 50 Index Fund - Growth Option- Direct,171.3495
2026-08-25,120717,UTI Nifty 50 Index Fund - Direct Plan - IDCW,86.3283
2026-08-25,120718,UTI Short Term Fund - Direct Plan - Growth Option,36.0213
2026-08-25,120719,UTI Short Term Fund - Direct Plan - Discontinued Quarterly IDCW,20.3674
2026-08-25,120722,ICICI Prudential Focused Fund - Direct Plan - Growth,112.08
2026-08-25,120723,ICICI Prudential Focused Fund - Direct Plan - IDCW,65.25
2026-08-25,120724,UTI Children's Equity Fund - Direct Plan - Growth Option,92.3683
2026-08-25,120725,UTI Children's Equity Fund - Direct Plan - IDCW,92.5278
2026-08-25,120726,UTI Mid Cap Fund-Growth Option- Direct,361.7499
2026-08-25,120727,UTI Mid Cap Fund - Direct Plan - IDCW,178.0182
2026-08-25,120728,UTI Infrastructure Fund-Growth Option- Direct,154.422
2026-08-25,120729,UTI Infrastructure Fund - Direct Plan - IDCW,80.8095
2026-08-25,120730,UTI Transportation and Logistics Fund - Direct Plan - IDCW,165.4587
2026-08-25,120731,UTI-Transportation and Logistics  Fund-Growth Option- Direct,357.7498
2026-08-25,120732,UTI Banking and Financial Services Fund - Direct Plan - IDCW,89.2964
2026-08-25,120733,UTI Banking and Financial Services Fund - Direct Plan - Growth Option,228.1561
2026-08-25,120734,UTI Ultra Short to Short Term Fund - Direct Plan - Quarterly IDCW,2076.5395
2026-08-25,120735,UTI Ultra Short to Short Term Fund - Direct Plan - Growth Option,3872.9102
2026-08-25,120736,UTI Ultra Short to Short Term Fund - Direct Plan - Monthly IDCW,1512.0954
2026-08-25,120737,UTI Ultra Short to Short Term Fund - Direct Plan - Daily IDCW (Reinvestment),1478.6602
2026-08-25,120739,UTI Ultra Short to Short Term Fund - Direct Plan - Weekly IDCW,1021.8009
2026-08-25,120743,ICICI Prudential Long Term Fund - Direct Plan - Growth,102.0178
2026-08-25,120744,UTI Ultra Short Term Fund - Direct Plan - Daily IDCW (Reinvestment),1629.4511
2026-08-25,120745,UTI Ultra Short Term Fund - Direct Plan - Weekly IDCW (Reinvestment),1084.0158
2026-08-25,120746,UTI Ultra Short Term Fund - Direct Plan - Growth Option,4897.9044
2026-08-25,120747,ICICI Prudential Long Term Fund - Direct Plan - Quarterly IDCW,12.8620
2026-08-25,120749,UTI-Dividend Yield Fund.-Growth-Direct,193.1167
2026-08-25,120750,UTI Dividend Yield Fund - Direct Plan - IDCW,40.5344
2026-08-25,120751,UTI Value Fund - Direct Plan - Growth Option,185.4261
2026-08-25,120752,UTI Value Fund - Direct Plan - IDCW,60.4742
2026-08-25,120754,ICICI Prudential Short Term Fund - Direct Plan - Growth Option,70.7046
2026-08-25,120755,ICICI Prudential Short Term Fund - Direct Plan - Monthly IDCW,12.7142
2026-08-25,120760,UTI Multi Asset Allocation Fund - Direct Plan - Growth Option,90.6155
2026-08-25,120761,UTI Multi Asset Allocation Fund - Direct Plan - IDCW,35.5684
2026-08-25,120762,UTI Dynamic Term Fund - Direct Plan - Growth Option,35.6354
2026-08-25,120763,UTI Dynamic Term Fund - Direct Plan - Discontinued Quarterly IDCW,27.4229
2026-08-25,120764,UTI Credit Risk Fund - Direct Plan - Growth Option,20.835
2026-08-25,120765,UTI Credit Risk Fund - Direct Plan - Discontinued Quarterly IDCW,14.7022
2026-08-25,120766,UTI Retirement Fund- Direct Plan,55.3997
2026-08-25,120771,UTI Children's Hybrid Fund - Direct Plan,41.7943
2026-08-25,120772,UTI Money Market Fund - Direct Plan - Daily IDCW (Reinvestment),1030.8662
2026-08-25,120777,UTI Liquid Fund - Direct Plan - Weekly IDCW,105.9351
2026-08-25,120778,UTI Conservative Hybrid Fund - Direct Plan - Monthly IDCW,19.3257
2026-08-25,120779,UTI Conservative Hybrid Fund - Direct Plan - Growth Option,77.4882
2026-08-25,120780,UTI India Consumer Fund - Direct Plan - Growth Option,65.5775
2026-08-25,120781,UTI India Consumer Fund - Direct Plan - IDCW,57.5696
2026-08-25,120782,UTI Healthcare Fund - Direct Plan - Growth Option,387.6212
2026-08-25,120783,UTI Healthcare Fund - Direct Plan - IDCW,299.6028
2026-08-25,120784,UTI - Unit Linked Insurance Plan- Direct,47.4127
2026-08-25,120785,UTI - Overnight Fund - Direct Plan - Growth Option,3763.3449
2026-08-25,120786,UTI Overnight Fund - Direct Plan - Periodic IDCW,1975.0558
2026-08-25,120789,UTI Conservative Hybrid Fund - Direct Plan - Flexi IDCW,50.3373
2026-08-25,120790,UTI Conservative Hybrid Fund - Direct Plan - Monthly Payment Option,76.2253
2026-08-25,120791,UTI Gilt Fund - Direct Plan - IDCW,31.7232
2026-08-25,120792,UTI - GILT FUND - Direct Plan - Growth Option,68.5482
2026-08-25,120793,UTI Money Market Fund - Direct Plan - Weekly IDCW,1132.8414
2026-08-25,120794,UTI Liquid Fund - Direct Plan - Monthly IDCW,104.7573
2026-08-25,120795,UTI Arbitrage Fund - Direct Plan - Growth Option,40.1252
2026-08-25,120796,UTI Arbitrage Fund - Direct Plan - IDCW,23.4715
2026-08-25,120818,quant Aggressive Hybrid Fund-IDCW Option-Direct Plan,71.5851
2026-08-25,120819,quant Aggressive Hybrid Fund-Growth Option-Direct Plan,516.8484
2026-08-25,120820,quant Multi Asset Allocation Fund - IDCW Option - Direct Plan,171.1026
2026-08-25,120821,quant Multi Asset Allocation Fund-GROWTH OPTION-Direct Plan,185.66
2026-08-25,120822,quant Multi Cap Fund-IDCW Option - Direct Plan,84.8624
2026-08-25,120823,quant Multi Cap Fund-GROWTH OPTION-Direct Plan,732.7796
2026-08-25,120825,quant Large & Mid Cap Fund - IDCW Option - Direct Plan,65.1447
2026-08-25,120826,quant Large & Mid Cap Fund - Growth Option-Direct Plan,139.9093
2026-08-25,120827,quant Small Cap Fund - IDCW Option - Direct Plan,249.3885
2026-08-25,120828,quant Small Cap Fund - Growth Option - Direct Plan,319.0378
2026-08-25,120832,quant Infrastructure Fund - IDCW Option - Direct Plan,46.781
2026-08-25,120833,quant Infrastructure Fund - Growth Option-Direct Plan,46.8189
2026-08-25,120834,quant Focused Fund - Growth Option-Direct Plan,106.9771
2026-08-25,120835,quant Focused Fund - IDCW Option - Direct Plan,62.535
2026-08-25,120836,quant Liquid Fund-Daily IDCW Option - Direct Plan,13.1595
2026-08-25,120837,quant Liquid Fund - Growth Option - Direct Plan,45.3416
2026-08-25,120838,quant Liquid Fund - Monthly IDCW Option - Direct Plan,15.755
2026-08-25,120839,quant Liquid Fund - Weekly IDCW Option - Direct Plan,14.6977
2026-08-25,120840,quant Mid Cap Fund - IDCW Option - Direct Plan,88.6318
2026-08-25,120841,quant Mid Cap Fund - Growth Option - Direct Plan,252.3397
2026-08-25,120842,quant Flexi Cap Fund - IDCW Option - Direct Plan,84.089
2026-08-25,120843,quant Flexi Cap Fund - Growth Option-Direct Plan,123.7072
2026-08-25,120846,quant ELSS Tax Saver Fund - IDCW Option - Direct Plan,62.2568
2026-08-25,120847,quant ELSS Tax Saver Fund - Growth Option - Direct Plan,467.0271
2026-08-25,120870,ICICI Prudential Small Cap Fund - Direct Plan - IDCW,72.06
2026-08-25,121109,SBI BSE SENSEX ETF,866.3091
2026-08-25,121146,Nippon India ETF Nifty 100,270.7502
2026-08-25,121279,Bandhan Banking and PSU Debt Fund - Direct Growth,27.0837
2026-08-25,121280,Bandhan Banking and PSU Debt Fund - Regular Growth,26.2254
2026-08-25,121281,Bandhan Banking and PSU Debt Fund - Direct IDCW,14.2466
2026-08-25,121282,Bandhan Banking and PSU Debt Fund - Regular IDCW,14.1616
2026-08-25,121366,ICICI Prudential Nifty 50 ETF,276.0585
2026-08-25,121891,UTI Ultra Short Term Fund - Regular Plan - Flexi IDCW,1749.7856
2026-08-25,121892,UTI Ultra Short Term Fund - Direct Plan - Flexi IDCW,2376.3419
2026-08-25,121931,Bandhan Banking and PSU Debt Fund - Regular Fortnightly IDCW,10.5958
2026-08-25,121932,Bandhan Banking and PSU Debt Fund - Regular Monthly IDCW,10.6956
2026-08-25,121933,Bandhan Banking and PSU Debt Fund - Regular Annual IDCW,11.3991
2026-08-25,121934,Bandhan Banking and PSU Debt Fund - Direct Fortnightly IDCW,10.4418
2026-08-25,121935,Bandhan Banking and PSU Debt Fund - Direct Monthly IDCW,10.4532
2026-08-25,121936,Bandhan Banking and PSU Debt Fund - Direct Annual IDCW,12.3977
2026-08-25,121937,Bandhan Banking and PSU Debt Fund - Regular Quarterly IDCW,10.9451
2026-08-25,121938,Bandhan Banking and PSU Debt Fund - Direct Quarterly IDCW,11.0546
2026-08-25,121940,SBI Medium to Long Term Fund - Direct Plan - Quarterly Income Distribution cum Capital Withdrawal Option (IDCW),23.3494
2026-08-25,121944,SBI Medium to Long Term Fund - Regular Plan - Quarterly Income Distribution cum Capital Withdrawal Option (IDCW),20.8111
2026-08-25,122168,ICICI Prudential Balanced Advantage Fund - Monthly IDCW,23.14
2026-08-25,122236,ICICI Prudential Balanced Advantage Fund - Direct Plan - Monthly IDCW,27.96
2026-08-25,122387,Motilal Oswal Focused Fund - Regular Plan Growth Option,53.8981
2026-08-25,122388,Motilal Oswal Focused Fund Regular - IDCW Payout/Reinvestment,22.2522
2026-08-25,122389,Motilal Oswal Focused Fund - Direct Plan Growth Option,63.7915
2026-08-25,122390,Motilal Oswal Focused Fund Direct - IDCW Payout/Reinvestment,26.2227
2026-08-25,122443,Franklin India Money Market Fund Retail Option - Daily - IDCW,10.0567
2026-08-25,122444,Franklin India Money Market Fund Retail Option - Direct - Daily - IDCW,10.0606
2026-08-25,122531,ICICI Prudential Ultra Short to Short Term Fund - Monthly IDCW,102.0219
2026-08-25,122612,360 ONE Dynamic Term Fund - Regular Plan - Growth Option,24.2238
2026-08-25,122618,BANDHAN Dynamic Term Fund-Direct Plan-Half Yearly IDCW,11.4350
2026-08-25,122639,Parag Parikh Flexi Cap Fund - Direct Plan - Growth,91.1854
2026-08-25,122640,Parag Parikh Flexi Cap Fund - Regular Plan - Growth,83.0954
2026-08-25,122643,Aditya Birla Sun Life Floating Interest Rate Fund-Regular - DAILY IDCW,100.0997
2026-08-25,122644,Aditya Birla Sun Life Floating Interest Rate Fund-Regular Plan-Growth,372.8491
2026-08-25,122645,Aditya Birla Sun Life Floating Interest Rate Fund-Direct - daily IDCW,100.0938
2026-08-25,122646,Aditya Birla Sun Life Floating Interest Rate Fund-Direct Plan-Growth,384.0588
2026-08-25,122647,Aditya Birla Sun Life Floating Interest Rate Fund-REGULAR - WEEKLY IDCW,100.7431
2026-08-25,122648,Aditya Birla Sun Life Floating Interest Rate Fund-Direct - weekly IDCW,100.8243
2026-08-25,122651,ICICI Prudential Ultra Short to Short Term Fund - Direct Plan - Monthly IDCW,102.0318
2026-08-25,122711,360 ONE Dynamic Term Fund Regular Plan Bonus,24.2237
2026-08-25,122712,360 ONE Dynamic Term Fund Regular Plan Quarterly Dividend,23.3761
2026-08-25,122715,360 ONE Dynamic Term Fund Direct Plan Growth,25.6299
2026-08-25,122717,360 ONE Dynamic Term Fund Direct Plan Quarterly Dividend,23.6470
2026-08-25,122719,360 ONE Dynamic Term Fund Regular Plan Monthly Dividend,13.0952
2026-08-25,122720,360 ONE Dynamic Term Fund Regular Plan Half Yearly Dividend,23.3759
2026-08-25,122721,360 ONE Dynamic Term Fund Direct Plan Monthly Dividend,14.2212
2026-08-25,122748,ICICI Prudential Ultra Short to Short Term Fund - Fortnightly IDCW,101.6904
2026-08-25,122765,NIPPON INDIA AGGRESSIVE HYBRID FUND - QUARTERLY IDCW Option,23.0181
2026-08-25,122766,NIPPON INDIA AGGRESSIVE HYBRID FUND - DIRECT Plan - QUARTERLY IDCW Option,25.6065
2026-08-25,122868,BANDHAN Dynamic Term Fund - Regular Plan B - Half Yearly IDCW,11.1842
2026-08-25,122904,ICICI Prudential Ultra Short to Short Term Fund - Direct Plan - Fortnightly IDCW,101.6948
2026-08-25,122982,ICICI Prudential Ultra Short to Short Term Fund - Direct Plan - Quarterly IDCW,111.3954
2026-08-25,122995,ICICI Prudential Ultra Short to Short Term Fund - Quarterly IDCW,111.0894
2026-08-25,123004,ICICI Prudential Nifty 100 ETF,28.4802
2026-08-25,123287,DSP Money Market Fund - Regular Plan - IDCW - Daily,10.1021
2026-08-25,123288,DSP Money Market Fund - Direct Plan -  IDCW - Daily,10.1527
2026-08-25,123646,UTI Annual Interval Fund - I - Direct Plan - Growth Option,36.8976
2026-08-25,123651,ICICI Prudential Global Stable Equity Fund (FOF) - Growth,34.51
2026-08-25,123652,ICICI Prudential Global Stable Equity Fund (FOF) - Direct - IDCW,37.52
2026-08-25,123653,ICICI Prudential Global Stable Equity Fund (FOF) - IDCW,34.51
2026-08-25,123654,ICICI Prudential Global Stable Equity Fund (FOF) - Direct - Growth,37.52
2026-08-25,123663,UTI Annual Interval Fund - I - Direct Plan - Dividend Option,11.4651
2026-08-25,123690,Kotak Banking and PSU Debt - Growth,69.4714
2026-08-25,123691,Kotak Banking and PSU Debt - Monthly Payout of Income Distribution cum capital withdrawal option,13.0523
2026-08-25,123692,Kotak Banking and PSU Debt Direct - Monthly Payout of Income Distribution cum capital withdrawal option,10.2085
2026-08-25,123693,Kotak Banking and PSU Debt Direct - Growth,72.6766
2026-08-25,123704,Groww Short Term Fund (formerly known as Indiabulls Short Term Fund) - Direct Plan - Growth Option,2556.65
2026-08-25,123705,Groww Short Term Fund (formerly known as Indiabulls Short Term Fund)- Direct Plan- Weekly - Income Distribution cum capital withdrawal Option (Payout & Reinvestment),1018.7784
2026-08-25,123706,Groww Short Term Fund (formerly known as Indiabulls Short Term Fund)- Direct Plan- Fortnightly - Income Distribution cum capital withdrawal Option (Payout & Reinvestment),1018.3671
2026-08-25,123707,Groww Short Term Fund (formerly known as Indiabulls Short Term Fund)- Direct Plan- Monthly - Income Distribution cum capital withdrawal Option (Payout & Reinvestment),1022.1389
2026-08-25,123708,Groww Short Term Fund (formerly known as Indiabulls Short Term Fund )- Regular Plan - Growth Option,2208.5598
2026-08-25,123709,Groww Short Term Fund (formerly known as Indiabulls Short Term Fund)- Regular Plan- Weekly - Income Distribution cum capital withdrawal Option (Payout & Reinvestment),1018.604
2026-08-25,123710,Groww Short Term Fund (formerly known as Indiabulls Short Term Fund)- Regular Plan- Fortnightly - Income Distribution cum capital withdrawal Option (Payout & Reinvestment),1018.0386
2026-08-25,123711,Groww Short Term Fund (formerly known as Indiabulls Short Term Fund)- Regular Plan- Monthly - Income Distribution cum capital withdrawal Option (Payout & Reinvestment),1027.8922
2026-08-25,124172,DSP Banking and PSU Debt Fund - Regular Plan - Growth,25.3403
2026-08-25,124173,DSP Banking and PSU Debt Fund - Regular Plan - IDCW - Daily Reinvest,10.1366
2026-08-25,124174,DSP Banking and PSU Debt Fund - Regular Plan - IDCW,10.6071
2026-08-25,124175,DSP Banking and PSU Debt Fund - Direct Plan - Growth,26.3201
2026-08-25,124176,DSP Banking and PSU Debt Fund - Direct Plan - IDCW - Monthly,10.4082
2026-08-25,124177,DSP Banking and PSU Debt Fund - Direct Plan - IDCW - Quarterly,10.4594
2026-08-25,124178,DSP Banking and PSU Debt Fund - Direct Plan - IDCW,10.6222
2026-08-25,124179,DSP Banking and PSU Debt Fund - Regular Plan - IDCW - Weekly,10.1359
2026-08-25,124180,DSP Banking and PSU Debt Fund - Regular Plan - IDCW - Monthly,10.3939
2026-08-25,124181,DSP Banking and PSU Debt Fund - Regular Plan - IDCW - Quarterly,10.4461
2026-08-25,124182,DSP Banking and PSU Debt Fund - Direct Plan - IDCW - Daily Reinvest,10.1376
2026-08-25,124183,DSP Banking and PSU Debt Fund - Direct Plan - IDCW - Weekly,10.1369
2026-08-25,124233,Motilal Oswal Ultra Short Term Fund (MOFUSTF)-Regular Plan- Growth,17.4793
2026-08-25,124234,Motilal Oswal Ultra Short Term Fund (MOFUSTF) -Direct Plan- Growth,18.6882
2026-08-25,124265,UTI Overnight Fund - Regular Plan - Daily IDCW,1370.8617
2026-08-25,124266,UTI Overnight Fund - Direct Plan - Daily IDCW,1371.6621
2026-08-25,124303,Motilal Oswal Ultra Short Term Fund Regular - IDCW Daily Reinvestment,11.4495
2026-08-25,124305,Motilal Oswal Ultra Short Term Fund Regular - IDCW Quarterly Payout/Reinvestment,11.9187
2026-08-25,124306,Motilal Oswal Ultra Short Term Fund Direct - IDCW Weekly Reinvestment,11.7338
2026-08-25,124308,Motilal Oswal Ultra Short Term Fund Direct Plan - IDCW Monthly Payout/Reinvestment,11.7886
2026-08-25,124310,Motilal Oswal Ultra Short Term Fund Regular - IDCW Weekly Reinvestment,11.4695
2026-08-25,124311,Motilal Oswal Ultra Short Term Fund Direct - IDCW Fortnightly Reinvestment,11.8056
2026-08-25,124312,Motilal Oswal Ultra Short Term Fund Direct - IDCW Quarterly Payout/Reinvestment,12.2939
2026-08-25,124313,Motilal Oswal Ultra Short Term Fund Regular - IDCW Fortnightly Reinvestment,11.5072
2026-08-25,124315,Motilal Oswal Ultra Short Term Fund Regular - IDCW Monthly Payout/Reinvestment,11.5093
2026-08-25,124316,Motilal Oswal Ultra Short Term Fund Direct - IDCW Daily Reinvestment,11.7326
2026-08-25,124589,NIPPON INDIA FLOATING INTEREST RATES  FUND - IDCW Option,21.7644
2026-08-25,124590,NIPPON INDIA FLOATING INTEREST RATES  FUND - DIRECT Plan - IDCW Option,22.7050
2026-08-25,124832,Aditya Birla Sun Life Corporate Bond Fund -DIRECT - IDCW,10.6642
2026-08-25,124833,Aditya Birla Sun Life Corporate Bond Fund -REGULAR - IDCW,11.9515
2026-08-25,124962,UTI Short Term Fund - Direct Plan - Discontinued Flexi IDCW,19.896
2026-08-25,125045,UTI Short Term Fund - Regular Plan - Discontinued Flexi IDCW,19.2315
2026-08-25,125259,360 ONE LIQUID FUND REGULAR PLAN  GROWTH,2150.8703
2026-08-25,125264,NIPPON INDIA ULTRA SHORT TO SHORT TERM FUND - DIRECT Plan - IDCW Option,2260.6047
2026-08-25,125265,NIPPON INDIA ULTRA SHORT TO SHORT TERM FUND - IDCW Option,2128.1420
2026-08-25,125266,NIPPON INDIA CORPORATE BOND FUND - DIRECT Plan - IDCW Option,21.2862
2026-08-25,125267,NIPPON INDIA CORPORATE BOND FUND - IDCW Option,20.4147
2026-08-25,125268,NIPPON INDIA SHORT TERM FUND - IDCW Option,22.8566
2026-08-25,125269,NIPPON INDIA SHORT TERM FUND - Direct Plan - IDCW Option,24.9754
2026-08-25,125301,PGIM India Midcap Fund - Direct Plan - Dividend Option - Payout,65.64
2026-08-25,125305,PGIM India Midcap Fund - Regular Plan - Growth Option,67.48
2026-08-25,125306,PGIM India Midcap Fund - Regular Plan - Dividend Option - Payout,24.15
2026-08-25,125307,PGIM India Midcap Fund - Direct Plan - Growth Option,79.2
2026-08-25,125337,360 ONE LIQUID FUND REGULAR PLAN  WEEKLY DIVIDEND,1005.0000
2026-08-25,125342,360 ONE LIQUID FUND REGULAR PLAN  DAILY DIVIDEND REINVESTMENT,1000.7615
2026-08-25,125343,360 ONE LIQUID FUND DIRECT PLAN  WEEKLY DIVIDEND,1005.0000
2026-08-25,125345,360 ONE LIQUID FUND DIRECT PLAN  GROWTH,2166.9149
2026-08-25,125349,360 ONE LIQUID FUND DIRECT PLAN  DAILY DIVIDEND REINVESTMENT,1000.7615
2026-08-25,125350,Axis Small Cap Fund - Regular Plan - Growth,117.51
2026-08-25,125351,Axis Small Cap Fund - Direct Plan - IDCW,55.39
2026-08-25,125352,Axis Small Cap Fund - Regular Plan - IDCW,46.80
2026-08-25,125354,Axis Small Cap Fund - Direct Plan - Growth,137.31
2026-08-25,125494,SBI Small Cap Fund - Regular Plan - Growth,186.1003
2026-08-25,125495,SBI Small Cap Fund - Regular Plan - Income Distribution cum Capital Withdrawal Option (IDCW),109.9451
2026-08-25,125496,SBI Small Cap Fund - Direct Plan - Income Distribution cum Capital Withdrawal Option (IDCW),146.6702
2026-08-25,125497,SBI Small Cap Fund - Direct Plan - Growth,214.8881
2026-08-25,125498,SBI BANKING & PSU DEBT FUND - Regular Paln - Growth,3303.2565
2026-08-25,125499,SBI Banking & PSU Debt Fund - Regular Plan - Daily Income Distribution cum Capital Withdrawal Option (IDCW),1507.0375
2026-08-25,125500,SBI Banking & PSU Debt Fund - Regular Plan - Weekly Income Distribution cum Capital Withdrawal Option (IDCW),1506.6796
2026-08-25,125501,SBI Banking & PSU Debt Fund - Regular Plan - Monthly Income Distribution cum Capital Withdrawal Option (IDCW),1227.8118
2026-08-25,125502,SBI Banking & PSU Debt Fund - Direct Plan - Daily Income Distribution cum Capital Withdrawal Option (IDCW),1553.1201
2026-08-25,125503,SBI BANKING & PSU DEBT FUND - Direct Plan - Growth,3526.0335
2026-08-25,125504,SBI Banking & PSU Debt Fund - Direct Plan - Weekly Income Distribution cum Capital Withdrawal Option (IDCW),1549.6712
2026-08-25,125505,SBI Banking & PSU Debt Fund - Direct Plan - Monthly Income Distribution cum Capital Withdrawal Option (IDCW),1319.6594
2026-08-25,125595,Aditya Birla Sun Life Banking and Financial Services Fund - Regular Plan - Growth,63.85
2026-08-25,125596,Aditya Birla Sun Life Banking and Financial Services Fund - REGULAR - IDCW,23.35
2026-08-25,125597,Aditya Birla Sun Life Banking and Financial Services Fund - Direct Plan - Growth,72.35
2026-08-25,125598,Aditya Birla Sun Life Banking and Financial Services Fund - DIRECT - IDCW,31.9
2026-08-25,125711,Shriram Aggressive Hybrid Fund- Direct Growth,37.6501
2026-08-25,125712,Shriram Aggressive Hybrid Fund- Direct- IDCW,29.6588
2026-08-25,125713,Shriram Aggressive Hybrid Fund- Regular Growth,32.2936
2026-08-25,125714,Shriram Aggressive Hybrid Fund- Regular-IDCW,25.821
2026-08-25,126350,Invesco India - Invesco Pan European Equity Fund of Fund - Regular Plan - IDCW (Payout / Reinvestment),27.8069
2026-08-25,126351,Invesco India - Invesco Pan European Equity Fund of Fund - Regular Plan - Growth Option,27.8072
2026-08-25,126352,Invesco India - Invesco Pan European Equity Fund of Fund - Direct Plan - IDCW (Payout / Reinvestment),30.3052
2026-08-25,126353,Invesco India - Invesco Pan European Equity Fund of Fund - Direct Plan - Growth Option,30.3977
2026-08-25,126389,BANK OF INDIA Ultra Short Duration Fund- Direct Plan-Bonus,3500.9414
2026-08-25,126391,DSP Dynamic Asset Allocation Fund - Direct Plan - IDCW - Monthly,17.0070
2026-08-25,126392,DSP Dynamic Asset Allocation Fund - Regular Plan - IDCW - Monthly,14.1850
2026-08-25,126393,DSP Dynamic Asset Allocation Fund - Direct Plan - Growth,33.6830
2026-08-25,126394,DSP Dynamic Asset Allocation Fund - Regular Plan - Growth,29.0020
2026-08-25,126685,CANARA ROBECO CORPORATE BOND FUND - DIRECT PLAN - GROWTH OPTION,24.6693
2026-08-25,126686,CANARA ROBECO CORPORATE BOND FUND - DIRECT PLAN - IDCW (Payout/Reinvestment),12.4814
2026-08-25,126687,CANARA ROBECO CORPORATE BOND FUND - REGULAR PLAN - GROWTH OPTION,22.8543
2026-08-25,126688,CANARA ROBECO CORPORATE BOND FUND - REGULAR PLAN - IDCW (Payout/Reinvestment),11.5869
2026-08-25,126939,UTI Banking & PSU Debt Fund- Regular Plan - Growth Option,23.4612
2026-08-25,126940,UTI Banking & PSU Debt Fund - Direct Plan - Growth Option,23.9304
2026-08-25,126941,UTI Banking & PSU Debt Fund - Regular Plan - Discontinued Quarterly IDCW,16.1003
2026-08-25,126942,UTI Banking & PSU Debt Fund - Direct Plan - Discontinued Quarterly IDCW,17.8111
2026-08-25,127039,Motilal Oswal Midcap Fund-Regular Plan-Growth Option,106.6782
2026-08-25,127040,Motilal Oswal Midcap Fund-Regular - IDCW Payout/Reinvestment,48.2077
2026-08-25,127042,Motilal Oswal Midcap Fund-Direct Plan-Growth Option,123.2714
2026-08-25,127044,Motilal Oswal Midcap Fund-Direct - IDCW Payout/Reinvestment,50.2796
2026-08-25,127070,HSBC Asia Pacific IDCW Yield Fund IDCW,25.6917
2026-08-25,127071,HSBC Asia Pacific (Ex Japan) Dividend Yield Fund - Growth Direct,39.6269
2026-08-25,127072,HSBC Asia Pacific IDCW Yield Fund Direct Plan IDCW,25.6989
2026-08-25,127073,HSBC Asia Pacific (Ex Japan) Dividend Yield Fund - Growth,36.5086
2026-08-25,127470,Bandhan Banking and PSU Debt Fund - Regular Daily IDCW,10.8535
2026-08-25,127471,Bandhan Banking and PSU Debt Fund - Direct Daily IDCW,10.4534
2026-08-25,127849,BANK OF INDIA BALANCED ADVANTAGE FUND REGULAR PLAN  GROWTH,26.3790
2026-08-25,127850,BANK OF INDIA BALANCED ADVANTAGE FUND DIRECT PLAN  GROWTH,28.8743
2026-08-25,127851,BANK OF INDIA BALANCED ADVANTAGE FUND  REGULAR PLAN IDCW,18.4044
2026-08-25,127852,BANK OF INDIA BALANCED ADVANTAGE FUND  DIRECT PLAN IDCW,17.4214
2026-08-25,128006,Kotak Medium Term Fund - Direct Growth,27.5474
2026-08-25,128009,Kotak Medium Term Fund - Growth,24.5105
2026-08-25,128050,HDFC Credit Risk Fund - Quarterly IDCW - Direct Plan,10.9274
2026-08-25,128051,HDFC Credit Risk Fund - Growth Option - Direct Plan,28.3099
2026-08-25,128052,HDFC Credit Risk Fund - Quarterly IDCW Option,10.5669
2026-08-25,128053,HDFC Credit Risk Fund - Growth Option,26.0363
2026-08-25,128078,Kotak Medium Term Fund - Standard Income Distribution cum capital withdrawal option,15.0442
2026-08-25,128079,Kotak Medium Term Fund - Direct - Standard Income Distribution cum capital withdrawal option,27.5498
2026-08-25,128331,Nippon India ETF Nifty India Consumption,134.9282
2026-08-25,128626,HDFC Banking and PSU Debt Fund - IDCW Option - Direct Plan,9.9982
2026-08-25,128627,HDFC Banking and PSU Debt Fund - IDCW Option,10.1063
2026-08-25,128628,HDFC Banking and PSU Debt Fund - Growth Option,24.3662
2026-08-25,128629,HDFC Banking and PSU Debt Fund - Growth Option - Direct Plan,25.4797
2026-08-25,128639,Nippon India ETF Nifty Dividend Opportunities 50,78.0848
2026-08-25,128820,NIPPON INDIA ARBITRAGE FUND - MONTHLY IDCW Option,14.7809
2026-08-25,128821,NIPPON INDIA ARBITRAGE FUND - DIRECT Plan - MONTHLY IDCW Option,16.1656
2026-08-25,129006,Franklin India Banking & PSU Debt Fund - Growth,24.0605
2026-08-25,129007,Franklin India Banking and PSU Debt Fund - IDCW,10.9591
2026-08-25,129008,Franklin India Banking & PSU Debt Fund - Direct - Growth,25.2227
2026-08-25,129009,Franklin India Banking and PSU Debt Fund - Direct - IDCW,11.5929
2026-08-25,129046,Motilal Oswal Flexi cap Fund Direct Plan-Growth Option,71.6480
2026-08-25,129047,Motilal Oswal Flexi Cap Fund Direct - IDCW Payout/Reinvestment,35.4446
2026-08-25,129048,Motilal Oswal Flexi Cap Fund Regular Plan-Growth Option,64.0486
2026-08-25,129049,Motilal Oswal Flexi cap Fund Regular - IDCW Payout/Reinvestment,33.6400
2026-08-25,129051,HDFC ARBITRAGE FUND - Regular Plan - Monthly IDCW Option,11.421
2026-08-25,129052,HDFC ARBITRAGE FUND -Direct Plan - Growth Option,21.703
2026-08-25,129054,HDFC ARBITRAGE FUND - Monthly IDCW - Direct Plan,11.323
2026-08-25,129065,HSBC Aggressive Hybrid Active FOF - Growth,43.4176
2026-08-25,129187,Invesco India - Invesco Global Equity Income Fund of Fund - Regular Plan - Growth,39.1488
2026-08-25,129188,Invesco India - Invesco Global Equity Income Fund of Fund - Direct Plan - Growth,43.5053
2026-08-25,129189,Invesco India - Invesco Global Equity Income Fund of Fund - Regular Plan - IDCW (Payout / Reinvestment),39.0929
2026-08-25,129190,Invesco India - Invesco Global Equity Income Fund of Fund - Direct Plan - IDCW (Payout / Reinvestment),42.9771
2026-08-25,129191,HSBC Multi Asset Active FOF - Growth,42.6604
2026-08-25,129192,HSBC Multi Asset Active FOF IDCW,31.1309
2026-08-25,129193,HSBC Multi Asset Active FOF - Growth Direct,45.5457
2026-08-25,129194,HSBC Multi Asset Active FOF Direct Plan IDCW,21.8769
2026-08-25,129195,HSBC Income Plus Arbitrage Active FOF - Growth,22.6881
2026-08-25,129196,HSBC Income Plus Arbitrage Active FOF IDCW,16.3514
2026-08-25,129197,HSBC Income Plus Arbitrage Active FOF - Growth Direct,24.1433
2026-08-25,129198,HSBC Income Plus Arbitrage Active FOF Direct Plan IDCW,19.3114
2026-08-25,129199,HSBC Aggressive Hybrid Active FOF - Dividend,30.6352
2026-08-25,129200,HSBC Aggressive Hybrid Active FOF - Growth Direct,46.277
2026-08-25,129201,HSBC Aggressive Hybrid Active FOF - Dividend Direct,33.1623
2026-08-25,129210,Sundaram Infrastructure Advantage Fund Regular Plan - Income Distribution cum Capital Withdrawal (IDCW),58.6427
2026-08-25,129211,Sundaram Infrastructure Advantage Fund Direct Plan - Income Distribution cum Capital Withdrawal (IDCW),63.4121
2026-08-25,129212,Sundaram Infrastructure Advantage Fund Direct Plan - Growth,110.1342
2026-08-25,129213,Sundaram Infrastructure Advantage Fund Regular Plan - Growth,102.3986
2026-08-25,129309,ICICI Prudential Dividend Yield Fund Direct Plan IDCW Option,25.31
2026-08-25,129310,ICICI Prudential Dividend Yield Fund Growth Option,53.19
2026-08-25,129311,ICICI Prudential Dividend Yield Fund IDCW Option,18.90
2026-08-25,129312,ICICI Prudential Dividend Yield Fund Direct Plan Growth Option,60.13
2026-08-25,129436,Franklin India Money Market Fund Retail Option - Monthly - IDCW,10.4659
2026-08-25,129437,Franklin India Money Market Fund Retail Option - Direct - Monthly - IDCW,10.8572
2026-08-25,129646,Union Small Cap Fund - Direct Plan - IDCW Option,44.26
2026-08-25,129647,Union Small Cap Fund - Regular Plan - Growth Option,60.17
2026-08-25,129648,Union Small Cap Fund - Regular Plan - IDCW Option,46.18
2026-08-25,129649,Union Small Cap Fund - Direct Plan - Growth Option,67.26
2026-08-25,130013,ICICI Prudential Money Market Fund Option - IDCW Others,187.4540
2026-08-25,130037,Nippon India Medium Term Fund - Growth Option,16.8481
2026-08-25,130050,Nippon India Medium Term Fund - Direct Plan - Growth Option,18.3588
2026-08-25,130053,NIPPON INDIA MEDIUM TERM FUND - IDCW Option,14.4174
2026-08-25,130054,NIPPON INDIA MEDIUM TERM FUND - DIRECT Plan - IDCW Option,15.4847
2026-08-25,130055,NIPPON INDIA MEDIUM TERM FUND - DIRECT Plan - QUARTERLY IDCW Option,11.1014
2026-08-25,130056,NIPPON INDIA MEDIUM TERM FUND - QUARTERLY IDCW Option,10.9982
2026-08-25,130205,Edelweiss Arbitrage Fund- Regular Plan- Growth Option,20.7092
2026-08-25,130206,Edelweiss Arbitrage Fund- Direct Plan- Growth Option,22.3962
2026-08-25,130207,Edelweiss Arbitrage Fund - Regular Plan - IDCW Option,15.1973
2026-08-25,130208,Edelweiss Arbitrage Fund- Regular Plan -Bonus Option,20.7766
2026-08-25,130209,Edelweiss Arbitrage Fund - Direct Plan - IDCW Option,16.0112
2026-08-25,130309,Axis Credit Risk Fund - Regular Plan - Growth,23.3981
2026-08-25,130310,Axis Credit Risk Fund - Regular Plan - Weekly IDCW,10.1618
2026-08-25,130311,Axis Credit Risk Fund - Direct Plan - Weekly IDCW,10.3553
2026-08-25,130312,Axis Credit Risk Fund - Direct Plan - Monthly IDCW,10.2208
2026-08-25,130313,Axis Credit Risk Fund - Regular Plan - Monthly IDCW,10.1657
2026-08-25,130314,Axis Credit Risk Fund - Direct Plan - Growth,26.3990
2026-08-25,130490,DSP Income Plus Arbitrage Omni FoF - Regular Plan - IDCW,16.5880
2026-08-25,130491,DSP Income Plus Arbitrage Omni FoF - Direct Plan - IDCW,18.5140
2026-08-25,130492,DSP Income Plus Arbitrage Omni FoF - Regular Plan - Growth,22.4534
2026-08-25,130493,DSP Income Plus Arbitrage Omni FoF - Direct Plan - Growth,23.8723
2026-08-25,130496,HDFC Large & Mid Cap Fund - Growth Option,353.254
2026-08-25,130497,HDFC Large & Mid Cap Fund - IDCW Option,36.307
2026-08-25,130498,HDFC Large & Mid Cap Fund - Growth Option - Direct Plan,374.609
2026-08-25,130499,HDFC Large & Mid Cap Fund - IDCW Option - Direct Plan,48.643
2026-08-25,130501,HDFC Small Cap Fund - IDCW Option,40.605
2026-08-25,130502,HDFC Small Cap Fund - Growth Option,139.924
2026-08-25,130503,HDFC Small Cap Fund - Growth Option - Direct Plan,160.558
2026-08-25,130504,HDFC Small Cap Fund - IDCW Option - Direct Plan,64.999
2026-08-25,130533,HDFC Income Plus Arbitrage Active FOF - Growth Option,41.3178
2026-08-25,130540,HDFC Income Plus Arbitrage Active FOF - IDCW Option,36.206
2026-08-25,130543,HDFC Income Plus Arbitrage Active FOF - Growth Option - Direct Plan,45.7132
2026-08-25,130547,HDFC Income Plus Arbitrage Active FOF - IDCW Option - Direct Plan,40.1547
2026-08-25,130603,JM Arbitrage Fund (Regular) - Bonus Option - Principal Units,18.8707
2026-08-25,130604,JM Arbitrage Fund (Direct) - Bonus Option - Principal Units,19.9637
2026-08-25,130721,Invesco India Credit Risk Fund - Regular Plan - Growth,2084.1424
2026-08-25,130722,Invesco India Credit Risk Fund - Direct Plan - Growth,2350.9518
2026-08-25,130723,Invesco India Credit Risk Fund - Regular Plan - Monthly IDCW (Payout / Reinvestment),1194.8131
2026-08-25,130724,Invesco India Credit Risk Fund - Direct Plan - Monthly IDCW (Payout / Reinvestment),1183.0081
2026-08-25,130725,Invesco India Credit Risk Fund - Direct Plan - Discretionary IDCW (Payout / Reinvestment),2368.4984
2026-08-25,130726,Invesco India Credit Risk Fund - Regular Plan - Discretionary IDCW (Payout / Reinvestment),2083.4915
2026-08-25,130771,Axis Arbitrage Fund - Regular Plan - Growth,19.9679
2026-08-25,130773,Axis Arbitrage Fund - Direct Plan - Growth,21.8615
2026-08-25,130774,Axis Arbitrage Fund - Direct Plan - Monthly IDCW,12.4221
2026-08-25,130776,Axis Arbitrage Fund - Regular Plan - Monthly IDCW,11.2116
2026-08-25,130787,Invesco India Arbitrage Fund - Direct Plan - Annual Bonus,37.1832
2026-08-25,130858,Nippon India Japan Equity Fund- Growth Plan- Bonus Option,28.0460
2026-08-25,130859,NIPPON INDIA - JAPAN EQUITY FUND - IDCW Option,28.0460
2026-08-25,130860,Nippon India Japan Equity Fund- Direct Plan- Growth Plan- Growth Option,31.7165
2026-08-25,130861,Nippon India Japan Equity Fund- Direct Plan- Growth Plan- Bonus Option,31.7165
2026-08-25,130863,Nippon India Japan Equity Fund- Growth Plan- Growth Option,28.0460
2026-08-25,130864,NIPPON INDIA - JAPAN EQUITY FUND - DIRECT Plan - IDCW Option,31.7165
2026-08-25,130904,JM Aggressive Hybrid Fund (Direct) - Annual Bonus Option,142.7559
2026-08-25,131051,ICICI Prudential 10 year Constant Maturity Gilt Fund - Growth,26.1309
2026-08-25,131054,ICICI Prudential 10 year Constant Maturity Gilt Fund - Direct Plan - Quarterly IDCW,11.9118
2026-08-25,131057,ICICI Prudential 10 year Constant Maturity Gilt Fund - quarterly IDCW,11.6387
2026-08-25,131061,ICICI Prudential 10 year Constant Maturity Gilt Fund - Direct Plan - Growth,26.7574
2026-08-25,131297,DSP 10 year Constant Maturity Gilt Fund - Regular Plan - Growth,22.5647
2026-08-25,131298,DSP 10 year Constant Maturity Gilt Fund - Regular Plan - IDCW,10.6529
2026-08-25,131299,DSP 10 year Constant Maturity Gilt Fund - Regular Plan - IDCW - Monthly,10.7481
2026-08-25,131300,DSP 10 year Constant Maturity Gilt Fund - Regular Plan - IDCW - Quarterly,10.9056
2026-08-25,131301,DSP 10 year Constant Maturity Gilt Fund - Direct Plan - Growth,23.1727
2026-08-25,131302,DSP 10 year Constant Maturity Gilt Fund - Direct Plan - IDCW - Quarterly,10.8551
2026-08-25,131303,DSP 10 year Constant Maturity Gilt Fund - Direct Plan - IDCW - Monthly,10.5953
2026-08-25,131304,DSP 10 year Constant Maturity Gilt Fund - Direct Plan - IDCW,10.8637
2026-08-25,131331,Nippon India ETF BSE Sensex,893.6095
2026-08-25,131354,BANDHAN Balanced Advantage Fund Regular Plan IDCW,14.240
2026-08-25,131355,BANDHAN Balanced Advantage Fund Direct Plan Growth,29.941
2026-08-25,131356,BANDHAN Balanced Advantage Fund Direct Plan IDCW,16.590
2026-08-25,131357,BANDHAN Balanced Advantage Fund Regular Plan Growth,25.537
2026-08-25,131372,Kotak Equity Savings Fund - Regular - Growth,27.7492
2026-08-25,131373,Kotak Equity Savings Fund - Direct - Growth,30.8403
2026-08-25,131374,Kotak Equity Savings Fund - Regular - Monthly Payout of Income Distribution cum capital withdrawal option,20.3169
2026-08-25,131375,Kotak Equity Savings Fund - Direct - Monthly Payout of Income Distribution cum capital withdrawal option,22.1403
2026-08-25,131382,Bandhan Short Term Fund - Direct Plan - Periodic IDCW,23.7101
2026-08-25,131383,Bandhan Short Term Fund - Regular Plan - Periodic IDCW,22.6367
2026-08-25,131384,Bandhan Medium Term Fund - Direct Plan - Periodic IDCW,13.8933
2026-08-25,131385,Bandhan Medium Term Fund - Regular Plan - Periodic IDCW,15.2582
2026-08-25,131386,Bandhan Medium to Long Term Fund - Direct Plan - Periodic IDCW,18.1999
2026-08-25,131387,Bandhan Medium to Long Term Fund - Regular Plan - Periodic IDCW,14.5755
2026-08-25,131388,Bandhan Money Market Fund -Direct Plan-Periodic IDCW,17.2635
2026-08-25,131389,Bandhan Money Market Fund - Regular Plan - Periodic IDCW,14.2148
2026-08-25,131390,Bandhan 10 year Constant Maturity Gilt Fund - Direct Plan - Periodic IDCW,14.7620
2026-08-25,131391,Bandhan 10 year Constant Maturity Gilt Fund - Regular Plan - Periodic IDCW,17.4045
2026-08-25,131394,Bandhan Gilt Fund - Direct Plan - Periodic IDCW,19.3215
2026-08-25,131395,Bandhan Gilt Fund - Regular Plan B - Periodic IDCW,17.6114
2026-08-25,131396,BANDHAN Dynamic Term Fund-Direct Plan-Periodic IDCW,14.0751
2026-08-25,131397,BANDHAN Dynamic Term Fund - Regular Plan B - Periodic IDCW,14.2104
2026-08-25,131398,Bandhan Income Plus Arbitrage Active FOF - Direct Plan - Periodic IDCW,16.9142
2026-08-25,131399,Bandhan Income Plus Arbitrage Active FOF - Regular Plan - Periodic IDCW,16.3194
2026-08-25,131418,UTI Credit Risk Fund - Regular Plan - Monthly IDCW,10.986
2026-08-25,131419,UTI Credit Risk Fund - Direct Plan - Monthly IDCW,11.3347
2026-08-25,131424,UTI Short Term Fund - Regular Plan - Half-Yearly IDCW,14.427
2026-08-25,131425,UTI Short Term Fund - Direct Plan - Half Yearly Dividend Option,14.7459
2026-08-25,131444,UTI Ultra Short Term Fund - Direct Plan - Monthly IDCW,1175.2525
2026-08-25,131445,UTI Ultra Short Term Fund - Regular Plan - Monthly IDCW,1123.6809
2026-08-25,131452,ICICI Prudential Aggressive Hybrid Fund - Half Yearly IDCW,25.94
2026-08-25,131453,ICICI Prudential Aggressive Hybrid Fund - Direct Plan - Half Yearly IDCW,29.64
2026-08-25,131476,JM Aggressive Hybrid Fund (Regular) - Annual IDCW,34.0564
2026-08-25,131477,JM Aggressive Hybrid Fund (Direct) - Annual IDCW,48.0892
2026-08-25,131480,ICICI Prudential Medium to Long Term Fund - Direct Plan - Half Yearly IDCW,11.0576
2026-08-25,131481,ICICI Prudential Medium to Long Term Fund - Half Yearly IDCW,11.3743
2026-08-25,131511,UTI Ultra Short Term Fund - Regular Plan - Fortnightly IDCW,1321.7856
2026-08-25,131512,UTI Ultra Short Term Fund - Direct Plan - Fortnightly IDCW,1351.0573
2026-08-25,131547,UTI Short Term Fund - Regular Plan - Monthly IDCW,11.9606
2026-08-25,131548,UTI Short Term Fund - Direct Plan - Monthly IDCW,10.6379
2026-08-25,131578,360 ONE Focused Fund -Regular Plan - Growth,49.2930
2026-08-25,131579,360 ONE Focused Fund - Regular Plan - Dividend,43.6144
2026-08-25,131580,360 ONE Focused Fund-Direct Plan-Growth,56.4855
2026-08-25,131581,360 ONE Focused Fund - Direct Plan - Dividend,55.9094
2026-08-25,131665,Aditya Birla Sun Life Balanced Advantage Fund -REGULAR - IDCW,26.61
2026-08-25,131666,Aditya Birla Sun Life Balanced Advantage Fund - Regular Plan - Growth Option,114.72
2026-08-25,131670,Aditya Birla Sun Life Balanced Advantage Fund - Direct Plan - Growth Option,131.79
2026-08-25,131671,Aditya Birla Sun Life Balanced Advantage Fund -DIRECT - IDCW,30.62
2026-08-25,131863,Aditya Birla Sun Life Multi Asset Omni FoF-REGULAR - IDCW,67.1769
2026-08-25,131864,Aditya Birla Sun Life Multi Asset Omni FoF- Regular Plan - Growth Option,78.4089
2026-08-25,131865,Aditya Birla Sun Life Multi Asset Omni FoF- Direct Plan - Growth Option,41.8197
2026-08-25,131866,Aditya Birla Sun Life Multi Asset Omni FOF-DIRECT - IDCW,37.0763
2026-08-25,131895,Aditya Birla Sun Life Income Plus Arbitrage Active FOF- REGULAR - IDCW,24.9332
2026-08-25,131896,Aditya Birla Sun Life Income Plus Arbitrage Active FOF- Regular Plan - Growth Option,39.7575
2026-08-25,131897,Aditya Birla Sun Life Income Plus Arbitrage Active FOF- DIRECT - IDCW,26.3954
2026-08-25,131898,Aditya Birla Sun Life Income Plus Arbitrage Active FOF- Direct Plan - Growth Option,42.1541
2026-08-25,132003,Aditya Birla Sun Life Global Excellence Equity Fund Of Fund-REGULAR - RETAIL - IDCW,44.2680
2026-08-25,132005,Aditya Birla Sun Life Global Excellence Equity Fund Of Fund- Retail Plan - Regular Plan - Growth Option,44.2405
2026-08-25,132009,Aditya Birla Sun Life Global Excellence Equity Fund Of Fund - Retail Plan - Direct Plan - Growth Option,47.3645
2026-08-25,132010,Aditya Birla Sun Life Global Excellence Equity Fund Of Fund-DIRECT - RETAIL - IDCW,47.3887
2026-08-25,132138,Aditya Birla SUn Life Global Emerging Opportunities Fund - Regular Plan - Growth Option,33.1461
2026-08-25,132139,Aditya Birla Sun Life Global Emerging Opportunities Fund - Regular - IDCW,33.1521
2026-08-25,132140,Aditya Birla Sun Life Global Emerging Opportunities Fund - Direct plan - Growth Option,34.9043
2026-08-25,132141,Aditya Birla Sun Life Global Emerging Opportunities Fund - Direct - IDCW,30.8710
2026-08-25,132174,Aditya Birla Sun Life Aggressive Hybrid Omni FOF- Regular Plan - Growth Option,44.4698
2026-08-25,132175,Aditya Birla Sun Life Aggressive Hybrid Omni FOF-  Regular -  IDCW,39.8863
2026-08-25,132178,Aditya Birla Sun Life Conservative Hybrid Active FOF- Regular Plan - Growth Option,35.7564
2026-08-25,132179,Aditya Birla Sun Life Conservative Hybrid Active FOF -Regular - IDCW,32.5309
2026-08-25,132180,Aditya Birla Sun Life Dynamic Asset Allocation Omni FOF- Regular Plan - Growth Option,57.045
2026-08-25,132181,Aditya Birla Sun Life Dynamic Asset Allocation Omni FOF-Regular - IDCW,52.2163
2026-08-25,132183,Aditya Birla Sun Life Conservative Hybrid Active FOF- Direct Plan - Growth Option,38.1831
2026-08-25,132184,Aditya Birla Sun Life Conservative Hybrid Active FOF-Direct - IDCW,25.9256
2026-08-25,132185,Aditya Birla Sun Life Aggressive Hybrid Omni FOF- Direct Plan - Growth Option,47.8363
2026-08-25,132186,Aditya Birla Sun Life Dynamic Asset Allocation Omni FOF- Direct Plan - Growth Option,63.2116
2026-08-25,132187,Aditya Birla Sun Life Dynamic Asset Allocation Omni FOF- Direct - IDCW,57.8903
2026-08-25,132189,Aditya Birla Sun Life Aggressive Hybrid Omni FOF- Direct - IDCW,43.4473
2026-08-25,132756,Tata ELSS Fund-Growth-Direct Plan,55.7676
2026-08-25,132757,Tata ELSS Fund-Growth-Regular Plan,48.1360
2026-08-25,132848,HDFC Corporate Bond Fund - IDCW Option,20.822
2026-08-25,132849,HDFC Corporate Bond Fund - IDCW Option - Direct Plan,21.5979
2026-08-25,132852,HDFC Medium Term Fund - IDCW Option,20.3559
2026-08-25,132853,HDFC Medium Term Fund - IDCW Option - Direct Plan,22.0361
2026-08-25,132871,NIPPON INDIA CREDIT RISK FUND - IDCW Option,20.8540
2026-08-25,132873,NIPPON INDIA CREDIT RISK FUND - DIRECT Plan - IDCW Option,22.8520
2026-08-25,132917,Aditya Birla Sun Life Dynamic Term Fund -Regular - IDCW,12.1962
2026-08-25,132918,Aditya Birla Sun Life Dynamic Term Fund -Direct - IDCW,13.2914
2026-08-25,132987,Franklin India Income Plus Arbitrage Active Fund of Funds- Growth Plan,22.3951
2026-08-25,132988,Franklin India Income Plus Arbitrage Active Fund of Funds- IDCW,20.6840
2026-08-25,132989,Franklin India Income Plus Arbitrage Active Fund of Funds- Growth Plan - Direct,25.3489
2026-08-25,132990,Franklin India Income Plus Arbitrage Active Fund of Funds - Direct - IDCW,23.2342
2026-08-25,132995,Aditya Birla Sun Life Equity Savings Fund - Direct Plan - Growth,26.18
2026-08-25,132996,Aditya Birla Sun Life Equity Savings Fund - Direct - IDCW,15.64
2026-08-25,132997,Aditya Birla Sun Life Equity Savings Fund - Regular - IDCW,13.22
2026-08-25,132998,Aditya Birla Sun Life Equity Savings Fund - Regular Plan - Growth,23.5
2026-08-25,133035,Kotak Aggressive Hybrid Fund - Direct Plan -Growth,78.942
2026-08-25,133036,Kotak Aggressive Hybrid Fund - Regular Plan -Growth,66.281
2026-08-25,133051,ICICI Prudential Equity Savings Fund - Cumulative option,23.40
2026-08-25,133052,ICICI Prudential Equity Savings Fund - Direct Plan - Quarterly IDCW,15.78
2026-08-25,133053,ICICI Prudential Equity Savings Fund - Quarterly IDCW,13.23
2026-08-25,133054,ICICI Prudential Equity Savings Fund - Direct Plan - Cumulative option,25.24
2026-08-25,133059,UTI Ultra Short Term Fund - Direct Plan - Quarterly IDCW,2033.6572
2026-08-25,133122,Kotak Nifty Bank ETF,59.7826
2026-08-25,133127,UTI Ultra Short to Short Term Fund - Direct Plan - Flexi IDCW,1644.1063
2026-08-25,133130,UTI Ultra Short to Short Term Fund - Regular Plan - Flexi IDCW,1448.4078
2026-08-25,133147,HDFC Credit Risk Fund - IDCW Option - Direct Plan,24.8165
2026-08-25,133148,HDFC Credit Risk Fund - IDCW Option,23.975
2026-08-25,133180,UTI Dynamic Term Fund - Direct Plan - Discontinued Flexi IDCW,17.8835
2026-08-25,133265,Nippon India Gilt  Fund- Direct Plan- Growth Plan- Bonus Option,24.9090
2026-08-25,133280,UTI Medium to Long Term Fund - Direct Plan - Discontinued Flexi IDCW,16.2457
2026-08-25,133307,LIC MF Nifty 8-13 yr G-Sec ETF,29.5277
2026-08-25,133344,UTI Credit Risk Fund - Regular Plan - Annual IDCW,12.2075
2026-08-25,133365,HDFC Medium to Long Term Fund - Normal IDCW - Direct Plan,21.373
2026-08-25,133366,HDFC Medium to Long Term Fund - Normal IDCW Option,19.136
2026-08-25,133367,HDFC Short Term Fund - Normal IDCW - Direct Plan,20.9477
2026-08-25,133368,HDFC Short Term Fund - Normal IDCW Option,20.2824
2026-08-25,133369,HDFC Dynamic Term Fund - Normal IDCW - Direct Plan,21.9359
2026-08-25,133370,HDFC Dynamic Term Fund - Normal IDCW Option,20.0637
2026-08-25,133383,Motilal Oswal ELSS Tax Saver Fund - IDCW Payout,31.8803
2026-08-25,133384,Motilal Oswal ELSS Tax Saver Fund Direct - IDCW Payout,41.4410
2026-08-25,133385,Motilal Oswal ELSS Tax Saver Fund - Regular Plan - Growth Option,57.7641
2026-08-25,133386,Motilal Oswal ELSS Tax Saver Fund - Direct Plan - Growth Option,67.0326
2026-08-25,133387,UTI Money Market Fund - Direct Plan - Monthly IDCW,1645.8835
2026-08-25,133390,JM Dynamic Term Fund (Regular) - Monthly IDCW,43.6888
2026-08-25,133395,JM Arbitrage Fund (Direct) - Annual Bonus Option - Principal Units,19.1613
2026-08-25,133402,JM Aggressive Hybrid Fund (Direct) - Half Yearly IDCW,102.5545
2026-08-25,133404,JM Aggressive Hybrid Fund (Regular) - Monthly IDCW,88.7978
2026-08-25,133405,JM Aggressive Hybrid Fund (Regular) - Quarterly IDCW,31.6939
2026-08-25,133406,JM Aggressive Hybrid Fund (Direct) - Quarterly IDCW,36.0602
2026-08-25,133408,JM Aggressive Hybrid Fund (Regular) - Half Yearly IDCW,89.5096
2026-08-25,133412,JM Aggressive Hybrid Fund (Direct) - Monthly IDCW,102.5244
2026-08-25,133414,JM Dynamic Term Fund (Direct) - Monthly IDCW,47.1342
2026-08-25,133445,Aditya Birla Sun Life Medium to Long Term Fund - Regular - IDCW,12.299
2026-08-25,133446,Aditya Birla Sun Life Medium to Long Term Fund - Direct - IDCW,13.1732
2026-08-25,133469,UTI Ultra Short to Short Term Fund - Direct Plan - Half-Yearly IDCW,1498.5218
2026-08-25,133484,UTI Money Market Fund - Regular Plan - Monthly IDCW,1041.1713
2026-08-25,133513,Aditya Birla Sun Life Manufacturing Equity Fund - Regular Plan - Growth,40.46
2026-08-25,133514,Aditya Birla Sun Life Manufacturing Equity Fund - Direct - IDCW,26.61
2026-08-25,133515,Aditya Birla Sun Life Manufacturing Equity Fund - Regular - IDCW,24.09
2026-08-25,133516,Aditya Birla Sun Life Manufacturing Equity Fund - Direct Plan - Growth,44.97
2026-08-25,133565,Nippon India Retirement Fund- Wealth Creation Scheme- Growth Plan - Growth Option,29.2939
2026-08-25,133566,NIPPON INDIA RETIREMENT FUND - WEALTH CREATION SCHEME - Direct Plan - IDCW Option,23.0956
2026-08-25,133567,NIPPON INDIA RETIREMENT FUND - WEALTH CREATION SCHEME - IDCW Option,19.6587
2026-08-25,133568,Nippon India Retirement Fund- Wealth Creation Scheme- Direct Plan- Growth Plan - Growth Option,33.3447
2026-08-25,133569,Nippon India Retirement Fund- Income Generation Scheme- Direct Plan- Growth Plan - Growth Option,23.6278
2026-08-25,133570,NIPPON INDIA RETIREMENT FUND - INCOME GENERATION SCHEME - Direct Plan - IDCW Option,23.6278
2026-08-25,133571,NIPPON INDIA RETIREMENT FUND - INCOME GENERATION SCHEME - IDCW Option,20.5075
2026-08-25,133572,Nippon India Retirement Fund- Income Generation Scheme-Growth Plan - Growth Option,20.5047
2026-08-25,133628,Nippon India Retirement Fund- Income Generation Scheme- Growth Plan- Bonus Option,20.5047
2026-08-25,133629,Nippon India Retirement Fund- Income Generation Scheme- Direct Plan-Growth Plan- Bonus Option,23.6278
2026-08-25,133630,Nippon India Retirement Fund- Wealth Creation Scheme- Direct Plan-Growth Plan- Bonus Option,33.3447
2026-08-25,133631,Nippon India Retirement Fund- Wealth Creation Scheme- Growth Plan- Bonus Option,29.2939
2026-08-25,133679,BANDHAN Arbitrage Fund-Direct Plan-Annual IDCW,12.6758
2026-08-25,133680,BANDHAN Arbitrage Fund - Regular Plan - Annual IDCW,10.9197
2026-08-25,133681,BANDHAN Equity Savings Fund-Direct Plan-Annual IDCW,14.098
2026-08-25,133682,BANDHAN Equity Savings Fund - Regular Plan -Annual IDCW,12.653
2026-08-25,133709,LIC MF Large & Mid Cap Fund-Direct Plan-IDCW,37.0582
2026-08-25,133710,LIC MF Large & Mid Cap Fund-Direct Plan-Growth,46.7097
2026-08-25,133711,LIC MF Large & Mid Cap Fund-Regular Plan-Growth,40.0278
2026-08-25,133712,LIC MF Large & Mid Cap Fund-Regular Plan-IDCW,32.4085
2026-08-25,133733,UTI Ultra Short to Short Term Fund - Regular Plan - Fortnightly IDCW,1331.1391
2026-08-25,133782,Kotak Corporate Bond Fund- Regular Plan-Growth Option,4006.4088
2026-08-25,133787,Kotak Corporate Bond Fund- Regular Plan-Monthly Dividend Option,1305.136
2026-08-25,133791,Kotak Corporate Bond Fund- Direct Plan- Growth Option,4199.2382
2026-08-25,133792,Kotak Corporate Bond Fund- Direct Plan- Monthly Payout of Income Distribution cum capital withdrawal option,1068.7296
2026-08-25,133796,Kotak Infrastructure & Economic Reform Fund - Standard Plan-Growth,71.003
2026-08-25,133799,Kotak Infrastructure & Economic Reform Fund - Standard Plan-Payout of Income Distribution cum capital withdrawal option,56.786
2026-08-25,133800,Kotak Infrastructure & Economic Reform Fund- Direct Plan- Payout of Income Distribution cum capital withdrawal option,84.043
2026-08-25,133801,Kotak Infrastructure & Economic Reform Fund- Direct Plan- Growth Option,85.016
2026-08-25,133805,Kotak Ultra Short to Short Term Fund - Regular Plan-Growth Option,3567.1977
2026-08-25,133809,Kotak Ultra Short to Short Term Fund - Regular Plan-Standard Income Distribution cum capital withdrawal option,1274.8782
2026-08-25,133810,Kotak Ultra Short to Short Term Fund- Direct Plan- Growth Option,3924.9052
2026-08-25,133812,Kotak Ultra Short to Short Term Fund - Direct Plan- Standard Income Distribution cum capital withdrawal option,1560.9926
2026-08-25,133836,PGIM India Flexi Cap Fund - Regular Plan - Growth Option,37.66
2026-08-25,133837,PGIM India Flexi Cap Fund - Direct Plan - Dividend Option,21.1
2026-08-25,133838,PGIM India Flexi Cap Fund - Regular Plan - Dividend Option,18.41
2026-08-25,133839,PGIM India Flexi Cap Fund - Direct Plan - Growth Option,44.66
2026-08-25,133852,UTI Dynamic Term Fund - Regular Plan - Annual IDCW,13.9355
2026-08-25,133857,SBI Banking & Financial Services Fund - Direct Plan - Income Distribution cum Capital Withdrawal Option (IDCW),44.4278
2026-08-25,133858,SBI BANKING & FINANCIAL SERVICES FUND - REGULAR PLAN - GROWTH,44.0228
2026-08-25,133859,SBI BANKING & FINANCIAL SERVICES FUND - DIRECT PLAN - GROWTH,49.7039
2026-08-25,133860,SBI Banking & Financial Services Fund - Regular Plan - Income Distribution cum Capital Withdrawal Option (IDCW),39.5347
2026-08-25,133865,NIPPON INDIA ELSS TAX SAVER FUND - DIRECT Plan - ANNUAL IDCW Option,22.7409
2026-08-25,133866,NIPPON INDIA ELSS TAX SAVER FUND - ANNUAL IDCW Option,20.6515
2026-08-25,133867,BANK OF INDIA Credit Risk Fund - Regular Plan,14.4006
2026-08-25,133868,BANK OF INDIA Credit Risk  Fund - Direct Plan,14.8321
2026-08-25,133869,UTI Medium to Long Term Fund - Regular Plan - Annual IDCW,13.1607
2026-08-25,133872,UTI Medium to Long Term Fund - Regular Plan - Discontinued Flexi IDCW,14.8385
2026-08-25,133873,UTI Ultra Short Term Fund - Regular Plan - Quarterly IDCW,1309.7421
2026-08-25,133894,Axis Short Duration Fund - Direct Plan - Regular IDCW,22.1579
2026-08-25,133895,Axis Short Duration Fund - Regular Plan - Regular IDCW,22.0748
2026-08-25,133908,LIC MF Banking and Financial Services Fund-Direct Plan-IDCW,25.0258
2026-08-25,133919,DSP Ultra Short to Short Term Fund - Regular Plan - IDCW - Daily,10.1781
2026-08-25,133920,DSP Ultra Short to Short Term Fund - Regular Plan - IDCW - Monthly,10.7103
2026-08-25,133921,DSP Ultra Short to Short Term Fund - Regular Plan - IDCW - Quarterly,10.9434
2026-08-25,133922,DSP Ultra Short to Short Term Fund - Direct Plan - IDCW - Daily,10.1241
2026-08-25,133923,DSP Ultra Short to Short Term Fund - Direct Plan - IDCW - Weekly,10.1276
2026-08-25,133924,DSP Ultra Short to Short Term Fund - Direct Plan - IDCW - Quarterly,10.9845
2026-08-25,133925,DSP Ultra Short to Short Term Fund - Direct Plan - Growth,21.9572
2026-08-25,133926,DSP Ultra Short to Short Term Fund - Regular Plan - Growth,21.1839
2026-08-25,133927,DSP Ultra Short to Short Term Fund - Regular Plan - IDCW - Weekly,10.1265
2026-08-25,133928,DSP Ultra Short to Short Term Fund - Direct Plan - IDCW - Monthly,11.8681
2026-08-25,133971,UTI Banking & PSU Debt Fund - Regular Plan - Discontinued Flexi IDCW,15.7333
2026-08-25,133972,UTI Banking & PSU Debt Fund - Direct Plan - Discontinued Flexi IDCW,20.6216
2026-08-25,133973,UTI Liquid Fund - Regular Plan - Annual IDCW,202.6705
2026-08-25,133974,Tata Short Term Bond Fund- Direct Plan - Periodic Payout of IDCW Option,29.9348
2026-08-25,133975,Tata Short Term Bond Fund- Regular Plan - Periodic Payout of IDCW Option,26.7582
2026-08-25,134008,SBI Nifty Bank ETF,591.6494
2026-08-25,134013,SBI Nifty Next 50 ETF,799.3294
2026-08-25,134014,SBI BSE 100 ETF,289.3639
2026-08-25,134015,LIC MF Banking and Financial Services Fund-Regular Plan-IDCW,22.0159
2026-08-25,134016,LIC MF Banking and Financial Services Fund-Regular Plan-Growth,22.0198
2026-08-25,134017,LIC MF Banking and Financial Services Fund-Direct Plan-Growth,25.2021
2026-08-25,134026,UTI Banking & PSU Debt Fund - Direct Plan - Monthly IDCW,13.7168
2026-08-25,134383,Aditya Birla Sun Life Credit Risk Fund - Regular Plan - Growth,25.3781
2026-08-25,134385,Aditya Birla Sun Life Credit Risk Fund - Direct - IDCW,14.6894
2026-08-25,134386,Aditya Birla Sun Life Credit Risk Fund - Regular - IDCW,13.2636
2026-08-25,134387,Aditya Birla Sun Life Credit Risk Fund - Direct Plan - Growth,28.0814
2026-08-25,134388,Aditya Birla Sun Life Credit Risk Fund - Direct Plan - Bonus,28.0802
2026-08-25,134427,UTI Liquid Fund - Direct Plan - Annual IDCW,204.2023
2026-08-25,134484,UTI Ultra Short Term Fund - Regular Plan - Annual IDCW,1483.2711
2026-08-25,134493,Quantum Dynamic Term Fund - Direct Plan Monthly IDCW,10.3902
2026-08-25,134494,Quantum Dynamic Term Fund - Direct Plan Growth Option,22.8029
2026-08-25,134495,UTI Medium Term Fund - Regular Plan - Monthly IDCW,13.8763
2026-08-25,134497,UTI Medium Term Fund - Regular Plan - Half-Yearly IDCW,10.2338
2026-08-25,134498,UTI Medium Term Fund - Regular Plan - Dicontinued Flexi IDCW,14.2147
2026-08-25,134499,UTI Medium Term Fund - Regular Plan - Growth Option,19.2411
2026-08-25,134500,UTI Medium Term Fund - Regular Plan - Annual IDCW,14.1126
2026-08-25,134501,UTI Medium Term Fund - Direct Plan - Monthly IDCW,10.4747
2026-08-25,134502,UTI Medium Term Fund - Direct Plan - Discontinued Quarterly IDCW,15.5559
2026-08-25,134503,UTI Medium Term Fund - Direct Plan - Growth Option,20.7904
2026-08-25,134504,UTI Medium Term Fund - Direct Plan - Half-Yearly IDCW,15.5724
2026-08-25,134505,UTI Medium Term Fund - Direct Plan - Annual IDCW,15.3989
2026-08-25,134517,UTI Short Term Fund - Regular Plan - Annual IDCW,14.8943
2026-08-25,134545,Nippon India Banking and PSU Debt Fund- Growth Plan- Growth Option,21.9535
2026-08-25,134547,Nippon India Banking and PSU DEBT Fund- Direct Plan-Growth Plan- Growth Option,22.8859
2026-08-25,134548,NIPPON INDIA BANKING and PSU DEBT FUND - IDCW Option,21.9535
2026-08-25,134549,NIPPON INDIA BANKING and PSU DEBT FUND - MONTHLY IDCW Option,10.6761
2026-08-25,134550,NIPPON INDIA BANKING and PSU DEBT FUND - Direct Plan - MONTHLY IDCW Option,10.7460
2026-08-25,134551,NIPPON INDIA BANKING and PSU DEBT FUND - QUARTERLY IDCW Option,10.8435
2026-08-25,134552,Nippon India Banking and PSU Debt Fund- Direct Plan-Growth Plan- Bonus Option,22.8852
2026-08-25,134553,NIPPON INDIA BANKING and PSU DEBT FUND - WEEKLY IDCW Option,10.2514
2026-08-25,134554,NIPPON INDIA BANKING and DEBT PSU FUND - Direct Plan - WEEKLY IDCW Option,10.2512
2026-08-25,134555,NIPPON INDIA BANKING and PSU DEBT FUND - Direct Plan - IDCW Option,22.8859
2026-08-25,134556,NIPPON INDIA BANKING and PSU DEBT FUND - Direct Plan - QUARTERLY IDCW Option,10.9139
2026-08-25,134593,Nippon India Equity Savings Fund- Growth Plan- Growth Option,16.5155
2026-08-25,134594,Nippon India Equity Savings Fund- Direct Plan- Growth Plan-Growth Option,18.4082
2026-08-25,134595,Nippon India Equity Savings Fund- Direct Plan- Growth Plan- Bonus Option,18.4082
2026-08-25,134596,NIPPON INDIA EQUITY SAVINGS FUND - IDCW Option,14.1482
2026-08-25,134597,NIPPON INDIA EQUITY SAVINGS FUND - Direct Plan - IDCW Option,15.8681
2026-08-25,134598,NIPPON INDIA EQUITY SAVINGS FUND - MONTHLY IDCW Option,13.9558
2026-08-25,134599,NIPPON INDIA EQUITY SAVINGS FUND - Direct Plan - MONTHLY IDCW Option,15.6392
2026-08-25,134600,NIPPON INDIA EQUITY SAVINGS FUND - QUARTERLY IDCW Option,13.9462
2026-08-25,134601,NIPPON INDIA EQUITY SAVINGS FUND - Direct Plan - QUARTERLY IDCW Option,15.6241
2026-08-25,134602,Nippon India Equity Savings Fund- Growth Plan- Bonus Option,16.5155
2026-08-25,134639,SBI Equity Savings Fund - Regular Plan - Monthly Income Distribution cum Capital Withdrawal Option (IDCW),23.0349
2026-08-25,134640,SBI Equity Savings Fund - Direct Plan - Quarterly Income Distribution cum Capital Withdrawal Option (IDCW),26.1059
2026-08-25,134641,SBI Equity Savings Fund - Direct Plan - Monthly Income Distribution cum Capital Withdrawal Option (IDCW),25.2338
2026-08-25,134642,SBI Equity Savings Fund - Regular Plan - Quarterly Income Distribution cum Capital Withdrawal Option (IDCW),23.4950
2026-08-25,134643,SBI Equity Savings Fund - Direct Plan - Growth,27.5677
2026-08-25,134644,SBI Equity Savings Fund - Regular Plan - Growth,24.8461
2026-08-25,134763,UTI Money Market Fund - Regular Plan - Half-Yearly IDCW,1864.9762
2026-08-25,134782,Nippon India ETF Nifty 50 Value 20,140.1142
2026-08-25,134788,UTI Dynamic Term Fund - Direct Plan - Half-Yearly IDCW,17.5413
2026-08-25,134799,UTI Ultra Short Term Fund - Regular Plan - Half-Yearly IDCW,1026.0999
2026-08-25,134813,Mirae Asset Aggressive Hybrid Fund - Direct Plan - Growth,39.978
2026-08-25,134814,Mirae Asset Aggressive Hybrid Fund - Direct Plan - IDCW,21.387
2026-08-25,134815,Mirae Asset Aggressive Hybrid Fund - Regular Plan - Growth,33.771
2026-08-25,134816,Mirae Asset Aggressive Hybrid Fund - Regular Plan - IDCW,17.105
2026-08-25,134846,LIC MF ULIS (10 Yrs. Single Premium)-Regular Plan-IDCW Reinvestment,37.0798
2026-08-25,134847,LIC MF ULIS (10 Yrs. Regular Premium Reducing Cover Monthly)-Regular Plan-IDCW Reinvestment,37.0798
2026-08-25,134863,LIC MF ULIS (10 Yrs. Regular Premium Uniform Cover Monthly)-Regular Plan-IDCW Reinvestment,37.0798
2026-08-25,134864,LIC MF ULIS (10 Yrs. Regular Premium Reducing Cover Yearly)-Regular Plan-IDCW Reinvestment,37.0798
2026-08-25,134865,LIC MF ULIS (10 Yrs. Regular Premium Reducing Cover Half-Yearly)-Regular Plan-IDCW Reinvestment,37.0798
2026-08-25,134867,LIC MF ULIS (10 Yrs. Regular Premium Uniform Cover Half-Yearly)-Regular Plan-IDCW Reinvestment,37.0798
2026-08-25,134868,LIC MF ULIS (10 Yrs. Regular Premium Uniform Cover Yearly)-Regular Plan-IDCW Reinvestment,37.0798
2026-08-25,134869,LIC MF ULIS (15 Yrs. Regular Premium Reducing Cover Monthly)-Regular Plan-IDCW Reinvestment,37.0798
2026-08-25,134870,LIC MF ULIS (15 Yrs. Regular Premium Reducing Cover Half-Yearly)-Regular Plan-IDCW Reinvestment,37.0798
2026-08-25,134871,LIC MF ULIS (15 Yrs. Regular Premium Reducing Cover Yearly)-Regular Plan-IDCW Reinvestment,37.0798
2026-08-25,134872,LIC MF ULIS (15 Yrs. Regular Premium Uniform Cover Monthly)-Regular Plan-IDCW Reinvestment,37.0798
2026-08-25,134873,LIC MF ULIS (15 Yrs. Regular Premium Uniform Cover Half-Yearly)-Regular Plan-IDCW Reinvestment,37.0798
2026-08-25,134874,LIC MF ULIS (15Yrs. Regular Premium Uniform Cover Yearly)-Regular Plan-IDCW Reinvestment,37.0798
2026-08-25,134875,LIC MF ULIS (10 Yrs. Single Premium)-Direct Plan-IDCW Reinvestment,41.6899
2026-08-25,134876,LIC MF ULIS (10 Yrs. Regular Premium Reducing Cover Monthly)-Direct Plan-IDCW Reinvestment,41.6899
2026-08-25,134877,LIC MF ULIS (10 Yrs. Regular Premium Reducing Cover Yearly)-Direct Plan-IDCW Reinvestment,41.6899
2026-08-25,134878,LIC MF ULIS (10 Yrs. Regular Premium Reducing Cover Half-Yearly)-Direct Plan-IDCW Reinvestment,41.6899
2026-08-25,134879,LIC MF ULIS (10 Yrs. Regular Premium Uniform Cover Half-Yearly)-Direct Plan-IDCW Reinvestment,41.6899
2026-08-25,134880,LIC MF ULIS (10 Yrs. Regular Premium Uniform Cover Yearly)-Direct Plan-IDCW Reinvestment,41.6899
2026-08-25,134881,LIC MF ULIS (10 Yrs. Regular Premium Uniform Cover Monthly)-Direct Plan-IDCW Reinvestment,41.6899
2026-08-25,134882,LIC MF ULIS (15 Yrs. Regular Premium Reducing Cover Half-Yearly)-Direct Plan-IDCW Reinvestment,41.6899
2026-08-25,134883,LIC MF ULIS (15 Yrs. Regular Premium Reducing Cover Yearly)-Direct Plan-IDCW Reinvestment,41.6899
2026-08-25,134884,LIC MF ULIS (15 Yrs. Regular Premium Reducing Cover Monthly)-Direct Plan-IDCW Reinvestment,41.6899
2026-08-25,134885,LIC MF ULIS (15 Yrs. Regular Premium Uniform Cover Half-Yearly)-Direct Plan-IDCW Reinvestment,41.6899
2026-08-25,134886,LIC MF ULIS (15 Yrs. Regular Premium Uniform Cover Yearly)-Direct Plan-IDCW Reinvestment,41.6899
2026-08-25,134887,LIC MF ULIS (15 Yrs. Regular Premium Uniform Cover Monthly)-Direct Plan-IDCW Reinvestment,41.6899
2026-08-25,134922,Nippon India US Equity Opportunities Fund- Growth Plan- Growth Option,42.9718
2026-08-25,134923,Nippon India US Equity Opportunities Fund- Direct Plan- Growth Plan- Growth Option,48.5396
2026-08-25,134924,NIPPON INDIA - US EQUITY OPPORTUNITIES FUND - IDCW Option,42.9718
2026-08-25,134925,NIPPON INDIA - US EQUITY OPPORTUNITIES FUND - Direct Plan - IDCW Option,48.5396
2026-08-25,134954,JM Large Cap Fund (Regular) - Quarterly IDCW,35.4511
2026-08-25,134955,JM Large Cap Fund (Regular) - Half Yearly IDCW,25.7521
2026-08-25,134956,JM Large Cap Fund (Direct) - Monthly IDCW,74.6168
2026-08-25,134957,JM Large Cap Fund (Direct) - Half Yearly IDCW,74.7728
2026-08-25,134958,JM Large Cap Fund (Direct) - Annual IDCW,75.2991
2026-08-25,134959,JM Large Cap Fund (Regular) - Monthly IDCW,24.409
2026-08-25,134960,JM Large Cap Fund (Direct) - Quarterly IDCW,75.3125
2026-08-25,134961,JM Large Cap Fund (Regular) - Annual IDCW,31.3589
2026-08-25,134972,UTI Money Market Fund - Regular Plan - Annual IDCW,1976.7924
2026-08-25,134973,UTI Money Market Fund - Direct Plan - Annual IDCW,1995.7263
2026-08-25,134998,UTI Medium to Long Term Fund - Direct Plan - Half-Yearly IDCW,15.6351
2026-08-25,135051,UTI Credit Risk Fund - Regular Plan - Discontinued Flexi IDCW,11.876
2026-08-25,135106,SBI Nifty 50 ETF,262.2307
2026-08-25,135120,Axis Equity Savings Fund - Direct Plan - Growth,26.79
2026-08-25,135121,Axis Equity Savings Fund - Direct Plan - Monthly IDCW,13.60
2026-08-25,135122,Axis Equity Savings Fund - Regular Plan - Growth,23.35
2026-08-25,135123,Axis Equity Savings Fund - Regular Plan - Monthly IDCW,11.25
2026-08-25,135124,Axis Equity Savings Fund - Direct Plan - Quarterly IDCW,13.99
2026-08-25,135125,Axis Equity Savings Fund - Regular Plan - Quarterly IDCW,11.78
2026-08-25,135167,JM Arbitrage Fund (Regular) - Annual IDCW,15.3354
2026-08-25,135168,JM Arbitrage Fund (Regular) - Monthly IDCW,13.6472
2026-08-25,135169,JM Arbitrage Fund (Regular) - Quarterly IDCW,15.6756
2026-08-25,135170,JM Arbitrage Fund (Regular) - Half Yearly IDCW,15.4469
2026-08-25,135171,JM Arbitrage Fund (Direct) - Half Yearly IDCW,17.2556
2026-08-25,135172,JM Arbitrage Fund (Direct) - Monthly IDCW,15.0642
2026-08-25,135173,JM Arbitrage Fund (Direct) - Annual IDCW,16.9761
2026-08-25,135174,JM Arbitrage Fund (Direct) - Quarterly IDCW,17.7268
2026-08-25,135191,UTI Ultra Short to Short Term Fund - Direct Plan - Fortnightly IDCW,1339.8654
2026-08-25,135290,UTI Credit Risk Fund - Direct Plan - Annual IDCW,13.2185
2026-08-25,135320,UTI Nifty 50 ETF,270.032
2026-08-25,135321,UTI BSE Sensex ETF,861.1663
2026-08-25,135336,UTI Dynamic Term Fund - Regular Plan - Discontinued Flexi IDCW,17.2145
2026-08-25,135341,Groww Value Fund (formerly known as Indiabulls Value Fund) - Direct Plan - Growth Option,33.4933
2026-08-25,135342,Groww Value Fund (formerly known as Indiabulls Value Fund)- Direct Plan- - Income Distribution cum capital withdrawal Option (Payout & Reinvestment),33.3685
2026-08-25,135343,Groww Value Fund (formerly known as Indiabulls Value Fund) - Regular Plan - Growth Option,27.6629
2026-08-25,135344,Groww Value Fund (formerly known as Indiabulls Value Fund)- Regular Plan - Income Distribution cum capital withdrawal Option (Payout & Reinvestment),27.6538
2026-08-25,135371,UTI Money Market Fund - Regular Plan - Fortnightly IDCW,1160.9472
2026-08-25,135390,ICICI Prudential Nifty 50 Index Fund - IDCW Option,32.8644
2026-08-25,135391,ICICI Prudential Nifty 50 Index Fund - Direct Plan IDCW Option,34.6357
2026-08-25,135418,UTI Credit Risk Fund - Direct Plan - Half-Yearly IDCW,13.2715
2026-08-25,135419,UTI Credit Risk Fund - Regular Plan - Half-Yearly IDCW,12.2722
2026-08-25,135497,UTI Short Term Fund - Direct Plan - Annual IDCW,13.6588
2026-08-25,135500,Kotak Short Term Fund - Direct - Standard Income Distribution cum capital withdrawal option,16.2493
2026-08-25,135501,Kotak Short Term Fund - Regular Plan - Normal Dividend,12.248
2026-08-25,135536,UTI Dynamic Term Fund - Direct Plan - Annual IDCW,15.1181
2026-08-25,135581,UTI Medium to Long Term Fund - Regular Plan - Half-Yearly IDCW,15.0766
2026-08-25,135598,PGIM India ELSS Tax Saver Fund - Regular Plan - Growth Option,35.31
2026-08-25,135599,PGIM India ELSS Tax Saver Fund - Regular Plan - Dividend Option,16.88
2026-08-25,135600,PGIM India ELSS Tax Saver Fund - Direct Plan - Dividend Option,18.23
2026-08-25,135601,PGIM India ELSS Tax Saver Fund - Direct Plan - Growth Option,41.09
2026-08-25,135606,UTI Money Market Fund - Direct Plan - Fortnightly IDCW,1253.001
2026-08-25,135607,LIC MF Nifty 50 ETF,273.1982
2026-08-25,135672,LIC MF BSE Sensex ETF,877.8671
2026-08-25,135677,Navi Large & Midcap Fund- Direct Plan- Growth Option,45.4779
2026-08-25,135678,Navi Large & Midcap Fund- Regular Plan- Growth Option,37.2815
2026-08-25,135679,Navi Large & Midcap Fund - Direct Normal IDCW Payout,44.9294
2026-08-25,135680,Navi Large & Midcap Fund - Regular Normal IDCW Payout,37.2772
2026-08-25,135721,UTI Liquid Fund - Regular Plan - Quarterly IDCW,191.366
2026-08-25,135744,Kotak Nifty 50 Value 20 ETF - Payout of Income Distribution cum capital withdrawal option,13.999
2026-08-25,135759,Axis Children's Fund - Lock in - Regular Growth,26.6838
2026-08-25,135760,Axis Children's Fund - Lock in - Regular Plan - IDCW,24.6179
2026-08-25,135761,Axis Children's Fund - No Lock in - Regular Plan - IDCW,24.5957
2026-08-25,135762,Axis Children's Fund - Lock in - Direct Growth,30.6247
2026-08-25,135763,Axis Children's Fund - No Lock in - Direct Plan - IDCW,28.2642
2026-08-25,135764,Axis Children's Fund - No Lock in - Direct Growth,31.2104
2026-08-25,135765,Axis Children's Fund - Lock in - Direct Plan - IDCW,28.2109
2026-08-25,135766,Axis Children's Fund - No Lock in - Regular Plan - Growth,26.6805
2026-08-25,135781,Mirae Asset ELSS Tax Saver Fund - Direct Plan - Growth,58.336
2026-08-25,135782,Mirae Asset ELSS Tax Saver Fund - Direct Plan - IDCW,27.259
2026-08-25,135783,Mirae Asset ELSS Tax Saver Fund - Regular Plan - IDCW,22.899
2026-08-25,135784,Mirae Asset ELSS Tax Saver Fund - Regular Plan - Growth,51.019
2026-08-25,135789,TATA Banking & Financial Services Fund Direct Plan - Payout of Income Distribution cum capital withdrawal option,51.4026
2026-08-25,135790,TATA Banking & Financial Services Fund Regular Plan - Payout of Income Distribution cum capital withdrawal option,39.6035
2026-08-25,135791,TATA Banking & Financial Services Fund Regular Plan - Reinvestment of Income Distribution cum capital withdrawal option,39.6035
2026-08-25,135792,TATA Banking & Financial Services Fund Direct Plan - Reinvestment of Income Distribution cum capital withdrawal option,51.4026
2026-08-25,135793,Tata Banking And Financial Services Fund-Direct Plan-Growth,53.0647
2026-08-25,135794,Tata Banking And Financial Services Fund-Regular Plan-Growth,44.8574
2026-08-25,135795,TATA Digital India Fund Direct Plan - Payout of Income Distribution cum capital withdrawal option,48.5669
2026-08-25,135796,TATA Digital India Fund Regular Plan - Payout of Income Distribution cum capital withdrawal option,40.8784
2026-08-25,135797,Tata Digital India Fund-Regular Plan-Growth,42.5569
2026-08-25,135798,TATA Digital India Fund Direct Plan - Reinvestment of Income Distribution cum capital withdrawal option,48.5669
2026-08-25,135799,TATA Digital India Fund Regular Plan - Reinvestment of Income Distribution cum capital withdrawal option,40.8784
2026-08-25,135800,Tata Digital India Fund-Direct Plan-Growth,50.2514
2026-08-25,135801,TATA India Consumer Fund Direct Plan - Reinvestment of Income Distribution cum capital withdrawal option,55.3617
2026-08-25,135802,TATA India Consumer Fund Regular Plan - Payout of Income Distribution cum capital withdrawal option,43.3976
2026-08-25,135803,TATA India Consumer Fund Regular Plan - Reinvestment of Income Distribution cum capital withdrawal option,43.3976
2026-08-25,135804,Tata India Consumer Fund-Regular Plan-Growth,48.9634
2026-08-25,135805,Tata India Consumer Fund-Direct Plan-Growth,57.1239
2026-08-25,135806,TATA India Consumer Fund Direct Plan - Payout of Income Distribution cum capital withdrawal option,55.3617
2026-08-25,135807,TATA India Pharma & Health Care Fund Direct Plan - Payout of Income Distribution cum capital withdrawal option,38.6529
2026-08-25,135808,TATA India Pharma & Healthcare Fund Direct Plan - Reinvestment of Income Distribution cum capital withdrawal option,38.6529
2026-08-25,135809,TATA India Pharma & Health Care Fund Regular Plan - Payout of Income Distribution cum capital withdrawal option,32.5165
2026-08-25,135810,Tata India Pharma & Healthcare Fund-Direct Plan-Growth,39.9515
2026-08-25,135811,TATA India Pharma & Healthcare Fund Regular Plan - Reinvestment of Income Distribution cum capital withdrawal option,32.5165
2026-08-25,135812,Tata India Pharma & Healthcare Fund-Regular Plan-Growth,33.8101
2026-08-25,135813,Tata Resources & Energy Fund-Direct Plan-Growth,58.8555
2026-08-25,135814,TATA Resources & Energy Fund Regular Plan - Payout of Income Distribution cum capital withdrawal option,43.3492
2026-08-25,135815,Tata Resources & Energy Fund-Regular Plan-Growth,49.3261
2026-08-25,135816,TATA Resources & Energy Fund Direct Plan - Reinvestment of Income Distribution cum capital withdrawal option,57.0787
2026-08-25,135817,TATA Resources & Energy Fund Direct Plan - Payout of Income Distribution cum capital withdrawal option,57.0787
2026-08-25,135818,TATA Resources & Energy Fund Regular Plan - Reinvestment of Income Distribution cum capital withdrawal option,43.3492
2026-08-25,135853,HDFC NIFTY 50 ETF - Growth Plan,274.4702
2026-08-25,135854,HDFC BSE Sensex ETF - Growth Plan,88.1752
2026-08-25,135914,BANDHAN Corporate Bond Fund - Regular Growth,20.4882
2026-08-25,135915,BANDHAN Corporate Bond Fund - Regular Periodic IDCW,13.8117
2026-08-25,135916,BANDHAN Corporate Bond Fund - Direct Growth,21.1752
2026-08-25,135917,BANDHAN Corporate Bond Fund - Direct Periodic IDCW,14.0485
2026-08-25,135976,LIC MF ULIS (10 Yrs. Regular Premium Reducing Cover Quarterly)-Direct Plan-IDCW Reinvestment,41.6899
2026-08-25,135977,LIC MF ULIS (10 Yrs. Regular Premium Uniform Cover Quarterly)-Direct Plan-IDCW Reinvestment,41.6899
2026-08-25,135978,LIC MF ULIS (15 Yrs. Regular Premium Reducing Cover Quarterly)-Direct Plan-IDCW Reinvestment,41.6899
2026-08-25,135979,LIC MF ULIS (10 Yrs. Regular Premium Reducing Cover Quarterly)-Regular Plan-IDCW Reinvestment,37.0798
2026-08-25,135980,LIC MF ULIS (15 Yrs. Regular Premium Uniform Cover Quarterly)-Direct Plan-IDCW Reinvestment,41.6899
2026-08-25,135981,LIC MF ULIS (15 Yrs. Regular Premium Reducing Cover Quarterly)-Regular Plan-IDCW Reinvestment,37.0798
2026-08-25,135982,LIC MF ULIS (15 Yrs. Regular Premium Uniform Cover Quarterly)-Regular Plan-IDCW Reinvestment,37.0798
2026-08-25,135983,LIC MF ULIS (10 Yrs. Regular Premium Uniform Cover Quarterly)-Regular Plan-IDCW Reinvestment,37.0798
2026-08-25,136090,HDFC Retirement Fund - Equity Plan - Growth Option,49.211
2026-08-25,136094,HDFC Retirement Fund - Equity Plan - Growth Option - Direct Plan,56.352
2026-08-25,136110,UTI Banking & PSU Debt Fund - Regular Plan - Monthly IDCW,13.439
2026-08-25,136111,Invesco India Ultra Short Term Fund - Regular Plan - Daily IDCW (Reinvestment),1468.6081
2026-08-25,136112,Invesco India Ultra Short Term Fund - Direct Plan - Daily IDCW (Reinvestment),1573.003
2026-08-25,136113,ICICI Prudential Aggressive Hybrid Fund - Annual IDCW,26.07
2026-08-25,136114,ICICI Prudential Aggressive Hybrid Fund - Direct Plan - Annual IDCW,29.24
2026-08-25,136302,UTI Credit Risk Fund - Direct Plan - Discontinued Flexi IDCW,13.2226
2026-08-25,136345,UTI Ultra Short to Short Term Fund - Regular Plan - Half-Yearly IDCW,1503.2658
2026-08-25,136463,HDFC Retirement Fund - Hybrid-Equity Plan - Growth Option,37.392
2026-08-25,136464,HDFC Retirement Fund - Hybrid-Equity Plan - Growth Option - Direct Plan,42.956
2026-08-25,136465,HDFC Retirement Fund - Hybrid-Debt Plan - Growth Option - Direct Plan,24.9636
2026-08-25,136466,HDFC Retirement Fund - Hybrid-Debt Plan - Growth Option,21.8736
2026-08-25,136473,LIC MF Nifty 100 ETF,279.73
2026-08-25,136563,DSP Equity Savings Fund - Regular Plan - Growth,22.3330
2026-08-25,136564,DSP Equity Savings Fund - Regular Plan - IDCW,12.1620
2026-08-25,136565,DSP Equity Savings Fund - Regular Plan - IDCW - Monthly,13.5030
2026-08-25,136566,DSP Equity Savings Fund - Regular Plan - IDCW - Quarterly,13.5080
2026-08-25,136567,DSP Equity Savings Fund - Direct Plan - Growth,25.2770
2026-08-25,136568,DSP Equity Savings Fund - Direct Plan - IDCW,13.7210
2026-08-25,136569,DSP Equity Savings Fund - Direct Plan - IDCW - Monthly,17.2920
2026-08-25,136570,DSP Equity Savings Fund - Direct Plan - IDCW - Quarterly,17.2100
2026-08-25,138285,PGIM India Liquid Fund - Daily Dividend,100.304
2026-08-25,138287,PGIM India Liquid Fund - Monthly Dividend,116.7595
2026-08-25,138288,PGIM India Liquid Fund - Growth,364.7473
2026-08-25,138289,PGIM India Liquid Fund - Weekly Dividend,100.5721
2026-08-25,138297,PGIM India Liquid Fund - Direct Plan - Daily Dividend,131.7079
2026-08-25,138298,PGIM India Liquid Fund - Direct Plan - Monthly Dividend,116.3467
2026-08-25,138299,PGIM India Liquid Fund - Direct Plan - Growth,369.5645
2026-08-25,138301,PGIM India Liquid Fund - Direct Plan - Weekly Dividend,100.5733
2026-08-25,138307,PGIM India Large Cap Fund - Dividend,18.49
2026-08-25,138308,PGIM India Large Cap Fund - Growth,337.04
2026-08-25,138312,PGIM India Large Cap Fund - Direct Plan - Growth,406.72
2026-08-25,138313,PGIM India Large Cap Fund - Direct Plan - Dividend,26.86
2026-08-25,138315,PGIM India Corporate Bond Fund - Quarterly Dividend,11.2919
2026-08-25,138316,PGIM India Corporate Bond Fund - Monthly Dividend,12.2064
2026-08-25,138317,PGIM India Corporate Bond Fund - Annual Dividend,10.275
2026-08-25,138318,PGIM India Corporate Bond Fund - Growth,45.4644
2026-08-25,138329,PGIM India Corporate Bond Fund - Direct Plan - Annual Dividend,15.9038
2026-08-25,138330,PGIM India Corporate Bond Fund - Direct Plan - Growth,51.074
2026-08-25,138331,PGIM India Corporate Bond Fund - Direct Plan - Monthly Dividend,14.2656
2026-08-25,138332,PGIM India Corporate Bond Fund - Direct Plan - Quarterly Dividend,12.8592
2026-08-25,138341,PGIM India Ultra Short Term Fund - Weekly Dividend,10.0862
2026-08-25,138342,PGIM India Ultra Short Term Fund - Daily Dividend,10.0203
2026-08-25,138343,PGIM India Ultra Short Term Fund - Growth,36.3086
2026-08-25,138344,PGIM India Ultra Short Term Fund - Monthly Dividend,15.6808
2026-08-25,138358,PGIM India Ultra Short Term Fund - Direct Plan - Growth,38.239
2026-08-25,138359,PGIM India Ultra Short Term Fund - Direct Plan - Monthly Dividend,12.3323
2026-08-25,138361,PGIM India Ultra Short Term Fund - Direct Plan - Daily Dividend,10.0241
2026-08-25,138362,PGIM India Ultra Short Term Fund - Direct Plan - Weekly Dividend,10.2746
2026-08-25,138369,PGIM India Equity Savings Fund - Monthly Dividend option,12.4286
2026-08-25,138371,PGIM India Equity Savings Fund - Annual Dividend option,14.822
2026-08-25,138372,PGIM India Equity Savings Fund - Growth Option,51.4806
2026-08-25,138375,PGIM India Equity Savings Fund - Direct Plan - Annual Dividend,15.838
2026-08-25,138376,PGIM India Equity Savings Fund - Direct Plan - Growth,58.7833
2026-08-25,138377,PGIM India Equity Savings Fund - Direct Plan - Monthly Dividend,13.737
2026-08-25,138381,PGIM India Aggressive Hybrid Equity Fund - Dividend Option,14.02
2026-08-25,138382,PGIM India Aggressive Hybrid Equity Fund - Growth Option,130.74
2026-08-25,138386,PGIM India Aggressive Hybrid Equity Fund - Direct Plan - Growth,158.82
2026-08-25,138387,PGIM India Aggressive Hybrid Equity Fund - Direct Plan - Dividend,25.21
2026-08-25,138453,PGIM India Emerging Markets Equity Fund of Fund- Growth,23.04
2026-08-25,138456,PGIM India Emerging Markets Equity Fund of Fund - Direct Plan - Growth,26.55
2026-08-25,138467,PGIM India Gilt Fund - Quarterly Dividend,13.1483
2026-08-25,138470,PGIM India Gilt Fund - Growth,30.8536
2026-08-25,138472,PGIM India Gilt Fund - Direct Plan - Growth,33.7085
2026-08-25,138474,PGIM India Gilt Fund - Direct Plan - Quarterly Dividend,14.0301
2026-08-25,138523,PGIM India Global Equity Opportunities Fund of Fund- Growth,49.07
2026-08-25,138528,PGIM India Global Equity Opportunities Fund of Fund- Direct Plan - Growth,56.12
2026-08-25,138875,PGIM India Arbitrage Fund - Direct Plan - Growth,21.0652
2026-08-25,138876,PGIM India Arbitrage Fund - Regular Plan - Growth,19.5567
2026-08-25,138877,PGIM India Arbitrage Fund - Direct Plan - Regular Dividend,12.5324
2026-08-25,138878,PGIM India Arbitrage Fund - Direct Plan - Monthly Dividend,11.4803
2026-08-25,138883,PGIM India Arbitrage Fund - Regular Plan - Monthly Dividend,11.2461
2026-08-25,138887,PGIM India Arbitrage Fund - Regular Plan - Regular Dividend,11.7582
2026-08-25,139181,UTI Dynamic Term Fund - Regular Plan - Half-Yearly IDCW,16.0042
2026-08-25,139198,BANDHAN Corporate Bond Fund - Direct Monthly IDCW,10.3595
2026-08-25,139199,BANDHAN Corporate Bond Fund - Direct Quarterly IDCW,10.7258
2026-08-25,139200,BANDHAN Corporate Bond Fund - Direct Half Yearly IDCW,11.8810
2026-08-25,139201,BANDHAN Corporate Bond Fund - Direct Annual IDCW,10.5496
2026-08-25,139202,BANDHAN Corporate Bond Fund - Regular Monthly IDCW,10.6112
2026-08-25,139203,BANDHAN Corporate Bond Fund - Regular Half Yearly IDCW,11.2346
2026-08-25,139204,BANDHAN Corporate Bond Fund - Regular Annual IDCW,10.5274
2026-08-25,139205,BANDHAN Corporate Bond Fund - Regular Quarterly IDCW,10.7527
2026-08-25,139235,Canara Robeco Liquid Fund -Unclaimed Redemption and Dividend Plan -Direct Growth Option,1852.2985
2026-08-25,139236,UTI MMF - Regular Plan - Flexi Dividend Option,1284.1649
2026-08-25,139339,UTI Medium to Long Term Fund - Direct Plan - Annual IDCW,13.4043
2026-08-25,139386,Navi Liquid Fund-Unclaimed Redemption and Dividend Plan less than 3 years,30.4484
2026-08-25,139387,Invesco India Liquid Fund - Unclaimed Redemption Plan - Below 3 years,1841.7499
2026-08-25,139388,Invesco India Liquid Fund - Unclaimed Redemption Plan - Above 3 Years,1000
2026-08-25,139389,Invesco India Liquid Fund - Unclaimed Dividend Plan - Below 3 Years,1842.1619
2026-08-25,139390,Invesco India Liquid Fund - Unclaimed Dividend Plan - Above 3 Years,1000
2026-08-25,139407,UTI Banking & PSU Debt Fund - Regular Plan - Half-Yearly IDCW,15.6674
2026-08-25,139430,SBI Nifty 10 yr Benchmark G-Sec ETF,265.3275
2026-08-25,139455,ICICI Prudential Nifty50 Value 20 ETF,13.6532
2026-08-25,139496,Nippon India ETF Nifty 8-13 yr G-Sec Long Term Gilt,30.0013
2026-08-25,139519,ICICI Prudential BSE Midcap Select ETF,20.0991
2026-08-25,139520,Axis Equity Savings Fund - Direct Plan - Regular IDCW,13.30
2026-08-25,139521,Axis Equity Savings Fund - Regular Plan - Regular IDCW,12.36
2026-08-25,139527,BANK OF INDIA MID & SMALL CAP EQUITY & DEBT FUND - DIRECT PLAN GROWTH,47.57
2026-08-25,139528,BANK OF INDIA MID & SMALL CAP EQUITY & DEBT FUND - REGULAR  PLAN IDCW,34.58
2026-08-25,139529,BANK OF INDIA MID & SMALL CAP EQUITY & DEBT FUND - REGULAR  PLAN  GROWTH,43.00
2026-08-25,139530,BANK OF INDIA MID & SMALL CAP EQUITY & DEBT FUND - DIRECT PLAN IDCW,36.84
2026-08-25,139534,Mahindra Manulife Liquid Fund - Regular Plan - Daily IDCW,1001.6836
2026-08-25,139535,Mahindra Manulife Liquid Fund - Direct Plan - Daily IDCW,1295.2097
2026-08-25,139536,Mahindra Manulife Liquid Fund - Direct Plan - Weekly IDCW,1003.8763
2026-08-25,139537,Mahindra Manulife Liquid Fund - Regular Plan - Growth,1822.7876
2026-08-25,139538,Mahindra Manulife Liquid Fund - Direct Plan -Growth,1844.6596
2026-08-25,139541,Mahindra Manulife Liquid Fund - Regular Plan - Weekly IDCW,1010.2869
2026-08-25,139568,UTI Ultra Short Term Fund - Direct Plan - Annual IDCW,1540.6123
2026-08-25,139581,Aditya Birla Sun Life BSE Sensex ETF,78.3676
2026-08-25,139582,BANDHAN LIQUID Fund - Unclaimed IDCW Less than 3 years,1.8213
2026-08-25,139583,BANDHAN LIQUID Fund - Unclaimed IDCW More than 3 years,1.0000
2026-08-25,139584,BANDHAN LIQUID Fund - Unclaimed Redemption Less than 3 years,1.8213
2026-08-25,139585,BANDHAN LIQUID Fund - Unclaimed Redemption More than 3 years,1.0000
2026-08-25,139617,Taurus Unclaimed Redemption - Growth,17.7476
2026-08-25,139618,Taurus Investor Education Pool - Unclaimed Redemption - Growth,10.0000
2026-08-25,139619,Taurus Investor Education Pool - Unclaimed Dividend - Growth,10.0000
2026-08-25,139646,UTI Money Market Fund - Regular Plan - Quarterly IDCW,1021.6918
2026-08-25,139679,NIPPON INDIA AGGRESSIVE HYBRID FUND - DIRECT Plan - MONTHLY IDCW Option,19.0867
2026-08-25,139680,NIPPON INDIA AGGRESSIVE HYBRID FUND - MONTHLY IDCW Option,16.9635
2026-08-25,139709,Sundaram Long Term Micro Cap Tax Advantage Fund Series III Regular Plan - Growth,36.4885
2026-08-25,139710,Sundaram Long Term Micro Cap Tax Advantage Fund Series III Direct Plan - Payout of Income Distribution cum Capital Withdrawal (IDCW),33.0297
2026-08-25,139711,Sundaram Long Term Micro Cap Tax Advantage Fund Series III Direct Plan - Growth,37.6638
2026-08-25,139712,Sundaram Long Term Micro Cap Tax Advantage Fund Series III Regular Plan - Payout of Income Distribution cum Capital Withdrawal (IDCW),31.9247
2026-08-25,139780,Mahindra Manulife ELSS Tax Saver Fund - Regular Plan - IDCW,16.5379
2026-08-25,139781,Mahindra Manulife ELSS Tax Saver Fund - Direct Plan -Growth,33.3094
2026-08-25,139782,Mahindra Manulife ELSS Tax Saver Fund- Direct Plan - IDCW,20.9724
2026-08-25,139783,Mahindra Manulife ELSS Tax Saver Fund- Regular Plan - Growth,27.9294
2026-08-25,139820,PGIM India Aggressive Hybrid Equity Fund-Direct Plan-Monthly Dividend Option,25.16
2026-08-25,139821,PGIM India Aggressive Hybrid Equity Fund-Monthly Dividend Option,22.21
2026-08-25,139838,UTI Liquid Fund - Regular Plan - Fortnightly IDCW,115.674
2026-08-25,139839,BANDHAN Nifty 50 ETF,269.0906
2026-08-25,139840,BANDHAN BSE Sensex ETF,845.4319
2026-08-25,139863,Motilal Oswal Balanced Advantage Fund (MOFDYNAMIC) - Regular Plan - Annual Dividend Payout Option,13.2435
2026-08-25,139865,Motilal Oswal Balanced Advantage Fund Direct - Quarterly IDCW Payout/Reinvestment,12.5296
2026-08-25,139866,Motilal Oswal Balanced Advantage Fund Direct - Annual IDCW Payout/Reinvestment,14.1711
2026-08-25,139870,Motilal Oswal Balanced Advantage Fund (MOFDYNAMIC) - Regular Plan - Growth Option,19.6430
2026-08-25,139871,Motilal Oswal Balanced Advantage Fund Regular - Quarterly IDCW Payout/Reinvestment,11.5543
2026-08-25,139872,Motilal Oswal Balanced Advantage Fund  (MOFDYNAMIC) - Direct Plan - Growth Option,22.1492
2026-08-25,139889,Franklin India Liquid Fund - Unclaimed Redemption Plan - Growth,17.9690
2026-08-25,139890,Franklin India Liquid Fund - Unclaimed IDCW Plan - Growth,17.9690
2026-08-25,139891,Franklin India Liquid Fund - Unclaimed Redemption Investor Education Plan - Growth,10.0000
2026-08-25,139892,Franklin India Liquid Fund - Unclaimed IDCW Investor Education Plan - Growth,10.0000
2026-08-25,139989,Sundaram Long Term Micro Cap Tax Advantage Fund Series IV Direct Plan - Payout of Income Distribution cum Capital Withdrawal (IDCW),30.9152
2026-08-25,139990,Sundaram Long Term Micro Cap Tax Advantage Fund Series IV Direct Plan - Growth,32.4809
2026-08-25,139991,Sundaram Long Term Micro Cap Tax Advantage Fund Series IV Regular Plan - Payout of Income Distribution cum Capital Withdrawal (IDCW),30.1632
2026-08-25,139992,Sundaram Long Term Micro Cap Tax Advantage Fund Series IV Regular Plan - Growth,31.7244
2026-08-25,140023,UTI Money Market Fund - Direct Plan - Half-Yearly IDCW,1878.7689
2026-08-25,140024,UTI Liquid Fund - Direct Plan - Quarterly IDCW,192.8551
2026-08-25,140084,Nippon India ETF Nifty 50 BeES,277.4764
2026-08-25,140085,Nippon India ETF Nifty Next 50 Junior BeES,806.3419
2026-08-25,140086,Nippon India ETF Nifty 1D Rate Liquid BeES - DAILY IDCW Option,1000.0000
2026-08-25,140087,Nippon India ETF Nifty Bank BeES,596.3623
2026-08-25,140088,Nippon India ETF Gold BeES,132.5671
2026-08-25,140089,Nippon India ETF Nifty PSU Bank BeES,96.1367
2026-08-25,140094,Nippon India ETF Nifty 50 Shariah BeES,461.7197
2026-08-25,140095,Nippon India ETF Hang Seng BeES,460.8043
2026-08-25,140102,Nippon India ETF Nifty Infrastructure BeES,972.6436
2026-08-25,140107,CPSE ETF,93.9816
2026-08-25,140116,UTI Banking & PSU Debt Fund - Regular Plan - Annual IDCW,13.4053
2026-08-25,140135,UTI Banking & PSU Debt Fund - Direct Plan - Annual IDCW,13.7039
2026-08-25,140172,Edelweiss Large & Mid Cap Fund - Regular Plan - Growth Option,92.147
2026-08-25,140173,Edelweiss Large and Mid Cap Fund - Regular Plan - IDCW Option,35.143
2026-08-25,140174,Edelweiss Large and Mid Cap Fund - Direct Plan - IDCW Option,42.697
2026-08-25,140175,Edelweiss Large & Mid Cap Fund - Direct Plan - Growth Option,110.077
2026-08-25,140176,Edelweiss Liquid Fund - Retail Plan - Growth Option,3259.5985
2026-08-25,140177,Edelweiss Liquid Fund - Retail Plan Daily - IDCW Option,1168.159
2026-08-25,140178,Edelweiss Liquid Fund - Retail Plan - Weekly Dividend Option,1230.9637
2026-08-25,140180,Edelweiss Liquid Fund - Retail Plan Monthly - IDCW Option,1243.5738
2026-08-25,140181,Edelweiss Liquid Fund - Regular Plan Daily - IDCW Option,1327.149
2026-08-25,140182,Edelweiss Liquid Fund - Regular Plan - Growth Option,3584.2614
2026-08-25,140183,Edelweiss Liquid Fund - Regular Plan Monthly - IDCW Option,1082.4193
2026-08-25,140184,Edelweiss Liquid Fund - Regular Plan Fortnightly - IDCW Option,2156.3834
2026-08-25,140185,Edelweiss Liquid Fund - Regular Plan Weekly - IDCW Option,1215.2023
2026-08-25,140188,Edelweiss Liquid Fund - Regular Plan Annual - IDCW Option,2329.2036
2026-08-25,140189,Edelweiss Liquid Fund - Regular Plan - Bonus Option,2087.9746
2026-08-25,140190,Edelweiss Liquid Fund - Regular Plan - IDCW Option,3433.4707
2026-08-25,140192,Edelweiss Liquid Fund - Direct Plan Annual - IDCW Option,3510.4356
2026-08-25,140193,Edelweiss Liquid Fund - Direct Plan daily - IDCW Option,1194.3847
2026-08-25,140194,Edelweiss Liquid Fund - Direct Plan - Bonus Option,2130.0539
2026-08-25,140195,Edelweiss Liquid Fund - Direct Plan weekly - IDCW Option,2173.0516
2026-08-25,140196,Edelweiss Liquid Fund - Direct Plan - Growth Option,3661.267
2026-08-25,140197,Edelweiss Liquid Fund - Direct Plan Monthly - IDCW Option,1004.2681
2026-08-25,140198,Edelweiss Liquid Fund - Direct Plan - IDCW Option,3510.4762
2026-08-25,140199,Edelweiss Liquid Fund - Direct Plan Fortnightly - IDCW Option,2477.2922
2026-08-25,140225,Edelweiss Mid Cap Fund - Regular Plan - Growth Option,110.927
2026-08-25,140226,Edelweiss Mid Cap Fund - Regular Plan - IDCW Option,63.952
2026-08-25,140227,Edelweiss Mid Cap Fund - Direct Plan - IDCW Option,95.73
2026-08-25,140228,Edelweiss Mid Cap Fund - Direct Plan - Growth Option,131.285
2026-08-25,140229,Edelweiss Money Market Fund - Regular Plan - Growth Option,30.414
2026-08-25,140230,Edelweiss Money Market Fund - Institutional Plan - Growth Option,26.0264
2026-08-25,140232,Edelweiss Money Market Fund - Regular Plan - IDCW Option,26.8026
2026-08-25,140233,Edelweiss Money Market Fund - Regular Plan - Annual - IDCW Option,28.1539
2026-08-25,140235,Edelweiss Money Market Fund - Direct Plan - IDCW Option,29.6819
2026-08-25,140236,Edelweiss Money Market Fund - Direct Plan - Annual - IDCW Option,31.7483
2026-08-25,140237,Edelweiss Money Market Fund - Direct Plan - Growth Option,33.7665
2026-08-25,140242,Edelweiss Greater China Equity Off-shore Fund - Regular Plan - Growth Option,63.464
2026-08-25,140243,Edelweiss Greater China Equity Off-shore Fund - Direct Plan - Growth Option,72.009
2026-08-25,140255,Edelweiss ASEAN Equity Off-shore Fund - Regular Plan - Growth Option,38.772
2026-08-25,140256,Edelweiss ASEAN Equity Off-shore Fund - Direct Plan - Growth Option,43.625
2026-08-25,140273,Edelweiss US Value Equity Offshore Fund - Regular Plan - Growth Option,44.6664
2026-08-25,140274,Edelweiss US Value Equity Offshore Fund - Direct Plan - Growth Option,49.8702
2026-08-25,140283,Edelweiss Banking and PSU Debt Fund - Regular Plan - Growth Option,25.9847
2026-08-25,140284,Edelweiss Banking and PSU Debt Fund - Regular Plan - IDCW Option,17.7636
2026-08-25,140286,Edelweiss Banking and PSU Debt Fund - Direct Plan - Growth Option,27.0189
2026-08-25,140288,Edelweiss Banking and PSU Debt Fund - Direct Plan - IDCW Option,18.7155
2026-08-25,140289,Edelweiss Banking and PSU Debt Fund - Regular Plan Weekly - IDCW Option,10.136
2026-08-25,140290,Edelweiss Banking and PSU Debt Fund - Direct Plan weekly - IDCW Option,10.5433
2026-08-25,140291,Edelweiss Banking and PSU Debt Fund - Direct Plan Fortnightly - IDCW Option,14.3382
2026-08-25,140292,Edelweiss Banking and PSU Debt Fund - Regular Plan Monthly - IDCW Option,11.1859
2026-08-25,140293,Edelweiss Banking and PSU Debt Fund - Direct Plan Monthly - IDCW Option,10.9418
2026-08-25,140294,Edelweiss Banking and PSU Debt Fund - Regular Plan Fortnightly - IDCW Option,13.8615
2026-08-25,140295,Edelweiss Europe Dynamic Equity Offshore Fund - Growth Option - Regular Plan,31.9748
2026-08-25,140296,Edelweiss Europe Dynamic Equity Offshore Fund - Growth Option - Direct Plan,35.6005
2026-08-25,140297,Edelweiss Gilt Fund - Regular Plan - Growth Option,25.0245
2026-08-25,140298,Edelweiss Gilt Fund - Direct Plan - Growth Option,26.8233
2026-08-25,140301,Edelweiss Gilt Fund - Regular Plan - IDCW Option,23.3407
2026-08-25,140302,Edelweiss Gilt Fund - Direct Plan - IDCW Option,25.0153
2026-08-25,140303,Edelweiss Gilt Fund - Regular Plan Weekly - IDCW Option,10.2684
2026-08-25,140304,Edelweiss Gilt Fund - Direct Plan weekly - IDCW Option,13.5681
2026-08-25,140305,Edelweiss Gilt Fund - Regular Plan Fortnightly - IDCW Option,23.5396
2026-08-25,140306,Edelweiss Gilt Fund - Direct Plan Fortnightly - IDCW Option,22.1761
2026-08-25,140307,Edelweiss Gilt Fund - Regular Plan Monthly - IDCW Option,10.4177
2026-08-25,140308,Edelweiss Gilt Fund - Direct Plan Monthly - IDCW Option,16.5997
2026-08-25,140309,Edelweiss Gilt Fund - Direct Plan - Annual Dividend Option,25.1339
2026-08-25,140310,Edelweiss Gilt Fund - Regular Plan - Annual - IDCW Option,23.3352
2026-08-25,140327,Edelweiss Emerging Markets Opportunities Equity Offshore Fund - Direct Plan - Growth Option,30.8667
2026-08-25,140328,Edelweiss Emerging Markets Opportunities Equity Offshore Fund - Regular Plan - Growth Option,28.1438
2026-08-25,140347,Edelweiss Equity Savings Fund - Direct Plan - Growth Option,30.7093
2026-08-25,140348,Edelweiss Equity Savings Fund - Direct Plan - IDCW Option,22.0145
2026-08-25,140349,Edelweiss Equity Savings Fund - Regular Plan - IDCW Option,18.7139
2026-08-25,140350,Edelweiss Equity Savings Fund - Direct Plan - Bonus Option,30.7218
2026-08-25,140351,Edelweiss Equity Savings Fund - Regular Plan - Growth Option,27.5228
2026-08-25,140353,Edelweiss Flexi Cap Fund - Direct Plan - Growth Option,46.743
2026-08-25,140354,Edelweiss Flexi Cap Fund - Direct Plan - IDCW Option,37.856
2026-08-25,140355,Edelweiss Flexi Cap Fund - Regular Plan - Growth Option,39.776
2026-08-25,140356,Edelweiss Flexi Cap Fund - Regular - IDCW Option,32.142
2026-08-25,140381,Bandhan Aggressive Hybrid Fund-Regular Plan Growth,28.369
2026-08-25,140382,Bandhan Aggressive Hybrid Fund-Direct Plan Growth,32.552
2026-08-25,140383,Bandhan Aggressive Hybrid Fund-Direct Plan IDCW,22.398
2026-08-25,140384,Bandhan Aggressive Hybrid Fund-Regular Plan IDCW,19.546
2026-08-25,140437,Navi Liquid Fund-Unclaimed Redemption and Dividend Plan greater than 3 years,10
2026-08-25,140442,Mahindra Manulife Equity Savings Fund -Direct Plan -Quarterly IDCW,17.7476
2026-08-25,140444,Mahindra Manulife Equity Savings Fund - Direct Plan -Growth,25.8277
2026-08-25,140446,Mahindra Manulife Equity Savings Fund -Regular Plan -Quarterly IDCW,14.1871
2026-08-25,140447,Mahindra Manulife Equity Savings Fund - Regular Plan - Growth,21.7408
2026-08-25,140463,Baroda BNP Paribas Short Term Fund - Direct Plan - Quarterly IDCW,11.2281
2026-08-25,140465,Baroda BNP Paribas Short Term Fund - Regular Plan - Quarterly IDCW,10.6081
2026-08-25,140486,SBI Long Term Advantage Fund - Series IV - Direct Plan - Income Distribution cum Capital Withdrawal Option (IDCW),42.7484
2026-08-25,140487,SBI Long Term Advantage Fund - Series IV - Direct Plan - Growth,50.3797
2026-08-25,140488,SBI Long Term Advantage Fund - Series IV - Regular Plan - Growth,47.7791
2026-08-25,140489,SBI Long Term Advantage Fund - Series IV - Regular Plan - Income Distribution cum Capital Withdrawal Option (IDCW),40.4785
2026-08-25,140504,UTI Liquid Fund - Direct Plan - Half-Yearly IDCW,159.5086
2026-08-25,140517,UTI Liquid Fund - Regular Plan - Flexi IDCW,167.0365
2026-08-25,140530,CANARA ROBECO ULTRA SHORT TERM FUND- REGULAR PLAN - IDCW (Payout),1550.4392
2026-08-25,140603,BANDHAN Credit Risk Fund-Direct Plan-Growth,19.0342
2026-08-25,140604,BANDHAN Credit Risk Fund-Direct Plan-Quarterly IDCW,10.8442
2026-08-25,140605,BANDHAN CREDIT RISK FUND - DIRECT PLAN HALF YEARLY IDCW,10.4214
2026-08-25,140606,BANDHAN Credit Risk Fund-Direct Plan-Periodic IDCW,14.1758
2026-08-25,140607,BANDHAN Credit Risk Fund - Regular Plan Quarterly IDCW,10.6233
2026-08-25,140608,BANDHAN Credit Risk Fund - Regular Plan Annual IDCW,10.4671
2026-08-25,140609,BANDHAN Credit Risk Fund - Regular Plan Growth,17.3341
2026-08-25,140610,BANDHAN Credit Risk Fund-Direct Plan-Annual IDCW,10.5805
2026-08-25,140611,BANDHAN Credit Risk Fund - Regular Plan Half Yearly IDCW,10.4151
2026-08-25,140612,BANDHAN Credit Risk Fund - Regular Plan Periodic IDCW,13.4607
2026-08-25,140613,Mahindra Manulife Low Duration Fund - Direct Plan -Growth,1888.4796
2026-08-25,140614,Mahindra Manulife Low Duration Fund - Regular Plan - Daily IDCW,999.9321
2026-08-25,140615,Mahindra Manulife Low Duration Fund - Regular Plan - Weekly IDCW,1052.3704
2026-08-25,140616,Mahindra Manulife Low Duration Fund - Regular Plan - Monthly IDCW,1116.9632
2026-08-25,140617,Mahindra Manulife Low Duration Fund - Direct Plan - Daily IDCW,1271.1124
2026-08-25,140618,Mahindra Manulife Low Duration Fund - Direct Plan - Weekly IDCW,1030.1137
2026-08-25,140619,Mahindra Manulife Low Duration Fund - Direct Plan - Monthly IDCW,1137.0751
2026-08-25,140620,Mahindra Manulife Low Duration Fund - Regular Plan - Growth,1745.1049
2026-08-25,140769,Mirae Asset Dynamic Term Fund - Direct Plan - Growth,18.8384
2026-08-25,140770,Mirae Asset Dynamic Term Fund - Direct Plan - IDCW,18.8151
2026-08-25,140771,Mirae Asset Dynamic Term Fund - Regular Plan - Growth,17.0637
2026-08-25,140772,Mirae Asset Dynamic Term Fund - Regular Plan - IDCW,17.0641
2026-08-25,140809,Groww Largecap Fund (formerly known as Indiabulls Bluechip Fund)- Direct Plan- Monthly - Income Distribution cum capital withdrawal Option (Payout & Reinvestment),23.7
2026-08-25,140810,Groww Largecap Fund (formerly known as Indiabulls Bluechip Fund)- Regular Plan- Monthly - Income Distribution cum capital withdrawal Option (Payout & Reinvestment),25.12
2026-08-25,140811,Groww Largecap Fund (formerly known as Indiabulls Bluechip Fund)- Direct Plan- Quarterly - Income Distribution cum capital withdrawal Option (Payout & Reinvestment),29.61
2026-08-25,140812,Groww Largecap Fund (formerly known as Indiabulls Bluechip Fund)- Regular Plan- Quarterly - Income Distribution cum capital withdrawal Option (Payout & Reinvestment),26.05
2026-08-25,140813,Groww Largecap Fund (formerly known as Indiabulls Bluechip Fund)- Regular Plan- Half Yearly - Income Distribution cum capital withdrawal Option (Payout & Reinvestment),26.19
2026-08-25,140814,Groww Largecap Fund (formerly known as Indiabulls Bluechip Fund)- Direct Plan- Half Yearly -Income Distribution cum capital withdrawal Option (Payout & Reinvestment),29.83
2026-08-25,140815,Groww Value Fund (formerly known as Indiabulls Value Fund)- Direct Plan- Monthly - Income Distribution cum capital withdrawal Option (Payout & Reinvestment),24.5632
2026-08-25,140816,Groww Value Fund (formerly known as Indiabulls Value Fund)- Regular Plan- Monthly - Income Distribution cum capital withdrawal Option (Payout & Reinvestment.,21.4676
2026-08-25,140817,Groww Value Fund (formerly known as Indiabulls Value Fund)- Direct Plan- Quarterly - Income Distribution cum capital withdrawal Option (Payout & Reinvestment),26.7957
2026-08-25,140818,Groww Value Fund (formerly known as Indiabulls Value Fund)- Regular Plan- Quarterly - Income Distribution cum capital withdrawal Option (Payout & Reinvestment),20.9211
2026-08-25,140819,Groww Value Fund (formerly known as Indiabulls Value Fund)- Direct Plan- Half Yearly - Income Distribution cum capital withdrawal Option (Payout & Reinvestment),26.8169
2026-08-25,140820,Groww Value Fund (formerly known as Indiabulls Value Fund)- Regular Plan- Half Yearly -Income Distribution cum capital withdrawal Option (Payout & Reinvestment),22.6593
2026-08-25,140913,UTI Liquid Fund - Direct Plan - Fortnightly IDCW,115.7613
2026-08-25,141060,Quantum Dynamic Term Fund - Regular Plan Monthly IDCW,10.4425
2026-08-25,141061,Quantum Dynamic Term Fund - Regular Plan Growth Option,22.3123
2026-08-25,141062,Quantum Diversified Equity All Cap Active FOF - Regular Plan IDCW,85.689
2026-08-25,141063,Quantum Diversified Equity All Cap Active FOF - Regular Plan Growth Option,85.907
2026-08-25,141064,Quantum Gold ETF FOF - Regular Plan Growth Option,60.5738
2026-08-25,141065,Quantum Liquid Fund - Regular Plan Daily IDCW,10.0002
2026-08-25,141066,Quantum Liquid Fund - Regular Plan Growth Option,37.3149
2026-08-25,141067,Quantum Liquid Fund - Regular Plan Monthly IDCW,10.0137
2026-08-25,141068,Quantum Value Fund - Regular Plan Growth Option,119.43
2026-08-25,141069,Quantum Value Fund - Regular Plan IDCW,119.29
2026-08-25,141070,Quantum ELSS Tax Saver Fund - Regular Plan Growth Option,118.64
2026-08-25,141071,Quantum ELSS Tax Saver Fund - Regular Plan IDCW,117.84
2026-08-25,141072,Quantum Multi Asset Active FOF - Regular Plan Growth Option,37.0718
2026-08-25,141139,Sundaram Long Term Micro Cap Tax Advantage Fund Series V Regular Plan - Growth,31.0459
2026-08-25,141140,Sundaram Long Term Micro Cap Tax Advantage Fund Series V Regular Plan - Payout of Income Distribution cum Capital Withdrawal (IDCW),29.5204
2026-08-25,141141,Sundaram Long Term Micro Cap Tax Advantage Fund Series V Direct Plan - Growth,32.0100
2026-08-25,141142,Sundaram Long Term Micro Cap Tax Advantage Fund Series V Direct Plan - Payout of Income Distribution cum Capital Withdrawal (IDCW),30.4752
2026-08-25,141223,Mahindra Manulife Multi Cap Fund - Direct Plan - IDCW,33.8687
2026-08-25,141224,Mahindra Manulife Multi Cap Fund - Regular Plan - Growth,40.1849
2026-08-25,141225,Mahindra Manulife Multi Cap Fund - Regular Plan - IDCW,27.4098
2026-08-25,141226,Mahindra Manulife Multi Cap Fund - Direct Plan -Growth,47.3240
2026-08-25,141247,Union Largecap Fund - Regular Plan - Growth Option,23.50
2026-08-25,141248,Union Largecap Fund - Direct Plan - Growth Option,25.20
2026-08-25,141249,Union Largecap Fund - Direct Plan - IDCW Option,25.20
2026-08-25,141250,Union Largecap Fund - Regular Plan - IDCW Option,23.50
2026-08-25,141375,UTI Banking & PSU Debt Fund - Direct Plan - Half-Yearly IDCW,15.8796
2026-08-25,141410,NAVI Large & Midcap Fund - Regular Half Yearly IDCW Payout,37.2909
2026-08-25,141411,Navi Large & Midcap Fund - Regular Annual IDCW payout,38.3441
2026-08-25,141414,Navi Large & Midcap Fund - Direct Annual IDCW Payout,44.7753
2026-08-25,141415,Navi Large & Midcap Fund - Direct Half Yearly IDCW Payout,44.8149
2026-08-25,141545,Axis Nifty 50 ETF,269.5779
2026-08-25,141564,Sundaram Long Term Micro Cap Tax Advantage Fund Series VI Direct Plan - Growth,30.7903
2026-08-25,141565,Sundaram Long Term Micro Cap Tax Advantage Fund Series VI Regular Plan - Growth,29.2862
2026-08-25,141566,Sundaram Long Term Micro Cap Tax Advantage Fund Series VI Regular Plan - Payout of Income Distribution cum Capital Withdrawal (IDCW),28.3033
2026-08-25,141567,Sundaram Long Term Micro Cap Tax Advantage Fund Series VI Direct Plan - Payout of Income Distribution cum Capital Withdrawal (IDCW),29.8008
2026-08-25,141586,Axis Corporate Bond Fund - Direct Plan - Daily IDCW,10.2038
2026-08-25,141587,Axis Corporate Bond Fund - Direct Plan - Weekly IDCW,10.3372
2026-08-25,141588,Axis Corporate Bond Fund - Direct Plan Growth,19.3497
2026-08-25,141589,Axis Corporate Bond Fund - Regular Plan - Daily IDCW,10.2019
2026-08-25,141590,Axis Corporate Bond Fund - Direct Plan - Monthly IDCW,10.1903
2026-08-25,141591,Axis Corporate Bond Fund - Direct Plan - Regular IDCW,15.0957
2026-08-25,141592,Axis Corporate Bond Fund - Regular Plan - Weekly IDCW,10.2170
2026-08-25,141593,Axis Corporate Bond Fund - Regular Plan Growth,18.1594
2026-08-25,141594,Axis Corporate Bond Fund - Regular Plan - Monthly IDCW,10.1875
2026-08-25,141595,Axis Corporate Bond Fund - Regular Plan - Regular IDCW,14.0299
2026-08-25,141596,ICICI Prudential Nifty 100 Low Volatility 30 ETF,22.4421
2026-08-25,141605,Edelweiss Arbitrage Fund - Monthly  Regular Plan - IDCW Option,16.8091
2026-08-25,141606,Edelweiss Arbitrage Fund - Monthly  Direct Plan - IDCW Option,18.2883
2026-08-25,141642,Axis Balanced Advantage Fund - Direct Plan - Growth,24.53
2026-08-25,141643,Axis Balanced Advantage Fund - Direct Plan - IDCW,14.30
2026-08-25,141644,Axis Balanced Advantage Fund - Regular Plan - Growth,21.73
2026-08-25,141645,Axis Balanced Advantage Fund - Regular Plan - IDCW,13.08
2026-08-25,141665,UTI Nifty Next 50 Exchange Traded Fund,80.5276
2026-08-25,141766,Edelweiss Balanced Advantage Fund - Regular Plan - Monthly - IDCW Option,20.94
2026-08-25,141767,Edelweiss Balanced Advantage Fund - Direct Plan - Monthly - IDCW Option,26.67
2026-08-25,141768,UTI Liquid Fund - Direct Plan - Flexi IDCW,168.1902
2026-08-25,141807,Groww ELSS Tax Saver Fund (formerly known as Indiabulls Tax Savings Fund)- Direct Plan- Dividend Option,22.26
2026-08-25,141808,Groww ELSS Tax Saver Fund (formerly known as Indiabulls Tax Savings Fund)- Direct Plan- Growth Option,22.3
2026-08-25,141810,Groww ELSS Tax Saver Fund (formerly known as Indiabulls Tax Savings Fund)- Regular Plan- - Income Distribution cum capital withdrawal Option (Payout),19.34
2026-08-25,141839,ICICI Prudential BSE Sensex Index Fund - Cumulative Option,25.5962
2026-08-25,141840,ICICI Prudential BSE Sensex Index Fund - IDCW Option,25.5969
2026-08-25,141841,ICICI Prudential BSE Sensex Index Fund - Direct Plan - Cumulative Option,25.9497
2026-08-25,141842,ICICI Prudential BSE Sensex Index Fund - Direct Plan - IDCW Option,25.9494
2026-08-25,141862,Groww ELSS Tax Saver Fund (formerly known as Indiabulls Tax Savings Fund)-Regular Plan-Growth Option,19.34
2026-08-25,141875,DSP Nifty 50 Equal Weight Index Fund - Regular Plan - Growth,26.6545
2026-08-25,141876,DSP Nifty 50 Equal Weight Index Fund - Regular Plan - IDCW,21.8661
2026-08-25,141877,DSP Nifty 50 Equal Weight Index Fund - Direct Plan - Growth,27.8479
2026-08-25,141878,DSP Nifty 50 Equal Weight Index Fund - Direct Plan - IDCW,22.7879
2026-08-25,141921,HDFC Housing Opportunities Fund  - IDCW Option - Direct Plan,17.386
2026-08-25,141922,HDFC Housing Opportunities Fund  - IDCW Option,15.563
2026-08-25,141923,HDFC Housing Opportunities Fund  - Growth Option,21.71
2026-08-25,141924,HDFC Housing Opportunities Fund  - Growth Option - Direct Plan,23.711
2026-08-25,141925,Axis Flexi Cap Fund - Direct Plan - Growth,32.01
2026-08-25,141926,Axis Flexi Cap fund - Direct Plan - IDCW,19.81
2026-08-25,141927,Axis Flexi Cap Fund - Regular Plan - Growth,28.68
2026-08-25,141928,Axis Flexi Cap Fund - Regular Plan - IDCW,17.92
2026-08-25,141933,Edelweiss Equity Savings Fund - Direct Plan - Monthly - IDCW Option,16.9562
2026-08-25,141934,Edelweiss Equity Savings Fund - Regular Plan - Monthly - IDCW Option,14.6721
2026-08-25,141949,BANK OF INDIA Mid Cap Tax Fund Series 1 Direct Plan IDCW,31.39
2026-08-25,141950,BANK OF INDIA Mid Cap Tax Fund Series 1 Direct Plan Growth,31.39
2026-08-25,141951,BANK OF INDIA Mid Cap Tax Fund Series 1 Regular Plan IDCW,30.24
2026-08-25,141952,BANK OF INDIA Mid Cap Tax Fund Series 1 Regular Plan Growth,30.24
2026-08-25,141957,BHARAT 22 ETF,115.8293
2026-08-25,141958,UTI Ultra Short to Short Term Fund - Direct Plan - Annual IDCW,1433.6222
2026-08-25,142035,Union Balanced Advantage Fund - Regular Plan - Growth Option,20.80
2026-08-25,142036,Union Balanced Advantage Fund - Regular Plan - IDCW Option,18.90
2026-08-25,142037,Union Balanced Advantage Fund - Direct Plan - IDCW Option,20.79
2026-08-25,142038,Union Balanced Advantage Fund - Direct Plan - Growth Option,22.70
2026-08-25,142107,Mahindra Manulife Mid Cap Fund- Regular Plan - IDCW,27.3446
2026-08-25,142108,Mahindra Manulife Mid Cap Fund - Direct Plan - IDCW,32.4656
2026-08-25,142109,Mahindra Manulife Mid Cap Fund - Regular Plan - Growth,37.2463
2026-08-25,142110,Mahindra Manulife Mid Cap Fund - Direct Plan -Growth,42.7898
2026-08-25,142133,ICICI Prudential Long Term Wealth Enhancement Fund - Direct Plan IDCW Option,31.36
2026-08-25,142134,ICICI Prudential Long Term Wealth Enhancement Fund - Direct Plan Cumulative Option,31.36
2026-08-25,142135,ICICI Prudential Long Term Wealth Enhancement Fund - IDCW Option,29.95
2026-08-25,142136,ICICI Prudential Long Term Wealth Enhancement Fund - Cumulative Option,29.95
2026-08-25,142137,SBI Long Term Advantage Fund - Series V - Regular Plan - Income Distribution cum Capital Withdrawal Option (IDCW),32.5714
2026-08-25,142138,SBI Long Term Advantage Fund - Series V - Direct Plan - Growth,33.9908
2026-08-25,142139,SBI Long Term Advantage Fund Series V - Regular Plan - Growth,32.5850
2026-08-25,142140,SBI Long Term Advantage Fund - Series V - Direct Plan - Income Distribution cum Capital Withdrawal Option (IDCW),33.9921
2026-08-25,142151,Sundaram Long Term Tax Advantage Fund Series III Regular Plan - Growth,32.0000
2026-08-25,142152,Sundaram Long Term Tax Advantage Fund Series III Regular Plan - Payout of Income Distribution cum Capital Withdrawal (IDCW),30.4204
2026-08-25,142153,Sundaram Long Term Tax Advantage Fund Series III Direct Plan - Growth,33.1153
2026-08-25,142154,Sundaram Long Term Tax Advantage Fund Series III Direct Plan - Payout of Income Distribution cum Capital Withdrawal (IDCW),31.5257
2026-08-25,142249,UTI Money Market Fund - Direct Plan - Quarterly IDCW,1784.115
2026-08-25,142278,DSP Arbitrage Fund - Regular - IDCW - Monthly,11.8920
2026-08-25,142279,DSP Arbitrage Fund - Direct - IDCW,12.6910
2026-08-25,142280,DSP Arbitrage Fund - Regular - IDCW,12.0520
2026-08-25,142281,DSP Arbitrage Fund - Direct - IDCW - Monthly,13.2960
2026-08-25,142282,DSP Arbitrage Fund - Regular - Growth,15.9400
2026-08-25,142283,DSP Arbitrage Fund - Direct - Growth,16.8130
2026-08-25,142383,Edelweiss Recently Listed IPO Fund Regular Plan Growth,32.9846
2026-08-25,142384,Edelweiss Recently Listed IPO Fund REGULAR PLAN - IDCW Option,32.9828
2026-08-25,142386,Edelweiss Recently Listed IPO Fund - DIRECT PLAN - IDCW Option,35.8115
2026-08-25,142388,Edelweiss Recently Listed IPO Fund Direct Plan Growth,35.8115
2026-08-25,142589,DSP NIFTY 1D Rate Liquid ETF,1000.0000
2026-08-25,142640,Mirae Asset Short Term Fund - Direct Plan - IDCW,17.7537
2026-08-25,142641,Mirae Asset Short Term Fund - Direct Plan - Growth,17.8037
2026-08-25,142642,Mirae Asset Short Term Fund - Regular Plan - Growth,16.6219
2026-08-25,142643,Mirae Asset Short Term Fund - Regular Plan - IDCW,16.6255
2026-08-25,143077,Sundaram Long Term Tax Advantage Fund Series IV Regular Plan - Growth,37.3411
2026-08-25,143078,Sundaram Long Term Tax Advantage Fund Series IV Regular Plan - Payout of Income Distribution cum Capital Withdrawal (IDCW),34.2665
2026-08-25,143079,Sundaram Long Term Tax Advantage Fund Series IV Direct Plan - Growth,38.1642
2026-08-25,143080,Sundaram Long Term Tax Advantage Fund Series IV Direct Plan - Payout of Income Distribution cum Capital Withdrawal (IDCW),35.0644
2026-08-25,143125,UTI Money Market Fund - Direct Plan - Flexi IDCW,1723.5308
2026-08-25,143162,Navi Aggressive Hybrid Fund - Regular Plan - Growth,22.4322
2026-08-25,143163,Navi Aggressive Hybrid Fund - Direct Plan - Growth,26.0588
2026-08-25,143166,Navi Aggressive Hybrid Fund - Regular Plan Normal IDCW,22.4335
2026-08-25,143167,Navi Aggressive Hybrid Fund - Direct Plan Normal IDCW,25.9388
2026-08-25,143176,SBI Long Term Advantage Fund - Series VI - Regular Plan - Growth,31.2282
2026-08-25,143177,SBI Long Term Advantage Fund - Series VI - Regular Plan - Income Distribution cum Capital Withdrawal Option (IDCW),31.2348
2026-08-25,143178,SBI Long Term Advantage Fund - Series VI - Direct Plan - Growth,32.5565
2026-08-25,143179,SBI Long Term Advantage Fund - Series VI - Direct Plan - Income Distribution cum Capital Withdrawal Option (IDCW),32.5288
2026-08-25,143185,Navi Aggressive Hybrid Fund - Direct Plan Quarterly IDCW,25.9207
2026-08-25,143186,Navi Aggressive Hybrid Fund - Direct Plan Half Yearly IDCW,25.9136
2026-08-25,143189,Navi Aggressive Hybrid Fund - Regular Plan Half Yearly IDCW,22.4468
2026-08-25,143192,Navi Aggressive Hybrid Fund - Direct Plan Monthly IDCW,25.9376
2026-08-25,143195,Navi Aggressive Hybrid Fund - Direct Plan Annual IDCW,25.9424
2026-08-25,143197,Navi Aggressive Hybrid Fund - Regular Plan Monthly IDCW,22.4316
2026-08-25,143198,Navi Aggressive Hybrid Fund - Regular Plan Annual IDCW,22.4296
2026-08-25,143199,Navi Aggressive Hybrid Fund - Regular Plan Quarterly IDCW,22.4324
2026-08-25,143239,Union Corporate Bond Fund - Regular Plan - Growth Option,16.1148
2026-08-25,143240,Union Corporate Bond Fund - Regular Plan - IDCW Option,16.1148
2026-08-25,143241,Union Corporate Bond Fund - Direct Plan - Growth Option,16.5376
2026-08-25,143242,Union Corporate Bond Fund - Direct Plan - IDCW Option,16.5376
2026-08-25,143247,ICICI Prudential BSE 500 ETF,39.9143
2026-08-25,143258,BANDHAN Equity Savings Fund-Direct Plan -Quarterly IDCW,13.426
2026-08-25,143259,BANDHAN Equity Savings Fund- Regular Plan -Quarterly IDCW,12.798
2026-08-25,143260,Parag Parikh Liquid Fund- Regular Plan- Growth,1552.8043
2026-08-25,143261,Parag Parikh Liquid Fund- Regular Plan- Monthly IDCW,1008.0307
2026-08-25,143262,Parag Parikh Liquid Fund- Direct Plan- Monthly IDCW,1008.1059
2026-08-25,143263,Parag Parikh Liquid Fund- Direct Plan- Daily Reinvestment of IDCW,1000.5405
2026-08-25,143264,Parag Parikh Liquid Fund- Regular Plan- Daily Reinvestment of IDCW,1000.5404
2026-08-25,143265,Parag Parikh Liquid Fund- Direct Plan- Weekly Reinvestment of IDCW,1001.1856
2026-08-25,143266,Parag Parikh Liquid Fund- Regular Plan- Weekly Reinvestment of IDCW,1001.1833
2026-08-25,143269,Parag Parikh Liquid Fund- Direct Plan- Growth,1565.8066
2026-08-25,143340,UTI Nifty Next 50 Index Fund - Regular Plan - Growth Option,26.5901
2026-08-25,143341,UTI Nifty Next 50 Index Fund - Direct Plan - Growth Option,27.6967
2026-08-25,143366,Bandhan Short Term Fund - Regular Plan - Quarterly IDCW,10.8740
2026-08-25,143367,Bandhan Short Term Fund - Direct Plan - Quarterly IDCW,10.8105
2026-08-25,143368,Bandhan Short Term Fund - Regular Plan - Annual IDCW,10.8990
2026-08-25,143369,Bandhan Short Term Fund - Direct Plan - Annual IDCW,11.1336
2026-08-25,143464,Baroda BNP Paribas Ultra Short Term Fund - Regular Plan - Growth,1657.1136
2026-08-25,143493,Nippon India Ultra Short Term Fund- Growth Option,4317.6064
2026-08-25,143494,Nippon India Ultra Short Term Fund- Direct Plan- Growth Option,4801.1687
2026-08-25,143495,NIPPON INDIA ULTRA SHORT TERM FUND - WEEKLY IDCW OPTION,1092.6856
2026-08-25,143496,NIPPON INDIA ULTRA SHORT TERM FUND - QUARTERLY IDCW Option,1020.3253
2026-08-25,143497,NIPPON INDIA ULTRA SHORT TERM FUND - DIRECT Plan - MONTHLY IDCW Option,1038.1607
2026-08-25,143498,NIPPON INDIA ULTRA SHORT TERM FUND - DAILY IDCW OPTION,1114.1500
2026-08-25,143499,NIPPON INDIA ULTRA SHORT TERM FUND - MONTHLY IDCW Option,1027.2859
2026-08-25,143500,NIPPON INDIA ULTRA SHORT TERM FUND - DIRECT Plan - DAILY IDCW OPTION,1114.1500
2026-08-25,143501,NIPPON INDIA ULTRA SHORT TERM FUND - DIRECT Plan - WEEKLY IDCW OPTION,1092.7723
2026-08-25,143502,NIPPON INDIA ULTRA SHORT TERM FUND - DIRECT Plan - QUARTERLY IDCW Option,1028.0834
2026-08-25,143507,Baroda BNP Paribas Ultra Short Term Fund - Regular Plan - Daily IDCW,1006.2583
2026-08-25,143508,Baroda BNP Paribas Ultra Short Term Fund- Direct Plan- Growth,1681.9695
2026-08-25,143509,Baroda BNP Paribas Ultra Short Term Fund- Direct Plan- Weekly IDCW,1001.1150
2026-08-25,143510,Baroda BNP Paribas Ultra Short Term Fund- Regular Plan- Weekly IDCW,1001.1151
2026-08-25,143511,Baroda BNP Paribas Ultra Short Term Fund- Direct Plan- Daily IDCW,1007.0751
2026-08-25,143532,Invesco India Aggressive Hybrid Fund - Direct Plan - IDCW (Payout / Reinvestment),24.3603
2026-08-25,143534,Invesco India Aggressive Hybrid Fund - Regular Plan - IDCW (Payout / Reinvestment),21.5229
2026-08-25,143536,Invesco India Aggressive Hybrid Fund - Regular Plan - Growth,21.5218
2026-08-25,143537,Invesco India Aggressive Hybrid Fund - Direct Plan - Growth,24.4664
2026-08-25,143603,JM Ultra Short to Short Term Fund (Regular) - Daily IDCW,10.8196
2026-08-25,143604,JM Ultra Short to Short Term Fund (Direct) - Daily IDCW,10.85
2026-08-25,143605,JM Ultra Short to Short Term Fund (Regular) - Fortnightly IDCW,11.08
2026-08-25,143606,JM Ultra Short to Short Term Fund (Direct) - Fortnightly IDCW,11.12
2026-08-25,143607,JM Ultra Short to Short Term Fund (Regular) - Growth Option,39.6021
2026-08-25,143608,JM Ultra Short to Short Term Fund (Regular) - Weekly IDCW,11.41
2026-08-25,143609,JM Ultra Short to Short Term Fund - Bonus Option - Principal Units,23.8593
2026-08-25,143610,JM Ultra Short to Short Term Fund (Direct) - Bonus Option - Principal Units,24.6314
2026-08-25,143611,JM Ultra Short to Short Term Fund (Direct) - Weekly IDCW,11.45
2026-08-25,143612,JM Ultra Short to Short Term Fund (Direct) - Growth,40.9093
2026-08-25,143613,BANK OF INDIA Arbitrage Fund Direct Plan Annual IDCW,13.9300
2026-08-25,143614,BANK OF INDIA Arbitrage Fund Direct Plan Growth,15.4138
2026-08-25,143615,BANK OF INDIA Arbitrage Fund Direct Plan Monthly IDCW,13.8871
2026-08-25,143616,BANK OF INDIA Arbitrage Fund Direct Plan Quarterly IDCW,14.6414
2026-08-25,143617,BANK OF INDIA Arbitrage Fund Regular Plan IDCW Annual IDCW,13.5636
2026-08-25,143618,BANK OF INDIA Arbitrage Fund Regular Plan IDCW Monthly IDCW,13.3027
2026-08-25,143619,BANK OF INDIA Arbitrage Fund Regular Plan IDCW Quarterly IDCW,14.0434
2026-08-25,143620,BANK OF INDIA Arbitrage Fund Regular Growth,14.6784
2026-08-25,143701,NIPPON INDIA NIVESH LAKSHYA LONG TERM FUND - DIRECT Plan - HALF YEARLY IDCW Option,12.5351
2026-08-25,143702,Nippon India Nivesh Lakshya Long Term Fund- Growth Option,18.2756
2026-08-25,143703,NIPPON INDIA NIVESH LAKSHYA LONG TERM FUND - ANNUAL IDCW Option,12.0315
2026-08-25,143704,Nippon India Nivesh Lakshya Long Term Fund- Direct Plan- Growth Option,18.7515
2026-08-25,143705,NIPPON INDIA NIVESH LAKSHYA LONG TERM FUND - DIRECT Plan - MONTHLY IDCW Option,11.7320
2026-08-25,143706,NIPPON INDIA NIVESH LAKSHYA LONG TERM FUND - IDCW Option,18.2744
2026-08-25,143707,NIPPON INDIA NIVESH LAKSHYA LONG TERM FUND - DIRECT Plan - IDCW Option,18.7517
2026-08-25,143708,NIPPON INDIA NIVESH LAKSHYA LONG TERM FUND - QUARTERLY IDCW Option,11.6703
2026-08-25,143709,NIPPON INDIA NIVESH LAKSHYA LONG TERM  FUND - DIRECT Plan - QUARTERLY IDCW Option,11.6871
2026-08-25,143710,NIPPON INDIA NIVESH LAKSHYA LONG TERM FUND LONG DURATION - HALF YEARLY IDCW Option,12.4846
2026-08-25,143711,NIPPON INDIA NIVESH LAKSHYA LONG TERM FUND - DIRECT Plan - ANNUAL IDCW Option,12.0562
2026-08-25,143712,NIPPON INDIA NIVESH LAKSHYA LONG TERM FUND - MONTHLY IDCW Option,11.7178
2026-08-25,143783,Mirae Asset Healthcare Fund - Direct Plan - Growth,51.792
2026-08-25,143784,Mirae Asset Healthcare Fund - Direct Plan - IDCW,31.195
2026-08-25,143785,Mirae Asset Healthcare Fund - Regular Plan - Growth,45.723
2026-08-25,143786,Mirae Asset Healthcare Fund - Regular Plan - IDCW,26.917
2026-08-25,143787,Navi Flexi Cap Fund - Regular Plan - Growth,25.2789
2026-08-25,143788,NAVI FLEXI CAP FUND - REGULAR PLAN QUARTERLY IDCW PAYOUT,25.2762
2026-08-25,143789,NAVI FLEXI CAP FUND - REGULAR PLAN NORMAL IDCW PAYOUT,25.2827
2026-08-25,143790,NAVI FLEXI CAP FUND - REGULAR PLAN MONTHLY IDCW PAYOUT,25.289
2026-08-25,143791,NAVI FLEXI CAP FUND - DIRECT PLAN QUARTERLY IDCW PAYOUT,29.4075
2026-08-25,143792,NAVI FLEXI CAP FUND - DIRECT PLAN NORMAL IDCW PAYOUT,29.3459
2026-08-25,143793,Navi Flexi Cap Fund - Direct Plan - Growth,29.6116
2026-08-25,143794,NAVI FLEXI CAP FUND - REGULAR PLAN HALF YEARLY IDCW PAYOUT,25.283
2026-08-25,143795,NAVI FLEXI CAP FUND - REGULAR PLAN ANNUAL IDCW PAYOUT,25.2797
2026-08-25,143796,NAVI FLEXI CAP FUND - DIRECT PLAN MONTHLY IDCW PAYOUT,29.378
2026-08-25,143797,NAVI FLEXI CAP FUND - DIRECT PLAN HALF YEARLY IDCW PAYOUT,29.3842
2026-08-25,143798,NAVI FLEXI CAP FUND - DIRECT PLAN ANNUAL IDCW PAYOUT,29.3834
2026-08-25,143873,ICICI Prudential Healthcare Fund - Cumulative Option,43.51
2026-08-25,143874,ICICI Prudential Healthcare Fund - Direct Plan - Cumulative Option,47.29
2026-08-25,143875,ICICI Prudential Healthcare Fund - IDCW Option,23.37
2026-08-25,143876,ICICI Prudential Healthcare Fund - Direct Plan - IDCW Option,26.55
2026-08-25,143903,ICICI Prudential BHARAT 22 FOF - Direct Plan Cumulative Option,33.9409
2026-08-25,143904,ICICI Prudential BHARAT 22 FOF - Cumulative Option,33.9287
2026-08-25,144171,BANDHAN ULTRA SHORT TERM FUND - REGULAR PLAN GROWTH,16.3323
2026-08-25,144172,BANDHAN ULTRA SHORT TERM FUND - REGULAR PLAN DAILY IDCW,10.0519
2026-08-25,144173,BANDHAN ULTRA SHORT TERM FUND - DIRECT PLAN GROWTH,16.5686
2026-08-25,144174,BANDHAN ULTRA SHORT TERM FUND - DIRECT PLAN-DAILY IDCW,10.0367
2026-08-25,144189,BANDHAN ULTRA SHORT TERM FUND - REGULAR PLAN WEEKLY IDCW,10.0803
2026-08-25,144190,BANDHAN ULTRA SHORT TERM FUND - REGULAR PLAN QUARTERLY IDCW,10.5985
2026-08-25,144191,BANDHAN ULTRA SHORT TERM FUND - DIRECT PLAN- WEEKLY IDCW,10.0788
2026-08-25,144192,BANDHAN ULTRA SHORT TERM FUND - DIRECT PLAN QUARTERLY IDCW,10.6183
2026-08-25,144193,BANDHAN ULTRA SHORT TERM FUND - REGULAR PLAN PERIODIC IDCW,13.7460
2026-08-25,144194,BANDHAN ULTRA SHORT TERM FUND - REGULAR PLAN MONTHLY IDCW,10.0865
2026-08-25,144195,BANDHAN ULTRA SHORT TERM FUND - DIRECT PLAN -MONTHLY IDCW,10.0822
2026-08-25,144196,BANDHAN ULTRA SHORT TERM FUND - DIRECT PLAN PERIODIC IDCW,14.0876
2026-08-25,144309,BANK OF INDIA Midcap Tax Fund Series 2 Direct Plan IDCW,36.59
2026-08-25,144310,Union Equity Savings Fund - Regular Plan - Growth Option,17.53
2026-08-25,144311,Union Equity Savings Fund - Regular Plan - IDCW Option,16.30
2026-08-25,144312,Union Equity Savings Fund - Direct Plan - Growth Option,18.33
2026-08-25,144313,Union Equity Savings Fund - Direct Plan - IDCW Option,17.10
2026-08-25,144314,BANK OF INDIA Midcap Tax Fund Series 2 Regular Plan Growth,35.13
2026-08-25,144315,BANK OF INDIA Midcap Tax Fund Series 2 Direct Plan Growth,36.59
2026-08-25,144316,BANK OF INDIA Midcap Tax Fund Series 2 Regular Plan IDCW,35.14
2026-08-25,144333,Kotak Balanced Advantage Fund -Regular Plan - Growth Option,21.349
2026-08-25,144334,Kotak Balanced Advantage Fund -Direct Plan  -Payout of Income Distribution cum capital withdrawal option,23.441
2026-08-25,144335,Kotak Balanced Advantage Fund  - Direct Plan -Growth Option,23.441
2026-08-25,144336,Kotak Balanced Advantage Fund - Regular Plan - Payout of Income Distribution cum capital withdrawal option Option,21.349
2026-08-25,144337,UTI Corporate Bond Fund - Regular Plan - Annual IDCW,13.5018
2026-08-25,144338,UTI Corporate Bond Fund - Regular Plan - Discontinued Flexi IDCW,15.3336
2026-08-25,144339,UTI Corporate Bond Fund - Direct Plan - Growth Option,17.856
2026-08-25,144340,UTI Corporate Bond Fund - Direct Plan - Half-Yearly IDCW,15.2575
2026-08-25,144341,UTI Corporate Bond Fund - Direct Plan - Discontinued Flexi IDCW,15.738
2026-08-25,144342,UTI Corporate Bond Fund - Regular Plan - Discontinued Quarterly IDCW,15.1423
2026-08-25,144343,UTI Corporate Bond Fund - Regular Plan - Half-Yearly IDCW,14.7132
2026-08-25,144344,UTI Corporate Bond Fund - Direct Plan - Annual IDCW,13.8959
2026-08-25,144345,UTI Corporate Bond Fund - Regular Plan - Growth Option,17.4137
2026-08-25,144346,UTI Corporate Bond Fund - Direct Plan - Discontinued Quarterly IDCW,15.6169
2026-08-25,144393,Axis Aggressive Hybrid Fund - Regular Plan - Growth Option,21.07
2026-08-25,144394,Axis Aggressive Hybrid Fund - Direct Plan - Growth Option,23.38
2026-08-25,144395,Axis Aggressive Hybrid Fund - Direct Plan - Regular IDCW,15.76
2026-08-25,144396,Axis Aggressive Hybrid Fund - Regular Plan - Regular IDCW,14.16
2026-08-25,144397,Axis Aggressive Hybrid Fund - Direct Plan - Monthly IDCW,15.74
2026-08-25,144398,Axis Aggressive Hybrid Fund - Direct Plan - Quarterly IDCW,15.01
2026-08-25,144399,Axis Aggressive Hybrid Fund - Regular Plan - Monthly IDCW,12.79
2026-08-25,144400,Axis Aggressive Hybrid Fund - Regular Plan - Quarterly IDCW,12.99
2026-08-25,144401,Mahindra Manulife Dynamic Bond Fund - Regular Plan - Growth,15.0187
2026-08-25,144402,Mahindra Manulife Dynamic Bond Fund - Regular Plan - Quarterly IDCW,10.3894
2026-08-25,144403,Mahindra Manulife Dynamic Bond Fund - Direct Plan - Growth,16.4376
2026-08-25,144404,Mahindra Manulife Dynamic Bond Fund - Direct Plan - Quarterly IDCW,11.6011
2026-08-25,144405,Mahindra Manulife Dynamic Bond Fund - Regular Plan - IDCW,11.6399
2026-08-25,144406,Mahindra Manulife Dynamic Bond Fund - Direct Plan - IDCW,12.9440
2026-08-25,144461,Franklin India Equity Savings Fund- Growth,17.0814
2026-08-25,144462,Franklin India Equity Savings Fund - Direct - IDCW,14.4215
2026-08-25,144463,Franklin India Equity Savings Fund - Quarterly - IDCW,12.2385
2026-08-25,144464,Franklin India Equity Savings Fund - Monthly - IDCW,13.2062
2026-08-25,144465,Franklin India Equity Savings Fund - Direct - Monthly - IDCW,13.6995
2026-08-25,144466,Franklin India Equity Savings Fund- Growth Direct,18.8323
2026-08-25,144467,Franklin India Equity Savings Fund - Direct - Quarterly - IDCW,13.8701
2026-08-25,144468,Franklin India Equity Savings Fund - IDCW,13.2493
2026-08-25,144475,UTI Liquid Fund - Regular Plan - Half-Yearly IDCW,141.1762
2026-08-25,144484,UTI Equity Savings Fund - Regular Plan - Growth Option,19.0355
2026-08-25,144485,UTI Equity Savings Fund - Regular Plan - IDCW,19.0355
2026-08-25,144486,UTI Equity Savings Fund - Regular Plan - Monthly IDCW,19.0356
2026-08-25,144487,UTI Equity Savings Fund - Regular Plan - Quarterly IDCW,19.0354
2026-08-25,144488,UTI Equity Savings Fund - Direct Plan - Quarterly IDCW,20.4722
2026-08-25,144489,UTI Equity Savings Fund - Direct Plan - Monthly IDCW,20.4734
2026-08-25,144490,UTI Equity Savings Fund - Direct Plan - Growth Option,20.4723
2026-08-25,144491,UTI Equity Savings Fund - Direct Plan - IDCW,20.4722
2026-08-25,144543,TATA Flexi Cap Fund Direct Plan - Reinvestment of Income Distribution cum capital withdrawal option,25.8822
2026-08-25,144544,TATA Flexi Cap Fund Regular Plan - Payout of Income Distribution cum capital withdrawal option,22.8842
2026-08-25,144545,TATA Flexi Cap Fund Regular Plan - Reinvestment of Income Distribution cum capital withdrawal option,22.8842
2026-08-25,144546,Tata Flexi Cap Fund-Direct Plan-Growth,26.8613
2026-08-25,144547,TATA Flexi Cap Fund - Direct Plan - Payout of Income Distribution cum capital withdrawal option,25.8822
2026-08-25,144548,Tata Flexi Cap Fund -Regular Plan-Growth,23.8607
2026-08-25,144587,ICICI Prudential Nifty Next 50 ETF,78.6856
2026-08-25,144644,DSP Corporate Bond Fund - Regular - Growth,17.0749
2026-08-25,144645,DSP Corporate Bond Fund - Regular - IDCW - Monthly,10.6357
2026-08-25,144646,DSP Corporate Bond Fund - Direct - Growth,17.4228
2026-08-25,144647,DSP Corporate Bond Fund - Direct - IDCW,11.5802
2026-08-25,144648,DSP Corporate Bond Fund - Direct - IDCW - Quarterly,11.5076
2026-08-25,144649,DSP Corporate Bond Fund - Regular - IDCW - Quarterly,10.8460
2026-08-25,144650,DSP Corporate Bond Fund - Regular - IDCW,11.5454
2026-08-25,144651,DSP Corporate Bond Fund - Direct - IDCW - Monthly,10.6624
2026-08-25,144753,Axis Ultra Short Duration Fund - Direct Plan - Daily IDCW,10.0338
2026-08-25,144754,Axis Ultra Short Duration Fund - Direct Plan Growth,16.8536
2026-08-25,144755,Axis Ultra Short Duration Fund - Direct Plan - Monthly IDCW,10.0156
2026-08-25,144756,Axis Ultra Short Duration Fund - Direct Plan - Regular IDCW,16.8549
2026-08-25,144757,Axis Ultra Short Duration Fund - Direct Plan - Weekly IDCW,10.0540
2026-08-25,144758,Axis Ultra Short Duration Fund - Regular Plan - Daily IDCW,10.0689
2026-08-25,144759,Axis Ultra Short Duration Fund - Regular Plan Growth,15.7344
2026-08-25,144760,Axis Ultra Short Duration Fund - Regular Plan - Monthly IDCW,10.0261
2026-08-25,144761,Axis Ultra Short Duration Fund - Regular Plan - Regular IDCW,15.7343
2026-08-25,144762,Axis Ultra Short Duration Fund - Regular Plan - Weekly IDCW,10.0709
2026-08-25,144834,Sundaram Services Fund Regular Plan - Reinvestment of Income Distribution cum Capital Withdrawal (IDCW),22.2801
2026-08-25,144835,Sundaram Services Fund Direct Plan - Growth,41.0838
2026-08-25,144836,Sundaram Services Fund Direct Plan - Payout of Income Distribution cum Capital Withdrawal (IDCW),24.4686
2026-08-25,144837,Sundaram Services Fund Direct Plan - Reinvestment of Income Distribution cum Capital Withdrawal (IDCW),24.4686
2026-08-25,144838,Sundaram Services Fund Regular Plan - Growth,37.4801
2026-08-25,144839,Sundaram Services Fund Regular Plan - Payout of Income Distribution cum Capital Withdrawal (IDCW),22.2801
2026-08-25,144902,Shriram Flexi Cap Fund - Regular Growth,20.0181
2026-08-25,144903,Shriram Flexi Cap Fund - Regular-IDCW,20.0109
2026-08-25,144905,Shriram Flexi Cap Fund - Direct Growth,22.9987
2026-08-25,144906,Shriram Flexi Cap Fund - Direct-IDCW,22.7675
2026-08-25,144916,SBI BSE Sensex Next 50 ETF,969.3592
2026-08-25,144947,ICICI Prudential BSE Liquid Rate ETF - IDCW,1000.0000
2026-08-25,145034,HDFC Ultra Short Term Fund - Direct Plan-Growth Option,16.6352
2026-08-25,145035,HDFC Ultra Short Term Fund - Direct Plan-Weekly IDCW Option,10.0533
2026-08-25,145036,HDFC Ultra Short Term Fund - Direct Plan-Monthly IDCW Option,10.1008
2026-08-25,145037,HDFC Ultra Short Term Fund - Monthly IDCW Option,10.1983
2026-08-25,145038,HDFC Ultra Short Term Fund - Weekly IDCW Option,10.0532
2026-08-25,145039,HDFC Ultra Short Term Fund - Direct Plan-Daily IDCW Option,10.092
2026-08-25,145040,HDFC Ultra Short Term Fund - Growth Option,16.2194
2026-08-25,145041,HDFC Ultra Short Term Fund - Daily IDCW Option,10.103
2026-08-25,145042,Sundaram Money Market Fund Regular Plan - Growth,16.1174
2026-08-25,145044,Sundaram Money Market Fund Regular Plan- Income Distribution cum Capital Withdrawal (IDCW),11.3801
2026-08-25,145049,Sundaram Money Market Fund Regular Plan -Income Distribution cum Capital Withdrawal(IDCW),11.3801
2026-08-25,145050,Sundaram Money Market Fund Direct Plan - Growth,16.2534
2026-08-25,145051,Sundaram Money Market Fund Direct Plan - Income Distribution cum Capital Withdrawal (IDCW),11.4279
2026-08-25,145056,Sundaram Money Market Fund Direct Plan - Income Distribution cum Capital Withdrawal(IDCW),11.4279
2026-08-25,145075,ICICI Prudential Manufacturing Fund - Direct Plan - Cumulative Option,43.47
2026-08-25,145076,ICICI Prudential Manufacturing Fund - Direct Plan - IDCW Option,25.87
2026-08-25,145077,ICICI Prudential Manufacturing Fund - Cumulative Option,39.92
2026-08-25,145078,ICICI Prudential Manufacturing Fund - IDCW Option,22.86
2026-08-25,145109,Axis Large & Mid Cap Fund - Direct Plan - IDCW,26.51
2026-08-25,145110,Axis Large & Mid Cap Fund - Direct Plan - Growth,39.51
2026-08-25,145111,Axis Large & Mid Cap Fund - Regular Plan - IDCW,20.67
2026-08-25,145112,Axis Large & Mid Cap Fund - Regular Plan - Growth,35.44
2026-08-25,145137,Invesco India Small Cap Fund - Direct Plan - Growth,54.55
2026-08-25,145138,Invesco India Small Cap Fund - Direct Plan - IDCW (Payout / Reinvestment),40.52
2026-08-25,145139,Invesco India Small Cap Fund - Regular Plan - Growth,48.54
2026-08-25,145140,Invesco India Small Cap Fund - Regular Plan - IDCW (Payout / Reinvestment),34.72
2026-08-25,145205,TATA SmallCap Fund Regular Plan - Payout of Income Distribution cum capital withdrawal option,37.5802
2026-08-25,145206,Tata Small Cap Fund-Direct Plan-Growth,44.5185
2026-08-25,145207,TATA SmallCap Fund - Direct Plan - Payout of Income Distribution cum capital withdrawal option,43.0106
2026-08-25,145208,Tata Small Cap Fund-Regular Plan-Growth,39.0824
2026-08-25,145209,TATA Small Cap Fund Direct Plan - Reinvestment of Income Distribution cum capital withdrawal option,43.0106
2026-08-25,145210,TATA Small Cap Fund Regular Plan - Reinvestment of Income Distribution cum capital withdrawal option,37.5802
2026-08-25,145287,UTI Floating Interest Rates Fund - Regular Plan  - Growth Option,1597.4891
2026-08-25,145288,UTI Floating Interest Rates Fund - Regular Plan - Half-Yearly IDCW,1410.8266
2026-08-25,145289,UTI Floating Interest Rates Fund - Regular Plan - Annual IDCW,1517.1211
2026-08-25,145290,UTI Floating Interest Rates Fund - Direct Plan - Quarterly IDCW,1430.5681
2026-08-25,145291,UTI Floating Interest Rates Fund - Direct Plan - Flexi IDCW,1582.5426
2026-08-25,145292,UTI Floating Interest Rates Fund - Regular Plan - Flexi IDCW,1460.3872
2026-08-25,145293,UTI Floating Interest Rates Fund - Direct Plan - Annual IDCW,1537.7648
2026-08-25,145294,UTI Floating Interest Rates Fund - Regular Plan - Quarterly IDCW,1294.0549
2026-08-25,145295,UTI Floating Interest Rates Fund - Direct Plan - Growth Option,1679.8454
2026-08-25,145296,UTI Floating Interest Rates Fund - Direct Plan - Half-Yearly IDCW,1531.1836
2026-08-25,145355,Mahindra Manulife Consumption Fund- Regular Plan - Growth,22.6605
2026-08-25,145356,Mahindra Manulife Consumption Fund - Direct Plan -Growth,25.8742
2026-08-25,145357,Mahindra Manulife Consumption Fund - Direct Plan - IDCW,18.3228
2026-08-25,145358,Mahindra Manulife Consumption Fund - Regular Plan - IDCW,15.4226
2026-08-25,145387,Baroda BNP Paribas Balanced Advantage Fund-Regular Plan -Growth Option,26.3390
2026-08-25,145389,Baroda BNP Paribas Balanced Advantage Fund-Regular Plan-IDCW Option,16.3043
2026-08-25,145396,Baroda BNP Paribas Balanced Advantage Fund-Direct Plan-Growth Option,29.1437
2026-08-25,145397,Baroda BNP Paribas Balanced Advantage Fund-Direct Plan-IDCW Option,18.0760
2026-08-25,145399,ICICI Prudential Ultra Short Term Fund - Daily IDCW,10.0707
2026-08-25,145400,ICICI Prudential Ultra Short Term Fund - Direct Plan - Weekly IDCW,10.0879
2026-08-25,145402,ICICI Prudential Ultra Short Term Fund - Weekly IDCW,10.0720
2026-08-25,145404,ICICI Prudential Ultra Short Term Fund - Direct Plan - Daily IDCW,10.0015
2026-08-25,145453,DSP Healthcare Fund - Regular Plan - IDCW,26.4940
2026-08-25,145454,DSP Healthcare Fund - Direct Plan - Growth,51.2190
2026-08-25,145455,DSP Healthcare Fund - Direct Plan - IDCW,29.6190
2026-08-25,145456,DSP Healthcare Fund - Regular Plan - Growth,45.7350
2026-08-25,145471,Union Value Fund - Regular Plan - Growth Option,29.19
2026-08-25,145472,Union Value Fund - Regular Plan - IDCW Option,29.19
2026-08-25,145473,Union Value Fund - Direct Plan - Growth Option,31.39
2026-08-25,145474,Union Value Fund - Direct Plan - IDCW Option,31.39
2026-08-25,145481,ADITYA BIRLA SUNLIFE OVERNIGHT FUND-REGULAR PLAN-GROWTH,1473.7197
2026-08-25,145482,ADITYA BIRLA SUN LIFE OVERNIGHT FUND-  Regular - Weekly Reinvestment of IDCW option,1000.557
2026-08-25,145483,ADITYA BIRLA SUN LIFE OVERNIGHT FUND- Regular - Daily Reinvestment of IDCW,1000.02
2026-08-25,145485,ADITYA BIRLA SUN LIFE OVERNIGHT FUND- Regular- Monthly Payout of IDCW option,1003.386
2026-08-25,145486,ADITYA BIRLA SUN LIFE OVERNIGHT FUND-DIRECT PLAN-GROWTH,1486.9376
2026-08-25,145487,ADITYA BIRLA SUN LIFE OVERNIGHT FUND- Direct - Daily Reinvestment of IDCW,1000.02
2026-08-25,145488,ADITYA BIRLA SUN LIFE OVERNIGHT FUND-  Direct - Monthly Payout of IDCW,1003.4625
2026-08-25,145489,ADITYA BIRLA SUN LIFE OVERNIGHT FUND-  Direct - Weekly Reinvestment of IDCW,1000.5933
2026-08-25,145535,ICICI Prudential Overnight Fund - Growth,1472.0624
2026-08-25,145536,ICICI Prudential Overnight Fund - Direct Plan - Growth,1481.5153
2026-08-25,145537,ICICI Prudential Overnight Fund - Direct Plan - Daily IDCW,1000.0050
2026-08-25,145538,ICICI Prudential Overnight Fund - Weekly IDCW,1000.1408
2026-08-25,145539,ICICI Prudential Overnight Fund - Direct Plan - Weekly IDCW,1000.1428
2026-08-25,145547,ICICI Prudential Overnight Fund - Daily IDCW,1000.0050
2026-08-25,145551,Motilal Oswal Nasdaq 100 Fund of Fund- Regular Plan Growth,67.3940
2026-08-25,145552,Motilal Oswal Nasdaq 100 Fund of Fund- Direct Plan Growth,69.4286
2026-08-25,145589,Groww Dynamic Term Fund (formerly known as Indiabulls Dynamic Bond Fund) - Direct Plan - Growth option,1580.7515
2026-08-25,145590,Groww Dynamic Term Fund (formerly known as Indiabulls Dynamic Bond Fund) - Regular Plan - Growth option,1499.6581
2026-08-25,145591,Groww Dynamic Term Fund (formerly known as Indiabulls Dynamic Bond Fund)- Direct Plan- Monthly - Income Distribution cum capital withdrawal Option (Payout & Reinvestment),1016.5224
2026-08-25,145592,Groww Dynamic Term Fund (formerly known as Indiabulls Dynamic Bond Fund)- Regular Plan- Monthly - Income Distribution cum capital withdrawal Option (Payout & Reinvestment),1016.3147
2026-08-25,145593,Groww Dynamic Term Fund (formerly known as Indiabulls Dynamic Bond Fund)- Regular Plan- - Income Distribution cum capital withdrawal Option ( Reinvestment),1020.1511
2026-08-25,145594,Groww Dynamic Term Fund (formerly known as Indiabulls Dynamic Bond Fund)- Regular Plan- Weekly - Income Distribution cum capital withdrawal Option (Payout & Reinvestment),1016.9964
2026-08-25,145595,Groww Dynamic Term Fund (formerly known as Indiabulls Dynamic Bond Fund)- Direct Plan- Fortnightly - Income Distribution cum capital withdrawal Option (Payout & Reinvestment),1021.8526
2026-08-25,145596,Groww Dynamic Term Fund (formerly known as Indiabulls Dynamic Bond Fund)- Direct Plan- - Income Distribution cum capital withdrawal Option ( Reinvestment),1017.9026
2026-08-25,145597,Groww Dynamic Term Fund (formerly known as Indiabulls Dynamic Bond Fund)- Direct Plan- Weekly - Income Distribution cum capital withdrawal Option (Payout & Reinvestment),1017.0234
2026-08-25,145598,Groww Dynamic Term Fund (formerly known as Indiabulls Dynamic Bond Fund)- Regular Plan- Fortnightly - Income Distribution cum capital withdrawal Option (Payout & Reinvestment),1018.6951
2026-08-25,145599,Groww Aggressive Hybrid Fund (formerly known as Indiabulls Equity Hybrid Fund) - Direct Plan - Growth option,23.6655
2026-08-25,145600,Groww Aggressive Hybrid Fund (formerly known as Indiabulls Equity Hybrid Fund)- Direct Plan- - Income Distribution cum capital withdrawal Option (Payout & Reinvestment),23.4573
2026-08-25,145601,Groww Aggressive Hybrid Fund (formerly known as Indiabulls Equity Hybrid Fund)- Direct Plan- Quarterly - Income Distribution cum capital withdrawal Option (Payout & Reinvestment),23.1791
2026-08-25,145602,Groww Aggressive Hybrid Fund (formerly known as Indiabulls Equity Hybrid Fund)- Direct Plan- Half Yearly - Income Distribution cum capital withdrawal Option (Payout & Reinvestment),22.749
2026-08-25,145603,Groww Aggressive Hybrid Fund (formerly known as Indiabulls Equity Hybrid Fund)- Regular Plan- - Income Distribution cum capital withdrawal Option (Payout & Reinvestment),20.9287
2026-08-25,145604,Groww Aggressive Hybrid Fund (formerly known as Indiabulls Equity Hybrid Fund)- Regular Plan- Monthly - Income Distribution cum capital withdrawal Option (Payout & Reinvestment.,20.9299
2026-08-25,145605,Groww Aggressive Hybrid Fund (formerly known as Indiabulls Equity Hybrid Fund) - Regular Plan - Growth option,20.9317
2026-08-25,145606,Groww Aggressive Hybrid Fund (formerly known as Indiabulls Equity Hybrid Fund)- Direct Plan- Monthly - Income Distribution cum capital withdrawal Option (Payout & Reinvestment),23.42
2026-08-25,145607,Groww Aggressive Hybrid Fund (formerly known as Indiabulls Equity Hybrid Fund)- Regular Plan- Quarterly - Income Distribution cum capital withdrawal Option (Payout & Reinvestment),22.1863
2026-08-25,145608,Groww Aggressive Hybrid Fund (formerly known as Indiabulls Equity Hybrid Fund)- Regular Plan- Half Yearly - Income Distribution cum capital withdrawal Option (Payout & Reinvestment),20.8825
2026-08-25,145633,Mirae Asset Nifty 50 ETF,264.9290
2026-08-25,145648,SBI Nifty 200 Quality 30 ETF,225.8332
2026-08-25,145675,BANK OF INDIA Small Cap Fund Direct Plan IDCW,49.05
2026-08-25,145676,BANK OF INDIA Small Cap Fund Regular Plan IDCW,42.14
2026-08-25,145677,BANK OF INDIA Small Cap Fund Regular Plan Growth,57.81
2026-08-25,145678,BANK OF INDIA Small Cap Fund Direct Plan Growth,65.51
2026-08-25,145693,Mirae Asset Equity Savings Fund - Direct Plan - Growth,23.195
2026-08-25,145694,Mirae Asset Equity Savings Fund - Direct Plan - IDCW,13.871
2026-08-25,145695,Mirae Asset Equity Savings Fund - Regular Plan - Growth,21.428
2026-08-25,145696,Mirae Asset Equity Savings Fund - Regular Plan - IDCW,12.683
2026-08-25,145723,Tata Arbitrage Fund-Regular Plan-Growth,15.3486
2026-08-25,145724,Tata Arbitrage Fund-Direct Plan-Growth,16.2899
2026-08-25,145725,TATA Arbitrage Fund Direct Plan - Monthly Reinvestment of Income Distribution cum capital withdrawal option,15.6493
2026-08-25,145726,TATA Arbitrage Fund Regular Plan - Monthly Reinvestment of Income Distribution cum capital withdrawal option,14.6716
2026-08-25,145727,TATA Arbitrage Fund Direct Plan - Monthly Payout of Income Distribution cum capital withdrawal option,15.6493
2026-08-25,145728,TATA Arbitrage Fund Regular Plan - Monthly Payout of Income Distribution cum capital withdrawal option,14.6716
2026-08-25,145801,Tata Nifty 50 Exchange Traded Fund,265.0788
2026-08-25,145810,Nippon India Overnight Fund - Direct Plan - Growth Option,147.7002
2026-08-25,145811,Nippon India Overnight Fund - Regular Plan - Growth Option,146.6663
2026-08-25,145812,NIPPON INDIA OVERNIGHT FUND - DIRECT Plan - DAILY IDCW Option,100.0050
2026-08-25,145819,Shriram ELSS Tax Saver Fund - Direct Growth,24.0064
2026-08-25,145820,Shriram ELSS Tax Saver Fund - Regular Growth,20.997
2026-08-25,145821,Shriram ELSS Tax Saver Fund - Regular-IDCW,21
2026-08-25,145822,Shriram ELSS Tax Saver Fund - Direct- IDCW,23.813
2026-08-25,145823,NIPPON INDIA OVERNIGHT FUND - DIRECT Plan - WEEKLY IDCW Option,100.0606
2026-08-25,145824,NIPPON INDIA OVERNIGHT FUND - DIRECT Plan - MONTHLY IDCW Option,100.1215
2026-08-25,145825,NIPPON INDIA OVERNIGHT FUND - DIRECT Plan - QUARTERLY IDCW Option,101.2350
2026-08-25,145826,NIPPON INDIA OVERNIGHT FUND - WEEKLY IDCW Option,100.0598
2026-08-25,145827,NIPPON INDIA OVERNIGHT FUND - MONTHLY IDCW Option,100.1126
2026-08-25,145830,NIPPON INDIA OVERNIGHT FUND - DAILY IDCW Option,100.0050
2026-08-25,145833,NIPPON INDIA OVERNIGHT FUND - QUARTERLY IDCW Option,101.2187
2026-08-25,145834,Motilal Oswal Liquid Fund - Direct Growth,14.9082
2026-08-25,145881,Aditya Birla Sunlife Nifty Next 50 ETF,78.5124
2026-08-25,145890,LIC MF Arbitrage Fund-Regular Plan-Growth,14.7635
2026-08-25,145891,LIC MF Arbitrage Fund-Direct Plan-Weekly IDCW,14.612
2026-08-25,145892,LIC MF Arbitrage Fund-Regular Plan-Monthly IDCW,14.4239
2026-08-25,145893,LIC MF Arbitrage Fund-Regular Plan-Weekly IDCW,14.3321
2026-08-25,145894,LIC MF Arbitrage Fund-Direct Plan-Monthly IDCW,14.0159
2026-08-25,145895,LIC MF Arbitrage Fund-Direct Plan-Growth,15.5497
2026-08-25,145896,ICICI Prudential India Opportunities Fund - Cumulative Option,36.83
2026-08-25,145897,ICICI Prudential India Opportunities Fund - Direct Plan - Cumulative Option,40.52
2026-08-25,145898,ICICI Prudential India Opportunities Fund - Direct Plan - IDCW Option,24.72
2026-08-25,145899,ICICI Prudential India Opportunities Fund - IDCW Option,21.50
2026-08-25,145946,Motilal Oswal Liquid Fund - Regular Growth,14.7290
2026-08-25,145951,LIC MF Short Term Fund-Regular Plan-IDCW,15.4249
2026-08-25,145952,LIC MF Short Term Fund-Regular Plan-Growth,15.4249
2026-08-25,145953,LIC MF Short Term Fund-Direct Plan-IDCW,16.6428
2026-08-25,145954,LIC MF Short Term Fund-Direct Plan-Growth,16.6428
2026-08-25,145963,WhiteOak Capital Liquid Fund- Regular plan-Daily Reinvestment of Income Distribution cum capital withdrawal option (IDCW),1001.9023
2026-08-25,145964,WhiteOak Capital Liquid Fund- Regular plan-Weekly Payout/ Reinvestment of Income Distribution cum capital withdrawal option (IDCW),1001.9058
2026-08-25,145965,WhiteOak Capital Liquid Fund- Regular plan-Fortnightly Payout/ Reinvestment of Income Distribution cum capital withdrawal option (IDCW),1002.7626
2026-08-25,145966,WhiteOak Capital Liquid Fund- Direct plan-Fortnightly Payout/ Reinvestment of Income Distribution cum capital withdrawal option (IDCW),1001.6187
2026-08-25,145967,WhiteOak Capital Liquid Fund- Direct plan-Monthly  Payout/ Reinvestment of Income Distribution cum capital withdrawal option (IDCW),1003.4109
2026-08-25,145968,WhiteOak Capital Liquid Fund- Regular plan-Growth Option,1504.8552
2026-08-25,145969,WhiteOak Capital Liquid Fund- Direct plan-Daily Reinvestment of Income Distribution cum capital withdrawal option (IDCW),1001.9025
2026-08-25,145970,WhiteOak Capital Liquid Fund- Direct plan-Weekly Payout/ Reinvestment of Income Distribution cum capital withdrawal option (IDCW),1001.9321
2026-08-25,145971,WhiteOak Capital Liquid Fund- Direct plan-Growth Option,1515.6354
2026-08-25,145972,WhiteOak Capital Liquid Fund- Regular plan-Monthly Payout/ Reinvestment of Income Distribution cum capital withdrawal option (IDCW),1002.9901
2026-08-25,146005,TATA Balanced Advantage Fund Regular Plan - Payout of Income Distribution cum capital withdrawal option,20.4261
2026-08-25,146006,TATA Balanced Advantage Fund Direct Plan - Payout of Income Distribution cum capital withdrawal option,23.0406
2026-08-25,146007,Tata Balanced Advantage Fund-Regular Plan-Growth,21.2908
2026-08-25,146008,TATA Balanced Advantage Fund Direct Plan - Reinvestment of Income Distribution cum capital withdrawal option,23.0406
2026-08-25,146009,TATA Balanced Advantage Fund Regular Plan - Reinvestment of Income Distribution cum capital withdrawal option,20.4261
2026-08-25,146010,Tata Balanced Advantage Fund-Direct Plan-Growth,23.9077
2026-08-25,146061,DSP Overnight Fund - Regular Plan - Growth,1463.7615
2026-08-25,146062,DSP Overnight Fund - Direct Plan - Growth,1472.6693
2026-08-25,146063,DSP Overnight Fund - Regular Plan - IDCW - Weekly,1001.6084
2026-08-25,146065,DSP Overnight Fund - Direct Plan - IDCW - Daily,1000.0099
2026-08-25,146066,DSP Overnight Fund - Regular Plan - IDCW - Daily,1000.0099
2026-08-25,146067,TATA Ultra Short Term Fund-Direct Plan - Weekly Payout of Income Distribution cum capital withdrawal option,10.4023
2026-08-25,146068,TATA Ultra Short Term Fund Direct Plan - Weekly Reinvestment of Income Distribution cum capital withdrawal option,10.4023
2026-08-25,146069,TATA Ultra Short Term Fund-Direct Plan - Monthly Payout of Income Distribution cum capital withdrawal option,16.1169
2026-08-25,146070,Tata Ultra Short Term Fund-Regular Plan-Growth,15.1649
2026-08-25,146071,TATA Ultra Short Term Fund-Regular Plan - Weekly Payout of Income Distribution cum capital withdrawal option,10.3758
2026-08-25,146072,TATA Ultra Short Term Fund-Regular Plan - Monthly Payout of Income Distribution cum capital withdrawal option,15.1712
2026-08-25,146073,TATA Ultra Short Term Fund Regular Plan - Monthly Reinvestment of Income Distribution cum capital withdrawal option,15.1712
2026-08-25,146074,TATA Ultra Short Term Fund Regular Plan -Weekly Reinvestment of Income Distribution cum capital withdrawal option,10.3758
2026-08-25,146075,Tata Ultra Short Term Fund-Direct Plan-Growth,16.0950
2026-08-25,146076,TATA Ultra Short Term Fund Direct Plan - Monthly Reinvestment of Income Distribution cum capital withdrawal option,16.1169
2026-08-25,146127,CANARA ROBECO SMALL CAP FUND - REGULAR PLAN - GROWTH OPTION,41.5300
2026-08-25,146128,CANARA ROBECO SMALL CAP FUND - REGULAR PLAN - IDCW (Payout/Reinvestment),35.5500
2026-08-25,146130,CANARA ROBECO SMALL CAP FUND - DIRECT PLAN - GROWTH OPTION,46.4800
2026-08-25,146131,CANARA ROBECO SMALL CAP FUND - DIRECT PLAN - IDCW (Payout/Reinvestment),40.2600
2026-08-25,146138,Kotak Overnight Fund-Regular Plan- Daily Reinvestment of Income Distribution cum capital withdrawal option,1004.7568
2026-08-25,146140,Kotak Overnight Fund-Direct Plan- Daily Reinvestment of Income Distribution cum capital withdrawal option,1003.6055
2026-08-25,146141,Kotak Overnight Fund -Direct Plan-Growth Option,1466.9309
2026-08-25,146142,Kotak Overnight Fund -Regular plan-Growth Option,1456.7248
2026-08-25,146183,BANDHAN Overnight Fund - Direct Plan - Monthly IDCW,1003.6199
2026-08-25,146184,BANDHAN Overnight Fund - Direct Plan - Periodic IDCW,1336.1846
2026-08-25,146185,BANDHAN Overnight Fund - Regular Plan - Monthly IDCW,1003.5713
2026-08-25,146186,BANDHAN Overnight Fund - REGULAR PLAN PERIODIC IDCW,1330.7502
2026-08-25,146187,BANDHAN Overnight Fund - Regular Plan - Growth,1454.3342
2026-08-25,146188,BANDHAN Overnight Fund - Regular Plan - Daily IDCW,1000.0098
2026-08-25,146189,BANDHAN Overnight Fund - Regular Plan - Weekly IDCW,1001.4798
2026-08-25,146190,BANDHAN Overnight Fund - Direct Plan - Daily IDCW,1000.0098
2026-08-25,146191,BANDHAN Overnight Fund - Direct Plan - Growth,1466.2566
2026-08-25,146192,BANDHAN Overnight Fund - Direct Plan - Weekly IDCW,1000.5641
2026-08-25,146193,Edelweiss Small Cap Fund - Regular Plan - Growth,48.493
2026-08-25,146194,Edelweiss Small Cap Fund - Regular Plan - IDCW Option,42.139
2026-08-25,146196,Edelweiss Small Cap Fund - Direct Plan - Growth,54.416
2026-08-25,146197,Edelweiss Small Cap Fund - Direct Plan - IDCW Option,47.605
2026-08-25,146207,SBI Corporate Bond Fund - Regular Plan - Growth,16.4391
2026-08-25,146208,SBI Corporate Bond Fund - Regular Plan - Monthly Income Distribution cum Capital Withdrawal Option (IDCW),15.5144
2026-08-25,146210,SBI Corporate Bond Fund - Regular Plan - Quarterly Income Distribution cum Capital Withdrawal Option (IDCW),15.9724
2026-08-25,146212,SBI Corporate Bond Fund - Direct Plan - Monthly Income Distribution cum Capital Withdrawal Option (IDCW),16.0611
2026-08-25,146215,SBI Corporate Bond Fund - Direct Plan - Growth,17.0157
2026-08-25,146216,SBI Corporate Bond Fund - Direct Plan - Quarterly Income Distribution cum Capital Withdrawal Option (IDCW),16.5416
2026-08-25,146218,Motilal Oswal Liquid Fund Direct - IDCW  Quarterly Payout/Reinvestment,10.3836
2026-08-25,146220,Motilal Oswal Liquid Fund Regular - IDCW Monthly Payout/Reinvestment,10.0683
2026-08-25,146222,Motilal Oswal Liquid Fund Regular - IDCW Quarterly Payout/Reinvestment,10.3702
2026-08-25,146223,Motilal Oswal Liquid Fund Direct - IDCW Monthly Payout/Reinvestment,10.0698
2026-08-25,146224,Motilal Oswal Liquid Fund Regular - IDCW Weekly Reinvestment,10.0192
2026-08-25,146226,Motilal Oswal Liquid Fund Direct - IDCW Fortnightly Reinvestment,10.0258
2026-08-25,146227,Motilal Oswal Liquid Fund Regular - IDCW Daily Reinvestment,10.0055
2026-08-25,146228,Motilal Oswal Liquid Fund Direct - IDCW Reinvestment,10.0077
2026-08-25,146229,Motilal Oswal Liquid Fund Direct - IDCW Weekly Reinvestment,10.0122
2026-08-25,146230,Motilal Oswal Liquid Fund Regular - IDCW Fortnightly Reinvestment,10.0208
2026-08-25,146271,Nippon India ETF Nifty Midcap 150,243.3621
2026-08-25,146294,Union Arbitrage Fund - Regular Plan - Growth Option,14.9788
2026-08-25,146295,Union Arbitrage Fund - Regular Plan - IDCW Option,14.6257
2026-08-25,146296,Union Arbitrage Fund - Direct Plan - IDCW Option,15.2386
2026-08-25,146297,Union Arbitrage Fund - Direct Plan - Growth Option,15.6090
2026-08-25,146346,ICICI Prudential Retirement Fund - Pure Equity - Growth Option,35.90
2026-08-25,146347,ICICI Prudential Retirement Fund - Pure Equity - IDCW Option,35.91
2026-08-25,146348,ICICI Prudential Retirement Fund - Pure Equity - Direct Plan - IDCW Option,40.15
2026-08-25,146349,ICICI Prudential Retirement Fund - Pure Equity - Direct Plan - Growth Option,40.16
2026-08-25,146376,DSP Nifty 50 Index Fund - Direct Plan - Growth,24.0403
2026-08-25,146377,DSP Nifty 50 Index Fund - Direct Plan - IDCW,20.5703
2026-08-25,146378,DSP Nifty 50 Index Fund - Regular Plan - IDCW,19.3145
2026-08-25,146379,DSP Nifty 50 Index Fund - Regular Plan - Growth,23.6853
2026-08-25,146380,DSP Nifty Next 50 Index Fund - Regular Plan - Growth,28.8208
2026-08-25,146381,DSP Nifty Next 50 Index Fund - Direct Plan - Growth,29.5568
2026-08-25,146382,DSP Nifty Next 50 Index Fund - Direct Plan - IDCW,24.2108
2026-08-25,146383,DSP Nifty Next 50 Index Fund - Regular Plan - IDCW,23.6291
2026-08-25,146388,UTI - BSE Sensex Next 50 Exchange Traded Fund,96.6507
2026-08-25,146405,ADITYA BIRLA SUN LIFE BAL BHAVISHYA YOJNA- Regular - IDCW,17.4
2026-08-25,146407,ADITYA BIRLA SUN LIFE BAL BHAVISHYA YOJNA DIRECT GROWTH,24.06
2026-08-25,146408,ADITYA BIRLA SUN LIFE BAL BHAVISHYA YOJNA- Direct - IDCW,19.63
2026-08-25,146409,ADITYA BIRLA SUN LIFE BAL BHAVISHYA YOJNA REGULAR GROWTH,21.32
2026-08-25,146455,Invesco India Equity Savings Fund - Regular Plan - IDCW (Payout / Reinvestment),16.8535
2026-08-25,146456,Invesco India Equity Savings Fund - Regular Plan - Growth,16.8544
2026-08-25,146457,Invesco India Equity Savings Fund - Direct Plan - Growth,19.0709
2026-08-25,146458,Invesco India Equity Savings Fund - Direct Plan - IDCW (Payout / Reinvestment),19.0145
2026-08-25,146512,NIPPON INDIA NIFTY NEXT 50 JUNIOR BEES FOF - IDCW Option,27.6073
2026-08-25,146513,Nippon India Nifty Next 50 Junior BeES FoF - Direct Plan - Growth Plan - Growth Option,28.0776
2026-08-25,146514,Nippon India Nifty Next 50 Junior BeES FoF - Growth Plan - Growth Option,27.6073
2026-08-25,146515,NIPPON INDIA NIFTY NEXT 50 JUNIOR BEES FOF - DIRECT Plan - IDCW Option,28.0776
2026-08-25,146548,Mahindra Manulife Large Cap Fund - Regular Plan - IDCW,14.9970
2026-08-25,146549,Mahindra Manulife Large Cap Fund - Direct Plan -Growth,25.6783
2026-08-25,146550,Mahindra Manulife Large Cap Fund - Direct Plan - IDCW,17.8897
2026-08-25,146551,Mahindra Manulife Large Cap Fund - Regular Plan - Growth,22.4825
2026-08-25,146574,Aditya Birla Sun Life Retirement Fund-The 30s Plan-Regular - Payout of IDCW,18.716
2026-08-25,146575,Aditya Birla Sun Life Retirement Fund-The 30s Plan-Direct Growth,25.732
2026-08-25,146576,Aditya Birla Sun Life Retirement Fund-The 30s Plan-Direct - Payout of IDCW,20.947
2026-08-25,146577,Aditya Birla Sun Life Retirement Fund-The 30s Plan-Regular Growth,22.99
2026-08-25,146641,SBI Equity Minimum Variance Fund - Regular Plan - Income Distribution cum Capital Withdrawal Option (IDCW),24.0235
2026-08-25,146642,SBI Equity Minimum Variance Fund - Direct Plan - Income Distribution cum Capital Withdrawal Option (IDCW),24.6673
2026-08-25,146643,SBI Equity Minimum Variance Fund - Direct Plan - Growth,24.6688
2026-08-25,146644,SBI Equity Minimum Variance Fund - Regular Plan - Growth,24.0197
2026-08-25,146675,Axis Overnight Fund - Direct Plan - Growth Option,1455.4508
2026-08-25,146676,Axis Overnight Fund - Direct Plan - Weekly IDCW,1000.8392
2026-08-25,146677,Axis Overnight Fund - Direct Plan - Monthly IDCW,1000.8457
2026-08-25,146678,Axis Overnight Fund - Regular Plan - Growth Option,1449.8525
2026-08-25,146679,Axis Overnight Fund - Direct Plan - Daily IDCW,1000.5073
2026-08-25,146680,Axis Overnight Fund - Regular Plan - Weekly IDCW,1000.8071
2026-08-25,146681,Axis Overnight Fund - Regular Plan - Monthly IDCW,1000.8385
2026-08-25,146682,Axis Overnight Fund - Regular Plan - Daily IDCW,1000.5032
2026-08-25,146695,BANDHAN Fixed Term Plan Series 179 REGULAR PLAN-GROWTH (3652 days),17.8288
2026-08-25,146699,BANDHAN Fixed Term Plan Series 179 DIRECT PLAN HALF YEARLY-IDCW (3652 days),11.5947
2026-08-25,146701,BANDHAN Fixed Term Plan Series 179 DIRECT PLAN-GROWTH (3652 days),18.1642
2026-08-25,146702,BANDHAN Fixed Term Plan Series 179 REGULAR PLAN PERIODIC-IDCW (3652 days),15.3601
2026-08-25,146716,ICICI Prudential Retirement Fund - Hybrid Conservative - Direct Plan - Growth Option,20.4092
2026-08-25,146717,ICICI Prudential Retirement Fund - Hybrid Conservative - Growth Option,18.4902
2026-08-25,146718,ICICI Prudential Retirement Fund - Hybrid Conservative - Direct Plan - IDCW Option,20.4088
2026-08-25,146719,ICICI Prudential Retirement Fund - Hybrid Conservative - IDCW Option,18.4901
2026-08-25,146720,ICICI Prudential Retirement Fund - Hybrid Aggressive - Direct Plan - IDCW Option,32.14
2026-08-25,146721,ICICI Prudential Retirement Fund - Hybrid Aggressive - Direct Plan - Growth Option,32.13
2026-08-25,146722,ICICI Prudential Retirement Fund - Hybrid Aggressive - Growth Option,28.65
2026-08-25,146723,ICICI Prudential Retirement Fund - Hybrid Aggressive - IDCW Option,28.65
2026-08-25,146724,ICICI Prudential Retirement Fund - Pure Debt - IDCW Option,15.7206
2026-08-25,146725,ICICI Prudential Retirement Fund - Pure Debt - Direct Plan - IDCW Option,17.2378
2026-08-25,146726,ICICI Prudential Retirement Fund - Pure Debt - Growth Option,15.7204
2026-08-25,146727,ICICI Prudential Retirement Fund - Pure Debt - Direct Plan - Growth Option,17.2379
2026-08-25,146769,HSBC Large & Mid Cap Fund - Regular IDCW,20.9645
2026-08-25,146770,HSBC Large & Mid Cap Fund - Direct IDCW,23.3115
2026-08-25,146771,HSBC Large & Mid Cap Fund - Regular Growth,30.2746
2026-08-25,146772,HSBC Large & Mid Cap Fund - Direct Growth,33.4832
2026-08-25,146795,ICICI Prudential Fixed Maturity Plan - Series 85 - 10 Years Plan I - Direct Plan Cumulative Option,18.0989
2026-08-25,146797,ICICI Prudential Fixed Maturity Plan - Series 85 - 10 Years Plan I - Cumulative Option,17.8471
2026-08-25,146800,ICICI Prudential Fixed Maturity Plan - Series 85 - 10 Years Plan I - Quarterly IDCW Option,17.5322
2026-08-25,146927,Aditya Birla Sun Life Retirement Fund-The 40s Plan- Direct - Payout of IDCW,17.911
2026-08-25,146928,Aditya Birla Sun Life Retirement Fund-The 40s Plan-Regular - Payout of IDCW,16.044
2026-08-25,146929,Aditya Birla Sun Life Retirement Fund-The 40s Plan-Regular Plan-Growth,19.713
2026-08-25,146930,Aditya Birla Sun Life Retirement Fund-The 40s Plan-Direct Plan-Growth,22.008
2026-08-25,146937,Aditya Birla Sun Life Retirement Fund-The 50s Plan- Direct - Payout of IDCW,13.7675
2026-08-25,146938,Aditya Birla Sun Life Retirement Fund-The 50s Plan-Regular Plan-Growth,15.2788
2026-08-25,146939,Aditya Birla Sun Life Retirement Fund-The 50s Plan- Regular - Payout of IDCW,12.4296
2026-08-25,146940,Aditya Birla Sun Life Retirement Fund-The 50s Plan-Direct Plan-Growth,16.9238
2026-08-25,146941,Aditya Birla Sun Life Retirement Fund-The 50s Plus-Debt Plan-Regular Plan-Growth,13.6574
2026-08-25,146942,Aditya Birla Sun Life Retirement Fund-The 50s Plus-Debt Plan - Regular - Payout of IDCW,11.1089
2026-08-25,146943,Aditya Birla Sun Life Retirement Fund-The 50s Plus-Debt Plan-Direct Plan-Growth,14.997
2026-08-25,146944,Aditya Birla Sun Life Retirement Fund-The 50s Plus-Debt Plan - Direct - Payout of IDCW,12.197
2026-08-25,146949,ICICI Prudential Bharat Consumption Fund - Direct Plan - IDCW Option,17.89
2026-08-25,146950,ICICI Prudential Bharat Consumption Fund - Growth Option,25.70
2026-08-25,146951,ICICI Prudential Bharat Consumption Fund - Direct Plan - Growth Option,27.88
2026-08-25,146952,ICICI Prudential Bharat Consumption Fund - IDCW Option,15.97
2026-08-25,146957,Sundaram Overnight Fund Direct Plan - Monthly Reinvestment of Income Distribution cum Capital Withdrawal (IDCW),1055.2841
2026-08-25,146959,Sundaram Overnight Fund Regular Plan - Growth,1449.5870
2026-08-25,146960,Sundaram Overnight Fund Regular Plan - Monthly Payout of Income Distribution cum Capital Withdrawal (IDCW),1049.9126
2026-08-25,146961,Sundaram Overnight Fund Regular Plan - Monthly Reinvestment of Income Distribution cum Capital Withdrawal (IDCW),1049.9126
2026-08-25,146962,Sundaram Overnight Fund Direct Plan - Monthly Payout of Income Distribution cum Capital Withdrawal (IDCW),1055.2841
2026-08-25,146963,Sundaram Overnight Fund Direct Plan - Growth,1460.1140
2026-08-25,146973,SBI Fixed Maturity Plan (FMP) - Series 1 (3668 Days) - Regular Plan - Income Distribution cum Capital Withdrawal Option (IDCW),17.5398
2026-08-25,146974,SBI Fixed Maturity Plan (FMP) - Series 1 (3668 Days) - Direct Plan - Growth,17.7668
2026-08-25,146975,SBI Fixed Maturity Plan (FMP) - Series 1 (3668 Days) - Direct Plan - Income Distribution cum Capital Withdrawal Option (IDCW),17.7851
2026-08-25,146976,SBI Fixed Maturity Plan (FMP) - Series 1 (3668 Days) - Regular Plan - Growth,17.5398
2026-08-25,146977,Tata Overnight Fund-Regular Plan-Growth,1439.3278
2026-08-25,146978,TATA Overnight Fund Direct Plan - Daily Reinvestment of Income Distribution cum capital withdrawal option,1000.0002
2026-08-25,146979,TATA Overnight Fund Regular Plan - Daily Reinvestment of Income Distribution cum capital withdrawal option,1000.0002
2026-08-25,146980,Tata Overnight Fund-Direct Plan-Growth,1451.5299
2026-08-25,146997,Union Overnight Fund - Regular Plan - Growth Option,1436.6856
2026-08-25,146998,Union Overnight Fund - Regular Plan - Daily IDCW Option,1001.2621
2026-08-25,147000,Union Overnight Fund - Regular Plan - Monthly IDCW Option,1004.6050
2026-08-25,147002,Union Overnight Fund - Direct Plan - Daily IDCW Option,1000.8076
2026-08-25,147003,Union Overnight Fund - Direct Plan - Growth Option,1447.2525
2026-08-25,147006,Union Overnight Fund - Direct Plan - Monthly IDCW Option,1004.6342
2026-08-25,147095,NIPPON INDIA FIXED MATURITY  PLAN - XLI - SERIES 8 - DIRECT Plan - IDCW Option,17.8017
2026-08-25,147096,NIPPON INDIA FIXED MATURITY PLAN  - XLI - SERIES 8 - IDCW Option,17.4167
2026-08-25,147097,Nippon India Fixed Maturity Plan XLI - Series 8 - Growth Option,17.4167
2026-08-25,147098,Nippon India Fixed Maturity Plan XLI - Series 8 - Direct Plan - Growth Option,17.8017
2026-08-25,147128,UTI Ultra Short Term Fund - Direct Plan - Half-Yearly IDCW,1552.9598
2026-08-25,147153,ITI Liquid Fund - Regular Plan - Growth Option,1455.1500
2026-08-25,147154,ITI Liquid Fund - Regular Plan - Daily IDCW Option,1001.0000
2026-08-25,147156,ITI Liquid Fund - Regular Plan - Monthly IDCW Option,1000.7692
2026-08-25,147157,ITI Liquid Fund - Direct Plan - Growth Option,1469.7769
2026-08-25,147158,ITI Liquid Fund - Direct Plan - Daily IDCW Option,1001.0019
2026-08-25,147159,ITI Liquid Fund - Direct Plan - Weekly IDCW Option,1001.0006
2026-08-25,147161,ITI Liquid Fund - Direct Plan - Annually IDCW Option,1471.7279
2026-08-25,147162,ITI Liquid Fund - Regular Plan - Annually IDCW Option,1464.7619
2026-08-25,147163,ITI Liquid Fund - Direct Plan - Monthly IDCW Option,1005.9303
2026-08-25,147164,ITI Liquid Fund - Regular Plan - Weekly IDCW Option,1000.9999
2026-08-25,147183,ITI Multi Cap Fund - Direct Plan - Growth Option,30.4908
2026-08-25,147184,ITI Multi Cap Fund - Regular Plan - Growth Option,26.5434
2026-08-25,147185,ITI Multi Cap Fund - Regular Plan - IDCW Option,23.2182
2026-08-25,147186,ITI Multi Cap Fund - Direct Plan - IDCW Option,26.9746
2026-08-25,147193,Baroda BNP Paribas Overnight Fund - Regular Plan - Growth,1437.2812
2026-08-25,147194,Baroda BNP Paribas Overnight Fund - Regular Plan - Daily IDCW,1000.0018
2026-08-25,147195,Baroda BNP Paribas Overnight Fund - Direct Plan - Weekly IDCW,1000.1079
2026-08-25,147196,Baroda BNP Paribas Overnight Fund - Direct Plan - Growth,1444.1984
2026-08-25,147197,Baroda BNP Paribas Overnight Fund - Direct Plan - Daily IDCW,1000.0028
2026-08-25,147198,Baroda BNP Paribas Overnight Fund - Regular Plan - Weekly IDCW,1000.5952
2026-08-25,147203,Mirae Asset Focused Fund - Regular Plan - Growth,25.807
2026-08-25,147204,Mirae Asset Focused Fund - Regular Plan - IDCW,23.724
2026-08-25,147205,Mirae Asset Focused Fund - Direct Plan - IDCW,26.163
2026-08-25,147206,Mirae Asset Focused Fund - Direct Plan - Growth,28.445
2026-08-25,147211,Franklin India Overnight Fund - Direct Weekly Dividend Plan - Weekly - IDCW,1000.2771
2026-08-25,147212,Franklin India Overnight Fund - Direct Daily Dividend Plan - Daily - IDCW,1000.0007
2026-08-25,147213,Franklin India Overnight fund- Growth,1429.3360
2026-08-25,147214,Franklin India Overnight Fund- Growth - Direct,1434.4155
2026-08-25,147215,Franklin India Overnight Fund - Daily Dividend Plan - Daily - IDCW,1000.0001
2026-08-25,147216,Franklin India Overnight Fund - Weekly Dividend Plan - Weekly - IDCW,1000.2780
2026-08-25,147247,SBI Fixed Maturity Plan (FMP) - Series 6 (3668 Days) - Regular Plan - Growth,16.9833
2026-08-25,147248,SBI Fixed Maturity Plan (FMP) - Series 6 (3668 Days) - Direct Plan - Growth,17.2803
2026-08-25,147249,SBI Fixed Maturity Plan (FMP) - Series 6 (3668 Days) - Direct Plan - Income Distribution cum Capital Withdrawal Option (IDCW),17.2807
2026-08-25,147250,SBI Fixed Maturity Plan (FMP) - Series 6 (3668 Days) - Regular Plan - Income Distribution cum Capital Withdrawal Option (IDCW),16.9855
2026-08-25,147265,Kotak Floating Interest Rates Fund -REGULAR PLAN-STANDARD Reinvestment of Income Distribution cum capital withdrawal option,1441.3215
2026-08-25,147266,Kotak Floating Interest Rates Fund -REGULAR PLAN-GROWTH OPTION,1617.2478
2026-08-25,147267,Kotak Floating Interest Rates Fund -DIRECT PLAN-Standard Reinvestment of Income Distribution cum capital withdrawal option,1448.6554
2026-08-25,147269,Kotak Floating Interest Rates Fund - Direct Plan - Growth Option,1662.9633
2026-08-25,147287,HSBC Overnight Fund - Direct Growth,1438.7235
2026-08-25,147288,HSBC Overnight Fund - Regular Weekly IDCW,1000.0404
2026-08-25,147289,HSBC Overnight Fund - Regular Daily IDCW,1000.0149
2026-08-25,147290,HSBC Overnight Fund - Regular Growth,1426.2495
2026-08-25,147291,HSBC Overnight Fund - Direct Daily IDCW,1000.0149
2026-08-25,147296,HSBC Overnight Fund - Direct Weekly IDCW,1000.0149
2026-08-25,147300,HSBC Overnight Fund - Direct Monthly IDCW,1000.0015
2026-08-25,147301,HSBC Overnight Fund - Regular Monthly IDCW,1000.0015
2026-08-25,147303,DSP Quant Fund - Regular Plan - Growth,21.7790
2026-08-25,147304,DSP Quant Fund - Direct Plan - IDCW,17.5360
2026-08-25,147305,DSP Quant Fund - Regular Plan - IDCW,16.5390
2026-08-25,147306,DSP Quant Fund - Direct Plan - Growth,22.9620
2026-08-25,147307,WhiteOak Capital Ultra Short Term Fund- Regular plan-Growth Option,1453.2484
2026-08-25,147308,WhiteOak Capital Ultra Short Term Fund- Regular plan-Daily Reinvestment of Income Distribution cum capital withdrawal option (IDCW),1004.9925
2026-08-25,147309,WhiteOak Capital Ultra Short Term Fund- Regular plan-Fortnightly Payout/ Reinvestment of Income Distribution cum capital withdrawal option (IDCW),1004.7026
2026-08-25,147310,WhiteOak Capital Ultra Short Term Fund- Regular plan-Weekly Payout/ Reinvestment of Income Distribution cum capital withdrawal option (IDCW),1006.2616
2026-08-25,147311,WhiteOak Capital Ultra Short Term Fund- Direct plan-Growth Option,1513.5525
2026-08-25,147312,WhiteOak Capital Ultra Short Term Fund- Direct plan-Monthly Payout/ Reinvestment of Income Distribution cum capital withdrawal option (IDCW),1006.5614
2026-08-25,147313,WhiteOak Capital Ultra Short Term Fund- Direct plan-Weekly Payout/ Reinvestment of Income Distribution cum capital withdrawal option (IDCW),1004.8482
2026-08-25,147314,WhiteOak Capital Ultra Short Term Fund- Regular plan-Monthly Payout/ Reinvestment of Income Distribution cum capital withdrawal option (IDCW),1005.3602
2026-08-25,147315,WhiteOak Capital Ultra Short Term Fund- Direct plan-Fortnightly Payout/ Reinvestment of Income Distribution cum capital withdrawal option (IDCW),1004.7074
2026-08-25,147316,WhiteOak Capital Ultra Short Term Fund- Direct plan-Daily Reinvestment of Income Distribution cum capital withdrawal option (IDCW),1004.9898
2026-08-25,147345,ICICI Prudential MNC Fund - Growth Option,31.11
2026-08-25,147346,ICICI Prudential MNC Fund - Direct Plan - Growth Option,34.06
2026-08-25,147347,ICICI Prudential MNC Fund - Direct Plan - IDCW Option,20.43
2026-08-25,147348,ICICI Prudential MNC Fund - IDCW Option,17.96
2026-08-25,147371,QUANTUM ESG BEST IN CLASS STRATEGY FUND - REGULAR PLAN - GROWTH OPTION,23.75
2026-08-25,147372,QUANTUM ESG BEST IN CLASS STRATEGY FUND - DIRECT PLAN - GROWTH OPTION,25.45
2026-08-25,147373,Baroda BNP Paribas Money Market Fund - Direct Plan - Monthly IDCW,1038.4057
2026-08-25,147376,Baroda BNP Paribas Money Market Fund - Regular Plan - Monthly IDCW,1018.2224
2026-08-25,147377,Baroda BNP Paribas Money Market Fund- Direct Plan - Growth,1507.0142
2026-08-25,147378,Baroda BNP Paribas Money Market Fund - Direct Plan-Daily IDCW,1000.3290
2026-08-25,147379,Baroda BNP Paribas Money Market Fund -Direct Plan - Weekly IDCW,1000.3294
2026-08-25,147380,Baroda BNP Paribas Money Market Fund-Regular Plan- Daily IDCW,1005.9752
2026-08-25,147381,Baroda BNP Paribas Money Market Fund-Regular Plan-Weekly IDCW,1000.3294
2026-08-25,147382,Baroda BNP Paribas Money Market Fund-Regular Plan - Growth,1481.6965
2026-08-25,147403,Shriram Balanced Advantage Fund - Direct- IDCW,18.9751
2026-08-25,147404,Shriram Balanced Advantage Fund - Regular-IDCW,16.7875
2026-08-25,147405,Shriram Balanced Advantage Fund - Regular Growth,16.7644
2026-08-25,147406,Shriram Balanced Advantage Fund - Direct Growth,19.1405
2026-08-25,147407,Aditya Birla Sun Life Pharma and Healthcare Fund-Regular-Growth,36.54
2026-08-25,147408,Aditya Birla Sun Life Pharma and Healthcare Fund-Regular - Payout of IDCW,24.13
2026-08-25,147409,Aditya Birla Sun Life Pharma and Healthcare Fund-Direct-Growth,40.71
2026-08-25,147410,Aditya Birla Sun Life Pharma and Healthcare Fund-Direct - Payout of IDCW,26.47
2026-08-25,147441,Motilal Oswal Liquid Fund - Unclaimed Dividend- Upto 3 years,14.5208
2026-08-25,147442,Motilal Oswal Liquid Fund - Unclaimed Dividend - Greater than 3 years,10.0000
2026-08-25,147443,Motilal Oswal Liquid Fund - Unclaimed Redemption - Greater than 3 years,10.0000
2026-08-25,147444,Motilal Oswal Liquid Fund - Unclaimed Redemption - Upto 3 years,14.2317
2026-08-25,147445,Mirae Asset Midcap Fund - Direct Plan - Growth,44.847
2026-08-25,147446,Mahindra Manulife Aggressive Hybrid Fund - Direct Plan -Growth,30.8696
2026-08-25,147447,Mahindra Manulife Aggressive Hybrid Fund - Regular Plan - Growth,27.2493
2026-08-25,147448,Mahindra Manulife Aggressive Hybrid Fund - Direct Plan - Monthly IDCW,21.1697
2026-08-25,147449,Mahindra Manulife Aggressive Hybrid Fund - Regular Plan - Monthly IDCW,18.0201
2026-08-25,147450,Groww Overnight Fund (formerly known as Indiabulls Overnight Fund)- Direct Plan- Growth Option,1415.954
2026-08-25,147451,Groww Overnight Fund (formerly known as Indiabulls Overnight Fund)- Direct Plan- Weekly - Income Distribution cum capital withdrawal Option (Payout & Reinvestment),1002.433
2026-08-25,147452,Groww Overnight Fund (formerly known as Indiabulls Overnight Fund)- Direct Plan- Fortnightly - Income Distribution cum capital withdrawal Option (Payout & Reinvestment),1214.7872
2026-08-25,147453,Groww Overnight Fund (formerly known as Indiabulls Overnight Fund)- Direct Plan- Monthly - Income Distribution cum capital withdrawal Option (Payout & Reinvestment),1004.375
2026-08-25,147454,Groww Overnight Fund (formerly known as Indiabulls Overnight Fund)- Regular Plan- Growth Option,1406.4222
2026-08-25,147455,Groww Overnight Fund (formerly known as Indiabulls Overnight Fund)- Regular Plan- - Income Distribution cum capital withdrawal Option ( Reinvestment),1001.052
2026-08-25,147456,Groww Overnight Fund (formerly known as Indiabulls Overnight Fund)- Regular Plan- Weekly - Income Distribution cum capital withdrawal Option (Payout & Reinvestment),1001.1165
2026-08-25,147457,Groww Overnight Fund (formerly known as Indiabulls Overnight Fund)- Regular Plan- Fortnightly - Income Distribution cum capital withdrawal Option (Payout & Reinvestment),1000.9155
2026-08-25,147458,Groww Overnight Fund (formerly known as Indiabulls Overnight Fund)- Direct Plan- - Income Distribution cum capital withdrawal Option ( Reinvestment),1001.5171
2026-08-25,147459,Groww Overnight Fund (formerly known as Indiabulls Overnight Fund)- Regular Plan- Monthly - Income Distribution cum capital withdrawal Option (Payout & Reinvestment),1004.3244
2026-08-25,147472,Kotak Focused Fund- Regular Plan-Income Distribution cum capital withdrawal option,27.959
2026-08-25,147473,Kotak Focused Fund- Direct Plan- Growth option,31.182
2026-08-25,147475,Kotak Focused Fund-Direct Plan- Income Distribution cum capital withdrawal option,31.183
2026-08-25,147477,Kotak Focused Fund- Regular plan _ Growth Option,27.959
2026-08-25,147478,Mirae Asset Midcap Fund - Direct Plan - IDCW,29.472
2026-08-25,147479,Mirae Asset Midcap Fund - Regular Plan - Growth,40.971
2026-08-25,147480,Mirae Asset Midcap Fund - Regular Plan - IDCW,26.756
2026-08-25,147481,Parag Parikh ELSS Tax Saver Fund- Direct Growth,31.9334
2026-08-25,147482,Parag Parikh ELSS Tax Saver Fund- Regular Growth,29.3518
2026-08-25,147483,ICICI Prudential Nifty Bank ETF,59.1477
2026-08-25,147490,Union Focused Fund - Regular Plan - Growth Option,28.12
2026-08-25,147491,Union Focused Fund - Direct Plan - IDCW Option,26.72
2026-08-25,147492,Union Focused Fund - Direct Plan - Growth Option,30.08
2026-08-25,147493,Union Focused Fund - Regular Plan - IDCW Option,24.75
2026-08-25,147494,Baroda BNP Paribas Equity Savings Fund - Regular Plan - Growth,17.5512
2026-08-25,147495,Baroda BNP Paribas Equity Savings Fund - Regular Plan - IDCW,13.0800
2026-08-25,147496,Baroda BNP Paribas Equity Savings Fund - Direct Plan - Growth,18.9631
2026-08-25,147498,Baroda BNP Paribas Equity Savings Fund - Direct Plan - IDCW,14.1317
2026-08-25,147512,LIC MF Overnight Fund-Regular Plan-IDCW,1249.8783
2026-08-25,147513,LIC MF Overnight Fund-Direct Plan-IDCW,1425.3387
2026-08-25,147514,LIC MF Overnight Fund-Direct Plan-Weekly IDCW,1105.7929
2026-08-25,147515,LIC MF Overnight Fund-Direct Plan-Growth,1425.1663
2026-08-25,147516,LIC MF Overnight Fund-Direct Plan-Daily IDCW,1124.1994
2026-08-25,147517,LIC MF Overnight Fund-Regular Plan-Daily IDCW,1123.3867
2026-08-25,147518,LIC MF Overnight Fund-Regular Plan-Weekly IDCW,1180.4308
2026-08-25,147519,LIC MF Overnight Fund-Regular Plan-Growth,1413.1597
2026-08-25,147530,ICICI Prudential Nifty Private Bank ETF,27.7762
2026-08-25,147531,CANARA ROBECO OVERNIGHT FUND - DIRECT PLAN - GROWTH OPTION,1419.1914
2026-08-25,147532,CANARA ROBECO OVERNIGHT FUND - DIRECT PLAN - DAILY IDCW (Reinvestment),1001.0012
2026-08-25,147533,CANARA ROBECO OVERNIGHT FUND - REGULAR PLAN - DAILY IDCW (Reinvestment),1001.0000
2026-08-25,147534,CANARA ROBECO OVERNIGHT FUND - REGULAR PLAN - GROWTH OPTION,1417.5675
2026-08-25,147541,ITI ELSS Tax Saver Fund - Direct Plan - Growth Option,29.3797
2026-08-25,147542,ITI ELSS Tax Saver Fund - Direct Plan - IDCW Option,25.9927
2026-08-25,147543,ITI ELSS Tax Saver Fund - Regular Plan - IDCW Option,22.4760
2026-08-25,147544,ITI ELSS Tax Saver Fund - Regular Plan - Growth Option,25.6799
2026-08-25,147549,Edelweiss Overnight Fund - Regular Plan - Fortnightly - IDCW Option,1096.808
2026-08-25,147550,Edelweiss Overnight Fund - Direct Plan - Fortnightly - IDCW Option,1369.0886
2026-08-25,147551,Edelweiss Overnight Fund - Direct Plan - Annual - IDCW Option,1352.3564
2026-08-25,147552,Edelweiss Overnight Fund - Regular Plan - Daily - IDCW Option,1008.3755
2026-08-25,147553,Edelweiss Overnight Fund - Regular Plan - Weekly - IDCW Option,1016.5569
2026-08-25,147554,Edelweiss Overnight Fund - Direct Plan - Monthly - IDCW Option,1057.5114
2026-08-25,147555,Edelweiss Overnight Fund - Regular Plan - Monthly - IDCW Option,1004.4162
2026-08-25,147556,Edelweiss Overnight Fund - Regular Plan - Annual - IDCW Option,1346.4011
2026-08-25,147557,Edelweiss Overnight Fund - Direct Plan - Daily - IDCW Option,1000.2448
2026-08-25,147558,Edelweiss Overnight Fund - Direct Plan - Weekly - IDCW Option,1378.3193
2026-08-25,147563,Mahindra Manulife Overnight Fund - Direct Plan - Daily IDCW,1426.3698
2026-08-25,147564,Mahindra Manulife Overnight Fund - Direct Plan -Growth,1422.8622
2026-08-25,147565,Mahindra Manulife Overnight Fund - Regular Plan - Growth,1412.6832
2026-08-25,147566,Mahindra Manulife Overnight Fund - Regular Plan - Daily IDCW,1252.9041
2026-08-25,147567,Axis Money Market Fund - Direct Plan - Growth Option,1557.1146
2026-08-25,147568,Axis Money Market Fund - Regular Plan - Growth Option,1539.9992
2026-08-25,147569,Edelweiss Overnight Fund - Regular Plan - Growth,1416.6869
2026-08-25,147570,Edelweiss Overnight Fund - Direct Plan - Growth,1422.1882
2026-08-25,147571,Axis Money Market Fund - Direct Plan - Daily IDCW,1005.6131
2026-08-25,147572,Axis Money Market Fund - Direct Plan - Monthly IDCW,1008.5983
2026-08-25,147573,Axis Money Market Fund - Direct Plan - Quarterly IDCW,1207.0717
2026-08-25,147574,Axis Money Market Fund - Regular Plan - Quarterly IDCW,1190.9536
2026-08-25,147575,Axis Money Market Fund - Regular Plan - Annual IDCW,1302.7401
2026-08-25,147576,Axis Money Market Fund - Direct Plan - Annual IDCW,1318.8656
2026-08-25,147577,Axis Money Market Fund - Regular Plan - Daily IDCW,1005.6127
2026-08-25,147578,Axis Money Market Fund - Regular Plan - Monthly IDCW,1005.5636
2026-08-25,147579,Nippon India ETF BSE Sensex Next 50,94.6207
2026-08-25,147600,PGIM India Overnight Fund - Regular Plan- Growth Option,1410.4319
2026-08-25,147605,PGIM India Overnight Fund - Direct Plan - Daily Dividend Option,1000.0087
2026-08-25,147606,PGIM India Overnight Fund - Direct Plan - Growth Option,1416.8305
2026-08-25,147607,PGIM India Overnight Fund - Regular Plan - Weekly Dividend Option,1007.2875
2026-08-25,147608,PGIM India Overnight Fund - Direct Plan - Weekly Dividend Option,1000.9415
2026-08-25,147609,PGIM India Overnight Fund - Regular Plan - Daily Dividend Option,1000
2026-08-25,147614,Tata Nifty Private Bank Exchange Traded Fund,284.8304
2026-08-25,147615,ITI Arbitrage Fund - Direct Plan - IDCW Option,14.5638
2026-08-25,147616,ITI Arbitrage Fund - Regular Plan - IDCW Option,13.8318
2026-08-25,147617,ITI Arbitrage Fund - Direct Plan - Growth Option,14.5638
2026-08-25,147618,ITI Arbitrage Fund - Regular Plan - Growth Option,13.8318
2026-08-25,147619,Motilal Oswal Nifty Bank Index - Regular Plan,20.3692
2026-08-25,147620,Motilal Oswal Nifty Bank Index Fund - Direct Plan,21.4112
2026-08-25,147621,Motilal Oswal Nifty Midcap 150 Index Fund - Regular Plan,40.5870
2026-08-25,147622,Motilal Oswal Nifty Midcap 150 Index Fund - Direct Plan,42.7131
2026-08-25,147623,Motilal Oswal Nifty Smallcap 250 Index Fund- Direct Plan,41.1330
2026-08-25,147624,Motilal Oswal Nifty Smallcap 250 Index - Regular Plan,39.1883
2026-08-25,147625,Motilal Oswal Nifty 500 Index Fund - Direct Plan,27.6062
2026-08-25,147626,Motilal Oswal Nifty 500 Index Fund - Regular Plan,26.3288
2026-08-25,147645,ICICI Prudential Global Advantage Fund (FOF) - Direct Plan - IDCW,23.7603
2026-08-25,147646,ICICI Prudential Global Advantage Fund (FOF) - IDCW,22.6714
2026-08-25,147647,ICICI Prudential Global Advantage Fund (FOF) - Growth Option,22.6721
2026-08-25,147648,ICICI Prudential Global Advantage Fund (FOF) - Direct Plan - Growth Option,23.7603
2026-08-25,147661,ICICI Prudential Commodities Fund - Growth Option,48.50
2026-08-25,147662,ICICI Prudential Commodities Fund - Direct Plan - Growth Option,52.93
2026-08-25,147663,ICICI Prudential Commodities Fund - IDCW Option,31.18
2026-08-25,147664,ICICI Prudential Commodities Fund - Direct Plan - IDCW Option,35.09
2026-08-25,147665,Axis Nifty 100 Index Fund - Regular Plan - Growth Option,21.7112
2026-08-25,147666,Axis Nifty 100 Index Fund - Direct Plan - Growth Option,22.8770
2026-08-25,147667,Axis Nifty 100 Index Fund - Regular Plan - IDCW,20.5928
2026-08-25,147668,Axis Nifty 100 Index Fund - Direct Plan - IDCW,21.7338
2026-08-25,147701,Motilal Oswal Large and Midcap Fund - Regular Plan Growth,37.6113
2026-08-25,147703,Motilal Oswal Large and Midcap Fund Regular - IDCW Payout/Reinvestment,26.7028
2026-08-25,147704,Motilal Oswal Large and Midcap Fund - Direct Plan Growth,41.4763
2026-08-25,147706,Motilal Oswal Large and Midcap Fund Direct - IDCW Payout/Reinvestment,29.3150
2026-08-25,147708,ITI Overnight Fund - Direct Plan - Daily IDCW Option,1000.9992
2026-08-25,147709,ITI Overnight Fund - Regular Plan - Daily IDCW Option,1001.0001
2026-08-25,147711,ITI Overnight Fund - Direct Plan - Weekly IDCW option,1000.9998
2026-08-25,147712,ITI Overnight Fund - Regular Plan - Weekly IDCW Option,1001.0000
2026-08-25,147713,ITI Overnight Fund - Direct Plan - Growth Option,1390.0791
2026-08-25,147714,ITI Overnight Fund - Regular Plan - Growth Option,1380.6030
2026-08-25,147716,ITI Overnight Fund - Regular Plan - Fortnightly IDCW Option,1002.8769
2026-08-25,147717,ITI Overnight Fund - Direct Plan - Monthly IDCW Option,1004.8879
2026-08-25,147718,ITI Overnight Fund - Regular Plan - Monthly IDCW Option,1003.9821
2026-08-25,147724,Kotak Pioneer Fund- Regular Plan- Growth Option,35.776
2026-08-25,147725,Kotak Pioneer Fund-Direct Plan-Reinvestment of Income Distribution cum capital withdrawal option,39.747
2026-08-25,147727,Kotak Pioneer Fund- Direct Plan- Growth Option,39.753
2026-08-25,147728,Kotak Pioneer Fund- Regular Plan- Reinvestment of Income Distribution cum capital withdrawal option,35.792
2026-08-25,147729,Mahindra Manulife Ultra Short Duration Fund - Regular Plan - Daily IDCW,1111.6803
2026-08-25,147730,Mahindra Manulife Ultra Short Duration Fund - Regular Plan - Weekly IDCW,1001.0522
2026-08-25,147731,Mahindra Manulife Ultra Short Duration Fund - Direct Plan -Growth,1517.7891
2026-08-25,147732,Mahindra Manulife Ultra Short Duration Fund - Direct Plan - Weekly IDCW,1001.0998
2026-08-25,147733,Mahindra Manulife Ultra Short Duration Fund - Direct Plan - Daily IDCW,1261.9078
2026-08-25,147734,Mahindra Manulife Ultra Short Duration Fund - Regular Plan - Growth,1474.6758
2026-08-25,147735,Aditya Birla Sun Life Nifty Bank ETF,59.051
2026-08-25,147736,Mirae Asset Overnight Fund - Direct Plan - Growth,1409.9959
2026-08-25,147737,Mirae Asset Overnight Fund - Direct Plan - Daily IDCW,1000.0243
2026-08-25,147738,Mirae Asset Overnight Fund - Direct Plan - Monthly IDCW,1000.1410
2026-08-25,147739,Mirae Asset Overnight Fund - Regular Plan - Growth,1401.2423
2026-08-25,147740,Mirae Asset Overnight Fund - Direct Plan - Weekly IDCW,1000.8274
2026-08-25,147741,Mirae Asset Overnight Fund - Regular Plan - Weekly IDCW,1000.8294
2026-08-25,147742,Mirae Asset Overnight Fund - Regular Plan - Monthly IDCW,1000.1474
2026-08-25,147743,Mirae Asset Overnight Fund - Regular Plan - Daily IDCW,1000.0067
2026-08-25,147748,Union Large & Midcap Fund - Regular Plan - Growth Option,27.67
2026-08-25,147749,Union Large & Midcap Fund - Regular Plan - IDCW Option,27.67
2026-08-25,147750,Union Large & Midcap Fund - Direct Plan - Growth Option,30.07
2026-08-25,147751,Union Large & Midcap Fund - Direct Plan - IDCW Option,30.07
2026-08-25,147756,TATA Focused Fund Regular Plan - Reinvestment of Income Distribution cum capital withdrawal option,22.1987
2026-08-25,147757,Tata Focused Fund-Direct Plan-Growth,25.8251
2026-08-25,147758,TATA Focused Fund Direct Plan - Reinvestment of Income Distribution cum capital withdrawal option,24.8731
2026-08-25,147759,TATA Focused Fund Direct Plan - Payout of Income Distribution cum capital withdrawal option,24.8731
2026-08-25,147760,Tata Focused Fund-Regular Plan-Growth,23.1477
2026-08-25,147761,TATA Focused Fund Regular Plan - Payout of Income Distribution cum capital withdrawal option,22.1987
2026-08-25,147766,LIC MF Ultra Short Term Fund-Regular Plan-Daily IDCW,1093.4116
2026-08-25,147767,LIC MF Ultra Short Term Fund-Regular Plan-Weekly IDCW,1030.7968
2026-08-25,147768,LIC MF Ultra Short Term Fund-Regular Plan-Monthly IDCW,1410.2139
2026-08-25,147769,LIC MF Ultra Short Term Fund-Direct Plan-Weekly IDCW,1102.8158
2026-08-25,147770,LIC MF Ultra Short Term Fund-Regular Plan-Growth,1410.1999
2026-08-25,147771,LIC MF Ultra Short Term Fund-Direct Plan-Daily IDCW,1102.1317
2026-08-25,147772,LIC MF Ultra Short Term Fund-Direct Plan-Growth,1455.0214
2026-08-25,147773,LIC MF Ultra Short Term Fund-Direct Plan-Monthly IDCW,1454.5338
2026-08-25,147786,ITI Balanced Advantage Fund - Regular Plan - IDCW Option,12.1811
2026-08-25,147787,ITI Balanced Advantage Fund - Regular Plan - Growth Option,14.5501
2026-08-25,147788,ITI Balanced Advantage Fund - Direct Plan - IDCW Option,14.1046
2026-08-25,147789,ITI Balanced Advantage Fund - Direct Plan - Growth Option,16.5436
2026-08-25,147794,Motilal Oswal Nifty 50 Index Fund - Direct plan - Growth,21.2493
2026-08-25,147795,Motilal Oswal Nifty 50 Index Fund - Regular plan - Growth,20.6750
2026-08-25,147796,Motilal Oswal Nifty Next 50 Index Fund - Direct plan - Growth,26.7979
2026-08-25,147797,Motilal Oswal Nifty Next 50 Index Fund - Regular plan - Growth,25.5955
2026-08-25,147822,Axis Retirement Fund - Aggressive Plan - Direct Plan - IDCW,18.98
2026-08-25,147823,Axis Retirement Fund - Aggressive Plan - Regular Growth,18.68
2026-08-25,147824,Axis Retirement Fund - Aggressive Plan - Regular Plan - IDCW,17.22
2026-08-25,147825,Axis Retirement Fund - Aggressive Plan - Direct Growth,20.64
2026-08-25,147826,Axis Retirement Fund - Dynamic Plan - Direct Growth,22.07
2026-08-25,147827,Axis Retirement Fund - Dynamic Plan - Direct Plan - IDCW,20.12
2026-08-25,147828,Axis Retirement Fund - Dynamic Plan - Regular Growth,19.89
2026-08-25,147829,Axis Retirement Fund - Dynamic Plan - Regular Plan - IDCW,18.33
2026-08-25,147830,Axis Retirement Fund - Conservative Plan - Direct Growth,17.7878
2026-08-25,147831,Axis Retirement Fund - Conservative Plan - Direct Plan - IDCW,16.2081
2026-08-25,147832,Axis Retirement Fund - Conservative Plan - Regular Growth,16.1066
2026-08-25,147833,Axis Retirement Fund - Conservative Plan - Regular Plan - IDCW,14.8422
2026-08-25,147834,JM Overnight Fund (Regular) - Weekly IDCW,1000
2026-08-25,147835,JM Overnight Fund (Direct) - Weekly IDCW,1000
2026-08-25,147836,JM Overnight Fund (Regular) - Growth,1385.9246
2026-08-25,147837,JM Overnight Fund - (Direct) - Growth,1392.4463
2026-08-25,147838,JM Overnight Fund (Direct) - Daily IDCW,1000
2026-08-25,147839,JM Overnight Fund (Regular) - Daily IDCW,1000
2026-08-25,147840,Mahindra Manulife Large & Mid Cap Fund - Direct Plan -Growth,31.9734
2026-08-25,147841,Mahindra Manulife Large & Mid Cap Fund - Direct Plan - IDCW,23.1596
2026-08-25,147842,Mahindra Manulife Large & Mid Cap Fund - Regular Plan - IDCW,20.1066
2026-08-25,147843,Mahindra Manulife Large & Mid Cap Fund - Regular Plan - Growth,28.5606
2026-08-25,147844,Aditya Birla Sun Life PSU Equity Fund-Direct Plan-Growth,40.25
2026-08-25,147845,Aditya Birla Sun Life PSU Equity Fund-Direct - Payout of IDCW,30.57
2026-08-25,147846,Aditya Birla Sun Life PSU Equity Fund-Regular Plan-Growth,36.35
2026-08-25,147847,Aditya Birla Sun Life PSU Equity Fund-Regular - Payout of IDCW,26.07
2026-08-25,147849,Bharat Bond ETF - April 2030,1609.8141
2026-08-25,147854,Bharat Bond FOF - April 2030 - Regular Plan - Growth Option,16.0192
2026-08-25,147855,BHARAT Bond FOF - April 2030 - Direct Plan - IDCW Option,16.0192
2026-08-25,147856,BHARAT Bond FOF - April 2030 - Regular Plan - IDCW Option,16.0192
2026-08-25,147857,Bharat Bond FOF - April 2030 - Direct Plan - Growth Option,16.0192
2026-08-25,147878,Invesco India Overnight Fund - Regular Plan - Growth,1383.9632
2026-08-25,147879,Invesco India Overnight Fund - Regular Plan - Monthly IDCW (Payout / Reinvestment),1003.9402
2026-08-25,147880,Invesco India Overnight Fund - Regular Plan - Daily IDCW (Reinvestment),1000.1395
2026-08-25,147881,Invesco India Overnight Fund - Regular Plan - Weekly IDCW (Reinvestment),1000.4373
2026-08-25,147883,Invesco India Overnight Fund - Direct Plan - Growth,1389.1383
2026-08-25,147884,Invesco India Overnight Fund - Direct Plan - Daily IDCW (Reinvestment),1000.5303
2026-08-25,147886,Invesco India Overnight Fund - Direct Plan - Monthly IDCW (Payout / Reinvestment),1003.6252
2026-08-25,147888,Axis Income Plus Arbitrage Omni FOF - Regular Plan - IDCW,15.3715
2026-08-25,147889,Axis Income Plus Arbitrage Omni FOF - Direct Plan - Growth Option,15.7036
2026-08-25,147890,Axis Income Plus Arbitrage Omni FOF - Regular Plan - Growth Option,15.3671
2026-08-25,147891,Axis Income Plus Arbitrage Omni FOF - Direct Plan - IDCW,15.7167
2026-08-25,147892,Axis Income Plus Arbitrage Omni FOF - Direct Plan - Monthly IDCW,15.7167
2026-08-25,147893,Axis Income Plus Arbitrage Omni FOF - Direct Plan - Quarterly IDCW,12.2725
2026-08-25,147894,Axis Income Plus Arbitrage Omni FOF - Direct Plan - Half Yearly Dividend Option,11.7099
2026-08-25,147895,Axis Income Plus Arbitrage Omni FOF - Direct Plan - Annual IDCW,14.2228
2026-08-25,147896,Axis Income Plus Arbitrage Omni FOF - Regular Plan - Monthly IDCW,15.3663
2026-08-25,147897,Axis Income Plus Arbitrage Omni FOF - Regular Plan - Half Yearly IDCW,12.2463
2026-08-25,147898,Axis Income Plus Arbitrage Omni FOF - Regular Plan - Annual IDCW,13.9257
2026-08-25,147905,Axis Income Plus Arbitrage Omni FOF - Regular Plan - Quarterly IDCW,11.4196
2026-08-25,147906,Mirae Asset Nifty Next 50 ETF,769.8895
2026-08-25,147907,HSBC Ultra Short Duration Fund - Regular Growth,1454.1552
2026-08-25,147908,HSBC Ultra Short Duration Fund - Direct Growth,1476.8583
2026-08-25,147909,HSBC Ultra Short Duration Fund - Regular Daily IDCW,1031.7278
2026-08-25,147910,HSBC Ultra Short Duration Fund - Direct Daily IDCW,1079.9409
2026-08-25,147911,HSBC Ultra Short Duration Fund - Regular Weekly IDCW,1041.9679
2026-08-25,147912,HSBC Ultra Short Duration Fund - Direct Weekly IDCW,1007.8921
2026-08-25,147915,HSBC Ultra Short Duration Fund - Direct Monthly IDCW,1016.6873
2026-08-25,147916,HSBC Ultra Short Duration Fund - Regular Monthly IDCW,1032.206
2026-08-25,147917,ITI Small Cap Fund - Direct Plan - IDCW Option,36.6271
2026-08-25,147918,ITI Small Cap Fund - Regular Plan - IDCW Option,32.2907
2026-08-25,147919,ITI Small Cap Fund - Direct Plan - Growth Option,38.6368
2026-08-25,147920,ITI Small Cap Fund - Regular Plan - Growth Option,34.2488
2026-08-25,147921,ICICI Prudential Nifty Midcap 150 ETF,24.3638
2026-08-25,147928,Axis ESG Integration Strategy Fund - Direct Plan - Growth Option,22.97
2026-08-25,147929,Axis ESG Integration Strategy Fund - Regular Plan - Growth Option,21.20
2026-08-25,147930,Axis ESG Integration Strategy Fund - Regular Plan - IDCW,13.84
2026-08-25,147931,Axis ESG Integration Strategy Fund - Direct Plan - IDCW,15.02
2026-08-25,147936,BANK OF INDIA Overnight Fund Regular Plan Growth,1394.3695
2026-08-25,147943,BANDHAN SMALL CAP FUND - DIRECT PLAN IDCW,39.880
2026-08-25,147944,BANDHAN SMALL CAP FUND - REGULAR PLAN GROWTH,51.823
2026-08-25,147945,BANDHAN SMALL CAP FUND - REGULAR PLAN IDCW,36.075
2026-08-25,147946,BANDHAN SMALL CAP FUND - DIRECT PLAN GROWTH,57.302
2026-08-25,147948,BANK OF INDIA Overnight Fund Direct Plan- Monthly IDCW,1004.0744
2026-08-25,147949,BANK OF INDIA Overnight Fund Regular Plan- Monthly IDCW,1004.0375
2026-08-25,147950,BANK OF INDIA Overnight Fund Direct Plan- Weekly IDCW,1000.1381
2026-08-25,147951,BANK OF INDIA Overnight Fund Direct Plan Growth,1398.7501
2026-08-25,147952,BANK OF INDIA Overnight Fund Direct Plan- Daily IDCW,1000.0017
2026-08-25,147953,BANK OF INDIA Overnight Fund Regular Plan- Daily IDCW,1000.0010
2026-08-25,148033,ICICI Prudential Diversified Equity All Cap Omni FOF - Growth,32.0049
2026-08-25,148034,ICICI Prudential Diversified Equity All Cap Omni FOF - IDCW,24.7454
2026-08-25,148035,ICICI Prudential Diversified Equity All Cap Omni FOF - Direct Plan - Growth,33.5296
2026-08-25,148036,ICICI Prudential Diversified Equity All Cap Omni FOF - Direct Plan - IDCW,26.1128
2026-08-25,148049,Tata Multi Asset Allocation Fund-Direct Plan-Dividend Payout,28.7378
2026-08-25,148050,Tata Multi Asset Allocation Fund-Regular Plan-Growth,25.8474
2026-08-25,148051,Tata Multi Asset Allocation Fund-Regular Plan-Dividend Reinvestment,25.8474
2026-08-25,148052,Tata Multi Asset Allocation Fund-Direct Plan-Dividend Reinvestment,28.7378
2026-08-25,148053,Tata Multi Asset Allocation Fund-Direct Plan-Growth,28.7378
2026-08-25,148054,Tata Multi Asset Allocation Fund-Regular Plan-Dividend Payout,25.8474
2026-08-25,148063,Edelweiss US Technology Equity Fund of Fund- Direct Plan- Growth,39.6073
2026-08-25,148064,Edelweiss US Technology Equity Fund of Fund- Regular Plan- Growth,37.2509
2026-08-25,148071,Union Midcap Fund - Regular Plan - Growth Option,53.76
2026-08-25,148072,Union Midcap Fund - Regular Plan - IDCW Option,53.76
2026-08-25,148073,Union Midcap Fund - Direct Plan - Growth Option,58.71
2026-08-25,148074,Union Midcap Fund - Direct Plan - IDCW Option,58.71
2026-08-25,148157,PGIM India Money Market Fund - Regular Plan - Monthly Dividend Option,1047.9395
2026-08-25,148158,PGIM India Money Market Fund - Regular Plan - Weekly Dividend Option,1002.3071
2026-08-25,148159,PGIM India Money Market Fund - Regular Plan - Growth Option,1422.8791
2026-08-25,148160,PGIM India Money Market Fund - Regular Plan - Daily Dividend Option,1009.0935
2026-08-25,148161,PGIM India Money Market Fund - Direct Plan - Growth Option,1469.9976
2026-08-25,148162,PGIM India Money Market Fund - Direct Plan - Daily Dividend Option,1010.4294
2026-08-25,148163,PGIM India Money Market Fund - Direct Plan - Monthly Dividend Option,1058.4059
2026-08-25,148164,PGIM India Money Market Fund - Direct Plan - Weekly Dividend Option,1001.9113
2026-08-25,148173,UTI Nifty Bank ETF,59.5793
2026-08-25,148351,ITI Large Cap Fund - Regular Plan - Growth Option,17.5717
2026-08-25,148352,ITI Large Cap Fund - Direct Plan - IDCW Option,18.6770
2026-08-25,148353,ITI Large Cap Fund - Direct Plan - Growth Option,19.6792
2026-08-25,148354,ITI Large Cap Fund - Regular Plan - IDCW Option,16.5790
2026-08-25,148381,Motilal Oswal S&P 500 Index Fund - Direct Plan Growth,33.8026
2026-08-25,148382,Motilal Oswal S&P 500 Index Fund - Regular Plan Growth,32.6038
2026-08-25,148387,SBI Fixed Maturity Plan (FMP) - Series 34 (3682 Days) - Direct Plan - Growth,14.9252
2026-08-25,148388,SBI Fixed Maturity Plan (FMP) - Series 34 (3682 Days) - Direct Plan - Income Distribution cum Capital Withdrawal Option (IDCW),14.9253
2026-08-25,148389,SBI Fixed Maturity Plan (FMP) - Series 34 (3682 Days) - Regular Plan - Growth,14.7155
2026-08-25,148390,SBI Fixed Maturity Plan (FMP) - Series 34 (3682 Days) - Regular Plan - Income Distribution cum Capital Withdrawal Option (IDCW),14.7156
2026-08-25,148400,Mirae Asset Arbitrage Fund - Regular Plan - Growth,13.888
2026-08-25,148401,Mirae Asset Arbitrage Fund - Direct Plan - Growth,14.539
2026-08-25,148402,Mirae Asset Arbitrage Fund - Direct Plan - IDCW,14.519
2026-08-25,148403,Mirae Asset Arbitrage Fund - Regular Plan - IDCW,13.887
2026-08-25,148404,BANK OF INDIA Flexi Cap Fund Direct Plan -Growth,42.70
2026-08-25,148405,BANK OF INDIA Flexi Cap Fund Regular Plan -Growth,38.81
2026-08-25,148406,BANK OF INDIA Flexi Cap Fund Direct Plan -IDCW,36.49
2026-08-25,148407,BANK OF INDIA Flexi Cap Fund Regular Plan -IDCW,35.27
2026-08-25,148408,Nippon India ETF Nifty IT,34.2095
2026-08-25,148409,HSBC Focused Fund - Regular Growth,27.9738
2026-08-25,148410,HSBC Focused Fund - Regular IDCW,18.0693
2026-08-25,148411,HSBC Focused Fund - Direct Growth,30.3924
2026-08-25,148412,HSBC Focused Fund - Direct IDCW,22.5501
2026-08-25,148413,JM Liquid Fund - Unclaimed Brokerage I.E.F. (Direct) - Growth Plan,41.4437
2026-08-25,148414,JM Liquid Fund - Unclaimed Application Refund Amount I.E.F. (Direct) - Growth Plan,41.4437
2026-08-25,148416,Mirae Asset Banking and PSU Debt Fund - Regular Plan - Growth,13.6424
2026-08-25,148417,Mirae Asset Banking and PSU Debt Fund - Direct Plan - IDCW,14.0136
2026-08-25,148418,Mirae Asset Banking and PSU Debt Fund - Regular Plan - IDCW,13.6436
2026-08-25,148419,Mirae Asset Banking and PSU Debt Fund - Direct Plan - Growth,14.0208
2026-08-25,148445,BHARAT Bond ETF- April 2031,1435.982
2026-08-25,148450,BHARAT Bond FOF- April 2031- Direct Plan- Growth Option,14.2821
2026-08-25,148451,BHARAT Bond FOF - April 2031 - Regular Plan - IDCW Option,14.2821
2026-08-25,148452,BHARAT Bond FOF- April 2031- Regular Plan- Growth Option,14.2821
2026-08-25,148453,BHARAT Bond FOF - April 2031 - Direct Plan - IDCW Option,14.2821
2026-08-25,148456,ICICI Prudential Nifty Alpha Low- Volatility 30 ETF,28.2488
2026-08-25,148457,Nippon India Multi Asset Allocation Fund - Direct Plan - Growth Option,27.7552
2026-08-25,148458,NIPPON INDIA MULTI ASSET ALLOCATION FUND - DIRECT Plan - IDCW Option,26.4886
2026-08-25,148459,Nippon India Multi Asset Allocation Fund - Regular Plan - Growth Option,25.6503
2026-08-25,148460,NIPPON INDIA MULTI ASSET ALLOCATION FUND - IDCW Option,24.3874
2026-08-25,148461,HDFC NIFTY Bank ETF - GROWTH,59.294
2026-08-25,148466,ICICI Prudential Nifty IT ETF,34.2314
2026-08-25,148467,Mahindra Manulife Arbitrage Fund - Regular Plan - Growth,13.1037
2026-08-25,148468,Mahindra Manulife Arbitrage Fund - Direct Plan -Growth,13.7604
2026-08-25,148469,Mahindra Manulife Arbitrage Fund - Regular Plan - IDCW,12.5006
2026-08-25,148470,Mahindra Manulife Arbitrage Fund - Direct Plan - IDCW,13.1569
2026-08-25,148471,Baroda BNP Paribas Large and Mid Cap Fund-Regular Plan-Growth Option,28.1775
2026-08-25,148472,Baroda BNP Paribas Large and Mid Cap Fund-Regular plan-IDCW Option,18.5840
2026-08-25,148474,Baroda BNP Paribas Large and Mid Cap Fund- Direct Plan -Growth Option,30.6980
2026-08-25,148475,Baroda BNP Paribas Large and Mid Cap Fund-Direct Plan-IDCW Option,21.5268
2026-08-25,148481,Invesco India Focused Fund - Direct Plan - Growth,32.75
2026-08-25,148482,Invesco India Focused Fund - Direct Plan - IDCW (Payout / Reinvestment),24.08
2026-08-25,148483,Invesco India Focused Fund - Regular Plan - Growth,30.01
2026-08-25,148484,Invesco India Focused Fund - Regular Plan - IDCW (Payout / Reinvestment),21.6
2026-08-25,148485,Axis Global Equity Alpha Fund of Fund - Direct Plan - Growth Option,27.0942
2026-08-25,148486,Axis Global Equity Alpha Fund of Fund - Regular Plan - Growth Option,25.5643
2026-08-25,148487,Axis Global Equity Alpha Fund of Fund - Direct Plan - IDCW,27.0859
2026-08-25,148488,Axis Global Equity Alpha Fund of Fund - Regular Plan - IDCW,25.5645
2026-08-25,148489,SBI Children's Fund - Investment Plan - Regular Plan - Growth,50.6411
2026-08-25,148490,SBI Children's Fund - Investment Plan - Direct Plan - Growth,54.4942
2026-08-25,148500,Mirae Asset Diversified Equity Allocator Passive FOF - Direct Plan - Growth,25.615
2026-08-25,148501,Mirae Asset Diversified Equity Allocator Passive FOF - Direct Plan - IDCW,25.635
2026-08-25,148502,Mirae Asset Diversified Equity Allocator Passive FOF - Regular Plan - Growth,25.503
2026-08-25,148503,Mirae Asset Diversified Equity Allocator Passive FOF - Regular Plan - IDCW,25.506
2026-08-25,148504,Sundaram Large Cap Fund(Formerly Known as Sundaram Blue Chip Fund) Regular Plan - Growth,21.1200
2026-08-25,148505,Sundaram Large Cap Fund (Formerly Known as Sundaram Blue Chip Fund)  Regular Plan - Payout of Income Distribution cum Capital Withdrawal (IDCW),15.3101
2026-08-25,148506,Sundaram Large Cap Fund (Formerly Known as Sundaram Blue Chip Fund) Regular Plan - Reinvestment of Income Distribution cum Capital Withdrawal (IDCW),15.3101
2026-08-25,148507,Sundaram Large Cap Fund (Formerly Known as Sundaram Blue Chip Fund)Direct Plan - Growth,22.9887
2026-08-25,148508,Sundaram Large Cap Fund (Formerly Known as Sundaram Blue Chip Fund) Direct Plan - Payout of Income Distribution cum Capital Withdrawal (IDCW),16.6912
2026-08-25,148509,Sundaram Large Cap Fund (Formerly Known as Sundaram Blue Chip  Fund)  Direct Plan - Reinvestment of Income Distribution cum Capital Withdrawal (IDCW),16.6912
2026-08-25,148514,ICICI Prudential ESG Exclusionary Strategy Fund - IDCW,14.74
2026-08-25,148515,ICICI Prudential ESG Exclusionary Strategy Fund - Direct Plan - IDCW,16.26
2026-08-25,148516,ICICI Prudential ESG Exclusionary Strategy Fund - Direct Plan - Growth,23.38
2026-08-25,148517,ICICI Prudential ESG Exclusionary Strategy Fund - Growth,21.67
2026-08-25,148518,Nippon India Nifty Smallcap 250 Index Fund - Regular Plan - Growth Option,35.0045
2026-08-25,148519,Nippon India Nifty Smallcap 250 Index Fund - Direct Plan - Growth Option,36.4025
2026-08-25,148520,NIPPON INDIA NIFTY SMALLCAP 250 INDEX FUND - IDCW Option,35.0045
2026-08-25,148521,NIPPON INDIA NIFTY SMALLCAP 250 INDEX FUND - DIRECT Plan - IDCW Option,36.4025
2026-08-25,148529,Mirae Asset Ultra Short-Term Fund - Direct Plan - Growth,1425.1943
2026-08-25,148530,Mirae Asset Ultra Short-Term Fund - Regular Plan - Growth,1405.9599
2026-08-25,148531,Mirae Asset Ultra Short-Term Fund - Regular Plan - IDCW,1405.4041
2026-08-25,148532,Mirae Asset Ultra Short-Term Fund - Direct Plan - IDCW,1424.7308
2026-08-25,148533,ITI Banking & PSU Debt Fund - Regular Plan - IDCW Option,13.7668
2026-08-25,148534,ITI Banking & PSU Debt Fund - Direct Plan - Growth Option,14.2138
2026-08-25,148535,ITI Banking & PSU Debt Fund - Regular Plan - Growth Option,13.7657
2026-08-25,148536,ITI Banking & PSU Debt Fund - Direct Plan - IDCW Option,14.2121
2026-08-25,148537,Aditya Birla Sun Life Special Opportunities Fund-Regular Plan-Growth,28.8
2026-08-25,148538,Aditya Birla Sun Life Special Opportunities Fund-Regular - IDCW,22.37
2026-08-25,148539,Aditya Birla Sun Life Special Opportunities Fund-Direct-Growth,31.21
2026-08-25,148540,Aditya Birla Sun Life Special Opportunities Fund-Direct - IDCW,24.24
2026-08-25,148541,SBI Nifty Private Bank ETF,280.8330
2026-08-25,148542,SBI Nifty IT ETF,341.4500
2026-08-25,148543,SBI Floating Interest Rates Fund - Regular Plan - Growth,14.3112
2026-08-25,148544,SBI Floating Interest Rates Fund - Regular Plan - Monthly Income Distribution cum Capital Withdrawal Option (IDCW),14.3150
2026-08-25,148546,SBI Floating Interest Rates Fund - Regular Plan - Quarterly Income Distribution cum Capital Withdrawal Option (IDCW),14.3123
2026-08-25,148549,SBI Floating Interest Rates Fund - Direct Plan - Quarterly Income Distribution cum Capital Withdrawal Option (IDCW),14.4682
2026-08-25,148550,SBI Floating Interest Rates Fund - Direct Plan - Growth,14.4678
2026-08-25,148551,SBI Floating Interest Rates Fund - Direct Plan - Monthly Income Distribution cum Capital Withdrawal Option (IDCW),14.4669
2026-08-25,148555,Edelweiss MSCI India Domestic & World Healthcare 45 Index Fund Direct Plan - Growth,25.1655
2026-08-25,148556,Edelweiss MSCI India Domestic & World Healthcare 45 Index Fund - Direct Plan - IDCW Option,23.1071
2026-08-25,148557,Edelweiss MSCI India Domestic & World Healthcare 45 index Fund Regular Plan - Growth,24.348
2026-08-25,148558,Edelweiss MSCI India Domestic & World Healthcare 45 Index Fund - Regular Plan - IDCW Option,22.2906
2026-08-25,148559,Axis NIFTY Bank ETF,593.8799
2026-08-25,148560,quant ESG Integration Strategy Fund - Growth Option - Regular Plan,39.5608
2026-08-25,148561,quant ESG Integration Strategy Fund - IDCW Option - Regular Plan,39.3687
2026-08-25,148563,quant ESG Integration Strategy Fund - IDCW Option - Direct Plan,43.2136
2026-08-25,148564,quant ESG Integration Strategy Fund - Growth Option - Direct Plan,43.2689
2026-08-25,148566,Mahindra Manulife Focused Fund - Regular Plan - IDCW,17.8656
2026-08-25,148567,Mahindra Manulife Focused Fund - Direct Plan -Growth,29.8934
2026-08-25,148569,Mahindra Manulife Focused Fund - Direct Plan - IDCW,20.3427
2026-08-25,148571,Mahindra Manulife Focused Fund - Regular Plan - Growth,26.9107
2026-08-25,148572,Mirae Asset Nifty 100 ESG Sector Leaders ETF,41.9562
2026-08-25,148573,Mirae Asset Nifty 100 ESG Sector Leaders Fund of Fund - Regular Plan - IDCW,18.110
2026-08-25,148574,Mirae Asset Nifty 100 ESG Sector Leaders Fund of Fund - Direct Plan - Growth,18.524
2026-08-25,148575,Mirae Asset Nifty 100 ESG Sector Leaders Fund of Fund - Direct Plan - IDCW,18.519
2026-08-25,148576,Mirae Asset Nifty 100 ESG Sector Leaders Fund of Fund - Regular Plan - Growth,18.147
2026-08-25,148590,Union Aggressive Hybrid Fund - Regular Plan - IDCW Option,17.15
2026-08-25,148591,Union Aggressive Hybrid Fund - Regular Plan - Growth Option,18.84
2026-08-25,148592,Union Aggressive Hybrid Fund - Direct Plan - Growth Option,20.11
2026-08-25,148593,Union Aggressive Hybrid Fund - Direct Plan - IDCW Option,18.40
2026-08-25,148594,DSP Value Fund - Regular Plan - Growth,23.9660
2026-08-25,148595,DSP Value Fund - Direct Plan - Growth,25.0520
2026-08-25,148596,DSP Value Fund - Direct Plan - IDCW,18.9750
2026-08-25,148597,DSP Value Fund - Regular Plan - IDCW,16.7500
2026-08-25,148598,ICICI Prudential Quant Fund Growth,23.33
2026-08-25,148599,ICICI Prudential Quant Fund IDCW,14.92
2026-08-25,148600,ICICI Prudential Quant Fund Direct Plan Growth,24.22
2026-08-25,148601,ICICI Prudential Quant Fund Direct Plan IDCW,15.66
2026-08-25,148602,Kotak ESG Exclusionary Strategy Fund - Regular Plan - Growth Option,17.132
2026-08-25,148603,Kotak ESG Exclusionary Strategy Fund - Regular Plan - Payout of Income Distribution cum capital withdrawal option,17.132
2026-08-25,148605,Kotak ESG Exclusionary Strategy Fund - Direct Plan - Payout of Income Distribution cum capital withdrawal option,18.751
2026-08-25,148606,Kotak ESG Exclusionary Strategy Fund - Direct Plan - Growth Option,18.752
2026-08-25,148608,HDFC Dividend Yield Fund - IDCW Option Direct Plan,21.971
2026-08-25,148609,HDFC Dividend Yield Fund - Growth Option Direct Plan,27.114
2026-08-25,148610,HDFC Dividend Yield Fund - Growth Plan,25.097
2026-08-25,148611,HDFC Dividend Yield Fund - IDCW Plan,20
2026-08-25,148612,Invesco India - Invesco Global Consumer Trends Fund of Fund - Regular Plan - IDCW (Payout / Reinvestment),12.3034
2026-08-25,148613,Invesco India - Invesco Global Consumer Trends Fund of Fund - Regular Plan - Growth,12.3036
2026-08-25,148614,Invesco India - Invesco Global Consumer Trends Fund of Fund - Direct Plan - Growth,13.0107
2026-08-25,148615,Invesco India - Invesco Global Consumer Trends Fund of Fund - Direct Plan - IDCW (Payout / Reinvestment),13.0099
2026-08-25,148616,UTI Small Cap Fund - Regular Plan - IDCW (Payout),27.9245
2026-08-25,148617,UTI Small Cap Fund - Regular Plan - Growth Option,27.9247
2026-08-25,148618,UTI Small Cap Fund - Direct Plan - Growth Option,30.4225
2026-08-25,148619,UTI Small Cap Fund - Direct Plan - IDCW (Payout),30.4225
2026-08-25,148620,Motilal Oswal Nifty 5 year Benchmark G-sec ETF,65.4650
2026-08-25,148621,Mirae Asset Banking and Financial Services Fund - Regular Plan - Growth,21.711
2026-08-25,148622,Mirae Asset Banking and Financial Services Fund - Regular Plan - IDCW,21.738
2026-08-25,148623,Mirae Asset Banking and Financial Services Fund - Direct Plan - Growth,23.715
2026-08-25,148624,Mirae Asset Banking and Financial Services Fund - Direct Plan - IDCW,23.611
2026-08-25,148631,Axis Innovation Fund - Regular Plan - Growth Option,21.76
2026-08-25,148632,Axis Innovation Fund - Direct Plan - IDCW,19.55
2026-08-25,148633,Axis Innovation Fund - Regular Plan - IDCW,18.21
2026-08-25,148634,Axis Innovation Fund - Direct Plan - Growth Option,23.34
2026-08-25,148635,Aditya Birla Sun Life ESG Integration Strategy Fund-Regular Plan-Growth,18.34
2026-08-25,148636,Aditya Birla Sun Life ESG Integration Strategy Fund-Regular - Payout of IDCW,14.89
2026-08-25,148637,Aditya Birla Sun Life ESG Integration Strategy Fund-Direct Plan-Growth,19.83
2026-08-25,148640,Aditya Birla Sun Life ESG Integration Strategy Fund-Direct - Payout of IDCW,16.11
2026-08-25,148641,Nippon India Diversified Equity Flexicap Passive FoF - Regular Plan - Growth Option,21.1102
2026-08-25,148642,Nippon India Diversified Equity Flexicap Passive FoF - Direct Plan - Growth Option,21.6602
2026-08-25,148643,Nippon India Diversified Equity Flexicap Passive FoF - IDCW Option,21.1102
2026-08-25,148644,Nippon India Diversified Equity Flexicap Passive FoF- DIRECT Plan - IDCW Option,21.6602
2026-08-25,148645,Kotak International REIT Overseas Equity Active FOF - Regular Plan - Growth,11.8754
2026-08-25,148646,Kotak International REIT Overseas Equity Active FOF - Direct Plan - Growth,12.4852
2026-08-25,148647,Kotak International REIT Overseas Equity Active FOF - Regular Plan - Payout of Income Distribution cum capital withdrawal option,11.8755
2026-08-25,148649,Kotak International REIT Overseas Equity Active FOF - Direct Plan - Payout of Income Distribution cum capital withdrawal option,12.4851
2026-08-25,148651,ICICI Prudential Business Cycle Fund Direct Plan Growth,26.63
2026-08-25,148652,ICICI Prudential Business Cycle Fund Direct Plan IDCW,19.39
2026-08-25,148653,ICICI Prudential Business Cycle Fund Growth,24.96
2026-08-25,148654,ICICI Prudential Business Cycle Fund IDCW,17.85
2026-08-25,148657,PGIM India Balanced Advantage Fund - Regular Plan - Growth Option,15.28
2026-08-25,148658,PGIM India Balanced Advantage Fund -  Direct Plan - Growth Option,16.83
2026-08-25,148659,PGIM India Balanced Advantage Fund - Direct Plan - Dividend Option,11.09
2026-08-25,148660,PGIM India Balanced Advantage Fund - Regular Plan - Dividend Option,10.88
2026-08-25,148661,Kotak US Specific Equity Passive FOF - Regular Plan - Growth,27.7757
2026-08-25,148662,Kotak US Specific Equity Passive FOF- Direct Plan - Growth,28.3786
2026-08-25,148663,Nippon India Multi - Asset Omni FoF - Regular Plan - Growth Option,24.3295
2026-08-25,148664,Nippon India Multi - Asset Omni FoF - DIRECT Plan - IDCW Option,25.7004
2026-08-25,148665,Nippon India Multi - Asset Omni FoF - IDCW Option,24.3295
2026-08-25,148666,Nippon India Multi - Asset Omni FoF - Direct Plan - Growth Option,25.7004
2026-08-25,148683,SBI Retirement Benefit Fund - Aggressive Plan - Direct Plan - Growth,22.1177
2026-08-25,148684,SBI Retirement Benefit Fund - Aggressive Hybrid Plan - Regular Plan - Income Distribution cum Capital Withdrawal Option (IDCW),20.0319
2026-08-25,148685,SBI Retirement Benefit Fund - Aggressive Hybrid Plan - Direct Plan - Growth,21.3378
2026-08-25,148686,SBI Retirement Benefit Fund - Aggressive Hybrid Plan - Direct Plan - Income Distribution cum Capital Withdrawal Option (IDCW),21.3400
2026-08-25,148687,SBI Retirement Benefit Fund - Conservative Plan - Regular Plan - Income Distribution cum Capital Withdrawal Option (IDCW),14.6846
2026-08-25,148688,SBI Retirement Benefit Fund - Conservative Plan - Direct Plan - Growth,15.0894
2026-08-25,148689,SBI Retirement Benefit Fund - Conservative Plan - Direct Plan - Income Distribution cum Capital Withdrawal Option (IDCW),15.0872
2026-08-25,148690,SBI Retirement Benefit Fund - Conservative Hybrid Plan - Direct Plan - Growth,16.5141
2026-08-25,148691,SBI Retirement Benefit Fund - Aggressive Plan - Regular Plan - Income Distribution cum Capital Withdrawal Option (IDCW),20.6512
2026-08-25,148692,SBI Retirement Benefit Fund - Conservative Hybrid Plan - Regular Plan - Growth,15.9813
2026-08-25,148693,SBI Retirement Benefit Fund - Conservative Hybrid Plan - Direct Plan - Income Distribution cum Capital Withdrawal Option (IDCW),16.5120
2026-08-25,148694,SBI Retirement Benefit Fund - Aggressive Plan - Direct Plan - Income Distribution cum Capital Withdrawal Option (IDCW),22.1059
2026-08-25,148695,SBI Retirement Benefit Fund - Aggressive Hybrid Plan - Regular Plan - Growth,20.0324
2026-08-25,148696,SBI Retirement Benefit Fund - Conservative Plan - Regular Plan - Growth,14.6848
2026-08-25,148697,SBI Retirement Benefit Fund - Conservative Hybrid Plan - Regular Plan - Income Distribution cum Capital Withdrawal Option (IDCW),15.9830
2026-08-25,148698,SBI Retirement Benefit Fund - Aggressive Plan - Regular Plan - Growth,20.6507
2026-08-25,148699,Axis Greater China Equity Fund of Fund - Direct Plan - Growth Option,12.74
2026-08-25,148700,Axis Greater China Equity Fund of Fund - Direct Plan - IDCW,12.74
2026-08-25,148701,Axis Greater China Equity Fund of Fund - Regular Plan - Growth Option,12.00
2026-08-25,148702,Axis Greater China Equity Fund of Fund - Regular Plan - IDCW,11.99
2026-08-25,148703,UTI Nifty 200 Momentum 30 Index Fund - Direct Plan - Growth Option,21.7322
2026-08-25,148704,UTI Nifty 200 Momentum 30 Index Fund - Regular Plan - Growth Option,21.1593
2026-08-25,148705,BANDHAN FLOATING INTEREST RATES FUND  - REGULAR PLAN GROWTH,13.8170
2026-08-25,148706,BANDHAN FLOATING INTEREST RATES FUND  - REGULAR PLAN QUARTERLY IDCW,10.4717
2026-08-25,148707,BANDHAN FLOATING INTEREST RATES FUND  - REGULAR PLAN MONTHLY IDCW,10.1581
2026-08-25,148708,BANDHAN FLOATING INTEREST RATES FUND  - REGULAR PLAN WEEKLY IDCW,10.1065
2026-08-25,148709,BANDHAN FLOATING INTEREST RATES FUND  - REGULAR PLAN PERIODIC IDCW,13.8186
2026-08-25,148710,BANDHAN FLOATING INTEREST RATES FUND  - REGULAR PLAN DAILY IDCW,10.1131
2026-08-25,148711,BANDHAN FLOATING INTEREST RATES FUND  - DIRECT PLAN GROWTH,14.2167
2026-08-25,148712,BANDHAN FLOATING INTEREST RATES FUND  - DIRECT PLAN QUARTERLY IDCW,10.5124
2026-08-25,148713,BANDHAN FLOATING INTEREST RATES FUND  - DIRECT PLAN MONTHLY IDCW,10.1627
2026-08-25,148714,BANDHAN FLOATING INTEREST RATES FUND  - DIRECT PLAN DAILY IDCW,10.1149
2026-08-25,148715,BANDHAN FLOATING INTEREST RATES FUND  - DIRECT PLAN PERIODIC IDCW,13.9039
2026-08-25,148716,BANDHAN FLOATING INTEREST RATES FUND  - DIRECT PLAN WEEKLY IDCW,10.1084
2026-08-25,148717,BANDHAN FLOATING INTEREST RATES FUND- DIRECT PLAN ANNUAL IDCW,10.5076
2026-08-25,148718,BANDHAN FLOATING INTEREST RATES FUND  - REGULAR PLAN ANNUAL IDCW,10.4688
2026-08-25,148719,Nippon India Nifty 50 Value 20 Index Fund - Regular Plan - Growth Option,17.1916
2026-08-25,148720,NIPPON INDIA NIFTY 50 VALUE 20 INDEX FUND - IDCW Option,17.1916
2026-08-25,148721,Nippon India Nifty 50 Value 20 Index Fund - Direct Plan - Growth Option,17.7282
2026-08-25,148722,NIPPON INDIA NIFTY 50 VALUE 20 INDEX FUND - DIRECT Plan - IDCW Option,17.7282
2026-08-25,148723,Nippon India Nifty Midcap 150 Index Fund - Regular Plan - Growth Option,26.4686
2026-08-25,148724,NIPPON INDIA NIFTY MIDCAP 150 INDEX FUND - IDCW Option,26.4686
2026-08-25,148725,NIPPON INDIA NIFTY MIDCAP 150 INDEX FUND - DIRECT Plan - IDCW Option,27.2640
2026-08-25,148726,Nippon India Nifty Midcap 150 Index Fund - Direct Plan - Growth Option,27.2640
2026-08-25,148727,Mahindra Manulife Short Duration Fund - Regular Plan - Growth,13.5392
2026-08-25,148728,Mahindra Manulife Short Duration Fund - Regular Plan - IDCW,11.5052
2026-08-25,148729,Mahindra Manulife Short Duration Fund - Direct Plan -Growth,14.2727
2026-08-25,148730,Mahindra Manulife Short Duration Fund - Direct Plan - IDCW,12.2007
2026-08-25,148731,ITI Mid Cap Fund - Direct Plan - IDCW Option,24.2095
2026-08-25,148732,ITI Mid Cap Fund - Regular Plan - Growth Option,23.7551
2026-08-25,148733,ITI Mid Cap Fund - Direct Plan - Growth Option,26.4046
2026-08-25,148734,ITI Mid Cap Fund - Regular Plan - IDCW Option,21.6141
2026-08-25,148743,Kotak Nifty Next 50 Index Fund - Regular Plan - Growth Option,21.2838
2026-08-25,148744,Kotak Nifty Next 50 Index Fund - Regular Plan - Payout of Income Distribution cum capital withdrawal option,21.2843
2026-08-25,148745,Kotak Nifty Next 50 Index Fund - Direct Plan - Growth Option,21.8661
2026-08-25,148746,Kotak Nifty Next 50 Index Fund - Direct Plan -Payout of Income Distribution cum capital withdrawal option,21.8657
2026-08-25,148747,Motilal Oswal Multi Asset Passive Fund of Fund - Direct Growth,20.2544
2026-08-25,148748,Motilal Oswal Multi Asset Passive Fund of Fund - Regular Growth,19.6945
2026-08-25,148749,Motilal Oswal Asset Allocation FOF- C- Regular Growth,17.7717
2026-08-25,148750,Motilal Oswal Asset Allocation FOF- C- Direct Growth,18.2779
2026-08-25,148751,Invesco India ESG Integration Strategy Fund - Direct Plan - Growth,18.98
2026-08-25,148752,Invesco India ESG Integration Strategy Fund - Direct Plan - IDCW (Payout / Reinvestment),15.48
2026-08-25,148753,Invesco India ESG Integration Strategy Fund - Regular Plan - Growth,17.45
2026-08-25,148754,Invesco India ESG Integration Strategy Fund - Regular Plan - IDCW (Payout / Reinvestment),14.07
2026-08-25,148755,Mirae Asset Corporate Bond Fund - Direct Plan - Growth,13.8308
2026-08-25,148756,Mirae Asset Corporate Bond Fund - Direct Plan - IDCW,13.8272
2026-08-25,148757,Mirae Asset Corporate Bond Fund - Regular Plan - Growth,13.5054
2026-08-25,148758,Mirae Asset Corporate Bond Fund - Regular Plan - IDCW,13.5053
2026-08-25,148759,SBI US Specific Equity Active FoF- Regular Plan - Income Distribution cum Capital Withdrawal Option (IDCW),24.2338
2026-08-25,148760,SBI US Specific Equity Active FoF - Direct Plan - Growth,25.2113
2026-08-25,148761,SBI US Specific Equity Active FoF- Direct Plan - Income Distribution cum Capital Withdrawal Option (IDCW),25.2114
2026-08-25,148762,SBI US Specific Equity Active FoF- Regular Plan - Growth,24.2346
2026-08-25,148763,Kotak Nifty IT ETF,34.2031
2026-08-25,148768,DSP Floating Interest Rates Fund - Regular Plan - Growth,14.0824
2026-08-25,148769,DSP Floating Interest Rates Fund - Direct Plan - IDCW,14.2956
2026-08-25,148770,DSP Floating Interest Rates Fund - Regular Plan - IDCW,14.0824
2026-08-25,148771,DSP Floating Interest Rates Fund - Direct Plan - Growth,14.2956
2026-08-25,148786,BANDHAN CRISIL IBX Gilt June 2027 Index Fund Regular Plan-Growth,13.7095
2026-08-25,148787,BANDHAN CRISIL IBX Gilt June 2027 Index Fund Regular Plan-IDCW,10.3938
2026-08-25,148788,BANDHAN CRISIL IBX Gilt June 2027 Index Fund Direct Plan-IDCW,10.4074
2026-08-25,148789,BANDHAN CRISIL IBX Gilt June 2027 Index Fund Direct Plan-Growth,13.8968
2026-08-25,148790,BANDHAN CRISIL IBX Gilt April 2028 Index Fund Regular Plan-Growth,13.7986
2026-08-25,148791,BANDHAN CRISIL IBX Gilt April 2028 Index Fund Direct Plan-IDCW,10.3964
2026-08-25,148792,BANDHAN CRISIL IBX Gilt April 2028 Index Fund Direct Plan-Growth,13.9871
2026-08-25,148793,BANDHAN CRISIL IBX Gilt April 2028 Index Fund Regular Plan-IDCW,10.3911
2026-08-25,148799,Axis IT ETF,339.3104
2026-08-25,148800,Nippon India ETF Nifty 5 yr Benchmark G-Sec,66.3154
2026-08-25,148805,Aditya Birla Sun Life Nifty Midcap 150 Index Fund-Regular Growth,25.7638
2026-08-25,148806,Aditya Birla Sun Life Nifty Midcap 150 Index Fund - Regular - Payout of IDCW,25.7598
2026-08-25,148807,Aditya Birla Sun Life Nifty Midcap 150 Index Fund-Direct Growth,26.627
2026-08-25,148809,Aditya Birla Sun Life Nifty Midcap 150 Index Fund - Direct - Payout of IDCW,26.6266
2026-08-25,148811,Aditya Birla Sun Life Nifty Smallcap 50 Index Fund-Regular Growth,23.5994
2026-08-25,148812,Aditya Birla Sun Life Nifty Smallcap 50 Index Fund-Regular - Payout of IDCW,23.6018
2026-08-25,148814,Aditya Birla Sun Life Nifty Smallcap 50 Index Fund-Direct - Payout of IDCW,24.3767
2026-08-25,148815,Aditya Birla Sun Life Nifty Smallcap 50 Index Fund-Direct Growth,24.381
2026-08-25,148821,ICICI Prudential Nifty 100 Low Volatility 30 ETF FOF - Growth,18.2037
2026-08-25,148822,ICICI Prudential Nifty 100 Low Volatility 30 ETF FOF - Direct Plan - Growth,18.6399
2026-08-25,148823,ICICI Prudential Nifty 100 Low Volatility 30 ETF FOF - Direct Plan - IDCW,18.6400
2026-08-25,148824,ICICI Prudential Nifty 100 Low Volatility 30 ETF FOF - IDCW,18.2038
2026-08-25,148833,TRUSTMF Liquid Fund-Regular Plan-Growth,1359.4856
2026-08-25,148834,TRUSTMF Liquid Fund-Regular Plan-Daily Income Distribution cum Capital Withdrawal,1220.6067
2026-08-25,148836,TRUSTMF Liquid Fund-Regular Plan-Weekly Income Distribution cum Capital Withdrawal,1195.3775
2026-08-25,148837,TRUSTMF Liquid Fund-Direct Plan-Weekly Income Distribution cum Capital Withdrawal,1248.7365
2026-08-25,148839,TRUSTMF Liquid Fund-Direct Plan-Monthly Income Distribution cum Capital Withdrawal,1220.6202
2026-08-25,148841,TRUSTMF Liquid Fund-Direct Plan-Growth,1370.5277
2026-08-25,148842,TRUSTMF Liquid Fund-Direct Plan-Daily Income Distribution cum Capital Withdrawal,1293.3412
2026-08-25,148843,TRUSTMF Liquid Fund-Regular Plan-Monthly Income Distribution cum Capital Withdrawal,1210.7541
2026-08-25,148882,Canara Robeco Focused Fund - Direct Plan - IDCW (Payout/Reinvestment),18.6300
2026-08-25,148883,Canara Robeco Focused Fund - Direct Plan - Growth Option,21.9100
2026-08-25,148884,Canara Robeco Focused Fund - Regular Plan - Growth Option,20.2000
2026-08-25,148885,Canara Robeco Focused Fund - Regular Plan - IDCW (Payout/Reinvestment),17.1000
2026-08-25,148900,HDFC Multi-Asset Active FOF - IDCW Option,19.931
2026-08-25,148901,HDFC Multi-Asset Active FOF - Growth Option,19.931
2026-08-25,148902,HDFC Multi-Asset Active FOF - IDCW Option - Direct Plan,21.177
2026-08-25,148903,HDFC Multi-Asset Active FOF - Growth Option -Direct Plan,21.177
2026-08-25,148906,ITI Ultra Short Term Fund - Regular Plan - Growth Option,1317.7701
2026-08-25,148907,ITI Ultra Short Term Fund - Regular Plan - Weekly IDCW Option,1001.3035
2026-08-25,148909,ITI Ultra Short Term Fund - Direct Plan - Annually IDCW Option,1377.6015
2026-08-25,148911,ITI Ultra Short Term Fund - Regular Plan - Fortnightly IDCW Option,1002.7559
2026-08-25,148912,ITI Ultra Short Term Fund - Regular Plan - Daily IDCW Option,1001.0000
2026-08-25,148913,ITI Ultra Short Term Fund - Direct Plan - Growth Option,1375.8476
2026-08-25,148914,ITI Ultra Short Term Fund - Regular Plan - Monthly IDCW Option,1005.4764
2026-08-25,148915,ITI Ultra Short Term Fund - Direct Plan - Weekly IDCW Option,1000.9992
2026-08-25,148916,ITI Ultra Short Term Fund - Direct Plan - Monthly IDCW Option,1006.0329
2026-08-25,148917,ITI Ultra Short Term Fund - Regular Plan - Annually IDCW Option,1317.8290
2026-08-25,148918,Aditya Birla Sun Life Multi-Cap Fund-Regular Growth,21.61
2026-08-25,148919,Aditya Birla Sun Life Multi-Cap Fund-Regular-IDCW Payout,17.78
2026-08-25,148920,Aditya Birla Sun Life Multi-Cap Fund-Direct IDCW Payout,19.09
2026-08-25,148921,Aditya Birla Sun Life Multi-Cap Fund-Direct Growth,23.2
2026-08-25,148922,quant Quantamental Fund - IDCW Option - Regular Plan,25.2367
2026-08-25,148923,quant Quantamental Fund - Growth Option - Regular Plan,25.2074
2026-08-25,148924,quant Quantamental Fund - IDCW Option - Direct Plan,27.4719
2026-08-25,148925,quant Quantamental Fund - Growth Option - Direct Plan,27.3218
2026-08-25,148927,Mirae Asset NYSE FANG + ETF,172.1255
2026-08-25,148928,Mirae Asset NYSE FANG + ETF Fund of Fund - Direct Plan - Growth,43.936
2026-08-25,148929,Mirae Asset NYSE FANG + ETF Fund of Fund - Regular Plan - Growth,43.041
2026-08-25,148934,Axis NIFTY Healthcare ETF,168.9763
2026-08-25,148943,SBI Nifty Next 50 Index Fund - Regular Plan - Growth,20.1977
2026-08-25,148944,SBI Nifty Next 50 Index Fund - Regular Plan - Income Distribution cum Capital Withdrawal Option (IDCW),20.1980
2026-08-25,148945,SBI Nifty Next 50 Index Fund - Direct Plan - Growth,20.6950
2026-08-25,148946,SBI Nifty Next 50 Index Fund - Direct Plan - Income Distribution cum Capital Withdrawal Option (IDCW),20.6938
2026-08-25,148947,Tata Dividend Yield Fund-Direct Plan-Growth,22.1384
2026-08-25,148948,Tata Dividend Yield Fund-Regular Plan-Growth,20.2097
2026-08-25,148949,Tata Dividend Yield Fund-Regular Plan-IDCW Reinvestment,20.2097
2026-08-25,148950,Tata Dividend Yield Fund-Regular Plan-IDCW Payout,20.2097
2026-08-25,148951,Tata Dividend Yield Fund-Direct Plan-IDCW Reinvestment,22.1384
2026-08-25,148952,Tata Dividend Yield Fund-Direct Plan-IDCW Payout,22.1384
2026-08-25,148953,Axis Global Innovation Fund of Fund - Regular Plan - Growth,19.19
2026-08-25,148954,Axis Global Innovation Fund of Fund - Direct Plan - Growth,20.22
2026-08-25,148955,Axis Global Innovation Fund of Fund - Direct Plan - IDCW,20.21
2026-08-25,148956,Axis Global Innovation Fund of Fund - Regular Plan - IDCW,19.19
2026-08-25,148957,ICICI Prudential Nifty Healthcare ETF,170.4084
2026-08-25,148958,Parag Parikh Conservative Hybrid Fund - Direct Plan - Growth,16.1478
2026-08-25,148959,Parag Parikh Conservative Hybrid Fund - Regular Plan - Growth,15.8933
2026-08-25,148960,Parag Parikh Conservative Hybrid Fund - Regular Plan - Monthly IDCW,10.7951
2026-08-25,148961,Parag Parikh Conservative Hybrid Fund - Direct Plan - Monthly IDCW,11.0434
2026-08-25,148962,Aditya Birla Sun Life Nifty 50 Equal Weight Index Fund-Direct Growth,19.3148
2026-08-25,148963,Aditya Birla Sun Life Nifty 50 Equal Weight Index Fund-Direct-IDCW,19.3149
2026-08-25,148964,Aditya Birla Sun Life Nifty 50 Equal Weight Index Fund-Regular IDCW,18.6891
2026-08-25,148965,Aditya Birla Sun Life Nifty 50 Equal Weight Index Fund-Regular Growth,18.6893
2026-08-25,148970,ITI Value Fund - Direct Plan - IDCW Option,18.1237
2026-08-25,148971,ITI Value Fund - Regular Plan - IDCW Option,16.2704
2026-08-25,148972,ITI Value Fund - Direct Plan - Growth Option,19.1441
2026-08-25,148973,ITI Value Fund - Regular Plan - Growth Option,17.2812
2026-08-25,148974,Kotak Nifty 50 Index Fund - Regular Plan-Growth,15.929
2026-08-25,148976,Kotak Nifty 50 Index Fund - Direct Plan-IDCW Payout,16.18
2026-08-25,148978,Kotak Nifty 50 Index Fund - Direct Plan-Growth,16.184
2026-08-25,148979,Kotak Nifty 50 Index Fund - Regular Plan-IDCW Payout,15.928
2026-08-25,148980,BANK OF INDIA Large Cap Fund Direct Plan Growth,18.20
2026-08-25,148981,BANK OF INDIA Large Cap Fund Direct Plan IDCW,18.16
2026-08-25,148982,BANK OF INDIA Large Cap Fund Regular Plan Growth,17.02
2026-08-25,148983,BANK OF INDIA Large Cap Fund Regular Plan IDCW,17.02
2026-08-25,148984,HDFC Banking & Financial Services Fund - IDCW Option,15.849
2026-08-25,148985,HDFC Banking & Financial Services Fund - IDCW Option - Direct Plan,17.138
2026-08-25,148986,HDFC Banking & Financial Services Fund - Growth Option - Direct Plan,19.391
2026-08-25,148987,HDFC Banking & Financial Services Fund - Growth Option,18.056
2026-08-25,148988,ICICI Prudential Flexi Cap Fund - IDCW,17.72
2026-08-25,148989,ICICI Prudential Flexi Cap Fund - Growth,21.14
2026-08-25,148990,ICICI Prudential Flexi Cap Fund - Direct Plan - Growth,22.40
2026-08-25,148991,ICICI Prudential Flexi Cap Fund - Direct Plan - IDCW,18.95
2026-08-25,148992,Axis Quant Fund - Regular Plan - Growth,16.35
2026-08-25,148993,Axis Quant Fund - Direct Plan - Growth,17.73
2026-08-25,148994,Axis Quant Fund - Direct Plan - IDCW,16.35
2026-08-25,148995,Axis Quant Fund - Regular Plan - IDCW,15.07
2026-08-25,149000,Tata Floating Rate Fund-Direct Plan-IDCW Monthly Payout,13.9459
2026-08-25,149001,Tata Floating Rate Fund-Direct Plan-IDCW Quarterly Payout,13.9459
2026-08-25,149002,Tata Floating Rate Fund-Direct Plan-IDCW Periodic Payout,13.9459
2026-08-25,149003,Tata Floating Rate Fund-Regular Plan-Growth,13.6405
2026-08-25,149004,Tata Floating Rate Fund-Regular Plan-IDCW Monthly Payout,13.6405
2026-08-25,149005,Tata Floating Rate Fund-Regular Plan-IDCW Quarterly Payout,13.6405
2026-08-25,149006,Tata Floating Rate Fund-Regular Plan-IDCW Periodic Payout,13.6405
2026-08-25,149007,Tata Floating Rate Fund -Direct Plan-Growth,13.9459
2026-08-25,149008,Nippon India Nifty Pharma ETF,27.3188
2026-08-25,149009,Invesco India Medium Term Fund - Regular Plan - Quarterly IDCW (Payout / Reinvestment),1045.5795
2026-08-25,149010,Invesco India Medium Term Fund - Regular Plan - Discretionary IDCW(Payout / Reinvestment)),1304.1139
2026-08-25,149011,Invesco India Medium Term Fund - Direct Plan - Growth,1361.1226
2026-08-25,149012,Invesco India Medium Term Fund - Regular Plan - Growth,1304.1064
2026-08-25,149013,Invesco India Medium Term Fund - Direct Plan - Discretionary IDCW (Payout/Reinvestment),1361.0245
2026-08-25,149014,Invesco India Medium Term Fund - Direct Plan - Quarterly IDCW (Payout / Reinvestment)),1047.7231
2026-08-25,149019,PGIM India Small Cap Fund - Direct Plan- Growth Option,20.33
2026-08-25,149020,PGIM India Small Cap Fund - Regular Plan - Growth Option,18.69
2026-08-25,149021,ITI Dynamic Term Fund - Regular Plan - Growth Option,12.8334
2026-08-25,149022,ITI Dynamic Term Fund - Regular Plan - Monthly IDCW Option,10.0078
2026-08-25,149023,ITI Dynamic Term Fund - Direct Plan - Monthly IDCWOption,10.1389
2026-08-25,149024,ITI Dynamic Term Fund - Regular Plan - Quarterly IDCW Option,12.8369
2026-08-25,149025,ITI Dynamic Term Fund - Direct Plan - Quarterly IDCW Option,13.5706
2026-08-25,149026,ITI Dynamic Term Fund - Regular Plan - Half Yearly IDCW Option,12.8378
2026-08-25,149027,ITI Dynamic Term Fund - Regular Plan - Annually IDCWOption,12.8345
2026-08-25,149028,ITI Dynamic Term Fund - Direct Plan - Half Yearly IDCW Option,11.2573
2026-08-25,149029,ITI Dynamic Term Fund - Direct Plan - Growth Option,13.5420
2026-08-25,149030,ITI Dynamic Term Fund - Direct Plan - Annually IDCW Option,13.5399
2026-08-25,149031,PGIM India Small Cap Fund - Direct Plan - IDCW Option,16
2026-08-25,149032,PGIM India Small Cap Fund - Regular Plan - IDCW Option,15.21
2026-08-25,149033,Tata Floating Rate Fund-Direct Plan-IDCW Periodic Dividend Reinvestment,13.9459
2026-08-25,149034,Tata Floating Rate Fund-Direct Plan-IDCW Quarterly Dividend Reinvestment,13.9459
2026-08-25,149035,Tata Floating Rate Fund-Regular Plan-IDCW Monthly Dividend Reinvestment,13.6405
2026-08-25,149036,Tata Floating Rate Fund-Regular Plan-IDCW Periodic Dividend Reinvestment,13.6405
2026-08-25,149037,Tata Floating Rate Fund-Direct Plan-IDCW Monthly Dividend Reinvestment,13.9459
2026-08-25,149038,Tata Floating Rate Fund-Regular Plan-IDCW Quarterly Dividend Reinvestment,13.6405
2026-08-25,149039,Navi Nifty 50 Index Fund-Direct Plan-Growth,16.0743
2026-08-25,149040,Navi Nifty 50 Index Fund-Regular Plan-Growth,15.9058
2026-08-25,149041,SBI Nifty Consumption ETF,125.0426
2026-08-25,149046,Axis Floater Fund - Regular Plan - Quarterly IDCW,1323.1733
2026-08-25,149047,Axis Floater Fund - Regular Plan - Annual IDCW,1365.4595
2026-08-25,149048,Axis Floater Fund - Regular Plan - Growth,1401.6967
2026-08-25,149049,Axis Floater Fund - Direct Plan - Growth,1426.9547
2026-08-25,149050,Axis Floater Fund - Direct Plan - Daily IDCW,1002.0173
2026-08-25,149051,Axis Floater Fund - Direct Plan - Monthly IDCW,1007.6325
2026-08-25,149052,Axis Floater Fund - Direct Plan - Quarterly IDCW,1345.9098
2026-08-25,149053,Axis Floater Fund - Regular Plan - Monthly IDCW,1008.3890
2026-08-25,149054,Axis Floater Fund - Regular Plan - Daily IDCW,1012.8157
2026-08-25,149055,Axis Floater Fund - Direct Plan - Annual IDCW,1388.4895
2026-08-25,149056,Kotak Global Innovation Overseas Equity Active FOF - Regular Plan-Growth,15.2068
2026-08-25,149058,Kotak Global Innovation Overseas Equity Active FOF - Regular Plan -IDCW Option,15.2073
2026-08-25,149059,Kotak Global Innovation Overseas Equity Active FOF- Direct Plan -Growth,16.1455
2026-08-25,149060,Kotak Global Innovation Overseas Equity Active FOF- Direct Plan - IDCW Option,16.143
2026-08-25,149066,Tata Business Cycle Fund-Direct Plan-IDCW Payout,21.0072
2026-08-25,149067,Tata Business Cycle Fund-Direct Plan-IDCW Reinvestment,21.0072
2026-08-25,149068,Tata Business Cycle Fund-Regular Plan-Growth,19.4108
2026-08-25,149069,Tata Business Cycle Fund-Regular Plan-IDCW Reinvestment,19.4108
2026-08-25,149070,Tata Business Cycle Fund-Regular Plan-IDCW Payout,19.4108
2026-08-25,149071,Tata Business Cycle Fund-Direct Plan-Growth,21.0072
2026-08-25,149072,ICICI Prudential Nifty FMCG ETF,51.2969
2026-08-25,149073,TRUSTMF Short Duration Fund-Regular Plan-Growth,1324.6815
2026-08-25,149074,TRUSTMF Short Duration Fund-Regular Plan-Weekly Income Distribution Cum Capital Withdrawal,1117.1589
2026-08-25,149075,TRUSTMF Short Duration Fund-Regular Plan-Quarterly Income Distribution Cum Capital Withdrawal,1148.9474
2026-08-25,149076,TRUSTMF Short Duration Fund-Direct Plan-Growth,1358.5942
2026-08-25,149077,TRUSTMF Short Duration Fund-Direct Plan-Weekly Income Distribution Cum Capital Withdrawal,1137.5509
2026-08-25,149078,TRUSTMF Short Duration Fund-Direct Plan-Monthly Income Distribution Cum Capital Withdrawal,1161.0967
2026-08-25,149079,TRUSTMF Short Duration Fund-Direct Plan-Quarterly Income Distribution Cum Capital Withdrawal,1180.6148
2026-08-25,149080,TRUSTMF Short Duration Fund-Regular Plan-Monthly Income Distribution Cum Capital Withdrawal,1140.0020
2026-08-25,149085,Canara Robeco Value Fund - Direct Plan - Growth Option,19.7700
2026-08-25,149086,Canara Robeco Value Fund - Direct Plan - IDCW (Payout/Reinvestment),17.6600
2026-08-25,149087,Canara Robeco Value Fund - Regular Plan - IDCW (Payout/Reinvestment),16.3500
2026-08-25,149088,Canara Robeco Value Fund - Regular Plan - Growth Option,18.3000
2026-08-25,149089,Nippon India Flexi Cap Fund - Regular Plan - Growth Plan - Growth Option,17.0884
2026-08-25,149090,UTI Focused Fund (30 stocks) - Regular Plan - Growth Option,15.8116
2026-08-25,149091,UTI Focused Fund (30 stocks) - Direct Plan - Growth Option,17.0299
2026-08-25,149092,UTI Focused Fund (30 stocks) - Regular Plan - IDCW Payout Option,15.8117
2026-08-25,149093,UTI Focused Fund (30 stocks) - Direct Plan - IDCW Payout Option,17.0296
2026-08-25,149094,Nippon India Flexi Cap Fund - Direct Plan - Growth Plan - Growth Option,18.3218
2026-08-25,149095,Nippon India Flexi Cap Fund - Direct Plan - IDCW Option,18.3218
2026-08-25,149096,Nippon India Flexi Cap Fund - Regular Plan - IDCW Option,17.0884
2026-08-25,149097,Bandhan US specific Equity Active FOF - IDCW - REGULAR PLAN,19.395
2026-08-25,149098,Bandhan US specific Equity Active FOF - GROWTH - DIRECT PLAN,20.425
2026-08-25,149099,Bandhan US specific Equity Active FOF - IDCW - DIRECT PLAN,20.425
2026-08-25,149100,Bandhan US specific Equity Active FOF - GROWTH - REGULAR PLAN,19.395
2026-08-25,149101,Mahindra Manulife Flexi Cap Fund - Regular Plan -Growth,16.2103
2026-08-25,149102,Mahindra Manulife Flexi Cap Fund - Regular Plan -IDCW,12.8325
2026-08-25,149103,Mahindra Manulife Flexi Cap Fund - Direct Plan -IDCW,14.2697
2026-08-25,149104,Mahindra Manulife Flexi Cap Fund - Direct Plan -Growth,17.7243
2026-08-25,149105,Mirae Asset Nifty Financial Services ETF,27.3129
2026-08-25,149106,HDFC NIFTY50 Equal weight Index Fund - Growth Option,18.4014
2026-08-25,149107,HDFC NIFTY50 Equal weight Index Fund - Direct Plan - Growth Option,18.8805
2026-08-25,149112,Mirae Asset Money Market Fund - Direct Plan - Growth,1375.7725
2026-08-25,149113,Mirae Asset Money Market Fund - Direct Plan - IDCW,1373.5102
2026-08-25,149114,Mirae Asset Money Market Fund - Regular Plan - IDCW,1351.5637
2026-08-25,149115,Mirae Asset Money Market Fund - Regular Plan - Growth,1351.5733
2026-08-25,149116,Union Money Market Fund - Regular Plan -  Growth Option,1318.4958
2026-08-25,149117,Union Money Market Fund - Direct Plan -  Growth Option,1365.6511
2026-08-25,149118,Union Money Market Fund - Regular Plan - Daily IDCW Option,1003.2031
2026-08-25,149123,Union Money Market Fund - Direct Plan -  Monthly IDCW Option,1015.6907
2026-08-25,149132,SBI Balanced Advantage Fund - Regular Plan - Growth,15.9391
2026-08-25,149133,SBI Balanced Advantage Fund - Regular Plan - Income Distribution cum Capital Withdrawal Option (IDCW),15.9393
2026-08-25,149134,SBI Balanced Advantage Fund - Direct Plan - Growth,16.7112
2026-08-25,149135,SBI Balanced Advantage Fund - Direct Plan - Income Distribution cum Capital Withdrawal Option (IDCW),16.7115
2026-08-25,149140,Baroda BNP Paribas Business Cycle Fund - Regular Plan - Growth,16.3877
2026-08-25,149141,Baroda BNP Paribas Business Cycle Fund - Direct Plan - Growth,17.6139
2026-08-25,149142,Baroda BNP Paribas Business Cycle Fund - Regular Plan - IDCW Option,13.6898
2026-08-25,149143,Baroda BNP Paribas Business Cycle Fund - Direct Plan - IDCW Option,14.7152
2026-08-25,149156,Axis NIFTY India Consumption ETF,124.6822
2026-08-25,149157,ICICI Prudential Nifty Alpha Low - Volatility 30 ETF FOF - Growth,14.9839
2026-08-25,149158,ICICI Prudential Nifty Alpha Low - Volatility 30 ETF FOF - Direct Plan - Growth,15.3193
2026-08-25,149159,ICICI Prudential Nifty Alpha Low - Volatility 30 ETF FOF - IDCW,14.9839
2026-08-25,149160,ICICI Prudential Nifty Alpha Low - Volatility 30 ETF FOF - Direct Plan - IDCW,15.3189
2026-08-25,149165,Axis Value Fund - Regular Plan - IDCW,17.20
2026-08-25,149166,Axis Value Fund - Direct Plan - Growth,21.92
2026-08-25,149167,Axis Value Fund - Regular Plan - Growth,20.45
2026-08-25,149168,Axis Value Fund - Direct Plan - IDCW,18.43
2026-08-25,149169,Mirae Asset S&P 500 Top 50 ETF,66.6390
2026-08-25,149170,Mirae Asset S&P 500 Top 50 ETF Fund of Fund - Direct Plan - Growth,28.496
2026-08-25,149171,Mirae Asset S&P 500 Top 50 ETF Fund of Fund - Regular Plan - Growth,27.931
2026-08-25,149172,SBI Fixed Maturity Plan (FMP) - Series 50 (1843 Days) - Regular Plan - Growth,13.2795
2026-08-25,149173,SBI Fixed Maturity Plan (FMP) - Series 50 (1843 Days) - Regular Plan -Income Distribution Capital Withdrawal Option (IDCW),13.2795
2026-08-25,149174,SBI Fixed Maturity Plan (FMP) - Series 50 (1843 Days) - Direct Plan - Growth,13.3869
2026-08-25,149175,SBI Fixed Maturity Plan (FMP) - Series 50 (1843 Days) - Direct Plan - Income Distribution Capital Withdrawal Option (IDCW),13.3870
2026-08-25,149180,HDFC Developed World Overseas Equity Passive FOF - Direct Plan - Growth Option,22.213
2026-08-25,149181,HDFC Developed World Overseas Equity Passive FOF - Growth Option,21.716
2026-08-25,149182,Kotak Multi Cap Fund-Regular Plan-Growth,20.359
2026-08-25,149183,Kotak Multi Cap Fund- Regular Plan -IDCW Option,18.711
2026-08-25,149185,Kotak Multi Cap Fund-Direct Plan-Growth,21.814
2026-08-25,149187,Kotak Multi Cap Fund-Direct Plan-IDCW Option,20.048
2026-08-25,149188,DSP FMP Series - 264 - 60M - 17D - Regular Plan - Growth,13.3166
2026-08-25,149189,DSP FMP Series - 264 - 60M - 17D - Regular - IDCW,13.3160
2026-08-25,149190,DSP FMP Series - 264 - 60M - 17D - Direct - Growth,13.4164
2026-08-25,149191,DSP FMP Series - 264 - 60M - 17D - Direct - IDCW,13.4164
2026-08-25,149194,SBI Fixed Maturity Plan (FMP) - Series 51 (1846 Days) - Direct Plan - Income Distribution Capital Withdrawal Option (IDCW),13.3779
2026-08-25,149195,SBI Fixed Maturity Plan (FMP) - Series 51 (1846 Days) - Direct Plan - Growth,13.3775
2026-08-25,149196,SBI Fixed Maturity Plan (FMP) - Series 51 (1846 Days) - Regular Plan - Income Distribution Capital Withdrawal Option (IDCW),13.2904
2026-08-25,149197,SBI Fixed Maturity Plan (FMP) - Series 51 (1846 Days) - Regular Plan - Growth,13.2903
2026-08-25,149198,Aditya Birla Sun Life Nifty SDL Plus PSU Bond SEP 2026 60:40 Index Fund-Regular Growth,13.1931
2026-08-25,149199,Aditya Birla Sun Life Nifty SDL Plus PSU Bond SEP 2026 60:40 Index Fund-Direct Growth,13.2937
2026-08-25,149200,Aditya Birla Sun Life Nifty SDL Plus PSU Bond SEP 2026 60:40 Index Fund-Direct IDCW,13.2939
2026-08-25,149201,Aditya Birla Sun Life Nifty SDL Plus PSU Bond SEP 2026 60:40 Index Fund-Regular IDCW,13.194
2026-08-25,149208,ICICI Prudential Nifty PSU Bond Plus SDL Sep 2027 40:60 Index Fund - Growth,13.2495
2026-08-25,149210,ICICI Prudential Nifty PSU Bond Plus SDL Sep 2027 40:60 Index Fund - Direct Plan Growth,13.3736
2026-08-25,149218,ICICI Prudential NASDAQ 100 Index Fund - Growth,23.7642
2026-08-25,149219,ICICI Prudential NASDAQ 100 Index Fund - Direct Plan - Growth,24.3158
2026-08-25,149220,ICICI Prudential NASDAQ 100 Index Fund - IDCW,23.7638
2026-08-25,149221,ICICI Prudential NASDAQ 100 Index Fund - Direct Plan - IDCW,24.3136
2026-08-25,149224,ICICI Prudential Nifty PSU Bond Plus SDL Sep 2027 40:60 Index Fund - Annual - IDCW,13.2493
2026-08-25,149227,ICICI Prudential Nifty PSU Bond Plus SDL Sep 2027 40:60 Index Fund - Direct Plan Annual - IDCW,13.3735
2026-08-25,149228,Mahindra Manulife Asia Pacific REITs FOF - Regular Plan - Growth,10.9179
2026-08-25,149229,Mahindra Manulife Asia Pacific REITs FOF - Regular Plan - IDCW,10.9179
2026-08-25,149230,Mahindra Manulife Asia Pacific REITs FOF - Direct Plan - Growth,11.4330
2026-08-25,149231,Mahindra Manulife Asia Pacific REITs FOF - Direct Plan - IDCW,11.4330
2026-08-25,149232,SBI Fixed Maturity Plan (FMP) - Series 52 (1848 Days) - Direct Plan - Growth,13.3562
2026-08-25,149233,SBI Fixed Maturity Plan (FMP) - Series 52 (1848 Days) - Regular Plan - Income Distribution Cum Withdrawal (IDCW),13.2720
2026-08-25,149234,SBI Fixed Maturity Plan (FMP) - Series 52 (1848 Days) - Direct Plan - Income Distribution Cum Withdrawal (IDCW),13.3562
2026-08-25,149235,SBI Fixed Maturity Plan (FMP) - Series 52 (1848 Days) - Regular Plan - Growth,13.2721
2026-08-25,149240,Motilal Oswal 5 Year G-Sec Fund Of Fund Direct -Growth,13.2638
2026-08-25,149241,Motilal Oswal 5 Year G-Sec Fund Of Fund Regular -Growth,13.2151
2026-08-25,149246,Edelweiss NIFTY PSU Bond Plus SDL Apr 2027 50:50 Index Fund - Direct Plan - IDCW,12.5772
2026-08-25,149247,Edelweiss NIFTY PSU Bond Plus SDL Apr 2027 50:50 Index Fund - Direct Plan Growth,13.3826
2026-08-25,149248,Edelweiss NIFTY PSU Bond Plus SDL Apr 2027 50:50 Index Fund - Regular Plan - IDCW,12.4548
2026-08-25,149249,Edelweiss NIFTY PSU Bond Plus SDL Apr 2027 50:50 Index Fund - Regular Plan - Growth,13.2577
2026-08-25,149250,Edelweiss Nifty 50 Index Fund Direct Plan Growth,14.4366
2026-08-25,149251,Edelweiss Nifty 50 Index Fund Direct Plan IDCW,14.2369
2026-08-25,149252,Edelweiss Nifty 50 Index Fund Regular Plan Growth,13.9279
2026-08-25,149253,Edelweiss Nifty 50 Index Fund Regular Plan IDCW,13.9277
2026-08-25,149254,Edelweiss Nifty 100 Quality 30 Index Fund Direct Plan Growth,15.0801
2026-08-25,149255,Edelweiss Nifty 100 Quality 30 Index Fund Direct Plan IDCW,14.8691
2026-08-25,149256,Edelweiss Nifty 100 Quality 30 Index Fund Regular Plan Growth,14.6221
2026-08-25,149257,Edelweiss Nifty 100 Quality 30 Index Fund Regular Plan IDCW,14.6211
2026-08-25,149258,LIC MF Balanced Advantage Fund-Regular Plan-IDCW,12.2124
2026-08-25,149259,LIC MF Balanced Advantage Fund-Regular Plan-Growth,14.0767
2026-08-25,149260,LIC MF Balanced Advantage Fund-Direct Plan-IDCW,13.0633
2026-08-25,149261,LIC MF Balanced Advantage Fund-Direct Plan-Growth,15.2168
2026-08-25,149262,Aditya Birla Sun Life Nifty Healthcare ETF,17.0844
2026-08-25,149263,NJ Balanced Advantage Fund - Regular Plan - IDCW Payout Option,13.82
2026-08-25,149264,NJ Balanced Advantage Fund - Direct Plan - Growth Option,14.72
2026-08-25,149265,NJ Balanced Advantage Fund - Direct Plan - IDCW Payout Option,14.72
2026-08-25,149266,NJ Balanced Advantage Fund - Regular Plan - Growth Option,13.82
2026-08-25,149268,ITI Pharma and Healthcare Fund - Direct Plan - Growth Option,19.8605
2026-08-25,149269,ITI Pharma and Healthcare Fund - Regular Plan - IDCW Option,18.0538
2026-08-25,149270,ITI Pharma and Healthcare Fund - Regular Plan - Growth Option,18.0538
2026-08-25,149271,ITI Pharma and Healthcare Fund - Direct Plan - IDCW Option,19.8582
2026-08-25,149277,SBI Fixed Maturity Plan (FMP) - Series 53 (1839 Days) - Direct Plan - Income Distribution Cum Withdrawal Option (IDCW),13.3773
2026-08-25,149278,SBI Fixed Maturity Plan (FMP) - Series 53 (1839 Days) - Regular Plan - Growth,13.3058
2026-08-25,149279,SBI Fixed Maturity Plan (FMP) - Series 53 (1839 Days) - Direct Plan - Growth,13.3773
2026-08-25,149280,SBI Fixed Maturity Plan (FMP) - Series 53 (1839 Days) - Regular Plan - Income  Distribution Cum Withdrawal Option (IDCW),13.3058
2026-08-25,149281,ICICI Prudential Nifty Smallcap 250 Index Fund - Growth,18.3081
2026-08-25,149282,ICICI Prudential Nifty Smallcap 250 Index Fund - IDCW,18.3088
2026-08-25,149283,ICICI Prudential Nifty Smallcap 250 Index Fund - Direct Plan - Growth,18.8469
2026-08-25,149284,ICICI Prudential Nifty Smallcap 250 Index Fund - Direct Plan - IDCW,18.8462
2026-08-25,149285,ICICI Prudential Nifty India Consumption ETF,125.5252
2026-08-25,149286,DSP Nifty 50 Equal Weight ETF,347.2781
2026-08-25,149287,HDFC NIFTY Next 50 Index Fund - Growth Option,17.282
2026-08-25,149288,HDFC NIFTY Next 50 Index Fund - Direct Plan - Growth Option,17.6393
2026-08-25,149289,Aditya Birla Sun Life US Equity Passive FOF-Direct IDCW,22.8844
2026-08-25,149290,Aditya Birla Sun Life US Equity Passive FOF-Regular Growth,22.4644
2026-08-25,149291,Aditya Birla Sun Life US Equity Passive FOF-Direct-Growth,22.8813
2026-08-25,149292,Aditya Birla Sun Life US Equity Passive FOF-Regular IDCW,22.4626
2026-08-25,149293,Aditya Birla Sun Life Nifty IT ETF,33.7152
2026-08-25,149294,Aditya Birla Sun Life Business Cycle Fund-Regular IDCW Payout,14.44
2026-08-25,149295,Aditya Birla Sun Life Business Cycle Fund-Direct Growth,17.52
2026-08-25,149296,Aditya Birla Sun Life Business Cycle Fund-Regular-Growth,16.51
2026-08-25,149297,Aditya Birla Sun Life Business Cycle Fund-Direct IDCW Payout,15.33
2026-08-25,149298,PGIM India Global Select Real Estate Securities Fund of Fund - Direct Plan - Growth Option,14.26
2026-08-25,149299,PGIM India Global Select Real Estate Securities Fund of Fund - Regular Plan - Growth Option,13.71
2026-08-25,149302,BANDHAN MULTI CAP FUND - IDCW - REGULAR PLAN,15.480
2026-08-25,149303,BANDHAN MULTI CAP FUND - GROWTH - DIRECT PLAN,19.078
2026-08-25,149304,BANDHAN MULTI CAP FUND - IDCW - DIRECT PLAN,16.810
2026-08-25,149305,BANDHAN MULTI CAP FUND - GROWTH - REGULAR PLAN,17.755
2026-08-25,149306,SBI Fixed Maturity Plan (FMP) - Series 54 (1842 Days) - Regular Plan - Income Distribution Cum Capital Withdrawal Option (IDCW),13.2861
2026-08-25,149307,SBI Fixed Maturity Plan (FMP) - Series 54 (1842 Days) - Direct Plan - Growth,13.3619
2026-08-25,149308,SBI Fixed Maturity Plan (FMP) - Series 54 (1842 Days) - Regular Plan - Growth,13.2861
2026-08-25,149309,SBI Fixed Maturity Plan (FMP) - Series 54 (1842 Days) - Direct Plan - Income Distribution Cum Withdrawal Option (IDCW),13.3624
2026-08-25,149310,Unclaimed Redemption - Upto 3 years (Invested in DSP Overnight Fund),13.1182
2026-08-25,149311,Unclaimed Redemption - Beyond 3 years (Invested in DSP Overnight Fund),10.0000
2026-08-25,149312,Unclaimed IDCW - Upto 3 years (Invested in DSP Overnight Fund),13.1182
2026-08-25,149313,Unclaimed IDCW - Beyond 3 years (Invested in DSP Overnight Fund),10.0000
2026-08-25,149316,360 ONE QUANT FUND REGULAR INCOME DISTRIBUTION CUM CAPITAL WITHDRAWAL,19.3234
2026-08-25,149317,360 ONE QUANT FUND REGULAR GROWTH,19.3234
2026-08-25,149318,360 ONE QUANT FUND DIRECT GROWTH,20.5166
2026-08-25,149319,360 ONE QUANT FUND DIRECT INCOME DISTRIBUTION CUM CAPITAL WITHDRAWAL,20.5166
2026-08-25,149321,ITI Banking and Financial Services Fund - Direct Plan - Growth Option,17.7953
2026-08-25,149322,ITI Banking and Financial Services Fund - Direct Plan - IDCW Option,16.7927
2026-08-25,149323,ITI Banking and Financial Services Fund - Regular Plan - IDCW Option,15.2254
2026-08-25,149324,ITI Banking and Financial Services Fund -Regular Plan - Growth Option,16.2172
2026-08-25,149325,Nippon India Taiwan Equity Fund- Regular Plan- IDCW option,33.2310
2026-08-25,149327,Nippon India Taiwan Equity Fund- Direct Plan- IDCW option,35.5691
2026-08-25,149328,Nippon India Taiwan Equity fund- Regular Plan- Growth Option,33.2310
2026-08-25,149329,Nippon India Taiwan Equity Fund- Direct Plan- Growth Option,35.5691
2026-08-25,149331,ICICI Prudential BSE 500 ETF FOF - Direct Plan - Growth,16.1502
2026-08-25,149332,ICICI Prudential BSE 500 ETF FOF - IDCW,15.7941
2026-08-25,149333,ICICI Prudential BSE 500 ETF FOF - Direct Plan - IDCW,16.1498
2026-08-25,149334,ICICI Prudential BSE 500 ETF FOF - Growth,15.7942
2026-08-25,149335,Quant Value Fund - Growth Option  - Direct Plan,24.4949
2026-08-25,149336,Quant Value Fund - IDCW Option- Regular Plan,22.7934
2026-08-25,149337,Quant Value Fund - Growth Option - Regular Plan,22.6691
2026-08-25,149338,Quant Value Fund - IDCW Option - Direct Plan,23.2731
2026-08-25,149339,Edelweiss NIFTY Large Midcap 250 Index Fund - Direct Plan Payout,16.692
2026-08-25,149341,Edelweiss NIFTY Large Midcap 250 Index Fund - Regular Plan Growth,17.17
2026-08-25,149342,Edelweiss NIFTY Large Midcap 250 Index Fund - Regular Plan Payout,16.1476
2026-08-25,149343,Edelweiss NIFTY Large Midcap 250 Index Fund - Direct Plan Growth,17.714
2026-08-25,149345,SBI Fixed Maturity Plan (FMP) - Series 55 (1849 Days) - Direct Plan - Growth,13.3315
2026-08-25,149346,SBI Fixed Maturity Plan (FMP) - Series 55 (1849 Days) - Regular Plan - Income Distribution Cum Capital Withdrawal Option (IDCW),13.2572
2026-08-25,149347,SBI Fixed Maturity Plan (FMP) - Series 55 (1849 Days) - Regular Plan - Growth,13.2572
2026-08-25,149348,SBI Fixed Maturity Plan (FMP) - Series 55 (1849 Days) - Direct Plan - Income Distribution cum Capital Withdrawal Option (IDCW),13.3315
2026-08-25,149351,Tata Corporate Bond Fund-Regular Plan-Growth,13.0694
2026-08-25,149352,Tata Corporate Bond Fund-Regular Plan-IDCW Periodic Reinvestment,13.0694
2026-08-25,149353,Tata Corporate Bond Fund-Regular Plan-IDCW Monthly Payout,13.0694
2026-08-25,149354,Tata Corporate Bond Fund-Regular Plan-IDCW Quarterly Payout,13.0694
2026-08-25,149355,Tata Corporate Bond Fund-Direct Plan-IDCW Periodic Payout,13.4239
2026-08-25,149356,Tata Corporate Bond Fund-Direct Plan-IDCW Periodic Reinvestment,13.4239
2026-08-25,149357,Tata Corporate Bond Fund-Direct Plan-IDCW Monthly Reinvestment,13.4239
2026-08-25,149358,Tata Corporate Bond Fund-Direct Plan-IDCW Quarterly Reinvestment,13.4239
2026-08-25,149359,Tata Corporate Bond Fund-Regular Plan-IDCW Quarterly Reinvestment,13.0694
2026-08-25,149360,Tata Corporate Bond Fund-Regular Plan-IDCW Periodic Payout,13.0694
2026-08-25,149361,Tata Corporate Bond Fund-Direct Plan-Growth,13.4239
2026-08-25,149362,Tata Corporate Bond Fund-Direct Plan-IDCW Quarterly Payout,13.4239
2026-08-25,149363,Tata Corporate Bond Fund-Regular Plan-IDCW Monthly Reinvestment,13.0694
2026-08-25,149364,Tata Corporate Bond Fund-Direct Plan-IDCW Monthly Payout,13.4239
2026-08-25,149365,HDFC Multi Cap Fund - IDCW Option,17.29
2026-08-25,149366,HDFC Multi Cap Fund - Growth Option,19.086
2026-08-25,149367,HDFC Multi Cap Fund - IDCW Option - Direct Plan,18.414
2026-08-25,149368,HDFC Multi Cap Fund - Growth Option - Direct Plan,20.15
2026-08-25,149371,Axis Nifty 50 Index Fund - Regular Plan - Growth Option,14.6045
2026-08-25,149372,Axis Nifty 50 Index Fund - Regular Plan - IDCW,13.8531
2026-08-25,149373,Axis Nifty 50 Index Fund - Direct Plan - Growth,14.8072
2026-08-25,149374,Axis Nifty 50 Index Fund - Direct Plan - IDCW,14.0444
2026-08-25,149379,Mirae Asset Hang Seng TECH ETF,18.8078
2026-08-25,149380,Mirae Asset Hang Seng TECH ETF Fund of Fund - Regular Plan - Growth,11.610
2026-08-25,149381,Mirae Asset Hang Seng TECH ETF Fund of Fund - Direct Plan - Growth,11.862
2026-08-25,149382,Axis Multicap Fund - Regular Plan - Growth,19.92
2026-08-25,149383,Axis Multicap Fund - Direct Growth,21.12
2026-08-25,149384,Axis Multicap Fund - Direct Plan - IDCW,20.09
2026-08-25,149387,Axis Multicap Fund - Regular Plan - IDCW,18.95
2026-08-25,149388,ICICI Prudential Nifty Midcap 150 Index Fund - IDCW,20.3799
2026-08-25,149389,ICICI Prudential Nifty Midcap 150 Index Fund - Direct Plan - Growth,21.0606
2026-08-25,149390,ICICI Prudential Nifty Midcap 150 Index Fund - Growth,20.3803
2026-08-25,149391,ICICI Prudential Nifty Midcap 150 Index Fund - Direct Plan - IDCW,21.0602
2026-08-25,149392,DSP Nifty 50 ETF,256.5857
2026-08-25,149394,Groww Overnight Fund (formerly known as Indiabulls Overnight Fund)- Unclaimed Dividend < 3 years,1313.3786
2026-08-25,149395,Groww Overnight Fund (formerly known as Indiabulls Overnight Fund)- Unclaimed Redemption > 3 Years,1000
2026-08-25,149396,Groww Overnight Fund (formerly known as Indiabulls Overnight Fund)- Unclaimed Redemption < 3 Years,1299.5087
2026-08-25,149397,Kotak Nifty Alpha 50 ETF,54.6271
2026-08-25,149398,BHARAT Bond ETF - April 2032,1347.4881
2026-08-25,149399,BHARAT Bond ETF FOF - April 2032 Regular Plan Growth,13.4261
2026-08-25,149400,BHARAT Bond ETF FOF - April 2032 Regular Plan Dividend,12.8303
2026-08-25,149401,BHARAT Bond ETF FOF - April 2032 Direct Growth,13.4261
2026-08-25,149402,BHARAT Bond ETF FOF - April 2032 Direct Plan Dividend,12.8303
2026-08-25,149403,DSP Nifty Midcap 150 Quality 50 ETF,25.4826
2026-08-25,149404,Mahindra Manulife Balanced Advantage Fund - Regular Plan - Growth,15.1075
2026-08-25,149405,Mahindra Manulife Balanced Advantage Fund - Regular Plan - IDCW,11.9642
2026-08-25,149406,Mahindra Manulife Balanced Advantage Fund - Direct Plan - Growth,16.3863
2026-08-25,149407,Mahindra Manulife Balanced Advantage Fund - Direct Plan - IDCW,13.1602
2026-08-25,149408,ICICI Prudential Overnight fund - Direct Plan - Unclaimed IDCW Transitory Scheme,1307.1676
2026-08-25,149409,ICICI Prudential Overnight fund - Direct Plan - Unclaimed Redemption Stable Scheme,1000.0000
2026-08-25,149410,ICICI Prudential Overnight fund - Direct Plan - Unclaimed Redemption Transitory Scheme,1307.1799
2026-08-25,149411,ICICI Prudential Overnight fund - Direct Plan - Unclaimed IDCW Stable Scheme,1000.0000
2026-08-25,149412,BANK OF INDIA Overnight Fund Unclaimed IDCW Plan - Greater than 3 Years,1000.0000
2026-08-25,149413,BANK OF INDIA Overnight Fund Unclaimed Redemption Plan - Upto 3 Years,1315.3118
2026-08-25,149414,BANK OF INDIA Overnight Fund Unclaimed IDCW Plan - Up to 3 Years,1315.0831
2026-08-25,149415,BANK OF INDIA Overnight Fund Unclaimed Redemption Plan - Greater than 3 Years,1000.0000
2026-08-25,149430,SBI Fixed Maturity Plan (FMP) - Series 57 (1835 Days) - Direct Plan - Income Distribution cum Capital Withdrawal Option (IDCW),13.2466
2026-08-25,149431,SBI Fixed Maturity Plan (FMP) - Series 57 (1835 Days) - Direct Plan - Growth,13.2464
2026-08-25,149432,SBI Fixed Maturity Plan (FMP) - Series 57 (1835 Days) - Regular Plan - Growth,13.1739
2026-08-25,149433,SBI Fixed Maturity Plan (FMP) - Series 57 (1835 Days) - Regular Plan - Income Distribution cum Capital Withdrawal Option (IDCW),13.1743
2026-08-25,149438,Motilal Oswal Nasdaq Q50 ETF,122.0974
2026-08-25,149439,ICICI Prudential Passive Multi-Asset Fund of Funds - Growth,16.9415
2026-08-25,149440,ICICI Prudential Passive Multi-Asset Fund of Funds - IDCW,16.9416
2026-08-25,149441,ICICI Prudential Passive Multi-Asset Fund of Funds - Direct Plan - Growth,17.2815
2026-08-25,149442,ICICI Prudential Passive Multi-Asset Fund of Funds - Direct Plan - IDCW,17.2928
2026-08-25,149443,Franklin India Overnight Fund- Unclaimed IDCW Plan,13.0189
2026-08-25,149444,Franklin India Overnight Fund- Unclaimed Redemption Investor EducationPlan,10.0000
2026-08-25,149445,Franklin India Overnight Fund- Unclaimed IDCW Investor Education Plan,10.0000
2026-08-25,149446,Franklin India Overnight Fund- Unclaimed Redemption Plan,13.0189
2026-08-25,149447,Navi Nifty Next 50 Index Fund- Direct Plan- Growth,17.7732
2026-08-25,149448,Navi Nifty Next 50 Index Fund- Regular Plan- Growth,17.314
2026-08-25,149449,Samco Flexi Cap Fund - Regular Plan - Growth Option,9.85
2026-08-25,149450,Samco Flexi Cap Fund - Direct Plan - Growth Option,10.52
2026-08-25,149451,Union Overnight Fund - Unclaimed Amounts Plan - IDCW Beyond 3 years,1000.0000
2026-08-25,149452,Union Overnight Fund - Unclaimed Amounts Plan - IDCW Upto 3 years,1303.5485
2026-08-25,149453,Union Overnight Fund - Unclaimed Amounts Plan - Redemption Beyond 3 years,1000.0000
2026-08-25,149454,Union Overnight Fund - Unclaimed Amounts Plan - Redemption Upto 3 years,1303.5400
2026-08-25,149455,ICICI Prudential Strategic Metal and Energy Equity Fund of Fund - Direct Plan Growth,35.7866
2026-08-25,149456,ICICI Prudential Strategic Metal and Energy Equity Fund of Fund - Growth,34.2922
2026-08-25,149457,ICICI Prudential Strategic Metal and Energy Equity Fund of Fund - IDCW,34.2861
2026-08-25,149458,ICICI Prudential Strategic Metal and Energy Equity Fund of Fund - Direct Plan IDCW,35.7859
2026-08-25,149459,SBI Fixed Maturity Plan (FMP) - Series 58 (1842 Days) - Regular Plan - Growth,13.2897
2026-08-25,149460,SBI Fixed Maturity Plan (FMP) - Series 58 (1842 Days) - Direct Plan - Growth,13.3609
2026-08-25,149461,SBI Fixed Maturity Plan (FMP) - Series 58 (1842 Days) - Direct Plan - Income Distribution cum Capital withdrawal option (IDCW),13.3612
2026-08-25,149462,SBI Fixed Maturity Plan (FMP) - Series 58 (1842 Days) - Regular Plan - Income Distribution cum Capital withdrawal option (IDCW),13.2897
2026-08-25,149463,ICICI Prudential Nifty Auto ETF,30.2950
2026-08-25,149464,ICICI PRUDENTIAL SILVER ETF,239.2534
2026-08-25,149465,Nippon India Nifty Auto ETF,302.4382
2026-08-25,149466,Axis Nifty Next 50 Index Fund - Direct Plan - Growth,18.5179
2026-08-25,149467,Axis Nifty Next 50 Index Fund - Regular Plan - Growth,17.9379
2026-08-25,149468,Axis Nifty Next 50 Index Fund - Regular Plan - IDCW,17.0182
2026-08-25,149469,Axis Nifty Next 50 Index Fund - Direct Plan - IDCW,17.5718
2026-08-25,149470,Mahindra Manulife Overnight Fund - Unclaimed Redemption/IDCW upto 3 years,1304.9024
2026-08-25,149471,Mahindra Manulife Overnight Fund - Unclaimed Redemption/IDCW beyond 3 years,1000.0000
2026-08-25,149472,SBI CPSE Bond Plus SDL Sep 2026 50:50 Index Fund - Regular Plan - Growth,13.0981
2026-08-25,149473,SBI CPSE Bond Plus SDL Sep 2026 50:50 Index Fund - Regular Plan - Income Distribution cum Capital Withdrawal Option (IDCW),13.0984
2026-08-25,149474,SBI CPSE Bond Plus SDL Sep 2026 50:50 Index Fund - Direct Plan - Growth,13.1960
2026-08-25,149475,SBI CPSE Bond Plus SDL Sep 2026 50:50 Index Fund - Direct Plan - Income Distribution cum Capital Withdrawal Option (IDCW),13.2530
2026-08-25,149476,Edelweiss Overnight Fund - Unclaimed IDCW Plan - Above 3 years,1000
2026-08-25,149477,Edelweiss Overnight Fund - Unclaimed IDCW Plan - Upto 3 years,1301.2247
2026-08-25,149478,Edelweiss Overnight Fund - Unclaimed Redemption Plan - Upto 3 years,1301.2231
2026-08-25,149479,Edelweiss Overnight Fund - Unclaimed Redemption Plan - Above 3 years,1000
2026-08-25,149480,Sundaram Nifty 100 Equal Weight Fund (Formerly Known as Principal Nifty 100 Equal Weight Fund-Income Distribution CUM Capital Withdrawal,76.7079
2026-08-25,149481,Sundaram Nifty 100 Equal Weight Fund (Formerly Known as Principal Nifty 100 Equal Weight Fund)-Growth,187.9163
2026-08-25,149482,Sundaram Nifty 100 Equal Weight Fund (Formerly Known as Principal Nifty 100 Equal Weight Fund)- Direct Plan - Income Distribution CUM Capital Withdrawal Option,81.2648
2026-08-25,149483,Sundaram Nifty 100 Equal Weight Fund (Formerly Known as Principal Nifty 100 Equal Weight Fund) - Direct Plan - Growth Option,199.0212
2026-08-25,149519,Sundaram Ultra Short to Short Term Fund Regular Plan - Growth,3679.6474
2026-08-25,149521,Sundaram Ultra Short to Short Term Fund Regular Plan - IDCW,1095.6159
2026-08-25,149525,Sundaram Ultra Short to Short Term Fund Direct Plan - IDCW,1118.4784
2026-08-25,149526,Sundaram Ultra Short to Short Term Fund Direct Plan - Growth,3980.1752
2026-08-25,149531,Sundaram Focused Fund (Formerly Known as Principal Focused Multicap Fund)- Income Distribution CUM Capital Withdrawal Option (IDCW),40.1240
2026-08-25,149532,Sundaram Focused Fund (Formerly Known as Principal Focused Multicap Fund)-Growth Option,168.2366
2026-08-25,149533,Sundaram Focused Fund (Formerly Known as Principal Focused Multicap Fund)- Direct Plan - Growth Option,188.3450
2026-08-25,149534,Sundaram Focused Fund (Formerly Known as Principal Focused Multicap Fund)- Direct Plan - Income Distribution CUM Capital Withdrawal Option (IDCW),44.1403
2026-08-25,149535,Sundaram Ultra Short Term Fund Regular Plan - Growth,2850.1530
2026-08-25,149537,Sundaram Ultra Short Term Fund Regular Plan - IDCW,1069.8438
2026-08-25,149539,Sundaram Ultra Short Term Fund Direct Plan - Growth,3152.1490
2026-08-25,149540,Sundaram Ultra Short Term Fund Direct Plan - IDCW,1090.3949
2026-08-25,149549,Sundaram Arbitrage Fund( Formerly Known as Principal Arbitrage Fund) - Direct Plan- Monthly Income Distribution CUM Capital Withdrawal,13.3533
2026-08-25,149550,Sundaram Arbitrage Fund (Formerly Known as Prinicpal Arbitrage Fund) - Direct Plan - Growth,16.4247
2026-08-25,149551,Sundaram Arbitrage Fund (Formerly Known as Principal Arbitrage Fund)- Regular Plan - Monthly Income Distribution CUM Capital Withdrawal,12.7573
2026-08-25,149552,Sundaram Arbitrage Fund (Formerly Know as Principal Arbitrage Fund) - Regular Plan - Growth,15.4317
2026-08-25,149569,Sundaram ELSS Tax Saver Fund Regular Growth,502.3173
2026-08-25,149570,Sundaram ELSS Tax Saver Fund Direct Plan Growth,540.2947
2026-08-25,149571,Sundaram ELSS Tax Saver Fund Direct Plan - Income Distribution CUM Capital Withdrawal Option (IDCW),517.4034
2026-08-25,149572,Sundaram ELSS Tax Saver Fund Regular Plan - Income Distribution CUM Capital Withdrawal Option (IDCW),386.1372
2026-08-25,149585,Sundaram Short Duration Fund (Formerly Known as Principal Short Term Debt Fund)- Growth Plan,47.0353
2026-08-25,149586,Sundaram Short Duration Fund (Formerly Known as Principal Short Term Debt Fund)- Income Distribution CUM Capital Withdrawal Option (IDCW),13.0237
2026-08-25,149587,Sundaram Short Duration Fund (Formerly Known as Principal Short Term Debt Fund)- Direct Plan - Growth Option,51.2061
2026-08-25,149588,Sundaram Short Duration Fund (Formerly Known as Principal Short Term Debt Fund) - Direct Plan - Income Distribution CUM Capital Withdrawal Plan (IDCW),13.1711
2026-08-25,149599,Sundaram Aggressive Hybrid Fund (Formerly Known as Principal Hybrid Equity Fund)-Growth,163.3156
2026-08-25,149600,Sundaram Aggressive Hybrid Fund (Formerly Known as Principal Hybrid Equity Fund)- Monthly Income Distribution CUM Capital Withdrawal,25.0628
2026-08-25,149601,Sundaram Aggressive Hybrid Fund (Formerly Known as Principal Hybrid Equity Fund)- Direct Plan - Growth Option,189.3900
2026-08-25,149602,Sundaram Aggressive Hybrid Fund(Formerly Known as Principal Hybrid Equity Fund)-Direct Plan - Monthly Income Distribution CUM Capital Withdrawal Option,39.3810
2026-08-25,149660,Sundaram Liquid Fund (Formerly Known as Principal Cash Management Fund) - Regular Plan IDCW,1044.5783
2026-08-25,149661,Sundaram Liquid Fund (Formerly Known as Principal Cash Management Fund) -Growth Option,2469.4670
2026-08-25,149662,Sundaram Liquid Fund (Formerly Known as Principal Cash Management Fund) -Direct Plan - IDCW,1047.8382
2026-08-25,149664,Sundaram Liquid Fund (Formerly Known as Principal Cash Management Fund) - Direct Plan - Growth Option,2504.1786
2026-08-25,149666,Sundaram Multi Cap Fund (Formerly Known as Principal Multi Cap Growth Fund)- Income Distribution CUM Capital Withdrawal Option (IDCW),65.6498
2026-08-25,149667,Sundaram Multi Cap Fund (Formerly Known as Principal Multi Cap Growth Fund)-Growth Option,401.0684
2026-08-25,149668,Sundaram Multi Cap Fund (Formerly Known as Principal Multi Cap Growth Fund) - Direct Plan - Income Distribution CUM Capital Withdrawal Option (IDCW),89.6151
2026-08-25,149669,Sundaram Multi Cap Fund (Formerly Known as Principal Multi Cap Growth Fund)-Direct Plan - Growth Option,451.7169
2026-08-25,149674,Sundaram Equity Savings Fund (Formerly Known as Principal Equity Savings Fund) - Growth Option,72.0786
2026-08-25,149675,Sundaram Equity Savings Fund (Formerly Known as Principal Equity Savings Fund)- Income Distribution CUM Capital Withdrawal (IDCW),14.4618
2026-08-25,149677,Sundaram Equity Savings Fund (Formerly Known as  Principal Equity Savings Fund) - Direct Plan - Income Distribution CUM Capital Withdrawal Option (IDCW),15.7819
2026-08-25,149679,Sundaram Equity Savings Fund (Formerly Known as Principal Equity Savings Fund) - Direct Plan - Growth Option,85.0495
2026-08-25,149697,Sundaram Dividend Yield Fund (Formerly Known as Principal Dividend Yield Fund)-Growth Plan,132.2293
2026-08-25,149698,Sundaram Dividend Yield Fund (Formerly Known as Principal Dividend Yield Fund)- Income Distribution CUM Capital Withdrawal Plan,35.9541
2026-08-25,149699,Sundaram Dividend Yield Fund (Formerly Known as Principal Dividend Yield Fund)- Direct Plan - Income Distribution CUM Capital Withdrawal Option,61.0313
2026-08-25,149700,Sundaram Dividend Yield Fund (Formerly Known as Principal Dividend Yield Fund) - Direct Plan - Growth Option,146.2192
2026-08-25,149715,Sundaram Dynamic Asset Allocation Fund Regular Plan - Growth,35.8610
2026-08-25,149716,Sundaram Dynamic Asset Allocation Fund Regular Plan - Monthly IDCW,14.3977
2026-08-25,149717,Sundaram Dynamic Asset Allocation Fund Direct Plan - Growth,42.7434
2026-08-25,149718,Sundaram Dynamic Asset Allocation Fund Direct Plan - Monthly IDCW,17.9071
2026-08-25,149757,Kotak Nifty Midcap 50 ETF,18.8175
2026-08-25,149758,Nippon India Silver ETF,229.1323
2026-08-25,149759,Nippon India Silver ETF FOF-Regular Plan- Growth Option,35.8750
2026-08-25,149760,Nippon India Silver ETF FOF- Direct Plan-Growth Option,36.4889
2026-08-25,149761,Nippon India Silver ETF FOF- Regular Plan-IDCW Option,35.8750
2026-08-25,149762,Nippon India Silver ETF FOF- Direct Plan-IDCW Option,36.4889
2026-08-25,149763,Invesco India Flexi Cap Fund - Direct Plan - Growth,21.31
2026-08-25,149764,Invesco India Flexi Cap Fund - Regular Plan - IDCW,17.7
2026-08-25,149765,Invesco India Flexi Cap Fund - Direct Plan - IDCW,19.07
2026-08-25,149766,Invesco India Flexi Cap Fund - Regular Plan - Growth,19.91
2026-08-25,149775,ICICI Prudential Silver ETF FOF - Direct Plan - Growth,36.6692
2026-08-25,149776,ICICI Prudential Silver ETF FOF - Direct Plan - IDCW,36.6697
2026-08-25,149777,ICICI Prudential Silver ETF FOF - Growth,35.8561
2026-08-25,149778,ICICI Prudential Silver ETF FOF - IDCW,35.8554
2026-08-25,149779,Aditya Birla Sun Life Silver ETF,239.2733
2026-08-25,149780,Aditya Birla Sun Life Silver ETF FOF-Direct Growth,37.1915
2026-08-25,149781,Aditya Birla Sun Life Silver ETF FOF-Direct IDCW,37.1781
2026-08-25,149783,Aditya Birla Sun Life Silver ETF FOF-Regular Growth,36.4377
2026-08-25,149784,Aditya Birla Sun Life Silver ETF FOF-Regular IDCW,36.4308
2026-08-25,149786,Mirae Asset Nifty India Manufacturing ETF,168.8076
2026-08-25,149787,Mirae Asset Nifty India Manufacturing ETF FOF - Direct Plan - IDCW,21.079
2026-08-25,149788,Mirae Asset Nifty India Manufacturing ETF FOF - Regular Plan - Growth,20.710
2026-08-25,149789,Mirae Asset Nifty India Manufacturing ETF FOF - Regular Plan - IDCW,20.787
2026-08-25,149790,Mirae Asset Nifty India Manufacturing ETF FOF - Direct Plan - Growth,21.077
2026-08-25,149791,Aditya Birla Sun Life Nifty SDL Apr 2027 Index Fund-Regular-IDCW Payout,13.1229
2026-08-25,149792,Aditya Birla Sun Life Nifty SDL Apr 2027 Index Fund-Regular Growth,13.1229
2026-08-25,149793,Aditya Birla Sun Life Nifty SDL Apr 2027 Index Fund-Direct IDCW Payout,13.3054
2026-08-25,149794,Aditya Birla Sun Life Nifty SDL Apr 2027 Index Fund-Direct Growth,13.3057
2026-08-25,149795,TRUST MF OVERNIGHT FUND-REGULAR-GROWTH,1296.5876
2026-08-25,149796,TRUST MF OVERNIGHT FUND-DIRECT PLAN-DAILY IDCW REINVESTMENT,1271.7335
2026-08-25,149797,TRUST MF OVERNIGHT FUND-DIRECT PLAN-GROWTH,1299.5979
2026-08-25,149798,TRUST MF OVERNIGHT FUND-REGULAR PLAN-DAILY IDCW REINVESTMENT,1258.3057
2026-08-25,149799,Motilal Oswal Nifty 200 Momentum 30 Index Fund-Regular Plan,15.1523
2026-08-25,149800,Motilal Oswal Nifty 200 Momentum 30 Index Fund-Direct Plan,15.6277
2026-08-25,149801,Motilal Oswal Nifty 200 Momentum 30 ETF,63.4035
2026-08-25,149802,UTI BSE Sensex Index Fund - Regular Plan  -Growth Option,13.9872
2026-08-25,149803,UTI BSE Sensex Index Fund - Direct Plan - Growth Option,14.0497
2026-08-25,149804,Navi Nifty Bank Index Fund- Direct Plan- Growth,15.1832
2026-08-25,149805,Navi Nifty Bank Index Fund- Regular Plan- Growth,14.6816
2026-08-25,149814,DSP Global Innovation Overseas Equity Omni FoF - Regular - IDCW,22.1254
2026-08-25,149815,DSP Global Innovation Overseas Equity Omni FoF - Direct - IDCW,23.0519
2026-08-25,149816,DSP Global Innovation Overseas Equity Omni FoF - Direct - Growth,23.0519
2026-08-25,149817,DSP Global Innovation Overseas Equity Omni FoF - Regular - Growth,22.1254
2026-08-25,149826,JM Overnight Fund - (Direct) - Unclaimed Redemption I.E.F. - Growth Plan,1073.9936
2026-08-25,149827,JM Overnight Fund - (Direct) - Unclaimed IDCW I.E.F. - Growth Plan,1073.9936
2026-08-25,149828,JM Overnight Fund - (Direct) - Unclaimed IDCW - Growth Plan,1397.6429
2026-08-25,149829,JM Overnight Fund - (Direct) - Unclaimed Redemption - Growth Plan,1392.469
2026-08-25,149830,Navi Total Stock Market US Specific Equity Passive FoF- Direct Plan- Growth,22.9302
2026-08-25,149831,Navi Total Stock Market US Specific Equity Passive FoF- Regular Plan- Growth,22.9302
2026-08-25,149832,BANDHAN NIFTY 100 INDEX FUND - DIRECT PLAN - GROWTH,15.3254
2026-08-25,149833,BANDHAN NIFTY 100 INDEX FUND - REGULAR PLAN - GROWTH,14.9881
2026-08-25,149834,BANDHAN NIFTY 100 INDEX FUND - REGULAR PLAN - IDCW,14.9904
2026-08-25,149835,BANDHAN NIFTY 100 INDEX FUND - DIRECT PLAN - IDCW,15.3220
2026-08-25,149836,Aditya Birla Sun Life Nifty Next 50 Index Fund-Regular IDCW,18.0611
2026-08-25,149837,Aditya Birla Sun Life Nifty Next 50 Index Fund-Regular Growth,18.0457
2026-08-25,149838,Aditya Birla Sun Life Nifty Next 50 Index Fund-Direct Growth,18.5538
2026-08-25,149839,Aditya Birla Sun Life Nifty Next 50 Index Fund-Direct IDCW,18.5424
2026-08-25,149840,Kotak Manufacture in India Fund - Regular Plan Growth,22.494
2026-08-25,149841,Kotak Manufacture in India Fund - Direct Plan Growth,24.113
2026-08-25,149842,Kotak Manufacture in India Fund - Direct Plan IDCW Option,24.113
2026-08-25,149843,Kotak Manufacture in India Fund - Regular Plan IDCW Option,22.494
2026-08-25,149844,Axis Multi Factor Passive FoF - Regular Plan - Growth Option,15.6115
2026-08-25,149845,Axis Multi Factor Passive FoF - Regular Plan - IDCW,15.6124
2026-08-25,149846,Axis Multi Factor Passive FoF - Direct Plan - IDCW,15.8357
2026-08-25,149847,Axis Multi Factor Passive FoF - Direct Plan - Growth Option,15.8361
2026-08-25,149852,Kotak Nifty SDL Apr  2027 Top 12 Equal Weight Index Fund-Regular Plan- Growth,13.1329
2026-08-25,149853,Kotak Nifty SDL Apr  2027 Top 12 Equal Weight Index Fund-Regular Plan-IDCW Option,13.1332
2026-08-25,149854,Kotak Nifty SDL Apr 2027 Top 12 Equal Weight Index Fund-Direct Plan-IDCW Option,13.2241
2026-08-25,149855,Kotak Nifty SDL Apr  2027 Top 12 Equal Weight Index Fund-Direct Plan-Growth,13.2249
2026-08-25,149858,ICICI Prudential Nifty Bank Index Fund - Direct Plan Growth,16.6145
2026-08-25,149859,ICICI Prudential Nifty Bank Index Fund - Growth,16.1367
2026-08-25,149860,ICICI Prudential Nifty Bank Index Fund - IDCW,16.1366
2026-08-25,149861,ICICI Prudential Nifty Bank Index Fund - Direct Plan IDCW,16.6143
2026-08-25,149862,Kotak Nifty SDL Apr 2032 Top 12 Equal Weight Index Fund-Regular Plan-Growth,13.444
2026-08-25,149864,Kotak Nifty SDL Apr 2032 Top 12 Equal Weight Index Fund-Direct Plan-IDCW Option,13.5459
2026-08-25,149865,Kotak Nifty SDL Apr 2032 Top 12 Equal Weight Index Fund-Direct Plan- Growth,13.5475
2026-08-25,149866,Kotak Nifty SDL Apr 2032 Top 12 Equal Weight Index Fund-Regular Plan-IDCW Option,13.448
2026-08-25,149868,HDFC NIFTY 100 Index Fund - Direct Plan - Growth Option,15.2359
2026-08-25,149869,HDFC NIFTY 100 Index Fund - Growth Option,14.9029
2026-08-25,149870,HDFC Nifty 100 Equal Weight Index Fund - Direct Plan - Growth Option,17.9673
2026-08-25,149871,HDFC Nifty 100 Equal Weight Index Fund - Growth Option,17.5893
2026-08-25,149872,Axis CRISIL IBX SDL May 2027 Index Fund - Regular Plan - Growth,13.1432
2026-08-25,149873,Axis CRISIL IBX SDL May 2027 Index Fund - Direct Plan - Growth,13.2257
2026-08-25,149874,Axis CRISIL IBX SDL May 2027 Index Fund - Direct Plan - IDCW,13.2253
2026-08-25,149875,Axis CRISIL IBX SDL May 2027 Index Fund - Regular Plan - IDCW,13.1434
2026-08-25,149876,SBI Fixed Maturity Plan (FMP) - Series 60 (1878 Days) - Regular Plan - Growth,13.2082
2026-08-25,149877,SBI Fixed Maturity Plan (FMP) - Series 60 (1878 Days) - Regular Plan - Income Distribution cum Capital Withdrawal Option (IDCW),13.2082
2026-08-25,149878,SBI Fixed Maturity Plan (FMP) - Series 60 (1878 Days) - Direct Plan - Growth,13.2784
2026-08-25,149879,SBI Fixed Maturity Plan (FMP) - Series 60 (1878 Days) - Direct Plan - Income Distribution cum Capital Withdrwal Option (IDCW),13.2789
2026-08-25,149880,UTI BSE Low Volatility Index Fund - Regular Plan - Growth Option,16.0494
2026-08-25,149881,UTI BSE Low Volatility Index Fund - Direct Plan  - Growth Option,16.3874
2026-08-25,149882,SBI Multicap Fund- Direct Plan- Growth option,18.2327
2026-08-25,149883,SBI Multicap Fund- Regular Plan- Income Distribution cum Capital Withdrawal Option (IDCW),17.5146
2026-08-25,149886,SBI Multicap Fund- Regular Plan- Growth Option,17.5118
2026-08-25,149887,SBI Multicap Fund- Direct Plan - Income Distribution cum Capital Withdrawal Option (IDCW),18.2329
2026-08-25,149892,Navi Nifty Midcap 150 Index Fund Direct Plan- Growth,22.2937
2026-08-25,149893,Navi Nifty Midcap 150 Index Fund Regular Plan- Growth,21.4707
2026-08-25,149894,Axis Nifty Smallcap 50 Index Fund - Direct Plan - Growth Option,21.1949
2026-08-25,149895,Axis Nifty Smallcap 50 Index Fund - Direct Plan - IDCW,21.1948
2026-08-25,149896,Axis Nifty Smallcap 50 Index Fund - Regular Plan - Growth Option,20.5116
2026-08-25,149897,Axis Nifty Smallcap 50 Index Fund - Regular Plan - IDCW,20.5118
2026-08-25,149910,Navi NASDAQ100 US Specific Equity Passive FOF- Direct- Growth,24.8594
2026-08-25,149911,Navi NASDAQ100 US Specific Equity Passive FOF- Regular- Growth,24.6654
2026-08-25,149914,Nippon India Fixed Maturity Plan-XLIII-Series 5- Direct Plan-Payout of IDCW,13.5590
2026-08-25,149915,Nippon India Fixed Maturity Plan-XLIII-Series 5- Regular Plan-Growth Option,13.4381
2026-08-25,149916,Nippon India Fixed Maturity Plan-XLIII-Series 5- Regular Plan-Payout of IDCW,13.4380
2026-08-25,149917,Nippon India Fixed Maturity Plan-XLIII-Series 5- Direct Plan-Growth Option,13.5590
2026-08-25,149918,Mirae Asset Nifty Midcap 150 ETF,24.0711
2026-08-25,149919,Motilal Oswal BSE Low Volatility Index Fund-Direct plan,16.2628
2026-08-25,149920,Motilal Oswal BSE Low Volatility Index Fund-Regular plan,15.7976
2026-08-25,149921,Motilal Oswal BSE Low Volatility ETF,36.7951
2026-08-25,149922,HDFC FMP 1861D March 2022 - Growth Option,13.249
2026-08-25,149923,HDFC FMP 1861D March 2022 - Quarterly Dividend Option - Direct Plan,10.1062
2026-08-25,149924,HDFC FMP 1861D March 2022 - Growth Option - Direct Plan,13.3463
2026-08-25,149925,HDFC FMP 1861D March 2022 - IDCW Option,13.249
2026-08-25,149926,HDFC FMP 1861D March 2022 - IDCW Option - Direct Plan,13.3463
2026-08-25,149927,HDFC FMP 1861D March 2022 - Quarterly Dividend Option,10.1031
2026-08-25,149928,ICICI Prudential Nifty 5 yr Benchmark G-SEC ETF,66.4403
2026-08-25,149935,Axis Nifty Midcap 50 Index Fund - Direct Plan - IDCW Option,22.4050
2026-08-25,149936,Axis Nifty Midcap 50 Index Fund - Direct Plan - Growth Option,22.4058
2026-08-25,149937,Axis Nifty Midcap 50 Index Fund - Regular Plan - IDCW Option,21.6813
2026-08-25,149938,Axis Nifty Midcap 50 Index Fund - Regular Plan - Growth Option,21.6813
2026-08-25,149959,Tata Nifty India Digital Exchange Traded Fund,92.4126
2026-08-25,149960,Invesco India - Invesco EQQQ Nasdaq-100 ETF Fund of Fund - Regular Plan - Growth,25.8207
2026-08-25,149961,Invesco India - Invesco EQQQ Nasdaq-100 ETF Fund of Fund - Direct Plan - Growth,26.0882
2026-08-25,149962,HSBC CRISIL IBX 50:50 Gilt Plus SDL Apr 2028 Index Fund - Direct - Payout of IDCW,13.3544
2026-08-25,149963,HSBC CRISIL IBX 50:50 Gilt Plus SDL Apr 2028 Index Fund - Regular - Growth,13.249
2026-08-25,149964,HSBC CRISIL IBX 50:50 Gilt Plus SDL Apr 2028 Index Fund - Regular - payout of IDCW,13.2489
2026-08-25,149966,HSBC CRISIL IBX 50:50 Gilt Plus SDL Apr 2028 Index Fund - Direct - Growth,13.3544
2026-08-25,149968,DSP Nifty SDL Plus G-Sec Jun 2028 30:70 Index Fund - Regular - Growth,13.2753
2026-08-25,149969,DSP Nifty SDL Plus G-Sec Jun 2028 30:70 Index Fund - Regular - IDCW,13.2753
2026-08-25,149970,DSP Nifty SDL Plus G-Sec Jun 2028 30:70 Index Fund - Direct - Growth,13.3643
2026-08-25,149971,DSP Nifty SDL Plus G-Sec Jun 2028 30:70 Index Fund - Direct - IDCW,13.3643
2026-08-25,149988,Baroda BNP Paribas Overnight Fund - Plan C - Unclaimed IDCW - Greater than 3 years,1000.0000
2026-08-25,149989,Baroda BNP Paribas Overnight Fund - Plan C - Unclaimed Redemption - Up to 3 years,1295.7437
2026-08-25,149990,Baroda BNP Paribas Overnight Fund - Plan C - Unclaimed Redemption - Greater than 3 years,1000.0000
2026-08-25,149991,Baroda BNP Paribas Overnight Fund - Plan C - Unclaimed IDCW - Up to 3 years,1295.7740
2026-08-25,149992,SBI Fixed Maturity Plan (FMP)- Series 61 (1927 Days)- Regular Plan- Income Distribution Cum Capital withdrawal option,13.2557
2026-08-25,149993,SBI Fixed Maturity Plan (FMP)- Series 61 (1927 Days)- Direct Plan- Growth option,13.3243
2026-08-25,149994,SBI Fixed Maturity Plan (FMP)- Series 61 (1927 Days)- Regular Plan- Growth option,13.2558
2026-08-25,149995,SBI Fixed Maturity Plan (FMP)- Series 61 (1927 Days)- Direct Plan- Income Distribution Cum Capital withdrawal option,13.3245
2026-08-25,149996,ICICI Prudential Nifty SDL Sep 2027 Index Fund - Annual IDCW,13.1916
2026-08-25,149997,ICICI Prudential Nifty SDL Sep 2027 Index Fund - Direct Plan - Annual IDCW,13.2782
2026-08-25,149998,ICICI Prudential Nifty SDL Sep 2027 Index Fund - Growth,13.1916
2026-08-25,149999,ICICI Prudential Nifty SDL Sep 2027 Index Fund - Direct Plan - Growth,13.2782
2026-08-25,150000,Kotak Nifty 100 Low Volatility 30 ETF,21.3898
2026-08-25,150001,HDFC FMP 1876D March 2022 - Growth Option,13.2127
2026-08-25,150002,HDFC FMP 1876D March 2022 - Growth Option - Direct Plan,13.2991
2026-08-25,150003,HDFC FMP 1876D March 2022 - IDCW Option - Direct Plan,13.2991
2026-08-25,150004,HDFC FMP 1876D March 2022 - IDCW Option,13.2127
2026-08-25,150005,HDFC FMP 1876D March 2022 - Quarterly Dividend Option,10.1027
2026-08-25,150006,HDFC FMP 1876D March 2022 - Quarterly Dividend Option - Direct Plan,10.1055
2026-08-25,150008,Nippon India Nifty AAA CPSE Bond Plus SDL - Apr 2027 Maturity 60:40 Index Fund - Direct Plan - IDCW Option,12.7866
2026-08-25,150009,Nippon India Nifty AAA CPSE Bond Plus SDL - Apr 2027 Maturity 60:40 Index Fund - Regular Plan - IDCW Option,12.7134
2026-08-25,150011,Nippon India Nifty AAA CPSE Bond Plus SDL - Apr 2027 Maturity 60:40 Index Fund - Regular Plan - Growth Option,13.0355
2026-08-25,150012,Nippon India Nifty AAA CPSE Bond Plus SDL - Apr 2027 Maturity 60:40 Index Fund - Direct Plan - Growth Option,13.1367
2026-08-25,150156,BARODA BNP PARIBAS ELSS Tax Saver Fund - Regular - Growth Option,102.6255
2026-08-25,150157,BARODA BNP PARIBAS ELSS Tax Saver Fund- Regular - IDCW Option,22.5572
2026-08-25,150158,BARODA BNP PARIBAS ELSS Tax Saver Fund - Direct Plan - IDCW Option,29.0069
2026-08-25,150159,BARODA BNP PARIBAS ELSS Tax Saver Fund - Direct Plan - Growth Option,117.2274
2026-08-25,150160,BARODA BNP PARIBAS Ultra Short to Short Term Fund-Defunct Plan-Growth Option,42.8393
2026-08-25,150161,BARODA BNP PARIBAS Ultra Short to Short Term Fund-Defunct Plan-Weekly IDCW Option,10.0102
2026-08-25,150162,BARODA BNP PARIBAS Ultra Short to Short Term Fund-Defunct Plan-Monthly IDCW Option,10.5093
2026-08-25,150163,BARODA BNP PARIBAS Ultra Short to Short Term Fund-Defunct Plan- Daily IDCW Option,10.0499
2026-08-25,150164,BARODA BNP PARIBAS Ultra Short to Short Term FUND - Regular Plan - DAILY IDCW OPTION,10.0604
2026-08-25,150165,BARODA BNP PARIBAS Ultra Short to Short Term FUND - Regular Plan - GROWTH OPTION,42.7650
2026-08-25,150166,BARODA BNP PARIBAS Ultra Short to Short FUND - Regular Plan - WEEKLY IDCW OPTION,10.0102
2026-08-25,150167,BARODA BNP PARIBAS Ultra Short to Short Term FUND - Regular Plan - MONTHLY IDCW OPTION,10.2790
2026-08-25,150168,BARODA BNP PARIBAS Ultra Short to Short term Fund Direct Plan - Daily IDCW Option,10.0950
2026-08-25,150169,BARODA BNP PARIBAS Ultra Short to Short Term Fund - Direct Plan - Growth Option,47.2377
2026-08-25,150170,BARODA BNP PARIBAS Ultra Short to Short term Fund - Direct Plan - Monthly IDCW Option,10.4515
2026-08-25,150171,BARODA BNP PARIBAS Ultra Short to Short Term Fund - Direct Plan - Weekly IDCW Option,10.0102
2026-08-25,150172,Baroda BNP Paribas Dynamic Term Fund-Defunct Plan - Growth Option,32.8077
2026-08-25,150173,Baroda BNP Paribas Dynamic Term Fund - Regular Plan - Growth Option,46.5882
2026-08-25,150174,Baroda BNP Paribas Dynamic Term Fund - Regular Plan - Daily IDCW Option,10.0740
2026-08-25,150175,Baroda BNP Paribas Dynamic Term Fund - Regular Plan - Weekly IDCW Option,10.0591
2026-08-25,150176,Baroda BNP Paribas Dynamic Term Fund - Regular Plan - Monthly IDCW Option,10.1436
2026-08-25,150177,Baroda BNP Paribas Dynamic Term Fund - Regular Plan - Quarterly IDCW Option,10.1881
2026-08-25,150178,Baroda BNP Paribas Dynamic Term Fund - Regular Plan - Half Yearly IDCW Option,10.2234
2026-08-25,150179,Baroda BNP Paribas Dynamic Term Fund - Direct Plan - Daily IDCW Option,10.0769
2026-08-25,150180,Baroda BNP Paribas Dynamic Term Fund - Direct Plan - Growth Option,52.4629
2026-08-25,150182,Baroda BNP Paribas Dynamic Term Fund - Direct Plan - Monthly IDCW Option,10.4213
2026-08-25,150183,Baroda BNP Paribas Dynamic Term Fund - Direct Plan - Quarterly IDCW Option,10.3831
2026-08-25,150184,Baroda BNP Paribas Dynamic Term Fund - Direct Plan - Weekly IDCW Option,10.0628
2026-08-25,150185,BARODA BNP PARIBAS LARGE CAP Fund- Regular Plan - Growth Option,225.5390
2026-08-25,150186,BARODA BNP PARIBAS LARGE CAP Fund - Regular Plan - IDCW Option,22.0024
2026-08-25,150187,BARODA BNP PARIBAS LARGE CAP Fund - Direct Plan - Growth Option,263.6564
2026-08-25,150188,BARODA BNP PARIBAS LARGE CAP Fund - Direct Plan - IDCW Option,26.7912
2026-08-25,150203,BARODA BNP PARIBAS Conservative Hybrid Fund-Regular Plan-Growth Option,46.7618
2026-08-25,150204,BARODA BNP PARIBAS Conservative hybrid Fund-Regular Plan-Monthly IDCW Option,10.7018
2026-08-25,150205,BARODA BNP PARIBAS Conservative Hybrid Fund-Regular Plan-Quarterly IDCW Option,10.8713
2026-08-25,150206,BARODA BNP PARIBAS Conservative Hybrid Fund - Direct Plan - Growth Option,57.9590
2026-08-25,150207,BARODA BNP PARIBAS Conservative Hybrid Fund - Direct Plan - Monthly IDCW Option,13.2214
2026-08-25,150208,BARODA BNP PARIBAS Conservative Hybrid Fund - Direct Plan - Quarterly IDCW Option,12.8129
2026-08-25,150209,BARODA BNP PARIBAS Mid Cap Fund - Regular Plan - Growth Option,113.5853
2026-08-25,150210,BARODA BNP PARIBAS Mid Cap Fund - Regular Plan - IDCW Option,59.1243
2026-08-25,150211,BARODA BNP PARIBAS Mid Cap Fund - Direct Plan - IDCW Option,75.9320
2026-08-25,150212,BARODA BNP PARIBAS Mid Cap Fund - Direct Plan - Growth Option,137.3578
2026-08-25,150228,BARODA BNP PARIBAS Corporate Bond Fund - Defunct Plan - Quarterly-IDCW Option,10.4294
2026-08-25,150229,BARODA BNP PARIBAS Corporate Bond Fund - Defunct Plan - Growth Option,34.0469
2026-08-25,150230,BARODA BNP PARIBAS Corporate Bond Fund - Defunct Plan - Annual-IDCW Option,12.2557
2026-08-25,150231,BARODA BNP PARIBAS Corporate Bond Fund - Defunct Plan - Monthly-IDCW Option,10.3836
2026-08-25,150232,BARODA BNP PARIBAS CORPORATE BOND FUND - Regular Plan - QUARTERLY IDCW OPTION,10.4423
2026-08-25,150233,BARODA BNP PARIBAS CORPORATE BOND FUND - Regular Plan - ANNUAL IDCW OPTION,12.1763
2026-08-25,150234,BARODA BNP PARIBAS CORPORATE BOND FUND - Regular Plan - MONTHLY IDCW OPTION,10.4295
2026-08-25,150235,BARODA BNP PARIBAS CORPORATE BOND FUND - Regular Plan - GROWTH OPTION,29.4162
2026-08-25,150236,BARODA BNP PARIBAS Corporate Bond Fund - Direct Plan - Annual IDCW Option,12.5626
2026-08-25,150237,BARODA BNP PARIBAS Corporate Bond Fund - Direct Plan - Growth Option,31.3412
2026-08-25,150238,BARODA BNP PARIBAS Corporate Bond Fund - Direct Plan - Monthly IDCW Option,10.6042
2026-08-25,150239,BARODA BNP PARIBAS Corporate Bond Fund - Direct Plan - Quarterly IDCW Option,10.6870
2026-08-25,150250,BARODA BNP PARIBAS ARBITRAGE FUND- REGULAR PLAN- GROWTH OPTION,17.0954
2026-08-25,150251,BARODA BNP PARIBAS ARBITRAGE FUND-DIRECT PLAN-GROWTH OPTION,18.2232
2026-08-25,150252,BARODA BNP PARIBAS ARBITRAGE FUND -DIRECT PLAN - ADHOC IDCW OPTION,11.6445
2026-08-25,150253,BARODA BNP PARIBAS ARBITRAGE FUND-REGULAR PLAN- ADHOC IDCW OPTION,11.1569
2026-08-25,150254,BARODA BNP PARIBAS ARBITRAGE FUND REGULAR PLAN MONTHLY IDCW Option,10.6080
2026-08-25,150255,BARODA BNP PARIBAS ARBITRAGE FUND DIRECT PLAN MONTHLY IDCW Option,10.8271
2026-08-25,150256,BARODA BNP PARIBAS ARBITRAGE FUND DIRECT PLAN QUARTERLY IDCW Option,11.0108
2026-08-25,150257,BARODA BNP PARIBAS ARBITRAGE FUND REGULAR PLAN QUARTERLY IDCW Option,10.8347
2026-08-25,150258,Baroda BNP Paribas Aggressive Hybrid Fund- REGULAT PLAN -GROWTH OPTION,28.4421
2026-08-25,150259,Baroda BNP Paribas Aggressive Hybrid Fund -DIRECT PLAN- IDCW OPTION,18.2403
2026-08-25,150260,Baroda BNP Paribas Aggressive Hybrid Fund- DIRECT PLAN - GROWTH OPTION,33.0900
2026-08-25,150261,Baroda BNP Paribas Aggressive Hybrid Fund- REGULAR PLAN- IDCW OPTION,15.6805
2026-08-25,150262,BARODA BNP PARIBAS Focused Fund - Regular Plan - IDCW Option,14.2850
2026-08-25,150263,BARODA BNP PARIBAS Focused Fund - Regular Plan-Growth Option,21.6736
2026-08-25,150264,BARODA BNP PARIBAS Focused Fund - Direct Plan - Growth Option,25.0374
2026-08-25,150265,BARODA BNP PARIBAS Focused Fund - Direct Plan - IDCW Option,16.4657
2026-08-25,150266,BARODA BNP PARIBAS India Consumption Fund - Direct Plan - Growth Option,35.4093
2026-08-25,150267,BARODA BNP PARIBAS India Consumption Fund - Regular Plan - IDCW Option,19.4081
2026-08-25,150268,BARODA BNP PARIBAS India Consumption Fund - Regular Plan - Growth Option,31.4644
2026-08-25,150269,BARODA BNP PARIBAS India Consumption Fund - Direct Plan - IDCW Option,22.5321
2026-08-25,150284,Baroda BNP Paribas Aqua Fund of Fund - Regular Plan Growth,15.8890
2026-08-25,150285,Baroda BNP Paribas Aqua Fund of Fund - Direct Plan - Growth Option,16.8055
2026-08-25,150286,Baroda BNP Paribas Aqua Fund of Fund - Regular Plan - IDCW Option,15.8890
2026-08-25,150287,Baroda BNP Paribas Aqua Fund of Fund - Direct Plan - IDCW Option,16.8055
2026-08-25,150308,ICICI PRUDENTIAL HOUSING OPPORTUNITIES FUND - Growth,17.48
2026-08-25,150309,ICICI PRUDENTIAL HOUSING OPPORTUNITIES FUND - IDCW,14.70
2026-08-25,150310,ICICI PRUDENTIAL HOUSING OPPORTUNITIES FUND - Direct Plan Growth,18.41
2026-08-25,150311,ICICI PRUDENTIAL HOUSING OPPORTUNITIES FUND - Direct Plan IDCW,15.61
2026-08-25,150312,UTI Nifty Midcap 150 Quality 50 Index Fund - Regular Plan - Growth Option,14.3965
2026-08-25,150313,UTI Nifty Midcap 150 Quality 50 Index Fund - Direct Plan - Growth Option,14.6861
2026-08-25,150314,Aditya Birla Sun Life Fixed Term Plan - Series TQ (1879 days) - Regular Plan - Growth Option,13.2289
2026-08-25,150315,Aditya Birla Sun Life Fixed Term Plan - Series TQ (1879 days) - Regular Plan - Payout of IDCW option,13.2288
2026-08-25,150316,Aditya Birla Sun Life Fixed Term Plan - Series TQ (1879 days) - Direct Plan - Growth Option,13.2758
2026-08-25,150326,Tata Nifty SDL Plus AAA PSU Bond Dec 6040 Index Fund- Direct Plan-Growth,13.3707
2026-08-25,150327,Tata Nifty SDL Plus AAA PSU Bond Dec 6040 Index Fund-Direct Plan-IDCW Payout,13.3707
2026-08-25,150328,Tata Nifty SDL Plus AAA PSU Bond Dec 6040 Index Fund-Direct Plan- IDCW Reinvestment,13.3707
2026-08-25,150329,Tata Nifty SDL Plus AAA PSU Bond Dec 6040 Index Fund-Regular Plan- IDCW Reinvestment,13.2142
2026-08-25,150330,Tata Nifty SDL Plus AAA PSU Bond Dec 6040 Index Fund-Regular Plan -Growth,13.2142
2026-08-25,150331,Tata Nifty SDL Plus AAA PSU Bond Dec 6040 Index Fund -Regular Plan-IDCW Payout,13.2142
2026-08-25,150340,Tata Nifty India Digital ETF Fund of Fund-Direct Plan-IDCW Payout,14.2805
2026-08-25,150341,Tata Nifty India Digital ETF Fund of Fund-Direct Plan- IDCW Reinvestment,14.2805
2026-08-25,150342,Tata Nifty India Digital ETF Fund of Fund-Regular Plan-IDCW Payout,14.0102
2026-08-25,150343,Tata Nifty India Digital ETF Fund of Fund-Regular Plan-IDCW Reinvestment,14.0102
2026-08-25,150344,Tata Nifty India Digital ETF Fund of Fund-Direct Plan-Growth,14.2805
2026-08-25,150345,Tata Nifty India Digital ETF Fund of Fund -Regular Plan-Growth,14.0102
2026-08-25,150346,WhiteOak Capital Flexi Cap Fund Direct Plan-Growth,19.493
2026-08-25,150347,WhiteOak Capital Flexi Cap Fund Regular Plan-Growth,18.385
2026-08-25,150348,WhiteOak Capital Flexi Cap Fund Regular Plan IDCW,18.385
2026-08-25,150349,WhiteOak Capital Flexi Cap Fund Direct Plan IDCW,19.493
2026-08-25,150350,Aditya Birla Sun Life Crisil IBX 60:40 SDL+AAA PSU-Apr 2027 Index Fund-Regular IDCW,13.0423
2026-08-25,150351,Aditya Birla Sun Life Crisil IBX 60:40 SDL+AAA PSU-Apr 2027 Index Fund-Regular Growth,13.046
2026-08-25,150352,Aditya Birla Sun Life Crisil IBX 60:40 SDL+AAA PSU-Apr 2027 Index Fund-Direct IDCW,13.1442
2026-08-25,150353,Aditya Birla Sun Life Crisil IBX 60:40 SDL+AAA PSU-Apr 2027 Index Fund-Direct Growth,13.1421
2026-08-25,150358,Mirae Asset Nifty SDL Jun 2027 Index Fund - Direct Plan - Growth,13.2440
2026-08-25,150359,Mirae Asset Nifty SDL Jun 2027 Index Fund - Direct Plan - IDCW,13.2445
2026-08-25,150360,Mirae Asset Nifty SDL Jun 2027 Index Fund - Regular Plan - Growth,13.1500
2026-08-25,150361,Mirae Asset Nifty SDL Jun 2027 Index Fund - Regular Plan - IDCW,13.1507
2026-08-25,150366,NJ Arbitrage Fund - Regular Plan - Growth Option,12.7423
2026-08-25,150367,NJ Arbitrage Fund - Direct Plan - Growth Option,13.1105
2026-08-25,150368,NJ Overnight Fund - Regular Plan - Growth Option,1267.0132
2026-08-25,150369,NJ Overnight Fund - Direct Plan - Growth Option,1272.1797
2026-08-25,150376,Edelweiss Focused Fund - Direct Plan - Growth,18.29
2026-08-25,150382,Edelweiss Focused Fund - Regular Plan - Growth,17.127
2026-08-25,150383,Edelweiss Focused Fund - Direct Plan - IDCW,16.727
2026-08-25,150384,Edelweiss Focused Fund - Regular Plan - IDCW,15.567
2026-08-25,150385,Baroda BNP Paribas Flexi Cap Fund - Regular Plan - Growth Option,16.2500
2026-08-25,150386,Baroda BNP Paribas Flexi Cap Fund - Regular Plan - IDCW Option,13.5673
2026-08-25,150387,Baroda BNP Paribas Flexi Cap Fund - Direct Plan - Growth Option,17.1682
2026-08-25,150388,Baroda BNP Paribas Flexi Cap Fund - Direct Plan - IDCW Option,14.3380
2026-08-25,150389,Quantum Nifty 50 ETF FOF - Regular Plan - Growth,14.4017
2026-08-25,150390,Quantum Nifty 50 ETF FOF - Direct Plan - Growth,14.4721
2026-08-25,150391,LIC MF Money Market Fund-Direct Plan-IDCW,1297.887
2026-08-25,150392,LIC MF Money Market Fund-Direct Plan-Growth,1297.8871
2026-08-25,150393,LIC MF Money Market Fund-Regular Plan-Growth,1278.1256
2026-08-25,150394,LIC MF Money Market Fund-Regular Plan-IDCW,1278.1257
2026-08-25,150401,BANDHAN MID CAP FUND - IDCW - DIRECT PLAN,20.684
2026-08-25,150402,BANDHAN MID CAP FUND - GROWTH - REGULAR PLAN,19.455
2026-08-25,150403,BANDHAN MID CAP FUND - IDCW - REGULAR PLAN,18.249
2026-08-25,150404,BANDHAN MID CAP FUND - GROWTH - DIRECT PLAN,20.703
2026-08-25,150405,Union Gilt Fund - Regular Plan - Growth Option,12.3012
2026-08-25,150406,Union Gilt Fund - Regular Plan - Annual IDCW Option,11.5712
2026-08-25,150407,Union Gilt Fund - Direct Plan - Growth Option,12.5452
2026-08-25,150408,Union Gilt Fund - Direct Plan - Annual IDCW Option,11.8496
2026-08-25,150409,UTI 10 year Constant Maturity Gilt Fund - Regular Plan - Growth Option,13.1757
2026-08-25,150410,UTI 10 year Constant Maturity Gilt Fund - Direct Plan - Growth Option,13.4352
2026-08-25,150411,UTI 10 year Constant Maturity Gilt Fund - Regular Plan - Discontinued Quarterly IDCW Option,13.1758
2026-08-25,150412,UTI 10 year Constant Maturity Gilt Fund - Direct Plan - Discontinued Quarterly IDCW Option,13.4355
2026-08-25,150415,UTI 10 year Constant Maturity Gilt Fund - Direct Plan - Half Yearly IDCW Option,13.3027
2026-08-25,150416,UTI 10 year Constant Maturity Gilt Fund - Regular Plan - Half Yearly IDCW Option,13.1754
2026-08-25,150419,UTI 10 year Constant Maturity Gilt Fund - Regular Plan - Annual IDCW Option,11.4682
2026-08-25,150420,UTI 10 year Constant Maturity Gilt Fund - Regular Plan - Discontinued Flexi IDCW Option,13.1752
2026-08-25,150423,UTI 10 year Constant Maturity Gilt Fund - Direct Plan - Annual IDCW Option,11.713
2026-08-25,150424,UTI 10 year Constant Maturity Gilt Fund - Direct Plan - Discontinued Flexi IDCW Option,13.4353
2026-08-25,150427,DSP Nifty Midcap 150 Quality 50 Index Fund - Regular - Growth,14.7558
2026-08-25,150428,DSP Nifty Midcap 150 Quality 50 Index Fund - Direct - Growth,15.1463
2026-08-25,150429,DSP Nifty Midcap 150 Quality 50 Index Fund - Direct - IDCW,14.3887
2026-08-25,150430,DSP Nifty Midcap 150 Quality 50 Index Fund - Regular - IDCW,13.2565
2026-08-25,150439,quant Large Cap Fund - IDCW Option - Direct Plan,17.2492
2026-08-25,150440,quant Large Cap Fund - Growth Option - Direct Plan,17.1783
2026-08-25,150441,quant Large Cap Fund - Growth Option - Regular Plan,16.1257
2026-08-25,150442,quant Large Cap Fund - IDCW Option - Regular Plan,16.0364
2026-08-25,150443,Motilal Oswal BSE Financials ex Bank 30 Index Fund Direct Growth,18.5751
2026-08-25,150444,Motilal Oswal BSE Financials ex Bank 30 Index Fund Regular Growth,18.0651
2026-08-25,150445,Motilal Oswal BSE Healthcare ETF,51.6704
2026-08-25,150451,ICICI Prudential Nifty 200 Momentum 30 Index Fund - IDCW,16.6190
2026-08-25,150452,ICICI Prudential Nifty 200 Momentum 30 Index Fund - Direct Plan - Growth,17.0497
2026-08-25,150453,ICICI Prudential Nifty 200 Momentum 30 Index Fund - Direct Plan - IDCW,17.0472
2026-08-25,150454,ICICI Prudential Nifty 200 Momentum 30 Index Fund - Growth,16.6194
2026-08-25,150455,ICICI Prudential Nifty 200 Momentum 30 ETF,31.8957
2026-08-25,150456,Union Gilt Fund - Direct Plan - Half-yearly IDCW Option,12.1871
2026-08-25,150457,Union Gilt Fund - Regular Plan - Half-yearly IDCW Option,11.9413
2026-08-25,150466,ICICI Prudential Nifty IT Index Fund - Growth,10.7042
2026-08-25,150467,ICICI Prudential Nifty IT Index Fund - IDCW,10.7042
2026-08-25,150468,ICICI Prudential Nifty IT Index Fund - Direct Plan - Growth,10.9386
2026-08-25,150469,ICICI Prudential Nifty IT Index Fund - Direct Plan - IDCW,10.9440
2026-08-25,150470,Mirae Asset Balanced Advantage Fund - Direct Plan - Growth,15.673
2026-08-25,150471,Mirae Asset Balanced Advantage Fund - Direct Plan - IDCW,14.430
2026-08-25,150473,Mirae Asset Balanced Advantage Fund - Regular Plan - Growth,14.815
2026-08-25,150474,Mirae Asset Balanced Advantage Fund - Regular Plan - IDCW,13.651
2026-08-25,150476,HDFC NIFTY 100 ETF - Growth Option,26.3898
2026-08-25,150477,HDFC NIFTY NEXT 50 ETF - Growth Option,76.2223
2026-08-25,150478,Franklin India Balanced Advantage Fund- IDCW,13.6095
2026-08-25,150479,Franklin India Balanced Advantage Fund- IDCW- Direct,13.9218
2026-08-25,150480,Franklin India Balanced Advantage Fund- Growth,14.6331
2026-08-25,150481,Franklin India Balanced Advantage Fund- Growth- Direct,15.5961
2026-08-25,150482,Aditya Birla Sun Life Long Term Fund-Regular Growth,13.1424
2026-08-25,150483,Aditya Birla Sun Life Long Term Fund-Regular IDCW Payout,10.7249
2026-08-25,150484,Aditya Birla Sun Life Long Term Fund-Direct Growth,13.4802
2026-08-25,150485,Aditya Birla Sun Life Long Term Fund-Direct IDCW Payout,11.0057
2026-08-25,150487,Nippon India Nifty Alpha Low Volatility 30 Index Fund - Direct Plan - Growth Option,16.4723
2026-08-25,150488,Nippon India Nifty Alpha Low Volatility 30 Index Fund - Direct Plan - IDCW Option,16.4723
2026-08-25,150490,Nippon India Nifty Alpha Low Volatility 30 Index Fund - Regular Plan - Growth Option,16.1043
2026-08-25,150491,Nippon India Nifty Alpha Low Volatility 30 Index Fund - Regular Plan - IDCW Option,16.1043
2026-08-25,150492,Kotak Nifty India Consumption ETF,12.4673
2026-08-25,150497,Aditya Birla Sun Life Nifty 200 Quality 30 ETF,21.6919
2026-08-25,150498,Aditya Birla Sun Life Nifty 200 Momentum 30 ETF,31.7173
2026-08-25,150499,HSBC Overnight Fund - Unclaimed IDCW Below three years,1276.8555
2026-08-25,150500,HSBC Overnight Fund - Unclaimed Redemption above three years,1000
2026-08-25,150501,HSBC Overnight Fund - Unclaimed IDCW Above three years,1000
2026-08-25,150502,HSBC Overnight Fund - Unclaimed Redemption Below three years,1276.8754
2026-08-25,150503,Canara Robeco Banking and PSU Debt Fund- Regular Plan- Growth Option,12.7383
2026-08-25,150504,Canara Robeco Banking and PSU Debt Fund- Regular Plan- IDCW (Payout/ Reinvestment),10.6879
2026-08-25,150505,Canara Robeco Banking and PSU Debt Fund- Direct Plan- Growth Option,12.8944
2026-08-25,150507,Canara Robeco Banking and PSU Debt Fund- Direct Plan- IDCW Payout,10.8097
2026-08-25,150511,TRUSTMF MONEY MARKET FUND-REGULAR PLAN-GROWTH,1306.9516
2026-08-25,150512,TRUSTMF MONEY MARKET FUND-REGULAR PLAN-MONTHLY IDCW,1154.6674
2026-08-25,150513,TRUSTMF MONEY MARKET FUND-DIRECT PLAN-GROWTH,1318.0883
2026-08-25,150514,TRUSTMF MONEY MARKET FUND-DIRECT PLAN-MONTHLY IDCW,1165.0010
2026-08-25,150515,Navi Nifty India Manufacturing Index Fund- Direct Plan- Growth,20.1974
2026-08-25,150516,Navi Nifty India Manufacturing Index Fund- Regular Plan- Growth,19.5926
2026-08-25,150517,Motilal Oswal BSE Enhanced Value ETF,113.7913
2026-08-25,150518,Motilal Oswal BSE Enhanced Value Index Fund-Direct plan,27.5800
2026-08-25,150519,Motilal Oswal BSE Enhanced Value Index Fund-Regular plan,26.8415
2026-08-25,150520,Motilal Oswal BSE Quality ETF,203.5421
2026-08-25,150521,Motilal Oswal BSE Quality Index Fund-Direct plan,17.8476
2026-08-25,150522,Motilal Oswal BSE Quality Index Fund-Regular plan,17.3643
2026-08-25,150523,DSP Silver ETF,231.1246
2026-08-25,150526,ICICI Prudential Nifty Infrastructure ETF,96.8236
2026-08-25,150531,Kotak Nifty MNC ETF,34.3061
2026-08-25,150532,Tata Housing Opportunities Fund - Direct Plan - Growth,16.0207
2026-08-25,150533,Tata Housing Opportunities Fund - Direct Plan - IDCW Reinvestment,16.0207
2026-08-25,150534,Tata Housing Opportunities Fund - Direct Plan - IDCW Payout,16.0207
2026-08-25,150535,Tata Housing Opportunities Fund - Regular Plan - IDCW Payout,14.9715
2026-08-25,150536,Tata Housing Opportunities Fund - Regular Plan - IDCW Reinvestment,14.9715
2026-08-25,150537,Tata Housing Opportunities Fund - Regular Plan - Growth,14.9715
2026-08-25,150538,ICICI Prudential PSU Equity Fund - Growth,22.00
2026-08-25,150539,ICICI Prudential PSU Equity Fund - Direct Plan - Growth,23.21
2026-08-25,150540,ICICI Prudential PSU Equity Fund - IDCW,18.52
2026-08-25,150541,ICICI Prudential PSU Equity Fund - Direct Plan - IDCW,19.69
2026-08-25,150542,JM Short Term Fund (Regular) - Growth,12.7179
2026-08-25,150543,JM Short Term Fund (Regular) - IDCW,12.7185
2026-08-25,150544,JM Short Term Fund (Direct) - IDCW,13.1217
2026-08-25,150545,JM Short Term Fund (Direct) - Growth,13.1213
2026-08-25,150552,Union Retirement Fund - Regular Plan - Growth Option,16.88
2026-08-25,150553,Union Retirement Fund - Regular Plan - IDCW Option,16.88
2026-08-25,150554,Union Retirement Fund - Direct Plan - Growth Option,17.84
2026-08-25,150555,Union Retirement Fund - Direct Plan - IDCW Option,17.84
2026-08-25,150556,HDFC Silver ETF - Growth Option,229.061
2026-08-25,150568,Sundaram Flexicap Fund Regular Growth,14.5511
2026-08-25,150569,Sundaram Flexicap Fund Regular Plan IDCW Payout,12.0301
2026-08-25,150570,Sundaram Flexicap Fund Regular Plan IDCW Reinvestment,12.0301
2026-08-25,150571,Sundaram Flexicap Fund Direct Growth,15.4494
2026-08-25,150572,Sundaram Flexicap Fund Direct Plan IDCW Reinvestment,12.7836
2026-08-25,150573,Sundaram Flexicap Fund Direct Plan IDCW Payout,12.7836
2026-08-25,150578,Edelweiss Gold and Silver ETF FOF - Direct Plan - IDCW,34.127
2026-08-25,150579,Edelweiss Gold and Silver ETF FOF - Regular Plan - Growth,35.32
2026-08-25,150580,Edelweiss Gold and Silver ETF FOF - Regular Plan - IDCW,33.568
2026-08-25,150581,Edelweiss Gold and Silver ETF FOF - Direct Plan - Growth,35.879
2026-08-25,150582,WhiteOak Capital Mid Cap Fund Direct Plan IDCW,23.825
2026-08-25,150583,WhiteOak Capital Mid Cap Fund Regular Plan Growth,22.418
2026-08-25,150584,WhiteOak Capital Mid Cap Fund Direct Plan Growth,23.825
2026-08-25,150585,WhiteOak Capital Mid Cap Fund Regular Plan IDCW,22.418
2026-08-25,150586,WhiteOak Capital ELSS Tax Saver Fund Direct Plan IDCW,19.621
2026-08-25,150587,WhiteOak Capital ELSS Tax Saver Fund Direct Plan Growth,19.621
2026-08-25,150588,WhiteOak Capital ELSS Tax Saver Fund Regular Plan IDCW,18.370
2026-08-25,150589,WhiteOak Capital ELSS Tax Saver Fund Regular Plan Growth,18.370
2026-08-25,150590,BANDHAN NIFTY200 MOMENTUM 30 INDEX FUND - IDCW - DIRECT PLAN,15.9750
2026-08-25,150591,BANDHAN NIFTY200 MOMENTUM 30 INDEX FUND - GROWTH - DIRECT PLAN,16.0020
2026-08-25,150592,BANDHAN NIFTY200 MOMENTUM 30 INDEX FUND - GROWTH - REGULAR PLAN,15.6112
2026-08-25,150593,BANDHAN NIFTY200 MOMENTUM 30 INDEX FUND - IDCW - REGULAR PLAN,15.6106
2026-08-25,150594,Mirae Asset Global Electric & Autonomous Vehicles Equity Passive FOF - Regular Plan - Growth,16.246
2026-08-25,150595,Mirae Asset Global Electric & Autonomous Vehicles Equity Passive FOF - Direct Plan - Growth,16.504
2026-08-25,150596,Mirae Asset Global X Artificial Intelligence & Technology ETF Fund of Fund - Regular Plan - Growth,35.231
2026-08-25,150597,Mirae Asset Global X Artificial Intelligence & Technology ETF Fund of Fund - Direct Plan- Growth,35.455
2026-08-25,150610,Axis Silver ETF,238.1179
2026-08-25,150615,Axis Silver Fund of Fund- Direct Plan-Growth Option,41.0563
2026-08-25,150616,Axis Silver Fund of Fund- Direct Plan - IDCW Option,41.0558
2026-08-25,150617,Axis Silver Fund of Fund -Regular Plan- Growth Option,40.2326
2026-08-25,150618,Axis Silver Fund of Fund - Regular Plan - IDCW Option,40.2311
2026-08-25,150619,HDFC NIFTY 50 VALUE 20 ETF - Growth Option,126.0426
2026-08-25,150620,HDFC NIFTY100 QUALITY 30 ETF - Growth Option,59.6909
2026-08-25,150621,HDFC NIFTY GROWTH SECTORS 15 ETF - Growth Option,121.9813
2026-08-25,150622,Kotak Business Cycle Fund-Regular Plan-IDCW option,16.307
2026-08-25,150624,Kotak Business Cycle - Direct Plan - Growth,18.6
2026-08-25,150625,Kotak Business Cycle Fund-Direct Plan-IDCW option,17.287
2026-08-25,150626,Kotak Business Cycle Fund-Regular Plan--Growth,17.544
2026-08-25,150627,Nippon India Fixed Maturity Plan-XLIV-Series 1-Direct Plan-Growth Option,13.4010
2026-08-25,150628,Nippon India Fixed Maturity Plan-XLIV-Series 1-Direct Plan-Payout of IDCW,13.4010
2026-08-25,150629,Nippon India Fixed Maturity Plan-XLIV-Series 1-Regular Plan-Growth Option,13.2961
2026-08-25,150630,Nippon India Fixed Maturity Plan-XLIV-Series 1-Regular Plan-Payout of IDCW,13.2962
2026-08-25,150631,Samco Overnight Fund - Direct Plan - Growth Option,1254.4502
2026-08-25,150632,Samco Overnight Fund - Regular Plan - Growth Option,1244.1247
2026-08-25,150633,BANDHAN NIFTY100 LOW VOLATILITY 30 INDEX FUND - GROWTH - REGULAR PLAN,15.6033
2026-08-25,150634,BANDHAN NIFTY100 LOW VOLATILITY 30 INDEX FUND - IDCW - DIRECT PLAN,15.9592
2026-08-25,150635,BANDHAN NIFTY100 LOW VOLATILITY 30 INDEX FUND - IDCW - REGULAR PLAN,15.6030
2026-08-25,150636,BANDHAN NIFTY100 LOW VOLATILITY 30 INDEX FUND - GROWTH - DIRECT PLAN,16.0387
2026-08-25,150637,ICICI Prudential Nifty50 Equal Weight Index Fund- Growth,16.9701
2026-08-25,150638,ICICI Prudential Nifty50 Equal Weight Index Fund- IDCW,16.9700
2026-08-25,150639,ICICI Prudential Nifty50 Equal Weight Index Fund- Direct Plan - Growth,17.3790
2026-08-25,150640,ICICI Prudential Nifty50 Equal Weight Index Fund- Direct Plan - IDCW,17.3788
2026-08-25,150641,Motilal Oswal Gold and Silver Passive Fund of Funds(Regular Plan),32.0462
2026-08-25,150642,Motilal Oswal Gold and Silver Passive Fund of Funds(Direct Plan),32.4831
2026-08-25,150643,ICICI Prudential Nifty Auto Index Fund - Direct Plan - Growth,23.6381
2026-08-25,150644,ICICI Prudential Nifty Auto Index Fund - Direct Plan - IDCW,23.6380
2026-08-25,150645,ICICI Prudential Nifty Auto Index Fund - Growth,23.1375
2026-08-25,150646,ICICI Prudential Nifty Auto Index Fund - IDCW,23.1379
2026-08-25,150657,HDFC NIFTY200 MOMENTUM 30 ETF - Growth Option,31.6133
2026-08-25,150658,HDFC NIFTY100 Low Volatility 30 ETF - Growth Option,20.8865
2026-08-25,150659,LIC MF Multi Cap Fund-Direct Plan-Growth,19.9654
2026-08-25,150660,LIC MF Multi Cap Fund-Direct Plan-IDCW,19.9654
2026-08-25,150661,LIC MF Multi Cap Fund-Regular Plan-Growth,18.7813
2026-08-25,150662,LIC MF Multi Cap Fund-Regular Plan-IDCW,18.7813
2026-08-25,150671,Edelweiss CRISIL IBX 50:50 Gilt Plus SDL April 2037 Index Fund - Direct Plan - Growth,13.5277
2026-08-25,150672,SBI Nifty Midcap 150 Index Fund - Regular Plan - Growth,20.1197
2026-08-25,150673,SBI Nifty Midcap 150 Index Fund - Direct Plan - Growth,20.5198
2026-08-25,150674,SBI Nifty Midcap 150 Index Fund - Regular Plan - Income Distribution cum Capital Withdrawal Option (IDCW),20.1199
2026-08-25,150675,SBI Nifty Midcap 150 Index Fund - Direct Plan - Income Distribution cum Capital Withdrawal Option (IDCW),20.5191
2026-08-25,150676,SBI Nifty Smallcap 250 Index Fund - Regular Plan - Growth,19.6243
2026-08-25,150677,SBI Nifty Smallcap 250 Index Fund - Direct Plan - Growth,20.0226
2026-08-25,150678,SBI Nifty Smallcap 250 Index Fund - Direct Plan - Income Distribution cum Capital Withdrawal Option (IDCW),20.0221
2026-08-25,150679,SBI Nifty Smallcap 250 Index Fund - Regular Plan - Income Distribution cum Capital Withdrawal Option (IDCW),19.6249
2026-08-25,150680,SBI CRISIL IBX Gilt Index - June 2036 Fund - Regular Plan - Income Distribution cum Capital Withdrawal Option (IDCW),13.4683
2026-08-25,150681,SBI |CRISIL IBX Gilt Index - June 2036 Fund - Direct Plan - Growth,13.5950
2026-08-25,150682,SBI CRISIL IBX Gilt Index - June 2036 Fund - Direct Plan - Income Distribution cum Capital Withdrawal Option (IDCW),13.5950
2026-08-25,150683,SBI CRISIL IBX Gilt Index - June 2036 Fund - Regular Plan - Growth,13.4679
2026-08-25,150684,ICICI PRUDENTIAL TRANSPORTATION AND LOGISTICS FUND - Growth,23.16
2026-08-25,150685,ICICI PRUDENTIAL TRANSPORTATION AND LOGISTICS FUND - Direct Plan - Growth,24.27
2026-08-25,150686,ICICI PRUDENTIAL TRANSPORTATION AND LOGISTICS FUND - IDCW,19.64
2026-08-25,150687,ICICI PRUDENTIAL TRANSPORTATION AND LOGISTICS FUND - Direct Plan - IDCW,20.71
2026-08-25,150688,Aditya Birla Sun Life Multi-Asset Passive FOF-Direct Growth,18.1295
2026-08-25,150689,Aditya Birla Sun Life Multi-Asset Passive FOF-Direct IDCW,18.1303
2026-08-25,150690,Aditya Birla Sun Life Multi-Asset Passive FOF-Regular Growth,17.9035
2026-08-25,150691,Aditya Birla Sun Life Multi-Asset Passive FOF-Regular IDCW,17.9037
2026-08-25,150702,Aditya Birla Sun Life Crisil IBX 50:50 Gilt Plus SDL Apr 2028 Index Fund-Direct Growth,13.3603
2026-08-25,150703,Aditya Birla Sun Life Crisil IBX 50:50 Gilt Plus SDL Apr 2028 Index Fund-Regular Growth,13.2813
2026-08-25,150704,Aditya Birla Sun Life Crisil IBX 50:50 Gilt Plus SDL APR 2028 Index Fund-Direct IDCW,13.358
2026-08-25,150705,Aditya Birla Sun Life Crisil IBX 50:50 Gilt Plus SDL Apr 2028 Index Fund-Regular IDCW,13.2825
2026-08-25,150706,SBI CRISIL IBX Gilt Index - April 2029 Fund - Direct Plan - Growth,13.4172
2026-08-25,150707,SBI CRISIL IBX Gilt Index - April 2029 Fund - Regular Plan - Growth,13.2972
2026-08-25,150708,SBI CRISIL IBX Gilt Index - April 2029 Fund - Direct Plan - Income Distribution cum Capital Withdrawal Option (IDCW),13.4173
2026-08-25,150709,SBI CRISIL IBX Gilt Index - April 2029 Fund - Regular Plan - Income Distribution cum Capital Withdrawal Option (IDCW),13.2981
2026-08-25,150710,SBI CRISIL IBX SDL Index - September 2027 Fund - Regular Plan - Income Distribution cum Capital Withdrawal Option (IDCW),13.1859
2026-08-25,150711,SBI CRISIL IBX SDL Index - September 2027 Fund - Direct Plan - Growth,13.2742
2026-08-25,150712,SBI CRISIL IBX SDL Index - September 2027 Fund - Regular Plan - Growth,13.1854
2026-08-25,150713,SBI CRISIL IBX SDL Index - September 2027 Fund - Direct Plan - Income Distribution cum Capital Withdrawal Option (IDCW),13.2802
2026-08-25,150714,UTI Gold ETF Fund of Fund - Direct Plan - Growth Option,30.9329
2026-08-25,150715,UTI Gold ETF Fund of Fund - Regular Plan - Growth Opton,30.4353
2026-08-25,150716,BANDHAN TRANSPORTATION AND LOGISTICS FUND - GROWTH - DIRECT PLAN,22.526
2026-08-25,150717,BANDHAN TRANSPORTATION AND LOGISTICS FUND - GROWTH - REGULAR PLAN,21.209
2026-08-25,150718,BANDHAN TRANSPORTATION AND LOGISTICS FUND - IDCW - REGULAR PLAN,19.853
2026-08-25,150719,BANDHAN TRANSPORTATION AND LOGISTICS FUND - IDCW - DIRECT PLAN,22.497
2026-08-25,150720,Edelweiss CRISIL IBX 50:50 Gilt Plus SDL April 2037 Index Fund - Regular Plan - Growth,13.3818
2026-08-25,150721,Edelweiss CRISIL IBX 50:50 Gilt Plus SDL April 2037 Index Fund - Regular Plan - IDCW Option,12.3816
2026-08-25,150722,Edelweiss CRISIL IBX 50:50 Gilt Plus SDL April 2037 Index Fund - Direct Plan - IDCW Option,12.527
2026-08-25,150723,Kotak Nifty SDL Plus AAA PSU Bond Jul 2028 60:40 Index Fund Regular Plan - Growth,13.1693
2026-08-25,150724,Kotak Nifty SDL Plus AAA PSU Bond Jul 2028 60:40 Index Fund Regular Plan - IDCW,13.1651
2026-08-25,150725,Kotak Nifty SDL Plus AAA PSU Bond Jul 2028 60:40 Index Fund Direct Plan - Growth,13.2682
2026-08-25,150726,Kotak Nifty SDL Plus AAA PSU Bond Jul 2028 60:40 Index Fund Direct Plan - IDCW,13.2683
2026-08-25,150727,Edelweiss CRISIL IBX 50:50 Gilt Plus SDL June 2027 Index Fund - Direct Plan - Growth,13.2313
2026-08-25,150728,ICICI Prudential Nifty SDL Dec 2028 Index Fund - Growth,13.3113
2026-08-25,150729,ICICI Prudential Nifty SDL Dec 2028 Index Fund - Direct Plan - Growth,13.4028
2026-08-25,150730,ICICI Prudential Nifty SDL Dec 2028 Index Fund - Direct Plan - Annual IDCW,13.4031
2026-08-25,150731,ICICI Prudential Nifty SDL Dec 2028 Index Fund - Annual IDCW,13.3113
2026-08-25,150732,ICICI Prudential Nifty G-Sec Dec 2030 Index Fund - Growth,13.4060
2026-08-25,150733,ICICI Prudential Nifty G-Sec Dec 2030 Index Fund - Direct Plan - Growth,13.5027
2026-08-25,150734,ICICI Prudential Nifty G-Sec Dec 2030 Index Fund - Annual IDCW,13.4062
2026-08-25,150735,ICICI Prudential Nifty G-Sec Dec 2030 Index Fund - Direct Plan - Annual IDCW,13.5019
2026-08-25,150736,HDFC Silver ETF Fund of Fund - Growth Option,38.9349
2026-08-25,150737,HDFC Silver ETF Fund of Fund - Growth Option - Direct Plan,39.4924
2026-08-25,150738,Tata Nifty Midcap 150 Momentum 50 Index Fund - Growth - Direct Plan,18.9718
2026-08-25,150739,Tata Nifty Midcap 150 Momentum 50 Index Fund - IDCW Reinvestment - Direct Plan,18.9718
2026-08-25,150740,Tata Nifty Midcap 150 Momentum 50 Index Fund - IDCW Payout - Direct Plan,18.9718
2026-08-25,150741,Tata Nifty Midcap 150 Momentum 50 Index Fund - Growth - Regular Plan,18.4583
2026-08-25,150742,Tata Nifty Midcap 150 Momentum 50 Index Fund - IDCW Payout - Regular Plan,18.4583
2026-08-25,150743,Tata Nifty Midcap 150 Momentum 50 Index Fund - IDCW Reinvestment - Regular Plan,18.4583
2026-08-25,150748,Axis NASDAQ 100 US Specific Equity Passive FOF - Regular Plan - IDCW,29.1872
2026-08-25,150749,Axis NASDAQ 100 US Specific Equity Passive FOF - Direct Plan - IDCW,29.6071
2026-08-25,150750,Axis NASDAQ 100 US Specific Equity Passive FOF - Regular Plan - Growth,29.1873
2026-08-25,150751,Axis NASDAQ 100 US Specific Equity Passive FOF - Direct Plan - Growth,29.6072
2026-08-25,150752,Nippon India Nifty AAA PSU Bond Plus SDL - Sep 2026 Maturity 50:50 Index Fund-Regular Plan-Growth Option,12.9864
2026-08-25,150753,Nippon India Nifty AAA PSU Bond Plus SDL - Sep 2026 Maturity 50:50 Index Fund-Direct Plan-IDCW Option,13.0784
2026-08-25,150754,Nippon India Nifty AAA PSU Bond Plus SDL - Sep 2026 Maturity 50:50 Index Fund-Direct Plan-Growth Option,13.0784
2026-08-25,150755,Nippon India Nifty AAA PSU Bond Plus SDL - Sep 2026 Maturity 50:50 Index Fund-Regular Plan-IDCW Option,12.9864
2026-08-25,150770,Edelweiss CRISIL IBX 50:50 Gilt Plus SDL June 2027 Index Fund - Direct Plan - IDCW,12.4277
2026-08-25,150771,Edelweiss CRISIL IBX 50:50 Gilt Plus SDL June 2027 Index Fund - Regular Plan - Growth,13.1071
2026-08-25,150772,Edelweiss CRISIL IBX 50:50 Gilt Plus SDL June 2027 Index Fund - Regular Plan - IDCW,12.304
2026-08-25,150777,Aditya Birla Sun Life Crisil IBX Gilt-Apr 2029 Index Fund-Regular Growth,13.381
2026-08-25,150778,Aditya Birla Sun Life Crisil IBX Gilt-Apr-2029 Index Fund-Direct Growth,13.4652
2026-08-25,150779,Aditya Birla Sun Life Crisil IBX Gilt-Apr 2029 Index Fund-Regular IDCW,10.6727
2026-08-25,150780,Aditya Birla Sun Life Crisil IBX Gilt-Apr 2029 Index Fund-Direct IDCW,10.7739
2026-08-25,150789,Mirae Asset CRISIL IBX Gilt Index - April 2033 Index Fund - Direct Plan - IDCW,13.5449
2026-08-25,150790,Mirae Asset CRISIL IBX Gilt Index - April 2033 Index Fund - Regular Plan - Growth,13.3998
2026-08-25,150791,Mirae Asset CRISIL IBX Gilt Index - April 2033 Index Fund - Regular Plan - IDCW,13.4007
2026-08-25,150792,Mirae Asset CRISIL IBX Gilt Index - April 2033 Index Fund - Direct Plan - Growth,13.5490
2026-08-25,150797,WhiteOak Capital Large Cap Fund Direct Plan Growth,16.163
2026-08-25,150798,WhiteOak Capital Large Cap Fund Direct Plan IDCW,16.163
2026-08-25,150799,WhiteOak Capital Large Cap Fund Regular Plan Growth,15.196
2026-08-25,150800,WhiteOak Capital Large Cap Fund Regular Plan IDCW,15.196
2026-08-25,150801,HDFC NIFTY IT ETF - Growth option,32.903
2026-08-25,150802,HDFC NIFTY Private Bank ETF - Growth Option,28.017
2026-08-25,150803,HDFC Business Cycle Fund - Growth Option,15.492
2026-08-25,150804,HDFC Business Cycle Fund - IDCW Option - Direct Plan,16.209
2026-08-25,150805,HDFC Business Cycle Fund - Growth Option - Direct Plan,16.209
2026-08-25,150806,HDFC Business Cycle Fund - IDCW Option,15.492
2026-08-25,150807,Edelweiss CRISIL IBX 50:50 Gilt Plus SDL Sep 2028 Index Fund - Direct Plan - Growth,13.2834
2026-08-25,150812,JM Mid Cap Fund (Regular) - Growth,21.5926
2026-08-25,150813,JM Mid Cap Fund (Regular) - IDCW,21.5926
2026-08-25,150814,JM Mid Cap Fund (Direct) - IDCW,23.0345
2026-08-25,150815,JM Mid Cap Fund (Direct) - Growth,23.0346
2026-08-25,150816,Canara Robeco Mid Cap Fund- Regular Plan- Growth Option,18.8500
2026-08-25,150817,Canara Robeco Mid Cap Fund- Direct Plan- Growth Option,19.8500
2026-08-25,150818,Canara Robeco Mid Cap Fund- Direct Plan- IDCW,18.2800
2026-08-25,150819,Canara Robeco Mid Cap Fund- Regular Plan- IDCW,17.3400
2026-08-25,150820,Kotak Income Plus Arbitrage Omni  FOF-Regular Plan-Growth,13.1435
2026-08-25,150821,Kotak Income Plus Arbitrage Omni FOF-Regular Plan-IDCW,13.1433
2026-08-25,150822,Kotak Income Plus Arbitrage Omni FOF-Direct Plan-Growth,13.2197
2026-08-25,150823,Kotak Income Plus Arbitrage Omni FOF-Direct Plan-IDCW,13.2198
2026-08-25,150824,Nippon India Nifty SDL Plus G-Sec - Jun 2028 Maturity 70:30 Index Fund-Direct Plan-Growth Option,13.1472
2026-08-25,150825,Nippon India Nifty SDL Plus G-Sec - Jun 2028 Maturity 70:30 Index Fund-Regular Plan-Growth Option,13.0490
2026-08-25,150826,Nippon India Nifty SDL Plus G-Sec - Jun 2028 Maturity 70:30 Index Fund-Direct Plan-IDCW Option,13.1472
2026-08-25,150827,Nippon India Nifty SDL Plus G-Sec - Jun 2028 Maturity 70:30 Index Fund-Regular Plan IDCW Option,13.0490
2026-08-25,150838,Samco ELSS Tax Saver Fund - Direct Plan - Growth Option,13.76
2026-08-25,150839,Samco ELSS Tax Saver Fund - Regular Plan - Growth Option,13.06
2026-08-25,150842,DSP FMP Series - 267 - 1172 Days - Direct - Growth,13.0508
2026-08-25,150843,DSP FMP Series - 267 - 1172 Days - Regular - Growth,12.9977
2026-08-25,150844,HDFC Nifty G-Sec Dec 2026 Index Fund - Growth Option,12.9462
2026-08-25,150845,HDFC Nifty G-Sec Dec 2026 Index Fund - Growth Option - Direct Plan,13.0209
2026-08-25,150846,HDFC Nifty G-Sec July 2031 Index Fund - Growth Option,13.3521
2026-08-25,150847,HDFC Nifty G-Sec July 2031 Index Fund - Growth Option - Direct Plan,13.4342
2026-08-25,150848,Edelweiss CRISIL IBX 50:50 Gilt Plus SDL Sep 2028 Index Fund - Regular Plan - Growth,13.1533
2026-08-25,150849,Edelweiss CRISIL IBX 50:50 Gilt Plus SDL Sep 2028 Index Fund - Regular Plan - IDCW,12.3508
2026-08-25,150850,Edelweiss CRISIL IBX 50:50 Gilt Plus SDL Sep 2028 Index Fund - Direct Plan - IDCW,12.4811
2026-08-25,150851,Axis Nifty SDL September 2026 Debt Index Fund - Regular Plan - Growth,12.9425
2026-08-25,150852,Axis Nifty SDL September 2026 Debt Index Fund - Direct Plan - IDCW,13.0024
2026-08-25,150853,Axis Nifty SDL September 2026 Debt Index Fund - Regular Plan -  IDCW,12.9412
2026-08-25,150854,Axis Nifty SDL September 2026 Debt Index Fund - Direct Plan - Growth,13.0025
2026-08-25,150855,Union Multicap Fund - Regular Plan - Growth Option,17.85
2026-08-25,150856,Union Multicap Fund - Regular Plan - IDCW Option,17.85
2026-08-25,150857,Union Multicap Fund - Direct Plan - IDCW Option,18.70
2026-08-25,150858,Union Multicap Fund - Direct Plan - Growth Option,18.70
2026-08-25,150863,Baroda BNP Paribas Multi Asset Fund - Regular Plan - Growth Option,16.6275
2026-08-25,150864,Baroda BNP Paribas Multi Asset Fund - Regular Plan - IDCW Option,14.5322
2026-08-25,150865,Baroda BNP Paribas Multi Asset Fund - Direct Plan - Growth Option,17.4813
2026-08-25,150866,Baroda BNP Paribas Multi Asset Fund - Direct Plan - IDCW Option,15.5551
2026-08-25,150867,BANDHAN CRISIL IBX 90:10 SDL PLUS GILT - NOV 2026 INDEX FUND - DIRECT IDCW,10.6209
2026-08-25,150868,BANDHAN CRISIL IBX 90:10 SDL PLUS GILT - NOV 2026 INDEX FUND - DIRECT GROWTH,13.0465
2026-08-25,150869,BANDHAN CRISIL IBX 90:10 SDL PLUS GILT - NOV 2026 INDEX FUND - REGULAR GROWTH,12.9236
2026-08-25,150870,BANDHAN CRISIL IBX 90:10 SDL PLUS GILT - NOV 2026 INDEX FUND - REGULAR IDCW,10.4717
2026-08-25,150871,BANDHAN CRISIL IBX 90:10 SDL PLUS GILT APRIL 2032 INDEX FUND - DIRECT GROWTH,13.2861
2026-08-25,150872,BANDHAN CRISIL IBX 90:10 SDL PLUS GILT APRIL 2032 INDEX FUND - DIRECT IDCW,10.8824
2026-08-25,150873,BANDHAN CRISIL IBX 90:10 SDL PLUS GILT APRIL 2032 INDEX FUND - REGULAR GROWTH,13.1998
2026-08-25,150874,BANDHAN CRISIL IBX 90:10 SDL PLUS GILT APRIL 2032 INDEX FUND - REGULAR IDCW,10.8136
2026-08-25,150879,ICICI Prudential Nifty Financial Services Ex-BaNk ETF,33.6465
2026-08-25,150888,BANDHAN CRISIL IBX 90:10 SDL PLUS GILT - SEP27 INDEX FUND - DIRECT GROWTH,13.1617
2026-08-25,150889,BANDHAN CRISIL IBX 90:10 SDL PLUS GILT SEP27 INDEX FUND - DIRECT IDCW,10.5677
2026-08-25,150890,BANDHAN CRISIL IBX 90:10 SDL PLUS GILT SEP27 INDEX FUND - REGULAR GROWTH,13.0388
2026-08-25,150891,BANDHAN CRISIL IBX 90:10 SDL PLUS GILT SEP27 INDEX FUND - REGULAR IDCW,10.5539
2026-08-25,150892,Edelweiss Nifty Smallcap 250 Index Fund - Direct Plan - Growth,19.1355
2026-08-25,150893,Edelweiss Nifty Smallcap 250 Index Fund - Regular Plan - IDCW,17.4208
2026-08-25,150894,Edelweiss Nifty Smallcap 250 Index Fund - Regular Plan - Growth,18.6567
2026-08-25,150895,Edelweiss Nifty Smallcap 250 Index Fund - Direct Plan - IDCW,17.8997
2026-08-25,150896,Edelweiss Nifty Next 50 Index Fund - Direct Plan - IDCW,17.4101
2026-08-25,150897,Edelweiss Nifty Next 50 Index Fund - Regular Plan - Growth,16.9536
2026-08-25,150898,Edelweiss Nifty Next 50 Index Fund - Regular Plan - IDCW,16.9536
2026-08-25,150899,Edelweiss Nifty Next 50 Index Fund - Direct Plan - Growth,17.4104
2026-08-25,150900,Edelweiss Nifty Midcap150 Momentum 50 Index Fund - Regular Plan - Growth,18.5796
2026-08-25,150901,Edelweiss Nifty Midcap150 Momentum 50 Index Fund - Regular Plan - IDCW,18.5796
2026-08-25,150902,Edelweiss Nifty Midcap150 Momentum 50 Index Fund - Direct Plan - Growth,19.0702
2026-08-25,150903,Edelweiss Nifty Midcap150 Momentum 50 Index Fund - Direct Plan - IDCW,19.0733
2026-08-25,150904,Nippon India Nifty G-Sec Sep 2027 Maturity Index Fund-Regular Plan-Growth Option,12.8757
2026-08-25,150905,Nippon India Nifty G-Sec Sep 2027 Maturity Index Fund-Regular Plan-IDCW Option,12.8757
2026-08-25,150906,Nippon India Nifty G-Sec Sep 2027 Maturity Index Fund-Direct Plan-Growth Option,12.9751
2026-08-25,150907,Nippon India Nifty G-Sec Sep 2027 Maturity Index Fund-Direct Plan-IDCW Option,12.9751
2026-08-25,150912,Mahindra Manulife Small Cap Fund - Regular Plan - Growth,22.6356
2026-08-25,150913,Mahindra Manulife Small Cap Fund - Direct Plan - IDCW,23.0333
2026-08-25,150914,Mahindra Manulife Small Cap Fund - Regular Plan - IDCW,21.6968
2026-08-25,150915,Mahindra Manulife Small Cap Fund - Direct Plan - Growth,23.9778
2026-08-25,150920,Nippon India Nifty G-Sec Jun 2036 Maturity Index Fund-Direct Plan-Growth Option,13.3129
2026-08-25,150921,Nippon India Nifty G-Sec Jun 2036 Maturity Index fund-Direct Plan-IDCW Option,13.3129
2026-08-25,150922,Nippon India Nifty G-Sec Jun 2036 Maturity Index Fund-Regular Plan-IDCW Option,13.2045
2026-08-25,150923,Nippon India Nifty G-Sec Jun 2036 Maturity Index Fund-Regular Plan-Growth Option,13.2045
2026-08-25,150928,ICICI Prudential Nifty Pharma Index Fund - Direct Plan - IDCW,20.5751
2026-08-25,150929,ICICI Prudential Nifty Pharma Index Fund - Growth,20.0954
2026-08-25,150930,ICICI Prudential Nifty Pharma Index Fund - Direct Plan - Growth,20.5741
2026-08-25,150931,ICICI Prudential Nifty Pharma Index Fund - IDCW,20.0955
2026-08-25,150948,Kotak Silver ETF,23.2498
2026-08-25,150987,BHARAT Bond ETF - April 2033,1308.7007
2026-08-25,150988,BHARAT Bond ETF FOF - April 2033 - Regular Plan - IDCW,13.1216
2026-08-25,150989,BHARAT Bond ETF FOF - April 2033 - Direct Plan - Growth,13.1217
2026-08-25,150990,BHARAT Bond ETF FOF - April 2033 - Direct Plan - IDCW,13.1217
2026-08-25,150991,BHARAT Bond ETF FOF - April 2033 - Regular Plan - Growth,13.1216
2026-08-25,150992,HSBC Corporate Bond Fund - Regular Growth,77.7672
2026-08-25,150993,HSBC Corporate Bond Fund - Regular Quarterly IDCW,10.8928
2026-08-25,150994,HSBC Corporate Bond Fund - Regular Semi Annual IDCW,16.7422
2026-08-25,150995,HSBC Corporate Bond Fund -Regular Plan - Bonus,29.5401
2026-08-25,150996,HSBC Corporate Bond Fund - Direct Growth,83.1033
2026-08-25,150997,HSBC Corporate Bond Fund - Direct Semi Annual IDCW,20.0864
2026-08-25,150998,HSBC Corporate Bond Fund - Direct Quarterly IDCW,11.3161
2026-08-25,151000,HSBC Corporate Bond Fund - Direct Annual IDCW,11.8041
2026-08-25,151001,HSBC Corporate Bond Fund - Regular Annual IDCW,11.5114
2026-08-25,151012,HSBC Gilt Fund - Regular Quarterly IDCW,10.2415
2026-08-25,151013,HSBC Gilt Fund - Regular Growth,66.9834
2026-08-25,151014,HSBC Gilt Fund - Direct Growth,77.7884
2026-08-25,151015,HSBC Gilt Fund - Direct Quarterly IDCW,12.0097
2026-08-25,151033,HSBC Midcap Fund - Regular IDCW,89.1879
2026-08-25,151034,HSBC Midcap Fund - Regular Growth,475.1041
2026-08-25,151035,HSBC Midcap Fund - Direct IDCW,103.6884
2026-08-25,151036,HSBC Midcap Fund - Direct Growth,543.2666
2026-08-25,151037,HSBC Infrastructure Fund - Regular Growth,51.1355
2026-08-25,151038,HSBC Infrastructure Fund - Regular IDCW,37.0498
2026-08-25,151039,HSBC Infrastructure Fund - Direct IDCW,41.6903
2026-08-25,151040,HSBC Infrastructure Fund - Direct Growth,58.1497
2026-08-25,151041,HSBC Credit Risk Fund- Regular Plan - Bonus,33.9633
2026-08-25,151042,HSBC Credit Risk Fund - Regular IDCW,11.2548
2026-08-25,151043,HSBC Credit Risk Fund - Regular Growth,34.5093
2026-08-25,151044,HSBC Credit Risk Fund - Direct IDCW,12.365
2026-08-25,151045,HSBC Credit Risk Fund - Direct Growth,37.7104
2026-08-25,151046,HSBC Credit Risk Fund - Regular Annual IDCW,12.5143
2026-08-25,151047,HSBC Credit Risk Fund - Direct Annual IDCW,13.6774
2026-08-25,151048,HSBC Money Market Fund - Regular Growth,28.3568
2026-08-25,151049,HSBC Money Market Fund - Regular Daily IDCW,10.8591
2026-08-25,151050,HSBC Money Market Fund - Regular Weekly IDCW,13.1027
2026-08-25,151051,HSBC Money Market Fund - Regular Monthly IDCW,11.6025
2026-08-25,151052,HSBC Money Market Fund - Direct Monthly IDCW,12.2574
2026-08-25,151053,HSBC Money Market Fund - Direct Weekly IDCW,13.1901
2026-08-25,151054,HSBC Money Market Fund - Direct Growth,29.8059
2026-08-25,151055,HSBC Money Market Fund - Direct Daily IDCW,10.8591
2026-08-25,151056,HSBC Equity Savings Fund - Regular Monthly IDCW,15.5589
2026-08-25,151057,HSBC Equity Savings Fund - Regular Quarterly IDCW,16.5849
2026-08-25,151058,HSBC Equity Savings Fund - Regular Growth,36.9656
2026-08-25,151059,HSBC Equity Savings Fund - Direct Quarterly IDCW,18.4974
2026-08-25,151060,HSBC Equity Savings Fund - Direct Growth,41.3946
2026-08-25,151061,HSBC Equity Savings Fund - Direct Monthly IDCW,17.7827
2026-08-25,151062,HSBC Short Duration Fund - Bonus,28.1223
2026-08-25,151063,HSBC Short Duration Fund -  Regular Plan - Monthly IDCW,11.0633
2026-08-25,151064,HSBC Short Duration Fund - Regular Quarterly IDCW,10.4008
2026-08-25,151065,HSBC Short Duration Fund - Regular Growth,28.1234
2026-08-25,151067,HSBC Short Duration Fund - Direct Growth,29.9269
2026-08-25,151068,HSBC Short Duration Fund - Direct Plan -  Monthly IDCW,11.7367
2026-08-25,151069,HSBC Short Duration Fund - Direct Quarterly IDCW,11.2628
2026-08-25,151070,HSBC Short Duration Fund - Direct Annual IDCW,12.2355
2026-08-25,151071,HSBC Short Duration Fund - Regular Annual IDCW,11.6463
2026-08-25,151076,HSBC ELSS Tax saver Fund - Regular Growth,144.1287
2026-08-25,151077,HSBC ELSS Tax saver Fund - Regular IDCW Payout,27.762
2026-08-25,151078,HSBC ELSS Tax saver Fund - Direct Growth,158.4027
2026-08-25,151079,HSBC ELSS Tax saver Fund - Direct IDCW Payout,40.9909
2026-08-25,151084,HSBC Dynamic Bond Fund - Regular Growth,30.7732
2026-08-25,151085,HSBC Dynamic Bond Fund - Regular Monthly IDCW,10.6613
2026-08-25,151086,HSBC Dynamic Bond Fund - Direct Monthly IDCW,12.7005
2026-08-25,151087,HSBC Dynamic Bond Fund - Direct Growth,33.5006
2026-08-25,151088,HSBC Dynamic Bond Fund - Direct Annual IDCW,10.8443
2026-08-25,151089,HSBC Dynamic Bond Fund - Regular Annual IDCW,10.2865
2026-08-25,151102,HSBC Banking and PSU Debt Fund - Regular Daily IDCW,11.0815
2026-08-25,151103,HSBC Banking and PSU Debt Fund - Regular Weekly IDCW,10.2931
2026-08-25,151104,HSBC Banking and PSU Debt Fund - Regular Growth,25.718
2026-08-25,151105,HSBC Banking and PSU Debt Fund - Regular Monthly IDCW,10.3656
2026-08-25,151106,HSBC Banking and PSU Debt Fund - Direct Monthly IDCW,11.1802
2026-08-25,151107,HSBC Banking and PSU Debt Fund - Direct Growth,27.1928
2026-08-25,151108,HSBC Banking and PSU Debt Fund - Direct Daily IDCW,11.157
2026-08-25,151109,HSBC Banking and PSU Debt Fund - Direct Weekly IDCW,10.3213
2026-08-25,151110,HSBC Value Fund - Regular Growth,116.1411
2026-08-25,151111,HSBC Value Fund - Regular IDCW,50.3323
2026-08-25,151112,HSBC Value Fund - Direct IDCW,64.8423
2026-08-25,151113,HSBC Value Fund - Direct Growth,131.0288
2026-08-25,151114,HSBC Low Duration Fund - Regular Growth,30.7005
2026-08-25,151115,HSBC Low Duration Fund - Regular Monthly IDCW,10.382
2026-08-25,151116,HSBC Low Duration Fund - Direct Monthly IDCW,11.0994
2026-08-25,151117,HSBC Low Duration Fund - Direct Growth,32.561
2026-08-25,151118,HSBC Low Duration Fund - Direct Annual IDCW,10.5958
2026-08-25,151119,HSBC Low Duration Fund - Regular Annual IDCW,10.4021
2026-08-25,151120,HSBC Aggressive Hybrid Fund - Regular Growth,60.3159
2026-08-25,151121,HSBC Aggressive Hybrid Fund - Regular IDCW,28.4541
2026-08-25,151122,HSBC Aggressive Hybrid Fund - Direct Growth,69.3218
2026-08-25,151123,HSBC Aggressive Hybrid Fund - Direct IDCW,34.3548
2026-08-25,151124,HSBC Aggressive Hybrid Fund - Regular Annual IDCW,17.6148
2026-08-25,151125,HSBC Aggressive Hybrid Fund - Direct Annual IDCW,19.9963
2026-08-25,151126,HSBC Balanced Advantage Fund - Regular IDCW,18.5555
2026-08-25,151127,HSBC Balanced Advantage Fund - Regular Growth,44.6523
2026-08-25,151128,HSBC Balanced Advantage Fund - Direct IDCW,22.364
2026-08-25,151129,HSBC Balanced Advantage Fund - Direct Growth,52.4817
2026-08-25,151130,HSBC Small Cap Fund - Direct Growth,102.1418
2026-08-25,151131,HSBC Small Cap Fund - Regular IDCW,41.1344
2026-08-25,151132,HSBC Small Cap Fund - Direct IDCW,48.5026
2026-08-25,151133,HSBC Small Cap Fund - Regular Growth,90.8999
2026-08-25,151134,HSBC Arbitrage Fund - Regular Growth,20.2778
2026-08-25,151135,HSBC Arbitrage Fund - Direct Monthly IDCW,10.2268
2026-08-25,151136,HSBC Arbitrage Fund - Direct Quarterly IDCW,10.8591
2026-08-25,151137,HSBC Arbitrage Fund - Regular Quarterly IDCW,10.7229
2026-08-25,151138,HSBC Arbitrage Fund - Direct Growth,21.8489
2026-08-25,151140,HSBC Arbitrage Fund - Regular Monthly IDCW,10.2264
2026-08-25,151142,HSBC Business Cycles Fund - Direct Growth,49.6728
2026-08-25,151143,HSBC Business Cycles Fund - Regular IDCW,25.818
2026-08-25,151144,HSBC Business Cycles Fund - Regular Growth,44.5481
2026-08-25,151145,HSBC Business Cycles Fund - Direct IDCW,28.6306
2026-08-25,151146,HSBC Medium Duration Fund - Direct Growth,23.8961
2026-08-25,151147,HSBC Medium Duration Fund - Regular IDCW,10.6119
2026-08-25,151148,HSBC Medium Duration Fund - Direct IDCW,11.5611
2026-08-25,151149,HSBC Medium Duration Fund - Regular Growth,21.7292
2026-08-25,151150,HSBC Medium Duration Fund - Direct Annual IDCW,11.7099
2026-08-25,151151,HSBC Medium Duration Fund - Regular Annual IDCW,10.6026
2026-08-25,151156,HSBC NIFTY 50 INDEX FUND - Direct IDCW,28.8248
2026-08-25,151157,HSBC NIFTY 50 INDEX FUND - Direct Growth,28.8248
2026-08-25,151158,HSBC NIFTY 50 INDEX FUND - Regular Growth,28.291
2026-08-25,151159,HSBC NIFTY 50 INDEX FUND - Regular IDCW,28.2909
2026-08-25,151160,HSBC NIFTY NEXT 50 INDEX FUND - Direct Growth,32.7124
2026-08-25,151161,HSBC NIFTY NEXT 50 INDEX FUND - Regular IDCW,31.8182
2026-08-25,151162,HSBC NIFTY NEXT 50 INDEX FUND - Regular Growth,31.818
2026-08-25,151163,HSBC NIFTY NEXT 50 INDEX FUND - Direct IDCW,32.7125
2026-08-25,151164,360 ONE ELSS Tax Saver Nifty 50 Index Fund - Regular Plan - Growth,13.7178
2026-08-25,151165,360 ONE ELSS Tax Saver Nifty 50 Index Fund - Direct Plan - Growth,13.8438
2026-08-25,151166,360 ONE ELSS Tax Saver Nifty 50 Index Fund - Direct Plan - IDCW Payout,13.8438
2026-08-25,151167,360 ONE ELSS Tax Saver Nifty 50 Index Fund - Regular Plan - IDCW Payout,13.7178
2026-08-25,151176,Axis Long Duration Fund - Direct Plan -Daily IDCW,998.3951
2026-08-25,151177,Axis Long Duration Fund - Regular Plan - Daily IDCW,998.2036
2026-08-25,151178,Axis Long Duration Fund - Regular Plan - Growth,1252.1000
2026-08-25,151179,Axis Long Duration Fund - Direct Plan - Growth,1272.2573
2026-08-25,151180,HDFC Nifty G-Sec Jun 2027 Index Fund - Growth Option,12.9327
2026-08-25,151181,HDFC Nifty G-Sec Jun 2027 Index Fund - Growth Option - Direct Plan,13.0064
2026-08-25,151182,HDFC Nifty G-Sec Sep 2032 Index Fund - Growth Option,13.2449
2026-08-25,151183,HDFC Nifty G-Sec Sep 2032 Index Fund - Growth Option - Direct Plan,13.3293
2026-08-25,151184,UTI CRISIL SDL Maturity April 2033 Index Fund - Regular Plan - Growth Option,13.0043
2026-08-25,151185,UTI CRISIL SDL Maturity April 2033 Index Fund - Direct Plan - Growth Option,13.126
2026-08-25,151190,quant Overnight Fund - Growth Option - Direct Plan,12.557
2026-08-25,151191,quant Overnight Fund - IDCW Option - Regular Plan,12.4988
2026-08-25,151193,quant Overnight Fund - IDCW Option - Direct Plan,12.5622
2026-08-25,151195,quant Overnight Fund - Growth Option - Regular Plan,12.5103
2026-08-25,151196,ICICI Prudential Nifty 10 yr Benchmark G-sec ETF,264.8380
2026-08-25,151201,Axis Long Duration Fund - Regular Plan - Monthly IDCW,1019.7248
2026-08-25,151202,Axis Long Duration Fund - Direct Plan - Monthly IDCW,1018.9113
2026-08-25,151203,Axis Long Duration Fund - Regular Plan - Quarterly IDCW,1213.7757
2026-08-25,151204,Axis Long Duration Fund - Direct Plan - Quarterly IDCW,1233.8738
2026-08-25,151205,Axis Long Duration Fund - Direct Plan - Annual IDCW,1261.0110
2026-08-25,151206,Axis Long Duration Fund - Regular Plan - Annual IDCW,1240.8979
2026-08-25,151207,ICICI Prudential Nifty Commodities ETF,100.5412
2026-08-25,151208,ICICI Prudential Nifty SDL Sep 2026 Index Fund - Growth,12.7948
2026-08-25,151209,ICICI Prudential Nifty SDL Sep 2026 Index Fund - Annual IDCW,12.7946
2026-08-25,151210,ICICI Prudential Nifty SDL Sep 2026 Index Fund - Direct Plan - Annual IDCW,12.8893
2026-08-25,151211,ICICI Prudential Nifty SDL Sep 2026 Index Fund - Direct Plan - Growth,12.8894
2026-08-25,151212,SBI Long Term Fund - Regular Plan - Growth,12.6318
2026-08-25,151213,SBI Long Term Fund - Regular Plan - Income Distribution cum Capital Withdrawal Option (IDCW),12.6320
2026-08-25,151214,SBI Long Term Fund - Direct Plan - Growth,12.8236
2026-08-25,151215,SBI Long Term Fund - Direct Plan - Income Distribution cum Capital Withdrawal Option (IDCW),12.8240
2026-08-25,151228,quant Gilt Fund - Growth Option - Direct Plan,12.6078
2026-08-25,151229,quant Gilt Fund - IDCW Option - Direct Plan,12.5937
2026-08-25,151230,quant Gilt Fund - Growth Option - Regular Plan,12.1704
2026-08-25,151231,quant Gilt Fund - IDCW Option - Regular Plan,12.181
2026-08-25,151232,Tata Multicap Fund - Direct Plan - Growth,16.4958
2026-08-25,151233,Tata Multicap Fund - Direct Plan - IDCW Reinvestment,16.4958
2026-08-25,151234,Tata Multicap Fund - Direct Plan - IDCW Payout,16.4958
2026-08-25,151235,Tata Multicap Fund - Regular Plan - Growth,15.6169
2026-08-25,151236,Tata Multicap Fund - Regular Plan - IDCW Reinvestment,15.6169
2026-08-25,151237,Tata Multicap Fund - Regular Plan - IDCW Payout,15.6169
2026-08-25,151238,UTI CRISIL SDL Maturity June 2027 Index Fund - Regular Plan - Growth Option,12.864
2026-08-25,151239,UTI CRISIL SDL Maturity June 2027 Index Fund - Direct Plan - Growth Option,12.9791
2026-08-25,151262,DSP Nifty Bank ETF,58.9662
2026-08-25,151267,WhiteOak Capital Balanced Advantage Fund Direct Plan Growth,15.872
2026-08-25,151268,WhiteOak Capital Balanced Advantage Fund Regular Plan Growth,15.018
2026-08-25,151273,Tata Nifty G-Sec Dec 2029 Index Fund - Direct Plan - Growth,13.1260
2026-08-25,151274,Tata Nifty G-Sec Dec 2029 Index Fund - Direct Plan - IDCW Payout,13.1260
2026-08-25,151275,Tata Nifty G-Sec Dec 2029 Index Fund - Regular Plan - Growth,12.9691
2026-08-25,151276,Tata Nifty G-Sec Dec 2029 Index Fund - Regular Plan - IDCW Reinvestment,12.9691
2026-08-25,151277,Tata Nifty G-Sec Dec 2029 Index Fund - Regular Plan - IDCW Payout,12.9691
2026-08-25,151278,Tata Nifty G-Sec Dec 2029 Index Fund - Direct Plan - IDCW Reinvestment,13.1260
2026-08-25,151285,Kotak FMP Series 304-Regular Plan-Growth Option,13.3441
2026-08-25,151286,Kotak FMP Series 304-Direct Plan-Growth Option,13.3598
2026-08-25,151287,Kotak FMP Series 304-Direct Plan-Payout of IDCW,13.3586
2026-08-25,151288,Kotak FMP Series 304-Regular Plan-Payout of IDCW,13.3442
2026-08-25,151289,HSBC Multi Cap Fund - Regular - Growth,20.5544
2026-08-25,151290,HSBC Multi Cap Fund - Direct - Growth,21.5317
2026-08-25,151291,HSBC Multi Cap Fund - Direct - IDCW,20.7976
2026-08-25,151292,HSBC Multi Cap Fund - Regular - IDCW,16.8969
2026-08-25,151297,Axis CRISIL IBX 50:50 Gilt Plus SDL June 2028 Index Fund - Regular Plan - Growth,12.8696
2026-08-25,151298,Axis CRISIL IBX 50:50 Gilt Plus SDL June 2028 Index Fund - Regular Plan - IDCW,12.8695
2026-08-25,151299,Axis CRISIL IBX 50:50 Gilt Plus SDL June 2028 Index Fund - Direct Plan - IDCW,12.9615
2026-08-25,151300,Axis CRISIL IBX 50:50 Gilt Plus SDL June 2028 Index Fund - Direct Plan - Growth,12.9560
2026-08-25,151301,Tata Nifty G Sec Dec 2026 Index Fund-Direct Plan-Growth,12.8340
2026-08-25,151302,Tata Nifty G Sec Dec 2026 Index Fund-Direct Plan-IDCW Payout,12.8340
2026-08-25,151303,Tata Nifty G SEc Dec 2026 Index Fund-Regular Plan-IDCW Reinvestment,12.6853
2026-08-25,151304,Tata Nifty G Sec Dec 2026 Index Fund-Regular Plan-IDCW Payout,12.6853
2026-08-25,151305,Tata Nifty G Sec Dec 2026 Index Fund-Direct Plan-IDCW Reinvestment,12.8340
2026-08-25,151306,Tata Nifty G Sec Dec 2026 Index Fund-Regular Plan-Growth,12.6853
2026-08-25,151307,Aditya Birla Sun Life Multi Asset Allocation Fund-Direct Growth,18.2384
2026-08-25,151308,Aditya Birla Sun Life Multi Asset Allocation Fund-Direct IDCW,16.4876
2026-08-25,151309,Aditya Birla Sun Life Multi Asset Allocation Fund-Regular Growth,17.3572
2026-08-25,151310,Aditya Birla Sun Life Multi Asset Allocation Fund-Regular IDCW,14.6151
2026-08-25,151311,HDFC Long Term Fund - IDCW Option,10.751
2026-08-25,151312,HDFC Long Term Fund - IDCW Option - Direct Plan,10.5164
2026-08-25,151313,HDFC Long Term Fund - Growth Option - Direct Plan,12.6215
2026-08-25,151314,HDFC Long Term Fund - Growth Option,12.4649
2026-08-25,151319,TRUSTMF CORPORATE BOND FUND-REGULAR PLAN-MONTHLY IDCW,1165.8024
2026-08-25,151320,TRUSTMF CORPORATE BOND FUND-DIRECT PLAN-GROWTH,1274.8530
2026-08-25,151321,TRUSTMF CORPORATE BOND FUND-DIRECT PLAN-MONTHLY IDCW,1185.8908
2026-08-25,151322,TRUSTMF CORPORATE BOND FUND-REGULAR PLAN-GROWTH,1256.6684
2026-08-25,151327,DSP CRISIL-IBX 50:50 Gilt Plus SDL - April 2033 Index Fund - Regular - Growth,13.0584
2026-08-25,151328,DSP CRISIL-IBX 50:50 Gilt Plus SDL - April 2033 Index Fund - Direct - IDCW,13.1781
2026-08-25,151329,DSP CRISIL-IBX 50:50 Gilt Plus SDL - April 2033 Index Fund - Direct - Growth,13.1781
2026-08-25,151330,DSP CRISIL-IBX 50:50 Gilt Plus SDL - April 2033 Index Fund - Regular - IDCW,13.0584
2026-08-25,151358,Kotak Nifty 1D Rate Liquid ETF,1119.711
2026-08-25,151365,Edelweiss CRISIL IBX 50:50 Gilt Plus SDL Short Duration Index fund - Direct Plan - Growth,12.9165
2026-08-25,151366,Axis Business Cycles Fund - Regular Plan - Growth,17.60
2026-08-25,151367,Axis Business Cycles Fund - Regular Plan - IDCW,16.23
2026-08-25,151368,Axis Business Cycles Fund - Direct Plan - Growth,18.41
2026-08-25,151369,Axis Business Cycles Fund - Direct Plan - IDCW,16.98
2026-08-25,151370,DSP Nifty SDL Plus G-Sec Sep 2027 50:50 Index Fund - Regular - Growth,12.8966
2026-08-25,151371,DSP Nifty SDL Plus G-Sec Sep 2027 50:50 Index Fund - Direct - IDCW,12.9760
2026-08-25,151372,DSP Nifty SDL Plus G-Sec Sep 2027 50:50 Index Fund - Regular - IDCW,12.8966
2026-08-25,151373,DSP Nifty SDL Plus G-Sec Sep 2027 50:50 Index Fund - Direct - Growth,12.9760
2026-08-25,151374,HDFC NIFTY Midcap 150 ETF - Growth Option,23.8381
2026-08-25,151375,HDFC NIFTY Smallcap 250 ETF - Growth Option,185.0071
2026-08-25,151376,HDFC BSE 500 ETF - Growth Option,37.9204
2026-08-25,151377,ITI Flexi Cap Fund- Regular Plan- Growth,20.0984
2026-08-25,151378,ITI Flexi Cap Fund- Regular Plan- IDCW,19.4339
2026-08-25,151379,ITI Flexi Cap Fund- Direct Plan- Growth,21.3358
2026-08-25,151380,ITI Flexi Cap Fund- Direct Plan- IDCW,20.6658
2026-08-25,151381,Kotak Banking & Financial Services Fund - Regular Plan - Growth,16.358
2026-08-25,151382,Kotak Banking & Financial Services Fund - Regular Plan - IDCW Payout,16.358
2026-08-25,151383,Kotak Banking & Financial Services Fund - Direct Plan - IDCW Payout,17.262
2026-08-25,151384,Kotak Banking & Financial Services Fund - Direct Plan - Growth,17.265
2026-08-25,151389,Nippon India Nifty SDL Plus G-Sec - Jun 2029 Maturity 70:30 Index Fund-Regular Plan-IDCW Option,12.9184
2026-08-25,151390,Nippon India Nifty SDL Plus G-Sec-Jun 2029 Maturity 70:30 Index Fund-Direct Plan-Growth Option,13.0051
2026-08-25,151391,Nippon India Nifty SDL Plus G-Sec-Jun 2029 Maturity 70:30 Index Fund-Direct Plan-IDCW Option,13.0051
2026-08-25,151392,Nippon India Nifty SDL Plus G-Sec-Jun 2029 Maturity 70:30 Index Fund-Regular Plan- Growth Option,12.9184
2026-08-25,151397,Edelweiss CRISIL IBX 50:50 Gilt Plus SDL Short Duration Index fund - Direct Plan - IDCW,12.1142
2026-08-25,151398,Edelweiss CRISIL IBX 50:50 Gilt Plus SDL Short Duration Index fund - Regular Plan - Growth,12.7258
2026-08-25,151399,Edelweiss CRISIL IBX 50:50 Gilt Plus SDL Short Duration Index fund - Regular Plan - IDCW,11.9242
2026-08-25,151404,"PGIM India CRISIL IBX Gilt Index - Apr 2028 Fund - Regular Plan, Growth Option",12.8155
2026-08-25,151405,"PGIM India CRISIL IBX Gilt Index - Apr 2028 Fund - Regular Plan, IDCW Option",10.5955
2026-08-25,151406,"PGIM India CRISIL IBX Gilt Index - Apr 2028 Fund - Direct Plan, IDCW Option",10.6598
2026-08-25,151407,"PGIM India CRISIL IBX Gilt Index - Apr 2028 Fund - Direct Plan, Growth Option",12.8897
2026-08-25,151408,BANDHAN CRISIL IBX GILT APRIL 2032 INDEX FUND - DIRECT GROWTH,13.2018
2026-08-25,151409,BANDHAN CRISIL IBX GILT APRIL 2032 INDEX FUND - REGULAR GROWTH,13.0840
2026-08-25,151410,BANDHAN CRISIL IBX GILT APRIL 2032 INDEX FUND - REGULAR IDCW,11.0124
2026-08-25,151411,BANDHAN CRISIL IBX GILT APRIL 2032 INDEX FUND - DIRECT IDCW,11.1903
2026-08-25,151412,Mirae Asset Flexi Cap Fund - Direct Plan - Growth,17.324
2026-08-25,151413,Mirae Asset Flexi Cap Fund - Direct Plan -  IDCW,17.273
2026-08-25,151414,Mirae Asset Flexi Cap Fund - Regular Plan - Growth,16.454
2026-08-25,151415,Mirae Asset Flexi Cap Fund - Regular Plan - IDCW,16.460
2026-08-25,151416,Mirae Asset Gold ETF,155.8242
2026-08-25,151417,Kotak Nifty SDL Jul 2033 Index Fund Regular Plan Growth Option,12.9398
2026-08-25,151418,Kotak Nifty SDL Jul 2033 Index Fund Direct Plan IDCW,12.6633
2026-08-25,151419,Kotak Nifty SDL Jul 2033 Index Fund Regular Plan IDCW,12.9363
2026-08-25,151420,Kotak Nifty SDL Jul 2033 Index Fund Direct Plan Growth Option,13.0472
2026-08-25,151425,Aditya Birla Sun Life CRISIL IBX SDL Jun 2032 INDEX FUND - Direct IDCW Payout,13.1178
2026-08-25,151426,Aditya Birla Sun Life CRISIL IBX SDL Jun 2032 INDEX FUND - Regular IDCW Payout,12.9513
2026-08-25,151427,Aditya Birla Sun Life CRISIL IBX SDL Jun 2032 INDEX FUND - Direct Growth,13.1154
2026-08-25,151428,Aditya Birla Sun Life CRISIL IBX SDL Jun 2032 INDEX FUND - Regular Growth,12.9511
2026-08-25,151433,AXIS CRISIL IBX 50:50 Gilt Plus SDL September 2027 Index Fund- REGULAR PLAN-GROWTH,12.8578
2026-08-25,151434,AXIS CRISIL IBX 50:50 Gilt Plus SDL September 2027 Index Fund- REGULAR PLAN-IDCW,12.8538
2026-08-25,151435,AXIS CRISIL IBX 50:50 Gilt Plus SDL September 2027 Index Fund- DIRECT PLAN-GROWTH,12.9436
2026-08-25,151436,AXIS CRISIL IBX 50:50 Gilt Plus SDL September 2027 Index Fund- DIRECT PLAN- IDCW,12.9435
2026-08-25,151439,Nippon India Nifty G-Sec Oct 2028 Maturity Index Fund-Regular Plan-Growth Option,12.8976
2026-08-25,151440,Nippon India Nifty G-Sec Oct 2028 Maturity Index Fund-Direct Plan-Growth Option,12.9756
2026-08-25,151441,Nippon India Nifty G-Sec Oct 2028 Maturity Index Fund-Regular Plan-IDCW Option,12.8976
2026-08-25,151442,Nippon India Nifty G-Sec Oct 2028 Maturity Index Fund-Direct Plan-IDCW Option,12.9756
2026-08-25,151443,Bank of India Multi Cap Fund Direct Plan - Growth,20.95
2026-08-25,151444,Bank of India Multi Cap Fund Direct Plan - IDCW,20.92
2026-08-25,151445,Bank of India Multi Cap Fund Regular Plan - Growth,20.13
2026-08-25,151446,Bank of India Multi Cap Fund Regular Plan - IDCW,20.13
2026-08-25,151447,DSP FMP Series - 270 - 1172 Days - Regular - Growth,12.7624
2026-08-25,151449,DSP FMP Series - 270 - 1172 Days - Direct - Growth,12.8073
2026-08-25,151450,DSP FMP Series - 270 - 1172 Days - Direct - IDCW,12.8084
2026-08-25,151455,HDFC Nifty SDL Oct 2026 Index Fund - Growth Option,12.7683
2026-08-25,151456,HDFC Nifty SDL Oct 2026 Index Fund - Growth Option - Direct Plan,12.8381
2026-08-25,151457,HDFC MNC Fund - Growth Option,14.297
2026-08-25,151458,HDFC MNC Fund - Growth Option - Direct Plan,14.891
2026-08-25,151459,HDFC MNC Fund - IDCW Option,14.297
2026-08-25,151460,HDFC MNC Fund - IDCW Option - Direct Plan,14.891
2026-08-25,151465,HDFC FMP 2638D February 2023 - Growth Option,13.168
2026-08-25,151467,HDFC FMP 2638D February 2023 - Quarterly IDCW Option,10.1783
2026-08-25,151468,HDFC FMP 2638D February 2023 - IDCW Option,13.168
2026-08-25,151469,HDFC FMP 2638D February 2023 - Quarterly IDCW Option - Direct Plan,10.1836
2026-08-25,151470,HDFC FMP 2638D February 2023 - Growth Option - Direct Plan,13.2854
2026-08-25,151471,NAVI ELSS TAX SAVER NIFTY 50 INDEX FUND - DIRECT PLAN GROWTH,14.8087
2026-08-25,151472,NAVI ELSS TAX SAVER NIFTY 50 INDEX FUND - REGULAR PLAN GROWTH,14.3375
2026-08-25,151473,NAVI ELSS TAX SAVER NIFTY 50 INDEX FUND - DIRECT PLAN IDCW PAYOUT,14.8153
2026-08-25,151474,NAVI ELSS TAX SAVER NIFTY 50 INDEX FUND - REGULAR PLAN IDCW PAYOUT,14.3941
2026-08-25,151475,SBI Dividend Yield Fund - Direct Plan - Income Distribution cum Capital Withdrawal (IDCW) Option,16.5044
2026-08-25,151476,SBI Dividend Yield Fund - Regular Plan - Growth,15.9354
2026-08-25,151477,SBI Dividend Yield Fund - Regular Plan - Income Distribution cum Capital Withdrawal (IDCW) Option,15.9352
2026-08-25,151478,SBI Dividend Yield Fund - Direct Plan - Growth,16.5032
2026-08-25,151479,HSBC CRISIL IBX Gilt June 2027 Index Fund - Direct - Growth,12.7764
2026-08-25,151480,HSBC CRISIL IBX Gilt June 2027 Index Fund - Regular - Growth,12.6665
2026-08-25,151481,HSBC CRISIL IBX Gilt June 2027 Index Fund - Regular - IDCW,12.6666
2026-08-25,151482,HSBC CRISIL IBX Gilt June 2027 Index Fund - Direct - IDCW,12.7766
2026-08-25,151483,UTI Fixed Term Income Fund Series XXXVI - I (1574 Days) - Regular Plan - Growth Option,12.8602
2026-08-25,151484,UTI Fixed Term Income Fund Series XXXVI - I (1574 Days) - Direct Plan - Payout of IDCW Option,12.4703
2026-08-25,151485,UTI Fixed Term Income Fund Series XXXVI - I (1574 Days) - Direct Plan - Growth Option,13.0393
2026-08-25,151486,UTI Fixed Term Income Fund Series XXXVI - I (1574 Days) - Regular Plan - Payout of IDCW Option,12.2966
2026-08-25,151487,UTI NIFTY SDL Plus AAA PSU Bond Apr 2028- 75:25 Index Fund - Direct Plan - Growth Option,12.9487
2026-08-25,151488,UTI NIFTY SDL Plus AAA PSU Bond Apr 2028- 75:25 Index Fund - Regular Plan - Growth Option,12.8509
2026-08-25,151489,HDFC Nifty G-Sec Jun 2036 Index Fund - Growth Option - Direct Plan,13.2039
2026-08-25,151490,HDFC Nifty G-Sec Jun 2036 Index Fund - Growth Option,13.1204
2026-08-25,151491,ICICI Prudential Fixed Maturity Plan - Series 88 - 1303 Days Plan S - Growth,12.7030
2026-08-25,151492,ICICI Prudential Fixed Maturity Plan - Series 88 - 1303 Days Plan S - Direct Plan - IDCW,12.8124
2026-08-25,151493,ICICI Prudential Fixed Maturity Plan - Series 88 - 1303 Days Plan S - Direct Plan - Growth,12.8125
2026-08-25,151494,ICICI Prudential Fixed Maturity Plan - Series 88 - 1303 Days Plan S - IDCW,12.7030
2026-08-25,151495,HDFC Nifty G-Sec Apr 2029 Index Fund - Growth Option - Direct Plan,13.0523
2026-08-25,151496,HDFC Nifty G-Sec Apr 2029 Index Fund - Growth Option,12.9803
2026-08-25,151523,UTI Long Term Fund - Direct Plan - Growth Option,12.3863
2026-08-25,151524,UTI Long Term Fund - Direct Plan - Quarterly IDCW Option,12.3862
2026-08-25,151525,UTI Long Term Fund - Direct Plan - Annual IDCW Option,11.4195
2026-08-25,151526,UTI Long Term Fund - Direct Plan - Flexi IDCW Option,12.2294
2026-08-25,151527,UTI Long Term Fund - Regular Plan - Growth Option,11.9974
2026-08-25,151528,UTI Long Term Fund - Regular Plan - Quarterly IDCW Option,11.9975
2026-08-25,151529,UTI Long Term Fund - Regular Plan - Half Yearly IDCW Option,11.9976
2026-08-25,151530,UTI Long Term Fund - Direct Plan - Half Yearly IDCW Option,12.3863
2026-08-25,151531,UTI Long Term Fund - Regular Plan - Annual IDCW Option,11.0476
2026-08-25,151532,UTI Long Term Fund - Regular Plan - Flexi IDCW Option,11.9975
2026-08-25,151533,Aditya Birla Sun Life CRISIL Liquid Overnight ETF - IDCW Daily Reinvestment with Weekly Payout,1000
2026-08-25,151546,Bandhan US Treasury Bond 0-1 year specific Debt Passive FOF - REGULAR PLAN - GROWTH,13.4256
2026-08-25,151547,Bandhan US Treasury Bond 0-1 year specific Debt Passive FOF- REGULAR PLAN- IDCW,13.4256
2026-08-25,151548,Bandhan US Treasury Bond 0-1 year specific Debt Passive FOF - DIRECT PLAN - GROWTH,13.4528
2026-08-25,151549,Bandhan US Treasury Bond 0-1 year specific Debt Passive FOF - DIRECT PLAN - IDCW,13.4528
2026-08-25,151560,Aditya Birla Sun Life Nifty SDL SEP 2027 Index Fund-Regular Growth,12.8653
2026-08-25,151561,Aditya Birla Sun Life Nifty SDL SEP 2027 Index Fund-Regular IDCW,12.8653
2026-08-25,151562,Aditya Birla Sun Life Nifty SDL SEP 2027 Index Fund-Direct Growth,12.9673
2026-08-25,151563,Aditya Birla Sun Life Nifty SDL SEP 2027 Index Fund-Direct IDCW,12.9659
2026-08-25,151564,HDFC FMP 1269D March 2023 - Growth Option,12.5683
2026-08-25,151565,HDFC FMP 1269D March 2023 - Growth Option - Direct Plan,12.6772
2026-08-25,151566,HDFC FMP 1269D March 2023 - IDCW Option,12.5683
2026-08-25,151567,HDFC FMP 1269D March 2023 - IDCW Option - Direct Plan,12.6772
2026-08-25,151568,HDFC FMP 1269D March 2023 - Quarterly IDCW Option,10.1115
2026-08-25,151569,HDFC FMP 1269D March 2023 - Quarterly IDCW Option - Direct Plan,10.1164
2026-08-25,151570,HDFC NIFTY SDL Plus G-Sec Jun 2027 40:60 Index Fund - Growth Option - Direct Plan,12.7813
2026-08-25,151571,HDFC NIFTY SDL Plus G-Sec Jun 2027 40:60 Index Fund - Growth Option,12.7177
2026-08-25,151572,ICICI Prudential Nifty PSU Bank ETF,87.3086
2026-08-25,151573,Baroda BNP Paribas NIFTY SDL December 2028 Index Fund - Regular Plan - IDCW Option,11.9246
2026-08-25,151574,Baroda BNP Paribas NIFTY SDL December 2028 Index Fund - Direct Plan - Growth Option,12.9199
2026-08-25,151575,Baroda BNP Paribas NIFTY SDL December 2028 Index Fund - Direct Plan - IDCW Option,12.1234
2026-08-25,151576,Baroda BNP Paribas NIFTY SDL December 2028 Index Fund - Regular Plan - Growth Option,12.7887
2026-08-25,151577,Aditya Birla Sun Life Crisil IBX Gilt Apr 2028 Index Fund-Direct Growth,12.6899
2026-08-25,151578,ICICI Prudential Innovation Fund - Direct Plan - IDCW,17.47
2026-08-25,151579,ICICI Prudential Innovation Fund - Growth,19.86
2026-08-25,151580,ICICI Prudential Innovation Fund - Direct Plan - Growth,20.63
2026-08-25,151581,ICICI Prudential Innovation Fund - IDCW,16.74
2026-08-25,151582,Aditya Birla Sun Life Crisil IBX Gilt Apr 2028 Index Fund-Regular IDCW,12.5772
2026-08-25,151583,Aditya Birla Sun Life Crisil IBX Gilt Apr 2028 Index Fund-Regular Growth,12.5778
2026-08-25,151584,Aditya Birla Sun Life Crisil IBX Gilt Apr 2028 Index Fund-Direct IDCW,12.6933
2026-08-25,151585,Axis BSE Sensex ETF,80.6536
2026-08-25,151590,Invesco India Nifty G-sec Jul 2027 Index Fund - Regular Plan - Growth,1270.8635
2026-08-25,151591,Invesco India Nifty G-sec Jul 2027 Index Fund - Regular Plan - IDCW Payout,1270.8748
2026-08-25,151592,Invesco India Nifty G-sec Jul 2027 Index Fund - Direct Plan - IDCW Payout,1277.2923
2026-08-25,151593,Invesco India Nifty G-sec Jul 2027 Index Fund - Direct Plan - Growth,1277.2929
2026-08-25,151594,Invesco India Nifty G-sec Sep 2032 Index Fund - Regular Plan - Growth,1297.5936
2026-08-25,151595,Invesco India Nifty G-sec Sep 2032 Index Fund - Regular Plan - IDCW Payout,1297.5789
2026-08-25,151596,Invesco India Nifty G-sec Sep 2032 Index Fund - Direct Plan - IDCW Payout,1304.0949
2026-08-25,151597,Invesco India Nifty G-sec Sep 2032 Index Fund - Direct Plan - Growth,1304.096
2026-08-25,151602,Kotak Silver ETF Fund of Fund - Regular Plan - Growth Option,31.5035
2026-08-25,151603,Kotak Silver ETF Fund of Fund - Direct Plan - Growth Option,31.9861
2026-08-25,151604,Mirae Asset Nifty 100 Low Volatility 30 ETF,209.0746
2026-08-25,151609,NJ ELSS Tax Saver Fund Regular Growth,14.34
2026-08-25,151610,NJ ELSS Tax Saver Fund Regular IDCW,14.34
2026-08-25,151611,NJ ELSS Tax Saver Fund Direct Growth,15.18
2026-08-25,151612,NJ ELSS Tax Saver Fund Direct IDCW,15.18
2026-08-25,151647,Kotak Nifty Smallcap 50 Index Fund - Regular Plan - Growth,22.792
2026-08-25,151648,Kotak Nifty Smallcap 50 Index Fund - Regular Plan - IDCW,22.792
2026-08-25,151649,Kotak Nifty Smallcap 50 Index Fund - Direct Plan - Growth,23.281
2026-08-25,151650,Kotak Nifty Smallcap 50 Index Fund - Direct Plan - IDCW,23.294
2026-08-25,151691,Mirae Asset Nifty SDL June 2028 Index Fund - Direct Plan - Growth,12.8589
2026-08-25,151692,Mirae Asset Nifty SDL June 2028 Index Fund - Direct Plan - IDCW,12.8581
2026-08-25,151693,Mirae Asset Nifty SDL June 2028 Index Fund - Regular Plan - IDCW,12.6969
2026-08-25,151694,Mirae Asset Nifty SDL June 2028 Index Fund - Regular Plan - Growth,12.6966
2026-08-25,151695,Mirae Asset Nifty 8-13 yr G-Sec ETF,30.5156
2026-08-25,151708,Nippon India Fixed Maturity Plan-XLV-Series 5-Direct Plan-Growth Option,13.3013
2026-08-25,151710,Nippon India Fixed Maturity Plan-XLV-Series 5-Regular Plan-Growth Option,13.1717
2026-08-25,151712,quant Dynamic Asset Allocation Fund - IDCW Option - Direct Plan,17.3512
2026-08-25,151713,quant Dynamic Asset Allocation Fund - Growth Option - Direct Plan,17.3574
2026-08-25,151714,quant Dynamic Asset Allocation Fund - Growth Option - Regular Plan,16.4989
2026-08-25,151715,quant Dynamic Asset Allocation Fund - IDCW Option - Regular Plan,16.5005
2026-08-25,151724,HDFC NIFTY Midcap 150 Index Fund - Growth Option - Direct Plan,20.1091
2026-08-25,151725,HDFC NIFTY Midcap 150 Index Fund - Growth Option,19.7358
2026-08-25,151726,HDFC NIFTY Smallcap 250 Index Fund - Growth Option,19.6477
2026-08-25,151727,HDFC NIFTY Smallcap 250 Index Fund - Growth Option - Direct Plan,20.0097
2026-08-25,151728,HDFC BSE 500 Index Fund - Growth Option - Direct Plan,15.9521
2026-08-25,151729,HDFC BSE 500 Index Fund - Regular Plan - Growth Option,15.6542
2026-08-25,151730,UTI Silver Exchange Traded Fund,231.306
2026-08-25,151731,UTI Silver ETF Fund of Fund - Direct Plan - Growth Option,30.5984
2026-08-25,151732,UTI Silver ETF Fund of Fund - Regular Plan - Growth Option,30.23
2026-08-25,151737,DSP Gold ETF,155.7421
2026-08-25,151738,UTI Nifty 500 Value 50 Index Fund - Regular Plan - Growth Option,22.0318
2026-08-25,151739,UTI Nifty 500 Value 50 Index Fund - Direct Plan - Growth Option,22.3781
2026-08-25,151745,WhiteOak Capital Multi Asset Allocation Fund Direct Plan Growth,16.951
2026-08-25,151746,WhiteOak Capital Multi Asset Allocation Fund Regular Plan Growth,16.309
2026-08-25,151747,Baroda BNP Paribas Value Fund - Regular Plan - Growth option,13.8338
2026-08-25,151748,HDFC Defence Fund - IDCW Option,30.421
2026-08-25,151749,HDFC Defence Fund - IDCW Option - Direct Plan,31.529
2026-08-25,151750,HDFC Defence Fund - Growth Option - Direct Plan,31.529
2026-08-25,151751,HDFC Defence Fund - Growth Option,30.421
2026-08-25,151752,Samco Active Momentum Fund - Regular Plan - Growth Option,15.05
2026-08-25,151753,Samco Active Momentum Fund - Direct Plan - Growth Option,15.73
2026-08-25,151754,Baroda BNP Paribas Value Fund - Regular Plan - IDCW option,12.6132
2026-08-25,151755,Baroda BNP Paribas Value Fund - Direct Plan - Growth option,14.4159
2026-08-25,151756,Baroda BNP Paribas Value Fund - Direct Plan - IDCW option,13.1447
2026-08-25,151757,quant Business Cycle Fund - Growth Option - Direct Plan,17.3687
2026-08-25,151758,quant Business Cycle Fund - Growth Option - Regular Plan,16.5178
2026-08-25,151759,quant Business Cycle Fund - IDCW Option - Direct Plan,17.3558
2026-08-25,151760,quant Business Cycle Fund - IDCW Option - Regular Plan,16.5336
2026-08-25,151761,UTI Nifty50 Equal Weight Index Fund - Regular Plan - Growth Option,15.2015
2026-08-25,151762,UTI Nifty50 Equal Weight Index Fund - Direct Plan - Growth Option,15.4231
2026-08-25,151763,UTI BSE Housing Index Fund - Regular Plan - Growth Option,14.2865
2026-08-25,151764,UTI BSE Housing Index Fund - Direct Plan - Growth Option,14.4915
2026-08-25,151765,SBI BSE Sensex Index Fund - Regular Plan - Growth,12.7283
2026-08-25,151766,SBI BSE Sensex Index Fund - Regular Plan - IDCW,12.7283
2026-08-25,151769,SBI BSE Sensex Index Fund - Direct Plan - Growth,12.8195
2026-08-25,151770,SBI BSE Sensex Index Fund - Direct Plan - IDCW,12.8200
2026-08-25,151775,ITI Focused Fund - Regular Plan - IDCW,15.6852
2026-08-25,151776,ITI Focused Fund - Direct Plan - IDCW,16.6845
2026-08-25,151777,ITI Focused Fund - Direct Plan - Growth,17.7570
2026-08-25,151778,ITI Focused Fund - Regular Plan - Growth,16.7476
2026-08-25,151779,Mirae Asset Silver ETF,233.1706
2026-08-25,151780,Kotak Nifty 200 Momentum 30 Index Fund - Regular Plan - IDCW Payout,14.735
2026-08-25,151781,Kotak Nifty 200 Momentum 30 Index Fund - Direct Plan - Growth Option,14.965
2026-08-25,151782,Kotak Nifty 200 Momentum 30 Index Fund - Direct Plan - IDCW Payout,14.965
2026-08-25,151783,Kotak Nifty 200 Momentum 30 Index Fund - Regular Plan - Growth Option,14.735
2026-08-25,151784,Axis Nifty IT Index Fund - Regular Plan - IDCW,10.5963
2026-08-25,151785,Axis Nifty IT Index Fund - Direct Plan - Growth,10.8228
2026-08-25,151786,Axis Nifty IT Index Fund - Direct Plan - IDCW,10.8228
2026-08-25,151787,Axis Nifty IT Index Fund - Regular Plan - Growth,10.5962
2026-08-25,151788,quant BFSI Fund - Growth Option - Regular Plan,20.7147
2026-08-25,151789,quant BFSI Fund - IDCW Option - Regular Plan,20.7131
2026-08-25,151790,quant BFSI Fund - IDCW Option - Direct Plan,21.8255
2026-08-25,151791,quant BFSI Fund - Growth Option - Direct Plan,21.8014
2026-08-25,151792,Edelweiss Multi Asset Allocation Fund - Direct Plan - Growth,12.6272
2026-08-25,151793,Edelweiss Multi Asset Allocation Fund - Direct Plan - IDCW Option,12.2230
2026-08-25,151794,Edelweiss Multi Asset Allocation Fund - Regular Plan - IDCW Option,12.0943
2026-08-25,151795,Edelweiss Multi Asset Allocation Fund - Regular Plan - Growth,12.4976
2026-08-25,151796,360 ONE FLEXICAP FUND-DIRECT PLAN- GROWTH,17.2813
2026-08-25,151797,360 ONE FLEXICAP FUND-REGULAR PLAN- IDCW,16.4540
2026-08-25,151798,360 ONE FLEXICAP FUND-DIRECT PLAN- IDCW,17.2813
2026-08-25,151799,360 ONE FLEXICAP FUND-REGULAR PLAN- GROWTH,16.4540
2026-08-25,151802,HDFC Consumption Fund - IDCW Option,14.212
2026-08-25,151803,HDFC Consumption Fund - Growth Option,14.212
2026-08-25,151804,HDFC Consumption Fund - Growth Option - Direct Plan,14.756
2026-08-25,151805,HDFC Consumption Fund - IDCW Option - Direct Plan,14.756
2026-08-25,151810,Mirae Asset Multicap Fund - Direct Plan - Growth,15.609
2026-08-25,151811,Mirae Asset Multicap Fund - Direct Plan - IDCW,15.607
2026-08-25,151812,Mirae Asset Multicap Fund - Regular Plan - Growth,14.930
2026-08-25,151813,Mirae Asset Multicap Fund - Regular Plan - IDCW,14.919
2026-08-25,151814,Motilal Oswal Nifty Microcap 250 Index Fund- Direct- Growth Option,19.2138
2026-08-25,151815,Motilal Oswal Nifty Microcap 250 Index Fund- Regular- Growth Option,18.8369
2026-08-25,151816,BANDHAN FINANCIAL SERVICES FUND - DIRECT PLAN - GROWTH,15.969
2026-08-25,151817,BANDHAN FINANCIAL SERVICES FUND - DIRECT PLAN - IDCW,13.929
2026-08-25,151818,BANDHAN FINANCIAL SERVICES FUND - REGULAR PLAN - GROWTH,15.197
2026-08-25,151819,BANDHAN FINANCIAL SERVICES FUND - REGULAR PLAN - IDCW,13.266
2026-08-25,151820,DSP Nifty IT ETF,32.6569
2026-08-25,151821,Canara Robeco Multi Cap Fund - Regular Plan - Growth Option,15.2900
2026-08-25,151822,Canara Robeco Multi Cap Fund - Direct Plan - IDCW Option,14.2800
2026-08-25,151823,Canara Robeco Multi Cap Fund - Regular Plan - IDCW Option,13.6600
2026-08-25,151824,Canara Robeco Multi Cap Fund - Direct Plan - Growth Option,15.9800
2026-08-25,151833,Bajaj Finserv Liquid Fund - Direct Plan - Growth,1236.1315
2026-08-25,151834,Bajaj Finserv Liquid Fund - Direct Plan - Weekly - IDCW,1034.9193
2026-08-25,151835,Bajaj Finserv Liquid Fund - Direct Plan - Daily - IDCW,1034.6939
2026-08-25,151836,Bajaj Finserv Liquid Fund - Direct Plan - Monthly - IDCW,1036.0049
2026-08-25,151837,Bajaj Finserv Liquid Fund - Regular Plan - Growth,1229.2778
2026-08-25,151838,Bajaj Finserv Liquid Fund - Direct Plan - Fortnightly - IDCW,1034.8989
2026-08-25,151839,Bajaj Finserv Liquid Fund - Regular Plan - Daily - IDCW,1033.8241
2026-08-25,151840,Bajaj Finserv Liquid Fund - Regular Plan - Weekly - IDCW,1034.0329
2026-08-25,151841,Bajaj Finserv Liquid Fund - Regular Plan - Fortnightly - IDCW,1034.0201
2026-08-25,151842,Bajaj Finserv Liquid Fund - Regular Plan - Monthly - IDCW,1035.0888
2026-08-25,151843,Bajaj Finserv Overnight Fund - Direct Plan - Daily - IDCW,1033.1412
2026-08-25,151844,Bajaj Finserv Overnight Fund - Direct Plan - Weekly - IDCW,1033.2818
2026-08-25,151845,Bajaj Finserv Overnight Fund - Direct Plan - Monthly - IDCW,1034.2936
2026-08-25,151846,Bajaj Finserv Overnight Fund - Regular Plan - Weekly - IDCW,1033.0220
2026-08-25,151847,Bajaj Finserv Overnight Fund - Regular Plan - Fortnightly - IDCW,1033.0365
2026-08-25,151848,Bajaj Finserv Overnight Fund - Regular Plan - Monthly - IDCW,1034.0387
2026-08-25,151849,Bajaj Finserv Overnight Fund - Direct Plan - Growth,1206.4051
2026-08-25,151850,Bajaj Finserv Overnight Fund - Direct Plan - Fortnightly - IDCW,1033.2844
2026-08-25,151851,Bajaj Finserv Overnight Fund - Regular Plan - Growth,1204.5117
2026-08-25,151852,Bajaj Finserv Overnight Fund - Regular Plan - Daily - IDCW,1032.8859
2026-08-25,151853,quant Healthcare Fund - Growth Option - Direct Plan,19.0494
2026-08-25,151854,quant Healthcare Fund - IDCW Option - Direct Plan,19.0475
2026-08-25,151855,quant Healthcare Fund - Growth Option - Regular Plan,18.107
2026-08-25,151856,quant Healthcare Fund - IDCW Option - Regular Plan,18.1061
2026-08-25,151857,Mirae Asset Nifty Bank ETF,586.8777
2026-08-25,151862,HDFC Charity Fund for Cancer Cure - IDCW Option - Direct Plan - 50% IDCW Donation Option,10.1768
2026-08-25,151863,HDFC Charity Fund for Cancer Cure - IDCW Option - 75% IDCW Donation Option,10.1767
2026-08-25,151864,HDFC Charity Fund for Cancer Cure - IDCW Option - Direct Plan - 75% IDCW Donation Option,10.1768
2026-08-25,151865,HDFC Charity Fund for Cancer Cure - IDCW Option - 50% IDCW Donation Option,10.1767
2026-08-25,151878,Kotak Quant Fund - Regular Plan - Growth Option,15.488
2026-08-25,151879,Kotak Quant Fund - Regular Plan - IDCW Payout,15.37
2026-08-25,151880,Kotak Quant Fund - Direct plan - IDCW Payout,15.68
2026-08-25,151881,Kotak Quant Fund - Direct Plan - Growth Option,15.68
2026-08-25,151882,UTI Balanced Advantage Fund - Regular Plan - Growth Option,12.6859
2026-08-25,151883,UTI Balanced Advantage Fund - Direct Plan - Payout of IDCW Option,13.2244
2026-08-25,151884,UTI Balanced Advantage Fund - Regular Plan - Payout of IDCW Option,12.686
2026-08-25,151885,UTI Balanced Advantage Fund - Direct Plan - Growth Option,13.2244
2026-08-25,151886,DSP BSE Sensex ETF,80.1576
2026-08-25,151887,DSP Nifty Private Bank ETF,27.9179
2026-08-25,151888,DSP Nifty PSU Bank ETF,87.0310
2026-08-25,151889,Bajaj Finserv Money Market Fund-Direct Plan-Growth,1250.7361
2026-08-25,151890,Bajaj Finserv Money Market Fund-Direct Plan-IDCW,1250.7361
2026-08-25,151891,Bajaj Finserv Money Market Fund-Regular Plan-IDCW,1227.6832
2026-08-25,151892,Bajaj Finserv Money Market Fund-Regular Plan-Monthly-IDCW,1045.1031
2026-08-25,151893,Bajaj Finserv Money Market Fund-Regular Plan-Growth,1227.6832
2026-08-25,151894,Bajaj Finserv Money Market Fund-Direct Plan-Monthly-IDCW,1035.1947
2026-08-25,151895,Bajaj Finserv Flexi Cap Fund-Direct Plan-Growth,16.503
2026-08-25,151896,Bajaj Finserv Flexi Cap Fund-Direct Plan-IDCW,16.503
2026-08-25,151897,Bajaj Finserv Flexi Cap Fund-Regular Plan-IDCW,15.826
2026-08-25,151898,Bajaj Finserv Flexi Cap Fund -Regular Plan-Growth,15.826
2026-08-25,151899,HDFC Transportation and Logistics Fund - IDCW Option - Direct Plan,21.083
2026-08-25,151900,HDFC Transportation and Logistics Fund - Growth Option,20.345
2026-08-25,151901,HDFC Transportation and Logistics Fund - Growth Option - Direct Plan,21.083
2026-08-25,151902,HDFC Transportation and Logistics Fund - IDCW Option,20.345
2026-08-25,151903,Union Innovation & Opportunities Fund - Regular Plan - Growth Option,16.31
2026-08-25,151904,Union Innovation & Opportunities Fund - Direct Plan - IDCW Option,17.02
2026-08-25,151905,Union Innovation & Opportunities Fund - Direct Plan - Growth Option,17.02
2026-08-25,151906,Union Innovation & Opportunities Fund - Regular Plan - IDCW Option,16.31
2026-08-25,151907,ICICI Prudential Nifty 200 Quality 30 ETF,21.4752
2026-08-25,151908,Mirae Asset Nifty 1D Rate Liquid ETF-IDCW,1000.0000
2026-08-25,151909,Kotak Nifty Financial Services Ex-Bank Index Fund - Regular Plan - Growth option,16.883
2026-08-25,151910,Kotak Nifty Financial Services Ex-Bank Index Fund - Regular Plan - IDCW option,16.884
2026-08-25,151911,Kotak Nifty Financial Services Ex-Bank Index Fund - Direct Plan - Growth option,17.164
2026-08-25,151912,Kotak Nifty Financial Services Ex-Bank Index Fund - Direct Plan - IDCW option,17.163
2026-08-25,151913,quant Manufacturing Fund - Growth Option - Regular Plan,16.7197
2026-08-25,151914,quant Manufacturing Fund - IDCW Option - Direct Plan,17.5052
2026-08-25,151915,quant Manufacturing Fund - IDCW Option - Regular Plan,16.8473
2026-08-25,151916,quant Manufacturing Fund - Growth Option - Direct Plan,17.5102
2026-08-25,151917,NJ Flexi Cap Fund - Direct Plan - Growth Option,13.88
2026-08-25,151918,NJ Flexi Cap Fund - Direct Plan - IDCW Option,13.88
2026-08-25,151919,NJ Flexi Cap Fund - Regular Plan - IDCW Option,13.25
2026-08-25,151920,NJ Flexi Cap Fund - Regular Plan - Growth Option,13.25
2026-08-25,151927,LIC MF Liquid Fund-Regular Plan-Weekly IDCW,1003.266
2026-08-25,151928,LIC MF Liquid Fund-Regular Plan-Monthly IDCW,1226.3863
2026-08-25,151930,LIC MF Liquid Fund-Direct Plan-Monthly IDCW,1247.7401
2026-08-25,151932,LIC MF Liquid Fund-Direct Plan-Weekly IDCW,1114.6788
2026-08-25,151935,LIC MF Nifty Next 50 Index Fund-Regular Plan-Growth,55.4862
2026-08-25,151936,LIC MF Nifty Next 50 Index Fund-Regular Plan-IDCW,55.4862
2026-08-25,151937,LIC MF Nifty Next 50 Index Fund-Direct Plan-Growth,61.2314
2026-08-25,151938,LIC MF Nifty Next 50 Index Fund-Direct Plan-IDCW,61.2314
2026-08-25,151949,LIC MF Equity Savings Fund-Regular Plan-Monthly IDCW,22.5084
2026-08-25,151950,LIC MF Equity Savings Fund-Regular Plan-Growth,28.8292
2026-08-25,151951,LIC MF Equity Savings Fund-Regular Plan-Quarterly IDCW,21.2167
2026-08-25,151952,LIC MF Equity Savings Fund-Direct Plan-Growth,32.9152
2026-08-25,151953,LIC MF Equity Savings Fund-Direct Plan-Monthly IDCW,22.0264
2026-08-25,151954,LIC MF Equity Savings Fund-Direct Plan-Quarterly IDCW,18.0775
2026-08-25,151955,LIC MF Short Term Fund-Regular Plan-Monthly IDCW,15.2248
2026-08-25,151956,LIC MF Short Term Fund-Regular Plan-Weekly IDCW,12.7857
2026-08-25,151959,LIC MF Short Term Fund-Direct Plan-Monthly IDCW,16.6404
2026-08-25,151960,LIC MF Short Term Fund-Direct Plan-Weekly IDCW,16.6407
2026-08-25,151961,LIC MF Gold Exchange Traded Fund,144.4687
2026-08-25,151973,LIC MF Gold ETF Fund of Fund-Regular Plan-Growth,41.455
2026-08-25,151974,LIC MF Gold ETF Fund of Fund-Direct Plan-Growth,43.8522
2026-08-25,151986,LIC MF Medium to Long Term Fund-Regular Plan-Quarterly IDCW,16.3534
2026-08-25,151988,LIC MF Medium to Long Term Fund-Direct Plan-Quarterly IDCW,19.8784
2026-08-25,151989,LIC MF Medium to Long Term Fund-Regular Plan-Annual IDCW,16.6041
2026-08-25,151990,LIC MF Medium to Long Term Fund-Direct Plan-Annual IDCW,19.8782
2026-08-25,151999,LIC MF Mid Cap Fund-Direct Plan-IDCW,33.6093
2026-08-25,152000,LIC MF Mid Cap Fund-Regular Plan-IDCW,29.6765
2026-08-25,152001,LIC MF Mid Cap Fund-Regular Plan-Growth,31.6206
2026-08-25,152002,LIC MF Mid Cap Fund-Direct Plan-Growth,35.7779
2026-08-25,152003,LIC MF Small Cap Fund-Regular Plan-Growth,34.9821
2026-08-25,152004,LIC MF Small Cap Fund-Direct Plan-Growth,39.7457
2026-08-25,152005,LIC MF Small Cap Fund-Direct Plan-IDCW,39.737
2026-08-25,152006,LIC MF Small Cap Fund-Regular Plan-IDCW,34.9817
2026-08-25,152007,LIC MF Focused Fund-Regular Plan-IDCW,22.1511
2026-08-25,152008,LIC MF Focused Fund-Direct Plan-IDCW,24.6068
2026-08-25,152009,LIC MF Focused Fund-Regular Plan-Growth,22.1513
2026-08-25,152010,LIC MF Focused Fund-Direct Plan-Growth,24.6372
2026-08-25,152015,LIC MF Value Fund-Direct Plan-IDCW,31.2365
2026-08-25,152016,LIC MF Value Fund-Regular Plan-Growth,28.6683
2026-08-25,152017,LIC MF Value Fund-Regular Plan-IDCW,28.6685
2026-08-25,152018,LIC MF Value Fund-Direct Plan-Growth,31.2699
2026-08-25,152019,LIC MF Dividend Yield Fund-Regular Plan-Growth,33.0549
2026-08-25,152020,LIC MF Dividend Yield Fund-Regular Plan-IDCW,33.0541
2026-08-25,152021,LIC MF Dividend Yield Fund-Direct Plan-IDCW,36.4535
2026-08-25,152022,LIC MF Dividend Yield Fund-Direct Plan-Growth,36.4728
2026-08-25,152023,LIC MF Healthcare Fund-Direct Plan-IDCW,37.4971
2026-08-25,152024,LIC MF Healthcare Fund-Direct Plan-Growth,37.5094
2026-08-25,152025,LIC MF Healthcare Fund-Regular Plan-Growth,33.8727
2026-08-25,152026,LIC MF Healthcare Fund-Regular Plan-IDCW,33.8732
2026-08-25,152027,HSBC Consumption Fund - Regular Growth,15.6936
2026-08-25,152028,HSBC Consumption Fund - Direct IDCW,16.3347
2026-08-25,152030,HSBC Consumption Fund - Regular IDCW,15.6936
2026-08-25,152032,HSBC Consumption Fund - Direct Growth,16.3347
2026-08-25,152033,Nippon India Innovation Fund-Direct Plan-Growth Option,15.9688
2026-08-25,152034,Nippon India Innovation Fund-Regular Plan-Growth Option,15.3553
2026-08-25,152035,Nippon India Innovation Fund-Direct Plan-IDCW Option,15.9688
2026-08-25,152036,Nippon India Innovation Fund-Regular Plan-IDCW Option,15.3553
2026-08-25,152037,Kotak BSE Housing Index Fund - Direct Plan - IDCW Option,13.5
2026-08-25,152038,Kotak  BSE Housing Index Fund - Regular Plan - Growth Option,13.287
2026-08-25,152039,Kotak BSE Housing Index Fund - Direct Plan - Growth Option,13.501
2026-08-25,152040,Kotak  BSE Housing Index Fund - Regular Plan - IDCW Option,13.287
2026-08-25,152041,Bandhan Nifty IT Index Fund - Direct Plan - Growth,10.4793
2026-08-25,152042,Bandhan Nifty IT Index Fund - Direct Plan - IDCW,10.4827
2026-08-25,152043,Bandhan Nifty IT Index Fund - Regular Plan - Growth,10.2784
2026-08-25,152044,Bandhan Nifty IT Index Fund - Regular Plan - IDCW,10.2774
2026-08-25,152045,Mahindra Manulife Business Cycle Fund - Direct Plan - Growth,16.8093
2026-08-25,152046,Mahindra Manulife Business Cycle Fund-  Regular Plan - Growth,15.9905
2026-08-25,152047,Mahindra Manulife Business Cycle Fund - Regular Plan - IDCW,13.6560
2026-08-25,152048,Mahindra Manulife Business Cycle Fund - Direct Plan - IDCW,14.4371
2026-08-25,152050,UTI Nifty Midcap 150 Exchange Traded Fund,237.9068
2026-08-25,152051,Shriram Multi Asset Allocation Fund - Direct Growth,14.1844
2026-08-25,152052,Shriram Multi Asset Allocation Fund - Regular Growth,13.4481
2026-08-25,152053,DSP Multi Asset Allocation Fund - Regular - Growth,16.4812
2026-08-25,152054,DSP Multi Asset Allocation Fund - Regular - IDCW,14.8517
2026-08-25,152055,DSP Multi Asset Allocation Fund - Direct - IDCW,16.3014
2026-08-25,152056,DSP Multi Asset Allocation Fund - Direct - Growth,17.1158
2026-08-25,152057,HDFC Technology Fund - IDCW Option,11.988
2026-08-25,152058,HDFC Technology Fund - Growth Option,11.988
2026-08-25,152059,HDFC Technology Fund - Growth Option - Direct Plan,12.419
2026-08-25,152060,HDFC Technology Fund - IDCW Option - Direct Plan,12.419
2026-08-25,152061,NAVI BSE SENSEX INDEX FUND - REGULAR PLAN - GROWTH,11.8713
2026-08-25,152062,NAVI BSE SENSEX INDEX FUND - DIRECT PLAN - GROWTH,12.1117
2026-08-25,152063,Kotak Multi Asset Allocation Fund - Direct Plan - IDCW Option,15.922
2026-08-25,152064,Kotak Multi Asset Allocation Fund - Direct Plan - Growth Option,16.919
2026-08-25,152065,Kotak Multi Asset Allocation Fund - Regular Plan - Growth Option,16.268
2026-08-25,152066,Kotak Multi Asset Allocation Fund - Regular Plan - IDCW Option,15.31
2026-08-25,152067,quant Teck Fund - Growth Option - Direct Plan,11.8491
2026-08-25,152068,quant Teck Fund - IDCW Option - Direct Plan,11.8427
2026-08-25,152069,quant Teck Fund - IDCW Option - Regular Plan,11.3076
2026-08-25,152070,quant Teck Fund - Growth Option - Regular Plan,11.306
2026-08-25,152071,WhiteOak Capital Multi Cap Fund Direct Plan Growth,17.199
2026-08-25,152072,WhiteOak Capital Multi Cap Fund Regular Plan Growth,16.437
2026-08-25,152073,360 ONE Balanced Hybrid Fund - Direct Plan - IDCW,13.8723
2026-08-25,152074,360 ONE Balanced Hyrbrid fund - Regular Plan - IDCW,13.2782
2026-08-25,152075,360 ONE Balanced Hybrid Fund - Regular Plan - Growth,13.2782
2026-08-25,152076,360 ONE Balanced Hybrid Fund- Direct Plan - Growth,13.8723
2026-08-25,152077,Bajaj Finserv Arbitrage Fund-Direct Plan-Growth,12.226
2026-08-25,152078,Bajaj Finserv Arbitrage Fund- Regular Plan-Growth,11.976
2026-08-25,152079,Bajaj Finserv Arbitrage Fund-Regular Plan-IDCW,11.976
2026-08-25,152080,Bajaj Finserv Arbitrage Fund- Direct Plan-IDCW,12.226
2026-08-25,152081,HDFC Pharma and Healthcare Fund - IDCW Option - Direct Plan,22.248
2026-08-25,152082,HDFC Pharma and Healthcare Fund - Growth Option - Direct Plan,22.248
2026-08-25,152083,HDFC Pharma and Healthcare Fund - IDCW Option,21.496
2026-08-25,152084,HDFC Pharma and Healthcare Fund - Growth Option,21.496
2026-08-25,152086,UTI Innovation Fund - Regular Plan - Growth Option,12.0036
2026-08-25,152087,UTI Innovation Fund - Direct Plan - Growth Option,12.4986
2026-08-25,152088,UTI Innovation Fund - Regular Plan - Payout of IDCW Optioni,12.0036
2026-08-25,152089,UTI Innovation Fund - Direct Plan - Payout of IDCW Option,12.4987
2026-08-25,152090,Motilal Oswal Developed Market Ex US ETFs Fund of Funds Direct Plan Growth,19.2561
2026-08-25,152091,Motilal Oswal Developed Market Ex US ETFs Fund of Funds Regular Plan Growth,18.9706
2026-08-25,152092,Groww Nifty Total Market Index Fund - Direct Plan - Growth,14.2403
2026-08-25,152093,Edelweiss Multi Cap Fund - Direct Plan - IDCW,16.3745
2026-08-25,152094,Edelweiss Multi Cap Fund - Direct Plan - Growth,16.8971
2026-08-25,152095,Edelweiss Multi Cap Fund - Regular Plan - Growth,16.1732
2026-08-25,152096,Edelweiss Multi Cap Fund - Regular Plan - IDCW,15.6519
2026-08-25,152097,Mirae Asset BSE Sensex ETF,80.2040
2026-08-25,152098,Kotak Nifty G-Sec July 2033 Index Fund - Direct Plan - Growth,12.5709
2026-08-25,152099,Kotak Nifty G-Sec July 2033 Index Fund - Direct Plan - IDCW Payout,12.571
2026-08-25,152100,Kotak Nifty G-Sec July 2033 Index Fund - Regular Plan - Growth,12.4811
2026-08-25,152101,Kotak Nifty G-Sec July 2033 Index Fund - Regular Plan - IDCW Payout,12.481
2026-08-25,152102,Bandhan Retirement Fund - Direct Plan - Growth,13.338
2026-08-25,152103,Bandhan Retirement Fund - Regular Plan - Growth,12.720
2026-08-25,152104,Bandhan Retirement Fund - Direct Plan - IDCW,13.328
2026-08-25,152105,Bandhan Retirement Fund - Regular Plan - IDCW,12.721
2026-08-25,152106,Motilal Oswal Nifty 500 ETF,24.1667
2026-08-25,152107,QUANTUM SMALL CAP FUND - DIRECT PLAN GROWTH OPTION,14.28
2026-08-25,152108,QUANTUM SMALL CAP FUND - REGULAR PLAN GROWTH OPTION,13.69
2026-08-25,152109,Parag Parikh Arbitrage Fund - Direct Plan Growth,12.1150
2026-08-25,152110,Parag Parikh Arbitrage Fund - Regular Plan Growth,11.9944
2026-08-25,152116,NJ Overnight Fund - Unclaimed Redemption Plan - Upto 3 Years,1105.0638
2026-08-25,152125,Groww Nifty Total Market Index Fund - Direct Plan - IDCW,14.2399
2026-08-25,152126,Groww Nifty Total Market Index Fund - Regular Plan - IDCW,13.9741
2026-08-25,152127,Groww Nifty Total Market Index Fund - Regular Plan - Growth,13.9734
2026-08-25,152128,Baroda BNP Paribas Small Cap Fund - Direct Plan - Growth option,14.7720
2026-08-25,152129,Baroda BNP Paribas Small Cap Fund - Direct Plan - IDCW option,14.4149
2026-08-25,152130,Baroda BNP Paribas Small Cap Fund - Regular Plan - Growth option,14.2033
2026-08-25,152131,Baroda BNP Paribas Small Cap Fund - Regular Plan - IDCW option,13.8404
2026-08-25,152132,WhiteOak Capital Balanced Hybrid Fund Direct Plan Growth,14.059
2026-08-25,152133,WhiteOak Capital Balanced Hybrid Fund Regular Plan Growth,13.473
2026-08-25,152134,Mirae Asset Nifty 200 Alpha 30 ETF,27.2474
2026-08-25,152135,Helios Flexi Cap Fund - Direct Plan - Growth Option,16.46
2026-08-25,152136,Helios Flexi Cap Fund - Regular Plan - Growth Option,15.82
2026-08-25,152137,Helios Flexi Cap Fund - Regular Plan - IDCW Option,15.82
2026-08-25,152138,Helios Flexi Cap Fund - Direct Plan - IDCW Option,16.46
2026-08-25,152139,Aditya Birla Sun Life US Treasury 1-3 Year Bond ETFs Fund Of Funds-Direct IDCW Payout,12.9008
2026-08-25,152140,Aditya Birla Sun Life US Treasury 1-3 Year Bond ETFs Fund Of Funds-Direct Growth,12.9008
2026-08-25,152142,Aditya Birla Sun Life US Treasury 1-3 Year Bond ETFs Fund Of Funds-Regular Growth,12.884
2026-08-25,152144,Aditya Birla Sun Life US Treasury 1-3 Year Bond ETFs Fund Of Funds-Regular IDCW,12.8827
2026-08-25,152145,Aditya Birla Sun Life US Treasury 3-10 Year Bond ETFs Fund Of Funds-Direct IDCW,13.0802
2026-08-25,152147,Aditya Birla Sun Life US Treasury 3-10 Year Bond ETFs Fund Of Funds-Regular Growth,13.0613
2026-08-25,152149,Aditya Birla Sun Life US Treasury 3-10 Year Bond ETFs Fund Of Funds-Regular IDCW,13.0613
2026-08-25,152150,Aditya Birla Sun Life US Treasury 3-10 Year Bond ETFs Fund Of Funds-Direct Growth,13.0802
2026-08-25,152151,Helios Overnight Fund - Direct Plan - Daily IDCW Option,1000.0000
2026-08-25,152152,Helios Overnight Fund - Direct Plan - Growth Option,1178.6827
2026-08-25,152153,Helios Overnight Fund - Regular Plan - Growth Option,1177.0270
2026-08-25,152154,Helios Overnight Fund - Regular Plan - Daily IDCW Option,1000.0000
2026-08-25,152155,Mirae Asset Nifty IT ETF,32.6433
2026-08-25,152156,Zerodha Nifty LargeMidcap 250 Index Fund - Direct Plan - Growth option,14.6566
2026-08-25,152157,Zerodha ELSS Tax Saver Nifty LargeMidcap 250 Index Fund - Direct Plan - Growth option,14.6882
2026-08-25,152158,Aditya Birla Sun Life Transportation and Logistics Fund-Direct Growth,18.46
2026-08-25,152159,Aditya Birla Sun Life Transportation and Logistics Fund-Direct IDCW,18.45
2026-08-25,152160,Aditya Birla Sun Life Transportation and Logistics Fund-Regular IDCW,17.75
2026-08-25,152161,Aditya Birla Sun Life Transportation and Logistics Fund-Regular Growth,17.75
2026-08-25,152162,Bajaj Finserv Banking and PSU Debt Fund-Direct Plan- Growth,12.2108
2026-08-25,152163,Bajaj Finserv Banking and PSU Debt Fund- Direct Plan- IDCW,12.2108
2026-08-25,152164,Bajaj Finserv Banking and PSU Debt Fund-  Direct Plan-Monthly- IDCW,10.9500
2026-08-25,152165,Bajaj Finserv Banking and PSU Debt Fund- Regular Plan- Growth,12.0255
2026-08-25,152166,Bajaj Finserv Banking and PSU Debt Fund- Regular Plan- IDCW,12.0255
2026-08-25,152167,Bajaj Finserv Banking and PSU Debt Fund-Regular Plan-Monthly-IDCW,10.8804
2026-08-25,152168,SBI NIFTY 1D Rate Liquid ETF - IDCW,1000.0000
2026-08-25,152169,Kotak Consumption Fund - Direct plan - Growth Option,15.075
2026-08-25,152170,Kotak Consumption Fund - Regular plan - Growth Option,14.429
2026-08-25,152171,Kotak Consumption Fund - Regular plan - IDCW Option,14.427
2026-08-25,152172,Kotak Consumption Fund - Direct plan - IDCW Option,15.073
2026-08-25,152177,Bandhan Nifty Alpha 50 Index Fund - Direct Plan - Growth,15.0151
2026-08-25,152178,Bandhan Nifty Alpha 50 Index Fund - Direct Plan - IDCW,15.0059
2026-08-25,152179,Bandhan Nifty Alpha 50 Index Fund - Regular Plan - Growth,14.7355
2026-08-25,152180,Bandhan Nifty Alpha 50 Index Fund - Regular Plan - IDCW,14.7352
2026-08-25,152181,DSP Gold ETF Fund of Fund - Regular - IDCW,25.0295
2026-08-25,152182,DSP Gold ETF Fund of Fund - Regular - Growth,25.0295
2026-08-25,152183,DSP Gold ETF Fund of Fund - Direct - Growth,25.2885
2026-08-25,152184,DSP Gold ETF Fund of Fund - Direct - IDCW,25.2885
2026-08-25,152185,Samco Dynamic Asset Allocation Fund - Regular Plan - IDCW Option,10.20
2026-08-25,152186,Samco Dynamic Asset Allocation Fund - Direct Plan - IDCW Option,10.65
2026-08-25,152187,Samco Dynamic Asset Allocation Fund - Regular Plan - Growth Option,10.20
2026-08-25,152188,Samco Dynamic Asset Allocation Fund - Direct Plan - Growth Option,10.65
2026-08-25,152189,quant Momentum Fund - Growth Option - Direct Plan,16.0373
2026-08-25,152190,quant Momentum Fund - Growth Option - Regular Plan,15.4822
2026-08-25,152191,quant Momentum Fund - IDCW Option - Regular Plan,15.4331
2026-08-25,152192,quant Momentum Fund - IDCW Option - Direct Plan,16.021
2026-08-25,152193,Edelweiss Gold ETF,160.1349
2026-08-25,152194,Bajaj Finserv Balanced Advantage Fund-Direct Plan-Growth,12.399
2026-08-25,152195,Bajaj Finserv Balanced Advantage Fund-Direct Plan-IDCW,12.399
2026-08-25,152196,Bajaj Finserv Balanced Advantage Fund-Regular Plan-Growth,11.893
2026-08-25,152197,Bajaj Finserv Balanced Advantage Fund-Regular Plan-IDCW,11.893
2026-08-25,152199,Franklin India Money Market Fund Wkly IDCW R,10.0846
2026-08-25,152200,Franklin India Money Market Fund - DP - Wkly IDCW R,10.0957
2026-08-25,152202,Axis India Manufacturing Fund - Direct Plan - Growth,16.94
2026-08-25,152203,Axis India Manufacturing Fund - Regular Plan - IDCW,16.33
2026-08-25,152204,Axis India Manufacturing Fund - Direct Plan - IDCW,16.94
2026-08-25,152205,Axis India Manufacturing Fund - Regular Plan - Growth,16.33
2026-08-25,152206,DSP Banking & Financial Services Fund - Direct - Growth,15.8260
2026-08-25,152207,DSP Banking & Financial Services Fund - Direct - IDCW,13.3320
2026-08-25,152208,DSP Banking & Financial Services Fund - Regular - Growth,15.2020
2026-08-25,152209,DSP Banking & Financial Services Fund - Regular - IDCW,13.9260
2026-08-25,152212,Edelweiss Silver ETF,239.1795
2026-08-25,152213,Kotak Healthcare Fund - Regular Plan - IDCW Option,16.899
2026-08-25,152214,Kotak Healthcare Fund - Direct Plan - Growth Option,17.655
2026-08-25,152215,Kotak Healthcare Fund - Direct Plan - IDCW Option,17.653
2026-08-25,152216,Kotak Healthcare Fund - Regular Plan - Growth Option,16.893
2026-08-25,152217,Union Children's Fund - Regular Plan - Growth Option,13.11
2026-08-25,152218,Union Children's Fund - Regular Plan - IDCW Option,11.40
2026-08-25,152219,Union Children's Fund - Direct Plan - Growth Option,13.57
2026-08-25,152220,Union Children's Fund - Direct Plan - IDCW Option,13.57
2026-08-25,152225,Whiteoak Capital Large & Mid Cap Fund Regular Plan Growth,14.172
2026-08-25,152226,Whiteoak Capital Large & Mid Cap Fund Direct Plan Growth,14.783
2026-08-25,152231,Baroda BNP Paribas Gold ETF,155.1695
2026-08-25,152232,Motilal Oswal Small Cap Fund - Regular - Growth,17.0485
2026-08-25,152234,Motilal Oswal Small Cap Fund - Regular - IDCW,17.0489
2026-08-25,152235,Motilal Oswal Small Cap Fund - Direct IDCW,17.6590
2026-08-25,152237,Motilal Oswal Small Cap Fund - Direct - Growth,17.6590
2026-08-25,152238,Axis US Specific Treasury Dynamic Debt Passive FOF - Regular Plan - IDCW Option,12.3054
2026-08-25,152239,Axis US Specific Treasury Dynamic Debt Passive FOF - Regular Plan - Growth Option,12.3054
2026-08-25,152240,Axis US Specific Treasury Dynamic Debt Passive FOF - Direct Plan - Growth Option,12.3218
2026-08-25,152241,Axis US Specific Treasury Dynamic Debt Passive FOF - Direct Plan - IDCW Option,12.3207
2026-08-25,152242,DSP Nifty Smallcap250 Quality 50 Index Fund - Regular - IDCW,10.4781
2026-08-25,152243,DSP Nifty Smallcap250 Quality 50 Index Fund - Direct - Growth,11.2895
2026-08-25,152244,DSP Nifty Smallcap250 Quality 50 Index Fund - Direct - IDCW,11.2895
2026-08-25,152245,DSP Nifty Smallcap250 Quality 50 Index Fund - Regular - Growth,11.0794
2026-08-25,152254,Groww Banking & Financial Services Fund - Direct Plan - Growth,13.8819
2026-08-25,152255,quant Commodities Fund - Growth Option - Direct Plan,15.4114
2026-08-25,152256,quant Commodities Fund - Growth Option - Regular Plan,14.8065
2026-08-25,152257,quant Commodities Fund - IDCW Option - Direct Plan,15.4064
2026-08-25,152258,quant Commodities Fund - IDCW Option - Regular Plan,14.8042
2026-08-25,152263,BANDHAN Nifty Smallcap 250 Index Fund - Direct Plan - IDCW,13.3218
2026-08-25,152264,BANDHAN Nifty Smallcap 250 Index Fund - Direct Plan - Growth,13.3217
2026-08-25,152265,BANDHAN Nifty Smallcap 250 Index Fund - Regular Plan - IDCW,13.0779
2026-08-25,152266,BANDHAN Nifty Smallcap 250 Index Fund - Regular Plan - Growth,13.0774
2026-08-25,152267,Aditya Birla Sun Life Crisil IBX Gilt Apr 2033 Index Fund-Direct Growth,12.3005
2026-08-25,152268,Aditya Birla Sun Life Crisil IBX Gilt Apr 2033 Index Fund-Regular Growth,12.2219
2026-08-25,152269,Aditya Birla Sun Life Crisil IBX Gilt Apr 2033 Index Fund-Regular IDCW payout,12.2222
2026-08-25,152270,Aditya Birla Sun Life Crisil IBX Gilt Apr 2033 Index Fund-Direct IDCW Payout,12.3001
2026-08-25,152273,Groww Banking & Financial Services Fund-IDCW,13.881
2026-08-25,152274,Groww Banking & Financial Services Fund - Regular - Growth,13.2159
2026-08-25,152276,Groww Banking & Financial Services Fund - Regular Plan - IDCW,13.2159
2026-08-25,152284,Tata Gold Exchange Traded Fund,15.5726
2026-08-25,152285,Tata Silver Exchange Traded Fund,23.2542
2026-08-25,152286,Tata Gold ETF Fund of Fund Regular Plan IDCW Payout Option,24.3188
2026-08-25,152287,Tata Gold ETF Fund of Fund Direct Plan Growth Option,24.6366
2026-08-25,152288,Tata Gold ETF Fund of Fund Direct Plan IDCW Payout Option,24.6366
2026-08-25,152289,Tata Gold ETF Fund of Fund Direct Plan IDCW Reinvestment Option,24.6366
2026-08-25,152290,Tata Gold ETF Fund of Fund Regular Plan Growth Option,24.3188
2026-08-25,152291,Tata Gold ETF Fund of Fund Regular Plan IDCW Reinvestment Option,24.3188
2026-08-25,152292,Tata Silver ETF Fund of Fund Regular Plan IDCW Reinvestment Option,30.9672
2026-08-25,152293,Tata Silver ETF Fund of Fund Direct Plan Growth Option,31.3550
2026-08-25,152294,Tata Silver ETF Fund of Fund Direct Plan IDCW Payout Option,31.3550
2026-08-25,152295,Tata Silver ETF Fund of Fund Direct Plan IDCW Reinvestment Option,31.3550
2026-08-25,152296,Tata Silver ETF Fund of Fund Regular Plan IDCW Payout Option,30.9672
2026-08-25,152297,Tata Silver ETF Fund of Fund Regular Plan Growth Option,30.9672
2026-08-25,152298,Quantum Liquid Fund - Unclaimed IDCW Plan Below 3 years,11.8298
2026-08-25,152299,Quantum Liquid Fund - Unclaimed IDCW Plan Above 3 years,10.0000
2026-08-25,152300,Quantum Liquid Fund - Unclaimed Redemption Plan Below 3 years,11.3546
2026-08-25,152301,Quantum Liquid Fund - Unclaimed Redemption Plan Above 3 years,10.0000
2026-08-25,152306,DSP Nifty Healthcare ETF,16.7637
2026-08-25,152307,DSP Multi Cap Fund - Regular - Growth,12.4890
2026-08-25,152308,DSP Multi Cap Fund - Regular - IDCW,11.5260
2026-08-25,152309,DSP Multi Cap Fund - Direct - IDCW,11.8950
2026-08-25,152310,DSP Multi Cap Fund - Direct - Growth,12.9710
2026-08-25,152311,Sundaram Multi Asset Allocation Fund Regular Plan Growth,13.6967
2026-08-25,152312,Sundaram Multi Asset Allocation Fund Direct Plan IDCW Reinvestment,14.2395
2026-08-25,152313,Sundaram Multi Asset Allocation Fund Regular Plan IDCW Reinvestment,13.6967
2026-08-25,152314,Sundaram Multi Asset Allocation Fund Direct Plan Growth,14.2395
2026-08-25,152315,Sundaram Multi Asset Allocation Fund Regular Plan IDCW Payout,13.6967
2026-08-25,152316,Sundaram Multi Asset Allocation Fund Direct Plan IDCW Payout,14.2395
2026-08-25,152321,WhiteOak Capital Banking & Financial Services Fund - Direct Growth,13.732
2026-08-25,152322,WhiteOak Capital Banking & Financial Services Fund - Regular Growth,13.144
2026-08-25,152323,Bandhan Multi Asset Allocation Fund - Direct Plan - IDCW,14.1455
2026-08-25,152324,Bandhan Multi Asset Allocation Fund - Direct Plan - Growth,15.0813
2026-08-25,152325,Bandhan Multi Asset Allocation Fund - Regular Plan - IDCW,13.6057
2026-08-25,152326,Bandhan Multi Asset Allocation Fund - Regular Plan - Growth,14.5056
2026-08-25,152327,Zerodha Nifty 1D Rate Liquid ETF - Growth Option,115.6251
2026-08-25,152328,Baroda BNP Paribas Nifty 50 Index Fund - Regular Plan - IDCW option,11.3831
2026-08-25,152329,Baroda BNP Paribas Nifty 50 Index Fund - Direct Plan - Growth option,11.4959
2026-08-25,152330,Baroda BNP Paribas Nifty 50 Index Fund - Direct Plan - IDCW option,11.4959
2026-08-25,152331,Baroda BNP Paribas Nifty 50 Index Fund - Regular Plan - Growth option,11.3831
2026-08-25,152336,quant Consumption Fund - Growth Option - Direct Plan,10.7308
2026-08-25,152337,quant Consumption Fund - IDCW Option - Regular Plan,10.3155
2026-08-25,152338,quant Consumption Fund - Growth Option - Regular Plan,10.3116
2026-08-25,152339,quant Consumption Fund - IDCW Option - Direct Plan,10.7356
2026-08-25,152344,Mirae Asset Multi Asset Allocation Fund - Direct Plan - Growth,14.371
2026-08-25,152345,Mirae Asset Multi Asset Allocation Fund - Direct Plan - IDCW,14.368
2026-08-25,152346,Mirae Asset Multi Asset Allocation Fund - Regular Plan - IDCW,13.793
2026-08-25,152347,Mirae Asset Multi Asset Allocation Fund - Regular Plan - Growth,13.800
2026-08-25,152348,WhiteOak Capital Pharma and Heathcare Fund Regular Plan Growth,16.806
2026-08-25,152349,WhiteOak Capital Pharma and Heathcare Fund Direct Plan Growth,17.566
2026-08-25,152350,HDFC NIFTY PSU BANK ETF,87.0762
2026-08-25,152351,Motilal Oswal Large Cap Direct Plan IDCW,12.8996
2026-08-25,152352,Motilal Oswal Large Cap Regular Plan Growth,13.8577
2026-08-25,152353,Motilal Oswal Large Cap Regular Plan IDCW,12.3432
2026-08-25,152354,Motilal Oswal Large Cap Direct Plan Growth,14.3112
2026-08-25,152355,UTI Nifty IT ETF,323.849
2026-08-25,152356,Bajaj Finserv Nifty 50 ETF,250.6162
2026-08-25,152357,Bajaj Finserv Nifty Bank ETF,58.5491
2026-08-25,152358,Old Bridge Focused Fund - Direct Growth,14.28
2026-08-25,152359,Old Bridge Focused Fund - Direct IDCW,14.28
2026-08-25,152361,Old Bridge Focused Fund - Regular Growth,13.90
2026-08-25,152363,Old Bridge Focused Fund - Regular IDCW,13.90
2026-08-25,152364,ICICI Prudential Nifty50 Value 20 Index Fund - IDCW,10.0425
2026-08-25,152365,ICICI Prudential Nifty50 Value 20 Index Fund - Direct Plan - Growth,10.1567
2026-08-25,152366,ICICI Prudential Nifty50 Value 20 Index Fund - Growth,10.0426
2026-08-25,152367,ICICI Prudential Nifty50 Value 20 Index Fund - Direct Plan - IDCW,10.1567
2026-08-25,152368,UTI Nifty 5 yr Benchmark G-Sec ETF,66.5053
2026-08-25,152369,UTI Nifty 10 yr Benchmark G-Sec ETF,26.6568
2026-08-25,152370,SBI Nifty50 Equal Weight Index Fund - Direct Plan - Growth,12.4332
2026-08-25,152371,SBI Nifty50 Equal Weight Index Fund - Direct Plan - Income Distribution Cum Capital Withdrawal Option,12.4324
2026-08-25,152372,SBI Nifty50 Equal Weight Index Fund - Regular Plan - Growth,12.2775
2026-08-25,152373,SBI Nifty50 Equal Weight Index Fund - Regular Plan - Income Distribution Cum Capital Withdrawal Option,12.2774
2026-08-25,152378,HSBC Multi Asset Allocation Fund - Regular - Growth,14.1721
2026-08-25,152379,HSBC Multi Asset Allocation Fund - Regular - IDCW,12.9379
2026-08-25,152380,HSBC Multi Asset Allocation Fund - Direct - Growth,14.66
2026-08-25,152381,HSBC Multi Asset Allocation Fund - Direct - IDCW,14.2894
2026-08-25,152382,PGIM India Large and Midcap Fund - Direct Plan - Growth Option,13.55
2026-08-25,152383,PGIM India Large and Midcap Fund - Regular Plan - Growth Option,12.97
2026-08-25,152384,PGIM India Large and Midcap Fund - Direct Plan - IDCW option,12.29
2026-08-25,152385,PGIM India Large and Midcap Fund - Regular Plan - IDCW Option,12.03
2026-08-25,152386,Nippon India Nifty Bank Index Fund - Direct Plan - IDCW Option,12.4305
2026-08-25,152387,Nippon India Nifty Bank Index Fund - Regular Plan - Growth Option,12.2461
2026-08-25,152388,Nippon India Nifty Bank Index Fund - Regular Plan - IDCW Option,12.2461
2026-08-25,152389,Nippon India Nifty Bank Index Fund - Direct Plan - Growth Option,12.4305
2026-08-25,152390,Nippon India Nifty IT Index Fund - Direct Plan - IDCW Option,8.4467
2026-08-25,152391,Nippon India Nifty IT Index Fund - Regular Plan - Growth Option,8.3144
2026-08-25,152392,Nippon India Nifty IT Index Fund - Direct Plan - Growth Option,8.4467
2026-08-25,152393,Nippon India Nifty IT Index Fund - Regular Plan - IDCW Option,8.3144
2026-08-25,152395,Bank of India Multi Asset Allocation Fund-Regular Plan-IDCW,12.9964
2026-08-25,152396,Bank of India Multi Asset Allocation Fund-Direct Plan-Growth,13.3372
2026-08-25,152398,Bank of India Multi Asset Allocation Fund-Regular Plan-Growth,12.9952
2026-08-25,152399,Bank of India Multi Asset Allocation Fund-Direct Plan-IDCW,13.3314
2026-08-25,152404,LIC MF Nifty Midcap 100 ETF,64.6134
2026-08-25,152405,Bajaj Finserv Large & Mid Cap Fund- Direct Plan- IDCW,12.982
2026-08-25,152406,Bajaj Finserv Large & Mid Cap Fund- Regular Plan- Growth,12.520
2026-08-25,152407,Bajaj Finserv Large & Mid Cap Fund- Regular Plan- IDCW,12.520
2026-08-25,152408,Bajaj Finserv Large & Mid Cap Fund- Direct Plan- Growth,12.982
2026-08-25,152409,Union Business Cycle Fund - Direct Plan - Growth Option,12.34
2026-08-25,152410,Union Business Cycle Fund - Direct Plan - IDCW Option,12.34
2026-08-25,152411,Union Business Cycle Fund - Regular Plan - Growth Option,11.95
2026-08-25,152412,Union Business Cycle Fund - Regular Plan - IDCW Option,11.95
2026-08-25,152413,quant PSU Fund - Growth Option - Regular Plan,10.5632
2026-08-25,152414,quant PSU Fund - IDCW Option - Regular Plan,10.5629
2026-08-25,152415,quant PSU Fund - Growth Option - Direct Plan,10.9433
2026-08-25,152416,quant PSU Fund - IDCW Option - Direct Plan,10.9496
2026-08-25,152417,SBI Energy Opportunities Fund - Direct Plan - Growth,11.3728
2026-08-25,152418,SBI Energy Opportunities Fund - Regular Plan - Growth,11.0726
2026-08-25,152419,SBI Energy Opportunities Fund - Regular Plan - Income Distribution Cum Capital Withdrawal Option,11.0729
2026-08-25,152420,SBI Energy Opportunities Fund - Direct Plan - Income Distribution Cum Capital Withdrawal Option,11.3726
2026-08-25,152421,Axis BSE Sensex Index Fund - Regular Plan - Growth,10.7835
2026-08-25,152422,Axis BSE Sensex Index Fund - Direct Plan - Growth,10.9385
2026-08-25,152423,Axis BSE Sensex Index Fund - Regular Plan - IDCW,10.7832
2026-08-25,152424,Axis BSE Sensex Index Fund - Direct Plan - IDCW,10.9385
2026-08-25,152429,HDFC NIFTY200 Momentum 30 Index Fund - Regular Plan,10.3705
2026-08-25,152430,HDFC NIFTY200 Momentum 30 Index Fund - Direct Plan,10.4973
2026-08-25,152431,Groww Nifty Smallcap 250 Index Fund - Direct Plan - Growth,12.253
2026-08-25,152433,Groww Nifty Smallcap 250 Index Fund - Regular Plan - Growth,12.0904
2026-08-25,152434,Groww Nifty Smallcap 250 Index Fund - Regular Plan - Regular Plan - IDCW,12.0759
2026-08-25,152436,Groww Nifty Smallcap 250 Index Fund - Direct Plan - IDCW,12.258
2026-08-25,152437,Edelweiss Technology Fund - Direct Plan - Growth,13.3105
2026-08-25,152438,Edelweiss Technology Fund - Direct Plan - IDCW,13.3105
2026-08-25,152439,Edelweiss Technology Fund - Regular Plan - Growth,12.7606
2026-08-25,152440,Edelweiss Technology Fund - Regular Plan - IDCW,12.7606
2026-08-25,152441,Mahindra Manulife Multi Asset Allocation Fund- Regular Plan - Growth,14.1125
2026-08-25,152443,Mahindra Manulife Multi Asset Allocation Fund- Direct Plan - Growth,14.6789
2026-08-25,152444,Mahindra Manulife Multi Asset allocation Fund - Regular Plan - IDCW,13.2573
2026-08-25,152445,Mahindra Manulife Multi Asset Allocation Fund - Direct Plan - IDCW,13.8113
2026-08-25,152447,Canara Robeco Manufacturing Fund - Regular Plan - Growth Option,14.2300
2026-08-25,152448,Canara Robeco Manufacturing Fund -Regular Plan - IDWC Option,14.2200
2026-08-25,152449,Canara Robeco Manufacturing Fund - Direct Plan - IDWC Option,14.7200
2026-08-25,152450,Canara Robeco Manufacturing Fund - Direct Plan - Growth Option,14.7200
2026-08-25,152455,Mirae Asset Nifty Smallcap 250 Momentum Quality 100 ETF,48.7943
2026-08-25,152456,Mirae Asset Nifty Smallcap 250 Momentum Quality 100 ETF Fund of Fund - Direct Plan - IDCW,10.814
2026-08-25,152457,Mirae Asset Nifty Smallcap 250 Momentum Quality 100 ETF Fund of Fund - Regular Plan - Growth,10.683
2026-08-25,152458,Mirae Asset Nifty Smallcap 250 Momentum Quality 100 ETF Fund of Fund - Regular Plan - IDCW,10.686
2026-08-25,152459,Mirae Asset Nifty Smallcap 250 Momentum Quality 100 ETF Fund of Fund - Direct Plan - Growth,10.817
2026-08-25,152460,Kotak Technology Fund - Regular Plan - Growth Option,10.685
2026-08-25,152461,Kotak Technology Fund - Regular Plan - IDCW Option,10.686
2026-08-25,152462,Kotak Technology Fund - Direct Plan - Growth Option,11.077
2026-08-25,152463,Kotak Technology Fund - Direct Plan - IDCW Option,11.077
2026-08-25,152464,Parag Parikh Dynamic Asset Allocation Fund - Regular Plan Growth,11.7549
2026-08-25,152467,Parag Parikh Dynamic Asset Allocation Fund - Regular Plan - Monthly IDCW Reinvestment,10.0440
2026-08-25,152468,Parag Parikh Dynamic Asset Allocation Fund - Direct Plan Growth,11.8463
2026-08-25,152469,Parag Parikh Dynamic Asset Allocation Fund - Direct Plan - Monthly IDCW Reinvestment,10.2979
2026-08-25,152470,Baroda BNP Paribas Innovation Fund Direct plan - Growth Option,14.4552
2026-08-25,152471,Baroda BNP Paribas Innovation Fund Direct plan - IDCW Option,14.4552
2026-08-25,152472,Baroda BNP Paribas Innovation Fund Regular plan - Growth Option,13.9468
2026-08-25,152473,Baroda BNP Paribas Innovation Fund Regular plan - IDCW Option,13.8064
2026-08-25,152474,Quantum Multi Asset Allocation Fund - Direct Plan Growth Option,12.54
2026-08-25,152475,Quantum Multi Asset Allocation Fund - Regular Plan Growth Option,12.06
2026-08-25,152476,Zerodha Gold ETF,25.2563
2026-08-25,152481,ICICI Prudential Nifty LargeMidcap 250 Index Fund - Growth,12.5808
2026-08-25,152482,ICICI Prudential Nifty LargeMidcap 250 Index Fund - Direct Plan - Growth,12.7456
2026-08-25,152483,ICICI Prudential Nifty LargeMidcap 250 Index Fund - Direct Plan - IDCW,12.7455
2026-08-25,152484,ICICI Prudential Nifty LargeMidcap 250 Index Fund - IDCW,12.5803
2026-08-25,152489,Kotak Long Term Fund - Regular Plan - Growth,11.223
2026-08-25,152490,Kotak Long Term Fund - Regular Plan - IDCW,11.2231
2026-08-25,152491,Kotak Long Term Fund - Direct Plan - Growth,11.3039
2026-08-25,152492,Kotak Long Term Fund - Direct Plan - IDCW,11.3035
2026-08-25,152509,Helios Balanced Advantage Fund- Direct Plan- Growth Option,12.18
2026-08-25,152510,Helios Balanced Advantage Fund- Regular Plan-IDCW Option,11.66
2026-08-25,152511,Helios Balanced Advantage Fund- Direct Plan-IDCW Option,12.09
2026-08-25,152512,Helios Balanced Advantage Fund- Regular Plan- Growth Option,11.73
2026-08-25,152517,Bandhan Long Term Fund - Regular Plan - IDCW,10.3858
2026-08-25,152518,Bandhan Long Term Fund - Regular Plan - Growth,11.3745
2026-08-25,152519,Bandhan Long Term Fund - Direct Plan - IDCW,10.5851
2026-08-25,152520,Bandhan Long Term Fund - Direct Plan - Growth,11.4885
2026-08-25,152521,HDFC NIFTY Realty Index Fund - Direct Plan,10.3217
2026-08-25,152522,HDFC NIFTY Reality Index Fund - Regular Plan,10.2031
2026-08-25,152527,DSP US Specific Debt Passive FoF - Regular - Growth,12.6085
2026-08-25,152528,DSP US Specific Debt Passive FoF - Direct - Growth,12.6239
2026-08-25,152529,DSP US Specific Debt Passive FoF - Direct - IDCW,12.6239
2026-08-25,152530,DSP US Specific Debt Passive FoF - Regular - IDCW,12.6085
2026-08-25,152535,Navi NiftyIT Index Fund - Direct Plan- Growth,9.1815
2026-08-25,152536,Navi NiftyIT Index Fund - Regular Plan -Growth,9.0247
2026-08-25,152537,PGIM India Retirement Fund - Direct Plan - Growth Option,13.05
2026-08-25,152538,PGIM India Retirement Fund - Regular Plan - Growth Option,12.56
2026-08-25,152539,PGIM India Retirement Fund - Direct Plan - IDCW Payout Option,13.05
2026-08-25,152540,PGIM India Retirement Fund - Regular Plan - IDCW Payout Option,12.56
2026-08-25,152541,Motilal Oswal Nifty Realty ETF,92.0979
2026-08-25,152546,Motilal Oswal Nifty Smallcap 250 ETF,18.4454
2026-08-25,152555,DSP BSE Liquid Rate ETF,1141.8191
2026-08-25,152556,Tata Nifty Auto Index Fund - Regular Plan - IDCW Reinvestment,13.1348
2026-08-25,152557,Tata Nifty Auto Index Fund - Direct Plan - Growth,13.3365
2026-08-25,152558,Tata Nifty Auto Index Fund - Direct Plan - IDCW Reinvestment,13.3365
2026-08-25,152559,Tata Nifty Auto Index Fund - Direct Plan - IDCW payout,13.3365
2026-08-25,152560,Tata Nifty Auto Index Fund - Regular Plan - Growth,13.1348
2026-08-25,152561,Tata Nifty Auto Index Fund - Regular Plan - IDCW Payout,13.1348
2026-08-25,152562,Tata Nifty MidSmall Healthcare Index Fund - Regular Plan - IDCW Payout,15.0606
2026-08-25,152563,Tata Nifty MidSmall Healthcare Index Fund - Regular Plan - IDCW Reinvestment,15.0606
2026-08-25,152564,Tata Nifty MidSmall Healthcare Index Fund - Direct Plan - Growth,15.2905
2026-08-25,152565,Tata Nifty MidSmall Healthcare Index Fund - Direct Plan - IDCW Payout,15.2905
2026-08-25,152566,Tata Nifty MidSmall Healthcare Index Fund - Direct Plan - IDCW Reinvestment,15.2905
2026-08-25,152567,Tata Nifty MidSmall Healthcare Index Fund - Regular Plan - Growth,15.0606
2026-08-25,152568,Tata Nifty Realty Index Fund - Regular Plan - IDCW Payout,9.2846
2026-08-25,152569,Tata Nifty Realty Index Fund - Regular Plan - IDCW Reinvestment,9.2846
2026-08-25,152570,Tata Nifty Realty Index Fund - Direct Plan - Growth,9.4323
2026-08-25,152571,Tata Nifty Realty Index Fund - Direct Plan - IDCW Payout,9.4323
2026-08-25,152572,Tata Nifty Realty Index Fund - Direct Plan - IDCW Reinvestment,9.4323
2026-08-25,152573,Tata Nifty Realty Index Fund - Regular Plan - Growth,9.2846
2026-08-25,152574,Tata Nifty Financial Services Index Fund - Regular Plan - Growth,12.1750
2026-08-25,152575,Tata Nifty Financial Services Index Fund - Regular Plan - IDCW Payout,12.1750
2026-08-25,152576,Tata Nifty Financial Services Index Fund - Regular Plan - IDCW Reinvestment,12.1750
2026-08-25,152577,Tata Nifty Financial Services Index Fund - Direct Plan - Growth,12.3628
2026-08-25,152578,Tata Nifty Financial Services Index Fund - Direct Plan - IDCW Reinvestment,12.3628
2026-08-25,152579,Tata Nifty Financial Services Index Fund - Direct Plan - IDCW Payout,12.3628
2026-08-25,152580,Invesco India Money Market Fund - Weekly IDCW (Payout / Reinvestment),1000.8402
2026-08-25,152582,TRUSTMF Flexi Cap Fund-Regular Plan- Growth,12.57
2026-08-25,152583,TRUSTMF Flexi Cap Fund-Regular Plan- IDCW,12.57
2026-08-25,152584,TRUSTMF Flexi Cap Fund-Direct Plan- Growth,13.07
2026-08-25,152585,TRUSTMF Flexi Cap Fund-Direct Plan- IDCW,13.06
2026-08-25,152586,Samco Special Opportunities Fund - Direct Plan - Growth,9.12
2026-08-25,152587,Samco Special Opportunities Fund - Regular Plan - Growth,8.80
2026-08-25,152588,Tata Nifty500 Multicap India Manufacturing 50:30:20 Index Fund -Direct Plan-Growth,12.6681
2026-08-25,152589,Tata Nifty500 Multicap India Manufacturing 50:30:20 Index Fund -Direct Plan-IDCW-Payout,12.6681
2026-08-25,152590,Tata Nifty500 Multicap India Manufacturing 50:30:20 Index Fund -Regular Plan-Growth,12.4780
2026-08-25,152591,Tata Nifty500 Multicap India Manufacturing 50:30:20 Index Fund -Regular Plan-IDCW Payout,12.4780
2026-08-25,152592,Tata Nifty500 Multicap India Manufacturing 50:30:20 Index Fund -Regular Plan -IDCW-Reinvestment,12.4780
2026-08-25,152593,Tata Nifty500 Multicap India Manufacturing 50:30:20 Index Fund -Direct Plan-IDCW-Reinvestment,12.6681
2026-08-25,152594,Tata Nifty500 Multicap Infrastructure 50:30:20 Index Fund - Direct Plan - IDCW Reinvestment,11.2660
2026-08-25,152595,Tata Nifty500 Multicap Infrastructure 50:30:20 Index Fund - Direct Plan - Growth,11.2660
2026-08-25,152596,Tata Nifty500 Multicap Infrastructure 50:30:20 Index Fund - Regular Plan - Growth,11.0919
2026-08-25,152597,Tata Nifty500 Multicap Infrastructure 50:30:20 Index Fund - Regular Plan - IDCW Payout,11.0919
2026-08-25,152598,Tata Nifty500 Multicap Infrastructure 50:30:20 Index Fund - Direct Plan - IDCW Payout,11.2660
2026-08-25,152599,Tata Nifty500 Multicap Infrastructure 50:30:20 Index Fund - Regular Plan - IDCW Reinvestment,11.0919
2026-08-25,152600,HDFC Manufacturing fund - Growth Option - Direct Plan,12.36
2026-08-25,152601,HDFC Manufacturing fund - IDCW - Regular Plan,12.056
2026-08-25,152602,HDFC Manufacturing fund - Growth Option - Regular Plan,12.056
2026-08-25,152603,HDFC Manufacturing fund - IDCW - Direct Plan,12.36
2026-08-25,152604,Bandhan Innovation Fund - Direct Plan - IDCW,15.236
2026-08-25,152605,Bandhan Innovation Fund - Regular Plan - IDCW,14.711
2026-08-25,152606,Bandhan Innovation Fund - Regular Plan - Growth,15.677
2026-08-25,152607,Bandhan Innovation Fund - Direct Plan - Growth,16.237
2026-08-25,152612,JM Small Cap Fund (Regular) - Growth Option,11.572
2026-08-25,152613,JM Small Cap Fund (Regular) - IDCW Option,11.5721
2026-08-25,152614,JM Small Cap Fund (Direct) - Growth Option,12.0007
2026-08-25,152615,JM Small Cap Fund (Direct) - IDCW Option,12.0009
2026-08-25,152616,Edelweiss Nifty Alpha Low Volatility 30 Index Fund - Direct Plan - Growth,10.2845
2026-08-25,152617,Edelweiss Nifty Alpha Low Volatility 30 Index Fund - Regular Plan - Growth,10.116
2026-08-25,152618,Edelweiss Nifty Alpha Low Volatility 30 Index Fund - Regular Plan - IDCW Payout,10.116
2026-08-25,152619,Edelweiss Nifty Alpha Low Volatility 30 Index Fund - Direct Plan - IDCW Payout,10.2845
2026-08-25,152620,Aditya Birla Sun Life Nifty PSE ETF,10.1913
2026-08-25,152625,Baroda BNP Paribas Retirement Fund - Regular plan - Growth option,11.8008
2026-08-25,152626,Baroda BNP Paribas Retirement Fund - Direct plan - IDCW option,12.2464
2026-08-25,152627,Baroda BNP Paribas Retirement Fund - Regular plan - IDCW option,11.8008
2026-08-25,152628,Baroda BNP Paribas Retirement Fund - Direct plan - Growth option,12.2464
2026-08-25,152629,Axis Nifty Bank Index Fund - Direct Plan - Growth Option,11.8996
2026-08-25,152630,Axis Nifty Bank Index Fund - Regular Plan - IDCW Option,11.6751
2026-08-25,152631,Axis Nifty Bank Index Fund - Direct Plan - IDCW Option,11.8997
2026-08-25,152632,Axis Nifty Bank Index Fund - Regular Plan - Growth Option,11.6755
2026-08-25,152633,Groww Nifty Non-Cyclical Consumer Index Fund - Regular Plan - Growth,10.4759
2026-08-25,152634,Mirae Asset Nifty MidSmallcap400 Momentum Quality 100 ETF,52.3701
2026-08-25,152635,Groww Nifty Non-Cyclical Consumer Index Fund - IDCW,10.4748
2026-08-25,152636,Groww Nifty Non-Cyclical Consumer Index Fund - Direct Plan - IDCW,10.6117
2026-08-25,152637,Groww Nifty Non-Cyclical Consumer Index Fund - Direct Plan Growth,10.6118
2026-08-25,152638,Bajaj Finserv Nifty 1D Rate Liquid ETF,1096.0206
2026-08-25,152639,Bajaj Finserv Multi Asset Allocation Fund - Direct Growth,12.9292
2026-08-25,152640,Bajaj Finserv Multi Asset Allocation Fund - Regular IDCW,12.5034
2026-08-25,152641,Bajaj Finserv Multi Asset Allocation Fund - Direct IDCW,12.9292
2026-08-25,152642,Bajaj Finserv Multi Asset Allocation Fund - Regular Growth,12.5034
2026-08-25,152643,WhiteOak Capital Special Opportunities Fund - Regular Growth,14.724
2026-08-25,152644,WhiteOak Capital Special Opportunities Fund - Direct Growth,15.322
2026-08-25,152645,Mirae Asset Nifty MidSmallcap400 Momentum Quality 100 ETF Fund of Fund - Direct Plan - Growth,10.540
2026-08-25,152646,Mirae Asset Nifty MidSmallcap400 Momentum Quality 100 ETF Fund of Fund - Direct Plan - IDCW,10.540
2026-08-25,152647,Mirae Asset Nifty MidSmallcap400 Momentum Quality 100 ETF Fund of Fund - Regular Plan - Growth,10.413
2026-08-25,152648,Mirae Asset Nifty MidSmallcap400 Momentum Quality 100 ETF Fund of Fund - Regular Plan - IDCW,10.418
2026-08-25,152649,Motilal Oswal Multi Cap Fund Regular Plan IDCW,14.7661
2026-08-25,152650,Motilal Oswal Multi Cap Fund Regular Plan Growth,14.9913
2026-08-25,152651,Motilal Oswal Multi Cap Fund-Direct Plan Growth,15.4190
2026-08-25,152652,Motilal Oswal Multi Cap Fund-Direct Plan IDCW,15.1927
2026-08-25,152653,DSP Nifty Bank Index Fund - Regular - Growth,11.6921
2026-08-25,152654,DSP Nifty Bank Index Fund - Direct - Growth,11.8647
2026-08-25,152655,SBI Automotive Opportunities Fund - Direct Plan - Income Distribution Cum Capital Withdrawal Option,13.9687
2026-08-25,152656,SBI Automotive Opportunities Fund - Regular Plan - Income Distribution Cum Capital Withdrawal Option,13.6296
2026-08-25,152657,SBI Automotive Opportunities Fund - Direct Plan - Growth,13.9691
2026-08-25,152658,SBI Automotive Opportunities Fund - Regular Plan - Growth,13.6293
2026-08-25,152659,Aditya Birla Sun Life Crisil IBX Gilt June 2027 Index Fund-Direct Growth,11.6835
2026-08-25,152660,Aditya Birla Sun Life Crisil IBX Gilt June 2027 Index Fund-Regular Growth,11.6157
2026-08-25,152661,Aditya Birla Sun Life Crisil IBX Gilt June 2027 Index Fund-Regular IDCW Payout,11.6157
2026-08-25,152662,Aditya Birla Sun Life Crisil Ibx Gilt June 2027 Index Fund-Direct IDCW Payout,11.6841
2026-08-25,152663,Kotak NIFTY 100 Low Volatility 30 Index Fund - Direct plan - Growth option,11.017
2026-08-25,152664,Kotak NIFTY 100 Low Volatility 30 Index Fund - Regular plan - Growth option,10.8641
2026-08-25,152665,Kotak NIFTY 100 Low Volatility 30 Index Fund - Direct plan - IDCW option,11.017
2026-08-25,152666,Kotak NIFTY 100 Low Volatility 30 Index Fund - Regular plan - IDCW option,10.8642
2026-08-25,152667,Zerodha Nifty 100 ETF,10.7207
2026-08-25,152668,Zerodha Nifty Midcap 150 ETF,11.8475
2026-08-25,152669,Mahindra Manulife Manufacturing Fund - Regular Plan - IDCW,10.8701
2026-08-25,152670,Mahindra Manulife Manufacturing Fund - Direct Plan - IDCW,11.2459
2026-08-25,152671,Mahindra Manulife Manufacturing Fund - Regular Plan - Growth,10.8701
2026-08-25,152672,Mahindra Manulife Manufacturing Fund - Direct Plan - Growth,11.2459
2026-08-25,152673,Sundaram Business Cycle Fund Direct Plan IDCW Reinvestment,12.0441
2026-08-25,152674,Sundaram Business Cycle Fund Regular Plan IDCW Payout,11.6457
2026-08-25,152675,Sundaram Business Cycle Fund Regular Plan IDCW Reinvestment,11.6457
2026-08-25,152676,Sundaram Business Cycle Fund Direct Plan IDCW Payout,12.0441
2026-08-25,152677,Sundaram Business Cycle Fund Direct Plan Growth,12.0441
2026-08-25,152678,Sundaram Business Cycle Fund Regular Plan Growth,11.6457
2026-08-25,152679,Helios Financial Services Fund - Direct Plan - Growth Option,12.23
2026-08-25,152680,Helios Financial Services Fund - Direct Plan - IDCW Option,12.23
2026-08-25,152681,Helios Financial Services Fund - Regular Plan - IDCW Option,11.82
2026-08-25,152682,Helios Financial Services Fund - Regular Plan - Growth Option,11.82
2026-08-25,152683,Baroda BNP Paribas Nifty Bank ETF,58.0417
2026-08-25,152684,Aditya Birla Sun Life Quant Fund - Direct Growth,10.66
2026-08-25,152685,Aditya Birla Sun Life Quant Fund - Direct IDCW Payout,10.65
2026-08-25,152686,Aditya Birla Sun Life Quant Fund - Regular Growth,10.34
2026-08-25,152687,Aditya Birla Sun Life Quant Fund - Regular IDCW Payout,10.33
2026-08-25,152688,Canara Robeco Balanced Advantage Fund - Direct Plan - Growth Option,10.6900
2026-08-25,152689,Canara Robeco Balanced Advantage Fund - Direct Plan - IDCW Option,10.5900
2026-08-25,152690,Canara Robeco Balanced Advantage Fund - Regular Plan - Growth Option,10.3900
2026-08-25,152691,Canara Robeco Balanced Advantage Fund - Regular Plan - IDCW Option,10.2800
2026-08-25,152692,Motilal Oswal Quant Fund - Regular - Growth,10.1108
2026-08-25,152693,Motilal Oswal Quant Fund - Regular - IDCW,9.3219
2026-08-25,152694,Motilal Oswal Quant Fund - Direct - Growth,10.7134
2026-08-25,152695,Motilal Oswal Quant Fund - Direct - IDCW,10.0747
2026-08-25,152696,Baroda BNP Paribas Manufacturing Fund - Regular Plan - Growth Option,11.3190
2026-08-25,152697,Baroda BNP Paribas Manufacturing Fund - Direct Plan - Growth Option,11.6595
2026-08-25,152698,Baroda BNP Paribas Manufacturing Fund - Direct Plan - IDCW Option,11.6595
2026-08-25,152699,Baroda BNP Paribas Manufacturing Fund - Regular Plan - IDCW Option,11.3190
2026-08-25,152700,Kotak Special Opportunities Fund - Regular Plan - IDCW Option,11.375
2026-08-25,152702,Kotak Special Opportunities Fund - Direct Plan - Growth Option,11.718
2026-08-25,152703,Kotak Special Opportunities Fund - Regular Plan - Growth Option,11.375
2026-08-25,152704,Kotak Special Opportunities Fund - Direct Plan - IDCW Payout Option,11.718
2026-08-25,152710,Edelweiss Business Cycle Fund - Direct Plan - Growth,9.5234
2026-08-25,152711,Motilal Oswal Nifty India Defence Index Fund Regular Plan Growth,12.6159
2026-08-25,152712,Motilal Oswal Nifty India Defence Index Fund Direct Plan Growth,12.8030
2026-08-25,152713,HDFC NIFTY100 Low Volatility 30 Index Fund - Direct Plan,10.5558
2026-08-25,152714,HDFC NIFTY100 Low Volatility 30 Index Fund - Regular Plan,10.4433
2026-08-25,152715,Mirae Asset Nifty EV and New Age Automotive ETF,33.5874
2026-08-25,152716,Bandhan Nifty Total Market Index Fund - Direct Plan - Growth,10.4101
2026-08-25,152717,Bandhan Nifty Total Market Index Fund - Regular Plan - Growth,10.2667
2026-08-25,152718,Mirae Asset Nifty200 Alpha 30 ETF Fund of Fund - Direct Plan - Growth,9.497
2026-08-25,152719,Mirae Asset Nifty200 Alpha 30 ETF Fund of Fund - Direct Plan - IDCW,9.504
2026-08-25,152720,Mirae Asset Nifty200 Alpha 30 ETF Fund of Fund - Regular Plan - Growth,9.407
2026-08-25,152721,Mirae Asset Nifty200 Alpha 30 ETF Fund of Fund - Regular Plan - IDCW,9.399
2026-08-25,152722,Edelweiss Business Cycle Fund - Regular Plan - IDCW Option,9.2136
2026-08-25,152723,Edelweiss Business Cycle Fund - Direct Plan - IDCW Option,9.5234
2026-08-25,152724,Edelweiss Business Cycle Fund - Regular Plan - Growth,9.2136
2026-08-25,152725,SBI Silver ETF,234.7260
2026-08-25,152726,ICICI PRUDENTIAL ENERGY OPPORTUNITIES FUND - Growth,11.59
2026-08-25,152727,ICICI PRUDENTIAL ENERGY OPPORTUNITIES FUND - IDCW,11.58
2026-08-25,152728,ICICI PRUDENTIAL ENERGY OPPORTUNITIES FUND - Direct Plan - Growth,11.88
2026-08-25,152729,ICICI PRUDENTIAL ENERGY OPPORTUNITIES FUND - Direct Plan - IDCW,11.88
2026-08-25,152730,Axis Nifty 500 Index Fund - Regular Plan - Growth Option,10.1856
2026-08-25,152731,Axis Nifty 500 Index Fund - Direct Plan - Growth Option,10.3825
2026-08-25,152732,ADITYA BIRLA SUN LIFE CRISIL BROAD BASED GILT ETF,114.6764
2026-08-25,152733,SBI Silver ETF Fund of Fund- Regular Plan - Growth,25.3578
2026-08-25,152734,SBI Silver ETF FOF- Regular Plan - Income Distribution Cum Capital Withdrawal Option (IDCW),25.3611
2026-08-25,152735,SBI Silver ETF Fund of Fund- Direct Plan - Growth,25.5476
2026-08-25,152736,SBI Silver ETF Fund of Fund- Direct Plan - Income Distribution Cum Capital Withdrawal Option (IDCW),25.5475
2026-08-25,152737,Franklin India Multi Cap Fund - Direct - IDCW,11.3935
2026-08-25,152738,Franklin India Multi Cap Fund - Growth,11.0589
2026-08-25,152739,Franklin India Multi Cap Fund - Direct - Growth,11.3935
2026-08-25,152740,Franklin India Multi Cap Fund - IDCW,11.0589
2026-08-25,152741,Shriram Nifty 1D Rate Liquid ETF - Growth,1118.7323
2026-08-25,152742,Tata Nifty India Tourism Index Fund - Direct - Growth,9.2480
2026-08-25,152743,Tata Nifty India Tourism Index Fund - Direct - IDCW Reinvestment,9.2480
2026-08-25,152744,Tata Nifty India Tourism Index Fund - Direct - IDCW Payout,9.2480
2026-08-25,152745,Tata Nifty India Tourism Index Fund - Regular - IDCW Payout,9.1183
2026-08-25,152746,Tata Nifty India Tourism Index Fund - Regular - Growth,9.1183
2026-08-25,152747,Tata Nifty India Tourism Index Fund - Regular - IDCW Reinvestment,9.1183
2026-08-25,152748,ICICI Prudential Nifty Oil & Gas ETF,11.3893
2026-08-25,152749,SBI Nifty50 Equal Weight ETF,33.7827
2026-08-25,152750,NAVI NIFTY 500 MULTICAP 50-25-25 REGULAR PLAN,10.222
2026-08-25,152751,NAVI NIFTY 500 MULTICAP 50-25-25 DIRECT PLAN,10.3671
2026-08-25,152752,Kotak BSE PSU Index Fund - Regular Plan - Growth,9.334
2026-08-25,152753,Kotak BSE PSU Index Fund - Regular Plan - IDCW Payout and Reinvestment,9.334
2026-08-25,152754,Kotak BSE PSU Index Fund - Direct Plan - IDCW Payout and Reinvestment,9.46
2026-08-25,152755,Kotak BSE PSU Index Fund - Direct Plan - Growth,9.46
2026-08-25,152756,Invesco India Manufacturing Fund - Direct Plan - Growth,12.3
2026-08-25,152757,Invesco India Manufacturing Fund - Direct Plan - IDCW,12.3
2026-08-25,152758,Invesco India Manufacturing Fund - Regular Plan - Growth,11.92
2026-08-25,152759,Invesco India Manufacturing Fund - Regular Plan - IDCW,11.92
2026-08-25,152760,Motilal Oswal Manufacturing Fund - Direct Plan- Growth,12.0777
2026-08-25,152761,Motilal Oswal Manufacturing Fund - Regular Plan - IDCW,11.7323
2026-08-25,152762,Motilal Oswal Manufacturing Fund - Direct Plan - IDCW,12.0770
2026-08-25,152763,Motilal Owsal Manufacturing Fund - Regular Plan - Growth,11.7325
2026-08-25,152764,GROWW NIFTY EV & NEW AGE AUTOMOTIVE ETF,33.4572
2026-08-25,152765,KOTAK NIFTY MIDCAP 50 INDEX FUND-REGULAR PLAN-GROWTH,11.194
2026-08-25,152766,KOTAK NIFTY MIDCAP 50 INDEX FUND-REGULAR PLAN-IDCW PAYOUT AND REINVESTMENT,11.194
2026-08-25,152767,KOTAK NIFTY MIDCAP 50 INDEX FUND-DIRECT PLAN- GROWTH,11.333
2026-08-25,152768,KOTAK NIFTY MIDCAP 50 INDEX FUND-DIRECT PLAN-IDCW PAYOUT AND REINVESTMENT,11.333
2026-08-25,152769,ICICI Prudential Nifty Metal ETF,13.4582
2026-08-25,152770,Groww Nifty EV & New Age Automotive ETF FOF- Direct Plan - Growth,10.2278
2026-08-25,152771,Groww Nifty EV & New Age Automotive ETF FOF - Direct Plan - IDCW,10.2283
2026-08-25,152772,Groww Nifty EV & New Age Automotive ETF FOF - Regular Plan - IDCW,10.144
2026-08-25,152773,Groww Nifty EV & New Age Automotive ETF FOF - Regular Plan - Growth,10.1439
2026-08-25,152774,SBI Innovative Opportunities Fund - Regular Plan - Growth,10.8105
2026-08-25,152775,SBI Innovative Opportunities Fund - Regular Plan - Income Distribution Cum Capital Withdrawal Option,10.8110
2026-08-25,152776,SBI Innovative Opportunities Fund - Direct Plan - Growth,11.0489
2026-08-25,152777,SBI Innovative Opportunities Fund - Direct Plan - Income Distribution Cum Capital Withdrawal Option,11.0490
2026-08-25,152778,HDFC NIFTY500 Multicap 50:25:25 Index Fund - Direct Plan,10.3018
2026-08-25,152779,HDFC NIFTY500 Multicap 50:25:25 index Fund - Regular Plan,10.2026
2026-08-25,152780,BAJAJ FINSERV LARGE CAP FUND - REGULAR PLAN - GROWTH,10.281
2026-08-25,152781,BAJAJ FINSERV LARGE CAP FUND - DIRECT PLAN - IDCW,10.596
2026-08-25,152782,BAJAJ FINSERV LARGE CAP FUND - REGULAR PLAN - IDCW,10.281
2026-08-25,152783,BAJAJ FINSERV LARGE CAP FUND - DIRECT PLAN - GROWTH,10.596
2026-08-25,152784,Union Multi Asset Allocation Fund- Direct Plan - IDCW Option,12.71
2026-08-25,152785,Union Multi Asset Allocation Fund- Regular Plan - IDCW Option,12.43
2026-08-25,152786,Union Multi Asset Allocation Fund- Regular Plan - Growth Option,12.43
2026-08-25,152787,Union Multi Asset Allocation Fund- Direct Plan - Growth Option,12.71
2026-08-25,152788,Bank of India Business Cycle Fund - Direct Plan - Dividend,10.08
2026-08-25,152789,Bank of India Business Cycle Fund - Direct Plan - Growth,10.09
2026-08-25,152790,Bank of India Business Cycle Fund - Regular Plan - Growth,9.85
2026-08-25,152791,Bank of India Business Cycle Fund - Regular Plan - Dividend,9.85
2026-08-25,152792,Bandhan Nifty Bank Index Fund - Regular Plan - Growth,11.1334
2026-08-25,152793,Bandhan Nifty Bank Index Fund - Direct Plan - Growth,11.3127
2026-08-25,152794,Motilal Oswal Business Cycle Fund-Regular Plan-Growth,12.8378
2026-08-25,152795,Motilal Oswal Business Cycle Fund-Regular Plan-IDCW,12.8379
2026-08-25,152796,Motilal Oswal Business Cycle Fund - Direct Plan- Growth,13.1873
2026-08-25,152797,Motilal Oswal Business Cycle Fund - Direct Plan- IDCW,13.1865
2026-08-25,152798,Aditya Birla Sun Life Nifty India Defence Index Fund-Direct Growth,13.9789
2026-08-25,152799,Aditya Birla Sun Life Nifty India Defence Index Fund-Direct IDCW Payout,13.9795
2026-08-25,152800,Aditya Birla Sun Life Nifty India Defence Index Fund-Regular-Growth,13.7777
2026-08-25,152801,Aditya Birla Sun Life Nifty India Defence Index Fund-Regular IDCW Payout,13.775
2026-08-25,152802,Aditya Birla Sun Life Crisil 10 Year Gilt ETF,112.8376
2026-08-25,152803,Axis Consumption Fund Direct Plan - IDCW,9.79
2026-08-25,152804,Axis Consumption Fund Regular Plan - Growth,9.53
2026-08-25,152805,Axis Consumption Fund Direct Plan - Growth,9.79
2026-08-25,152806,Axis Consumption Fund Regular Plan - IDCW,9.53
2026-08-25,152807,Baroda BNP Paribas Dividend Yield Fund - Regular Plan - Growth Option,9.8871
2026-08-25,152808,Baroda BNP Paribas Dividend Yield Fund - Regular Plan - IDCW Option,9.8871
2026-08-25,152809,Baroda BNP Paribas Dividend Yield Fund - Direct Plan - IDCW Option,10.1830
2026-08-25,152810,Baroda BNP Paribas Dividend Yield Fund - Direct Plan - Growth Option,10.1830
2026-08-25,152811,Mirae Asset Nifty500 Multicap 50:25:25 ETF,16.9490
2026-08-25,152812,DSP Nifty Top 10 Equal Weight ETF,88.3230
2026-08-25,152813,DSP Nifty Top 10 Equal Weight Index Fund - Regular - Growth,8.9355
2026-08-25,152814,DSP Nifty Top 10 Equal Weight Index Fund - Direct - Growth,9.0586
2026-08-25,152815,PGIM India Multi Cap Fund - Direct Plan - Growth Option,11.19
2026-08-25,152816,PGIM India Multi Cap Fund - Regular Plan - Growth Option,10.83
2026-08-25,152817,PGIM India Multi Cap Fund - Direct Plan - IDCW Option,11.19
2026-08-25,152818,PGIM India Multi Cap Fund - Regular Plan - IDCW Option,10.83
2026-08-25,152821,ITI Large & Midcap Fund - Direct Plan - Growth,10.4084
2026-08-25,152822,ITI Large & Midcap Fund - Regular Plan - IDCW Option,10.0724
2026-08-25,152823,ITI Large & Midcap Fund - Direct Plan - IDCW Option,10.4084
2026-08-25,152824,ITI Large & Midcap Fund - Regular Plan - Growth,10.0724
2026-08-25,152825,Franklin India Ultra Short Duration Fund - Direct - Growth,11.4854
2026-08-25,152826,Franklin India Ultra Short Duration Fund - IDCW,10.7329
2026-08-25,152827,Franklin India Ultra Short Duration Fund - Direct - IDCW,10.8122
2026-08-25,152828,Franklin India Ultra Short Duration Fund - Growth,11.3834
2026-08-25,152829,HSBC India Export Opportunities Fund - Direct Growth,12.0613
2026-08-25,152830,HSBC India Export Opportunities Fund - Regular Growth,11.7496
2026-08-25,152831,HSBC India Export Opportunities Fund - Direct IDCW,12.0612
2026-08-25,152832,HSBC India Export Opportunities Fund - Regular IDCW,11.7496
2026-08-25,152833,Tata Nifty200 Alpha 30 Index Fund - Direct - IDCW Reinvestment,9.2940
2026-08-25,152834,Tata Nifty200 Alpha 30 Index Fund - Regular -Growth,9.1740
2026-08-25,152835,Tata Nifty200 Alpha 30 Index Fund - Regular - IDCW Payout,9.1740
2026-08-25,152836,Tata Nifty200 Alpha 30 Index Fund - Direct -Growth,9.2940
2026-08-25,152837,Tata Nifty200 Alpha 30 Index Fund - Direct - IDCW Payout,9.2940
2026-08-25,152838,Tata Nifty200 Alpha 30 Index Fund - Regular - IDCW Reinvestment,9.1740
2026-08-25,152839,Nippon India Nifty 500 Equal Weight Index Fund - Direct Plan - IDCW Option,10.0188
2026-08-25,152840,Nippon India Nifty 500 Equal Weight Index Fund - Regular Plan - Growth Option,9.9106
2026-08-25,152841,Nippon India Nifty 500 Equal Weight Index Fund - Regular Plan - IDCW Option,9.9106
2026-08-25,152842,Nippon India Nifty 500 Equal Weight Index Fund - Direct Plan - Growth Option,10.0188
2026-08-25,152843,Bandhan BSE Healthcare Index Fund Regular Plan - Growth,11.5714
2026-08-25,152844,Bandhan BSE Healthcare Index Fund Direct Plan - Growth,11.7553
2026-08-25,152845,Groww Nifty India Defence ETF,97.5104
2026-08-25,152846,Motilal Oswal Nifty India Defence ETF,107.2561
2026-08-25,152847,Samco Multi Cap Fund - Direct Plan - Growth,9.17
2026-08-25,152848,Samco Multi Cap Fund - Regular Plan - Growth,8.91
2026-08-25,152849,WhiteOak Capital Arbitrage Fund Direct Plan Growth,11.481
2026-08-25,152850,WhiteOak Capital Arbitrage Fund Regular Plan Growth,11.315
2026-08-25,152851,Franklin India Medium to Long Duration Fund - Direct Growth,11.3400
2026-08-25,152852,Franklin India Medium to Long Duration Fund - Direct - IDCW,10.7255
2026-08-25,152853,Franklin India Medium to Long Duration Fund - Growth,11.2292
2026-08-25,152854,Franklin India Medium to Long Duration Fund - IDCW,10.6375
2026-08-25,152855,Bandhan Nifty Midcap 150 Index Fund-Direct Plan-Growth,10.7153
2026-08-25,152856,Bandhan Nifty Midcap 150 Index Fund-Regular Plan-Growth,10.5695
2026-08-25,152857,Edelweiss Nifty Bank ETF - Growth,58.0767
2026-08-25,152858,UTI Nifty 200 Quality 30 Index Fund - Regular Plan - Growth Option,9.0171
2026-08-25,152859,UTI Nifty 200 Quality 30 Index Fund - Direct Plan - Growth Option,9.1058
2026-08-25,152860,Invesco India Technology Fund - Direct Plan - IDCW,10.35
2026-08-25,152861,Invesco India Technology Fund - Regular Plan - IDCW,10.05
2026-08-25,152862,Invesco India Technology Fund - Regular Plan - Growth,10.04
2026-08-25,152863,Invesco India Technology Fund - Direct Plan - Growth,10.35
2026-08-25,152864,UTI Nifty Private Bank Index Fund - Direct Plan - Growth Option,10.2001
2026-08-25,152865,UTI Nifty Private Bank Index Fund - Regular Plan - Growth Option,10.1012
2026-08-25,152866,Kotak CRISIL -IBX AAA Financial Services Index Sep-2027 Fund-REGULAR PLAN-GROWTH,11.5151
2026-08-25,152867,Kotak CRISIL-IBX AAA Financial Services Index Sep-2027 Fund-REGULAR PLAN-IDCW,11.5151
2026-08-25,152868,Kotak CRISIL -IBX AAA Financial Services Index Sep-2027 Fund-DIRECT PLAN-IDCW,11.5605
2026-08-25,152869,Kotak CRISIL -IBX AAA Financial Services Index Sep-2027 Fund-DIRECT PLAN-GROWTH Option,11.5625
2026-08-25,152870,Kotak Nifty India Tourism Index Fund-Direct-Growth Option,8.709
2026-08-25,152871,Kotak Nifty India Tourism Index Fund-Regular Plan-IDCW Option,8.603
2026-08-25,152872,Kotak Nifty India Tourism Index Fund-Regular plan-Growth,8.602
2026-08-25,152873,Kotak Nifty India Tourism Index Fund-Direct Plan-IDCW Option,8.71
2026-08-25,152874,Motilal Oswal Nifty 500 Momentum 50 ETF,54.7882
2026-08-25,152875,Motilal Oswal Nifty 500 Momentum 50 Index Fund-Direct Plan-Growth,8.5789
2026-08-25,152876,Motilal Oswal Nifty 500 Momentum 50 Index Fund-Regular Plan-Growth,8.4672
2026-08-25,152877,Bandhan Business Cycle Fund - Regular Plan - Growth,9.933
2026-08-25,152878,Bandhan Business Cycle Fund - Direct Plan - Growth,10.227
2026-08-25,152879,Bandhan Business Cycle Fund - Direct Plan - IDCW,10.227
2026-08-25,152880,Bandhan Business Cycle Fund - Regular Plan - IDCW,9.933
2026-08-25,152881,Nippon India Nifty 500 Momentum 50 Index Fund - Direct Plan - Growth Option,8.6694
2026-08-25,152882,Nippon India Nifty 500 Momentum 50 Index Fund - Regular Plan - IDCW Option,8.5671
2026-08-25,152883,Nippon India Nifty 500 Momentum 50 Index Fund - Regular Plan - Growth Option,8.5671
2026-08-25,152884,Nippon India Nifty 500 Momentum 50 Index Fund - Direct Plan - IDCW Option,8.6694
2026-08-25,152885,Axis CRISIL-IBX AAA Bond NBFC - Jun 2027 Index Fund - Regular Plan - IDCW Option,11.4598
2026-08-25,152886,Axis CRISIL-IBX AAA Bond NBFC - Jun 2027 Index Fund - Regular Plan - Growth Option,11.4597
2026-08-25,152887,Axis CRISIL-IBX AAA Bond NBFC - Jun 2027 Index Fund - Direct Plan - Growth Option,11.5319
2026-08-25,152888,Axis CRISIL-IBX AAA Bond NBFC - Jun 2027 Index Fund - Direct Plan - IDCW Option,11.5318
2026-08-25,152889,HDFC NIFTY LargeMidcap 250 Index Fund - Growth Option - Direct,10.3746
2026-08-25,152890,HDFC NIFTY LargeMidcap 250 Index Fund - Growth Option,10.281
2026-08-25,152891,Groww Nifty 1D Rate Liquid ETF,110.4833
2026-08-25,152906,SBI Nifty 500 Index Fund- Regular Plan- Growth,9.7629
2026-08-25,152907,SBI Nifty 500 Index Fund- Regular Plan- Income Distribution Cum Capital Withdrawal (IDCW),9.7627
2026-08-25,152908,SBI Nifty 500 Index Fund- Direct Plan- Growth,9.8535
2026-08-25,152909,SBI Nifty 500 Index Fund- Direct Plan- Income Distribution Cum Capital Withdrawal (IDCW),9.8536
2026-08-25,152910,Kotak MNC Fund-Direct Plan-Growth,12.976
2026-08-25,152911,Kotak MNC Fund-Direct Plan-IDCW Option,12.977
2026-08-25,152912,KotaK MNC Fund-Regular Plan-IDCW OPTION,12.641
2026-08-25,152913,Kotak MNC Fund-Regular Plan- Growth,12.641
2026-08-25,152914,WhiteOak Capital Digital Bharat Fund Regular Plan Growth,10.474
2026-08-25,152915,WhiteOak Capital Digital Bharat Fund Direct Plan Growth,10.821
2026-08-25,152916,Kotak Nifty Midcap 150 Momentum 50 Index Fund-Direct Plan-Growth,9.763
2026-08-25,152917,Kotak Nifty Midcap 150 Momentum 50 Index Fund-Direct Plan-IDCW option,9.763
2026-08-25,152918,Kotak Nifty Midcap 150 Momentum 50 Index Fund-Regular Plan-Growth,9.645
2026-08-25,152919,Kotak Nifty Midcap 150 Momentum 50 Index Fund-Regular plan-IDCW option,9.644
2026-08-25,152920,LIC MF Manufacturing Fund-Direct Plan-Growth,11.8631
2026-08-25,152921,LIC MF Manufacturing Fund-Direct Plan-IDCW,11.8631
2026-08-25,152922,LIC MF Manufacturing Fund-Regular Plan-Growth,11.5156
2026-08-25,152923,LIC MF Manufacturing Fund-Regular Plan-IDCW,11.5156
2026-08-25,152924,Mirae Asset Nifty Metal ETF,13.5064
2026-08-25,152925,Groww Nifty India Defence ETF FOF - Direct Growth,14.3518
2026-08-25,152926,Groww Nifty India Defence ETF FOF - Direct - IDCW,14.352
2026-08-25,152927,Groww Nifty India Defence ETF FOF - Regular - Growth,14.246
2026-08-25,152928,Groww Nifty India Defence ETF FOF - Regular - IDCW,14.2444
2026-08-25,152929,Mirae Asset Nifty PSU Bank ETF,86.8078
2026-08-25,152930,Baroda BNP Paribas Nifty200 Momentum 30 Index Fund - Regular Plan - Growth Option,8.1844
2026-08-25,152931,Baroda BNP Paribas Nifty200 Momentum 30 Index Fund - Direct Plan - Growth Option,8.2799
2026-08-25,152932,ICICI Prudential Nifty200 Value 30 ETF,15.2756
2026-08-25,152933,ICICI Prudential Nifty200 Value 30 Index Fund - Direct Plan - IDCW,11.0635
2026-08-25,152934,ICICI Prudential Nifty200 Value 30 Index Fund - Growth,10.9502
2026-08-25,152935,ICICI Prudential Nifty200 Value 30 Index Fund - IDCW,10.9502
2026-08-25,152936,ICICI Prudential Nifty200 Value 30 Index Fund - Direct Plan - Growth,11.0636
2026-08-25,152937,TRUSTMF SMALL CAP FUND -DIRECT PLAN-IDCW,13.91
2026-08-25,152938,TRUSTMF SMALL CAP FUND -REGULAR PLAN- IDCW,13.50
2026-08-25,152939,TRUSTMF SMALL CAP FUND -DIRECT PLAN-GROWTH,13.91
2026-08-25,152940,TRUSTMF SMALL CAP FUND -REGULAR PLAN-GROWTH,13.50
2026-08-25,152941,Helios Large & Mid Cap Fund - Direct Plan - Growth Option,11.90
2026-08-25,152942,Helios Large & Mid Cap Fund - Direct Plan - IDCW Option,11.90
2026-08-25,152943,Helios Large & Mid Cap Fund - Regular Plan - Growth Option,11.56
2026-08-25,152944,Helios Large & Mid Cap Fund - Regular Plan - IDCW Option,11.56
2026-08-25,152945,Aditya Birla Sun Life Crisil-IBX AAA NBFC-HFC Index-Sep 2026 Fund-Regular Growth,11.4294
2026-08-25,152946,Aditya Birla Sun Life Crisil-IBX AAA NBFC-HFC Index-Sep 2026 Fund-Regular IDCW Payout,11.4294
2026-08-25,152947,Aditya Birla Sun Life Crisil-IBX AAA NBFC-HFC Index-Sep 2026 Fund-Direct Growth,11.4903
2026-08-25,152948,Aditya Birla Sun Life Crisil-IBX AAA NBFC-HFC INDEX-Sep 2026 Fund-Direct IDCW Payout,11.4903
2026-08-25,152949,Axis Nifty500 Value 50 Index Fund - Direct Plan - Growth Option,11.5150
2026-08-25,152950,Axis Nifty500 Value 50 Index Fund - Regular Plan - Growth Option,11.3306
2026-08-25,152951,Tata Nifty Capital Markets Index Fund - Direct Plan Growth Option,14.9934
2026-08-25,152952,Tata Nifty Capital Markets Index Fund - Direct Plan IDCW Reinvestment Option,14.9934
2026-08-25,152953,Tata Nifty Capital Markets Index Fund - Direct Plan IDCW Payout Option,14.9934
2026-08-25,152954,Tata Nifty Capital Markets Index Fund - Regular Plan Growth Option,14.8210
2026-08-25,152955,Tata Nifty Capital Markets Index Fund - Regular Plan IDCW Reinvestment Option,14.8210
2026-08-25,152956,Tata Nifty Capital Markets Index Fund - Regular Plan IDCW Payout Option,14.8210
2026-08-25,152957,Groww Gold ETF,15.6544
2026-08-25,152962,WhiteOak Capital ESG Best-In-Class Strategy Fund Direct Plan Growth,10.677
2026-08-25,152963,WhiteOak Capital ESG Best-In-Class Strategy Fund Regular Plan Growth,10.346
2026-08-25,152964,Motilal Oswal Digital India Fund - Direct Plan - Growth,10.3572
2026-08-25,152965,Motilal Oswal Digital India Fund - Direct Plan- IDCW,10.3568
2026-08-25,152966,Motilal Oswal Digital India Fund - Regular Plan- Growth,10.0885
2026-08-25,152967,Motilal Oswal Digital India Fund - Regular Plan - IDCW,10.0886
2026-08-25,152968,Mirae Asset Nifty Total Market Index Fund - Direct Plan - Growth,10.6009
2026-08-25,152969,Mirae Asset Nifty Total Market Index Fund - Direct Plan - IDCW,10.6006
2026-08-25,152970,Mirae Asset Nifty Total Market Index Fund - Regular Plan - Growth,10.4688
2026-08-25,152971,Mirae Asset Nifty Total Market Index Fund - Regular Plan - IDCW,10.4685
2026-08-25,152972,Mirae Asset Nifty 50 Index Fund - Direct Plan - Growth,10.1576
2026-08-25,152973,Mirae Asset Nifty 50 Index Fund - Direct Plan - IDCW,10.1578
2026-08-25,152974,Mirae Asset Nifty 50 Index Fund - Regular Plan - Growth,10.0404
2026-08-25,152975,Mirae Asset Nifty 50 Index Fund - Regular Plan - IDCW,10.0422
2026-08-25,152976,Mirae Asset Nifty LargeMidcap 250 Index Fund - Direct Plan - Growth,10.7742
2026-08-25,152977,Mirae Asset Nifty LargeMidcap 250 Index Fund - Direct Plan - IDCW,10.7751
2026-08-25,152978,Mirae Asset Nifty LargeMidcap 250 Index Fund - Regular Plan - Growth,10.6485
2026-08-25,152979,Mirae Asset Nifty LargeMidcap 250 Index Fund - Regular Plan - IDCW,10.6478
2026-08-25,152980,Groww Gold ETF FOF - DIRECT - GROWTH,19.6701
2026-08-25,152981,Edelweiss Nifty500 Multicap Momentum Quality 50 ETF - Growth,42.3943
2026-08-25,152982,Edelweiss Nifty500 Multicap Momentum Quality 50 Index Fund - Direct - IDCW - Payout,9.2819
2026-08-25,152983,Edelweiss Nifty500 Multicap Momentum Quality 50 Index Fund - Regular - IDCW - Payout,9.1688
2026-08-25,152985,Edelweiss Nifty500 Multicap Momentum Quality 50 Index Fund - Direct - Growth,9.2819
2026-08-25,152988,Edelweiss Nifty500 Multicap Momentum Quality 50 Index Fund - Regular - Growth,9.1688
2026-08-25,152990,Bandhan Nifty 500 Value 50 Index Fund Direct Plan - Growth,11.3893
2026-08-25,152991,Bandhan Nifty 500 Value 50 Index Fund Regular Plan - Growth,11.2550
2026-08-25,152992,Nippon India CRISIL - IBX AAA Financial Services - Dec 2026 Index Fund - Direct Plan - Growth Option,11.4385
2026-08-25,152993,Nippon India CRISIL - IBX AAA Financial Services - Dec 2026 Index Fund - Direct Plan - IDCW Option,11.4385
2026-08-25,152994,Nippon India CRISIL - IBX AAA Financial Services - Dec 2026 Index Fund - Regular Plan - Growth Option,11.3966
2026-08-25,152995,Nippon India CRISIL - IBX AAA Financial Services - Dec 2026 Index Fund - Regular Plan - IDCW Option,11.3966
2026-08-25,152996,Nippon India CRISIL - IBX AAA Financial Services - Jan 2028 Index Fund - Direct Plan - Growth Option,11.4241
2026-08-25,152997,Nippon India CRISIL - IBX AAA Financial Services - Jan 2028 Index Fund - Direct Plan - IDCW Option,11.4241
2026-08-25,152998,Nippon India CRISIL - IBX AAA Financial Services - Jan 2028 Index Fund - Regular Plan - Growth Option,11.3783
2026-08-25,152999,Nippon India CRISIL - IBX AAA Financial Services - Jan 2028 Index Fund - Regular Plan - IDCW Option,11.3783
2026-08-25,153000,Baroda BNP Paribas Nifty Midcap 150 Index Fund - Direct Plan - Growth Option,11.3347
2026-08-25,153001,Baroda BNP Paribas Nifty Midcap 150 Index Fund - Regular Plan - Growth Option,11.1948
2026-08-25,153002,Bandhan Nifty 500 Momentum 50 Index Fund Regular Plan-Growth,9.1493
2026-08-25,153003,Bandhan Nifty 500 Momentum 50 Index Fund Direct Plan-Growth,9.2583
2026-08-25,153004,Groww Gold ETF FOF - DIRECT - IDCW,19.6702
2026-08-25,153005,Groww Gold ETF FOF - REGULAR - IDCW,19.5629
2026-08-25,153006,Groww Gold ETF FOF - REGULAR - GROWTH,19.5624
2026-08-25,153007,Mirae Asset Gold ETF Fund of Fund - Direct Plan - Growth,20.252
2026-08-25,153008,Mirae Asset Gold ETF Fund of Fund - Direct Plan - IDCW,20.251
2026-08-25,153009,Mirae Asset Gold ETF Fund of Fund - Regular Plan - Growth,20.060
2026-08-25,153010,Mirae Asset Gold ETF Fund of Fund - Regular Plan - IDCW,20.049
2026-08-25,153011,Zerodha Gold ETF FoF-Direct Plan - Growth Option,21.0025
2026-08-25,153012,SBI Nifty India Consumption Index Fund- Regular Plan- Growth,10.4771
2026-08-25,153013,SBI Nifty India Consumption Index Fund- Regular Plan- IDCW Payout,10.4771
2026-08-25,153014,SBI Nifty India Consumption Index Fund- Direct Plan- IDCW Payout,10.5693
2026-08-25,153015,SBI Nifty India Consumption Index Fund- Direct Plan- Growth,10.5693
2026-08-25,153021,Samco Overnight Fund - Unclaimed Redemption Upto 3 years,1097.4418
2026-08-25,153022,Motilal Oswal Nifty MidSmall Healthcare Index Fund-Regular Plan-Growth,12.4738
2026-08-25,153023,Motilal Oswal Nifty MidSmall Healthcare Index Fund- Direct Plan-Growth,12.5769
2026-08-25,153024,Motilal Oswal Nifty MidSmall India Consumption Index Fund-Regular Plan-Growth,9.9538
2026-08-25,153025,Motilal Oswal Nifty MidSmall India Consumption Index Fund - Direct Plan- Growth,10.0369
2026-08-25,153026,Motilal Oswal Nifty MidSmall Financial Services Index Fund-Regular Plan-Growth,14.9217
2026-08-25,153027,Motilal Oswal Nifty MidSmall Financial Services Index Fund - Direct Plan- Growth,15.0465
2026-08-25,153028,Motilal Oswal Nifty MidSmall IT and Telecom Index Fund-Regular Plan-Growth,9.8041
2026-08-25,153029,Motilal Oswal Nifty MidSmall IT and Telecom Index Fund - Direct Plan- Growth,9.8868
2026-08-25,153030,Aditya Birla Sun Life Crisil-IBX AAA Financial Services Index-Sep 2027 Fund-Direct Growth,11.3877
2026-08-25,153031,Aditya Birla Sun Life Crisil-IBX AAA Financial Services Index-Sep 2027 Fund-Direct IDCW Payout,11.3878
2026-08-25,153032,Aditya Birla Sun Life Crisil-IBX AAA Financial Services Index-Sep 2027 Fund-Regular IDCW Payout,11.3448
2026-08-25,153033,Aditya Birla Sun Life Crisil-IBX AAA Financial Services Index-Sep 2027 Fund-Regular Growth,11.3447
2026-08-25,153034,Groww Multicap Fund - Direct - Growth,12.6353
2026-08-25,153035,Shriram Liquid Fund - Direct Plan Growth Option,1118.0563
2026-08-25,153036,Shriram Liquid Fund - Regular Plan Growth Option,1115.2658
2026-08-25,153037,PGIM India Healthcare Fund - Direct Plan - IDCW Option,12.48
2026-08-25,153038,PGIM India Healthcare Fund - Regular Plan - IDCW Option,12.12
2026-08-25,153039,PGIM India Healthcare Fund - Direct Plan - Growth Option,12.48
2026-08-25,153040,PGIM India Healthcare Fund - Regular Plan - Growth Option,12.12
2026-08-25,153041,Franklin India Arbitrage Fund - Direct - IDCW,11.2846
2026-08-25,153042,Franklin India Arbitrage Fund - Growth,11.1422
2026-08-25,153043,Franklin India Arbitrage Fund - Direct - Growth,11.2846
2026-08-25,153044,Franklin India Arbitrage Fund - IDCW,11.1422
2026-08-25,153045,Mirae Asset Nifty 1D Rate Liquid ETF - Growth,1100.3597
2026-08-25,153046,Invesco India Multi Asset Allocation Fund - Regular Plan - Growth,12.75
2026-08-25,153047,Invesco India Multi Asset Allocation Fund - Direct Plan - Growth,13.03
2026-08-25,153048,Invesco India Multi Asset Allocation Fund - Regular Plan - IDCW,12.75
2026-08-25,153049,Invesco India Multi Asset Allocation Fund - Direct Plan - IDCW,13.02
2026-08-25,153050,Axis CRISIL-IBX AAA Bond Financial Services - Sep 2027 Index Fund - Regular Plan - Growth Option,11.3143
2026-08-25,153051,Axis CRISIL-IBX AAA Bond Financial Services - Sep 2027 Index Fund - Direct Plan - Growth Option,11.3335
2026-08-25,153052,Axis CRISIL-IBX AAA Bond Financial Services - Sep 2027 Index Fund - Direct Plan - IDCW Option,11.3335
2026-08-25,153053,Axis CRISIL-IBX AAA Bond Financial Services - Sep 2027 Index Fund - Regular Plan - IDCW Option,11.3140
2026-08-25,153054,Tata India Innovation Fund- Regular IDCW payout,10.3293
2026-08-25,153055,Tata India Innovation Fund- Direct Growth,10.6033
2026-08-25,153056,Tata India Innovation Fund- Direct IDCW Reinvestment,10.6033
2026-08-25,153057,Tata India Innovation Fund- Direct IDCW payout,10.6033
2026-08-25,153058,Tata India Innovation Fund- Regular IDCW Reinvestment,10.3293
2026-08-25,153059,Tata India Innovation Fund- Regular Growth,10.3293
2026-08-25,153060,Nippon India Nifty Realty Index Fund-Direct Plan- Growth Option,8.5143
2026-08-25,153061,Nippon India Nifty Realty Index Fund-Regular Plan- Growth Option,8.4331
2026-08-25,153062,Nippon India Nifty Realty Index Fund-Regular Plan- IDCW Option,8.4331
2026-08-25,153063,Nippon India Nifty Realty Index Fund-Direct Plan- IDCW Option,8.5143
2026-08-25,153064,Nippon India Nifty Auto Index Fund - Direct Plan- Growth Option,12.5489
2026-08-25,153065,Nippon India Nifty Auto Index Fund - Regular Plan- IDCW Option,12.4336
2026-08-25,153066,Nippon India Nifty Auto Index Fund - Regular Plan- Growth Option,12.4336
2026-08-25,153067,Nippon India Nifty Auto Index Fund - Direct Plan- IDCW Option,12.5489
2026-08-25,153068,ICICI Prudential Equity Minimum Variance Fund - IDCW,10.57
2026-08-25,153069,ICICI Prudential Equity Minimum Variance Fund - Growth,10.57
2026-08-25,153070,ICICI Prudential Equity Minimum Variance Fund - Direct Plan - Growth,10.80
2026-08-25,153071,ICICI Prudential Equity Minimum Variance Fund - Direct Plan - IDCW,10.79
2026-08-25,153072,BAJAJ FINSERV CONSUMPTION FUND - REGULAR - GROWTH,9.537
2026-08-25,153073,BAJAJ FINSERV CONSUMPTION FUND - REGULAR - IDCW,9.537
2026-08-25,153074,BAJAJ FINSERV CONSUMPTION FUND - DIRECT - IDCW,9.813
2026-08-25,153075,BAJAJ FINSERV CONSUMPTION FUND - DIRECT - GROWTH,9.813
2026-08-25,153076,Shriram Multi Sector Rotation Fund - Direct Plan Growth Option,8.4185
2026-08-25,153077,Shriram Multi Sector Rotation Fund - Regular Plan Growth Option,8.1764
2026-08-25,153078,Aditya Birla Sun Life BSE India Infrastructure Index Fund-Direct IDCW Payout,9.1436
2026-08-25,153079,Aditya Birla Sun Life BSE India Infrastructure Index Fund-Regular IDCW Payout,9.0525
2026-08-25,153080,Aditya Birla Sun Life BSE India Infrastructure Index Fund-Regular Growth,9.0521
2026-08-25,153081,Aditya Birla Sun Life BSE India Infrastructure Index Fund-Direct Growth,9.1436
2026-08-25,153082,Axis Momentum Fund - Regular Plan - IDCW Option,9.00
2026-08-25,153083,Axis Momentum Fund - Direct Plan - Growth Option,9.24
2026-08-25,153084,Axis Momentum Fund - Direct Plan - IDCW Option,9.24
2026-08-25,153085,Axis Momentum Fund - Regular Plan - Growth Option,9.00
2026-08-25,153086,UTI Nifty Alpha Low-Volatility 30 Index Fund - Direct Plan - Growth Option,9.968
2026-08-25,153087,UTI Nifty Alpha Low-Volatility 30 Index Fund - Regular Plan - Growth Option,9.8843
2026-08-25,153088,UTI Nifty Midcap 150 Index Fund - Regular Plan - Growth Option,11.1992
2026-08-25,153089,UTI Nifty Midcap 150 Index Fund - Direct Plan - Growth Option,11.2948
2026-08-25,153090,Samco Arbitrage Fund - Direct Plan - Growth,10.94
2026-08-25,153091,Samco Arbitrage Fund - Regular Plan - Growth,10.72
2026-08-25,153092,Samco Multi Asset Allocation Fund - Direct Plan - Growth,12.67
2026-08-25,153093,Samco Multi Asset Allocation Fund - Regular Plan - Growth,12.33
2026-08-25,153094,Quantum Ethical Fund - Direct Plan Growth Option,10.38
2026-08-25,153095,Quantum Ethical Fund - Regular Plan Growth Option,10.14
2026-08-25,153096,HDFC Nifty India Digital Index Fund - Growth Option - Regular,8.878
2026-08-25,153097,HDFC Nifty India Digital Index Fund - Growth Option - Direct,8.9514
2026-08-25,153098,Groww Multicap Fund - Direct - IDCW,12.6352
2026-08-25,153099,Groww Multicap Fund - Regular - IDCW,12.2561
2026-08-25,153100,Groww Multicap Fund - Regular - Growth,12.2477
2026-08-25,153101,Franklin India Long Duration Fund - IDCW,10.5512
2026-08-25,153102,Franklin India Long Duration Fund - Direct - Growth,10.9455
2026-08-25,153103,Franklin India Long Duration Fund - Direct - IDCW,10.5771
2026-08-25,153104,Franklin India Long Duration Fund - Growth,10.8553
2026-08-25,153105,Mirae Asset Long Term Fund - Direct Plan - Growth,10.5829
2026-08-25,153106,Mirae Asset Long Term Fund - Direct Plan - IDCW,10.5755
2026-08-25,153107,Mirae Asset Long Term Fund - Regular Plan - Growth,10.4895
2026-08-25,153108,Mirae Asset Long Term Fund - Regular Plan - IDCW,10.4895
2026-08-25,153109,Union Active Momentum Fund - Direct Plan - Growth Option,10.10
2026-08-25,153110,Union Active Momentum Fund - Direct Plan - IDCW Option,10.10
2026-08-25,153111,Union Active Momentum Fund - Regular Plan - Growth Option,9.87
2026-08-25,153112,Union Active Momentum Fund - Regular Plan - IDCW Option,9.87
2026-08-25,153113,Bandhan Nifty 200 Quality 30 Index Fund - Regular Plan - Growth,9.7179
2026-08-25,153114,Bandhan Nifty 200 Quality 30 Index Fund - Direct Plan - Growth,9.8277
2026-08-25,153115,Edelweiss CRISIL IBX AAA Financial Services - Jan 2028 Index Fund - Direct - Growth,11.355
2026-08-25,153116,Kotak Transportation & Logistics Fund-Regular-Growth,12.119
2026-08-25,153117,Kotak Transportation & Logistics Fund-Direct -IDCW-PAYOUT & REINVESTMENT,12.445
2026-08-25,153118,Kotak Transportation & Logistics Fund-Direct Growth,12.446
2026-08-25,153119,Kotak Transportation & Logistics Fund-Regular-IDCW Payout & Reinvestment,12.119
2026-08-25,153120,DSP Business Cycle Fund - Regular - IDCW,10.4710
2026-08-25,153121,DSP Business Cycle Fund - Direct - Growth,10.7420
2026-08-25,153122,DSP Business Cycle Fund - Regular - Growth,10.4710
2026-08-25,153123,DSP Business Cycle Fund - Direct - IDCW,10.7420
2026-08-25,153124,Aditya Birla Sun Life Conglomerate Fund-Direct Growth,11.41
2026-08-25,153125,Aditya Birla Sun Life Conglomerate Fund-Direct IDCW Payout,11.41
2026-08-25,153126,Aditya Birla Sun Life Conglomerate Fund-Regular IDCW Payout,11.15
2026-08-25,153127,Aditya Birla Sun Life Conglomerate Fund-Regular Growth,11.15
2026-08-25,153128,Edelweiss CRISIL IBX AAA Financial Services - Jan 2028 Index Fund - Direct - IDCW - Payout,10.853
2026-08-25,153129,Edelweiss CRISIL IBX AAA Financial Services - Jan 2028 Index Fund - Regular - IDCW - Payout,10.812
2026-08-25,153130,Edelweiss CRISIL IBX AAA Financial Services - Jan 2028 Index Fund - Regular - Growth,11.314
2026-08-25,153131,Tata BSE Select Business Groups Index Fund - Direct IDCW Payout,10.4771
2026-08-25,153132,Tata BSE Select Business Groups Index Fund - Direct Growth,10.4771
2026-08-25,153133,Tata BSE Select Business Groups Index Fund - Regular IDCW Payout,10.3376
2026-08-25,153134,Tata BSE Select Business Groups Index Fund - Regular Growth,10.3376
2026-08-25,153135,Tata BSE Select Business Groups Index Fund - Direct IDCW Reinvestment,10.4771
2026-08-25,153136,Tata BSE Select Business Groups Index Fund - Regular IDCW Reinvestment,10.3376
2026-08-25,153137,Motilal Oswal Nifty Capital Market Index Fund - Regular Plan - Growth,12.9624
2026-08-25,153138,Motilal Oswal Nifty Capital Market Index Fund - Direct Plan - Growth,13.1044
2026-08-25,153139,Bank of India Consumption Fund - Direct - Growth,11.68
2026-08-25,153140,Bank of India Consumption Fund - Regular - Growth,11.45
2026-08-25,153141,Bank of India Consumption Fund - Regular - IDCW,11.45
2026-08-25,153142,Bank of India Consumption Fund - Direct - IDCW,11.67
2026-08-25,153143,Kotak Nifty 100 Equal Weight index Fund - Direct Plan - IDCW Option,11.353
2026-08-25,153144,Kotak Nifty 100 Equal Weight Index Fund - Regular Plan - IDCW Option,11.259
2026-08-25,153145,Kotak Nifty 100 Equal Weight Index Fund - Regular Plan - Growth,11.259
2026-08-25,153146,Kotak Nifty 100 Equal Weight Index Fund - Direct Plan - Growth,11.354
2026-08-25,153147,Kotak Nifty 50 Equal Weight Index Fund - Direct Plan - IDCW Option,11.377
2026-08-25,153148,Kotak Nifty 50 Equal Weight Index Fund - Regular Plan - Growth,11.28
2026-08-25,153149,Kotak Nifty 50 Equal Weight Index Fund - Regular Plan - IDCW Option,11.28
2026-08-25,153150,Kotak Nifty 50 Equal Weight Index Fund - Direct Plan - Growth,11.376
2026-08-25,153151,SBI Quant Fund- Direct Plan- Income Distribution cum Capital Withdrawal Option (IDCW),10.0780
2026-08-25,153152,SBI Quant Fund- Regular Plan- Income Distribution Cum Capital Withdrawal Option (IDCW),9.8900
2026-08-25,153153,SBI Quant Fund- Regular Plan- Growth,9.8900
2026-08-25,153154,SBI Quant Fund- Direct Plan- Growth,10.0781
2026-08-25,153155,BAJAJ FINSERV HEALTHCARE FUND - REGULAR - GROWTH,11.747
2026-08-25,153156,BAJAJ FINSERV HEALTHCARE FUND - DIRECT - IDCW,12.081
2026-08-25,153157,BAJAJ FINSERV HEALTHCARE FUND - DIRECT - GROWTH,12.081
2026-08-25,153158,BAJAJ FINSERV HEALTHCARE FUND - REGULAR - IDCW,11.747
2026-08-25,153159,ICICI Prudential Nifty 500 Index Fund - Direct Plan - IDCW,10.6759
2026-08-25,153160,ICICI Prudential Nifty 500 Index Fund - IDCW,10.5742
2026-08-25,153161,ICICI Prudential Nifty 500 Index Fund - Direct Plan - Growth,10.6761
2026-08-25,153162,ICICI Prudential Nifty 500 Index Fund - Growth,10.5741
2026-08-25,153169,Baroda BNP Paribas Children's Fund - Regular Plan - IDCW Option,11.3804
2026-08-25,153170,Baroda BNP Paribas Children's Fund - Regular Plan - Growth Option,11.3804
2026-08-25,153171,Baroda BNP Paribas Children's Fund - Direct Plan - Growth Option,11.7302
2026-08-25,153172,Axis CRISIL-IBX AAA Bond NBFC-HFC - Jun 2027 Index Fund - Direct Plan - Growth option,11.2866
2026-08-25,153173,Axis CRISIL-IBX AAA Bond NBFC-HFC - Jun 2027 Index Fund - Direct Plan - IDCW option,11.2970
2026-08-25,153174,Axis CRISIL-IBX AAA Bond NBFC-HFC - Jun 2027 Index Fund - Regular Plan - Growth option,11.2613
2026-08-25,153175,Axis CRISIL-IBX AAA Bond NBFC-HFC - Jun 2027 Index Fund - Regular Plan - IDCW option,11.2614
2026-08-25,153176,Aditya Birla Sun Life Crisil-IBX Financial Services 3 to 6 months Debt Index Fund-Direct IDCW Payout,11.2639
2026-08-25,153177,Aditya Birla Sun Life Crisil-IBX Financial Services 3 to 6 Months Debt Index Fund-Regular Growth,11.2225
2026-08-25,153178,Aditya Birla Sun Life Crisil-IBX Financial Services 3 to 6 Months  Debt Index Fund-Regular IDCW Payout,11.2225
2026-08-25,153179,Aditya Birla Sun Life Crisil-IBX financial Services 3 to 6 months Debt Index Fund-Direct Growth,11.2639
2026-08-25,153180,Edelweiss BSE Capital Markets & Insurance  ETF - Growth,24.4068
2026-08-25,153181,ICICI Prudential Rural Opportunities Fund - Growth,11.16
2026-08-25,153182,ICICI Prudential Rural Opportunities Fund - Direct Plan - IDCW,11.37
2026-08-25,153183,ICICI Prudential Rural Opportunities Fund - IDCW,11.16
2026-08-25,153184,ICICI Prudential Rural Opportunities Fund - Direct Plan - Growth,11.37
2026-08-25,153185,Motilal Oswal Arbitrage Fund-Direct Plan-IDCW,11.0841
2026-08-25,153186,Motilal Oswal Arbitrage Fund-Regular Plan-IDCW,10.9103
2026-08-25,153187,Motilal Oswal Arbitrage Fund-Direct Plan-Growth,11.2486
2026-08-25,153188,Motilal Oswal Arbitrage Fund-Regular Plan-Growth,11.0740
2026-08-25,153189,WhiteOak Capital Quality Equity Fund Direct Plan Growth,10.818
2026-08-25,153190,WhiteOak Capital Quality Equity Fund Regular Plan Growth,10.532
2026-08-25,153191,Mirae Asset Nifty India New Age Consumption ETF,12.4247
2026-08-25,153192,Mirae Asset Nifty India New Age Consumption ETF Fund of Fund - Direct Plan - Growth,10.192
2026-08-25,153193,Mirae Asset Nifty India New Age Consumption ETF Fund of Fund - Direct Plan - IDCW,10.191
2026-08-25,153194,Mirae Asset Nifty India New Age Consumption ETF Fund of Fund - Regular Plan - Growth,10.126
2026-08-25,153195,Mirae Asset Nifty India New Age Consumption ETF Fund of Fund - Regular Plan - IDCW,10.127
2026-08-25,153196,Mirae Asset Small Cap Fund - Direct Plan - Growth,12.948
2026-08-25,153197,Mirae Asset Small Cap Fund - Direct Plan - IDCW,12.948
2026-08-25,153198,Mirae Asset Small Cap Fund - Regular Plan - Growth,12.633
2026-08-25,153199,Mirae Asset Small Cap Fund - Regular Plan - IDCW,12.635
2026-08-25,153200,BAJAJ FINSERV ELSS - TAX SAVER FUND - REGULAR - IDCW,11.699
2026-08-25,153201,BAJAJ FINSERV ELSS - TAX SAVER FUND - DIRECT - GROWTH,12.025
2026-08-25,153202,BAJAJ FINSERV ELSS - TAX SAVER FUND - REGULAR - GROWTH,11.699
2026-08-25,153203,BAJAJ FINSERV ELSS - TAX SAVER FUND - DIRECT - IDCW,12.025
2026-08-25,153204,UTI Quant Fund - Direct Plan - Growth Option,10.8454
2026-08-25,153205,UTI Quant Fund - Regular Plan - Growth Option,10.5631
2026-08-25,153206,Bajaj Finserv Gilt Fund - Direct - Growth,1076.9549
2026-08-25,153207,Bajaj Finserv Gilt Fund - Direct - IDCW,1076.9549
2026-08-25,153209,Bajaj Finserv Gilt Fund - Regular - IDCW,1062.8276
2026-08-25,153211,Bajaj Finserv Gilt Fund - Regular - Growth,1062.8276
2026-08-25,153212,Bandhan Nifty Alpha Low Volatility 30 Index Fund - Regular Plan - Growth,10.3360
2026-08-25,153213,Bandhan Nifty Alpha Low Volatility 30 Index Fund - Direct Plan - Growth,10.4599
2026-08-25,153214,Edelweiss Consumption Fund - Direct - Growth,11.6354
2026-08-25,153215,Edelweiss Consumption Fund - Regular - IDCW - Payout,11.3454
2026-08-25,153216,DSP BSE SENSEX Next 30 Index Fund - Regular - Growth,12.3691
2026-08-25,153217,DSP BSE SENSEX Next 30 Index Fund - Regular - IDCW,12.3691
2026-08-25,153218,DSP BSE SENSEX Next 30 Index Fund - Direct - IDCW,12.4926
2026-08-25,153219,DSP BSE SENSEX Next 30 Index Fund - Direct - Growth,12.4926
2026-08-25,153220,Kotak Nifty SmallCap 250 Index Fund - Direct - IDCW,11.93
2026-08-25,153221,Kotak Nifty SmallCap 250 Index Fund- Regular - Growth,11.84
2026-08-25,153222,Kotak Nifty SmallCap 250 Index Fund- Regular - IDCW,11.84
2026-08-25,153223,Kotak Nifty SmallCap 250 Index Fund- Direct - Growth,11.93
2026-08-25,153224,Baroda BNP Paribas Energy Opportunities Fund - Regular Plan - ICDW Option,11.6257
2026-08-25,153225,Baroda BNP Paribas Energy Opportunities Fund - Direct Plan - Growth Option,11.8846
2026-08-25,153226,Baroda BNP Paribas Energy Opportunities Fund - Regular Plan - Growth Option,11.6257
2026-08-25,153227,Baroda BNP Paribas Energy Opportunities Fund - Direct Plan - IDCW Option,11.8846
2026-08-25,153228,DSP BSE SENSEX Next 30 ETF,43.5892
2026-08-25,153229,Groww Nifty India Railways PSU ETF,28.5677
2026-08-25,153230,Groww Nifty India Railways PSU Index Fund - Direct Plan - Growth,7.7711
2026-08-25,153231,Groww Nifty India Railways PSU Index Fund - Direct Plan - IDCW,7.7708
2026-08-25,153232,Groww Nifty India Railways PSU Index Fund - Regular Plan - Growth,7.7059
2026-08-25,153233,Groww Nifty India Railways PSU Index Fund - Regular Plan - IDCW,7.7034
2026-08-25,153238,Samco Large Cap Fund - Regular Plan - Growth Option,9.02
2026-08-25,153239,Samco Large Cap Fund - Direct Plan - Growth Option,9.23
2026-08-25,153240,Union Short Term Fund - Regular Plan - Growth Option,10.9942
2026-08-25,153241,Union Short Term Fund - Regular Plan - IDCW Option,10.9942
2026-08-25,153242,Union Short Term Fund - Direct Plan - Growth Option,11.0611
2026-08-25,153243,Union Short Term Fund - Direct Plan - IDCW Option,11.0611
2026-08-25,153244,Axis Nifty500 Momentum 50 Index Fund - Direct Plan - Growth Option,11.4382
2026-08-25,153245,Axis Nifty500 Momentum 50 Index Fund - Regular Plan - Growth Option,11.2842
2026-08-25,153246,LIC MF Multi Asset Allocation Fund-Direct Plan-Growth,12.7616
2026-08-25,153247,LIC MF Multi Asset Allocation Fund-Direct Plan-IDCW,12.7616
2026-08-25,153248,LIC MF Multi Asset Allocation Fund-Regular Plan-Growth,12.4711
2026-08-25,153249,LIC MF Multi Asset Allocation Fund-Regular Plan-IDCW,12.4711
2026-08-25,153250,SBI Nifty Bank Index Fund-Direct Plan- Growth,11.5503
2026-08-25,153251,SBI Nifty Bank Index Fund- Regular Plan- Income Distribution Cum Capital Withdrawal Option,11.4659
2026-08-25,153252,SBI Nifty Bank Index Fund-Direct Plan- Income Distribution Cum Capital Withdrawal Option,11.5502
2026-08-25,153253,SBI Nifty Bank Index Fund-Regular Plan- Growth,11.4658
2026-08-25,153254,Edelweiss Consumption Fund - Direct - IDCW - Payout,11.6354
2026-08-25,153255,Edelweiss Consumption Fund - Regular - Growth,11.3454
2026-08-25,153256,Motilal Oswal Innovation Opportunities Fund- Regular Plan- Growth,14.6582
2026-08-25,153257,Motilal Oswal Innovation Opportunities Fund- Regular Plan- IDCW,14.6584
2026-08-25,153258,Motilal Oswal Innovation Opportunities Fund - Direct Plan- Growth,14.9743
2026-08-25,153259,Motilal Oswal Innovation Opportunities Fund - Direct Plan- IDCW,14.9733
2026-08-25,153260,ITI Bharat Consumption Fund - Direct Plan - Growth,12.2701
2026-08-25,153261,ITI Bharat Consumption Fund - Direct Plan - IDCW Option,11.6185
2026-08-25,153262,ITI Bharat Consumption Fund - Regular Plan - IDCW Option,11.3091
2026-08-25,153263,ITI Bharat Consumption Fund - Regular Plan Plan - Growth,11.9548
2026-08-25,153264,HDFC Nifty100 Quality 30 Index Fund - Direct Plan,11.0993
2026-08-25,153265,HDFC Nifty100 Quality 30 Index Fund - Regular Plan,11.0198
2026-08-25,153266,HSBC Financial Services Fund - Direct Growth,13.1183
2026-08-25,153267,HSBC Financial Services Fund - Regular Growth,12.8385
2026-08-25,153268,HSBC Financial Services Fund - Regular IDCW,12.8386
2026-08-25,153269,HSBC Financial Services Fund - Direct IDCW,13.118
2026-08-25,153270,UTI Nifty India Manufacturing Index Fund - Direct Plan - Growth Option,12.9108
2026-08-25,153271,UTI Nifty India Manufacturing Index Fund - Regular Plan - Growth Option,12.8208
2026-08-25,153272,UTI Nifty Midsmallcap 400 Momentum Quality 100 Index Fund - Direct Plan - Growth Option,11.9597
2026-08-25,153273,UTI Nifty Midsmallcap 400 Momentum Quality 100 Index Fund - Regular Plan - Growth Option,11.8691
2026-08-25,153274,Nippon India Active Momentum Fund-Direct Plan - Growth Option,13.4960
2026-08-25,153276,Nippon India Active Momentum Fund - Regular Plan- Growth Option,13.3016
2026-08-25,153277,Nippon India Active Momentum Fund- Direct Plan IDCW Option,13.4960
2026-08-25,153278,Nippon India Active Momentum Fund- Regular Plan- IDCW Option,13.3016
2026-08-25,153280,Shriram Unclaimed Redemption Liquid Fund,1103.0595
2026-08-25,153281,Shriram Unclaimed Redemption Stable Scheme Liquid Fund,1000
2026-08-25,153282,Shriram Unclaimed IDCW Liquid Fund,1090.8269
2026-08-25,153283,Shriram Unclaimed IDCW Stable Scheme Liquid Fund,1000
2026-08-25,153284,Kotak BSE Sensex Index Fund - Regular - Growth,10.355
2026-08-25,153285,Kotak BSE Sensex Index Fund - Regular - IDCW,10.355
2026-08-25,153286,Kotak BSE Sensex Index Fund- Direct - Growth,10.382
2026-08-25,153287,Kotak BSE Sensex Index Fund- Direct - IDCW,10.382
2026-08-25,153288,Invesco India Business Cycle Fund - Regular Plan - Growth,14.42
2026-08-25,153289,Invesco India Business Cycle Fund - Regular Plan - IDCW,14.42
2026-08-25,153290,Invesco India Business Cycle Fund - Direct Plan - IDCW,14.77
2026-08-25,153291,Invesco India Business Cycle Fund - Direct Plan - Growth,14.76
2026-08-25,153292,Bank of India Money Market Fund - Direct - Weekly IDCW,10.0335
2026-08-25,153293,Bank of India Money Market Fund - Regular - Growth,11.0645
2026-08-25,153294,Bank of India Money Market Fund - Direct - Growth,11.1466
2026-08-25,153295,Bank of India Money Market Fund - Direct - Monthly IDCW,10.1060
2026-08-25,153296,Bank of India Money Market Fund - Direct - Daily IDCW,10.0500
2026-08-25,153298,Bank of India Money Market Fund - Regular - Daily IDCW,10.0500
2026-08-25,153299,Bank of India Money Market Fund - Regular - Monthly IDCW,10.1032
2026-08-25,153301,Bank of India Money Market Fund - Regular - Weekly IDCW,10.0552
2026-08-25,153302,Mahindra Manulife Value Fund - Regular Plan - IDCW,12.8182
2026-08-25,153303,Mahindra Manulife Value Fund - Direct Plan - Growth,13.1575
2026-08-25,153304,Mahindra Manulife Value Fund - Regular Plan - Growth,12.8180
2026-08-25,153305,Mahindra Manulife Value Fund - Direct Plan - IDCW,13.1575
2026-08-25,153306,BAJAJ FINSERV MULTI CAP FUND - DIRECT - IDCW,12.683
2026-08-25,153307,BAJAJ FINSERV MULTI CAP FUND - REGULAR - GROWTH,12.397
2026-08-25,153308,BAJAJ FINSERV MULTI CAP FUND - REGULAR - IDCW,12.397
2026-08-25,153309,BAJAJ FINSERV MULTI CAP FUND - DIRECT - GROWTH,12.683
2026-08-25,153310,Kotak CRISIL - IBX AAA Bond Financial Services Index Dec 2026 Fund - Regular - IDCW,11.1299
2026-08-25,153311,Kotak CRISIL - IBX AAA Bond Financial Services Index Dec 2026 Fund - Regular - Growth,11.1299
2026-08-25,153312,Kotak CRISIL - IBX AAA Bond Financial Services Index Dec 2026 Fund - Direct - IDCW,11.1634
2026-08-25,153313,Kotak CRISIL - IBX AAA Bond Financial Services Index Dec 2026 Fund - Direct - Growth,11.1636
2026-08-25,153314,Kotak MSCI India ETF,30.282
2026-08-25,153315,Kotak Nifty 100 Equal Weight ETF,35.732
2026-08-25,153320,SBI Nifty IT Index Fund - Direct Plan - Growth,7.7951
2026-08-25,153321,SBI Nifty IT Index Fund - Direct Plan - Income Distribution Cum Withdrawal Option (IDCW),7.7952
2026-08-25,153322,SBI Nifty IT Index Fund - Regular Plan - Income Distribution Cum Capital Withdrawal Option (IDCW),7.7400
2026-08-25,153323,SBI Nifty IT Index Fund - Regular Plan - Growth,7.7400
2026-08-25,153324,Helios Mid Cap Fund - Direct Plan - IDCW Option,14.39
2026-08-25,153325,Helios Mid Cap Fund - Regular Plan - IDCW Option,14.07
2026-08-25,153326,Helios Mid Cap Fund - Direct Plan - Growth Option,14.38
2026-08-25,153327,Helios Mid Cap Fund - Regular Plan - Growth Plan,14.07
2026-08-25,153328,Groww Nifty 200 ETF FOF - Direct - Growth,11.7887
2026-08-25,153329,Groww Nifty 200 ETF,11.5125
2026-08-25,153330,ANGEL ONE NIFTY TOTAL MARKET INDEX FUND DIRECT PLAN GROWTH OPTION,12.0604
2026-08-25,153331,ANGEL ONE NIFTY TOTAL MARKET INDEX FUND REGULAR PLAN GROWTH OPTION,11.9272
2026-08-25,153332,ANGEL ONE NIFTY TOTAL MARKET ETF,12.073
2026-08-25,153333,Edelweiss CRISIL IBX AAA Bond NBFC HFC Jun 2027 Index Fund - Direct Plan - IDCW Option,10.4913
2026-08-25,153334,Edelweiss CRISIL IBX AAA Bond NBFC HFC Jun 2027 Index Fund - Regular Plan - Growth Option,11.1617
2026-08-25,153335,Edelweiss CRISIL IBX AAA Bond NBFC HFC Jun 2027 Index Fund - Direct Plan - Growth Option,11.1949
2026-08-25,153336,Edelweiss CRISIL IBX AAA Bond NBFC HFC Jun 2027 Index Fund - Regular Plan - IDCW Option,10.4582
2026-08-25,153337,Union Gold ETF,156.8062
2026-08-25,153338,Union Gold ETF Fund of Fund - Regular Plan - Growth Option,18.2008
2026-08-25,153339,Union Gold ETF Fund of Fund - Direct Plan - IDCW Option,18.2743
2026-08-25,153340,Union Gold ETF Fund of Fund - Direct Plan - Growth Option,18.2743
2026-08-25,153341,Union Gold ETF Fund of Fund - Regular Plan - IDCW Option,18.2008
2026-08-25,153342,Groww Nifty 200 ETF FOF - Regular - Growth,11.6952
2026-08-25,153343,Groww Nifty 200 ETF FOF - Direct - IDCW,11.7886
2026-08-25,153344,Groww Nifty 200 ETF FOF - Regular - IDCW,11.6953
2026-08-25,153345,DSP Nifty Private Bank Index Fund - Direct - IDCW,10.7380
2026-08-25,153346,DSP Nifty Private Bank Index Fund - Regular - IDCW,10.6214
2026-08-25,153347,DSP Nifty Private Bank Index Fund - Regular - Growth,11.1940
2026-08-25,153348,DSP Nifty Private Bank Index Fund - Direct - Growth,11.3129
2026-08-25,153349,Bandhan Nifty Next 50 Index Fund - Regular Plan - Growth,13.0092
2026-08-25,153350,Bandhan Nifty Next 50 Index Fund - Direct Plan - Growth,13.1614
2026-08-25,153351,KOTAK NIFTY COMMODITIES INDEX FUND-REGULAR GROWTH,12.312
2026-08-25,153352,KOTAK NIFTY COMMODITIES INDEX FUND-REGULAR-IDCW-PAYOUT & REINVESTMENT,12.311
2026-08-25,153353,Kotak Nifty Commodities Index Fund-Direct Growth,12.36
2026-08-25,153354,KOTAK NIFTY COMMODITIES INDEX FUND-DIRECT-IDCW-PAYOUT & REINVESTMENT,12.36
2026-08-25,153355,WhiteOak Capital Equity Savings Fund Direct Plan Growth,11.847
2026-08-25,153356,WhiteOak Capital Equity Savings Fund Regular Plan Growth,11.595
2026-08-25,153357,360 ONE Gold ETF,156.4482
2026-08-25,153362,Navi Nifty Smallcap 250 Momentum quality index fund- Direct Plan,12.2741
2026-08-25,153363,Navi Nifty Smallcap 250 Momentum quality index fund- Regular Plan,12.1533
2026-08-25,153364,Motilal Oswal Active Momentum Fund- Direct-Growth,14.2336
2026-08-25,153365,Motilal Oswal Active Momentum Fund- Regular- Growth,14.2127
2026-08-25,153366,Motilal Oswal Active Momentum Fund - Regular- IDCW,14.2132
2026-08-25,153367,Motilal Oswal Active Momentum Fund- Direct-IDCW,14.2333
2026-08-25,153368,Franklin India Low Duration Fund-Direct-Growth,11.1100
2026-08-25,153369,Franklin India Low Duration Fund-Direct-IDCW,10.6553
2026-08-25,153370,Franklin India Low Duration Fund-IDCW,10.5911
2026-08-25,153371,Franklin India Low Duration Fund-Growth,11.0246
2026-08-25,153372,Kotak CRISIL-IBX Financial Services 3-6 Months Debt Index Fund-Direct-Growth,11.0616
2026-08-25,153373,Kotak CRISIL-IBX Financial Services 3-6 Months Debt Index Fund-Direct-IDCW,11.0606
2026-08-25,153374,Kotak CRISIL-IBX Financial Services 3-6 Months Debt Index Fund-Regular-IDCW,11.0241
2026-08-25,153375,Kotak CRISIL-IBX Financial Services 3-6 Months Debt Index Fund-Regular-Growth,11.0242
2026-08-25,153376,Unifi Dynamic Asset Allocation Fund - Direct Growth,11.2496
2026-08-25,153377,Unifi Dynamic Asset Allocation Fund - Regular Growth,11.1532
2026-08-25,153378,ICICI Prudential BSE Liquid Rate ETF - Growth,1076.7205
2026-08-25,153379,Mirae Asset BSE 200 Equal Weight ETF,14.0428
2026-08-25,153380,Mirae Asset BSE 200 Equal Weight ETF Fund of Fund - Direct Plan - Growth,11.995
2026-08-25,153381,Mirae Asset BSE 200 Equal Weight ETF Fund of Fund - Direct Plan - IDCW,11.993
2026-08-25,153382,Mirae Asset BSE 200 Equal Weight ETF Fund of Fund - Regular Plan - Growth,11.908
2026-08-25,153383,Mirae Asset BSE 200 Equal Weight ETF Fund of Fund - Regular Plan - IDCW,11.905
2026-08-25,153384,Mirae Asset BSE Select IPO ETF,49.0718
2026-08-25,153385,Mirae Asset BSE Select IPO ETF Fund of Fund - Direct Plan - Growth,12.074
2026-08-25,153386,Mirae Asset BSE Select IPO ETF Fund of Fund - Direct Plan - IDCW,12.072
2026-08-25,153387,Mirae Asset BSE Select IPO ETF Fund of Fund - Regular Plan - Growth,12.002
2026-08-25,153388,Mirae Asset BSE Select IPO ETF Fund of Fund - Regular Plan - IDCW,11.983
2026-08-25,153389,Bandhan CRISIL-IBX 10:90 Gilt Plus SDL Index - Dec 2029 Fund-Direct Plan-Growth,11.0372
2026-08-25,153390,Bandhan CRISIL-IBX 10:90 Gilt Plus SDL Index - Dec 2029 Fund-Direct Plan-IDCW,10.4665
2026-08-25,153391,Bandhan CRISIL-IBX 10:90 Gilt Plus SDL Index - Dec 2029 Fund-Regular Plan-Growth,10.9940
2026-08-25,153392,Bandhan CRISIL-IBX 10:90 Gilt Plus SDL Index - Dec 2029 Fund-Regular Plan-IDCW,10.3319
2026-08-25,153393,ICICI Prudential Nifty EV & New Age Automotive ETF FOF - IDCW,12.5655
2026-08-25,153394,ICICI Prudential Nifty EV & New Age Automotive ETF FOF - Direct Plan - Growth,12.6244
2026-08-25,153395,ICICI Prudential Nifty EV & New Age Automotive ETF FOF - Direct Plan - IDCW,12.6245
2026-08-25,153396,ICICI Prudential Nifty EV & New Age Automotive ETF FOF - Growth,12.5655
2026-08-25,153397,ICICI Prudential Nifty EV & New Age Automotive ETF,33.5385
2026-08-25,153398,Kotak Nifty Midcap 150 ETF,23.924
2026-08-25,153399,KOTAK NIFTY MIDCAP 150 INDEX FUND-REGULAR PLAN-GROWTH,12.02
2026-08-25,153400,KOTAK NIFTY MIDCAP 150 INDEX FUND-REGULAR PLAN-IDCW PAYOUT AND REINVESTMENT,12.02
2026-08-25,153401,KOTAK NIFTY MIDCAP 150 INDEX FUND-DIRECT PLAN-GROWTH,12.104
2026-08-25,153402,KOTAK NIFTY MIDCAP 150 INDEX FUND-DIRECT PLAN-IDCW-PAYOUT AND REINVESTMENT,12.103
2026-08-25,153403,HDFC NIFTY 1D RATE LIQUID ETF GROWTH,1075.1454
2026-08-25,153404,HDFC Nifty Top 20 Equal Weight Index Fund - Regular Growth,10.2488
2026-08-25,153405,HDFC Nifty Top 20 Equal Weight Index Fund - Direct,10.3263
2026-08-25,153406,Motilal Oswal Nifty Capital Market ETF,55.3550
2026-08-25,153407,Bandhan CRISIL-IBX Financial Services 3-6 Months Debt Index Fund - Direct Plan - Growth,11.0650
2026-08-25,153408,Bandhan CRISIL-IBX Financial Services 3-6 Months Debt Index Fund - Regular Plan - Growth,10.9560
2026-08-25,153409,ICICI Prudential CRISIL-IBX Financial Services 3-6 Months Debt Index Fund - Growth,11.0309
2026-08-25,153410,ICICI Prudential CRISIL-IBX Financial Services 3-6 Months Debt Index Fund - Direct Plan - Annual IDCW,11.0533
2026-08-25,153411,ICICI Prudential CRISIL-IBX Financial Services 3-6 Months Debt Index Fund - Direct Plan - Growth,11.0533
2026-08-25,153412,ICICI Prudential CRISIL-IBX Financial Services 3-6 Months Debt Index Fund - Annual IDCW,11.0309
2026-08-25,153413,Zerodha Silver ETF,24.3117
2026-08-25,153414,Axis Nifty500 Value 50 ETF,32.9964
2026-08-25,153415,360 ONE Silver ETF,235.6940
2026-08-25,153416,Edelweiss Ultra Short to Short Term Fund - Direct Plan Growth,1101.7961
2026-08-25,153417,Edelweiss Ultra Short to Short Term Fund - Regular Plan IDCW Payout,1024.5082
2026-08-25,153418,Edelweiss Ultra Short to Short Term Fund - Direct Plan IDCW Payout,1036.4992
2026-08-25,153419,Edelweiss Ultra Short to Short Term Fund - Regular Plan Growth,1089.7414
2026-08-25,153420,Tata BSE Quality Index Fund Direct plan Growth Option,11.6299
2026-08-25,153421,Tata BSE Quality Index Fund Direct plan IDCW Payout Option,11.6299
2026-08-25,153422,Tata BSE Quality Index Fund Direct plan IDCW Reinvestment Option,11.6299
2026-08-25,153423,Tata BSE Quality Index Fund Regular plan IDCW Reinvestment Option,11.5081
2026-08-25,153424,Tata BSE Quality Index Fund Regular plan IDCW Payout Option,11.5081
2026-08-25,153425,Tata BSE Quality Index Fund Regular plan Growth Option,11.5081
2026-08-25,153426,quant Arbitrage Fund - Growth Option - Direct Plan,11.0555
2026-08-25,153427,quant Arbitrage Fund - IDCW Option - Direct Plan,11.0442
2026-08-25,153428,quant Arbitrage Fund - Growth Option - Regular Plan,10.9637
2026-08-25,153429,quant Arbitrage Fund - IDCW Option - Regular Plan,10.964
2026-08-25,153431,SBI BSE PSU BANK INDEX FUND- Regular Plan- Income Distribution Cum Capital Withdrawal Option (IDCW),13.7382
2026-08-25,153432,SBI BSE PSU BANK INDEX FUND- Direct Plan- Growth,13.8293
2026-08-25,153433,SBI BSE PSU BANK INDEX FUND- Direct Plan- Income Distribution Cum Capital Withdrawal Option (IDCW),13.8291
2026-08-25,153434,SBI BSE PSU BANK INDEX FUND- Regular Plan- Growth,13.7363
2026-08-25,153435,SBI BSE PSU BANK ETF,49.8840
2026-08-25,153436,Zerodha Overnight Fund - Direct Plan - Growth Option,10.7554
2026-08-25,153437,Bajaj Finserv Overnight Fund - Direct - Unclaimed less than 3 years IDCW Plan,1072.1552
2026-08-25,153438,Bajaj Finserv Overnight Fund - Direct - Unclaimed less than 3 years Redemption Plan,1078.1636
2026-08-25,153441,UTI Income Plus Arbitrage Active Fund of Fund - Regular Plan - Growth Option,10.8224
2026-08-25,153442,UTI Income Plus Arbitrage Active Fund of Fund - Direct Plan - Growth Option,10.8752
2026-08-25,153443,Aditya Birla Sun Life Crisil-IBX Financial Services 9-12 Months Debt Index Fund-Direct Growth,11.03
2026-08-25,153444,Aditya Birla Sun Life Crisil-IBX Financial Services 9-12 Months Debt Index Fund-Direct IDCW Payout,11.0309
2026-08-25,153445,Aditya Birla Sun Life Crisil-IBX Financial Services 9-12 Months Debt Index Fund-Regular Growth,10.9989
2026-08-25,153447,Kotak Energy Opportunities Fund-Direct-Growth,10.903
2026-08-25,153448,Kotak Energy Opportunities Fund-Direct-IDCW-Payout & Reinvestment,10.901
2026-08-25,153449,Kotak Energy Opportunities Fund-Regular-Growth,10.684
2026-08-25,153450,Kotak Energy Opportunities Fund-Regular-IDCW-Payout & Reinvestment,10.684
2026-08-25,153451,ANGEL ONE NIFTY 1D RATE LIQUID ETF - GROWTH,1074.0487
2026-08-25,153452,Groww Nifty 500 Momentum 50 ETF,11.0886
2026-08-25,153453,Groww Nifty 500 Momentum 50 ETF FOF - Direct Plan - Growth,10.9355
2026-08-25,153454,Groww Nifty 500 Momentum 50 ETF FOF - Direct Plan - IDCW,10.9475
2026-08-25,153455,Groww Nifty 500 Momentum 50 ETF FOF - Regular Plan - IDCW,10.8706
2026-08-25,153456,Groww Nifty 500 Momentum 50 ETF FOF - Regular Plan- Growth,10.8707
2026-08-25,153457,ICICI Prudential Quality Fund - IDCW,10.78
2026-08-25,153458,ICICI Prudential Quality Fund - Direct Plan - Growth,10.95
2026-08-25,153459,ICICI Prudential Quality Fund - Growth,10.78
2026-08-25,153460,ICICI Prudential Quality Fund - Direct Plan - IDCW,10.95
2026-08-25,153461,Kotak Nifty Top 10 Equal Weight Index Fund-Direct Plan-Growth,9.176
2026-08-25,153462,Kotak Nifty Top 10 Equal Weight Index Fund-Direct Plan-IDCW-Payout and Reinvestment,9.175
2026-08-25,153463,Kotak Nifty Top 10 Equal Weight Index Fund-Regular Plan-Growth,9.091
2026-08-25,153464,Kotak Nifty Top 10 Equal Weight Index Fund-Regular Plan-IDCW Payout and Reinvestment,9.091
2026-08-25,153465,Canara Robeco Multi Asset Allocation Fund - Direct Plan - Growth,11.7700
2026-08-25,153466,Canara Robeco Multi Asset Allocation Fund - Regular Plan - Growth,11.5500
2026-08-25,153467,Canara Robeco Multi Asset Allocation Fund - Regular Plan - IDCW,11.5500
2026-08-25,153468,Canara Robeco Multi Asset Allocation Fund - Direct Plan - IDCW,11.7700
2026-08-25,153469,Nippon India Nifty 500 Quality 50 Index Fund - Regular Plan - IDCW Option,11.0310
2026-08-25,153470,Nippon India Nifty 500 Quality 50 Index Fund - Direct Plan - Growth Option,11.1118
2026-08-25,153471,Nippon India Nifty 500 Quality 50 Index Fund - Direct Plan - IDCW Option,11.1118
2026-08-25,153472,Nippon India Nifty 500 Quality 50 Index Fund - Regular Plan - Growth Option,11.0310
2026-08-25,153473,Nippon India Nifty 500 Low Volatility 50 Index Fund - Direct Plan - IDCW Plan,10.8620
2026-08-25,153474,Nippon India Nifty 500 Low Volatility 50 Index Fund - Direct Plan - Growth Option,10.8620
2026-08-25,153475,Nippon India Nifty 500 Low Volatility 50 Index Fund - Regular Plan - Growth Option,10.7805
2026-08-25,153476,Nippon India Nifty 500 Low Volatility 50 Index Fund - Regular Pan - IDCW Option,10.7805
2026-08-25,153477,Groww Gilt Fund - Direct - Growth,10.0576
2026-08-25,153478,Bajaj Finserv Nifty Next 50 Index Fund - Direct - IDCW,11.8772
2026-08-25,153479,Bajaj Finserv Nifty Next 50 Index Fund - Direct - Growth,11.8772
2026-08-25,153480,Bajaj Finserv Nifty Next 50 Index Fund - Regular - Growth,11.7752
2026-08-25,153481,Bajaj Finserv Nifty Next 50 Index Fund - Regular - IDCW,11.7752
2026-08-25,153482,Motilal Oswal Infrastructure Fund-Regular-Growth,12.6496
2026-08-25,153483,Motilal Oswal Infrastructure Fund-Direct-IDCW,12.3421
2026-08-25,153484,Motilal Oswal Infrastructure Fund-Direct-Growth,12.7856
2026-08-25,153485,Motilal Oswal Infrastructure Fund-Regular-IDCW,12.2089
2026-08-25,153486,DSP Silver ETF Fund of Fund - Regular - Growth,24.7653
2026-08-25,153487,DSP Silver ETF Fund of Fund - Direct - Growth,24.9036
2026-08-25,153488,DSP Silver ETF Fund of Fund - Regular - IDCW,24.7653
2026-08-25,153489,DSP Silver ETF Fund of Fund - Direct - IDCW,24.9036
2026-08-25,153494,Edelweiss BSE Internet Economy Index Fund - Direct Plan - IDCW,11.9892
2026-08-25,153495,Edelweiss BSE Internet Economy Index Fund - Regular Plan - Growth,11.888
2026-08-25,153496,Edelweiss BSE Internet Economy Index Fund - Regular Plan - IDCW,11.888
2026-08-25,153497,Edelweiss BSE Internet Economy Index Fund - Direct Plan - Growth,11.9892
2026-08-25,153498,SBI Income Plus Arbitrage Active FOF- Direct Plan- Growth,10.7478
2026-08-25,153499,SBI Income Plus Arbitrage Active FOF- Regular Plan- Income Distribution Cum Capital Withdrawal Option,10.7256
2026-08-25,153500,SBI Income Plus Arbitrage Active FOF- Regular Plan- Growth,10.7255
2026-08-25,153501,SBI Income Plus Arbitrage Active FOF- Direct Plan- Income Distribution Cum Capital Withdrawal Option,10.7477
2026-08-25,153502,Groww Gilt Fund - Direct - IDCW,10.0555
2026-08-25,153503,Groww Gilt Fund - Regular - Growth,9.9227
2026-08-25,153504,Groww Gilt Fund - Regular - IDCW,9.9229
2026-08-25,153505,Bajaj Finserv Nifty 50 Index Fund - Direct - IDCW,9.9448
2026-08-25,153506,Bajaj Finserv Nifty 50 Index Fund - Direct - Growth,9.9448
2026-08-25,153507,Bajaj Finserv Nifty 50 Index Fund - Regular - IDCW,9.8577
2026-08-25,153508,Bajaj Finserv Nifty 50 Index Fund - Regular - Growth,9.8577
2026-08-25,153509,Tata Income Plus Arbitrage Active FOF - Direct Plan IDCW Reinvestment Option,10.6991
2026-08-25,153510,Tata Income Plus Arbitrage Active FOF - Regular Plan IDCW Payout Option,10.6278
2026-08-25,153511,Tata Income Plus Arbitrage Active FOF - Regular Plan Growth Option,10.6278
2026-08-25,153512,Tata Income Plus Arbitrage Active FOF - Direct Plan IDCW Payout Option,10.6991
2026-08-25,153513,Tata Income Plus Arbitrage Active FOF - Direct Plan Growth Option,10.6991
2026-08-25,153514,Tata Income Plus Arbitrage Active FOF - Regular Plan IDCW Reinvestment Option,10.6278
2026-08-25,153515,UTI Multi Cap Fund - Direct Plan - Growth Option,10.9859
2026-08-25,153516,UTI Multi Cap Fund - Regular Plan - Growth Option,10.7761
2026-08-25,153517,HDFC CRISIL-IBX Financial Services 3-6 Months Debt Index Fund - Direct Growth Plan,10.943
2026-08-25,153518,HDFC CRISIL-IBX Financial Services 3-6 Months Debt Index Fund - Regular Growth Plan,10.9175
2026-08-25,153519,Mirae Asset Nifty 50 Equal Weight ETF,336.1621
2026-08-25,153520,TRUSTMF OVERNIGHT FUND - UNCLAIMED REDEMPTION PLAN GROWTH,1003.5063
2026-08-25,153524,Groww Silver ETF,23.479
2026-08-25,153525,Groww Silver ETF FOF - Direct - Growth,23.2468
2026-08-25,153526,Groww Silver ETF FOF - Direct - IDCW,23.2516
2026-08-25,153527,Groww Silver ETF FOF - Regular - Growth,23.1293
2026-08-25,153528,Groww Silver ETF FOF - Regular - IDCW,23.1292
2026-08-25,153529,ANGEL ONE NIFTY 50 INDEX FUND-DIRECT-GROWTH,10.0282
2026-08-25,153530,ANGEL ONE NIFTY 50 INDEX FUND-REGULAR-GROWTH,9.9656
2026-08-25,153531,ANGEL ONE NIFTY 50 ETF,10.0574
2026-08-25,153532,MOTILAL OSWAL NIFTY 50 EQUAL WEIGHT ETF,33.7132
2026-08-25,153533,Samco Large & Mid Cap Fund - Regular Plan - Growth Option,8.93
2026-08-25,153534,Samco Large & Mid Cap Fund - Direct Plan - Growth Option,9.10
2026-08-25,153535,MOTILAL OSWAL NIFTY NEXT 50 ETF,74.4564
2026-08-25,153536,Baroda BNP Paribas Income Plus Arbitrage Active FOF Direct Growth,10.7506
2026-08-25,153538,Baroda BNP Paribas Income Plus Arbitrage Active FOF Regular IDCW Payout,10.7249
2026-08-25,153540,Baroda BNP Paribas Income Plus Arbitrage Active FOF Direct IDCW Payout,10.7506
2026-08-25,153541,Baroda BNP Paribas Income Plus Arbitrage Active FOF Regular Growth,10.7249
2026-08-25,153542,Unifi Flexi Cap Fund - Regular Growth,10.6541
2026-08-25,153543,Unifi Flexi Cap Fund - Direct Growth,10.8242
2026-08-25,153544,ICICI Prudential Nifty200 Quality 30 Index Fund - Growth,9.9995
2026-08-25,153545,ICICI Prudential Nifty200 Quality 30 Index Fund - IDCW,9.9992
2026-08-25,153546,ICICI Prudential Nifty200 Quality 30 Index Fund - Direct Plan - Growth,10.0566
2026-08-25,153547,ICICI Prudential Nifty200 Quality 30 Index Fund - Direct Plan - IDCW,10.0562
2026-08-25,153548,Baroda BNP Paribas Multi Asset Active FOF Regular Growth,11.5433
2026-08-25,153549,Baroda BNP Paribas Multi Asset Active FOF Regular ICDW Payout,11.5433
2026-08-25,153550,Baroda BNP Paribas Multi Asset Active FOF Direct IDCW Payout,11.6686
2026-08-25,153552,Baroda BNP Paribas Multi Asset Active FOF Direct Growth,11.6686
2026-08-25,153554,SBI Nifty200 Quality 30 Index Fund-Regular Plan- Growth,10.1681
2026-08-25,153555,SBI Nifty200 Quality 30 Index Fund-Direct Plan- Growth,10.2159
2026-08-25,153556,SBI Nifty200 Quality 30 Index Fund- Regular Plan- Income Cum Distribution Withdrawal Option,10.1681
2026-08-25,153557,SBI Nifty200 Quality 30 Index Fund- Direct Plan- Income Distribution Cum Capital Withdrawal Option,10.2160
2026-08-25,153558,Motilal Oswal Services Fund - Direct Plan - Growth,11.9471
2026-08-25,153561,Motilal Oswal Services Fund - Regular Plan - Growth,11.8226
2026-08-25,153562,Motilal Oswal Services Fund - Regular Plan - IDCW,11.8226
2026-08-25,153563,Motilal Oswal Services Fund - Direct Plan - IDCW,11.9471
2026-08-25,153564,Motilal Oswal BSE India Infrastructure ETF,59.3559
2026-08-25,153565,Nippon India BSE Sensex Next 30 Index -Direct Plan - IDCW Payout,11.2289
2026-08-25,153566,Nippon India BSE Sensex Next 30 Index Fund - Regular Plan-Growth Option,11.1854
2026-08-25,153567,Nippon India BSE Sensex Next 30 Index Fund- Direct Plan- Growth Option,11.2289
2026-08-25,153568,Nippon India BSE Sensex Next 30 Index Fund -Regular Plan- IDCW Payout,11.1854
2026-08-25,153569,Nippon India BSE Sensex Next 30 ETF,43.4658
2026-08-25,153570,Unifi Liquid Fund- Direct Growth,1072.7882
2026-08-25,153571,Unifi Liquid Fund- Regular Growth,1071.9489
2026-08-25,153572,Motilal Oswal Nifty India Manufacturing ETF,165.5333
2026-08-25,153573,Union Income Plus Arbitrage Active FOF - Regular Plan - Growth Option,10.4577
2026-08-25,153574,Union Income Plus Arbitrage Active FOF - Regular Plan - IDCW Option,10.4577
2026-08-25,153575,Union Income Plus Arbitrage Active FOF - Direct Plan - Growth Option,10.5138
2026-08-25,153576,Union Income Plus Arbitrage Active FOF - Direct Plan - IDCW Option,10.5138
2026-08-25,153577,Tata Nifty Midcap 150 Index Fund - Direct Plan - IDCW Reinvestment Option,11.2038
2026-08-25,153578,Tata Nifty Midcap 150 Index Fund - Regular Plan - IDCW Reinvestment Option,11.0776
2026-08-25,153579,Tata Nifty Midcap 150 Index Fund - Direct Plan - IDCW Payout Option,11.2038
2026-08-25,153580,Tata Nifty Midcap 150 Index Fund - Regular Plan - Growth Option,11.0776
2026-08-25,153581,Tata Nifty Midcap 150 Index Fund - Direct Plan - Growth Option,11.2038
2026-08-25,153582,Tata Nifty Midcap 150 Index Fund - Regular Plan - IDCW Payout Option,11.0776
2026-08-25,153583,Groww Nifty 500 Low Volatility 50 ETF,10.4936
2026-08-25,153585,Kotak Liquid Fund - Direct Plan - Weekly - Reinvestment & Payout of Income Distribution cum capital withdrawal option,1010.1093
2026-08-25,153586,Kotak Liquid Fund - Regular Plan - Weekly - Reinvestment & Payout of Income Distribution cum capital withdrawal option,1044.2008
2026-08-25,153588,DSP Nifty IT Index Fund - Regular - Growth,8.0067
2026-08-25,153589,DSP Nifty IT Index Fund - Regular - IDCW,8.0067
2026-08-25,153590,DSP Nifty IT Index Fund - Direct - Growth,8.0748
2026-08-25,153591,DSP Nifty IT Index Fund - Direct - IDCW,8.0748
2026-08-25,153592,DSP Nifty Healthcare Index Fund - Regular - Growth,11.7227
2026-08-25,153593,DSP Nifty Healthcare Index Fund - Direct - IDCW,11.8167
2026-08-25,153594,DSP Nifty Healthcare Index Fund - Direct- Growth,11.8167
2026-08-25,153595,DSP Nifty Healthcare Index Fund - Regular - IDCW,11.7227
2026-08-25,153596,Motilal Oswal BSE 1000 Index Fund - Direct Plan - Growth,10.2435
2026-08-25,153597,Motilal Oswal BSE 1000 Index Fund - Regular Plan - Growth,10.1588
2026-08-25,153598,Nippon India Income Plus Arbitrage Active Fund of Fund - Direct Plan-IDCW Payout,10.6987
2026-08-25,153599,Nippon India Income Plus Arbitrage Active Fund of Fund - Regular Plan- IDCW Payout,10.6690
2026-08-25,153600,Nippon India Income Plus Arbitrage Active Fund of Fund- Direct Plan- Growth Option,10.6987
2026-08-25,153601,Nippon India Income Plus Arbitrage Active Fund of Fund -Regular Plan- Growth Option,10.6690
2026-08-25,153602,Baroda BNP Paribas Health and Wellness Fund Regular Growth,10.7535
2026-08-25,153604,Baroda BNP Paribas Health and Wellness Fund Direct Growth,10.9764
2026-08-25,153605,Baroda BNP Paribas Health and Wellness Fund Direct IDCWPayout,10.9764
2026-08-25,153607,Baroda BNP Paribas Health and Wellness Fund Regular IDCWPayout,10.7535
2026-08-25,153608,Motilal Oswal Nifty PSE ETF,99.6761
2026-08-25,153609,BAJAJ FINSERV SMALL CAP FUND - REGULAR - GROWTH,11.213
2026-08-25,153610,BAJAJ FINSERV SMALL CAP FUND - REGULAR - IDCW,11.213
2026-08-25,153611,BAJAJ FINSERV SMALL CAP FUND - DIRECT - IDCW,11.404
2026-08-25,153612,BAJAJ FINSERV SMALL CAP FUND - DIRECT - GROWTH,11.404
2026-08-25,153613,ICICI Prudential Nifty Top 15 Equal Weight Index Fund - Growth,9.4704
2026-08-25,153614,ICICI Prudential Nifty Top 15 Equal Weight Index Fund - Direct Plan - Growth,9.5324
2026-08-25,153615,ICICI Prudential Nifty Top 15 Equal Weight Index Fund - IDCW,9.4705
2026-08-25,153616,ICICI Prudential Nifty Top 15 Equal Weight Index Fund - Direct Plan - IDCW,9.5328
2026-08-25,153617,ICICI Prudential Nifty Top 15 Equal Weight ETF,9.9804
2026-08-25,153618,Motilal Oswal Nifty India Tourism ETF,80.2233
2026-08-25,153619,HDFC INNOVATION FUND - REGULAR PLAN - GROWTH OPTION,11.943
2026-08-25,153620,HDFC INNOVATION FUND - DIRECT PLAN - GROWTH OPTION,12.105
2026-08-25,153621,Axis Services Opportunities Fund - Regular Plan - Growth Option,10.04
2026-08-25,153622,Axis Services Opportunities Fund - Direct Plan - IDCW Option,10.19
2026-08-25,153623,Axis Services Opportunities Fund - Regular Plan - IDCW Option,10.04
2026-08-25,153624,Axis Services Opportunities Fund - Direct Plan - Growth Option,10.19
2026-08-25,153625,Groww Nifty India Internet ETF,10.9649
2026-08-25,153626,Groww Nifty India Internet ETF FOF - Direct - Growth,10.9201
2026-08-25,153627,JM Large & Mid Cap Fund (Regular) - Growth Option,10.8945
2026-08-25,153628,JM Large & Mid Cap Fund (Regular) - IDCW,10.8945
2026-08-25,153629,JM Large & Mid Cap Fund (Direct) - Growth Option,11.0986
2026-08-25,153630,JM Large & Mid Cap Fund (Direct) - IDCW,11.0986
2026-08-25,153631,Groww Nifty India Internet ETF FOF - Regular - IDCW,10.8633
2026-08-25,153632,Groww Nifty India Internet ETF FOF - Direct - IDCW,10.9201
2026-08-25,153633,Groww Nifty India Internet ETF FOF - Regular - Growth,10.8634
2026-08-25,153634,Mirae Asset CRISIL-IBX Financial Services 9-12 Months Debt Index Fund - Direct Plan - Growth,10.7455
2026-08-25,153635,Mirae Asset CRISIL-IBX Financial Services 9-12 Months Debt Index Fund - Direct Plan - IDCW,10.7444
2026-08-25,153636,Mirae Asset CRISIL-IBX Financial Services 9-12 Months Debt Index Fund - Regular Plan - Growth,10.7213
2026-08-25,153637,Mirae Asset CRISIL-IBX Financial Services 9-12 Months Debt Index Fund - Regular Plan - IDCW,10.7215
2026-08-25,153638,Mirae Asset Income plus Arbitrage Active FOF - Direct Plan - Growth,10.650
2026-08-25,153639,Mirae Asset Income plus Arbitrage Active FOF - Direct Plan - IDCW,10.650
2026-08-25,153640,Mirae Asset Income plus Arbitrage Active FOF - Regular Plan - Growth,10.621
2026-08-25,153641,Mirae Asset Income plus Arbitrage Active FOF - Regular Plan - IDCW,10.621
2026-08-25,153642,Mirae Asset Nifty India Internet ETF,14.8111
2026-08-25,153643,HDFC INNOVATION FUND - IDCW - DIRECT PLAN,12.105
2026-08-25,153644,TRUSTMF MULTI CAP FUND -DIRECT PLAN-GROWTH,12.26
2026-08-25,153645,TRUSTMF MULTI CAP FUND -REGULAR PLAN-GROWTH,12.02
2026-08-25,153647,HDFC INNOVATION FUND - IDCW - REGULAR PLAN,11.943
2026-08-25,153649,JioBlackRock Money Market Fund - Direct Plan - Growth Option,1072.5252
2026-08-25,153650,JioBlackRock Overnight Fund - Direct Plan - Growth Option,1061.6140
2026-08-25,153651,JioBlackRock Liquid Fund - Direct Plan - Growth Option,1074.1020
2026-08-25,153652,Union Ultra Short to Short Term Fund - Regular Plan - Growth Option,10.5724
2026-08-25,153653,Union Ultra Short to Short Term Fund - Regular Plan - IDCW Option,10.1230
2026-08-25,153654,Union Ultra Short to Short Term Fund - Direct Plan - Growth Option,10.6580
2026-08-25,153655,Union Ultra Short to Short Term Fund - Direct Plan - IDCW Option,10.2067
2026-08-25,153656,Zerodha Silver ETF FoF - Direct Growth,21.8736
2026-08-25,153657,Kotak Nifty200 Quality 30 ETF,21.054
2026-08-25,153658,KOTAK NIFTY 200 QUALITY 30 INDEX FUND - DIRECT PLAN - IDCW - PAYOUT AND REINVESTMENT,10.093
2026-08-25,153659,KOTAK NIFTY 200 QUALITY 30 INDEX FUND - REGULAR PLAN - GROWTH,10.05
2026-08-25,153660,KOTAK NIFTY 200 QUALITY 30 INDEX FUND - DIRECT PLAN - GROWTH,10.093
2026-08-25,153661,KOTAK NIFTY 200 QUALITY 30 INDEX FUND - REGULAR PLAN - IDCW - PAYOUT AND REINVESTMENT,10.05
2026-08-25,153662,SBI Nifty200 Momentum 30 Index Fund- Direct Plan- Growth,9.9427
2026-08-25,153663,SBI Nifty200 Momentum 30 Index Fund- Regular Plan- Growth,9.8997
2026-08-25,153664,SBI Nifty200 Momentum 30 Index Fund- Regular Plan- Income Distribution Cum Capital Withdrawal Option (IDCW),9.8998
2026-08-25,153665,SBI Nifty200 Momentum 30 Index Fund- Direct Plan- Income Cum Distribution Capital Withdrawal Option (IDCW),9.9427
2026-08-25,153666,Sundaram Multi-Factor Fund - Direct - IDCW Reinvestment,10.0567
2026-08-25,153667,Sundaram Multi-Factor Fund - Regular - Growth,9.8825
2026-08-25,153668,Sundaram Multi-Factor Fund - Regular - IDCW Reinvestment,9.8825
2026-08-25,153669,Sundaram Multi-Factor Fund - Direct - Growth,10.0567
2026-08-25,153670,Sundaram Multi-Factor Fund - Direct - IDCW Payout,10.0567
2026-08-25,153671,Sundaram Multi-Factor Fund - Regular - IDCW Payout,9.8825
2026-08-25,153672,Mahindra Manulife Banking & Financial Services Fund - Direct - IDCW,11.2043
2026-08-25,153673,Mahindra Manulife Banking & Financial Services Fund - Regular - IDCW,10.9862
2026-08-25,153674,Mahindra Manulife Banking & Financial Services Fund - Direct - Growth,11.2043
2026-08-25,153675,Mahindra Manulife Banking & Financial Services Fund - Regular - Growth,10.9862
2026-08-25,153676,ICICI Prudential Nifty Private Bank Index Fund - Growth,9.8104
2026-08-25,153679,ICICI Prudential Nifty Private Bank Index Fund - Direct Plan - Growth,9.8708
2026-08-25,153680,Kotak Nifty AAA Bond Financial Services Mar 2028 Index Fund - Direct Plan - Growth,10.6527
2026-08-25,153681,Kotak Nifty AAA Bond Financial Services Mar 2028 Index Fund - Direct Plan - IDCW - Payout & Reinvestment,10.6524
2026-08-25,153682,Kotak Nifty AAA Bond Financial Services Mar 2028 Index Fund - Regular Plan - IDCW - Payout & Reinvestment,10.6279
2026-08-25,153683,Kotak Nifty AAA Bond Financial Services Mar 2028 Index Fund - Regular Plan - Growth,10.6278
2026-08-25,153684,ICICI Prudential Active Momentum Fund - Direct Plan - Growth,11.22
2026-08-25,153685,ICICI Prudential Active Momentum Fund - Growth,11.08
2026-08-25,153688,Tata Liquid Fund - Regular Plan - Weekly IDCW Reinvestment,1065.3345
2026-08-25,153689,Tata Liquid Fund - Direct Plan - Weekly IDCW Reinvestment,1070.4311
2026-08-25,153690,Nippon India MNC Fund- Direct Plan-IDCW Payout,11.1211
2026-08-25,153691,Nippon India MNC Fund- Regular Plan-Growth Option,10.9680
2026-08-25,153692,Nippon India MNC Fund- Regular Plan- IDCW Payout,10.9680
2026-08-25,153693,Nippon India MNC Fund- Direct Plan- Growth Option,11.1211
2026-08-25,153694,Motilal Oswal Nifty Midcap150 Momentum 50 ETF,65.3784
2026-08-25,153695,Invesco India Income Plus Arbitrage Active Fund of Fund - Regular Plan - Growth Plan,1057.8588
2026-08-25,153696,Invesco India Income Plus Arbitrage Active Fund of Fund - Regular Plan - IDCW (Payout / Reinvestment),1057.8591
2026-08-25,153697,Invesco India Income Plus Arbitrage Active Fund of Fund - Direct Plan - Growth,1062.291
2026-08-25,153698,Invesco India Income Plus Arbitrage Active Fund of Fund - Direct Plan - IDCW (Payout / Reinvestment),1062.2856
2026-08-25,153699,Groww Nifty 50 ETF,9.8412
2026-08-25,153700,360 ONE Overnight Fund - Regular Plan - Growth,1059.9673
2026-08-25,153701,360 ONE Overnight Fund- Direct Plan - IDCW,1060.9238
2026-08-25,153702,360 ONE Overnight Fund - Regular Plan - IDCW,1059.9673
2026-08-25,153703,360 ONE Overnight Fund - Direct Plan - Growth,1060.9238
2026-08-25,153704,Groww Nifty 50 Index Fund Direct Growth,9.7658
2026-08-25,153705,quant Equity Savings Fund - Growth Option - Direct Plan,10.9675
2026-08-25,153706,quant Equity Savings Fund - IDCW Option - Direct Plan,10.9364
2026-08-25,153707,quant Equity Savings Fund - Growth Option - Regular Plan,10.764
2026-08-25,153708,quant Equity Savings Fund - IDCW Option - Regular Plan,10.7635
2026-08-25,153709,Groww Nifty 50 Index Fund Direct IDCW,9.7658
2026-08-25,153710,Groww Nifty 50 Index Fund Regular Growth,9.6917
2026-08-25,153711,Groww Nifty 50 Index Fund Regular IDCW,9.6918
2026-08-25,153712,Edelweiss Income Plus Arbitrage Active Fund of Funds - Direct Plan Growth,10.6116
2026-08-25,153713,Edelweiss Income Plus Arbitrage Active Fund of Funds - Regular-Growth,10.5828
2026-08-25,153714,Edelweiss Income Plus Arbitrage Active Fund of Fund - Regular - Dividend- Payout,10.4022
2026-08-25,153715,Edelweiss Income Plus Arbitrage Active Fund of Funds - Direct-Dividend-Payout,10.431
2026-08-25,153716,SBI Nifty100 Low Volatility 30 Index Fund- Regular Plan- Growth,10.2726
2026-08-25,153717,SBI Nifty100 Low Volatility 30 Index Fund- Regular Plan- Income Cum Distribution Capital Withdrawal Option (IDCW),10.2726
2026-08-25,153718,SBI Nifty100 Low Volatility 30 Index Fund- Direct Plan- Growth,10.3159
2026-08-25,153719,SBI Nifty100 Low Volatility 30 Index Fund-Direct  Plan- Income Cum Distribution Capital Withdrawal Option (IDCW),10.3159
2026-08-25,153720,Bandhan Multi-Factor Fund - Direct Plan - IDCW,10.076
2026-08-25,153721,Bandhan Multi-Factor Fund - Regular Plan - Growth,9.907
2026-08-25,153722,Bandhan Multi-Factor Fund - Direct Plan - Growth,10.076
2026-08-25,153723,Bandhan Multi-Factor Fund - Regular Plan - IDCW,9.907
2026-08-25,153724,Motilal Oswal Nifty Alpha 50 ETF,56.7046
2026-08-25,153725,Nippon India Nifty 1D Rate Liquid ETF-Growth,1052.9905
2026-08-25,153726,Bank of India Mid Cap Fund - Regular Plan Growth,10.62
2026-08-25,153727,Bank of India Mid Cap Fund - Regular Plan IDCW,10.62
2026-08-25,153728,Bank of India Mid Cap Fund - Direct Plan Growth,10.74
2026-08-25,153729,Bank of India Mid Cap Fund - Direct Plan IDCW,10.74
2026-08-25,153730,Franklin India Multi Asset Allocation Fund- IDCW,11.2709
2026-08-25,153731,Franklin India Multi Asset Allocation Fund- Direct-Growth,11.4695
2026-08-25,153732,Franklin India Multi Asset Allocation Fund- Direct- IDCW,11.4695
2026-08-25,153733,Franklin India Multi Asset Allocation Fund- Growth,11.2709
2026-08-25,153734,Aditya Birla Sun Life BSE 500 Momentum 50 Index Fund-Regular IDCW Payout,11.0795
2026-08-25,153735,Aditya Birla Sun Life BSE 500 Momentum 50 Index Fund- Regular Growth,11.0795
2026-08-25,153736,Aditya Birla Sun Life BSE 500 Momentum 50 Index Fund-Direct Growth,11.1656
2026-08-25,153737,Aditya Birla Sun Life BSE 500 Momentum 50 Index Fund-Direct IDCW Payout,11.1667
2026-08-25,153738,CAPITALMIND FLEXI CAP FUND DIRECT GROWTH,10.4642
2026-08-25,153739,CAPITALMIND FLEXI CAP FUND REGULAR GROWTH,10.3090
2026-08-25,153740,Aditya Birla Sun Life BSE 500 Quality 50 Index Fund - Direct Growth,11.0247
2026-08-25,153741,Aditya Birla Sun Life BSE 500 Quality 50 Index Fund - Direct IDCW Payout,11.0246
2026-08-25,153742,Aditya Birla Sun Life BSE 500 Quality 50 Index Fund - Regular Growth,10.9379
2026-08-25,153743,Aditya Birla Sun Life BSE 500 Quality 50 Index Fund - Regular IDCW Payout,10.9379
2026-08-25,153744,Groww BSE Power ETF,11.387
2026-08-25,153745,Groww BSE Power ETF FOF Direct Growth,11.5777
2026-08-25,153746,Groww BSE Power ETF FOF Direct IDCW,11.5777
2026-08-25,153747,Groww BSE Power ETF FOF Regular IDCW,11.5242
2026-08-25,153748,Groww BSE Power ETF FOF Regular Growth,11.5242
2026-08-25,153749,Motilal Oswal Special Opportunities Fund - Direct - Growth,12.3088
2026-08-25,153750,Motilal Oswal Special Opportunities Fund - Direct- IDCW,12.3088
2026-08-25,153751,Motilal Oswal Special Opportunities Fund-Regular Plan-Growth,12.2952
2026-08-25,153752,Motilal Oswal Special Opportunities Fund-Regular Plan- IDCW,12.2952
2026-08-25,153753,Kotak Active Momentum Fund - Direct Plan - Growth option,11.342
2026-08-25,153754,Kotak Active Momentum Fund - Direct Plan - IDCW - Payout and Reinvestment,11.342
2026-08-25,153755,Kotak Active Momentum Fund - Regular Plan - Growth,11.186
2026-08-25,153756,Kotak Active Momentum Fund - Regular Plan - IDCW - Payout & Reinvestment,11.186
2026-08-25,153757,Zerodha Multi Asset Passive FoF - Direct - Growth,11.8503
2026-08-25,153758,BAJAJ FINSERV EQUITY SAVINGS FUND - DIRECT - GROWTH,10.556
2026-08-25,153769,BAJAJ FINSERV EQUITY SAVINGS FUND - REGULAR - GROWTH,10.442
2026-08-25,153770,BAJAJ FINSERV EQUITY SAVINGS FUND -  DIRECT - IDCW,10.556
2026-08-25,153771,BAJAJ FINSERV EQUITY SAVINGS FUND - REGULAR - IDCW,10.442
2026-08-25,153772,360 ONE Multi Asset Allocation Fund - Regular Plan - Growth,12.5261
2026-08-25,153773,360 ONE Multi Asset Allocation Fund - Direct Plan - IDCW,12.7311
2026-08-25,153774,360 ONE Multi Asset Allocation Fund - Direct Plan - Growth,12.7311
2026-08-25,153775,360 ONE Multi Asset Allocation Fund - Regular Plan - IDCW,12.5261
2026-08-25,153776,Edelweiss Multi Asset Omni Fund of Fund- Direct Plan - Growth,11.9338
2026-08-25,153777,Edelweiss Multi Asset Omni Fund of Fund- Direct Plan - IDCW,11.9338
2026-08-25,153778,Edelweiss Multi Asset Omni Fund of Fund- Regular Plan - IDCW,11.7783
2026-08-25,153779,Edelweiss Multi Asset Omni Fund of Fund- Regular Plan - Growth,11.7783
2026-08-25,153780,Motilal Oswal Gold ETF,158.4741
2026-08-25,153781,Kotak Nifty Alpha 50 Index Fund - Direct Plan - Growth,11.068
2026-08-25,153782,Kotak Nifty Alpha 50 Index Fund - Direct Plan - IDCW - Payout & Reinvestment,11.068
2026-08-25,153783,Kotak Nifty Alpha 50 Index Fund - Regular Plan - IDCW - Payout & Reinvestment,11.001
2026-08-25,153784,Kotak Nifty Alpha 50 Index Fund - Regular Plan - Growth,11.001
2026-08-25,153785,Groww Nifty Next 50 ETF,74.8712
2026-08-25,153786,Groww Nifty Next 50 Index Fund Direct Growth,11.0419
2026-08-25,153787,JioBlackRock Nifty 50 Index Fund - Direct Plan - Growth Option,9.8720
2026-08-25,153788,JioBlackRock Nifty Midcap 150 Index Fund - Direct Plan - Growth Option,11.0936
2026-08-25,153789,JioBlackRock Nifty Next 50 Index Fund - Direct Plan - Growth Option,11.1250
2026-08-25,153790,JioBlackRock Nifty Smallcap 250 Index Fund - Direct Plan - Growth Option,10.8879
2026-08-25,153791,JioBlackRock Nifty 8-13 yr G-Sec Index Fund - Direct Plan - Growth Option,10.4530
2026-08-25,153794,Baroda BNP Paribas Gold ETF Fund of Funds Regular Growth,15.9345
2026-08-25,153795,Baroda BNP Paribas Gold ETF Fund of Funds Direct Growth,15.9818
2026-08-25,153796,SBI Nifty 1D Rate Liquid ETF - Growth,1053.2164
2026-08-25,153797,Groww Nifty Next 50 Index Fund Direct IDCW,11.0419
2026-08-25,153798,Groww Nifty Next 50 Index Fund Regular Growth,10.9655
2026-08-25,153799,Groww Nifty Next 50 Index Fund Regular IDCW,10.9655
2026-08-25,153800,DSP Nifty500 Flexicap Quality 30 Index Fund - Direct - IDCW,9.9041
2026-08-25,153801,DSP Nifty500 Flexicap Quality 30 Index Fund - Direct - Growth,9.9041
2026-08-25,153802,DSP Nifty500 Flexicap Quality 30 Index Fund - Regular - Growth,9.8372
2026-08-25,153803,DSP Nifty500 Flexicap Quality 30 Index Fund - Regular - IDCW,9.8372
2026-08-25,153804,TRUSTMF ARBITRAGE FUND -DIRECT PLAN-GROWTH,10.6444
2026-08-25,153805,TRUSTMF ARBITRAGE FUND -REGULAR PLAN-GROWTH,10.5610
2026-08-25,153806,Nippon India Nifty India Manufacturing Index Fund- Direct Plan- Growth Option,11.5862
2026-08-25,153807,Nippon India Nifty India Manufacturing Index - Direct Plan- IDCW Option,11.5862
2026-08-25,153808,Nippon India Nifty India Manufacturing Index- Regular Plan-IDCW Option,11.5221
2026-08-25,153809,Nippon India Nifty India Manufacturing Index-Regular Plan-Growth Option,11.5221
2026-08-25,153810,Nippon India Nifty India Manufacturing ETF,166.6290
2026-08-25,153811,Zerodha Nifty 8-13 Yr G-Sec ETF,30.5554
2026-08-25,153812,Mirae Asset Gold Silver Passive FoF - Direct Plan - Growth,17.779
2026-08-25,153813,Mirae Asset Gold Silver Passive FoF - Direct Plan - IDCW,17.777
2026-08-25,153814,Mirae Asset Gold Silver Passive FoF - Regular Plan - Growth,17.674
2026-08-25,153815,Mirae Asset Gold Silver Passive FoF - Regular Plan - IDCW,17.670
2026-08-25,153816,Mirae Asset Multi Factor Passive FOF - Direct Plan - Growth,10.980
2026-08-25,153817,Mirae Asset Multi Factor Passive FOF - Direct Plan - IDCW,10.977
2026-08-25,153818,Mirae Asset Multi Factor Passive FOF - Regular Plan - Growth,10.922
2026-08-25,153819,Mirae Asset Multi Factor Passive FOF - Regular Plan - IDCW,10.905
2026-08-25,153820,Motilal Oswal Silver ETF,236.7256
2026-08-25,153821,Groww Multi Asset Allocation Fund Direct Growth,10.6191
2026-08-25,153822,Union Diversified Equity All Cap Active FOF - Regular Plan - Growth Option,11.0151
2026-08-25,153823,Union Diversified Equity All Cap Active FOF - Regular Plan - IDCW Option,11.0151
2026-08-25,153824,Union Diversified Equity All Cap Active FOF - Direct Plan - Growth Option,11.1149
2026-08-25,153825,Union Diversified Equity All Cap Active FOF - Direct Plan - IDCW Option,11.1149
2026-08-25,153826,ANGEL ONE GOLD ETF,14.9679
2026-08-25,153827,ANGEL ONE GOLD ETF FOF- DIRECT GROWTH,14.5892
2026-08-25,153828,ANGEL ONE GOLD ETF FOF - REGULAR GROWTH,14.5196
2026-08-25,153829,Axis Nifty500 Quality 50 Index Fund - Direct Plan - Growth Option,10.2919
2026-08-25,153830,Axis Nifty500 Quality 50 Index Fund - Regular Plan - Growth Option,10.2089
2026-08-25,153831,SBI Dynamic Asset Allocation Active FoF - Regular Plan - Growth,10.3789
2026-08-25,153832,SBI Dynamic Asset Allocation Active FoF - Direct Plan - Growth,10.4812
2026-08-25,153833,SBI Dynamic Asset Allocation Active FoF- Direct Plan- Income Cum Distribution Capital Withdrawal Option,10.4804
2026-08-25,153834,SBI Dynamic Asset Allocation Active FoF - Regular Plan - Income Distribution Cum Capital Withdrawal Option,10.3789
2026-08-25,153837,Zerodha Nifty Smallcap 100 ETF,11.3185
2026-08-25,153838,Bandhan BSE India Sector Leaders Index Fund - Direct Plan - Growth,9.8255
2026-08-25,153839,Bandhan BSE India Sector Leaders Index Fund - Regular Plan - Growth,9.7583
2026-08-25,153841,Edelweiss Nifty LargeMidcap 250 ETF - Growth,16.8846
2026-08-25,153844,Baroda BNP Paribas Business Conglomerates Fund Regular Growth Option,10.2988
2026-08-25,153845,Baroda BNP Paribas Business Conglomerates Fund Direct IDCW Payout Option,10.4579
2026-08-25,153846,Baroda BNP Paribas Business Conglomerates Fund Regular IDCW Payout Option,10.2988
2026-08-25,153847,Baroda BNP Paribas Business Conglomerates Fund Direct Growth Option,10.4579
2026-08-25,153850,Groww Multi Asset Allocation Fund Regular IDCW,10.4466
2026-08-25,153851,Groww Multi Asset Allocation Fund Regular Growth,10.4463
2026-08-25,153852,Groww Multi Asset Allocation Fund Direct IDCW,10.616
2026-08-25,153853,Tata Nifty Next 50 Index Fund - Direct Plan IDCW Reinvestment Option,10.9949
2026-08-25,153854,Tata Nifty Next 50 Index Fund - Direct Plan IDCW Payout Option,10.9949
2026-08-25,153855,Tata Nifty Next 50 Index Fund - Regular Plan Growth Option,10.9099
2026-08-25,153856,Tata Nifty Next 50 Index Fund - Regular Plan IDCW Reinvestment Option,10.9099
2026-08-25,153857,Tata Nifty Next 50 Index Fund - Regular Plan IDCW Payout Option,10.9099
2026-08-25,153858,Tata Nifty Next 50 Index Fund - Direct Plan Growth Option,10.9949
2026-08-25,153859,JioBlackRock Flexi Cap Fund - Direct Plan - Growth Option,10.1818
2026-08-25,153860,HDFC Diversified Equity All Cap Active FOF - Direct Plan - Growth Plan,10.3455
2026-08-25,153861,HDFC Diversified Equity All Cap Active FOF - Regular Plan - Growth Plan,10.2512
2026-08-25,153862,HDFC Diversified Equity All Cap Active FOF - IDCW - Direct Plan,10.3455
2026-08-25,153863,HDFC Diversified Equity All Cap Active FOF - IDCW - Regular Plan,10.2512
2026-08-25,153864,ICICI Prudential Conglomerate Fund - IDCW,10.54
2026-08-25,153865,ICICI Prudential Conglomerate Fund - Growth,10.54
2026-08-25,153866,ICICI Prudential Conglomerate Fund - Direct Plan - IDCW,10.64
2026-08-25,153867,ICICI Prudential Conglomerate Fund - Direct Plan - Growth,10.64
2026-08-25,153868,Samco Small Cap Fund - Direct Plan,11.67
2026-08-25,153869,Samco Small Cap Fund - Regular Plan,11.54
2026-08-25,153870,THE WEALTH COMPANY FLEXI CAP FUND - REGULAR GROWTH,10.0786
2026-08-25,153871,THE WEALTH COMPANY FLEXI CAP FUND - REGULAR IDCW,10.0785
2026-08-25,153872,THE WEALTH COMPANY FLEXI CAP FUND - DIRECT GROWTH,10.2553
2026-08-25,153873,THE WEALTH COMPANY FLEXI CAP FUND - DIRECT IDCW,10.2548
2026-08-25,153874,DSP Nifty500 Flexicap Quality 30 ETF,10.2432
2026-08-25,153875,Kotak CRISIL-IBX Financial Services 9 to 12 Months Debt Index Fund - Direct - Growth,10.5884
2026-08-25,153876,Kotak CRISIL-IBX Financial Services 9 to 12 Months Debt Index Fund - Direct - IDCW,10.5885
2026-08-25,153877,Kotak CRISIL-IBX Financial Services 9 to 12 Months Debt Index Fund - Regular - Growth,10.5689
2026-08-25,153878,Kotak CRISIL-IBX Financial Services 9 to 12 Months Debt Index Fund - Regular - IDCW,10.5668
2026-08-25,153879,Axis CRISIL-IBX Financial Services 3-6 Months Debt Index Fund - Direct Plan - Growth option,10.6274
2026-08-25,153880,Axis CRISIL-IBX Financial Services 3-6 Months Debt Index Fund - Regular Plan - Growth option,10.6168
2026-08-25,153881,Axis CRISIL-IBX Financial Services 3-6 Months Debt Index Fund - Regular Plan - IDCW option,10.6159
2026-08-25,153882,Axis CRISIL-IBX Financial Services 3-6 Months Debt Index Fund - Direct Plan - IDCW option,10.6274
2026-08-25,153883,THE WEALTH COMPANY LIQUID FUND DIRECT GROWTH,1057.375
2026-08-25,153884,THE WEALTH COMPANY LIQUID FUND DIRECT MONTHLY IDCW,1002
2026-08-25,153885,THE WEALTH COMPANY LIQUID FUND REGULAR WEEKLY IDCW,1002.2057
2026-08-25,153886,THE WEALTH COMPANY LIQUID FUND REGULAR DAILY IDCW,1002
2026-08-25,153887,THE WEALTH COMPANY LIQUID FUND DIRECT DAILY ICDW,1002.0026
2026-08-25,153888,THE WEALTH COMPANY LIQUID FUND REGULAR GROWTH,1055.8892
2026-08-25,153889,THE WEALTH COMPANY LIQUID FUND DIRECT WEEKLY,1002.2141
2026-08-25,153890,THE WEALTH COMPANY LIQUID FUND REGULAR MONTHLY IDCW,1002.0001
2026-08-25,153891,THE WEALTH COMPANY ARBITRAGE FUND DIRECT GROWTH,10.561
2026-08-25,153892,THE WEALTH COMPANY ARBITRAGE FUND REGULAR GROWTH,10.5005
2026-08-25,153893,THE WEALTH COMPANY ARBITRAGE FUND DIRECT IDCW,10.5597
2026-08-25,153894,THE WEALTH COMPANY ARITRAGE FUND REGULAR IDCW,10.5002
2026-08-25,153895,THE WEALTH COMPANY ETHICAL FUND DIRECT GROWTH,10.0523
2026-08-25,153896,THE WEALTH COMPANY ETHICAL FUND REGULAR IDCW,9.9204
2026-08-25,153897,THE WEALTH COMPANY ETHICAL FUND REGULAR GROWTH,9.9209
2026-08-25,153898,THE WEALTH COMPANY ETHICAL FUND DIRECT IDCW,10.0529
2026-08-25,153899,Groww Nifty Realty ETF,10.2956
2026-08-25,153900,Invesco India Consumption Fund - Direct Plan - Growth,11.07
2026-08-25,153901,Invesco India Consumption Fund - Direct Plan - IDCW,11.07
2026-08-25,153902,Invesco India Consumption Fund - Regular Plan - Growth Plan,10.93
2026-08-25,153903,Invesco India Consumption Fund - Regular Plan - IDCW Plan,10.93
2026-08-25,153904,Kotak Nifty 200 Momentum 30 ETF,31.32
2026-08-25,153905,Zerodha Nifty 50 ETF,9.7764
2026-08-25,153906,Zerodha Nifty 50 Index Fund - Direct Plan - Growth,9.7410
2026-08-25,153907,Groww Nifty Capital Markets ETF,11.6188
2026-08-25,153908,Groww Nifty Capital Markets ETF FOF Direct Growth,11.6895
2026-08-25,153909,Helios Small Cap Fund - Regular Plan - Growth Option,11.52
2026-08-25,153910,Helios Small Cap Fund - Direct Plan - IDCW Option,11.66
2026-08-25,153911,Helios Small Cap Fund - Regular Plan - IDCW Option,11.52
2026-08-25,153912,Helios Small Cap Fund - Direct Plan - Growth Option,11.66
2026-08-25,153913,Motilal Oswal Consumption Fund-Direct-Growth,11.5740
2026-08-25,153914,Motilal Oswal Consumption Fund-Direct-IDCW,11.5740
2026-08-25,153915,Motilal Oswal Consumption Fund-Regular-IDCW,11.4169
2026-08-25,153916,Motilal Oswal Consumption Fund-Regular-Growth,11.4169
2026-08-25,153917,Groww Nifty Capital Markets ETF FOF Direct IDCW,11.6895
2026-08-25,153918,Groww Nifty Capital Markets ETF FOF Regular Growth,11.6492
2026-08-25,153919,Groww Nifty Capital Markets ETF FOF Regular IDCW,11.6493
2026-08-25,153920,Edelweiss Nifty 1D Rate Liquid ETF - Growth,1045.0443
2026-08-25,153921,Kotak Gold Silver Passive FOF - Direct Plan - Growth,15.977
2026-08-25,153922,Kotak Gold Silver Passive FOF - Regular Plan - Growth,15.936
2026-08-25,153923,Groww Nifty Smallcap250 ETF,10.595
2026-08-25,153924,Axis Income Plus Arbitrage Passive FOF - Direct Plan - Growth Option,10.4977
2026-08-25,153925,Axis Income Plus Arbitrage Passive FOF - Direct Plan - IDCW Option,10.4977
2026-08-25,153926,Axis Income Plus Arbitrage Passive FOF - Regular Plan - IDCW Option,10.4696
2026-08-25,153927,Axis Income Plus Arbitrage Passive FOF - Regular Plan - Growth Option,10.4735
2026-08-25,153928,Motilal Oswal Nifty 100 ETF,25.6794
2026-08-25,153929,Bandhan Silver ETF,239.9697
2026-08-25,153930,Bandhan Gold ETF,160.0031
2026-08-25,153931,Motilal Oswal Nifty Energy ETF,38.4677
2026-08-25,153932,Zerodha BSE SENSEX Index Fund,9.3739
2026-08-25,153933,Choice Gold ETF,159.1288
2026-08-25,153934,Kotak Nifty Chemicals ETF,30.153
2026-08-25,153935,Bajaj Finserv Banking and Financial Services Fund - Regular - Growth,9.920
2026-08-25,153936,Bajaj Finserv Banking and Financial Services Fund - Regular - IDCW,9.920
2026-08-25,153937,Bajaj Finserv Banking and Financial Services Fund - Direct - Growth,10.041
2026-08-25,153938,Bajaj Finserv Banking and Financial Services Fund - Direct - IDCW,10.041
2026-08-25,153939,Groww Nifty Midcap 150 Index Fund Direct Growth,10.546
2026-08-25,153940,Groww Nifty Midcap 150 ETF,235.9954
2026-08-25,153941,Franklin India Multi-Factor Fund- IDCW,9.6042
2026-08-25,153942,Franklin India Multi-Factor Fund- Direct- Growth,9.7194
2026-08-25,153943,Franklin India Multi-Factor Fund- Growth,9.6042
2026-08-25,153944,Franklin India Multi-Factor Fund- Direct- IDCW,9.7194
2026-08-25,153945,Mirae Asset Nifty Energy ETF,38.5424
2026-08-25,153946,Mirae Asset Nifty Smallcap 250 ETF,18.4091
2026-08-25,153947,Edelweiss BSE Sensex ETF - Growth,78.232
2026-08-25,153948,LIC MF Consumption Fund-Direct Plan-Growth,10.1083
2026-08-25,153949,LIC MF Consumption Fund-Direct Plan-IDCW,10.1083
2026-08-25,153950,LIC MF Consumption Fund-Regular Plan-Growth,9.9899
2026-08-25,153951,LIC MF Consumption Fund-Regular Plan-IDCW,9.9899
2026-08-25,153952,Groww Nifty Midcap 150 Index fund Direct IDCW,10.546
2026-08-25,153953,Groww Nifty Midcap 150 Index Fund Regular Growth,10.4926
2026-08-25,153954,Groww Nifty Midcap 150 Index Fund Regular IDCW,10.4926
2026-08-25,153955,ANGEL ONE NIFTY TOTAL MARKET MOMENTUM QUALITY 50 INDEX FUND - REGULAR GROWTH,10.3438
2026-08-25,153956,ANGEL ONE NIFTY TOTAL MARKET MOMENTUM QUALITY 50 INDEX FUND - DIRECT GROWTH,10.3985
2026-08-25,153957,ANGEL ONE NIFTY TOTAL MARKET MOMENTUM QUALITY 50 ETF,10.4058
2026-08-25,153958,HDFC BSE India Sector Leaders Index Fund - Regular Plan - Growth Option,9.5981
2026-08-25,153959,HDFC BSE India Sector Leaders India Fund - Direct Plan - Growth Option,9.6347
2026-08-25,153960,Axis Multi-Asset Omni FoF - Direct Plan - Growth,11.0697
2026-08-25,153961,Axis Multi-Asset Omni FoF - Direct Plan - IDCW,11.0697
2026-08-25,153962,Axis Multi-Asset Omni FoF - Regular Plan - IDCW,10.9795
2026-08-25,153963,Axis Multi-Asset Omni FoF - Regular Plan - Growth,10.9795
2026-08-25,153964,Parag Parikh Flexi Cap Fund - Direct Plan - IDCW,91.1854
2026-08-25,153965,Parag Parikh Flexi Cap Fund - Regular Plan - IDCW,83.0949
2026-08-25,153966,Edelweiss Nifty 50 ETF - Growth,24.536
2026-08-25,153967,Kotak Rural Opportunities Fund - Direct Plan - IDCW Divdend - Payouout & Reinvestment,9.972
2026-08-25,153968,Kotak Rural Opportunities Fund - Regular Plan - IDCW Dividend - Payout & Reinvestment,9.856
2026-08-25,153969,Kotak Rural Opportunities Fund - Regular Plan - Growth,9.856
2026-08-25,153970,Kotak Rural Opportunities Fund - Direct Plan - Growth,9.972
2026-08-25,153971,Bandhan Healthcare Fund - Direct Plan - IDCW,11.390
2026-08-25,153972,Bandhan Healthcare Fund - Direct Plan - Growth,11.390
2026-08-25,153973,Bandhan Healthcare Fund - Regular Plan - IDCW,11.253
2026-08-25,153974,Bandhan Healthcare Fund - Regular Plan - Growth,11.253
2026-08-25,153975,DSP MSCI INDIA ETF,29.9710
2026-08-25,153977,Old Bridge Arbitrage Fund Regular Growth,10.4413
2026-08-25,153979,Old Bridge Arbitrage Fund Direct Growth,10.5113
2026-08-25,153980,Old Bridge Arbitrage Fund Regular IDCW,10.4413
2026-08-25,153981,Old Bridge Arbitrage Fund - Direct - IDCW,10.5113
2026-08-25,153982,Groww Money Market Fund Direct Growth,10.4506
2026-08-25,153983,Mirae Asset Infrastructure Fund - Direct Plan - Growth,11.609
2026-08-25,153984,Mirae Asset Infrastructure Fund - Direct Plan - IDCW,11.608
2026-08-25,153985,Mirae Asset Infrastructure Fund - Regular Plan - Growth,11.473
2026-08-25,153986,Mirae Asset Infrastructure Fund - Regular Plan - IDCW,11.475
2026-08-25,153987,PGIM India Multi Asset Allocation Fund - Direct Plan - Growth Option,10.93
2026-08-25,153988,PGIM India Multi Asset Allocation Fund - Regular Plan - Growth Option,10.79
2026-08-25,153989,PGIM India Multi Asset Allocation Fund - Regular Plan - IDCW Option,10.79
2026-08-25,153990,PGIM India Multi Asset Allocation Fund - Direct Plan - IDCW Option,10.93
2026-08-25,153991,Groww Money Market Fund Direct IDCW,10.4504
2026-08-25,153992,Groww Money Market Fund Regular Growth,10.404
2026-08-25,153993,Groww Money Market Fund Regular IDCW,10.4041
2026-08-25,153999,The Wealth Company Multi Asset Allocation Fund - Direct Growth,11.1099
2026-08-25,154000,The Wealth Company Multi Asset Allocation Fund - Direct IDCW,11.1082
2026-08-25,154001,The Wealth Company Multi Asset Allocation Fund - Regular IDCW,10.9735
2026-08-25,154002,The Wealth Company Multi Asset Allocation Fund - Regular Growth,10.9825
2026-08-25,154003,Motilal Oswal BSE Select IPO ETF,49.0901
2026-08-25,154005,Mahindra Manulife Income Plus Arbitrage Active FOF - Regular - IDCW,10.4203
2026-08-25,154006,Mahindra Manulife Income Plus Arbitrage Active FOF - Regular - Growth,10.4203
2026-08-25,154007,Mahindra Manulife Income Plus Arbitrage Active FOF  - Direct - Growth,10.4591
2026-08-25,154008,Mahindra Manulife Income Plus Arbitrage Active FOF - Direct - IDCW,10.4591
2026-08-25,154010,Capitalmind Liquid Fund - Regular-Growth,1048.3580
2026-08-25,154011,Capitalmind Liquid Fund - Direct-Growth,1049.9233
2026-08-25,154012,DSP Nifty Midcap 150 Index Fund - Regular - Growth,10.6980
2026-08-25,154013,DSP Nifty Midcap 150 Index Fund - Regular - IDCW,10.6980
2026-08-25,154014,DSP Nifty Midcap 150 Index Fund - Direct - Growth,10.7527
2026-08-25,154015,DSP Nifty Midcap 150 Index Fund - Direct - IDCW,10.7527
2026-08-25,154016,DSP Nifty Smallcap 250 Index Fund - Regular - Growth,11.2298
2026-08-25,154017,DSP Nifty Smallcap 250 Index Fund - Regular - IDCW,11.2298
2026-08-25,154018,DSP Nifty Smallcap 250 Index Fund - Direct - Growth,11.2856
2026-08-25,154019,DSP Nifty Smallcap 250 Index Fund - Direct - IDCW,11.2856
2026-08-25,154020,Union Consumption Fund - Direct Plan - Growth Option,10.13
2026-08-25,154021,Union Consumption Fund - Direct Plan - IDCW Option,10.13
2026-08-25,154022,Union Consumption Fund - Regular Plan - Growth Option,10.04
2026-08-25,154023,Union Consumption Fund - Regular Plan - IDCW Option,10.04
2026-08-25,154024,DSP Nifty Smallcap 250 ETF,18.4555
2026-08-25,154025,DSP Nifty Midcap 150 ETF,23.5911
2026-08-25,154026,Navi Nifty Midsmall 400 Index Fund - Regular - Growth,10.9065
2026-08-25,154027,Navi Nifty midsmallcap 400 Index Fund- Direct - Growth,10.9724
2026-08-25,154028,Groww Multi Asset Omni FOF Direct Growth,10.6729
2026-08-25,154029,Kotak Nifty500 Momentum 50 Index Fund - Direct Plan - IDCW - Payout & Investment,10.461
2026-08-25,154030,Kotak Nifty500 Momentum 50 Index Fund - Regular Plan - Growth,10.436
2026-08-25,154031,Kotak Nifty500 Momentum 50 Index Fund - Regular Plan - IDCW - Payout & Reinvestment,10.436
2026-08-25,154032,Kotak Nifty500 Momentum 50 Index Fund - Direct Plan - Growth,10.461
2026-08-25,154033,Motilal Oswal Nifty Services Sector ETF,31.1867
2026-08-25,154034,Groww Nifty Metal ETF,12.748
2026-08-25,154041,Abakkus Flexi Cap Fund - Regular - Growth,11.3740
2026-08-25,154042,Abakkus Flexi Cap Fund - Regular - IDCW,11.3740
2026-08-25,154043,Abakkus Flexi Cap Fund - Direct - Growth,11.4800
2026-08-25,154045,Abakkus Flexi Cap Fund - Direct - IDCW,11.4850
2026-08-25,154047,Abakkus Liquid Fund - Regular Plan - Growth,104.0983
2026-08-25,154048,Abakkus Liquid Fund - Regular Plan - Monthly IDCW Reinvestment,100.1774
2026-08-25,154049,Abakkus Liquid Fund - Direct Plan - Daily IDCW Reinvestment,100.0881
2026-08-25,154050,Abakkus Liquid Fund - Direct Plan - Weekly IDCW Reinvestment,100.0798
2026-08-25,154051,Abakkus Liquid Fund - Direct Plan - Growth,104.1575
2026-08-25,154052,Abakkus Liquid Fund - Direct Plan - Quarterly IDCW Reinvestment,100.9693
2026-08-25,154053,Abakkus Liquid Fund - Regular Plan - Daily IDCW Reinvestment,100.0881
2026-08-25,154054,Abakkus Liquid Fund - Regular Plan - Quarterly IDCW Reinvestment,100.9128
2026-08-25,154055,Abakkus Liquid Fund - Direct Plan - Monthly IDCW Reinvestment,100.1791
2026-08-25,154056,Abakkus Liquid Fund - Regular Plan - Weekly IDCW Reinvestment,100.0796
2026-08-25,154057,Groww Multi Asset Omni FOF Regular Growth,10.5929
2026-08-25,154058,Groww Multi Asset Omni FOF Direct IDCW,10.6729
2026-08-25,154059,Groww Multi Asset Omni FOF Regular IDCW,10.5929
2026-08-25,154060,Mirae Asset Nifty Top 20 Equal Weight ETF,9.0375
2026-08-25,154061,Mirae Asset BSE 500 Dividend Leaders 50 ETF,35.8205
2026-08-25,154062,Motilal Oswal Nifty MNC ETF,33.2219
2026-08-25,154063,Groww Small Cap Fund-Direct-Growth,12.7211
2026-08-25,154064,Tata BSE Multicap Consumption 50:30:20 Index Fund - Regular Plan Growth Option,9.9975
2026-08-25,154065,Tata BSE Multicap Consumption 50:30:20 Index Fund - Regular Plan IDCW Payout Option,9.9975
2026-08-25,154066,Tata BSE Multicap Consumption 50:30:20 Index Fund - Direct Plan Growth Option,10.0501
2026-08-25,154067,Tata BSE Multicap Consumption 50:30:20 Index Fund - Regular Plan IDCW Reinvestment Option,9.9975
2026-08-25,154068,Tata BSE Multicap Consumption 50:30:20 Index Fund - Direct Plan IDCW Reinvestment Option,10.0501
2026-08-25,154069,Tata BSE Multicap Consumption 50:30:20 Index Fund - Direct Plan IDCW Payout Option,10.0501
2026-08-25,154070,JioBlackRock Overnight Fund - Unclaimed Redemption - Upto 3 years - Growth Option,1038.1049
2026-08-25,154072,Edelweiss Silver ETF Fund of Fund - Direct Plan Growth Option,10.4397
2026-08-25,154075,Edelweiss Silver ETF Fund of Fund - Regular Plan Growth Option,10.409
2026-08-25,154076,JioBlackRock Arbitrage Fund - Direct Plan - Growth Option,10.4842
2026-08-25,154077,Axis Gold and Silver Passive FOF - Regular Plan - Growth,11.5190
2026-08-25,154078,Axis Gold and Silver Passive FOF - Direct Plan - Growth,11.5506
2026-08-25,154079,JioBlackRock Short Term Fund - Direct Plan - Growth Option,1037.2211
2026-08-25,154081,JioBlackRock Ultra Short to Short Term Fund- Direct Plan - Growth Option,1038.3533
2026-08-25,154082,JioBlackRock Sector Rotation Fund - Direct Plan - Growth Option,10.1164
2026-08-25,154083,quant Overnight Fund - Unclaimed IDCW Greater than 3 years,10
2026-08-25,154084,quant Overnight Fund - Unclaimed Redemption Less than 3 years,10.3425
2026-08-25,154085,quant Overnight Fund - Unclaimed Redemption Greater than 3 years,10
2026-08-25,154086,quant Overnight Fund - Unclaimed IDCW Less than 3 years,10.3469
2026-08-25,154087,DSP Nifty Next 50 ETF,74.9239
2026-08-25,154088,DSP Nifty 500 Index Fund - Direct - Growth,9.8604
2026-08-25,154089,DSP Nifty 500 Index Fund - Direct - IDCW,9.8604
2026-08-25,154090,DSP Nifty 500 Index Fund - Regular - Growth,9.8140
2026-08-25,154091,DSP Nifty 500 Index Fund - Regular - IDCW,9.8140
2026-08-25,154092,The Wealth Company Gold ETF,159.3355
2026-08-25,154093,Bank of India Banking & Financial Services Fund - Direct Plan - Growth,9.96
2026-08-25,154094,Bank of India Banking & Financial Services Fund - Direct Plan - IDCW,9.96
2026-08-25,154095,Bank of India Banking & Financial Services Fund - Regular Plan - Growth,9.89
2026-08-25,154096,Bank of India Banking & Financial Services Fund - Regular Plan - IDCW,9.89
2026-08-25,154097,Kotak Dividend Yield Fund - Direct - Growth,9.915
2026-08-25,154098,Kotak Dividend Yield Fund - Regular IDCW,9.831
2026-08-25,154099,Kotak Dividend Yield Fund - Regular -Growth,9.831
2026-08-25,154100,Kotak Dividend Yield Fund - Direct - IDCW,9.915
2026-08-25,154101,Kotak Nifty Next 50 ETF,75.089
2026-08-25,154102,Groww Small Cap Fund-Regular-Growth,12.5914
2026-08-25,154103,Groww Small Cap Fund-Regular-IDCW,12.5916
2026-08-25,154104,Groww Small Cap Fund - Direct-IDCW,12.721
2026-08-25,154105,Edelweiss Financial Services Fund - Direct Plan - IDCW Option,9.6472
2026-08-25,154106,Edelweiss Financial Services Fund - Regular Plan - IDCW Option,9.5685
2026-08-25,154107,Edelweiss Financial Services Fund - Regular Plan - Growth Option,9.5685
2026-08-25,154108,Edelweiss Financial Services Fund - Direct Plan - Growth Option,9.6472
2026-08-25,154109,Zerodha Nifty Short Duration G-Sec Index Fund - Direct Plan - Growth Option,1028.7384
2026-08-25,154111,Groww Nifty Chemicals ETF,30.094
2026-08-25,154112,Motilal Oswal Diversified Equity Flexicap Passive Fund of Funds- Direct - Growth,10.8928
2026-08-25,154113,Motilal Oswal Diversified Equity Flexicap Passive Fund of funds- Regular Growth,10.8556
2026-08-25,154114,Samco Mid Cap Fund - Direct Plan,10.21
2026-08-25,154115,Samco Mid Cap Fund - Regular Plan,10.13
2026-08-25,154119,Mahindra Manulife Innovation Opportunities Fund - Regular - IDCW,11.2454
2026-08-25,154120,Mahindra Manulife Innovation Opportunities Fund - Regular - Growth,11.2454
2026-08-25,154121,Mahindra Manulife Innovation Opportunities Fund - Direct - Growth,11.3603
2026-08-25,154122,Mahindra Manulife Innovation Opportunities Fund - Direct - IDCW,11.3603
2026-08-25,154123,Sundaram Income Plus Arbitrage Active FoF Fund-Direct-Growth,10.3812
2026-08-25,154124,Sundaram Income Plus Arbitrage Active FoF Fund-Direct-IDCW Payout,10.3812
2026-08-25,154125,Sundaram Income Plus Arbitrage Active FoF Fund-Regular-IDCW Payout,10.3643
2026-08-25,154127,Sundaram Income Plus Arbitrage Active FoF Fund-Regular-Growth,10.3643
2026-08-25,154129,Bandhan Gold ETF FOF-Direct-Growth,10.4630
2026-08-25,154130,Bandhan Gold ETF FOF-Regular-Growth,10.4337
2026-08-25,154131,THE WEALTH COMPANY GOLD ETF FOF DIRECT GROWTH,10.1536
2026-08-25,154132,THE WEALTH COMPANY GOLD ETF FOF DIRECT IDCW,10.1533
2026-08-25,154133,THE WEALTH COMPANY GOLD ETF FOF REGULAR GROWTH,10.1283
2026-08-25,154134,THE WEALTH COMPANY GOLD ETF FOF REGULAR IDCW,10.128
2026-08-25,154135,Bandhan Silver ETF FOF-Regular-Growth,7.8194
2026-08-25,154136,Bandhan Silver ETF FOF-Direct-Growth,7.8414
2026-08-25,154137,Motilal Oswal Financial Services Fund- Regular-Growth,10.8928
2026-08-25,154139,Motilal Oswal Financial Services Fund- Regular-IDCW-,10.8928
2026-08-25,154140,Motilal Oswal Financial Services Fund- Direct- IDCW,10.9788
2026-08-25,154142,Motilal Oswal Financial Services Fund- Direct Growth,10.9788
2026-08-25,154143,Shriram Money Market Fund - Regular Plan Growth Option,1037.3812
2026-08-25,154144,Shriram Money Market Fund - Direct Plan Growth Option,1038.8001
2026-08-25,154145,Kotak Nifty200 Value 30 Index Fund - Direct - Growth,9.671
2026-08-25,154146,Kotak Nifty200 Value 30 Index Fund - Direct - IDCW,9.671
2026-08-25,154147,Kotak Nifty200 Value 30 Index Fund - Regular - IDCW,9.654
2026-08-25,154148,Kotak Nifty200 Value 30 Index Fund - Regular - Growth,9.654
2026-08-25,154149,Kotak Services Fund - Direct - Growth,10.699
2026-08-25,154150,Kotak Services Fund - Direct - IDCW,10.699
2026-08-25,154151,Kotak Services Fund - Regular - Growth,10.625
2026-08-25,154152,Kotak Services Fund - Regular - IDCW,10.624
2026-08-25,154153,Parag Parikh Large Cap Fund - Regular Plan - IDCW,9.7547
2026-08-25,154154,Parag Parikh Large Cap Fund - Regular Plan - Growth,9.7548
2026-08-25,154155,Parag Parikh Large Cap Fund - Direct Plan - Growth,9.7759
2026-08-25,154156,Parag Parikh Large Cap Fund - Direct Plan - IDCW,9.7835
2026-08-25,154157,ITI Business Cycle Fund- Direct Plan- Growth,10.6666
2026-08-25,154158,ITI Business Cycle Fund- Direct Plan-IDCW,10.6666
2026-08-25,154159,ITI Business Cycle Fund- Regular Plan- Growth,10.5780
2026-08-25,154160,ITI Business Cycle Fund- Regular Plan- IDCW,10.5780
2026-08-25,154161,WhiteOak Capital Consumption Opportunities Fund Direct Plan Growth,10.658
2026-08-25,154162,WhiteOak Capital Consumption Opportunities Fund Regular Plan Growth,10.564
2026-08-25,154163,Groww Nifty PSE ETF,98.4759
2026-08-25,154164,Groww Nifty PSE ETF FOF Direct Growth,9.4211
2026-08-25,154165,DSP Multi Asset Omni Fund of Funds - Regular - Growth,10.2080
2026-08-25,154166,DSP Multi Asset Omni Fund of Funds - Direct - IDCW,10.2473
2026-08-25,154167,DSP Multi Asset Omni Fund of Funds - Direct - Growth,10.2473
2026-08-25,154168,DSP Multi Asset Omni Fund of Funds - Regular - IDCW,10.2080
2026-08-25,154169,Mirae Asset Nifty 500 Healthcare ETF,21.6245
2026-08-25,154170,Axis BSE India Sectors Leaders Index Fund- Regular Plan- Growth Option,9.6975
2026-08-25,154171,Axis BSE India Sectors Leaders Index Fund- Direct Plan- Growth Option,9.7408
2026-08-25,154172,Groww Nifty PSE ETF FOF Direct IDCW,9.4211
2026-08-25,154173,Groww Nifty PSE ETF FOF Regular Growth,9.4066
2026-08-25,154174,Groww Nifty PSE ETF FOF Regular IDCW,9.4066
2026-08-25,154175,SBI Quality Fund - Regular Plan - Growth,11.0122
2026-08-25,154176,SBI Quality Fund - Regular Plan - Income Distribution Cum Capital Withdrawal,11.0122
2026-08-25,154177,SBI Quality Fund - Direct Plan - Growth,11.0782
2026-08-25,154178,SBI Quality Fund - Direct Plan - Income Distribution Cum Capital Withdrawal,11.0782
2026-08-25,154179,HDFC Nifty India Consumption Index Fund - Direct Growth Plan,10.1839
2026-08-25,154180,HDFC Nifty India Consumption Index  Fund - Regular Growth Plan,10.16
2026-08-25,154181,Mirae Asset Nifty India Infrastructure & Logistics ETF,12.2292
2026-08-25,154182,Mirae Asset BSE India Defence ETF,82.3923
2026-08-25,154183,The Wealth Company Balanced Advantage Fund - Regular Growth,10.1405
2026-08-25,154184,The Wealth Company Balanced Advantage Fund - Regular IDCW,10.1392
2026-08-25,154185,The Wealth Company Balanced Advantage Fund - Direct Growth,10.2477
2026-08-25,154186,The Wealth Company Balanced Advantage Fund - Direct IDCW,10.2469
2026-08-25,154187,Mirae Asset BSE India Defence ETF FOF - Direct Plan - Growth,12.187
2026-08-25,154188,Mirae Asset BSE India Defence ETF FOF - Direct Plan - IDCW,12.184
2026-08-25,154189,Mirae Asset BSE India Defence ETF FOF - Regular Plan - Growth,12.150
2026-08-25,154190,Mirae Asset BSE India Defence ETF FOF - Regular Plan - IDCW,12.150
2026-08-25,154191,Baroda BNP Paribas Best-in-Class Strategy Fund - Regular - IDCW Payout Option,10.6607
2026-08-25,154193,Baroda BNP Paribas Best-in-Class Strategy Fund - Direct - IDCW Payout Option,10.7473
2026-08-25,154194,Baroda BNP Paribas Best-in-Class Strategy Fund - Regular - Growth Option,10.6607
2026-08-25,154195,Baroda BNP Paribas Best-in-Class Strategy Fund - Direct - Growth Option,10.7473
2026-08-25,154197,UTI Nifty500 Shariah Index Fund - Direct Plan Growth Option,10.2827
2026-08-25,154198,UTI Nifty500 Shariah Index Fund - Regular Plan Growth Option,10.2598
2026-08-25,154199,Groww BSE Hospitals ETF,52.2745
2026-08-25,154200,Groww BSE Hospitals ETF FOF Direct Growth,10.8819
2026-08-25,154201,Bajaj Finserv Ultra Short to Short Term Fund - Regular - IDCW,1028.9175
2026-08-25,154202,Bajaj Finserv Ultra Short to Short Term Fund - Direct - IDCW,1033.0329
2026-08-25,154203,Bajaj Finserv Ultra Short to Short Term Fund - Regular - Growth,1028.9175
2026-08-25,154204,Bajaj Finserv Ultra Short to Short Term Fund - Direct - Growth,1033.0329
2026-08-25,154205,ANGEL ONE SILVER ETF,9.1501
2026-08-25,154206,ANGEL ONE SILVER ETF FOF -DIRECT GROWTH,8.2903
2026-08-25,154207,ANGEL ONE SILVER ETF FOF -REGULAR GROWTH,8.2702
2026-08-25,154208,Edelweiss Gold ETF Fund of Fund Direct Plan Growth Option,9.9329
2026-08-25,154209,Edelweiss Gold ETF Fund of Fund Regular Plan Growth Option,9.9098
2026-08-25,154210,TRUSTMF MID CAP FUND -DIRECT -GROWTH,12.56
2026-08-25,154211,TRUSTMF MID CAP FUND -REGULAR-GROWTH,12.46
2026-08-25,154212,Capitalmind Multi Asset Allocation Fund-Direct-IDCW,10.1791
2026-08-25,154213,Capitalmind Multi Asset Allocation Fund-Regular-IDCW,10.1118
2026-08-25,154214,Abakkus Small Cap Fund - Regular  Plan - Growth,12.5640
2026-08-25,154215,Abakkus Small Cap Fund - Direct Plan - Growth,12.6390
2026-08-25,154216,Mirae Asset Nifty Metal ETF FOF - Direct Plan - Growth,10.744
2026-08-25,154217,Mirae Asset Nifty Metal ETF FOF - Direct Plan - IDCW,10.806
2026-08-25,154218,Mirae Asset Nifty Metal ETF FOF - Regular Plan - Growth,10.712
2026-08-25,154219,Mirae Asset Nifty Metal ETF FOF - Regular Plan - IDCW,10.712
2026-08-25,154220,Aditya Birla Sun Life MSCI India ETF,29.9476
2026-08-25,154221,Groww BSE Hospitals ETF FOF Direct IDCW,10.8821
2026-08-25,154222,Groww BSE Hospitals ETF FOF Regular IDCW,10.8619
2026-08-25,154223,Groww BSE Hospitals ETF FOF Regular Growth,10.8619
2026-08-25,154224,Aditya Birla Sun Life BSE Top 10 Banks ETF,169.2816
2026-08-25,154225,Old Bridge Flexi Cap Fund Direct Growth,11.58
2026-08-25,154226,Old Bridge Flexi Cap Fund Regular Growth,11.50
2026-08-25,154227,Old Bridge Flexi Cap Fund Regular IDCW,11.50
2026-08-25,154228,Old Bridge Flexi Cap Fund Direct IDCW,11.58
2026-08-25,154231,Capitalmind Multi Asset Allocation Fund-Regular-Growth,10.1118
2026-08-25,154232,Capitalmind Multi Asset Allocation Fund-Direct-Growth,10.1791
2026-08-25,154233,Capitalmind Arbitrage Fund-regular-Growth,10.2311
2026-08-25,154234,Capitalmind Arbitrage Fund-Direct-IDCW,10.2671
2026-08-25,154235,Capitalmind Arbitrage Fund-Regular-IDCW,10.2312
2026-08-25,154236,Capitalmind Arbitrage Fund-Direct-Growth,10.2671
2026-08-25,154237,SBI Nifty Midcap 150 Momentum 50 ETF,64.5454
2026-08-25,154238,Motilal Oswal Multi Factor Passive Fund of Funds - Regular,10.4240
2026-08-25,154239,Motilal Oswal Multi Factor Passive Fund of Funds - Direct,10.4531
2026-08-25,154244,LIC MF Technology Fund-Direct Plan-Growth,11.5202
2026-08-25,154245,LIC MF Technology Fund-Direct Plan-IDCW,11.5199
2026-08-25,154246,LIC MF Technology Fund-Regular Plan-IDCW,11.4353
2026-08-25,154247,LIC MF Technology Fund-Regular Plan-Growth,11.4353
2026-08-25,154248,Canara Robeco Banking and Financials Services Fund - Regular Plan - Growth,11.1300
2026-08-25,154249,Canara Robeco Banking and Financials Services Fund - Regular Plan - IDCW,11.1300
2026-08-25,154250,Canara Robeco Banking and Financials Services Fund - Direct Plan - Growth,11.2100
2026-08-25,154251,Canara Robeco Banking and Financials Services Fund - Direct Plan - IDCW,11.2100
2026-08-25,154252,Nippon India CRISIL-IBX Financial Services 9-12 Months Debt Index Fund -Direct Plan - Growth Option,10.3379
2026-08-25,154253,Nippon India CRISIL-IBX Financial Services 9-12 Months Debt Index Fund -Direct Plan-IDCW Option,10.3379
2026-08-25,154254,Nippon India CRISIL-IBX Financial Services 9-12 Months Debt Index Fund -Regular Plan - IDCW Option,10.3285
2026-08-25,154255,Nippon India CRISIL-IBX Financial Services 9-12 Months Debt Index Fund -Regular Plan - Growth Option,10.3285
2026-08-25,154256,DSP BSE Top 10 Banks ETF,16.9362
2026-08-25,154257,Helios Arbitrage Fund - Direct Growth,10.27
2026-08-25,154258,Helios Arbitrage Fund - Regular Growth,10.23
2026-08-25,154259,Helios Arbitrage Fund - Direct IDCW,10.26
2026-08-25,154260,Helios Arbitrage Fund - Regular IDCW,10.23
2026-08-25,154261,HDFC INCOME PLUS ARBITRAGE OMNI FOF - GROWTH OPTION -REGULAR PLAN,10.3606
2026-08-25,154262,HDFC INCOME PLUS ARBITRAGE OMNI FOF - GROWTH OPTION - DIRECT PLAN,10.3757
2026-08-25,154263,HDFC INCOME PLUS ARBITRAGE OMNI FOF - IDCW OPTION - DIRECT PLAN,10.3757
2026-08-25,154264,HDFC INCOME PLUS ARBITRAGE OMNI FOF - IDCW OPTION - REGULAR PLAN,10.3606
2026-08-25,154265,ICICI Prudential Diversified Equity All Cap Active FOF - Growth,11.0440
2026-08-25,154266,ICICI Prudential Diversified Equity All Cap Active FOF - Direct Plan - Growth,11.0957
2026-08-25,154267,The Wealth Company Small Cap Fund- Regular-IDCW,11.8491
2026-08-25,154268,The Wealth Company Small Cap Fund- Regular-Growth,11.8498
2026-08-25,154269,The Wealth Company Small Cap Fund- Direct-Growth,11.9437
2026-08-25,154270,The Wealth Company Small Cap Fund- Direct-IDCW,11.9453
2026-08-25,154271,Nippon India CRISIL-IBX Financial Services 3-6 Months Debt Index Fund- Direct Plan- Growth Option,10.3558
2026-08-25,154272,Nippon India CRISIL-IBX Financial Services 3-6 Months Debt Index Fund- Direct Plan-IDCW Option,10.3558
2026-08-25,154273,Nippon India CRISIL-IBX Financial Services 3-6 Months Debt Index Fund- Regular Plan- IDCW Option,10.3471
2026-08-25,154274,Nippon India CRISIL-IBX Financial Services 3-6 Months Debt Index Fund- Regular Plan- Growth Option,10.3471
2026-08-25,154275,Kotak Multi Factor Passive FOF - Direct- Growth,11.197
2026-08-25,154276,Kotak Multi Factor Passive FOF - Regular- Growth,11.186
2026-08-25,154277,Groww Nifty PSU Bank ETF,86.3072
2026-08-25,154278,Groww Nifty PSU Bank Index Fund Direct Growth,10.2231
2026-08-25,154279,Mirae Asset Silver ETF FOF - Direct Plan - Growth,10.685
2026-08-25,154280,Mirae Asset Silver ETF FOF - Direct Plan - IDCW,10.685
2026-08-25,154281,Mirae Asset Silver ETF FOF - Regular Plan - Growth,10.658
2026-08-25,154282,Mirae Asset Silver ETF FOF - Regular Plan - IDCW,10.658
2026-08-25,154283,Groww Nifty PSU Bank Index Fund Direct IDCW,10.2218
2026-08-25,154284,Groww Nifty PSU Bank Index Fund Regular Growth,10.1998
2026-08-25,154285,Groww Nifty PSU Bank Index Fund Regular IDCW,10.1998
2026-08-25,154286,Kotak Quality Overseas Equity Active FOF - Regular Plan - Growth,11.592
2026-08-25,154287,Kotak Quality Overseas Equity Active FOF - Direct Plan - Growth-,11.625
2026-08-25,154288,Kotak Quality Overseas Equity Active FOF - Direct Plan - IDCW,11.625
2026-08-25,154289,Kotak Quality Overseas Equity Active FOF - Regular Plan - IDCW,11.592
2026-08-25,154294,HSBC Gold ETF,139.3852
2026-08-25,154295,HSBC Gold ETF Fund of fund - Direct Growth,11.0072
2026-08-25,154296,HSBC Gold ETF Fund of fund - Regular IDCW,10.9896
2026-08-25,154297,HSBC Gold ETF Fund of fund - Direct IDCW,11.0072
2026-08-25,154298,HSBC Gold ETF Fund of fund - Regular Growth,10.9896
2026-08-25,154299,Mirae Asset Nifty 500 Value 50 ETF,16.2064
2026-08-25,154301,Choice Nifty 50 Index Fund - Direct Plan Growth,10.5297
2026-08-25,154302,Choice Nifty 50 Index Fund - Regular Plan Growth,10.5177
2026-08-25,154303,Choice Nifty Next 50 Index Fund - Regular Plan Growth,11.5685
2026-08-25,154304,Choice Nifty Next 50 Index Fund - Direct Plan Growth,11.5865
2026-08-25,154305,SBI Nifty Midcap 150 ETF,23.5898
2026-08-25,154306,Zerodha Nifty MidSmallcap400 50:50 Index Fund - Direct Plan - Growth Option,11.5225
2026-08-25,154307,JioBlackRock Large Cap Fund - Direct Plan - Growth Option,10.1503
2026-08-25,154308,HDFC CRISIL-IBX Financial Services 9-12 Months Debt Index Fund - Direct Growth Plan,10.3309
2026-08-25,154309,HDFC CRISIL-IBX Financial Services 9-12 Months Debt Index Fund - Regular Growth Plan,10.3219
2026-08-25,154310,Edelweiss Nifty LargeMidcap 250 Plus 8-13 yr G-Sec 70-30 Index Fund Direct Plan Growth,10.9802
2026-08-25,154311,Edelweiss Nifty LargeMidcap250 Plus 8-13 yr G-Sec 70-30 Index Fund Direct Plan Monthly IDCW,10.9801
2026-08-25,154312,Edelweiss Nifty LargeMidcap 250 Plus 8-13 yr G-Sec 70-30 Index Fund Regular Plan Growth,10.9512
2026-08-25,154313,Edelweiss Nifty LargeMidcap250 Plus 8-13 yr G-Sec 70-30 Index Fund Regular Plan Monthly IDCW,10.9512
2026-08-25,154314,Edelweiss Nifty LargeMidcap250 Plus 8-13 yr G-Sec 70-30 Index Fund - Direct Plan - Quarterly IDCW,10.9803
2026-08-25,154315,Edelweiss Nifty LargeMidcap250 Plus 8-13 yr G-Sec 70-30 Index Fund - Regular Plan - Quarterly IDCW,10.9513
2026-08-25,154316,Kotak Multi Asset Active FOF - Direct - Growth,10.457
2026-08-25,154317,Kotak Multi Asset Active FOF - Direct - IDCW,10.457
2026-08-25,154318,Kotak Multi Asset Active FOF - Regular- IDCW,10.432
2026-08-25,154319,Kotak Multi Asset Active FOF - Regular - Growth,10.432
2026-08-25,154320,Groww Arbitrage Fund Direct Growth,10.2174
2026-08-25,154321,Zerodha Nifty LargeMidcap250 Plus 8-13 Yr G-Sec 70:30 Index Fund - Direct Plan - Growth Option,10.3592
2026-08-25,154322,Motilal Oswal BSE Top 10 Banks ETF,16.9409
2026-08-25,154323,Groww Arbitrage Fund Direct IDCW,10.2174
2026-08-25,154324,Groww Arbitrage Fund Regular IDCW,10.1929
2026-08-25,154325,Groww Arbitrage Fund Regular Growth,10.1929
2026-08-25,154326,Axis Nifty India Defence Index Fund - Direct Plan - Growth,10.8281
2026-08-25,154327,Axis Nifty India Defence Index Fund - Regular Plan - Growth,10.7998
2026-08-25,154328,SBI CRISIL - IBX Financial Services 9-12 Months Debt Index Fund - Regular Plan - Growth,10.2253
2026-08-25,154329,SBI CRISIL - IBX Financial Services 3-6 Months Debt Index Fund - Regular Plan - Growth,10.2396
2026-08-25,154330,SBI CRISIL - IBX Financial Services 3-6 Months Debt Index Fund - Regular Plan - IDCW,10.2396
2026-08-25,154331,SBI CRISIL - IBX Financial Services 3-6 Months Debt Index Fund - Direct Plan - Growth,10.2432
2026-08-25,154332,SBI CRISIL - IBX Financial Services 3-6 Months Debt Index Fund - Direct Plan - IDCW,10.2432
2026-08-25,154333,SBI CRISIL - IBX Financial Services 9-12 Months Debt Index Fund - Regular Plan - IDCW,10.2253
2026-08-25,154334,SBI CRISIL - IBX Financial Services 9-12 Months Debt Index Fund - Direct Plan - Growth,10.2325
2026-08-25,154335,SBI CRISIL - IBX Financial Services 9-12 Months Debt Index Fund - Direct Plan - IDCW,10.2325
2026-08-25,154336,Motilal Oswal Contra Fund – Direct – IDCW,10.4383
2026-08-25,154337,Motilal Oswal Contra Fund - Direct – Growth,10.4383
2026-08-25,154338,Motilal Oswal Contra Fund - Regular – Growth,10.3968
2026-08-25,154339,Motilal Oswal Contra Fund - Regular - IDCW,10.3968
2026-08-25,154340,Invesco India BSE Sensex Index Fund - Direct Plan - Growth,10.2023
2026-08-25,154342,Invesco India BSE Sensex Index Fund - Regular Plan - Growth,10.1877
2026-08-25,154343,Invesco India Nifty Bank Index Fund - Direct Plan - Growth,10.6315
2026-08-25,154344,Invesco India Nifty Bank Index Fund - Regular Plan - Growth,10.6131
2026-08-25,154345,Groww Nifty Private Bank ETF,27.5759
2026-08-25,154346,Groww Nifty Private Bank Index Fund Direct Growth,10.2316
2026-08-25,154347,Edelweiss Nifty Next 50 ETF,74.2745
2026-08-25,154348,Axis Nifty Capital Markets Index Fund- Direct Plan,9.8462
2026-08-25,154349,Axis Nifty Capital Markets Index Fund- Regular Plan,9.8248
2026-08-25,154350,Groww Nifty Private Bank Index Fund Regular Growth,10.2142
2026-08-25,154351,Groww Nifty Private Bank Index Fund Regular IDCW,10.2142
2026-08-25,154352,Groww Nifty Private Bank Index Fund Direct IDCW,10.2316
2026-08-25,154353,SBI Nifty Smallcap 250 ETF,18.3696
2026-08-25,154354,SBI Nifty200 Value 30 ETF,14.8268
2026-08-25,154357,DSP Nifty FMCG ETF,47.9208
2026-08-25,154358,Kotak Ultra Short to Short Term Fund - Direct Plan - Weekly - Reinvestment & Payout of Income Distribution cum Capital Withdrawal Option,1046.604
2026-08-25,154359,Kotak Ultra Short to Short Term Fund - Regular Plan - Monthly - Reinvestment & Payout of Income Distribution cum Capital Withdrawal Option,1007.0149
2026-08-25,154361,Kotak Ultra Short to Short Term Fund - Direct Plan - Monthly - Reinvestment & Payout of Income Distribution cum Capital Withdrawal Option,1014.0995
2026-08-25,154362,SBI Nifty G-sec Jul 2031 Index Fund - REGULAR - GROWTH,10.3227
2026-08-25,154363,SBI CRISIL-IBX 10:90 Gilt + SDL Index - Dec 2029 Index Fund - Regular - Growth,10.2850
2026-08-25,154364,Motilal Oswal BSE Clean Environment Index Fund - Direct,9.3207
2026-08-25,154365,Motilal Oswal BSE Clean Environment Index Fund - Growth,9.3105
2026-08-25,154366,360 ONE MSCI India ETF,10.2423
2026-08-25,154367,SBI CRISIL-IBX 10:90 GLIT + SDL INDEX DEC 2029 INDEX FUND - REGULAR - IDCW,10.2850
2026-08-25,154369,SBI CRISIL-IBX 10:90 GLIT + SDL INDEX DEC 2029 INDEX FUND - DIRECT IDCW,10.2902
2026-08-25,154370,SBI CRISIL-IBX 10:90 GILT + SDL INDEX DEC 2029 INDEX FUND - DIRECT - GROWTH,10.2902
2026-08-25,154372,SBI NIFTY G-SEC JUL 2031 INDEX FUND - DIRECT - GROWTH,10.3279
2026-08-25,154373,SBI NIFTY G-SEC JUL 2031 INDEX FUND - REGULAR - IDCW,10.3227
2026-08-25,154375,SBI NIFTY G-SEC JUL 2031 INDEX FUND - DIRECT - IDCW,10.3280
2026-08-25,154377,Motilal Oswal BSE Midcap 150 Momentum 30 Index Fund-Direct,10.6266
2026-08-25,154378,Motilal Oswal BSE Midcap 150 Momentum 30 Index Fund-Regular,10.6208
2026-08-25,154379,The Wealth Company Large & Mid Cap Fund Regular IDCW,10.5715
2026-08-25,154380,The Wealth Company Large & Mid Cap Fund Direct IDCW,10.6158
2026-08-25,154381,The Wealth Company Large & Mid Cap Fund Direct Growth,10.6165
2026-08-25,154382,The Wealth Company Large & Mid Cap Fund Regular Growth,10.5714
2026-08-25,154383,Groww Nifty Smallcap 250 Momentum Quality 100 Index Fund Direct Growth,10.6413
2026-08-25,154384,Groww Nifty Smallcap 250 Momentum Quality 100 ETF,48.8539
2026-08-25,154385,Groww Nifty Smallcap 250 Momentum Quality 100 Index Fund Direct IDCW,10.6413
2026-08-25,154386,Groww Nifty Smallcap 250 Momentum Quality 100 Index Fund Regular IDCW,10.6298
2026-08-25,154387,Groww Nifty Smallcap 250 Momentum Quality 100 Index Fund Regular Growth,10.6298
2026-08-25,154388,Kotak Nifty Alpha Low Volatility 30 Index Fund - Direct- Growth,10.423
2026-08-25,154389,Kotak Nifty Alpha Low Volatility 30 Index Fund - Regular - Growth,10.412
2026-08-25,154390,Kotak Nifty Alpha Low Volatility 30 Index Fund - Regular - IDCW,10.412
2026-08-25,154391,Kotak Nifty Alpha Low Volatility 30 Index Fund - Direct- IDCW,10.423
2026-08-25,154392,WhiteOak Capital Aggressive Hybrid Fund Direct Plan Growth,10.538
2026-08-25,154393,WhiteOak Capital Aggressive Hybrid Fund Regular Plan Growth,10.506
2026-08-25,154394,Shriram Overnight Fund- Direct Growth,1269.6076
2026-08-25,154395,Shriram Overnight Fund- Direct Daily IDCW,1000.0191
2026-08-25,154396,Shriram Overnight Fund- Direct Monthly IDCW,1001.0888
2026-08-25,154398,Shriram Overnight Fund- Regular Daily IDCW,1000.01
2026-08-25,154399,Shriram Overnight Fund- Regular Growth,1265.4916
2026-08-25,154402,Shriram Overnight Fund- Regular Monthly IDCW,1001.1149
2026-08-25,154404,ICICI Prudential Nifty Smallcap 250 ETF,18.3810
2026-08-25,154405,Tata Multi Sector Passive FOF Regular Plan Growth Option,10.0493
2026-08-25,154406,Tata Multi Sector Passive FOF Regular Plan IDCW Payout Option,10.0493
2026-08-25,154407,Tata Multi Sector Passive FOF Regular Plan IDCW Reinvestment Option,10.0493
2026-08-25,154408,Tata Multi Sector Passive FOF Direct Plan IDCW Reinvestment Option,10.0551
2026-08-25,154409,Tata Multi Sector Passive FOF Direct Plan Growth Option,10.0551
2026-08-25,154410,Tata Multi Sector Passive FOF Direct Plan IDCW Payout Option,10.0551
2026-08-25,154413,Choice Overnight Fund - Growth Option - Direct Plan,100.7324
2026-08-25,154414,Choice Overnight Fund - Daily IDCW Option - Regular Plan,100.1000
2026-08-25,154415,Choice Overnight Fund - Growth Option - Regular Plan,100.7170
2026-08-25,154416,Choice Overnight Fund - Daily IDCW Option - Direct Plan,100.1000
2026-08-25,154417,ICICI Prudential Balanced Hybrid Fund - Direct Plan - Growth,10.18
2026-08-25,154418,ICICI Prudential Balanced Hybrid Fund - Growth,10.17
2026-08-25,154419,ICICI Prudential Balanced Hybrid Fund - IDCW,10.17
2026-08-25,154420,ICICI Prudential Balanced Hybrid Fund - Direct Plan - IDCW,10.18
2026-08-25,154421,JM Multi Asset Allocation Fund (Direct) - IDCW,10.5186
2026-08-25,154422,JM Multi Asset Allocation Fund (Regular) - IDCW,10.4979
2026-08-25,154423,JM Multi Asset Allocation Fund (Direct) - Growth Option,10.5186
2026-08-25,154424,JM Multi Asset Allocation Fund (Regular) - Growth Option,10.4979
2026-08-25,154426,DSP Money Market Fund - Direct Plan - IDCW Weekly,10.0228
2026-08-25,154427,HDFC Nifty Auto Index Fund- Direct Plan- Growth Option,10.7133
2026-08-25,154428,HDFC Nifty Auto Index Fund- Growth Option,10.705
2026-08-25,154431,Invesco India Ultra Short Term Fund - Regular Plan - Weekly IDCW (Payout / Reinvestment),1146.132
2026-08-25,154432,Invesco India Ultra Short Term Fund - Direct Plan - Weekly IDCW (Payout / Reinvestment),1146.5755
2026-08-25,154433,TRUSTMF LARGE & MIDCAP FUND - DIRECT PLAN - GROWTH,10.39
2026-08-25,154434,TRUSTMF LARGE & MIDCAP FUND - REGULAR PLAN - GROWTH,10.37
2026-08-25,154436,Zerodha Life Cycle Fund 2036 - Direct - Growth,10.1854
2026-08-25,154437,Zerodha Life Cycle Fund 2041 - Direct - Growth,10.1999
2026-08-25,154438,ALPHAGREP MULTI ASSET ALLOCATION FUND-DIRECT-GROWTH,10.4148
2026-08-25,154440,ALPHAGREP MULTI ASSET ALLOCATION FUND-REGULAR-GROWTH,10.3978
2026-08-25,154442,ALPHAGREP MULTI ASSET ALLOCATION FUND-REGULAR-IDCW,10.3978
2026-08-25,154443,ALPHAGREP MULTI ASSET ALLOCATION FUND-DIRECT-IDCW,10.4148
2026-08-25,154449,ICICI Prudential Multi-Asset Active FOF - Direct Plan - Growth,10.2445
2026-08-25,154450,ICICI Prudential Multi-Asset Active FOF - Growth,10.2332
2026-08-25,154451,NJ Momentum Fund - Direct Growth,10.22
2026-08-25,154452,NJ Momentum Fund - Regular Growth,10.21
2026-08-25,154453,NJ Momentum Fund - Regular IDCW,10.21
2026-08-25,154454,NJ Momentum Fund - Direct IDCW,10.22
2026-08-25,154455,NJ Value Fund - Regular IDCW,9.86
2026-08-25,154456,NJ Value Fund - Direct Growth,9.87
2026-08-25,154457,NJ Value Fund - Direct IDCW,9.87
2026-08-25,154458,NJ Value Fund - Regular Growth,9.86
2026-08-25,154459,Axis Nifty50 Equal Weight Index Fund-Regular Plan- Growth Option,10.1982
2026-08-25,154460,Axis Nifty50 Equal Weight Index Fund-Direct Plan- Growth Option,10.2060
2026-08-25,154461,Edelweiss Nifty Metal ETF,13.3619
2026-08-25,154462,Mirae Asset Money Market Fund - Direct Plan - Weekly IDCW,1364.0327
2026-08-25,154466,UTI Nifty 1D Rate Liquid ETF - Growth,1005.5265
2026-08-25,154467,SBI Crisil - IBX SDL Index - June 2034 Index Fund - Direct Plan - Growth,10.0500
2026-08-25,154468,SBI Crisil - IBX SDL Index - June 2034 Index Fund - Regular Plan - Growth,10.0477
2026-08-25,154469,SBI Crisil - IBX SDL Index - June 2034 Index Fund - Regular Plan - IDCW,10.0477
2026-08-25,154470,SBI Crisil - IBX SDL Index - June 2034 Index Fund - Direct Plan - IDCW,10.0500
2026-08-25,154471,Mirae Asset BSE Midcap 150 Momentum 30 ETF,13.2112
2026-08-25,154473,Mirae Asset BSE Midcap 150 Momentum 30 ETF FOF - Regular Plan - Growth,10.663
2026-08-25,154474,Mirae Asset BSE Midcap 150 Momentum 30 ETF FOF - Direct Plan - Growth,10.668
2026-08-25,154476,Groww Nifty Cements ETF,14.86
2026-08-25,154477,Abakkus Large & Mid Cap Fund - Direct  Plan - Growth,10.0880
2026-08-25,154478,Abakkus Large & Mid Cap Fund - Regular Plan - Growth,10.0780
2026-08-25,154479,The Wealth Company Mid Cap Fund- Regular-Growth,10.0237
2026-08-25,154481,The Wealth Company Mid Cap Fund- Direct-Growth,10.0321
2026-08-25,154483,The Wealth Company Mid Cap Fund- Direct- IDCW,10.0356
2026-08-25,154484,The Wealth Company Mid Cap Fund-Regular-IDCW,10.0241
2026-08-25,154485,Baroda BNP Paribas Services Fund - Direct IDCW Payout option,10.0566
2026-08-25,154486,Baroda BNP Paribas Services Fund - Regular Growth option,10.0446
2026-08-25,154487,Baroda BNP Paribas Services Fund - Regular IDCW Payout,10.0446
2026-08-25,154490,Baroda BNP Paribas Services Fund - Direct Growth Option,10.0566
2026-08-25,154491,Kotak Nifty Private Bank ETF,27.536
2026-08-25,154492,Bajaj Finserv BSE Top 10 Banks ETF,20.8440
2026-08-25,154493,Mirae Asset Nifty200 Momentum 30 Plus 8-13yr G-Sec 75:25 Index Fund - Direct Plan - Growth,10.333
2026-08-25,154494,Mirae Asset Nifty200 Momentum 30 Plus 8-13yr G-Sec 75:25 Index Fund - Direct Plan - IDCW,10.333
2026-08-25,154495,Mirae Asset Nifty200 Momentum 30 Plus 8-13yr G-Sec 75:25 Index Fund - Regular Plan - Growth,10.327
2026-08-25,154496,Mirae Asset Nifty200 Momentum 30 Plus 8-13yr G-Sec 75:25 Index Fund - Regular Plan - IDCW,10.327
2026-08-25,154497,Mirae Asset Nifty200 Momentum 30 Plus 8-13 yr G-Sec 50:50 ETF,10.1618
2026-08-25,154503,ICICI Prudential BSE Insurance ETF,15.4821
2026-08-25,154504,HDFC Nifty Metal ETF - Growth Option,133.6675
2026-08-25,154505,HDFC Nifty Metal ETF FOF - Direct Plan - Growth Option,10.1236
2026-08-25,154506,HDFC Nifty Metal ETF FOF - Growth Option,10.1195
2026-08-25,154507,Kotak Money Market Fund - Direct - IDCW Weekly,1002.6306
2026-08-25,154509,Kotak Short Term Fund - Regular - IDCW Weekly,10.0015
2026-08-25,154510,Kotak Short Term Fund - Direct - IDCW Weekly,9.999
2026-08-25,154511,Kotak Corporate Bond Fund - Regular - IDCW Weekly,999.153
2026-08-25,154513,Kotak Ultra Short Term Fund - Direct - IDCW Weekly,10.0109
2026-08-25,154514,Kotak Ultra Short Term Fund - Regular - IDCW Weekly,10.0086
2026-08-25,154517,AlphaGrep Flexi Cap Fund - Regular- IDCW,10.17
2026-08-25,154518,AlphaGrep Flexi Cap Fund - Direct - Growth,10.18
2026-08-25,154519,AlphaGrep Flexi Cap Fund - Regular - Growth,10.17
2026-08-25,154520,AlphaGrep Flexi Cap Fund - Direct-IDCW,10.18
2026-08-25,154521,Abakkus Liquid Fund - Unclaimed Redemption Less than 3 Years,100.5966
2026-08-25,154523,SBI Nifty Midcap 150 Momentum 50 ETF FOF - Regular - Growth,10.0916
2026-08-25,154524,Edelweiss BSE Top 10 Bank ETF,16.8106
2026-08-25,154525,SBI Nifty Midcap 150 Momentum 50 ETF FOF - Regular - IDCW,10.0916
2026-08-25,154526,SBI Nifty Midcap 150 Momentum 50 ETF FOF - Direct - Growth,10.0941
2026-08-25,154527,SBI Nifty Midcap 150 Momentum 50 ETF FOF - Direct - IDCW,10.0941
2026-08-25,154528,DSP BSE MidSmall Private Banks ETF,17.4909
2026-08-25,154535,Edelweiss BSE LargeMid (60:40) Stable Dividend 50 ETF,36.9217
2026-08-25,154536,Invesco India Nifty Bank ETF,57.466
2026-08-25,154537,Invesco India BSE Sensex ETF,77.6846
2026-08-25,154538,Franklin India Short Term Fund - Direct - IDCW,10.0159
2026-08-25,154539,Franklin India Short Term Fund- IDCW,10.0137
2026-08-25,154540,Franklin India Short Term Fund- Growth,10.0137
2026-08-25,154541,Franklin India Short Term Fund - Direct - Growth,10.0159
2026-08-25,154550,JioBlackRock Nifty 50 ETF,12.4752
2026-08-25,154551,Motilal Oswal Nifty Metal ETF,13.3730
2026-08-25,154552,Motilal Oswal Nifty Oil & Gas ETF,11.2221
2026-08-25,154565,AlphaGrep Liquid Omni FoF- Direct Growth,1003.1918
2026-08-25,154566,AlphaGrep Liquid Omni FoF- Direct IDCW,1003.1918
2026-08-25,154567,AlphaGrep Liquid Omni FoF- Regular Growth,1003.1065
2026-08-25,154568,AlphaGrep Liquid Omni FoF- Regular IDCW,1003.1065
2026-08-25,154593,DSP NIFTY 10 YR BENCHMARK G-SEC ETF,26.7818
2026-08-25,154606,Kotak Liquid Fund - Direct - IDCW,1002.6176
2026-08-25,154608,Kotak Ultra Short Term Fund - Direct - IDCW,10.0235
2026-08-25,154609,Kotak Corporate Bond Fund - Direct -IDCW,998.3884
2026-08-25,154612,Kotak Money Market Fund - Direct - IDCW,1002.8814
2026-08-25,154613,Bajaj Finserv Money Market Fund-Regular Plan-Weekly-IDCW,1051.4181
2026-08-25,154614,Bajaj Finserv Money Market Fund-Direct Plan-Weekly-IDCW,1043.8441
2026-08-25,154619,Zerodha Arbitrage Fund - Direct - Growth,10.0168
2026-08-25,154624,Choice Overnight Fund -Direct -Unclaimed Less than 3 years Redemption Plan,100.1781
2026-08-25,154625,quant Silver ETF,24.1766
2026-08-25,154626,Mirae Asset BSE LargeMid (60:40) Stable Dividend 50 ETF,36.9278
2026-08-25,154632,JioBlackRock Large Cap Fund - Regular Plan - Growth Option,10.0084
2026-08-25,154633,JioBlackRock Nifty 50 Index Fund - Regular Plan - Growth Option,10.0178
2026-08-25,154634,JioBlackRock Nifty Smallcap 250 Index Fund - Regular Plan - Growth Option,9.9985
2026-08-25,154637,JioBlackRock Sector Rotation Fund- Regular Plan - Growth Option,10.0531
2026-08-25,154638,JioBlackRock Arbitrage Fund - Regular Plan - Growth Option,9.9971
2026-08-25,154639,JioBlackRock Money Market Fund - Regular Plan - Growth Option,1001.2245
2026-08-25,154640,JioBlackRock Overnight Fund - Regular Plan - Growth Option,1000.2676
2026-08-25,154641,JioBlackRock Flexi Cap Fund - Regular Plan - Growth Option,10.0247
2026-08-25,154642,JioBlackRock Nifty 8-13 yr G-Sec Index Fund - Regular Plan - Growth Option,9.9898
2026-08-25,154643,JioBlackRock Nifty Midcap 150 Index Fund - Regular Plan - Growth Option,10.0697
2026-08-25,154644,JioBlackRock Nifty Next 50 Index Fund - Regular Plan - Growth Option,10.0416
2026-08-25,154645,JioBlackRock Liquid Fund - Regular Plan - Growth Option,1000.8169
