date,scheme_code,scheme_name,nav
2026-09-04,100033,Aditya Birla Sun Life Large & Mid Cap Fund - Regular Growth,962.33
2026-09-04,100034,Aditya Birla Sun Life Large & Mid Cap Fund -Regular - IDCW,140.16
2026-09-04,100037,Aditya Birla Sun Life Medium to Long Term Fund - Regular - Quarterly IDCW,13.0634
2026-09-04,100038,Aditya Birla Sun Life Medium to Long Term Fund - Growth - Regular Plan,129.7409
2026-09-04,100046,Aditya Birla Sun Life Liquid Fund -Daily IDCW,100.1950
2026-09-04,100047,Aditya Birla Sun Life Liquid Fund - Growth,452.4799
2026-09-04,100051,Aditya Birla Sun Life Liquid Fund -weekly IDCW,100.2250
2026-09-04,100057,Aditya Birla Sun Life Gilt Fund -Regular - Quarterly IDCW,10.7455
2026-09-04,100058,Aditya Birla Sun Life Gilt Fund  - Growth - Regular Plan,81.4484
2026-09-04,100063,Aditya Birla Sun Life MNC Fund - Regular - IDCW,209.83
2026-09-04,100064,Aditya Birla Sun Life MNC Fund - Growth - Regular Plan,1304.80
2026-09-04,100077,DSP Medium Term Fund - IDCW,11.6926
2026-09-04,100078,DSP Medium Term Fund - Growth,86.7298
2026-09-04,100079,DSP Medium Term Fund - IDCW - Monthly,11.1784
2026-09-04,100080,DSP Flexi Cap Fund - Regular Plan - IDCW,58.6050
2026-09-04,100081,DSP Aggressive Hybrid Fund- Regular Plan - Growth,346.5420
2026-09-04,100082,DSP Aggressive Hybrid Fund- Regular Plan - IDCW,26.1590
2026-09-04,100084,DSP Gilt Fund - Regular Plan - Growth,98.6135
2026-09-04,100085,DSP Gilt Fund - Regular Plan - IDCW,12.7806
2026-09-04,100086,DSP Gilt Fund - Regular Plan - IDCW - Monthly,10.7875
2026-09-04,100087,DSP Money Market Fund - Regular Plan - Growth,56.7231
2026-09-04,100088,DSP Money Market Fund - Regular Plan - IDCW,12.6256
2026-09-04,100089,DSP Money Market Fund - Regular Plan - IDCW - Monthly,11.0307
2026-09-04,100119,HDFC Balanced Advantage Fund - Growth Plan,522.955
2026-09-04,100120,HDFC Balanced Advantage Fund - IDCW Plan,36.021
2026-09-04,100123,HDFC Medium to Long Term Fund - Quarterly IDCW Option,11.5056
2026-09-04,100124,HDFC Income Fund - Growth Option,60.5242
2026-09-04,100174,quant ELSS Tax Saver Fund - IDCW Option - Regular Plan,56.7986
2026-09-04,100175,quant ELSS Tax Saver Fund - Growth Option - Regular Plan,409.0314
2026-09-04,100176,quant Small Cap Fund - IDCW Option - Regular Plan,233.8855
2026-09-04,100177,quant Small Cap Fund - Growth - Regular Plan,294.1019
2026-09-04,100218,JM Large Cap Fund (Regular) - IDCW,29.8827
2026-09-04,100219,JM Large Cap Fund (Regular) - Growth Option,153.9362
2026-09-04,100220,JM Aggressive Hybrid Fund (Regular) - IDCW,34.0014
2026-09-04,100221,JM Aggressive Hybrid Fund (Regular) -Growth Option,121.5677
2026-09-04,100222,JM Medium to Long Term Fund (Regular) - Quarterly IDCW,21.9545
2026-09-04,100223,JM Medium to Long Term Fund (Regular) - Growth Option,64.5709
2026-09-04,100233,JM Liquid Fund (Regular) - Weekly IDCW,11.0136
2026-09-04,100234,JM Liquid Fund - Growth Option,76.5128
2026-09-04,100244,JM Liquid Fund (Regular) - Quarterly IDCW,43.307
2026-09-04,100247,JM Liquid Fund (Regular) - Super Institutional Plan - Growth Option,43.994
2026-09-04,100254,JM Value Fund (Regular) - Growth Option,97.6039
2026-09-04,100264,Kotak Gilt Fund -Investment Regular-Payout of Income Distribution cum capital withdrawal option,18.9457
2026-09-04,100265,Kotak Gilt Fund -Investment Regular-Growth,96.957
2026-09-04,100280,Kotak Gilt Fund -Investment  Provident Fund and Trust-Payout of Income Distribution cum capital withdrawal option,11.7805
2026-09-04,100281,Kotak Gilt Fund -Investment  Provident Fund and Trust-Growth,99.1939
2026-09-04,100286,Kotak Aggressive Hybrid Fund - Regular Plan - IDCW - Payout & Reinvestment of Income Distribution cum capital withdrawal option,38.446
2026-09-04,100299,Kotak Medium to Long Term Fund - Regular Plan Growth,80.0134
2026-09-04,100300,Kotak Medium to Long Term Fund - Regular Plan - Standard IDCW Option,49.0218
2026-09-04,100312,LIC MF Flexi Cap Fund-Regular Plan-IDCW,33.843
2026-09-04,100313,LIC MF Flexi Cap Fund-Regular Plan-Growth,107.2469
2026-09-04,100314,LIC MF Medium to Long Term Fund-Regular Plan-IDCW,16.5858
2026-09-04,100315,LIC MF Medium to Long Term Fund-Regular Plan-Growth,75.6667
2026-09-04,100316,LIC MF Gilt Fund-Regular Plan-IDCW,17.3515
2026-09-04,100317,LIC MF Gilt Fund-Regular Plan-Growth,60.196
2026-09-04,100318,LIC MF Gilt Fund-PF Plan-IDCW,22.4978
2026-09-04,100319,LIC MF Gilt Fund-PF Plan-Growth,34.7671
2026-09-04,100321,LIC MF Aggressive Hybrid Fund-Regular Plan-IDCW,15.1046
2026-09-04,100323,LIC MF Aggressive Hybrid Fund-Regular Plan-Growth,202.7987
2026-09-04,100325,LIC MF ULIS (5 Yrs. Single Premium)-Regular Plan-IDCW Reinvestment,36.8242
2026-09-04,100332,LIC MF Large Cap Fund-Regular Plan-IDCW,32.2759
2026-09-04,100348,ICICI Prudential Large & Mid Cap Fund - IDCW,30.66
2026-09-04,100349,ICICI Prudential Large & Mid Cap Fund - Growth,1045.02
2026-09-04,100351,ICICI Prudential FMCG Fund - IDCW,73.01
2026-09-04,100352,ICICI Prudential FMCG Fund - Growth,395.02
2026-09-04,100353,ICICI Prudential ELSS - Tax Saver Fund - IDCW,21.28
2026-09-04,100354,ICICI Prudential ELSS - Tax Saver Fund - Growth,934.60
2026-09-04,100355,ICICI Prudential Aggressive Hybrid Fund - Monthly IDCW,42.90
2026-09-04,100356,ICICI Prudential Aggressive Hybrid Fund - Growth,405.01
2026-09-04,100363,ICICI Prudential Technology Fund - Growth,182.82
2026-09-04,100365,ICICI Prudential Long Term Fund - Growth,91.9329
2026-09-04,100367,ICICI Prudential Long Term Fund - Quarterly IDCW,12.3966
2026-09-04,100368,ICICI Prudential Gilt Fund - IDCW,17.6805
2026-09-04,100369,ICICI Prudential Gilt Fund - Growth,107.9244
2026-09-04,100375,NIPPON INDIA GROWTH MID CAP FUND - IDCW Option,121.3599
2026-09-04,100376,Nippon India Growth Mid Cap Fund-Growth Plan-Bonus Option,751.2304
2026-09-04,100377,Nippon India Growth Mid Cap Fund-Growth Plan-Growth Option,4512.6785
2026-09-04,100378,Nippon India Vision Large & Midcap Fund - IDCW Option,62.2171
2026-09-04,100379,Nippon India Vision Large & Midcap Fund-GROWTH PLAN-Bonus Option,252.1325
2026-09-04,100380,Nippon India Vision Large & Midcap Fund-GROWTH PLAN-Growth Option,1496.9764
2026-09-04,100383,NIPPON INDIA MEDIUM TO LONG TERM FUND - MONTHLY IDCW Option,10.7289
2026-09-04,100384,NIPPON INDIA MEDIUM TO LONG TERM  FUND - QUARTERLY IDCW Option,13.2472
2026-09-04,100385,NIPPON INDIA MEDIUM TO LONG TERM  FUND - HALF YEARLY IDCW Option,12.7517
2026-09-04,100386,NIPPON INDIA MEDIUM TO LONG TERM  FUND - ANNUAL IDCW Option,13.0492
2026-09-04,100387,Nippon India Medium to Long Term  Fund - Growth Plan Growth Option,92.8249
2026-09-04,100388,Nippon India Medium to Long Term  Fund - Growth Plan Bonus Option,26.6865
2026-09-04,100414,Tata Aggressive Hybrid Fund- Regular Plan - Growth Option,438.5384
2026-09-04,100415,Tata Ethical Fund-Regular Plan - Growth Option,361.1268
2026-09-04,100470,Franklin India Large Cap Fund - IDCW,42.7593
2026-09-04,100471,Franklin India Large Cap Fund-Growth,1018.2927
2026-09-04,100472,Franklin India Mid Cap Fund - IDCW,87.5226
2026-09-04,100473,Franklin India Mid Cap Fund-Growth,2845.5584
2026-09-04,100474,Tata ELSS Fund- Regular Plan - Payout of IDCW Option,97.0713
2026-09-04,100475,Tata Large Cap Fund -Regular Plan - Growth Option,506.2349
2026-09-04,100476,Taurus Flexi Cap Fund - Regular Plan - Growth,240.75
2026-09-04,100477,Taurus Mid Cap Fund - Regular Plan - Growth,128.85
2026-09-04,100480,Taurus ELSS Tax Saver Fund - Regular Plan - Growth,183.95
2026-09-04,100484,Franklin India Index Fund- NSE Nifty 50 Index Fund - Growth,193.9153
2026-09-04,100493,Franklin India Government Securities Fund - Growth,61.5527
2026-09-04,100494,Franklin India Government Securities Fund - IDCW,10.7735
2026-09-04,100496,Templeton India Value Fund - Growth Plan,687.2780
2026-09-04,100497,Templeton India Value Fund - IDCW,90.4955
2026-09-04,100519,Franklin India Flexi Cap Fund - IDCW,61.8169
2026-09-04,100520,Franklin India Flexi Cap Fund - Growth,1597.6315
2026-09-04,100521,Franklin India Technology Fund - IDCW,41.2171
2026-09-04,100522,Franklin India Technology Fund-Growth,478.2486
2026-09-04,100524,Franklin INDIA OPPORTUNITIES FUND - IDCW,38.2522
2026-09-04,100525,Franklin India ELSS Tax Saver Fund - IDCW,60.2854
2026-09-04,100526,Franklin India ELSS Tax Saver Fund-Growth,1426.6804
2026-09-04,100527,Franklin India Corporate Debt Fund - Plan A - Annual - IDCW,17.0414
2026-09-04,100528,Franklin India Corporate Debt Fund - Growth,106.7711
2026-09-04,100529,Franklin India Corporate Debt Fund - Plan B - Monthly - IDCW,15.2220
2026-09-04,100530,Franklin India Corporate Debt Fund - Plan B - Quarterly - IDCW,12.1024
2026-09-04,100531,Franklin India Corporate Debt Fund - Plan B - Half yearly - IDCW,12.7069
2026-09-04,100535,Franklin India Retirement Fund - IDCW,16.6617
2026-09-04,100536,Franklin India Retirement Fund - Growth,219.4436
2026-09-04,100537,Franklin India Liquid Fund - Regular Plan - Weekly - IDCW,1245.7918
2026-09-04,100538,Franklin India Liquid Fund - Regular Plan - Growth,6311.8831
2026-09-04,100541,Franklin India Liquid Fund - Regular Plan - Daily - IDCW,1508.9895
2026-09-04,100546,Franklin India Liquid Fund - Super Institutional Plan - Growth,4229.5119
2026-09-04,100547,Franklin India Liquid Fund - Super Institutional Plan - Daily - IDCW,1000.0000
2026-09-04,100548,Franklin India Liquid Fund - Super Institutional Plan - Weekly - IDCW,1039.3335
2026-09-04,100549,Franklin India Aggressive Hybrid Fund - IDCW,28.0199
2026-09-04,100550,Franklin India Aggressive Hybrid Fund - Growth Plan,267.4191
2026-09-04,100593,CANARA ROBECO ELSS - TAX SAVER FUND  - REGULAR PLAN -IDCW (Payout),47.7000
2026-09-04,100596,CANARA ROBECO GILT FUND - REGULAR PLAN - IDCW (Payout/Reinvestment),14.7814
2026-09-04,100597,CANARA ROBECO GILT FUND - REGULAR PLAN - GROWTH OPTION,76.9606
2026-09-04,100600,CANARA ROBECO CONSERVATIVE HYBRID FUND - REGULAR PLAN - MONTHLY IDCW (Payout/Reinvestment),12.2508
2026-09-04,100601,CANARA ROBECO CONSERVATIVE HYBRID FUND - REGULAR PLAN - GROWTH OPTION,99.8323
2026-09-04,100602,Sundaram Medium Term Fund Regular Plan - (IDCW),13.2416
2026-09-04,100603,Sundaram Medium Term Fund Regular Plan - Growth,71.7405
2026-09-04,100614,Sundaram Value Fund Regular Plan - Income Distribution cum Capital Withdrawal (IDCW),15.0338
2026-09-04,100630,quant Multi Cap Fund-IDCW Option - Regular Plan,75.5773
2026-09-04,100631,quant Multi Cap Fund-GROWTH OPTION - Regular Plan,660.8566
2026-09-04,100638,SBI Medium to Long Term Fund - Regular Plan - Half Yearly - Income Distribution cum Capital Withdrawal Option (IDCW),19.3226
2026-09-04,100639,SBI Medium to Long Term Fund-REGULAR PLAN-Growth,73.8739
2026-09-04,100640,SBI Medium to Long Term Fund-REGULAR PLAN-Bonus,44.7609
2026-09-04,100641,SBI ULTRA SHORT TERM FUND - REGULAR PLAN - GROWTH,6426.5036
2026-09-04,100643,SBI Technology Opportunities Fund - Regular Plan - Income Distribution cum Capital Withdrawal Option (IDCW),122.0708
2026-09-04,100644,SBI Healthcare Opportunities Fund - Regular Plan - Income Distribution cum Capital Withdrawal Option (IDCW),327.0783
2026-09-04,100645,SBI Consumption Opportunities Fund - Regular Plan - Income Distribution cum Capital Withdrawal Option (IDCW),168.2475
2026-09-04,100646,UTI - Unit Linked Insurance Plan,43.1498
2026-09-04,100650,UTI Large Cap Fund - Regular Plan - IDCW,52.2892
2026-09-04,100651,UTI Large Cap Fund - Regular Plan - Growth Option,265.3554
2026-09-04,100663,UTI Large & Mid Cap Fund - Regular Plan - IDCW,90.3183
2026-09-04,100664,UTI Large & Mid Cap Fund - Regular Plan - Growth Option,185.3989
2026-09-04,100668,UTI Flexi Cap Fund - Regular Plan - IDCW,216.5677
2026-09-04,100669,UTI - Flexi Cap Fund-Growth Option,327.5689
2026-09-04,100678,UTI Children's Hybrid Fund - Regular Plan,40.4975
2026-09-04,100682,UTI Retirement Fund - Regular Plan,50.6296
2026-09-04,100684,UTI Aggressive Hybrid Fund - Regular Plan - Growth,406.6316
2026-09-04,100685,UTI Aggressive Hybrid Fund - Regular Plan - IDCW,39.8669
2026-09-04,100723,UTI MMF-Discontinued - Regular Plan -Growth,7692.1083
2026-09-04,100724,UTI MMF- Discontinued - Regular Plan - Flexi Dividend Option,4150.5434
2026-09-04,100725,UTI MMF- Discontinued - Regular Plan - Periodic Dividend Option,2651.5086
2026-09-04,100739,UTI MNC Fund - Regular Plan - IDCW,206.9689
2026-09-04,100740,UTI - MNC Fund - Regular Plan - Growth Option,401.4257
2026-09-04,100741,UTI Medium to Long Term Fund- Regular Plan - Growth,76.2402
2026-09-04,100742,UTI Medium to Long Term Fund - Regular Plan - Discontinued Quarterly IDCW,19.5812
2026-09-04,100784,Sundaram Banking and PSU Debt Fund Regular Plan - Growth,45.7967
2026-09-04,100786,Sundaram Corporate Bond Fund Regular Plan - Income Distribution cum Capital Withdrawal (IDCW ),19.0498
2026-09-04,100789,Sundaram Corporate Bond Fund Regular Plan- Growth,42.6009
2026-09-04,100793,Sundaram Banking and PSU Debt Fund Regular Plan - IDCW,11.6058
2026-09-04,100794,Sundaram Small Cap Fund Regular Plan - Income Distribution cum Capital Withdrawal (IDCW),35.8787
2026-09-04,100795,Sundaram Small Cap Fund Regular Plan - Growth,299.3294
2026-09-04,100806,UTI Healthcare Fund - Regular Plan - IDCW,264.9679
2026-09-04,100807,UTI Healthcare Fund - Regular Plan - Growth Option,342.8406
2026-09-04,100813,UTI Overnight Fund - Regular Plan - Periodic IDCW,1919.3124
2026-09-04,100814,UTI - Overnight  Fund - Regular Plan - Growth Option,3725.625
2026-09-04,100820,UTI ELSS Tax Saver Fund - Regular Plan - IDCW,38.4108
2026-09-04,100821,UTI ELSS Tax Saver Fund - Regular Plan - Growth Option,201.0604
2026-09-04,100822,UTI Nifty 50 Index Fund - Regular Plan - Growth Option,165.7577
2026-09-04,100823,UTI Nifty 50 Index Fund - Regular Plan - IDCW,83.5085
2026-09-04,100833,Kotak Liquid Fund - Regular  - Daily Reinvestment of Income Distribution cum capital withdrawal option,1283.5466
2026-09-04,100835,Kotak Liquid Fund - Regular Plan - Growth,5672.4127
2026-09-04,100837,Nippon India Liquid Fund - Retail Option - Growth Plan,6069.8341
2026-09-04,100838,NIPPON INDIA LIQUID FUND - RETAIL Plan - WEEKLY IDCW OPTION,1034.7747
2026-09-04,100842,NIPPON INDIA LIQUID FUND - RETAIL Plan - DAILY IDCW OPTION,1524.2800
2026-09-04,100843,NIPPON INDIA LIQUID FUND - RETAIL plan - MONTHLY IDCW OPTION,1329.4115
2026-09-04,100844,NIPPON INDIA LIQUID FUND - RETAIL Plan - QUARTERLY IDCW OPTION,1229.7437
2026-09-04,100851,Nippon India Liquid Fund -Growth Plan,6851.1261
2026-09-04,100852,NIPPON INDIA LIQUID FUND - DAILY IDCW OPTION,1528.7400
2026-09-04,100853,NIPPON INDIA LIQUID FUND - WEEKLY IDCW OPTION,1531.2141
2026-09-04,100855,NIPPON INDIA LIQUID FUND - MONTHLY IDCW OPTION,1587.3765
2026-09-04,100856,Nippon India Corporate Bond Fund - Growth Plan - Growth Option,63.8684
2026-09-04,100857,NIPPON INDIA CORPORATE BOND FUND - MONTHLY IDCW Option,11.6798
2026-09-04,100858,NIPPON INDIA CORPORATE BOND FUND - QUARTERLY IDCW Option,12.1005
2026-09-04,100859,Nippon India Corporate Bond Fund - Growth Plan - Bonus Option,45.6144
2026-09-04,100864,LIC MF ELSS Tax Saver Fund-Regular Plan-IDCW,31.0248
2026-09-04,100865,LIC MF ELSS Tax Saver Fund-Regular Plan-Growth,148.2006
2026-09-04,100868,HDFC Liquid Fund - Growth Plan,5507.3907
2026-09-04,100874,HDFC Liquid Fund - IDCW Plan Weekly,1032.2435
2026-09-04,100875,HDFC Liquid Fund - IDCW Daily,1019.82
2026-09-04,100876,HDFC Liquid Fund - IDCW Monthly,1027.5113
2026-09-04,100900,HDFC Childrens Fund - Growth Plan,291.444
2026-09-04,100915,SBI Contra Fund - Regular Plan - Income Distribution cum Capital Withdrawal Option (IDCW),65.3431
2026-09-04,100927,SBI Conservative Hybrid Fund - Regular Plan - Monthly Income Distribution cum Capital Withdrawal Option (IDCW),21.2792
2026-09-04,100928,SBI Conservative Hybrid Fund - Regular Plan - Quarterly Income Distribution cum Capital Withdrawal Option (IDCW),22.1643
2026-09-04,100929,SBI Conservative Hybrid Fund - Regular Plan - Annual Income Distribution cum Capital Withdrawal Option (IDCW),27.1075
2026-09-04,100948,Franklin India Conservative Hybrid Fund - Growth,93.0271
2026-09-04,100949,Franklin India Conservative Hybrid Fund - Plan A - Monthly - IDCW,12.5690
2026-09-04,100950,Franklin India Conservative Hybrid Fund - Plan A - Quarterly - IDCW,11.7278
2026-09-04,100968,SBI Conservative Hybrid Fund - Regular Plan - Growth,76.8491
2026-09-04,100999,SBI Gilt Fund - Regular Plan - Income Distribution cum Capital Withdrawal Option (IDCW),20.9755
2026-09-04,101001,SBI GILT FUND - REGULAR PLAN - GROWTH,68.2136
2026-09-04,101002,SBI 10 YEAR CONSTANT MATURITY GILT FUND - REGULAR PLAN - GROWTH,66.4270
2026-09-04,101003,SBI 10 Year Constant Maturity Gilt Fund - Regular Plan - Income Distribution cum Capital Withdrawal Option (IDCW),21.6043
2026-09-04,101042,Tata Gilt Securities Fund -Regular Plan- Growth Option,79.9601
2026-09-04,101044,Franklin India Floating Rate Fund - IDCW,10.1551
2026-09-04,101048,Franklin India Floating Rate Fund - Growth Plan,43.7261
2026-09-04,101049,Tata Gilt Securities Fund - Regular Plan - Payout of IDCW Option,22.1656
2026-09-04,101065,quant Mid Cap Fund - Growth Option - Regular Plan,220.1976
2026-09-04,101066,quant Mid Cap Fund - IDCW Option - Regular Plan,78.2809
2026-09-04,101069,quant Aggressive Hybrid Fund-IDCW Option - Regular Plan,63.9569
2026-09-04,101070,quant Aggressive Hybrid Fund - Growth Option - Regular Plan,463.7014
2026-09-04,101071,quant Multi Asset Allocation Fund - IDCW Option - Regular Plan,153.129
2026-09-04,101072,quant Multi Asset Allocation Fund-GROWTH OPTION - Regular Plan,167.0454
2026-09-04,101078,JM Liquid Fund (Regular) - Daily IDCW,10.4302
2026-09-04,101083,HDFC Gilt Fund - Growth Plan,57.0645
2026-09-04,101084,HDFC Gilt Fund - IDCW Plan,12.1907
2026-09-04,101127,ICICI Prudential Children's Fund - Regular Plan,328.98
2026-09-04,101143,ICICI Prudential Multi Asset Allocation Fund - IDCW,34.5675
2026-09-04,101144,ICICI Prudential Multi Asset Allocation Fund - Growth,815.9796
2026-09-04,101161,Nippon India Multi Cap Fund-Growth Plan-Growth Option,301.8434
2026-09-04,101162,Nippon India Multi Cap Fund-Growth Plan-Bonus Option,301.8434
2026-09-04,101163,NIPPON INDIA MULTI CAP FUND - IDCW Option,59.4605
2026-09-04,101165,ICICI Prudential Short Term Fund - Monthly IDCW,12.0921
2026-09-04,101169,SBI Children's Fund - Savings Plan - REGULAR PLAN - GROWTH,120.0027
2026-09-04,101181,JM Medium to Long Term Fund (Regular) - Bonus Option- Principal Units,26.4178
2026-09-04,101184,LIC MF Liquid Fund-Regular Plan-Daily IDCW,1000.1751
2026-09-04,101185,LIC MF Liquid Fund-Regular Plan-Growth,5073.9181
2026-09-04,101187,Baroda BNP Paribas GILT FUND - Regular Plan - Growth Option,43.8882
2026-09-04,101188,Baroda BNP Paribas GILT FUND - Regular Plan - IDCW Option,26.0498
2026-09-04,101198,LIC MF BSE Sensex Index Fund-Regular Plan-IDCW,49.1239
2026-09-04,101199,LIC MF BSE Sensex Index Fund-Regular Plan-Growth,143.32
2026-09-04,101200,LIC MF Nifty 50 Index Fund-Regular Plan-IDCW,48.7562
2026-09-04,101201,LIC MF Nifty 50 Index Fund-Regular Plan-Growth,132.1674
2026-09-04,101206,SBI OVERNIGHT FUND - REGULAR PLAN - GROWTH,4414.9002
2026-09-04,101209,Taurus Large Cap Fund - Regular Plan - Growth,168.89
2026-09-04,101222,Tata Aggressive Hybrid Fund- Regular Plan - Periodic Payout of IDCW Option,78.0883
2026-09-04,101228,ICICI Prudential Multi Cap Fund - Growth,865.73
2026-09-04,101262,Nippon India Power & Infra Fund-Growth Plan -Growth Option,382.7717
2026-09-04,101263,Nippon India Power & Infra Fund-Growth Plan-Bonus Option,382.7717
2026-09-04,101264,NIPPON INDIA POWER & INFRA FUND - IDCW Option,66.5606
2026-09-04,101271,LIC MF Children's Fund-Regular Plan-Growth,34.6119
2026-09-04,101281,HDFC BSE Sensex Index Fund - Growth Plan,714.0808
2026-09-04,101295,SBI ESG Exclusionary Strategy Fund - Regular Plan - Income Distribution cum Capital Withdrawal Option (IDCW),74.6438
2026-09-04,101303,DSP Short Term Fund - Regular Plan - Regular Plan - IDCW - Weekly,10.1809
2026-09-04,101304,DSP Short Term Fund - Regular Plan - Growth,49.3955
2026-09-04,101305,DSP Short Term Fund - Regular Plan - IDCW,12.3562
2026-09-04,101306,DSP Short Term Fund - IDCW - Monthly,11.6515
2026-09-04,101313,Aditya Birla Sun Life Nifty 50 Index Fund -REGULAR - IDCW,24.3880
2026-09-04,101314,Aditya Birla Sun Life Nifty 50 Index Fund - Growth - Regular Plan,243.5560
2026-09-04,101317,Aditya Birla Sun Life Ultra Short Term Fund - Growth - Regular Plan,591.2669
2026-09-04,101349,ICICI Prudential Nifty 50 Index Fund - Cumulative Option,242.3073
2026-09-04,101351,ICICI Prudential Dynamic Term Fund - Weekly IDCW,10.9186
2026-09-04,101356,Franklin India Money Market Fund Retail Option - Quarterly - IDCW,11.2659
2026-09-04,101357,Franklin India Money Market Fund - Growth Option,54.1190
2026-09-04,101373,Kotak Short Term Fund - Regular Plan- Growth,55.2815
2026-09-04,101407,Baroda BNP Paribas LIQUID FUND-Defunct Plan- IDCW Option,3918.2796
2026-09-04,101408,Baroda BNP Paribas LIQUID FUND- Defunct Plan -Growth Option,4748.9326
2026-09-04,101491,Tata Childrens Fund -Regular Plan-Growth Option,55.8938
2026-09-04,101525,HDFC Nifty 50 Index Fund - Growth Plan,228.4417
2026-09-04,101530,SBI Large & Midcap Fund - Regular Plan - Income Distribution cum Capital Withdrawal Option (IDCW),290.6014
2026-09-04,101538,Sundaram Mid Cap Fund Regular Plan - Income Distribution cum Capital Withdrawal (IDCW),64.9850
2026-09-04,101539,Sundaram Mid Cap Fund Regular Plan - Growth,1505.7333
2026-09-04,101547,Tata Short Term Bond Fund- Regular Plan - Monthly Payout of IDCW Option,22.8490
2026-09-04,101548,Tata Short Term Bond Fund -Regular Plan- Growth Option,50.5951
2026-09-04,101549,JM Liquid Fund (Regular) - Bonus Option - Principal Units,24.4997
2026-09-04,101551,SBI Aggresive Hybrid Fund - Regular Plan - Income Distribution cum Capital Withdrawal Option (IDCW),67.2270
2026-09-04,101585,HDFC Equity Savings Fund - GROWTH PLAN,67.971
2026-09-04,101586,HDFC Equity Savings Fund - IDCW PLAN,12.41
2026-09-04,101587,CANARA ROBECO MEDIUM TO LONG TERM FUND - REGULAR PLAN - QUARTERLY IDCW (Payout/Reinvestment),14.6438
2026-09-04,101588,CANARA ROBECO MEDIUM TO LONG TERM FUND - REGULAR PLAN - GROWTH OPTION,56.9294
2026-09-04,101591,Aditya Birla Sun Life Midcap Fund -REGULAR - IDCW,59.82
2026-09-04,101592,Aditya Birla Sun Life MIDCAP Fund-Growth,857.74
2026-09-04,101593,HSBC Large Cap Fund - Regular IDCW,42.1449
2026-09-04,101594,HSBC Large Cap Fund - Regular Growth,475.761
2026-09-04,101617,ICICI Prudential Ultra Short to Short Term Fund - Weekly IDCW,105.6598
2026-09-04,101618,ICICI Prudential Ultra Short to Short Term Fund - Daily IDCW,105.7358
2026-09-04,101619,ICICI Prudential Ultra Short to Short Term Fund - Growth,586.6321
2026-09-04,101635,DSP Large Cap Fund - Regular Plan - Growth,452.9580
2026-09-04,101636,DSP Large Cap Fund - Regular Plan - IDCW,23.0950
2026-09-04,101656,Franklin India Dynamic Asset Allocation Active Fund of Funds-Growth,166.7886
2026-09-04,101657,Franklin India Dynamic Asset Allocation Active Fund of funds - IDCW,40.2476
2026-09-04,101659,Tata Nifty 50 Index Fund -Regular Plan,149.4366
2026-09-04,101665,Nippon India Short Term Fund-Growth Plan,56.3307
2026-09-04,101667,NIPPON INDIA SHORT TERM FUND - MONTHLY IDCW Option,11.5494
2026-09-04,101669,NIPPON INDIA SHORT TERM FUND - QUARTERLY IDCW OPTION,15.0319
2026-09-04,101672,Tata Value Fund - Regular Plan -Growth Option,353.7275
2026-09-04,101685,HSBC Medium to Long Duration Fund - Regular Growth,43.6613
2026-09-04,101686,HSBC Medium to Long Duration Fund - Regular Quarterly IDCW,10.6417
2026-09-04,101705,ICICI Prudential BSE Sensex ETF,880.7640
2026-09-04,101706,ICICI Prudential Multi Cap Fund - IDCW,34.86
2026-09-04,101714,Tata Liquid Fund- Regular Plan - Daily Reinvestment of IDCW Option,1001.5157
2026-09-04,101737,Aditya Birla Sun Life Dividend Yield Fund -REGULAR - IDCW,25.57
2026-09-04,101738,Aditya Birla Sun Life Dividend Yield Fund - Growth - Regular Plan,457.52
2026-09-04,101746,Tata S&P BSE Sensex Index Fund -Regular Plan,193.0958
2026-09-04,101758,ICICI Prudential Short Term Fund - Growth Option,64.4896
2026-09-04,101762,HDFC Flexi Cap Fund - Growth Plan,2062.377
2026-09-04,101763,HDFC Flexi Cap Fund - IDCW Plan,74.525
2026-09-04,101764,HDFC Value Fund - Growth Plan,793.999
2026-09-04,101765,HDFC Value Fund - IDCW Plan,36.974
2026-09-04,101766,Tata Infrastructure Fund-Regular Plan- Growth Option,179.8996
2026-09-04,101802,ICICI Prudential Floating Interest Rates Fund - Growth,456.8265
2026-09-04,101804,ICICI Prudential Floating Interest Rates Fund - Daily IDCW,100.8760
2026-09-04,101805,JM Dynamic Term Fund (Regular) - IDCW,43.5022
2026-09-04,101806,JM Dynamic Term Fund (Regular) - Growth Option,43.3662
2026-09-04,101816,Aditya Birla Sun Life Conservative Hybrid Fund - REGULAR - MONTHLY IDCW,16.4331
2026-09-04,101818,Aditya Birla Sun Life Conservative Hybrid Fund - Growth / Payment - Regular Plan,70.3943
2026-09-04,101823,Tata Large & Mid Cap Fund Regular Plan - Payout of IDCW Option,73.6427
2026-09-04,101824,Tata Large & Mid Cap Fund- Regular Plan - Growth Option,496.3759
2026-09-04,101829,LIC MF Ultra Short to Short Term Fund-Regular Plan-Monthly IDCW,14.4447
2026-09-04,101830,LIC MF Ultra Short to Short Term Fund-Regular Plan-Growth,42.4157
2026-09-04,101833,Tata Ethical Fund- Regular Plan - Payout of IDCW Option,141.2487
2026-09-04,101834,UTI - Master Equity Plan Unit Scheme,223.3515
2026-09-04,101837,DSP Credit Risk Fund - Regular Plan -Growth,55.2060
2026-09-04,101838,DSP Credit Risk Fund - Regular Plan - IDCW - Weekly,11.1256
2026-09-04,101839,DSP Credit Risk Fund - Regular Plan - IDCW,12.6504
2026-09-04,101840,DSP Credit Risk Fund - Regular Plan - IDCW - Daily,11.1243
2026-09-04,101843,Aditya Birla Sun Life Short Term Fund - REGULAR - IDCW,15.1650
2026-09-04,101844,Aditya Birla Sun Life Short Term Fund - Growth - Regular Plan,50.7628
2026-09-04,101847,Tata Money Market Fund-Regular Plan - Growth Option,5095.1568
2026-09-04,101852,TATA Infrastructure Fund Regular Plan - Payout of IDCW Option,78.5356
2026-09-04,101853,Sundaram Value Fund Regular Plan - Growth,210.8505
2026-09-04,101862,Nippon India Banking & Financial Services Fund-Growth Plan-Growth Option,646.2801
2026-09-04,101863,Nippon India Banking & Financial Services Fund-Growth Plan-Bonus Option,646.2801
2026-09-04,101864,Nippon India Banking & Financial Services Fund - IDCW Option,68.5253
2026-09-04,101866,LIC MF Conservative Hybrid Fund-Regular Plan-Monthly IDCW,12.7255
2026-09-04,101867,LIC MF Conservative Hybrid Fund-Regular Plan-Quarterly IDCW,14.684
2026-09-04,101868,LIC MF Conservative Hybrid Fund-Regular Plan-Yearly IDCW,11.9623
2026-09-04,101869,LIC MF Conservative Hybrid Fund-Regular Plan-Growth,84.6279
2026-09-04,101872,HDFC Dynamic Term Fund - Growth Option,93.1466
2026-09-04,101873,HDFC Dynamic Term Fund - Quarterly IDCW Option,12.7439
2026-09-04,101874,HDFC Dynamic Term Fund - Half Yearly IDCW Option,11.9405
2026-09-04,101875,HDFC Dynamic Term Fund - Yearly IDCW Option,13.7866
2026-09-04,101892,Kotak Money market Fund - (Monthly Payout of Income Distribution cum capital withdrawal option),1051.2212
2026-09-04,101893,Kotak Money Market Fund - (Growth),4844.2585
2026-09-04,101922,CANARA ROBECO FLEXI CAP FUND - REGULAR PLAN - GROWTH OPTION,343.0800
2026-09-04,101923,CANARA ROBECO FLEXI CAP FUND - REGULAR PLAN - IDCW (Payout/Reinvestment),59.7500
2026-09-04,101932,SBI GILT FUND -  GROWTH - PF (Regular) Option,43.8018
2026-09-04,101934,SBI GILT FUND -  GROWTH - PF (Fixed Period - 3 Yrs) Option,40.9155
2026-09-04,101950,SBI Gilt Fund - Income Distribution cum Capital Withdrawal Option (IDCW) - PF (Fixed Period - 1 Yr),21.0737
2026-09-04,101951,SBI Gilt Fund - Income Distribution cum Capital Withdrawal Option (IDCW) - PF (Fixed Period - 2 Yrs),21.3265
2026-09-04,101952,SBI Gilt Fund - Income Distribution cum Capital Withdrawal Option (IDCW) - PF (Fixed Period - 3 Yrs),20.6778
2026-09-04,101973,Aditya Birla Sun Life Money Market Fund - Daily IDCW,100.1158
2026-09-04,101974,Aditya Birla Sun Life Money Market Fund - WEEKLY IDCW,100.3213
2026-09-04,101976,Aditya Birla Sun Life Money Market Fund - Growth,399.3491
2026-09-04,101979,HDFC ELSS - Tax Saver Fund - Growth Plan,1372.086
2026-09-04,101980,HDFC ELSS - Tax Saver Fund - IDCW Plan,66.592
2026-09-04,101986,Tata Money Market Fund- Regular Plan - Daily Reinvestment of IDCW Option,1114.5200
2026-09-04,101989,HDFC Medium Term Fund - Growth Option,60.4093
2026-09-04,101990,HDFC Medium Term Fund - Fornightly IDCW Option,10.1073
2026-09-04,101993,HDFC Money Market Fund - Growth Option,6164.8465
2026-09-04,101994,HDFC Money Market Fund - Daily IDCW Option,1063.64
2026-09-04,101995,HDFC Money Market Fund - Weekly IDCW Option,1064.3969
2026-09-04,101996,HDFC Overnight Fund - Growth Option,4037.072
2026-09-04,101997,HDFC Overnight Fund - IDCW Option (Daily),1042.66
2026-09-04,102000,HDFC Large Cap Fund - Growth Option - Regular Plan,1128.473
2026-09-04,102001,HDFC Large Cap Fund - IDCW Option - Regular Plan,51.68
2026-09-04,102007,UTI Liquid Fund - Discontinued -Regular Plan Periodic Dividend Option,113.2696
2026-09-04,102008,UTI Liquid Fund - Discontinued - Regular Plan - Monthly Dividend Option,106.4011
2026-09-04,102009,UTI Liquid Fund - Discontinued - Regular Plan -Growth,418.0365
2026-09-04,102010,UTI Liquid Fund - Regular Plan - Daily IDCW (Reinvestment),121.2655
2026-09-04,102011,UTI Liquid Fund - Regular Plan - Monthly IDCW,109.123
2026-09-04,102012,UTI Liquid Fund - Regular Plan - Growth Option,460.6766
2026-09-04,102013,UTI Liquid Fund - Regular Plan - Weekly IDCW,105.3737
2026-09-04,102020,Baroda BNP Paribas MULTI CAP FUND - Regular Plan - Growth Option,297.3371
2026-09-04,102021,Baroda BNP Paribas MULTI CAP FUND - Regular Plan - IDCW Option,51.6246
2026-09-04,102036,Tata Large Cap Fund- Regular Plan - Payout of IDCW Option,101.4846
2026-09-04,102053,SBI MEDIUM TERM FUND - REGULAR PLAN - GROWTH,55.0106
2026-09-04,102054,SBI Medium Term Fund - Regular Plan - Income Distribution cum Capital Withdrawal Option (IDCW),21.3237
2026-09-04,102133,ICICI Prudential Multi Sector Passive FOF - Growth,170.1932
2026-09-04,102134,ICICI Prudential Multi Sector Passive FOF - IDCW,132.6020
2026-09-04,102135,ICICI Prudential Aggressive Hybrid Active FOF - Growth,227.3449
2026-09-04,102136,ICICI Prudential Aggressive Hybrid Active FOF - IDCW,176.2350
2026-09-04,102137,ICICI Prudential Dynamic Asset Allocation Active FOF - Growth,125.0108
2026-09-04,102138,ICICI Prudential Dynamic Asset Allocation Active FOF - IDCW,96.0700
2026-09-04,102139,ICICI Prudential Income Plus Arbitrage Omni FOF - Growth,66.9467
2026-09-04,102140,ICICI Prudential Income plus Arbitrage Omni FOF - IDCW,51.3708
2026-09-04,102141,ICICI Prudential Diversified Debt Strategy Active FOF - Growth,47.9093
2026-09-04,102142,Sundaram Consumption Fund(Formerly Known as Sundaram Rural and Consumption Fund Regular Plan - Growth),95.2327
2026-09-04,102143,ICICI Prudential Diversified Debt Strategy Active FOF - IDCW,41.7893
2026-09-04,102147,HDFC Conservative Hybrid Fund - Growth Plan,83.7177
2026-09-04,102148,HDFC Conservative Hybrid Fund - IDCW Monthly,13.2543
2026-09-04,102149,HDFC Conservative Hybrid Fund - IDCW Quarterly,14.1518
2026-09-04,102172,Nippon India Conservative Hybrid  Fund-Growth Plan,62.2482
2026-09-04,102173,NIPPON INDIA CONSERVATIVE HYBRID  FUND - MONTHLY IDCW Option,11.2577
2026-09-04,102174,NIPPON INDIA CONSERVATIVE HYBRID  FUND - QUARTERLY IDCW Option,12.3724
2026-09-04,102205,SBI Dynamic Term Fund - REGULAR PLAN - Growth,37.5659
2026-09-04,102206,SBI Dynamic Term Fund - Regular Plan - Income Distribution cum Capital Withdrawal Option (IDCW),19.6942
2026-09-04,102251,HSBC Flexi Cap Fund - Regular IDCW,44.1657
2026-09-04,102252,HSBC Flexi Cap Fund - Regular Growth,236.3249
2026-09-04,102260,HSBC Conservative Hybrid Fund - Regular Monthly IDCW,12.7337
2026-09-04,102261,HSBC Conservative Hybrid Fund - Regular Quarterly IDCW,16.8951
2026-09-04,102262,HSBC Conservative Hybrid Fund - Regular Growth,63.47
2026-09-04,102266,UTI Children's Equity Fund - Regular Plan - IDCW,80.7368
2026-09-04,102267,UTI Children's Equity Fund - Regular Plan - Growth Option,80.7318
2026-09-04,102272,SBI NIFTY INDEX FUND - REGULAR PLAN - GROWTH,212.7095
2026-09-04,102273,SBI Nifty Index Fund - Regular Plan - Income Distribution cum Capital Withdrawal Option (IDCW),109.1325
2026-09-04,102326,Tata Mid Cap Fund-Regular Plan - IDCW Option,122.8626
2026-09-04,102328,Tata Mid Cap Fund Regular Plan- Growth Option,463.5305
2026-09-04,102330,ICICI Prudential Conservative Hybrid Fund - Plan - Growth,79.1192
2026-09-04,102331,ICICI Prudential Conservative Hybrid Fund - Plan - Monthly IDCW,13.7062
2026-09-04,102393,UTI Mid Cap Fund - Regular Plan - IDCW,151.2793
2026-09-04,102394,UTI Mid Cap Fund-Growth Option,319.6881
2026-09-04,102395,UTI Infrastructure Fund-Growth Option,144.6195
2026-09-04,102396,UTI Infrastructure Fund - Regular Plan - IDCW,75.5845
2026-09-04,102397,UTI Transportation and Logistics Fund - Regular Plan - IDCW,137.1122
2026-09-04,102398,UTI-Transportation and Logistics  Fund-Growth Option,297.3528
2026-09-04,102401,UTI Banking and Financial Services Fund - Regular Plan - Growth Option,196.3589
2026-09-04,102402,UTI Banking and Financial Services Fund - Regular Plan - IDCW,76.4219
2026-09-04,102414,SBI CONTRA FUND - REGULAR PLAN -GROWTH,376.8225
2026-09-04,102428,Tata Value Fund Regular Plan - Payout of IDCW-Option B(10%),118.4017
2026-09-04,102431,Nippon India Pharma Fund-Growth Plan-Growth Option,570.7371
2026-09-04,102432,Nippon India Pharma Fund-Growth Plan-Bonus Option,570.7371
2026-09-04,102433,NIPPON INDIA PHARMA FUND - IDCW Option,123.2473
2026-09-04,102434,DSP India T.I.G.E.R. Fund - Regular Plan - Growth,363.1100
2026-09-04,102435,DSP India T.I.G.E.R. Fund - Regular Plan - IDCW,31.4710
2026-09-04,102442,Franklin India Liquid Fund - Institutional Plan - Weekly - IDCW,1056.0222
2026-09-04,102443,Franklin India Liquid Fund - Institutional Plan - Daily - IDCW,1000.0000
2026-09-04,102448,DSP Conservative Hybrid Fund- Regular Plan - Growth,61.0432
2026-09-04,102450,DSP Conservative Hybrid Fund - Regular Plan - IDCW - Monthly,10.8950
2026-09-04,102451,DSP Conservative Hybrid Fund - Regular Plan - IDCW - Quarterly,11.2966
2026-09-04,102452,HDFC Ultra Short to Short Term Fund - Growth,61.8654
2026-09-04,102453,HDFC Ultra Short to Short Term Fund - Weekly IDCW,10.0854
2026-09-04,102503,SBI Money Market Fund - Regular Plan - Growth,44.5207
2026-09-04,102504,SBI Money Market Fund - Regular Plan - Income Distribution cum Capital Withdrawal Option (IDCW),17.5546
2026-09-04,102505,SBI CREDIT RISK FUND - REGULAR PLAN - GROWTH,49.8496
2026-09-04,102506,SBI Credit Risk Fund - Regular Plan - Income Distribution cum Capital Withdrawal Option (IDCW),22.5362
2026-09-04,102509,UTI Gilt Fund - Regular Plan - IDCW,39.3145
2026-09-04,102510,UTI - GILT FUND - Regular Plan - Growth Option,65.5791
2026-09-04,102511,UTI - GILT FUND -Discontinued PF Plan -Dividend Option,26.8377
2026-09-04,102512,UTI - GILT FUND - Discontinued PF Plan - Growth Option,48.7602
2026-09-04,102514,UTI - GILT FUND - Discontinued PF Plan Prescribed Date Auto Redemption Option,48.7873
2026-09-04,102528,ICICI Prudential Mid Cap Fund - Growth,346.55
2026-09-04,102529,ICICI Prudential Mid Cap Fund - IDCW,44.91
2026-09-04,102531,UTI Ultra Short Term Fund - Regular Plan - Weekly IDCW (Reinvestment),1438.7096
2026-09-04,102532,UTI Ultra Short Term Fund - Regular Plan - Growth Option,4546.1462
2026-09-04,102533,UTI Conservative Hybrd Fund - Regular Plan - Monthly Payment Option,70.8421
2026-09-04,102534,UTI Conservative Hybrid Fund - Regular Plan - Flexi IDCW,44.7861
2026-09-04,102535,UTI Conservative Hybrid Fund - Regular Plan - Growth Option,70.8058
2026-09-04,102536,UTI Conservative Hybrid Fund - Regular Plan - Monthly IDCW,16.7859
2026-09-04,102538,UTI Ultra Short to Short Term Fund - Discontinued - Annaul Dividend Option,3629.6533
2026-09-04,102539,UTI Ultra Short to Short Term Fund - Discontinued Bonus Option,4502.8938
2026-09-04,102540,UTI Ultra Short to Short Term Fund - Discontinued Growth Option,6755.1065
2026-09-04,102541,UTI Ultra Short to Short Term Fund - Discontinued - Quarterly Dividend Option,2388.5187
2026-09-04,102544,UTI Ultra Short to Short Term Fund - Regular Plan - Growth Option,3819.3534
2026-09-04,102545,UTI Ultra Short to Short Term Fund - Regular Plan - Bonus Option,3192.1668
2026-09-04,102573,Kotak Multi Asset Omni FOF - Payout of Income Distribution cum capital withdrawal option,253.3
2026-09-04,102574,Kotak Multi Asset Omni FOF - Growth- Regular,260.221
2026-09-04,102591,Kotak Ultra Short Term Fund -Growth,46.0203
2026-09-04,102592,Kotak Ultra Short Term Fund -Monthly Payout of Income Distribution cum capital withdrawal option,10.7607
2026-09-04,102594,ICICI Prudential Value Fund (erstwhile Value Discovery Fund) - Growth,457.84
2026-09-04,102595,ICICI Prudential Value Fund (erstwhile Value Discovery Fund) - IDCW,34.63
2026-09-04,102672,Tata Liquid Fund -Regular Plan - Growth Option,4421.1638
2026-09-04,102673,Nippon India Floating Interest Rates  Fund - Growth Plan-Growth Option,48.2983
2026-09-04,102675,NIPPON INDIA FLOATING INTEREST RATES  FUND - MONTHLY IDCW Option,11.1307
2026-09-04,102676,NIPPON INDIA FLOATING INTEREST RATES FUND - DAILY IDCW REINVESTMENT Option,10.2516
2026-09-04,102677,NIPPON INDIA FLOATING INTEREST RATES  FUND - WEEKLY IDCW Option,10.2595
2026-09-04,102741,ICICI Prudential Medium Term Fund - Growth,48.6510
2026-09-04,102751,Nippon India Consumption Fund-Growth Plan-Growth Option,191.5284
2026-09-04,102752,Nippon India Consumption Fund-Growth Plan-Bonus Option,191.5284
2026-09-04,102753,NIPPON INDIA CONSUMPTION FUND - IDCW Option,34.6140
2026-09-04,102756,SBI FOCUSED FUND - REGULAR PLAN -GROWTH,401.8062
2026-09-04,102760,HDFC Focused Fund - GROWTH PLAN,233.62
2026-09-04,102761,HDFC Focused Fund - IDCW PLAN,23.753
2026-09-04,102765,SBI Focused Fund - Regular Plan - Income Distribution cum Capital Withdrawal Option (IDCW),73.4938
2026-09-04,102766,Aditya Birla Sun Life Dynamic Term Fund -Regular - Quarterly IDCW,10.7969
2026-09-04,102767,Aditya Birla Sun Life Dynamic Term Fund - Growth - Regular Plan,49.0484
2026-09-04,102823,SBI HEALTHCARE OPPORTUNITIES FUND - REGULAR PLAN -GROWTH,519.2154
2026-09-04,102846,Nippon India Balanced Advantage Fund-Growth Plan-Growth Option,183.9542
2026-09-04,102847,Nippon India Balanced Advantage Fund-Growth Plan-Bonus Option,183.9542
2026-09-04,102848,NIPPON INDIA BALANCED ADVANTAGE FUND - IDCW Option,31.5608
2026-09-04,102849,Nippon India Dynamic Term Fund-Growth Plan-Growth Option,39.3893
2026-09-04,102851,NIPPON INDIA DYNAMIC TERM FUND - IDCW Option,26.4941
2026-09-04,102860,SBI Money Market Fund - Regular Plan Weekly Income Distribution cum Capital Withdrawal Option (IDCW),16.1938
2026-09-04,102874,Kotak-Small Cap Fund - Payout of Income Distribution cum capital withdrawal option,120.588
2026-09-04,102875,Kotak-Small Cap Fund - Growth,276.409
2026-09-04,102883,Franklin India Large & Mid Cap Fund - Growth Plan,192.8061
2026-09-04,102884,Franklin India Large & Mid Cap Fund - IDCW,20.0038
2026-09-04,102885,SBI AGGRESIVE HYBRID FUND - REGULAR PLAN -Growth,317.2499
2026-09-04,102913,CANARA ROBECO ULTRA SHORT TO SHORT TERM FUND - REGULAR PLAN - GROWTH OPTION,45.2998
2026-09-04,102914,CANARA ROBECO ULTRA SHORT TO SHORT TERM FUND - REGULAR PLAN - IDCW (Payout/Reinvestment),37.7419
2026-09-04,102915,CANARA ROBECO ULTRA SHORT TO SHORT TERM FUND - REGULAR PLAN - WEEKLY IDCW (Payout/Reinvestment),10.2715
2026-09-04,102920,CANARA ROBECO LARGE AND MID CAP FUND - REGULAR PLAN - GROWTH OPTION,258.5100
2026-09-04,102921,CANARA ROBECO LARGE AND MID CAP FUND - REGULAR PLAN - IDCW (Payout/Reinvestment),83.9600
2026-09-04,102941,SBI MIDCAP FUND - REGULAR PLAN - GROWTH,242.2682
2026-09-04,102942,SBI Midcap Fund - Regular Plan - Income Distribution cum Capital Withdrawal Option (IDCW),98.9941
2026-09-04,102947,HDFC Aggressive Hybrid Fund - IDCW Plan,15.209
2026-09-04,102948,HDFC Aggressive Hybrid Fund - Growth Plan,114.226
2026-09-04,103024,SBI LARGE & MIDCAP FUND- REGULAR PLAN -Growth,643.2279
2026-09-04,103025,UTI Dividend Yield Fund - Regular Plan - IDCW,33.0616
2026-09-04,103026,UTI-Dividend Yield Fund.-Growth,175.6599
2026-09-04,103034,SBI MNC FUND - REGULAR PLAN -GROWTH,413.1324
2026-09-04,103039,Kotak Contra Fund - Regular Plan - IDCW - Payout & Re-investment of Income Distribution cum capital withdrawal option,52.979
2026-09-04,103040,Kotak Contra Fund - Regular Plan - Growth,153.699
2026-09-04,103048,Nippon India Money Market Fund-Growth Plan-Growth Option,4477.5021
2026-09-04,103050,NIPPON INDIA MONEY MARKET FUND - DAILY IDCW Option,1007.6216
2026-09-04,103051,NIPPON INDIA MONEY MARKET FUND - WEEKLY IDCW Option,1008.0453
2026-09-04,103052,NIPPON INDIA MONEY MARKET FUND - MONTHLY IDCW Option,1027.4243
2026-09-04,103085,Nippon India Value Fund- Growth Plan,223.7075
2026-09-04,103086,NIPPON INDIA VALUE FUND - IDCW Option,41.5317
2026-09-04,103097,UTI Value Fund - Regular Plan - IDCW,48.2625
2026-09-04,103098,UTI Value Fund - Regular Plan - Growth Option,165.6076
2026-09-04,103110,Aditya Birla Sun Life Consumption Fund -Regular - IDCW,35.76
2026-09-04,103111,Aditya Birla Sun Life Consumption Fund-Growth Option,206.12
2026-09-04,103114,SBI MNC Fund - Regular Plan - Income Distribution cum Capital Withdrawal Option (IDCW),126.2087
2026-09-04,103130,HDFC Multi Asset Allocation Fund - IDCW Option,17.168
2026-09-04,103131,HDFC Multi Asset Allocation Fund - Growth Option,75.435
2026-09-04,103140,SBI Overnight Fund - Regular Plan - Weekly Income Distribution cum Capital Withdrawal Option (IDCW),1411.8692
2026-09-04,103145,SBI COMMA Fund - REGULAR PLAN - Growth,119.8381
2026-09-04,103146,SBI Comma Fund - Regular Plan - Income Distribution cum Capital Withdrawal Option (IDCW),68.0212
2026-09-04,103149,ICICI Prudential Infrastructure Fund - Growth,204.75
2026-09-04,103150,ICICI Prudential Infrastructure Fund - IDCW,28.83
2026-09-04,103151,Franklin India Opportunities Fund - Growth,266.6753
2026-09-04,103154,Aditya Birla Sun Life Aggressive Hybrid Fund -Regular - IDCW,170.13
2026-09-04,103155,Aditya Birla Sun Life Aggressive Hybrid Fund - Regular Plan-Growth,1552.43
2026-09-04,103158,Tata Treasury Advantage Fund Regular Plan - Weekly Payout of IDCW Option,1009.9796
2026-09-04,103159,Tata Treasury Advantage Fund - Regular Plan - Growth Option,4224.3018
2026-09-04,103160,Tata Treasury Advantage Fund Regular Plan - Daily Reinvestment of IDCW Option,1003.5288
2026-09-04,103164,Aditya Birla Sun Life ELSS Tax Saver Fund-Regular - IDCW,189.45
2026-09-04,103165,Aditya Birla Sun Life Flexi Cap Fund -Regular - IDCW,169.16
2026-09-04,103166,Aditya Birla Sun Life Flexi Cap Fund - Growth - Regular Plan,1963.56
2026-09-04,103167,Aditya Birla Sun Life Digital India Fund -Regular - IDCW,36.91
2026-09-04,103168,Aditya Birla Sun Life Digital India Fund - Growth - Regular Plan,159.93
2026-09-04,103173,Aditya Birla Sun Life Large Cap Fund-Regular - IDCW,38.55
2026-09-04,103174,Aditya Birla Sun Life Large Cap Fund-Growth,517.92
2026-09-04,103178,Aditya Birla Sun Life Corporate Bond Fund - Growth - Regular Plan,119.5780
2026-09-04,103183,Aditya Birla Sun Life Corporate Bond Fund -REGULAR - MONTHLY IDCW,12.6026
2026-09-04,103192,Aditya Birla Sun Life Ultra Short to Short Term Fund -Regular- Growth Plan,701.0425
2026-09-04,103193,Aditya Birla Sun Life Ultra Short to Short Term Fund -REGULAR - WEEKLY IDCW,100.7411
2026-09-04,103196,Nippon India ELSS Tax Saver Fund-Growth Plan-Growth Option,129.9754
2026-09-04,103197,NIPPON INDIA ELSS TAX SAVER FUND - IDCW Option,33.7606
2026-09-04,103215,SBI Flexicap Fund - REGULAR PLAN -Growth Option,108.7810
2026-09-04,103216,SBI Flexicap Fund - Regular Plan - Income Distribution cum Capital Withdrawal Option (IDCW),48.7096
2026-09-04,103225,quant Liquid Fund - Growth Option - Regular Plan,44.1325
2026-09-04,103226,quant Liquid Fund-Daily IDCW Option - Regular Plan,12.6214
2026-09-04,103227,quant Liquid Fund - Weekly IDCW Option - Regular Plan,14.5243
2026-09-04,103228,quant Liquid Fund - Monthly IDCW Option - Regular Plan,15.1789
2026-09-04,103233,Kotak Large & Mid Cap Fund - IDCW-Regular,61.422
2026-09-04,103234,Kotak Large & Mid Cap Fund - Growth-Regular,352.062
2026-09-04,103308,Aditya Birla Sun Life Focused Fund -Regular - IDCW,23.3337
2026-09-04,103309,Aditya Birla Sun Life Focused Fund -Growth Option,146.9920
2026-09-04,103312,ICICI Prudential Exports & Services Fund - Growth,172.17
2026-09-04,103313,ICICI Prudential Exports & Services Fund - IDCW,38.81
2026-09-04,103338,Kotak ELSS Tax Saver Fund-Payout of Income Distribution cum capital withdrawal option,43.993
2026-09-04,103339,Kotak ELSS Tax Saver Fund-Growth,117.551
2026-09-04,103340,ICICI Prudential Liquid Fund - Growth,415.4494
2026-09-04,103342,ICICI Prudential Liquid Fund - Weekly IDCW,100.2719
2026-09-04,103343,ICICI Prudential Liquid Fund - Daily IDCW,100.1482
2026-09-04,103347,DSP Liquid Fund - Regular Plan - Growth,4009.5545
2026-09-04,103348,DSP Liquid Fund - Regular Plan - IDCW - Weekly,1001.6666
2026-09-04,103349,DSP Liquid Fund- Regular Plan - IDCW - Daily,1001.4663
2026-09-04,103360,Franklin India Small Cap Fund-Growth,180.6322
2026-09-04,103361,Franklin India Small Cap Fund - IDCW,45.1537
2026-09-04,103389,CANARA ROBECO INFRASTRUCTURE FUND - REGULAR PLAN - IDCW (Payout/Reinvestment),61.0000
2026-09-04,103390,CANARA ROBECO INFRASTRUCTURE FUND - REGULAR PLAN - GROWTH OPTION,167.3200
2026-09-04,103400,SBI Multi Asset Allocation Fund - Regular Plan - Monthly Income Distribution cum Capital Withdrawal Option (IDCW),30.0372
2026-09-04,103401,SBI Multi Asset Allocation Fund - Regular Plan - Quarterly Income Distribution cum Capital Withdrawal Option (IDCW),30.0079
2026-09-04,103408,SBI MULTI ASSET ALLOCATION FUND - REGULAR PLAN - GROWTH,67.1733
2026-09-04,103409,SBI Multi Asset Allocation Fund - Regular Plan - Annual Income Distribution cum Capital Withdrawal Option (IDCW),37.9853
2026-09-04,103475,Aditya Birla Sun Life Infrastructure Fund -  Regular - IDCW,29.97
2026-09-04,103476,Aditya Birla Sun Life Infrastructure Fund-Growth,109.12
2026-09-04,103490,Quantum Value Fund - Direct Plan Growth Option,125.02
2026-09-04,103491,Quantum Value Fund - Direct Plan IDCW,125.28
2026-09-04,103504,SBI Large Cap FUND-REGULAR PLAN GROWTH,92.5849
2026-09-04,103616,SBI Large Cap Fund - Regular Plan - Income Distribution cum Capital Withdrawal Option (IDCW),52.6700
2026-09-04,103633,ICICI Prudential Money Market Fund Option - Growth,409.3565
2026-09-04,103634,ICICI Prudential Money Market Fund Option - Daily IDCW,100.1295
2026-09-04,103635,ICICI Prudential Money Market Fund Option - Weekly IDCW,100.8738
2026-09-04,103678,Franklin India Dividend Yield Fund-Growth Plan,135.5374
2026-09-04,103679,Franklin India Dividend Yield Fund - IDCW,23.5204
2026-09-04,103734,Quantum Liquid Fund - Direct Plan Growth Option,37.7045
2026-09-04,103735,Quantum Liquid Fund - Direct Plan Monthly IDCW,10.0376
2026-09-04,103736,Quantum Liquid Fund - Direct Plan Daily IDCW,10.0174
2026-09-04,103743,Sundaram Consumption Fund (Formerly Known as Sundaram Rural and Consumption Fund Regular Plan - Income Distribution cum Capital Withdrawal (IDCW),24.8898
2026-09-04,103780,JM Arbitrage Fund (Regular) - Growth Option,34.6773
2026-09-04,103781,JM Arbitrage Fund (Regular) - IDCW,16.095
2026-09-04,103819,DSP Large & Mid Cap Fund - Regular Plan - Growth,617.5180
2026-09-04,103820,DSP Large & Mid Cap Fund - Regular Plan - IDCW,36.1360
2026-09-04,103883,SBI ELSS Tax Saver Fund - Regular Plan - Income Distribution cum Capital Withdrawal Option (IDCW),86.9515
2026-09-04,103884,SBI Ultra Short Term Fund - Regular Plan - Weekly Income Distribution cum Capital Withdrawal Option (IDCW),1264.6353
2026-09-04,103885,Aditya Birla Sun Life Liquid Fund -Regular - IDCW,104.8999
2026-09-04,104074,UTI Arbitrage Fund - Regular Plan - IDCW,21.1599
2026-09-04,104075,UTI Arbitrage Fund - Regular Plan - Growth Option,37.4559
2026-09-04,104138,DSP Ultra Short Term Fund - Regular Plan - Growth,3650.5184
2026-09-04,104139,DSP Ultra Short Term Fund - Regular Plan - IDCW - Weekly Reinvest,1005.3205
2026-09-04,104140,DSP Ultra Short Term Fund - Regular Plan - IDCW - Daily Reinvest,1005.4914
2026-09-04,104457,SBI Arbitrage Fund - Regular Plan - Gr,36.1285
2026-09-04,104458,SBI Arbitrage Fund - Regular Plan - Income Distribution cum Capital Withdrawal Option (IDCW),18.9996
2026-09-04,104481,DSP Midcap Fund - Regular Plan - Growth,156.4270
2026-09-04,104482,DSP Midcap Fund - Regular Plan - IDCW,29.7950
2026-09-04,104484,Invesco India Liquid Fund - Daily IDCW (Reinvestment),1002.7594
2026-09-04,104485,Invesco India Liquid Fund - Weekly IDCW (Reinvestment),1019.7726
2026-09-04,104486,Invesco India Liquid Fund - Growth,3859.4993
2026-09-04,104488,Invesco India Liquid Fund - Regular - Growth,3397.5429
2026-09-04,104489,Invesco India Liquid Fund - Regular - Weekly IDCW (Reinvestment),1005.216
2026-09-04,104492,Invesco India Liquid Fund - Monthly IDCW (Payout / Reinvestment),1004.8308
2026-09-04,104513,quant Large & Mid Cap Fund - Growth Option,124.2113
2026-09-04,104514,quant Large & Mid Cap Fund - IDCW Option - Regular Plan,75.8184
2026-09-04,104523,SBI ESG Exclusionary Strategy Fund - Regular Plan - Growth,238.6730
2026-09-04,104559,CANARA ROBECO ULTRA SHORT TO SHORT TERM FUND - REGULAR PLAN - DAILY IDCW (Reinvestment),10.2600
2026-09-04,104635,Invesco India ELSS Tax Saver Fund - Regular Plan - IDCW Payout,25.04
2026-09-04,104636,Invesco India ELSS Tax Saver Fund - Regular Plan - Growth,127.95
2026-09-04,104637,Nippon India Focused Fund -Growth Plan -Growth Option,123.0544
2026-09-04,104638,NIPPON INDIA FOCUSED  FUND - IDCW OPTION,32.9440
2026-09-04,104681,ICICI Prudential Arbitrage Fund - IDCW,15.3959
2026-09-04,104683,ICICI Prudential Arbitrage Fund - Growth,36.6728
2026-09-04,104685,ICICI Prudential Balanced Advantage Fund - Growth,78.94
2026-09-04,104686,ICICI Prudential Balanced Advantage Fund - IDCW,18.42
2026-09-04,104722,Invesco India Ultra Short to Short Term Fund - Regular - Weekly IDCW (Reinvestment),1448.0173
2026-09-04,104723,Invesco India Ultra Short to Short Term Fund - Regular - Monthly IDCW (Reinvestment),1447.4549
2026-09-04,104725,Invesco India Ultra Short to Short Term Fund - Weekly IDCW (Payout / Reinvestment),1356.3136
2026-09-04,104726,Invesco India Ultra Short to Short Term Fund - Growth,4057.2926
2026-09-04,104728,Invesco India Ultra Short to Short Term Fund - Regular - Growth,3587.8964
2026-09-04,104729,Invesco India Ultra Short to Short Term Fund - Monthly IDCW (Payout / Reinvestment),1478.6628
2026-09-04,104772,DSP ELSS Tax Saver Fund - Regular Plan - Growth,138.2590
2026-09-04,104773,DSP ELSS Tax Saver Fund - Regular Plan - IDCW,21.4160
2026-09-04,104907,Kotak Mid Cap Fund - Regular Plan - IDCW -Payout & Re-investment of Income Distribution cum capital withdrawal option,80.597
2026-09-04,104908,Kotak Mid Cap Fund - Regular Plan - Growth,146.747
2026-09-04,105000,Sundaram Large and Midcap Regular Plan - Income Distribution cum Capital Withdrawal (IDCW),31.5626
2026-09-04,105001,Sundaram Large and Midcap Fund Regular Plan - Growth,93.5199
2026-09-04,105024,Invesco India Ultra Short to Short Term Fund - Regular Daily IDCW (Reinvestment),1784.5128
2026-09-04,105025,Invesco India Ultra Short to Short Term Fund - Daily IDCW (Reinvestment),1017.9524
2026-09-04,105067,Franklin India INDEX FUND- NSE NIFTY 50 INDEX FUND - IDCW,167.6882
2026-09-04,105080,SBI Ultra Short Term Fund - Regular Plan - Daily Income Distribution cum Capital Withdrawal Option (IDCW),2420.5802
2026-09-04,105185,Invesco India Short Term Fund - Regular Plan - Growth,3777.3376
2026-09-04,105187,Invesco India Short Term Fund - Plan B - Monthly IDCW (Payout / Reinvestment),2460.3244
2026-09-04,105189,Invesco India Short Term Fund - Plan B - Growth,3752.0699
2026-09-04,105190,Invesco India Short Term Fund - Regular Plan - Weekly IDCW (Reinvestment),1017.4921
2026-09-04,105191,Invesco India Short Term Fund - Regular Plan - Monthly IDCW (Payout / Reinvestment),1050.9237
2026-09-04,105192,Invesco India Short Term Fund - Plan B - Weekly IDCW (Reinvestment),1013.9314
2026-09-04,105274,SBI Liquid Fund - Institutional - Growth,4428.0161
2026-09-04,105275,SBI Liquid Fund - Institutional Daily Income Distribution cum Capital Withdrawal Option (IDCW),1422.5627
2026-09-04,105280,SBI Liquid Fund - REGULAR PLAN -Growth,4386.5444
2026-09-04,105281,SBI Liquid Fund - Regular Plan - Daily Income Distribution cum Capital Withdrawal Option (IDCW),1140.7391
2026-09-04,105282,SBI Liquid Fund - Regular Plan - Weekly Income Distribution cum Capital Withdrawal Option (IDCW),1378.6058
2026-09-04,105283,SBI Liquid Fund - Regular Plan - Fortnightly Income Distribution cum Capital Withdrawal Option (IDCW),1439.5820
2026-09-04,105417,Taurus Infrastructure Fund - Regular Plan - Growth,62.45
2026-09-04,105418,Taurus Infrastructure Fund - Regular Plan - Payout of Income Distribution cum Capital Withdrawal option,58.65
2026-09-04,105459,Invesco India Contra Fund - Regular Plan - IDCW (Payout / Reinvestment),49.92
2026-09-04,105460,Invesco India Contra Fund - Regular Plan - Growth,136.28
2026-09-04,105463,UTI GOLD Exchange Traded Fund,129.2781
2026-09-04,105503,Invesco India Mid Cap Fund - Regular Plan - Growth Option,199.49
2026-09-04,105504,Invesco India Mid Cap Fund - Regular Plan - IDCW (Payout / Reinvestment),62.17
2026-09-04,105543,HDFC Ultra Short to Short Term Fund - Monthly IDCW,10.1656
2026-09-04,105548,HDFC Ultra Short to Short Term Fund - Daily IDCW,10.1428
2026-09-04,105578,UTI Ultra Short to Short Term Fund - Discontinued - Periodic Dividend Plan,1075.7
2026-09-04,105603,Invesco India Arbitrage Fund - Regular Plan - Growth Option,34.1262
2026-09-04,105604,Invesco India Arbitrage Fund - Regular Plan - IDCW (Payout / Reinvestment),18.2125
2026-09-04,105605,UTI Ultra Short to Short Term Fund - Regular Plan - Daily IDCW (Reinvestment),1472.0615
2026-09-04,105627,UTI Ultra Short to Short Term Fund - Regular Plan - Weekly IDCW,1475.7856
2026-09-04,105628,SBI ELSS Tax Saver FUND - REGULAR PLAN- GROWTH,428.8813
2026-09-04,105637,JM Dynamic Term Fund (Regular) - Weekly IDCW,10.539
2026-09-04,105639,JM Dynamic Term Fund (Regular) - Daily IDCW,10.0363
2026-09-04,105658,UTI Ultra Short to Short Term Fund - Regular Plan - Monthly IDCW,1501.5334
2026-09-04,105659,UTI Ultra Short to Short Term Fund - Discontinued Flexi Dividend Plan,1086.5404
2026-09-04,105667,DSP Dynamic Term Fund - Regular Plan - IDCW - Monthly,1066.1857
2026-09-04,105668,DSP Dynamic Term Fund - Regular Plan - IDCW,1270.9538
2026-09-04,105669,DSP Dynamic Term Fund - Regular Plan - Growth,3443.9862
2026-09-04,105670,UTI Ultra Short to Short Term Fund - Discontinued Monthly Dividend Option,1011.2709
2026-09-04,105689,Nippon India Interval Fund-Quarterly Interval Fund Series-II-Growth Option,38.5154
2026-09-04,105692,NIPPON INDIA QUARTERLY INTERVAL FUND - SERIES II - IDCW Option,13.5053
2026-09-04,105757,HDFC Mid Cap Fund - IDCW Plan,53.078
2026-09-04,105758,HDFC Mid Cap Fund - Growth Plan,211.558
2026-09-04,105804,Aditya Birla Sun Life Small Cap Fund - GROWTH,101.6364
2026-09-04,105805,Aditya Birla Sun Life Small Cap Fund -Regular - IDCW,39.1224
2026-09-04,105816,Franklin India Focused Equity Fund - IDCW,31.1354
2026-09-04,105817,Franklin India Focused Equity Fund - Growth Plan,100.9815
2026-09-04,105822,LIC MF Banking & PSU Debt Fund-Regular Plan-Daily IDCW,11.8634
2026-09-04,105823,LIC MF Banking & PSU Debt Fund-Regular Plan-Growth,36.9762
2026-09-04,105856,LIC MF Banking & PSU Debt Fund-Regular Plan-Monthly IDCW,13.8388
2026-09-04,105857,LIC MF Banking & PSU Debt Fund-Regular Plan-Weekly IDCW,10.3966
2026-09-04,105875,DSP Flexi Cap Fund - Regular Plan - Growth,103.2880
2026-09-04,105878,DSP Dynamic Term Fund - Regular Plan - IDCW - Weekly,1044.2133
2026-09-04,105887,Aditya Birla Sun Life Ultra Short Term Fund-Regular - weekly IDCW,100.7140
2026-09-04,105888,Aditya Birla Sun Life Ultra Short Term Fund-Regular - DAILY IDCW,100.1024
2026-09-04,105967,Kotak Arbitrage Fund - Regular Plan - IDCW - Payout & Re-investment of Income Distribution cum capital withdrawal option,10.733
2026-09-04,105968,Kotak Arbitrage Fund - Regular Plan - Growth,40.0777
2026-09-04,105989,DSP Small Cap Fund - Regular - Growth,232.6780
2026-09-04,106095,SBI Infrastructure Fund - Regular Plan - Income Distribution cum Capital Withdrawal Option (IDCW),44.7095
2026-09-04,106096,SBI INFRASTRUCTURE FUND -  REGULAR PLAN - GROWTH,50.2590
2026-09-04,106143,Invesco India Large & Mid Cap Fund - Regular Plan - IDCW (Payout / Reinvestment),44.8
2026-09-04,106144,Invesco India Large & Mid Cap Fund - Regular Plan - Growth,110.73
2026-09-04,106166,CANARA ROBECO AGGRESSIVE HYBRID FUND - REGULAR PLAN - GROWTH OPTION,368.5000
2026-09-04,106167,CANARA ROBECO AGGRESSIVE HYBRID FUND - REGULAR PLAN - MONTHLY IDCW (Payout/Reinvestment),91.3200
2026-09-04,106168,JM Value Fund (Regular) - IDCW,68.1556
2026-09-04,106169,quant Infrastructure Fund - IDCW Option - Regular Plan,41.7724
2026-09-04,106170,quant Infrastructure Fund - Growth Option,41.8662
2026-09-04,106171,Invesco India Corporate Bond Fund - Regular Plan - Monthly IDCW (Payout / Reinvestment),1930.1093
2026-09-04,106172,Invesco India Corporate Bond Fund - Regular Plan - Quarterly IDCW (Payout / Reinvestment),1169.5157
2026-09-04,106177,Invesco India Corporate Bond Fund - Regular Plan - Growth,3367.4324
2026-09-04,106179,Invesco India Corporate Bond Fund - Regular Plan - Annual IDCW (Payout / Reinvestment),1340.516
2026-09-04,106183,UTI Annual Interval Fund - I - Regular Plan - Growth Option,36.4786
2026-09-04,106185,UTI Annual Interval Fund - I - ( Instn Growth Option ),37.9455
2026-09-04,106186,UTI Annual Interval Fund - I - Regular Plan - IDCW,11.099
2026-09-04,106193,KOTAK GOLD ETF,128.2079
2026-09-04,106212,SBI Ultra Short to Short Term Fund - Regular Plan - Growth,3734.8283
2026-09-04,106213,SBI Ultra Short to Short Term Fund - Regular Plan - Daily Income Distribution cum Capital Withdrawal Option (IDCW),1454.7689
2026-09-04,106214,SBI Ultra Short to Short Term Fund - Regular Plan - Weekly Income Distribution cum Capital Withdrawal Option (IDCW),1454.7555
2026-09-04,106215,SBI Ultra Short to Short Term Fund - Regular Plan - Fornightly Income Distribution cum Capital Withdrawal Option (IDCW),1480.2332
2026-09-04,106216,SBI Ultra Short to Short Term Fund - Regular Plan - Monthly Income Distribution cum Capital Withdrawal Option (IDCW),1638.0467
2026-09-04,106217,SBI Ultra Short to Short Term Fund - Ultra Short Term Fund - Institutional Plan - Growth,3800.6954
2026-09-04,106221,SBI Ultra Short to Short Term Fund - Ultra Short Term Fund - Institutional Plan - Daily Income Distribution cum Capital Withdrawal Option (IDCW),1455.1114
2026-09-04,106222,SBI Ultra Short to Short Term Fund - Ultra Short Term Fund- Institutional Plan - Weekly Income Distribution cum Capital Withdrawal Option (IDCW),1451.4991
2026-09-04,106227,SBI SHORT TERM FUND-SHORT TERM FUND - RETAIL - GROWTH,38.6558
2026-09-04,106228,SBI Short Term Fund - Short Term Fund - Retail Dividend - Weekly Income Distribution cum Capital Withdrawal Option (IDCW),16.0351
2026-09-04,106229,SBI Short Term Fund - Short Term Fund - Retail Dividend - Monthly Income Distribution cum Capital Withdrawal Option (IDCW),17.7055
2026-09-04,106230,SBI Short Term Fund - Short Term Fund - Retail Dividend - Fortnightly Income Distribution cum Capital Withdrawal Option (IDCW),16.0593
2026-09-04,106231,SBI SHORT TERM FUND - REGULAR PLAN -GROWTH,34.1658
2026-09-04,106232,SBI Short Term Fund - Regular Plan Weekly Income Distribution cum Capital Withdrawal Option (IDCW),15.4911
2026-09-04,106233,SBI Short Term Fund - Regular Plan - Monthly Income Distribution cum Capital Withdrawal Option (IDCW),18.8889
2026-09-04,106234,SBI Short Term Fund - Regular Plan Fortnightly Income Distribution cum Capital Withdrawal Option (IDCW),15.4757
2026-09-04,106235,Nippon India Large Cap  Fund- Growth Plan -Growth Option,89.1562
2026-09-04,106236,NIPPON INDIA LARGE CAP FUND - IDCW Option,26.0665
2026-09-04,106240,Nippon India Large Cap Fund- Growth Plan Bonus Option,89.1562
2026-09-04,106260,NIPPON INDIA GROWTH MID CAP FUND - INSTITUTIONAL Plan - IDCW Option,1377.2822
2026-09-04,106316,Invesco India Balanced Advantage Fund - Regular Plan - IDCW (Payout / Reinvestment),17.28
2026-09-04,106317,Invesco India Balanced Advantage Fund - Regular Plan - Growth,52.69
2026-09-04,106383,UTI Short Term Fund - Discontinued Regular Option - Dividend Sub Option,25.1162
2026-09-04,106384,UTI Short Term Fund - Discontinued Regular Option -Growth Sub Option,47.5103
2026-09-04,106425,UTI India Consumer Fund - Regular Plan - Growth Option,57.6553
2026-09-04,106426,UTI India Consumer Fund - Regular Plan - IDCW,50.3987
2026-09-04,106441,Kotak Global Emerging Market Overseas Equity Active FOF- Growth,39.685
2026-09-04,106442,Kotak Global Emerging Market Overseas Equity Active FOF - Payout of Income Distribution cum capital withdrawal option,39.688
2026-09-04,106596,DSP World Gold Mining Overseas Equity Omni FoF - Regular Plan - IDCW,38.5522
2026-09-04,106597,DSP World Gold Mining Overseas Equity Omni FoF - Regular Plan - Growth,63.6408
2026-09-04,106624,UTI Short Term Fund - Regular Plan - Growth Option,33.7511
2026-09-04,106653,Invesco India Infrastructure Fund - Regular Plan - IDCW (Payout / Reinvestment),43.85
2026-09-04,106654,Invesco India Infrastructure Fund - Regular Plan - Growth Option,68.21
2026-09-04,106793,HDFC ARBITRAGE FUND - Regular Plan -Growth Option,32.736
2026-09-04,106822,ICICI Prudential Small Cap Fund - IDCW,34.15
2026-09-04,106823,ICICI Prudential Small Cap Fund - Growth,91.98
2026-09-04,106838,HDFC Floating Interest Rates Fund - Daily IDCW Option,10.0809
2026-09-04,106839,HDFC Floating Interest Rates Fund - Monthly IDCW Option,10.171
2026-09-04,106840,HDFC Floating Interest Rates Fund - Weekly IDCW Option,10.0536
2026-09-04,106841,HDFC Floating Interest Rates Fund - Growth Option,53.6814
2026-09-04,106871,LIC MF Large Cap Fund-Regular Plan-Growth,53.4425
2026-09-04,106872,Aditya Birla Sun Life International Equity Fund - Regular - IDCW,22.3978
2026-09-04,106873,Aditya Birla Sun Life International Equity Fund - Growth - Regular Plan,52.5588
2026-09-04,106929,Kotak Nifty PSU Bank ETF,85.2613
2026-09-04,106978,Franklin Asian Equity Fund - IDCW,21.3404
2026-09-04,106979,Franklin Asian Equity Fund - Growth Plan,45.2110
2026-09-04,106980,UTI Short Term Fund - Regular Plan - Discontinued Quarterly IDCW,17.4652
2026-09-04,107287,JM ELSS - Tax Saver Fund (Regular) - IDCW,52.8005
2026-09-04,107288,JM ELSS - Tax Saver Fund (Regular) - Growth option,52.8013
2026-09-04,107352,Invesco India Multi Cap Fund - Regular Plan - IDCW (Payout / Reinvestment),121.27
2026-09-04,107353,Invesco India Multi Cap Fund - Regular Plan - Growth Option,133.75
2026-09-04,107409,JM Focused Fund (Regular) - IDCW,20.3453
2026-09-04,107410,JM Focused Fund (Regular) - Growth Option,20.3461
2026-09-04,107471,Invesco India Gilt Fund - Regular Plan - Monthly IDCW (Reinvestment),1632.501
2026-09-04,107472,Invesco India Gilt Fund - Regular Plan - Quarterly IDCW (Payout / Reinvestment),1321.4173
2026-09-04,107476,Invesco India Gilt Fund - Regular Plan - Annual IDCW (Payout / Reinvestment),1166.682
2026-09-04,107477,Invesco India Gilt Fund - Regular Plan - Growth,2898.249
2026-09-04,107524,HDFC Infrastructure Fund - Growth Plan,46.819
2026-09-04,107525,HDFC Infrastructure Fund - IDCW Plan,20.079
2026-09-04,107578,Mirae Asset Large Cap Fund - Regular Plan - Growth,111.503
2026-09-04,107579,Mirae Asset Large Cap Fund - Regular Plan - IDCW,28.560
2026-09-04,107693,Quantum Gold ETF,127.2869
2026-09-04,107700,Mirae Asset Ultra Short to Short Term Fund - Regular Plan - Daily IDCW,1005.1646
2026-09-04,107701,Mirae Asset Ultra Short to Short Term Fund - Regular Plan - Weekly IDCW,1108.0642
2026-09-04,107702,Mirae Asset Ultra Short to Short Term Fund - Regular Plan - Quarterly IDCW,1009.8716
2026-09-04,107704,Mirae Asset Ultra Short to Short Term Fund - Regular Plan - Monthly IDCW,1090.5705
2026-09-04,107705,Mirae Asset Ultra Short to Short Term Fund - Regular Plan - Growth,2419.7237
2026-09-04,107745,Aditya Birla Sun Life ELSS Tax Saver Fund - Growth Option,61.75
2026-09-04,107763,LIC MF Infrastructure Fund-Regular Plan-Growth,54.9847
2026-09-04,107764,LIC MF Infrastructure Fund-Regular Plan-IDCW,54.9862
2026-09-04,107988,HSBC Global Emerging Markets Fund - Growth,34.5676
2026-09-04,107989,HSBC Global Emerging Markets Fund - IDCW,24.387
2026-09-04,108166,Aditya Birla Sun Life Value Fund - Regular - IDCW,42.4766
2026-09-04,108167,Aditya Birla Sun Life Value Fund - Growth Option,138.8615
2026-09-04,108202,DSP Natural Resources And New Energy Fund - Regular - Growth,109.0780
2026-09-04,108203,DSP Natural Resources And New Energy Fund - Regular Plan - IDCW,32.0490
2026-09-04,108249,Nippon India Quant Fund -Growth Plan - Growth Option,73.0219
2026-09-04,108252,NIPPON INDIA QUANT FUND - IDCW Option,38.9274
2026-09-04,108258,Nippon India Quant Fund -Growth Plan -Bonus Option,73.0219
2026-09-04,108272,Aditya Birla Sun Life Banking & PSU Debt Fund  - REGULAR - IDCW,149.9192
2026-09-04,108273,Aditya Birla Sun Life Banking & PSU Debt Fund - Regular Plan-Growth,388.3736
2026-09-04,108274,Aditya Birla Sun Life Banking & PSU Debt Fund  - REGULAR - Quarterly IDCW,102.7166
2026-09-04,108377,Invesco India Financial Services Fund - Regular Plan -  IDCW (Payout / Reinvestment),75.55
2026-09-04,108378,Invesco India Financial Services Fund - Regular Plan - Growth,148.14
2026-09-04,108402,Taurus ELSS Tax Saver Fund - Regular Plan - Payout of Income Distribution cum Capital Withdrawal option,86.18
2026-09-04,108403,Taurus Large Cap Fund - Regular Plan - Payout of Income Distribution cum Capital Withdrawal option,73.98
2026-09-04,108465,ICICI Prudential Large Cap Fund (erstwhile Bluechip Fund)  - IDCW,29.01
2026-09-04,108466,ICICI Prudential Large Cap Fund (erstwhile Bluechip Fund)  - Growth,107.62
2026-09-04,108479,Quantum Nifty 50 ETF,263.3400
2026-09-04,108511,Kotak Dynamic Term Fund Regular Plan Growth,39.5952
2026-09-04,108544,Bandhan Income Plus Arbitrage Active FOF - Regular Plan - Quarterly IDCW,12.9075
2026-09-04,108545,Bandhan Income Plus Arbitrage Active FOF - Regular Plan - Growth,46.7150
2026-09-04,108546,Bandhan Income Plus Arbitrage Active FOF - Regular Plan - Half Yearly IDCW,13.2331
2026-09-04,108547,Bandhan Income Plus Arbitrage Active FOF - Regular Plan - Annual IDCW,14.8285
2026-09-04,108557,Bandhan Gilt Fund - Regular Plan - Quarterly IDCW,11.9434
2026-09-04,108558,Bandhan Gilt Fund - Regular - Plan B - Half Yearly IDCW,11.6659
2026-09-04,108559,Bandhan Gilt Fund - Regular Plan - Annual IDCW,11.5498
2026-09-04,108561,BANDHAN Dynamic Term Fund - Regular Plan B - Quarterly IDCW,11.6037
2026-09-04,108592,Bandhan Focused Fund - Regular Plan - Growth,90.244
2026-09-04,108593,Bandhan Focused Fund - Regular Plan - IDCW,19.325
2026-09-04,108594,BANDHAN Flexi Cap Fund - Regular Plan - Growth,210.158
2026-09-04,108595,BANDHAN Flexi Cap Fund - Regular Plan - IDCW,47.036
2026-09-04,108596,Bandhan Large & Mid Cap Fund - Regular Plan - Growth,141.658
2026-09-04,108597,Bandhan Large & Mid Cap Fund - Regular Plan - IDCW,28.017
2026-09-04,108632,BANDHAN Ultra Short to Short Term Fund - Regular Plan - Growth,41.3672
2026-09-04,108633,BANDHAN Ultra Short to Short Term Fund - Regular Plan - Daily IDCW,10.1015
2026-09-04,108634,BANDHAN Ultra Short to Short Term Fund - Regular Plan - Weekly IDCW,10.1356
2026-09-04,108635,BANDHAN Ultra Short to Short Term Fund - Regular Plan - Monthly IDCW,10.1294
2026-09-04,108644,Bandhan 10 year Constant Maturity Gilt Fund - Regular Plan - Monthly IDCW,10.3809
2026-09-04,108646,Bandhan 10 year Constant Maturity Gilt Fund - Regular Plan - Quarterly IDCW,11.5841
2026-09-04,108650,BANDHAN Money Market Fund - Regular Plan - Daily IDCW,10.0994
2026-09-04,108675,BANDHAN Dynamic Term Fund - Regular Plan B - Annual IDCW,11.5655
2026-09-04,108690,BANDHAN LIQUID Fund - Regular Plan - Growth,3388.0619
2026-09-04,108691,BANDHAN LIQUID Fund - Regular Plan - Weekly IDCW,1002.9588
2026-09-04,108692,BANDHAN LIQUID Fund - Regular Plan - Daily IDCW,1001.4161
2026-09-04,108693,BANDHAN LIQUID Fund - Regular Plan - Monthly IDCW,1002.4746
2026-09-04,108701,Bandhan Money Market Fund - Regular Plan - Weekly IDCW,10.1444
2026-09-04,108713,Bandhan Short Term Fund - Regular Plan - Fortnightly IDCW,10.4262
2026-09-04,108727,Bandhan Medium Term Fund - Regular Plan - Monthly IDCW,10.2448
2026-09-04,108728,Bandhan Medium Term Fund - Regular Plan - Growth,48.5112
2026-09-04,108729,Bandhan Medium Term Fund - Regular Plan - Fortnightly IDCW,10.2575
2026-09-04,108730,Bandhan Medium Term Fund - Regular Plan - Bi-Monthly IDCW,10.2932
2026-09-04,108731,Bandhan Medium Term Fund - Regular Plan - Daily IDCW,10.2617
2026-09-04,108753,Bandhan 10 year Constant Maturity Gilt Fund - Regular Plan - Growth,48.3561
2026-09-04,108756,BANDHAN Money Market Fund - Regular Plan - Growth,43.4709
2026-09-04,108757,BANDHAN Money Market Fund - Regular Plan - Monthly IDCW,10.2749
2026-09-04,108763,Bandhan Medium to Long Term Fund - Regular Plan - Half-yearly IDCW,12.2028
2026-09-04,108764,Bandhan Medium to Long Term Fund - Regular Plan - Quarterly IDCW,12.1703
2026-09-04,108765,Bandhan Medium to Long Term Fund - Regular Plan - Growth,67.9112
2026-09-04,108766,Bandhan Medium to Long Term Fund - Regular Plan - Annual IDCW,11.9553
2026-09-04,108767,Bandhan Short Term Fund - Regular Plan - Monthly IDCW,10.3822
2026-09-04,108768,Bandhan Short Term Fund - Regular Plan - Growth,61.1595
2026-09-04,108799,BANDHAN Large Cap Fund - Regular Plan - Growth,78.759
2026-09-04,108800,BANDHAN Large Cap Fund - Regular Plan - IDCW,21.710
2026-09-04,108845,BANDHAN Arbitrage Fund - Regular Plan - Growth,34.5506
2026-09-04,108847,BANDHAN Arbitrage Fund - Regular Plan - Monthly IDCW,10.6783
2026-09-04,108908,Bandhan Value Fund - Regular Plan - IDCW,36.822
2026-09-04,108909,Bandhan Value Fund - Regular Plan - Growth,147.315
2026-09-04,108992,BANDHAN Equity Savings Fund - Regular Plan - Monthly IDCW,10.836
2026-09-04,108995,BANDHAN Equity Savings Fund - Regular Plan - Growth,32.509
2026-09-04,109010,Kotak BSE Sensex ETF,84.0243
2026-09-04,109058,Sundaram Financial Services Opportunities Fund Regular Plan - Income Distribution cum Capital Withdrawal (IDCW),29.2620
2026-09-04,109059,Sundaram Financial Services Opportunities Fund Regular Plan - Growth,109.1879
2026-09-04,109254,BANK OF INDIA Liquid Fund- Regular Plan- Growth,3235.3329
2026-09-04,109255,BANK OF INDIA Liquid Fund- Regular Plan- Weekly IDCW,1006.2852
2026-09-04,109264,BANK OF INDIA Ultra Short Duration Fund- Regular Plan- Weekly IDCW,1006.8038
2026-09-04,109269,BANK OF INDIA Ultra Short Duration Fund- Regular Plan- Growth,3387.8109
2026-09-04,109274,quant Focused Fund - IDCW Option - Regular Plan,69.0834
2026-09-04,109275,quant Focused Fund - Growth Option - Regular Plan,92.9103
2026-09-04,109349,CANARA ROBECO LIQUID FUND - REGULAR PLAN - DAILY IDCW (Reinvestment),1005.5000
2026-09-04,109350,CANARA ROBECO LIQUID FUND - REGULAR PLAN - WEEKLY IDCW (Payout/Reinvestment),1001.1308
2026-09-04,109351,CANARA ROBECO LIQUID FUND - REGULAR PLAN - MONTHLY IDCW (Payout/Reinvestment),1002.3598
2026-09-04,109353,CANARA ROBECO LIQUID FUND - REGULAR PLAN - GROWTH OPTION,3378.8613
2026-09-04,109366,CANARA ROBECO ULTRA SHORT TERM FUND - REGULAR PLAN - WEEKLY IDCW (Payout/Reinvestment),1241.5356
2026-09-04,109370,CANARA ROBECO ULTRA SHORT TERM FUND - REGULAR PLAN - MONTHLY IDCW (Payout/Reinvestment),1003.4610
2026-09-04,109371,CANARA ROBECO ULTRA SHORT TERM FUND - REGULAR PLAN - GROWTH OPTION,4070.0050
2026-09-04,109372,CANARA ROBECO ULTRA SHORT TERM FUND - REGULAR PLAN - DAILY IDCW (Reinvestment),1240.7100
2026-09-04,109445,ICICI Prudential Banking and Financial Services Fund -  Growth,131.81
2026-09-04,109446,ICICI Prudential Banking and Financial Services Fund -  IDCW,25.16
2026-09-04,109472,NIPPON INDIA CORPORATE BOND FUND - DAILY IDCW Option,17.0833
2026-09-04,109473,NIPPON INDIA CORPORATE BOND FUND - WEEKLY IDCW Option,17.0963
2026-09-04,109501,UTI Ultra Short Term Fund - Regular Plan - Daily IDCW (Reinvestment),1053.2243
2026-09-04,109522,JM Flexi Cap Fund (Regular) - Growth option,99.7929
2026-09-04,109523,JM Flexi Cap Fund (Regular) - IDCW,76.8982
2026-09-04,109716,Nippon India Gilt  Fund -P F Option-Automatic Annual Reinvest Option,32.6830
2026-09-04,109717,Nippon India Gilt  Fund - Institutional Plan-Growth Plan -Growth Option,39.7485
2026-09-04,109720,Nippon India Gilt  Fund -Growth Plan - Growth Option,38.9752
2026-09-04,109721,Nippon India Gilt  Fund -P F Option-Defined Maturity Date Option,38.9752
2026-09-04,109723,NIPPON INDIA GILT  FUND - MONTHLY IDCW Option,10.7083
2026-09-04,109724,Nippon India Gilt  Fund-P F Option-Automatic Capital Appreciation Payout Option,38.9752
2026-09-04,109740,ICICI Prudential Medium to Long Term Fund - Growth,42.2674
2026-09-04,109741,ICICI Prudential Medium to Long Term Fund - IDCW Monthly,11.3010
2026-09-04,109743,ICICI Prudential Medium to Long Term Fund - IDCW Quarterly,11.5025
2026-09-04,109830,quant Flexi Cap Fund - Growth Option - Regular Plan,107.5477
2026-09-04,109831,quant Flexi Cap Fund - IDCW Option - Regular Plan,76.8663
2026-09-04,110282,Aditya Birla Sun Life Banking & PSU Debt Fund  - REGULAR - MONTHLY IDCW,112.2932
2026-09-04,110598,BANK OF INDIA Large & Mid Cap Fund Regular Plan- Quarterly IDCW,34.12
2026-09-04,110599,BANK OF INDIA Large & Mid Cap Fund Eco Plan- Growth,103.83
2026-09-04,110601,BANK OF INDIA Large & Mid Cap Fund Eco Plan-Bonus,103.83
2026-09-04,110603,BANK OF INDIA Large & Mid Cap Fund Regular Plan- Growth,93.68
2026-09-04,110604,BANK OF INDIA Large & Mid Cap Fund Eco Plan-Quarterly IDCW,29.29
2026-09-04,110606,BANK OF INDIA Large & Mid Cap Fund Regular Plan-Bonus,93.67
2026-09-04,110607,BANK OF INDIA Large & Mid Cap Fund Regular Plan- Regular IDCW,27.96
2026-09-04,110608,BANK OF INDIA Large & Mid Cap Fund Eco Plan-Regular IDCW,29.07
2026-09-04,111343,Bandhan 10 year Constant Maturity Gilt Fund - Regular Plan - Weekly IDCW,10.2298
2026-09-04,111521,Aditya Birla Sun Life Dynamic Term Fund -REGULAR - MONTHLY IDCW,10.6773
2026-09-04,111523,BANDHAN Dynamic Term Fund - Regular Plan B - IDCW,13.6695
2026-09-04,111524,BANDHAN Dynamic Term Fund - Regular Plan B - Growth,35.7501
2026-09-04,111525,Bandhan Gilt Fund - Regular Plan - Growth,37.4292
2026-09-04,111527,Bandhan Gilt Fund - Regular Plan - IDCW,14.1053
2026-09-04,111545,ICICI Prudential Floating Interest Rates Fund - Weekly IDCW,102.4178
2026-09-04,111549,Quantum ELSS Tax Saver Fund - Direct Plan Growth Option,124.93
2026-09-04,111550,Quantum ELSS Tax Saver Fund - Direct Plan IDCW,124.12
2026-09-04,111569,BANDHAN ELSS - Tax Saver Fund - Regular Plan - Growth,154.771
2026-09-04,111570,BANDHAN ELSS - Tax Saver Fund - Regular Plan - IDCW,31.260
2026-09-04,111585,BANK OF INDIA Short Term Income Fund-Regular Plan- Growth,28.4180
2026-09-04,111589,BANK OF INDIA Short Term Income Fund-Regular Plan- Monthly IDCW,14.5827
2026-09-04,111590,BANK OF INDIA Short Term Income Fund-Regular Plan- Quarterly IDCW,14.3707
2026-09-04,111599,UTI Multi Asset Allocation Fund - Regular Plan - Growth Option,79.17
2026-09-04,111602,UTI Multi Asset Allocation Fund - Regular Plan - IDCW,29.6138
2026-09-04,111638,Edelweiss ELSS Tax Saver Fund - Regular Plan - Growth Option,116.67
2026-09-04,111639,Edelweiss ELSS Tax Saver Fund - Regular Plan - IDCW Option,31.23
2026-09-04,111640,Taurus Flexi Cap Fund - Regular Plan - Payout of Income Distribution cum Capital Withdrawal option,116.83
2026-09-04,111642,Taurus Mid Cap Fund - Regular Plan - Payout of Income Distribution cum Capital Withdrawal option,114.85
2026-09-04,111644,Mirae Asset Liquid Fund - Regular Plan - Weekly IDCW,1153.1899
2026-09-04,111645,Mirae Asset Liquid Fund - Regular Plan - Monthly IDCW,1155.0947
2026-09-04,111646,Mirae Asset Liquid Fund - Regular Plan - Growth,2941.5930
2026-09-04,111647,Mirae Asset Liquid Fund - Regular Plan - Daily IDCW,1066.4347
2026-09-04,111675,LIC MF Ultra Short to Short Term Fund-Regular Plan-Weekly IDCW,14.5455
2026-09-04,111676,LIC MF Ultra Short to Short Term Fund-Regular Plan-Daily IDCW,11.1964
2026-09-04,111704,Baroda BNP Paribas LIQUID FUND - Regular Plan - GROWTH OPTION,3225.6660
2026-09-04,111705,Baroda BNP Paribas LIQUID FUND - Regular Plan - WEEKLY IDCW OPTION,1001.3289
2026-09-04,111707,Baroda BNP Paribas LIQUID FUND - Regular Plan - DAILY IDCW OPTION,1001.1996
2026-09-04,111708,BANK OF INDIA ELSS Tax Saver -Regular Plan-IDCW,31.90
2026-09-04,111709,BANK OF INDIA ELSS Tax Saver -ECO Plan-Growth,179.68
2026-09-04,111710,BANK OF INDIA ELSS Tax Saver -Regular Plan- Growth,165.57
2026-09-04,111711,BANK OF INDIA ELSS Tax Saver -ECO Plan-IDCW,29.82
2026-09-04,111712,BANK OF INDIA Conservative Hybrid Fund-Regular Plan-Growth,35.2449
2026-09-04,111713,BANK OF INDIA Conservative Hybrid Fund-Regular Plan-Quarterly IDCW,18.8072
2026-09-04,111714,BANK OF INDIA Conservative Hybrid Fund-Regular Plan-Annual IDCW,17.1092
2026-09-04,111715,BANK OF INDIA Conservative Hybrid Fund-ECO Plan-Growth,36.6315
2026-09-04,111716,BANK OF INDIA Conservative Hybrid Fund-Regular Plan-Monthly IDCW,18.1455
2026-09-04,111717,BANK OF INDIA Conservative Hybrid Fund-ECO Plan-Monthly IDCW,27.7488
2026-09-04,111722,CANARA ROBECO ELSS - TAX SAVER FUND - REGULAR PLAN - GROWTH OPTION,178.3400
2026-09-04,111743,Nippon India Ultra Short to Short Term  Fund - Retail Plan - Growth Plan -Bonus Option,2851.5878
2026-09-04,111744,NIPPON INDIA ULTRA SHORT TO SHORT TERM  FUND - RETAIL Plan - DAILY IDCW Option,1012.2363
2026-09-04,111745,NIPPON INDIA ULTRA SHORT TO SHORT TERM FUND - RETAIL Plan - WEEKLY IDCW Option,1014.3908
2026-09-04,111746,Nippon India Ultra Short to Short Term  Fund -Growth Plan -Bonus Option,2332.0964
2026-09-04,111747,NIPPON INDIA ULTRA SHORT To SHORT TERM FUND - DAILY IDCW Option,1012.2377
2026-09-04,111748,Nippon India Ultra Short to Short Term  Fund - Retail Plan - Growth Plan - Growth Option,3827.7569
2026-09-04,111749,NIPPON INDIA ULTRA SHORT TO SHORT TERM  FUND - MONTHLY IDCW Option,1033.9264
2026-09-04,111750,NIPPON INDIA ULTRA SHORT TO SHORT TERM  FUND - QUARTERLY IDCW Option,1031.2071
2026-09-04,111751,NIPPON ULTRA SHORT TO SHORT TERM  FUND - RETAIL Plan - MONTHLY IDCW Option,1035.8341
2026-09-04,111752,NIPPON INDIA ULTRA SHORT TO SHORT TERM  FUND - RETAIL Plan - QUARTERLY IDCW Option,1031.2954
2026-09-04,111753,Nippon India Ultra Short to Short Term  Fund- Growth Plan - Growth Option,4016.6012
2026-09-04,111754,NIPPON INDIA ULTRA SHORT TO SHORT TERM  FUND - WEEKLY IDCW Option,1014.1935
2026-09-04,111786,DSP Dynamic Term Fund - Regular Plan - IDCW - Daily,1056.6779
2026-09-04,111787,Taurus Ethical Fund - Regular Plan - Growth,127.66
2026-09-04,111788,Taurus Ethical Fund - Regular Plan - Payout of Income Distribution cum Capital Withdrawal option,86.29
2026-09-04,111803,Aditya Birla Sun Life Medium Term Fund- Growth - Regular Plan,43.8100
2026-09-04,111809,Aditya Birla Sun Life Medium Term Fund- REGULAR - Quarterly IDCW,13.7636
2026-09-04,111811,Aditya Birla Sun Life Medium Term Fund- REGULAR - HALFYEARLY IDCW,14.1453
2026-09-04,111812,Aditya Birla Sun Life Medium Term Fund - Regular - IDCW,16.6325
2026-09-04,111903,Taurus Ethical Fund -  Regular Plan - Bonus Option,127.64
2026-09-04,111935,Edelweiss Large Cap Fund -Plan B - Growth option,84.03
2026-09-04,111936,Edelweiss Large Cap Fund - Regular Plan - IDCW Option,26.32
2026-09-04,111937,Edelweiss Large Cap Fund -Plan C - Growth option,82.93
2026-09-04,111938,Edelweiss Large Cap Fund - Plan B - IDCW Option,76.93
2026-09-04,111939,Edelweiss Large Cap Fund - Plan C - IDCW Option,62.74
2026-09-04,111940,Edelweiss Large Cap Fund - Regular Plan - Growth Option,83.52
2026-09-04,111954,SBI Gold ETF,130.9538
2026-09-04,111957,ICICI Prudential Focused Fund - Growth,94.58
2026-09-04,111958,ICICI Prudential Focused Fund - IDCW,27.86
2026-09-04,111962,CANARA ROBECO DYNAMIC TERM FUND - REGULAR PLAN - GROWTH OPTION,29.7296
2026-09-04,111963,CANARA ROBECO DYNAMIC TERM FUND - REGULAR PLAN - IDCW (Payout/Reinvestment),13.2651
2026-09-04,111970,BANK OF INDIA Ultra Short Duration Fund- Regular Plan- Daily IDCW,1005.0000
2026-09-04,111971,BANK OF INDIA Liquid Fund- Regular Plan- Daily IDCW,1005.0000
2026-09-04,111987,ICICI Prudential Corporate Bond Fund - Growth,31.9837
2026-09-04,111991,ICICI Prudential Corporate Bond Fund - Monthly IDCW,10.4000
2026-09-04,111992,ICICI Prudential Corporate Bond Fund -Quarterly IDCW,11.2466
2026-09-04,112012,Edelweiss Aggressive Hybrid Fund- Plan B-Growth Option,64.74
2026-09-04,112013,Edelweiss Aggressive Hybrid Fund  - Plan B - IDCW Option,64.74
2026-09-04,112038,Quantum Diversified Equity All Cap Active FOF - Direct Plan IDCW,86.439
2026-09-04,112039,Quantum Diversified Equity All Cap Active FOF - Direct Plan Growth Option,86.656
2026-09-04,112076,UTI Money Market Fund - Regular Plan - Daily IDCW (Reinvestment),1067.4612
2026-09-04,112077,UTI MMF - Regular Plan - Growth Option,3328.8484
2026-09-04,112083,UTI Ultra Short Term Fund - Discontinued - INSTN GROWTH OPTION,3257.4735
2026-09-04,112087,Aditya Birla Sun Life Arbitrage Fund-Regular - IDCW,11.0154
2026-09-04,112088,Aditya BIRLA SUN LIFE ARBITRAGE FUND - REGULAR PLAN - GROWTH,28.3706
2026-09-04,112089,Kotak Flexi Cap Fund - Payout of Income Distribution cum capital withdrawal option,51.375
2026-09-04,112090,Kotak Flexi Cap Fund - Growth,85.079
2026-09-04,112092,Franklin Build India Fund Growth Plan,141.6859
2026-09-04,112093,Franklin Build India Fund - IDCW,40.3342
2026-09-04,112096,ICICI Prudential Dynamic Term Fund - Growth,39.1568
2026-09-04,112097,ICICI Prudential Dynamic Term Fund - IDCW,24.3498
2026-09-04,112098,Invesco India Large Cap Fund - Regular Plan - Growth,72.55
2026-09-04,112099,Invesco India Large Cap Fund - Regular Plan - IDCW (Payout / Reinvestment),26.88
2026-09-04,112108,Edelweiss Aggressive Hybrid Fund - Regular Plan - Growth Option,65.43
2026-09-04,112109,Edelweiss Aggressive Hybrid Fund - Regular Plan - IDCW Option,25.76
2026-09-04,112117,Edelweiss Balanced Advantage Fund - Regular Plan - Growth Option,53.46
2026-09-04,112118,Edelweiss Balanced Advantage Fund - Regular Plan - Quarterly - IDCW Option,21.47
2026-09-04,112120,Invesco India Money Market Fund - Regular - Growth,2873.5982
2026-09-04,112122,Invesco India Money Market Fund - Regular - Monthly IDCW (Payout / Reinvestment),1526.2507
2026-09-04,112123,Invesco India Money Market Fund - Growth,3278.8842
2026-09-04,112125,Invesco India Money Market Fund - Monthly IDCW (Payout / Reinvestment),1020.0778
2026-09-04,112126,DSP Global Clean Energy Overseas Equity Omni FoF - Regular Plan - Growth,28.0205
2026-09-04,112127,DSP Global Clean Energy Overseas Equity Omni FoF - Regular Plan - IDCW,19.4830
2026-09-04,112152,CANARA ROBECO CONSUMPTION FUND - REGULAR PLAN - GROWTH OPTION,106.9400
2026-09-04,112153,CANARA ROBECO CONSUMPTION FUND - REGULAR PLAN - IDCW (Payout/Reinvestment),43.6900
2026-09-04,112171,Invesco India PSU Equity Fund - Regular Plan - Growth,65.03
2026-09-04,112173,Invesco India PSU Equity Fund - Regular Plan - IDCW (Payout / Reinvestment),39.85
2026-09-04,112210,Axis Liquid Fund - Regular Plan - Growth Option,3128.3389
2026-09-04,112211,Axis Liquid Fund - Regular Plan - Daily IDCW,1001.3998
2026-09-04,112212,Axis Liquid Fund - Regular Plan - Weekly IDCW,1003.2845
2026-09-04,112213,Axis Liquid Fund - Regular Plan - Monthly IDCW,1003.5490
2026-09-04,112214,Axis Treasury Advantage Fund - Regular Plan - Growth Option,3327.1069
2026-09-04,112215,Axis Treasury Advantage Fund - Regular Plan - Daily IDCW,1013.2484
2026-09-04,112216,Axis Treasury Advantage Fund - Regular Plan - Weekly IDCW,1013.9683
2026-09-04,112217,Axis Treasury Advantage Fund - Regular Plan - Monthly IDCW,1012.7460
2026-09-04,112218,Tata Value Fund - Regular Plan - Payout of IDCW-Option A(5%),131.5796
2026-09-04,112277,Axis Large Cap Fund - Regular Plan - Growth,59.98
2026-09-04,112278,Axis Large Cap Fund - Regular Plan - IDCW,17.56
2026-09-04,112293,DSP World Mining Overseas Equity Omni FoF - Regular Plan - Growth,34.7534
2026-09-04,112322,Axis ELSS Tax Saver Fund - Regular Plan - IDCW,23.9996
2026-09-04,112323,Axis ELSS Tax Saver Fund - Regular Plan - Growth,98.0204
2026-09-04,112327,Bandhan Conservative Hybrid Passive FOF - Regular Plan - Growth,34.9305
2026-09-04,112328,Bandhan Conservative Hybrid Passive FOF - Regular Plan - IDCW,16.9390
2026-09-04,112329,Bandhan Multi-Asset Passive FOF - Regular Plan - Growth,42.5076
2026-09-04,112330,Bandhan Multi-Asset Passive FOF - Regular Plan - IDCW,20.8291
2026-09-04,112331,Bandhan Aggressive Hybrid Passive FOF - Regular Plan - IDCW,27.3129
2026-09-04,112332,Bandhan Aggressive Hybrid Passive FOF - Regular Plan - Growth,50.0473
2026-09-04,112340,NIPPON INDIA LIQUID FUND - QUARTERLY IDCW OPTION,1017.6582
2026-09-04,112341,NIPPON INDIA MONEY MARKET FUND - QUARTERLY IDCW Option,1029.1881
2026-09-04,112342,ICICI Prudential Banking and PSU Debt Fund - Growth,34.9141
2026-09-04,112347,DSP World Mining Overseas Equity Omni FoF - Regular Plan - IDCW,31.4398
2026-09-04,112351,Kotak Nifty 50 ETF,265.5198
2026-09-04,112352,BANDHAN Conservative Hybrid Fund - Regular Plan - IDCW,11.1974
2026-09-04,112353,BANDHAN Conservative Hybrid Fund - Regular Plan - Growth,33.0416
2026-09-04,112354,Axis Short Duration Fund - Regular Plan - Growth Option,33.0757
2026-09-04,112355,Axis Short Duration Fund - Regular Plan - Monthly IDCW,10.0536
2026-09-04,112356,Aditya Birla Sun Life Short Term Fund - REGULAR - Quarterly IDCW,10.4828
2026-09-04,112359,BANK OF INDIA Manufacturing & Infrastructure Fund-Growth,66.82
2026-09-04,112360,BANK OF INDIA Manufacturing & Infrastructure Fund-Quarterly IDCW,43.37
2026-09-04,112361,BANK OF INDIA Manufacturing & Infrastructure Fund-Regular IDCW,42.59
2026-09-04,112368,Invesco India Gold Exchange Traded Fund,133.5578
2026-09-04,112369,Axis Short Duration Fund - Regular Plan - Weekly IDCW,10.4021
2026-09-04,112378,CANARA ROBECO CONSERVATIVE HYBRID FUND - REGULAR PLAN - QUARTERLY IDCW (Payout/Reinvestment),13.5184
2026-09-04,112635,UTI Money Market Fund - Regular Plan - Weekly IDCW,1107.9588
2026-09-04,112636,Navi Liquid Fund-Regular Plan-Growth Option,30.315
2026-09-04,112645,Navi Liquid Fund - Regular Plan Daily IDCW,10.1021
2026-09-04,112646,Navi Liquid Fund - Regular Plan Weekly IDCW,10.012
2026-09-04,112647,Navi Liquid Fund - Regular Plan Monthly IDCW,10.0246
2026-09-04,112712,Axis Liquid Fund - Retail Plan - Daily IDCW,1000.9559
2026-09-04,112713,Axis Liquid Fund - Retail Plan - Growth Option,2847.9904
2026-09-04,112714,Axis Liquid Fund - Retail Plan - Monthly IDCW,1002.7886
2026-09-04,112715,Axis Liquid Fund - Retail Plan - Weekly IDCW,1001.7647
2026-09-04,112717,Axis Treasury Advantage Fund - Retail Plan - Growth Option,3119.3491
2026-09-04,112718,Axis Treasury Advantage Fund - Retail Plan - Monthly IDCW,1012.7450
2026-09-04,112719,Axis Treasury Advantage Fund - Retail Plan - Weekly IDCW,1013.9696
2026-09-04,112720,Axis Treasury Advantage Fund - Retail Plan - Daily IDCW,1012.4736
2026-09-04,112721,Axis Short Duration Fund - Retail Plan - Growth Option,32.6931
2026-09-04,112722,Axis Short Duration Fund - Retail Plan - Weekly IDCW,10.2323
2026-09-04,112723,Axis Short Duration Fund - Retail Plan - Monthly IDCW,10.0309
2026-09-04,112868,Sundaram Conservative Hybrid Fund (Formerly Known as Sundaram Debt Oriented Hybrid Fund) Regular Plan - Growth,29.4985
2026-09-04,112870,Sundaram Conservative Hybrid Fund (Formerly Known as Sundaram Debt Oriented Hybrid Fund) Regular Plan -Income Distribution cum Capital Withdrawal (IDCW),18.4212
2026-09-04,112877,BANDHAN Nifty 50 Index Fund - Regular Plan - Growth,51.7205
2026-09-04,112878,BANDHAN Nifty 50 Index Fund - Regular Plan - IDCW,46.9426
2026-09-04,112901,DSP Focused Fund - Regular Plan - Growth,55.3650
2026-09-04,112923,SBI PSU Fund - Regular Plan - Income Distribution cum Capital Withdrawal Option (IDCW),34.2178
2026-09-04,112924,Axis Conservative Hybrid Fund - Regular Plan - Growth Option,30.5408
2026-09-04,112925,Axis Conservative Hybrid Fund - Regular Plan - Quarterly IDCW,10.4107
2026-09-04,112926,Axis Conservative Hybrid Fund - Regular Plan - Half Yearly IDCW,12.7700
2026-09-04,112927,Axis Conservative Hybrid Fund - Regular Plan - Annual IDCW,13.7297
2026-09-04,112931,Mirae Asset Large & Midcap Fund - Regular Plan - IDCW,48.510
2026-09-04,112932,Mirae Asset Large & Midcap Fund - Regular Plan - Growth,157.716
2026-09-04,112936,Nippon India Aggressive Hybrid Fund - Growth Plan,107.0184
2026-09-04,112937,NIPPON INDIA AGGRESSIVE HYBRID FUND - IDCW Option,26.7406
2026-09-04,112938,Nippon India Credit Risk Fund  - Growth Plan,38.1174
2026-09-04,112939,Nippon India Credit Risk Fund  - Institutional Growth Plan,40.1681
2026-09-04,112941,NIPPON INDIA CREDIT RISK FUND - QUARTERLY IDCW Option,13.2031
2026-09-04,112942,NIPPON INDIA FLOATING INTEREST RATES  FUND - QUARTERLY IDCW Option,11.0927
2026-09-04,112948,Taurus Nifty 50 Index Fund - Regular Plan - Growth,45.4631
2026-09-04,112949,Taurus Nifty 50 Index Fund - Regular Plan - Payout of Income Distribution cum Capital Withdrawal option,28.9865
2026-09-04,112957,ICICI Prudential Nifty Next 50 Index Fund - Growth,64.1055
2026-09-04,112958,ICICI Prudential Nifty Next 50 Index Fund -IDCW,64.1047
2026-09-04,113032,DSP Focused Fund - Regular Plan - IDCW,20.4340
2026-09-04,113036,Baroda BNP Paribas Short Term Fund - Regular Plan - Growth Option,31.0637
2026-09-04,113037,Baroda BNP Paribas Short Term Fund - Regular Plan - Monthly IDCW Option,10.1610
2026-09-04,113047,HDFC Short Term Fund - Growth Option,34.2005
2026-09-04,113048,HDFC Short Term Fund - Fortnightly IDCW Option,10.1981
2026-09-04,113049,HDFC Gold ETF - Growth Option,131.2224
2026-09-04,113064,Axis Multi Asset Allocation Fund - Regular Plan - Growth Option,45.5202
2026-09-04,113065,Axis Multi Asset Allocation Fund - Regular Plan - Monthly IDCW,19.6528
2026-09-04,113069,Motilal Oswal Nifty 50 ETF,250.4938
2026-09-04,113070,HDFC Corporate Bond Fund - Growth Option,34.4213
2026-09-04,113071,HDFC Corporate Bond Fund - Quarterly IDCW Option,10.5927
2026-09-04,113076,ICICI Prudential Gold ETF,131.5245
2026-09-04,113077,UTI Dynamic Term Fund - Regular Plan - Growth Option,32.4329
2026-09-04,113078,UTI Dynamic Term Fund - Regular Plan - Discontinued Quarterly IDCW,17.6594
2026-09-04,113097,ICICI Prudential Conservative Hybrid Fund - Plan - Quarterly IDCW,12.2108
2026-09-04,113098,ICICI Prudential Conservative Hybrid Fund - Plan - Half Yearly IDCW,13.1375
2026-09-04,113099,SBI PSU Fund - REGULAR PLAN -Growth,34.2218
2026-09-04,113134,Tata Aggressive Hybrid Fund- Regular Plan - Monthly Payout of IDCW Option,80.1513
2026-09-04,113137,ICICI Prudential Medium Term Fund - Quarterly IDCW,11.0622
2026-09-04,113144,CANARA ROBECO ULTRA SHORT TO SHORT TERM FUND - REGULAR PLAN - MONTHLY IDCW (Payout/Reinvestment),10.2884
2026-09-04,113153,DSP Small Cap Fund - Regular - IDCW,63.7540
2026-09-04,113169,Bandhan Medium Term Fund - Regular Plan - Quarterly IDCW,11.2436
2026-09-04,113177,Nippon India Small Cap Fund - Growth Plan - Growth Option,186.2787
2026-09-04,113178,Nippon India Small Cap Fund - Growth Plan - Bonus Option,186.2787
2026-09-04,113179,NIPPON INDIA SMALL CAP FUND - IDCW Option,95.7529
2026-09-04,113218,ICICI Prudential Dynamic Term Fund - Annual IDCW,11.5302
2026-09-04,113221,CANARA ROBECO LARGE CAP FUND - REGULAR PLAN - GROWTH OPTION,61.5400
2026-09-04,113222,CANARA ROBECO LARGE CAP FUND - REGULAR PLAN - IDCW (Payout/Reinvestment),28.4200
2026-09-04,113269,Nippon India Index Fund - BSE Sensex Plan - Growth Plan - Growth Option,39.1766
2026-09-04,113270,Nippon India Index Fund - BSE Sensex Plan - Growth Plan - Bonus Option,39.1766
2026-09-04,113271,NIPPON INDIA INDEX FUND - BSE SENSEX PLAN - QUARTERLY - IDCW Option,30.8835
2026-09-04,113294,NIPPON INDIA INDEX FUND - BSE SENSEX PLAN - HALF YEARLY - IDCW Option,30.8904
2026-09-04,113295,NIPPON INDIA INDEX FUND - BSE SENSEX PLAN - ANNUAL - IDCW Option,30.8798
2026-09-04,113296,Nippon India Index Fund - Nifty 50 Plan - Growth Plan - Growth Option,40.8471
2026-09-04,113297,Nippon India Index Fund - Nifty 50 Plan - Growth Plan - Bonus Option,40.8471
2026-09-04,113298,NIPPON INDIA INDEX FUND - NIFTY 50 PLAN - QUARTERLY - IDCW Option,32.2130
2026-09-04,113299,NIPPON INDIA INDEX FUND - NIFTY 50 PLAN - HALF YEARLY - IDCW Option,32.2144
2026-09-04,113300,NIPPON INDIA INDEX FUND - NIFTY 50 PLAN - ANNUAL - IDCW Option,32.1075
2026-09-04,113307,Aditya Birla Sun Life Ultra Short to Short Term Fund -Regular - DAILY IDCW,100.0000
2026-09-04,113345,Nippon India Arbitrage Fund - Growth Plan - Growth Option,28.3444
2026-09-04,113346,NIPPON INDIA ARBITRAGE FUND - IDCW Option,16.9867
2026-09-04,113361,BANDHAN Conservative Hybrid Fund - Regular Plan - Quarterly IDCW,13.5828
2026-09-04,113403,ICICI Prudential Dynamic Term Fund - Quarterly IDCW,11.9514
2026-09-04,113434,Axis Gold ETF,127.9196
2026-09-04,114239,ICICI Prudential Credit Risk Fund - Growth,34.8750
2026-09-04,114240,ICICI Prudential Credit Risk Fund - Quarterly IDCW,11.4422
2026-09-04,114297,SBI Overnight Fund - Regular Plan - Daily Income Distribution cum Capital Withdrawal Option (IDCW),1382.7379
2026-09-04,114348,SBI Money Market Fund - Regular Plan Daily Income Distribution cum Capital Withdrawal Option (IDCW),14.5124
2026-09-04,114359,Invesco India Ultra Short Term Fund - Regular Plan - Growth,2898.7478
2026-09-04,114360,Invesco India Ultra Short Term Fund - Regular Plan - Quarterly IDCW (Payout / Reinvestment),1125.254
2026-09-04,114361,Invesco India Ultra Short Term Fund - Regular Plan - Annual IDCW (Payout / Reinvestment),1158.5864
2026-09-04,114362,Invesco India Ultra Short Term Fund - Regular Plan - Monthly IDCW (Payout / Reinvestment),1013.2819
2026-09-04,114456,Motilal Oswal Nifty Midcap 100 ETF,68.1136
2026-09-04,114457,Kotak Large Cap Fund - Payout of Income Distribution cumcapital withdrawal option,72.827
2026-09-04,114458,Kotak Large Cap Fund - Growth,564.186
2026-09-04,114476,BANDHAN Infrastructure Fund - Regular Plan - Growth,48.554
2026-09-04,114477,BANDHAN Infrastructure Fund - Regular Plan - IDCW,36.186
2026-09-04,114564,Axis Midcap Fund - Regular Plan - Growth,122.62
2026-09-04,114565,Axis Midcap Fund - Regular Plan - IDCW,41.81
2026-09-04,114616,Nippon India Gold Savings Fund-Growth plan- Growth Option,58.4755
2026-09-04,114617,NIPPON INDIA GOLD SAVINGS FUND - IDCW Option,58.4755
2026-09-04,114757,Kotak Gold Fund Payout of Income Distribution cum capital withdrawal option,58.7594
2026-09-04,114758,Kotak Gold Fund Growth,58.7606
2026-09-04,114858,Kotak Conservative Hybrid Fund - Monthly Payout of Income Distribution cum capital withdrawal option,12.1687
2026-09-04,114859,Kotak Conservative Hybrid Fund - Growth,59.802
2026-09-04,114930,Mirae Asset Great Consumer Fund - Regular Plan - IDCW,25.881
2026-09-04,114931,Mirae Asset Great Consumer Fund - Regular Plan - Growth,92.378
2026-09-04,114984,Motilal Oswal Nasdaq 100 ETF (MOFN100),272.9167
2026-09-04,115068,Axis Dynamic Bond Fund - Regular Plan - Growth Option,31.5784
2026-09-04,115069,Axis Dynamic Bond Fund - Regular Plan - Quarterly IDCW,11.5732
2026-09-04,115077,CANARA ROBECO SHORT TERM FUND - REGULAR PLAN - GROWTH OPTION,26.9482
2026-09-04,115078,CANARA ROBECO SHORT TERM FUND - REGULAR PLAN - MONTHLY IDCW (Payout/Reinvestment),15.8015
2026-09-04,115079,CANARA ROBECO SHORT TERM FUND - REGULAR PLAN - QUARTERLY IDCW (Payout/Reinvestment),15.5268
2026-09-04,115091,ICICI Prudential Ultra Short Term Fund - Quarterly IDCW,11.1286
2026-09-04,115092,ICICI Prudential Ultra Short Term Fund - Growth,29.8235
2026-09-04,115094,ICICI Prudential Ultra Short Term Fund - Monthly IDCW,10.6711
2026-09-04,115116,HSBC Brazil Fund-Growth,10.7505
2026-09-04,115117,HSBC Brazil Fund - IDCW,10.7505
2026-09-04,115127,Aditya Birla Sun Life Gold ETF,135.1086
2026-09-04,115131,Axis Dynamic Bond Fund - Regular Plan - Half Yearly IDCW,12.0065
2026-09-04,115132,Quantum Gold ETF FOF - Direct Plan Growth Option,58.9694
2026-09-04,115270,Union Flexi Cap Fund - Growth Option,52.72
2026-09-04,115284,Invesco India Nifty 50 Exchange Traded Fund,274.372
2026-09-04,115290,Union Flexi Cap Fund - IDCW Option,29.38
2026-09-04,115294,ICICI Prudential Technology Fund - IDCW,51.05
2026-09-04,115398,Union Liquid Fund - Growth Option,2701.4844
2026-09-04,115399,Union Liquid Fund - Fortnightly IDCW Option,1003.3160
2026-09-04,115400,Union Liquid Fund - Monthly IDCW Option,1002.8003
2026-09-04,115401,Union Liquid Fund - Daily IDCW Option,1001.4576
2026-09-04,115402,Union Liquid Fund - Weekly IDCW Option,1002.4937
2026-09-04,115458,Invesco India Ultra Short to Short Term Fund - Discretionary IDCW (Payout / Reinvestment),4152.3716
2026-09-04,115464,Tata Treasury Advantage Fund Regular Plan - Periodic Payout of IDCW Option,2677.4780
2026-09-04,115483,UTI Ultra Short to Short Term Fund - Regular Plan - Quarterly IDCW,1455.3334
2026-09-04,115489,BANDHAN LIQUID Fund - Regular Plan - Periodic IDCW,1462.7597
2026-09-04,115505,ICICI Prudential Liquid Fund - IDCW Others,193.0792
2026-09-04,115510,ICICI Prudential Floating Interest Rates Fund - IDCW Others,201.6553
2026-09-04,115511,ICICI Prudential Ultra Short to Short Term Fund - IDCW Others,196.6297
2026-09-04,115512,Aditya Birla Sun Life Nifty 50 ETF,28.0493
2026-09-04,115515,Invesco India Money Market Fund - Daily IDCW (Reinvestment),1000.29
2026-09-04,115676,SBI GOLD FUND REGULAR PLAN - GROWTH,44.7966
2026-09-04,115677,SBI Gold Fund - Regular Plan - Income Distribution cum Capital Withdrawal Option (IDCW),44.8034
2026-09-04,115833,ICICI Prudential Gold ETF FOF - Growth,47.3400
2026-09-04,115834,ICICI Prudential Gold ETF FOF - IDCW,47.3410
2026-09-04,115874,Bandhan Income Plus Arbitrage Active FOF - Regular Plan - Fortnightly IDCW,12.1454
2026-09-04,115897,Axis Gold Fund - Regular Plan - Growth Option,44.4203
2026-09-04,115898,Axis Gold Fund - Regular Plan - IDCW,44.4757
2026-09-04,115934,HDFC Gold ETF Fund of Fund - Growth Option,45.6608
2026-09-04,115942,Tata Retirement Savings Fund - Progressive Plan -Regular Plan-Growth Option,69.7402
2026-09-04,115943,Tata Retirement Savings Fund- Moderate Plan-Regular Plan-Growth Option,68.7387
2026-09-04,115944,Tata Retirement Savings Fund- Conservative Plan-Regular Plan-Growth Option,33.0255
2026-09-04,115991,Groww Liquid Fund (formerly known as Indiabulls Liquid Fund) - Regular Plan - Growth Option,2714.8133
2026-09-04,115992,Groww Liquid Fund (formerly known as Indiabulls Liquid Fund)- Regular Plan- - Income Distribution cum capital withdrawal Option (Reinvestment),1002.0894
2026-09-04,115993,Groww Liquid Fund (formerly known as Indiabulls Liquid Fund)- Regular Plan- Weekly - Income Distribution cum capital withdrawal Option (Payout & Reinvestment),1002.8726
2026-09-04,115994,Groww Liquid Fund (formerly known as Indiabulls Liquid) Fund- Regular Plan- Fortnightly - Income Distribution cum capital withdrawal Option (Payout & Reinvestment),1003.8998
2026-09-04,115995,Groww Liquid Fund (formerly known as Indiabulls Liquid Fund)- Regular Plan- Monthly - Income Distribution cum capital withdrawal Option (Payout & Reinvestment),1002.5544
2026-09-04,116020,BANDHAN Ultra Short to Short Term Fund - Regular Plan - Periodic IDCW,13.7359
2026-09-04,116051,Union ELSS Tax Saver Fund - Growth Option,66.05
2026-09-04,116052,Union ELSS Tax Saver Fund - IDCW Option,36.93
2026-09-04,116075,Invesco India Gold ETF Fund of Fund - Regular Plan - IDCW (Payout / Reinvestment),42.8876
2026-09-04,116077,Invesco India Gold ETF Fund of Fund - Regular Plan - Growth,42.8828
2026-09-04,116109,Invesco India Corporate Bond Fund - Regular Plan - Discretionary IDCW (Payout / Reinvestment),3537.8634
2026-09-04,116110,Invesco India Short Term Fund- Regular Plan - Discretionary IDCW (Payout / Reinvestment),2817.7334
2026-09-04,116174,ICICI Prudential Banking and PSU Debt Fund - Quarterly IDCW,11.0381
2026-09-04,116413,BANDHAN Ultra Short to Short Term Fund - Regular Plan - Quarterly IDCW,11.2853
2026-09-04,116470,Axis Gilt Fund - Regular Plan - Regular IDCW,9.9487
2026-09-04,116471,Axis Gilt Fund - Regular Plan - Growth Option,26.5934
2026-09-04,116472,Axis Gilt Fund - Regular Plan - Half Yearly IDCW,12.0364
2026-09-04,116484,PGIM India Dynamic Term Fund - Dividend Option - Quarterly,1043.759
2026-09-04,116485,PGIM India Dynamic Term Fund - Growth Option,2703.7626
2026-09-04,116488,Invesco India Money Market Fund - Regular Plan - Daily IDCW (Reinvestment),1008.6058
2026-09-04,116547,Groww Largecap Fund (formerly known as Indiabulls Blue Chip Fund) - Regular Plan- Growth Option,42.71
2026-09-04,116548,Groww Largecap Fund (formerly known as Indiabulls Bluechip Fund)- Regular Plan- - Income Distribution cum capital withdrawal Option (Payout & Reinvestment),24.06
2026-09-04,116555,Union Dynamic Term Fund - Growth Option,23.4552
2026-09-04,116556,Union Dynamic Term Fund - IDCW Option,15.6376
2026-09-04,116632,Franklin U.S. Opportunities Equity Active Fund of Funds - IDCW,88.2828
2026-09-04,116633,Franklin U.S. Opportunities Equity Active Fund of Funds - Growth,90.7769
2026-09-04,116653,Invesco India Money Market Fund - Discretionary IDCW (Payout / Reinvestment),3282.2254
2026-09-04,116795,Aditya Birla Sun Life Gold Fund-REGULAR - IDCW,44.4583
2026-09-04,116796,Aditya Birla Sun Life Gold Fund-Growth,44.4605
2026-09-04,116894,Axis Strategic Bond Fund - Regular Plan - Growth Option,30.1601
2026-09-04,116895,Axis Strategic Bond Fund - Regular Plan - Quarterly IDCW,10.2703
2026-09-04,116896,Axis Strategic Bond Fund - Regular Plan - Half Yearly IDCW,10.6141
2026-09-04,117061,DSP Credit Risk Fund - Regular Plan - IDCW - Monthly,11.2712
2026-09-04,117062,DSP Credit Risk Fund - Regular Plan - IDCW - Quarterly,11.5831
2026-09-04,117063,DSP Ultra Short Term Fund - Regular Plan - IDCW - Monthly,1082.2554
2026-09-04,117312,Taurus Banking & Financial Services Fund - Regular Plan - Growth,53.14
2026-09-04,117313,Taurus Banking & Financial Services Fund - Regular Plan - Payout of Income Distribution cum Capital Withdrawal option,47.57
2026-09-04,117446,Axis Banking & PSU Debt Fund - Regular Plan - Growth option,2800.7315
2026-09-04,117447,Axis Banking & PSU Debt Fund - Regular Plan - Daily IDCW,1037.5505
2026-09-04,117448,Axis Banking & PSU Debt Fund - Regular Plan - Weekly IDCW,1037.1481
2026-09-04,117449,Axis Banking & PSU Debt Fund - Regular Plan - Monthly IDCW,1034.5660
2026-09-04,117547,Baroda BNP Paribas Banking and Financial Services Fund - Regular - IDCW Option,20.5309
2026-09-04,117549,Baroda BNP Paribas Banking and Financial Services Fund - Regular - Growth Option,50.0652
2026-09-04,117559,Axis Focused Fund - Regular Plan - IDCW,18.60
2026-09-04,117560,Axis Focused Fund - Regular Plan - Growth Option,56.41
2026-09-04,117608,Quantum Multi Asset Active FOF - Direct Plan Growth Option,37.6154
2026-09-04,117619,ICICI Prudential US Bluechip Equity Fund - IDCW,80.49
2026-09-04,117620,ICICI Prudential US Bluechip Equity Fund - Growth,80.49
2026-09-04,117691,DSP US Specific Equity Omni FoF - Regular Plan - Growth Option,92.8104
2026-09-04,117692,DSP US Specific Equity Omni FoF - Regular Plan - IDCW,41.9677
2026-09-04,117715,Kotak Credit Risk Fund - Regular Plan - Standard Income Distribution cum capital withdrawal option,13.899
2026-09-04,117716,Kotak Credit Risk Fund - Growth,31.9599
2026-09-04,117867,Bandhan Income Plus Arbitrage Active FOF - Regular Plan - Weekly IDCW,12.3769
2026-09-04,117868,Bandhan Income Plus Arbitrage Active FOF - Regular Plan - Daily IDCW,12.3697
2026-09-04,117973,Invesco India Short Term Fund - Regular Plan - Daily IDCW (Reinvestment),1034.9283
2026-09-04,117974,NIPPON INDIA DYNAMIC TERM FUND - QUARTERLY IDCW Option,10.3680
2026-09-04,117981,UTI Credit Risk Fund  - Regular Plan - Growth Option,18.3487
2026-09-04,117982,UTI Credit Risk Fund - Regular Plan - Discontinued Quarterly IDCW,13.0334
2026-09-04,117995,DSP Ultra Short Term Fund - Regular Plan - IDCW - Payout,1133.8421
2026-09-04,117998,Kotak Dynamic Term Fund Regular Plan - Standard Income Distribution cum capital withdrawal option,14.9173
2026-09-04,118211,SBI Credit Risk Fund - Regular Plan - Daily Income Distribution cum Capital Withdrawal Option (IDCW),16.4990
2026-09-04,118232,Invesco India Banking and PSU Debt Fund - Regular Plan - Growth Option,2404.4189
2026-09-04,118233,Invesco India Banking and PSU Debt Fund - Regular Plan - Monthly IDCW (Payout / Reinvestment),1064.2742
2026-09-04,118234,Invesco India Banking and PSU Debt Fund - Regular Plan - Daily IDCW (Reinvestment),1050.4542
2026-09-04,118267,CANARA ROBECO INFRASTRUCTURE FUND - DIRECT PLAN - GROWTH OPTION,190.8300
2026-09-04,118268,CANARA ROBECO INFRASTRUCTURE FUND - DIRECT PLAN - IDCW (Payout/Reinvestment),86.5400
2026-09-04,118269,CANARA ROBECO LARGE CAP FUND - DIRECT PLAN - GROWTH OPTION,72.0300
2026-09-04,118270,CANARA ROBECO LARGE CAP FUND - DIRECT PLAN - IDCW (Payout/Reinvestment),52.5000
2026-09-04,118271,CANARA ROBECO AGGRESSIVE HYBRID FUND - DIRECT PLAN - MONTHLY IDCW (Payout/Reinvestment),130.5000
2026-09-04,118272,CANARA ROBECO AGGRESSIVE HYBRID FUND - DIRECT PLAN - GROWTH OPTION,422.2500
2026-09-04,118273,CANARA ROBECO CONSUMPTION FUND - DIRECT PLAN - GROWTH OPTION,124.6900
2026-09-04,118274,CANARA ROBECO CONSUMPTION FUND - DIRECT PLAN - IDCW (Payout/Reinvestment),80.9300
2026-09-04,118275,CANARA ROBECO FLEXI CAP FUND - DIRECT PLAN - GROWTH OPTION,389.7500
2026-09-04,118276,CANARA ROBECO FLEXI CAP FUND - DIRECT PLAN - IDCW (Payout/Reinvestment),92.0000
2026-09-04,118277,CANARA ROBECO LARGE AND MID CAP FUND - DIRECT PLAN - IDCW (Payout/Reinvestment),129.2300
2026-09-04,118278,CANARA ROBECO LARGE AND MID CAP FUND - DIRECT PLAN - GROWTH OPTION,299.4500
2026-09-04,118281,CANARA ROBECO MEDIUM TO LONG TERM FUND - DIRECT PLAN - QUARTERLY IDCW (Payout/Reinvestment),16.9073
2026-09-04,118282,CANARA ROBECO MEDIUM TO LONG TERM FUND - DIRECT PLAN - GROWTH OPTION,64.6828
2026-09-04,118283,CANARA ROBECO DYNAMIC TERM FUND - DIRECT PLAN - IDCW (Payout/Reinvestment),14.9846
2026-09-04,118284,CANARA ROBECO DYNAMIC TERM FUND - DIRECT PLAN - GROWTH OPTION,33.2011
2026-09-04,118285,CANARA ROBECO ELSS - TAX SAVER FUND - DIRECT PLAN - GROWTH OPTION,201.8700
2026-09-04,118286,CANARA ROBECO ELSS - TAX SAVER FUND - DIRECT PLAN - IDCW (Payout),78.2700
2026-09-04,118291,CANARA ROBECO ULTRA SHORT TO SHORT TERM FUND - DIRECT PLAN - GROWTH OPTION,46.6990
2026-09-04,118292,CANARA ROBECO ULTRA SHORT TO SHORT TERM FUND - DIRECT PLAN - IDCW (Payout/Reinvestment),38.8004
2026-09-04,118293,CANARA ROBECO ULTRA SHORT TO SHORT TERM FUND - DIRECT PLAN - DAILY IDCW (Reinvestment),10.2600
2026-09-04,118294,CANARA ROBECO ULTRA SHORT TO SHORT TERM  FUND - DIRECT PLAN - WEEKLY IDCW (Payout/Reinvestment),10.2717
2026-09-04,118295,CANARA ROBECO ULTRA SHORT TO SHORT TERM FUND - DIRECT PLAN - MONTHLY IDCW (Payout/Reinvestment),10.2890
2026-09-04,118298,CANARA ROBECO GILT FUND - DIRECT PLAN - IDCW (Payout/Reinvestment),16.2623
2026-09-04,118299,CANARA ROBECO GILT FUND - DIRECT PLAN - GROWTH OPTION,83.6080
2026-09-04,118304,CANARA ROBECO LIQUID FUND - DIRECT PLAN - IDCW (Payout/Reinvestment),2263.9821
2026-09-04,118305,CANARA ROBECO LIQUID FUND - DIRECT PLAN - GROWTH OPTION,3401.4691
2026-09-04,118306,CANARA ROBECO LIQUID FUND - DIRECT PLAN - MONTHLY IDCW (Payout/Reinvestment),1002.5843
2026-09-04,118307,CANARA ROBECO LIQUID FUND - DIRECT PLAN - DAILY IDCW (Reinvestment),1005.5000
2026-09-04,118308,CANARA ROBECO LIQUID FUND - DIRECT PLAN - WEEKLY IDCW (Payout/Reinvestment),1001.1359
2026-09-04,118309,CANARA ROBECO CONSERVATIVE HYBRID FUND - DIRECT PLAN - GROWTH OPTION,116.0529
2026-09-04,118310,CANARA ROBECO CONSERVATIVE HYBRID FUND - DIRECT PLAN - QUARTERLY IDCW (Payout/Reinvestment),16.2558
2026-09-04,118311,CANARA ROBECO CONSERVATIVE HYBRID FUND - DIRECT PLAN - MONTHLY IDCW (Payout/Reinvestment),16.0019
2026-09-04,118315,CANARA ROBECO ULTRA SHORT TERM FUND - DIRECT PLAN - DAILY IDCW (Reinvestment),1240.7100
2026-09-04,118316,CANARA ROBECO ULTRA SHORT TERM FUND - DIRECT PLAN - WEEKLY IDCW (Payout/Reinvestment),1241.5747
2026-09-04,118317,CANARA ROBECO ULTRA SHORT TERM FUND - DIRECT PLAN - GROWTH OPTION,4359.2240
2026-09-04,118318,CANARA ROBECO ULTRA SHORT TERM FUND - DIRECT PLAN - MONTHLY IDCW (Payout/Reinvestment),1003.5864
2026-09-04,118319,CANARA ROBECO ULTRA SHORT TERM FUND - DIRECT PLAN - IDCW (Payout/Reinvestment),2320.1840
2026-09-04,118320,CANARA ROBECO SHORT TERM FUND - DIRECT PLAN - GROWTH OPTION,29.6168
2026-09-04,118321,CANARA ROBECO SHORT TERM FUND - DIRECT PLAN - MONTHLY IDCW (Payout/Reinvestment),18.5012
2026-09-04,118322,CANARA ROBECO SHORT TERM FUND - DIRECT PLAN - QUARTERLY IDCW (Payout/Reinvestment),17.3753
2026-09-04,118363,BANDHAN LIQUID Fund -Direct Plan-Periodic IDCW,1380.6067
2026-09-04,118364,BANDHAN LIQUID Fund -Direct Plan-Growth,3426.9577
2026-09-04,118365,BANDHAN LIQUID Fund -Direct Plan -Monthly IDCW,1008.6652
2026-09-04,118366,BANDHAN LIQUID Fund -Direct Plan-Daily IDCW,1001.6663
2026-09-04,118367,BANDHAN LIQUID Fund -Direct Plan -Weekly IDCW,1008.7344
2026-09-04,118368,BANDHAN Ultra Short to Short Term Fund-Direct Plan-Daily IDCW,10.1111
2026-09-04,118369,BANDHAN Ultra Short to Short Term Fund-Direct Plan-Quarterly IDCW,11.2325
2026-09-04,118370,BANDHAN Ultra Short to Short Term Fund-Direct Plan-Periodic IDCW,13.9313
2026-09-04,118371,BANDHAN Ultra Short to Short Term Fund-Direct Plan-Growth,42.5305
2026-09-04,118372,BANDHAN Ultra Short to Short Term Fund-Direct Plan-Monthly IDCW,10.1434
2026-09-04,118373,BANDHAN Ultra Short to Short Term Fund-Direct Plan-Weekly IDCW,10.1244
2026-09-04,118383,Bandhan Money Market Fund -Direct Plan-Daily IDCW,10.0994
2026-09-04,118384,Bandhan Money Market Fund -Direct Plan-Growth,47.2128
2026-09-04,118385,Bandhan Money Market Fund -Direct Plan-Monthly IDCW,10.2110
2026-09-04,118386,Bandhan Money Market Fund -Direct Plan-Weekly IDCW,10.1222
2026-09-04,118387,Bandhan 10 year Constant Maturity Gilt Fund - Direct Plan - Growth,49.2918
2026-09-04,118388,Bandhan 10 year Constant Maturity Gilt Fund - Direct Plan - Quarterly IDCW,11.8886
2026-09-04,118389,Bandhan 10 year Constant Maturity Gilt Fund - Direct Plan - Weekly IDCW,17.8013
2026-09-04,118390,Bandhan 10 year Constant Maturity Gilt Fund - Direct Plan - Monthly IDCW,10.4203
2026-09-04,118393,Bandhan Medium to Long Term Fund - Direct Plan - Annual IDCW,16.4003
2026-09-04,118394,Bandhan Medium to Long Term Fund - Direct Plan - Growth,74.9413
2026-09-04,118395,Bandhan Medium to Long Term Fund - Direct Plan - Half Yearly IDCW,13.1577
2026-09-04,118396,Bandhan Medium to Long Term Fund - Direct Plan - Quarterly IDCW,12.7722
2026-09-04,118399,Bandhan Medium Term Fund - Direct Plan - Bi Monthly IDCW,10.6175
2026-09-04,118400,Bandhan Medium Term Fund - Direct Plan - Daily IDCW,10.4075
2026-09-04,118401,Bandhan Medium Term Fund - Direct Plan - Growth,53.3128
2026-09-04,118402,Bandhan Medium Term Fund - Direct Plan - Monthly IDCW,10.4781
2026-09-04,118403,Bandhan Medium Term Fund - Direct Plan - Quarterly IDCW,11.4587
2026-09-04,118405,Bandhan Short Term Fund - Direct Plan - Fortnightly IDCW,10.3860
2026-09-04,118406,Bandhan Short Term Fund - Direct Plan - Monthly IDCW,10.3955
2026-09-04,118407,Bandhan Short Term Fund - Direct Plan - Growth,65.8577
2026-09-04,118408,Bandhan Income Plus Arbitrage Active FOF - Direct Plan - Annual IDCW,15.1286
2026-09-04,118409,Bandhan Income Plus Arbitrage Active FOF - Direct Plan - Daily IDCW,12.4375
2026-09-04,118410,Bandhan Income Plus Arbitrage Active FOF - Direct Plan - Growth,49.2643
2026-09-04,118411,Bandhan Income Plus Arbitrage Active FOF - Direct Plan - Half Yearly IDCW,16.3533
2026-09-04,118412,Bandhan Income Plus Arbitrage Active FOF - Direct Plan - Weekly IDCW,12.4436
2026-09-04,118413,Bandhan Income Plus Arbitrage Active FOF - Direct Plan - Quarterly IDCW,13.0153
2026-09-04,118414,Bandhan Income Plus Arbitrage Active FOF - Direct Plan - Fortnightly IDCW,12.3852
2026-09-04,118415,BANDHAN Dynamic Term Fund-Direct Plan-Annual IDCW,12.1173
2026-09-04,118416,BANDHAN Dynamic Term Fund-Direct Plan-Growth,40.1397
2026-09-04,118417,BANDHAN Dynamic Term Fund-Direct Plan-IDCW,17.2329
2026-09-04,118418,BANDHAN Dynamic Term Fund-Direct Plan-Quarterly IDCW,13.6220
2026-09-04,118419,Bandhan Large & Mid Cap Fund - Direct Plan - Growth,167.274
2026-09-04,118420,Bandhan Large & Mid Cap Fund - Direct Plan - IDCW,37.212
2026-09-04,118421,Bandhan Focused Fund - Direct Plan - Growth,107.811
2026-09-04,118422,Bandhan Focused Fund - Direct Plan - IDCW,34.526
2026-09-04,118423,BANDHAN Flexi Cap Fund-Direct Plan-IDCW,51.657
2026-09-04,118424,BANDHAN Flexi Cap Fund-Direct Plan-Growth,231.657
2026-09-04,118462,Franklin India Large Cap Fund - Direct - IDCW,49.9736
2026-09-04,118463,Bandhan Gilt Fund - Direct Plan - IDCW,15.7156
2026-09-04,118464,Bandhan Gilt Fund - Direct Plan - Growth,40.7598
2026-09-04,118465,Bandhan Gilt Fund - Direct Plan - Half Yearly IDCW,12.6834
2026-09-04,118466,Bandhan Gilt Fund - Direct Plan - Quarterly IDCW,11.6577
2026-09-04,118467,Bandhan Gilt Fund - Direct Plan - Annual IDCW,12.6841
2026-09-04,118468,BANDHAN Infrastructure Fund-Direct Plan-IDCW,44.754
2026-09-04,118469,BANDHAN Infrastructure Fund-Direct Plan-Growth,57.536
2026-09-04,118472,BANDHAN ELSS - Tax Saver Fund - Direct Plan - IDCW,41.647
2026-09-04,118473,BANDHAN ELSS - Tax Saver Fund - Direct Plan - Growth,179.969
2026-09-04,118474,BANDHAN Arbitrage Fund-Direct Plan- Growth,37.7133
2026-09-04,118475,BANDHAN Arbitrage Fund-Direct Plan-Monthly IDCW,10.7399
2026-09-04,118476,BANDHAN Equity Savings Fund-Direct Plan-Monthly IDCW,11.498
2026-09-04,118477,BANDHAN Equity Savings Fund-Direct Plan-Growth,36.461
2026-09-04,118478,BANDHAN Large Cap Fund-Direct Plan-IDCW,28.846
2026-09-04,118479,BANDHAN Large Cap Fund-Direct Plan-Growth,91.645
2026-09-04,118480,Bandhan Value Fund - Direct Plan - IDCW,48.825
2026-09-04,118481,Bandhan Value Fund - Direct Plan - Growth,169.050
2026-09-04,118482,BANDHAN Nifty 50 Index Fund-Direct Plan-Growth,53.5545
2026-09-04,118483,BANDHAN Nifty 50 Index Fund-Direct Plan-IDCW,48.6752
2026-09-04,118484,Bandhan Aggressive Hybrid Passive FOF - Direct Plan - IDCW,37.4516
2026-09-04,118485,Bandhan Aggressive Hybrid Passive FOF - Direct Plan - Growth,54.4035
2026-09-04,118486,Bandhan Conservative Hybrid Passive FOF - Direct Plan - Growth,37.5813
2026-09-04,118487,Bandhan Conservative Hybrid Passive FOF - Direct Plan - IDCW,17.7600
2026-09-04,118488,Bandhan Multi-Asset Passive FOF - Direct Plan - IDCW,21.9531
2026-09-04,118489,Bandhan Multi-Asset Passive FOF - Direct Plan - Growth,45.7024
2026-09-04,118490,BANDHAN Conservative Hybrid Fund-Direct Plan-IDCW,13.2376
2026-09-04,118491,BANDHAN Conservative Hybrid Fund-Direct Plan-Growth,37.3994
2026-09-04,118492,BANDHAN Conservative Hybrid Fund-Direct Plan-Quarterly IDCW,16.3326
2026-09-04,118493,Templeton India Value Fund - Direct - IDCW,105.3234
2026-09-04,118494,Templeton India Value Fund - Direct - Growth,776.5111
2026-09-04,118497,Franklin India Government Securities Fund - Direct - IDCW,11.9516
2026-09-04,118498,Franklin India Government Securities Fund - Direct - Growth,67.8878
2026-09-04,118505,Franklin India Money Market Fund Retail Option - Direct - Quarterly - IDCW,11.8043
2026-09-04,118506,Franklin India Money Market Fund - Direct - Growth,56.0171
2026-09-04,118507,Franklin India Floating Rate Fund - Direct - IDCW,10.0542
2026-09-04,118508,Franklin India Floating Rate Fund - Direct - Growth,48.1245
2026-09-04,118509,Franklin India Large & Mid cap Fund - Direct - IDCW,23.1000
2026-09-04,118510,Franklin India Large & Mid Cap Fund - Direct - Growth,213.4599
2026-09-04,118524,Franklin India Small Cap Fund - Direct - IDCW,53.6241
2026-09-04,118525,Franklin India Small Cap Fund - Direct - Growth,206.3305
2026-09-04,118526,Franklin India Dividend Yield Fund - Direct - IDCW,26.8034
2026-09-04,118527,Franklin India Dividend Yield Fund - Direct - Growth,149.7141
2026-09-04,118531,Franklin India Large Cap Fund- Direct - Growth,1136.5467
2026-09-04,118532,Franklin India Mid Cap Fund - Direct - IDCW,106.1251
2026-09-04,118533,Franklin India Mid Cap Fund - Direct - Growth,3227.0019
2026-09-04,118534,Franklin India Flexi Cap Fund - Direct - IDCW,69.3837
2026-09-04,118535,Franklin India Flexi Cap Fund - Direct - Growth,1794.4307
2026-09-04,118536,Franklin India Technology Fund - Direct - IDCW,46.4123
2026-09-04,118537,Franklin India Technology Fund - Direct - Growth,532.5985
2026-09-04,118538,Franklin INDIA OPPORTUNITIES FUND - Direct - IDCW,43.4935
2026-09-04,118539,Franklin India Opportunities Fund - Direct - Growth,298.2426
2026-09-04,118540,Franklin India ELSS Tax Saver Fund - Direct - Growth,1604.4912
2026-09-04,118541,Franklin India ELSS Tax Saver Fund - Direct - IDCW,70.2575
2026-09-04,118542,Franklin India Dynamic Asset Allocation Active Fund of funds - Direct - IDCW,47.8609
2026-09-04,118543,Franklin India Dynamic Asset Allocation Active Fund Of Funds - Direct - Growth,190.4506
2026-09-04,118546,Franklin India Aggressive Hybrid Fund - Direct - Growth,309.5285
2026-09-04,118547,Franklin India Aggressive Hybrid Fund - Direct - IDCW,33.5981
2026-09-04,118548,Franklin India Retirement Fund - Direct - Growth,242.5463
2026-09-04,118549,Franklin India Retirement Fund - Direct - IDCW,18.4492
2026-09-04,118550,Franklin U.S. Opportunities Equity Active Fund of Funds - Direct - IDCW,99.6589
2026-09-04,118551,Franklin U.S. Opportunities Equity Active Fund of Funds - Direct - Growth,103.6555
2026-09-04,118556,Franklin Build India Fund - Direct - IDCW,49.2541
2026-09-04,118557,Franklin Build India Fund - Direct - Growth,164.7687
2026-09-04,118558,Franklin Asian Equity Fund - Direct - IDCW,22.8602
2026-09-04,118559,Franklin Asian Equity Fund - Direct - Growth,49.9254
2026-09-04,118563,Franklin India Focused Equity Fund - Direct - IDCW,36.9098
2026-09-04,118564,Franklin India Focused Equity Fund - Direct - Growth,114.7479
2026-09-04,118569,Franklin India Corporate Debt Fund - Direct - GROWTH,116.3378
2026-09-04,118570,Franklin India Corporate Debt Fund - Plan A - Direct - Annual - IDCW,19.1461
2026-09-04,118571,Franklin India Corporate Debt Fund - Plan A - Direct - Monthly - IDCW,16.9511
2026-09-04,118572,Franklin India Corporate Debt Fund - Plan A - Direct - Quarterly - IDCW,13.7197
2026-09-04,118573,Franklin India Corporate Debt Fund - Plan A - Direct - Half yearly - IDCW,15.0111
2026-09-04,118574,Franklin India Conservative Hybrid Fund - Direct - GROWTH,102.9847
2026-09-04,118575,Franklin India Conservative Hybrid Fund - Plan A - Direct - Monthly - IDCW,14.3086
2026-09-04,118576,Franklin India Conservative Hybrid Fund - Plan A - Direct - Quarterly - IDCW,13.5966
2026-09-04,118577,Franklin India Liquid Fund - Super Institutional - Direct - Growth,4267.6503
2026-09-04,118578,Franklin India Liquid Fund - Super Institutional Plan - Direct - Daily - IDCW,1002.8152
2026-09-04,118579,Franklin India Liquid Fund - Super Institutional Plan - Direct - Weekly - IDCW,1023.2993
2026-09-04,118580,Franklin India INDEX FUND- NSE Nifty 50 Index Fund - Direct - IDCW,178.1885
2026-09-04,118581,Franklin India INDEX FUND- NSE NIFTY 50 INDEX FUND- Direct - Growth,204.5490
2026-09-04,118585,Nippon India Arbitrage Fund - Direct Plan Growth Plan - Growth Option,30.8779
2026-09-04,118587,NIPPON INDIA ARBITRAGE FUND - DIRECT Plan - IDCW Option,19.0121
2026-09-04,118588,Nippon India Banking & Financial Services Fund - Direct Plan Growth Plan - Bonus Option,713.0172
2026-09-04,118589,Nippon India Banking & Financial Services Fund - Direct Plan Growth Plan - Growth Option,713.0172
2026-09-04,118591,Nippon India Banking & Financial Services Fund- DIRECT Plan - IDCW Option,103.5608
2026-09-04,118614,Edelweiss Balanced Advantage Fund - Direct Plan - Quarterly - IDCW Option,29.55
2026-09-04,118615,Edelweiss Balanced Advantage Fund -Direct Plan-Growth Option,61.58
2026-09-04,118616,Edelweiss Large Cap Fund - Direct Plan - IDCW Option,38.49
2026-09-04,118617,Edelweiss Large Cap Fund - Direct Plan-Growth option,97.5
2026-09-04,118619,Edelweiss ELSS Tax Saver Fund - Direct Plan - IDCW Option,47.52
2026-09-04,118620,Edelweiss ELSS Tax Saver Fund - Direct Plan-Growth Option,140.54
2026-09-04,118624,Edelweiss Aggressive Hybrid Fund-Direct Plan-Growth Option,76.61
2026-09-04,118625,Edelweiss Aggressive Hybrid Fund  - Direct Plan - IDCW Option,32.81
2026-09-04,118632,Nippon India Large Cap Fund - Direct Plan Growth Plan - Growth Option,100.3594
2026-09-04,118633,Nippon India Large Cap Fund - Direct Plan Growth Plan - Bonus Option,100.3594
2026-09-04,118634,NIPPON INDIA LARGE CAP FUND - DIRECT Plan - IDCW Option,39.9169
2026-09-04,118650,Nippon India Multi Cap Fund - Direct Plan Growth Plan - Growth Option,334.0509
2026-09-04,118651,Nippon India Multi Cap Fund - Direct Plan Growth Plan - Bonus Option,334.0509
2026-09-04,118652,NIPPON INDIA MULTI CAP FUND - DIRECT Plan - IDCW Option,86.4358
2026-09-04,118654,NIPPON INDIA FLOATING INTEREST RATES  FUND - DIRECT Plan - DAILY IDCW Option,10.2732
2026-09-04,118655,NIPPON INDIA FLOATING INTEREST RATES  FUND - DIRECT Plan - MONTHLY IDCW Option,11.3335
2026-09-04,118656,Nippon India Floating Interest Rates  Fund  - Direct Plan Growth Plan - Growth Option,50.9960
2026-09-04,118660,NIPPON INDIA FLOATING INTEREST RATES   FUND - DIRECT Plan - WEEKLY IDCW Option,10.2644
2026-09-04,118661,NIPPON INDIA FLOATING INTEREST RATES  FUND - DIRECT Plan - QUARTERLY IDCW Option,10.9963
2026-09-04,118662,NIPPON INDIA GOLD SAVINGS FUND - Direct Plan - IDCW Option,61.2855
2026-09-04,118663,Nippon India Gold Savings Fund - Direct Plan Growth Plan - Growth Option,61.2855
2026-09-04,118665,Nippon India Growth Mid Cap Fund - Direct Plan Growth Plan - Bonus Option,828.5846
2026-09-04,118666,NIPPON INDIA GROWTH MID CAP FUND - DIRECT Plan - IDCW Option,193.4515
2026-09-04,118668,Nippon India Growth Mid Cap Fund - Direct Plan Growth Plan - Growth Option,4987.3718
2026-09-04,118669,Nippon India Gilt  Fund - Direct Plan - P F Option - Automatic Capital Appreciation Payout Option,44.2244
2026-09-04,118670,NIPPON INDIA GILT  FUND - Direct Plan - MONTHLY IDCW Option,11.6815
2026-09-04,118672,Nippon India Gilt  Fund - Direct Plan Growth Plan - Growth Option,44.3394
2026-09-04,118673,Nippon India Gilt  Fund - Direct Plan - P F Option - Defined Maturity Date Option,44.4592
2026-09-04,118674,Nippon India Gilt Fund - Direct Plan - P F Option - Automatic Annual Reinvest Option,23.9991
2026-09-04,118675,Nippon India Vision Large & Mid Cap Fund - Direct Plan Growth Plan - Bonus Option,274.9600
2026-09-04,118676,NIPPON INDIA VISION LARGE & MID CAP  FUND - DIRECT Plan - IDCW Option,71.0549
2026-09-04,118678,Nippon India Vision Large & Mid Cap Fund - Direct Plan Growth Plan - Growth Option,1621.7830
2026-09-04,118679,Nippon India Medium to Long Term  Fund - Direct Plan Growth Plan-Bonus Option,29.9612
2026-09-04,118680,NIPPON INDIA MEDIUM TO LONG TERM  FUND - Direct Plan - ANNUAL IDCW Option,14.3548
2026-09-04,118681,NIPPON INDIA MEDIUM TO LONG TERM  FUND - Direct Plan - HALF YEARLY IDCW Option,13.7659
2026-09-04,118683,NIPPON INDIA MEDIUM TO LONG TERM  FUND - Direct Plan - MONTHLY IDCW Option,11.3577
2026-09-04,118684,NIPPON INDIA MEDIUM TO LONG TERM FUND - Direct Plan - QUARTERLY IDCW Option,13.9965
2026-09-04,118687,Nippon India Medium to Long Term Fund - Direct Plan Growth Plan - Growth Option,104.8475
2026-09-04,118689,NIPPON INDIA QUARTERLY INTERVAL FUND - SERIES II - Direct Plan - IDCW Option,13.5565
2026-09-04,118691,Nippon India Quarterly Interval Fund - Series II - Direct Plan Growth Plan - Growth,39.1207
2026-09-04,118692,Nippon India Focused Fund - Direct Plan Growth Plan - Growth Option,136.4391
2026-09-04,118693,NIPPON INDIA FOCUSED  FUND - DIRECT Plan - IDCW Option,45.4953
2026-09-04,118695,NIPPON INDIA LIQUID FUND - DIRECT Plan - DAILY IDCW OPTION,1528.7400
2026-09-04,118696,NIPPON INDIA LIQUID FUND - DIRECT Plan - MONTHLY IDCW OPTION,1590.7619
2026-09-04,118698,NIPPON INDIA LIQUID FUND - DIRECT Plan - QUARTERLY IDCW OPTION,1018.2805
2026-09-04,118700,NIPPON INDIA LIQUID FUND - DIRECT Plan - WEEKLY IDCW OPTION,1531.2274
2026-09-04,118701,Nippon India Liquid Fund - Direct Plan Growth Plan - Growth Option,6950.0082
2026-09-04,118702,Nippon India Ultra Short to Short Term Fund - Direct Plan Growth Plan - Bonus Option,2491.4295
2026-09-04,118703,NIPPON INDIA ULTRA SHORT TO SHORT TERM FUND - DIRECT Plan - DAILY IDCW Option,1012.3552
2026-09-04,118704,NIPPON INDIA ULTRA SHORT TO SHORT TERM FUND - DIRECT Plan - MONTHLY IDCW Option,1042.2718
2026-09-04,118705,NIPPON INDIA ULTRA SHORT TO SHORT TERM  FUND - DIRECT Plan - QUARTERLY IDCW Option,1032.5338
2026-09-04,118706,NIPPON INDIA ULTRA SHORT TO SHORT TERM  FUND - DIRECT Plan - WEEKLY IDCW Option,1014.3831
2026-09-04,118709,Nippon India Ultra Short to Short Term Fund - Direct Plan Growth Plan - Growth Option,4288.9478
2026-09-04,118715,Nippon India Money Market Fund - Direct Plan Growth Plan - Bonus Option,2672.0783
2026-09-04,118716,NIPPON INDIA MONEY MARKET FUND - DIRECT Plan - QUARTERLY IDCW Option,1029.4824
2026-09-04,118717,NIPPON INDIA MONEY MARKET FUND - DIRECT Plan - WEEKLY IDCW Option,1008.0227
2026-09-04,118718,NIPPON INDIA MONEY MARKET FUND - DIRECT Plan - DAILY IDCW Option,1007.5277
2026-09-04,118719,Nippon India Money Market Fund - Direct Plan Growth Plan - Growth Option,4544.1859
2026-09-04,118720,NIPPON INDIA MONEY MARKET FUND - DIRECT Plan - MONTHLY IDCW Option,1027.7787
2026-09-04,118722,Nippon India Consumption Fund - Direct Plan Growth Plan - Bonus,218.4525
2026-09-04,118724,Nippon India Consumption Fund - Direct Plan Growth Plan - Growth Option,218.4525
2026-09-04,118725,NIPPON INDIA CONSUMPTION FUND - DIRECT Plan - IDCW Option,53.5065
2026-09-04,118726,Nippon India Conservative Hybrid  Fund - Direct Plan Growth Plan - Growth Option,69.3244
2026-09-04,118727,NIPPON INDIA CONSERVATIVE HYBRID  FUND - DIRECT Plan - MONTHLY IDCW Option,11.7016
2026-09-04,118729,NIPPON INDIA CONSERVATIVE HYBRID  FUND - DIRECT Plan - QUARTERLY IDCW Option,13.0418
2026-09-04,118736,Nippon India Balanced Advantage Fund - Direct Plan Growth Plan - Growth Option,211.1078
2026-09-04,118738,NIPPON INDIA BALANCED ADVANTAGE FUND - DIRECT Plan - IDCW Option,46.0006
2026-09-04,118740,NIPPON INDIA INDEX FUND - NIFTY 50 PLAN - DIRECT Plan - QUARTERLY - IDCW Option,35.1752
2026-09-04,118741,Nippon India Index Fund - Nifty 50 Plan - Direct Plan Growth Plan - Growth Option,44.1595
2026-09-04,118742,Nippon India Index Fund - Nifty 50 Plan - Direct Plan Growth Plan - Bonus Option,44.1595
2026-09-04,118743,NIPPON INDIA INDEX FUND - NIFTY 50 PLAN - DIRECT Plan - ANNUAL - IDCW Option,35.2339
2026-09-04,118745,NIPPON INDIA INDEX FUND - NIFTY 50 PLAN - DIRECT Plan - HALF YEARLY - IDCW Option,35.1832
2026-09-04,118747,Nippon India Dynamic Term Fund - Direct Plan Growth Plan - Growth Option,42.4554
2026-09-04,118749,NIPPON INDIA DYNAMIC TERM FUND - Direct Plan - QUARTERLY IDCW Option,10.4762
2026-09-04,118750,NIPPON INDIA DYNAMIC TERM FUND - Direct Plan - IDCW Option,30.6730
2026-09-04,118756,NIPPON INDIA PHARMA FUND - DIRECT Plan - IDCW Option,175.7241
2026-09-04,118758,Nippon India Pharma Fund - Direct Plan Growth Plan - Bonus Option,642.0816
2026-09-04,118759,Nippon India Pharma Fund - Direct Plan Growth Plan - Growth Option,642.0816
2026-09-04,118760,NIPPON INDIA POWER & INFRA FUND - DIRECT Plan - IDCW Option,76.6978
2026-09-04,118762,Nippon India Power & Infra Fund - Direct Plan Growth Plan - Bonus Option,418.4250
2026-09-04,118763,Nippon India Power & Infra Fund - Direct Plan Growth Plan - Growth Option,418.4250
2026-09-04,118767,NIPPON INDIA QUANT FUND - DIRECT Plan - IDCW Option,45.6127
2026-09-04,118769,Nippon India Quant Fund - Direct Plan Growth Plan - Growth Option,79.5128
2026-09-04,118770,Nippon India Quant Fund - Direct Plan Growth Plan - Bonus Option,79.5128
2026-09-04,118775,NIPPON INDIA SMALL CAP FUND - Direct Plan - IDCW Option,111.9377
2026-09-04,118777,Nippon India Small Cap Fund - Direct Plan Growth Plan - Bonus Option,210.4787
2026-09-04,118778,Nippon India Small Cap Fund - Direct Plan Growth Plan - Growth Option,210.4787
2026-09-04,118780,Nippon India Credit Risk Fund - Direct Plan - Growth Plan,42.3269
2026-09-04,118781,NIPPON INDIA CREDIT RISK FUND - DIRECT Plan - QUARTERLY IDCW Option,13.8295
2026-09-04,118782,NIPPON INDIA VALUE FUND - DIRECT Plan - IDCW Option,65.2169
2026-09-04,118784,Nippon India Value Fund - Direct Plan Growth Plan,246.9490
2026-09-04,118785,Nippon India Index Fund - BSE Sensex Plan - Direct Plan Growth Plan - Bonus Option,41.6542
2026-09-04,118786,NIPPON INDIA INDEX FUND - BSE SENSEX PLAN - DIRECT Plan - ANNUAL - IDCW Option,33.1342
2026-09-04,118788,NIPPON INDIA INDEX FUND - BSE SENSEX PLAN - DIRECT Plan - HALF YEARLY - IDCW Option,33.0913
2026-09-04,118790,NIPPON INDIA INDEX FUND - BSE SENSEX PLAN - DIRECT Plan - QUARTERLY - IDCW Option,33.1366
2026-09-04,118791,Nippon India Index Fund - BSE Sensex Plan - Direct Plan Growth Plan - Growth Option,41.6542
2026-09-04,118793,NIPPON INDIA AGGRESSIVE HYBRID FUND - DIRECT Plan - IDCW Option,38.0522
2026-09-04,118794,Nippon India Aggressive Hybrid Fund  - Direct Plan Growth Plan,121.7904
2026-09-04,118796,Nippon India Short Term Fund - Direct Plan Growth Plan - Growth Option,61.6127
2026-09-04,118797,NIPPON INDIA SHORT TERM FUND - Direct Plan - MONTHLY IDCW Option,11.7700
2026-09-04,118800,NIPPON INDIA SHORT TERM FUND - Direct Plan - QUARTERLY IDCW OPTION,15.4107
2026-09-04,118801,NIPPON INDIA ELSS TAX SAVER FUND - DIRECT Plan - IDCW Option,45.4980
2026-09-04,118803,Nippon India ELSS Tax Saver Fund - Direct Plan Growth Plan - Growth Option,143.7554
2026-09-04,118807,Nippon India Corporate Bond Fund - Direct Plan Growth Plan - Bonus,48.0754
2026-09-04,118808,NIPPON INDIA CORPORATE BOND FUND - DIRECT Plan - DAILY IDCW Option,17.0870
2026-09-04,118809,NIPPON INDIA CORPORATE BOND FUND - DIRECT Plan - MONTHLY IDCW Option,11.8129
2026-09-04,118811,NIPPON INDIA CORPORATE BOND FUND - DIRECT Plan - QUARTERLY IDCW Option,12.2693
2026-09-04,118812,NIPPON INDIA CORPORATE BOND FUND - DIRECT Plan - WEEKLY IDCW Option,17.1006
2026-09-04,118814,Nippon India Corporate Bond Fund - Direct Plan Growth Plan - Growth Option,67.3374
2026-09-04,118825,Mirae Asset Large Cap Fund - Direct Plan - Growth,127.063
2026-09-04,118826,Mirae Asset Large Cap Fund - Direct Plan - IDCW,66.326
2026-09-04,118834,Mirae Asset Large & Midcap Fund - Direct Plan - Growth,179.354
2026-09-04,118835,Mirae Asset Large & Midcap Fund - Direct Plan - IDCW,84.102
2026-09-04,118837,Mirae Asset Great Consumer Fund - Direct Plan - Growth,111.862
2026-09-04,118838,Mirae Asset Great Consumer Fund - Direct Plan - IDCW,67.164
2026-09-04,118840,Mirae Asset Ultra Short to Short Term Fund - Direct Plan - Growth,2654.8986
2026-09-04,118841,Mirae Asset Ultra Short to Short Term Fund - Direct Plan - Monthly IDCW,1163.4702
2026-09-04,118842,Mirae Asset Ultra Short to Short Term Fund - Direct Plan - Quarterly IDCW,1010.7997
2026-09-04,118843,Mirae Asset Ultra Short to Short Term Fund - Direct Plan - Daily IDCW,1208.9337
2026-09-04,118844,Mirae Asset Ultra Short to Short Term Fund - Direct Plan - Weekly IDCW,1456.3123
2026-09-04,118859,Mirae Asset Liquid Fund - Direct Plan - Growth,2996.1114
2026-09-04,118860,Mirae Asset Liquid Fund - Direct Plan - Monthly IDCW,1137.4330
2026-09-04,118861,Mirae Asset Liquid Fund - Direct Plan - Daily IDCW,1075.8332
2026-09-04,118862,Mirae Asset Liquid Fund - Direct Plan - Weekly IDCW,1216.8902
2026-09-04,118866,Taurus ELSS Tax Saver Fund - Direct Plan - Growth,201.93
2026-09-04,118867,Taurus ELSS Tax Saver Fund - Direct Plan - Payout of Income Distribution cum Capital Withdrawal option,93.06
2026-09-04,118868,Taurus Banking & Financial Services Fund - Direct Plan - Growth,59.89
2026-09-04,118869,Taurus Banking & Financial Services Fund - Direct Plan - Payout of Income Distribution cum Capital Withdrawal option,59.20
2026-09-04,118870,Taurus Large Cap Fund - Direct Plan - Growth,179.10
2026-09-04,118871,Taurus Large Cap Fund - Direct Plan - Payout of Income Distribution cum Capital Withdrawal option,78.88
2026-09-04,118872,Taurus Mid Cap Fund - Direct Plan - Growth,136.73
2026-09-04,118873,Taurus Mid Cap Fund - Direct Plan - Payout of Income Distribution cum Capital Withdrawal option,121.46
2026-09-04,118876,Taurus Ethical Fund - Direct Plan - Growth,146.13
2026-09-04,118877,Taurus Ethical Fund - Direct Plan - Payout of Income Distribution cum Capital Withdrawal option,98.09
2026-09-04,118878,Taurus Ethical Fund-Direct Plan-Bonus Option #,47.89
2026-09-04,118879,Taurus Infrastructure Fund - Direct Plan - Growth,67.43
2026-09-04,118880,Taurus Infrastructure Fund - Direct Plan - Payout of Income Distribution cum Capital Withdrawal option,62.80
2026-09-04,118881,Taurus Nifty 50 Index Fund - Direct Plan - Growth,48.5716
2026-09-04,118882,Taurus Nifty 50 Index Fund - Direct Plan - Payout of Income Distribution cum Capital Withdrawal option,45.4574
2026-09-04,118883,Taurus Flexi Cap Fund - Direct Plan - Growth,250.65
2026-09-04,118884,Taurus Flexi Cap Fund - Direct Plan -  Payout of Income Distribution cum Capital Withdrawal option,126.46
2026-09-04,118901,HSBC Liquid Fund - Regular Daily IDCW,1001.3789
2026-09-04,118902,HSBC Liquid Fund - Regular Growth,2798.7791
2026-09-04,118903,HSBC Liquid Fund - Regular Monthly IDCW,1004.614
2026-09-04,118904,HSBC Liquid Fund - Regular Weekly IDCW,1108.5608
2026-09-04,118906,HSBC Liquid Fund - IDCW,1019.3
2026-09-04,118907,HSBC Liquid Fund - Growth,4038.0905
2026-09-04,118908,HSBC Liquid Fund - Weekly IDCW,1002.2946
2026-09-04,118909,HSBC Liquid Fund - Institutional Daily IDCW,1562.8262
2026-09-04,118921,DSP Medium Term Fund - Direct Plan - IDCW - Monthly,11.2835
2026-09-04,118922,DSP Medium Term Fund - Direct Plan - IDCW,11.8231
2026-09-04,118924,DSP Medium Term Fund - Direct Plan - Growth,92.4904
2026-09-04,118934,HDFC Value Fund - IDCW Option - Direct Plan,46.301
2026-09-04,118935,HDFC Value Fund - Growth Option - Direct Plan,895.058
2026-09-04,118942,HDFC Ultra Short to Short Term Fund - Direct Plan - Growth,67.5654
2026-09-04,118943,HDFC Ultra Short to Short Term Fund - Direct Plan - Monthly IDCW,10.1688
2026-09-04,118944,HDFC Ultra Short to Short Term Fund - Direct Plan - Weekly IDCW,10.086
2026-09-04,118945,HDFC Ultra Short to Short Term Fund - Direct Plan - Daily IDCW,10.0655
2026-09-04,118949,HDFC Focused Fund - IDCW Option - Direct Plan,31.848
2026-09-04,118950,HDFC Focused Fund - Growth Option - Direct Plan,267.805
2026-09-04,118954,HDFC Flexi Cap Fund - IDCW Option - Direct Plan,91.839
2026-09-04,118955,HDFC Flexi Cap Fund - Growth Option - Direct Plan,2271.324
2026-09-04,118959,HDFC Floating Interest Rates Fund - Direct Plan - Daily IDCW,10.0809
2026-09-04,118960,HDFC Floating Interest Rates Fund - Direct Plan - Monthly IDCW,10.1713
2026-09-04,118961,HDFC Floating Interest Rates Fund - Direct Plan - Growth Option,54.9098
2026-09-04,118962,HDFC Floating Interest Rates Fund - Direct Plan - Weekly IDCW,10.0547
2026-09-04,118968,HDFC Balanced Advantage Fund - Growth Plan - Direct Plan,568.889
2026-09-04,118969,HDFC Balanced Advantage Fund - IDCW Plan - Direct Plan,42.926
2026-09-04,118978,HDFC Infrastructure Fund - IDCW Option - Direct Plan,31.996
2026-09-04,118979,HDFC Infrastructure Fund - Growth Option - Direct Plan,52.285
2026-09-04,118986,HDFC Corporate Bond Fund - Quarterly IDCW Option - Direct Plan,10.4901
2026-09-04,118987,HDFC Corporate Bond Fund - Growth Option - Direct Plan,35.2774
2026-09-04,118988,HDFC Mid Cap Fund - IDCW Option - Direct Plan,83.296
2026-09-04,118989,HDFC Mid Cap Fund - Growth Option - Direct Plan,234.584
2026-09-04,118992,DSP Conservative Hybrid Fund - Direct Plan - IDCW - Monthly,14.0875
2026-09-04,118993,DSP Conservative Hybrid Fund - Direct Plan - IDCW - Quarterly,13.9895
2026-09-04,118994,DSP Conservative Hybrid Fund - Direct Plan - Growth,69.2579
2026-09-04,119015,HDFC Short Term Fund - Fortnightly IDCW - Direct Plan,10.3067
2026-09-04,119016,HDFC Short Term Fund - Growth Option - Direct Plan,35.4299
2026-09-04,119017,HDFC Large Cap Fund - IDCW Option - Direct Plan,62.22
2026-09-04,119018,HDFC Large Cap Fund - Growth Option - Direct Plan,1228.546
2026-09-04,119019,DSP Aggressive Hybrid Fund - Direct Plan - Growth,394.3260
2026-09-04,119020,DSP Aggressive Hybrid Fund - Direct Plan - IDCW,69.6290
2026-09-04,119028,DSP Natural Resources and New Energy Fund - Direct Plan - Growth,122.9250
2026-09-04,119029,DSP Natural Resources and New Energy Fund - Direct Plan - IDCW,38.8770
2026-09-04,119053,Tata Aggressive Hybrid Fund -Direct Plan- Growth Option,497.5992
2026-09-04,119057,Tata Aggressive Hybrid Fund- Direct Plan - Monthly Payout of IDCW Option,97.3398
2026-09-04,119058,Tata Aggressive Hybrid Fund- Direct Plan - Periodic Payout of IDCW Option,97.6933
2026-09-04,119059,HDFC ELSS - Tax Saver Fund- IDCW Option - Direct Plan,93.246
2026-09-04,119060,HDFC ELSS - Tax Saver Fund - Growth Option - Direct Plan,1491.781
2026-09-04,119061,HDFC Aggressive Hybrid Fund - IDCW Option - Direct Plan,17.726
2026-09-04,119062,HDFC Aggressive Hybrid Fund - Growth Option - Direct Plan,124.727
2026-09-04,119063,HDFC Nifty 50 Index Fund - Direct Plan,233.9471
2026-09-04,119065,HDFC BSE Sensex Index Fund - Direct Plan,732.643
2026-09-04,119066,HDFC Childrens Fund - Direct Plan,326.173
2026-09-04,119068,HDFC Medium to Long Term Fund - Quarterly IDCW- Direct Plan,12.9127
2026-09-04,119069,HDFC Medium to Long Term Fund - Growth Option - Direct Plan,67.4215
2026-09-04,119070,DSP Midcap Fund - Direct Plan - IDCW,70.1950
2026-09-04,119071,DSP Midcap Fund - Direct Plan - Growth,175.7790
2026-09-04,119072,HDFC Dynamic Term Fund - Half Yearly IDCW - Direct Plan,14.0647
2026-09-04,119073,HDFC Dynamic Term Fund - Quarterly IDCW - Direct Plan,14.2793
2026-09-04,119074,HDFC Dynamic Term Fund - Yearly IDCW - Direct Plan,15.4524
2026-09-04,119075,HDFC Dynamic Term Fund - Growth Option - Direct Plan,103.6369
2026-09-04,119076,DSP Flexi Cap Fund - Direct Plan - Growth,116.2010
2026-09-04,119077,DSP Flexi Cap Fund - Direct Plan - IDCW,85.4240
2026-09-04,119080,HDFC Medium Term Fund - Fortnightly IDCW Opt - Direct Plan,10.1116
2026-09-04,119081,HDFC Medium Term Fund - Growth Option - Direct Plan,66.0558
2026-09-04,119082,DSP Credit Risk Fund - Direct Plan - Growth,60.8263
2026-09-04,119083,DSP Credit Risk Fund - Direct Plan - IDCW,12.7503
2026-09-04,119084,DSP Credit Risk Fund - Direct Plan -  IDCW - Monthly,11.2100
2026-09-04,119085,DSP Credit Risk Fund - Direct Plan - IDCW - Quarterly,11.6684
2026-09-04,119086,DSP Credit Risk Fund - Direct Plan - IDCW - Weekly,11.1261
2026-09-04,119087,DSP Credit Risk Fund - Direct Plan - IDCW - Daily,11.1243
2026-09-04,119088,HDFC Liquid Fund - IDCW Weekly - Direct Plan,1032.2545
2026-09-04,119089,HDFC Liquid Fund - IDCW Daily - Direct Plan,1019.82
2026-09-04,119090,HDFC Liquid Fund - IDCW Monthly - Direct Plan,1027.52
2026-09-04,119091,HDFC Liquid Fund - Growth Option - Direct Plan,5573.0089
2026-09-04,119092,HDFC Money Market Fund - Growth Option - Direct Plan,6300.8316
2026-09-04,119093,HDFC Money Market Fund - Daily IDCW Option - Direct Plan,1063.64
2026-09-04,119094,HDFC Money Market Fund - Weekly IDCW Option -Direct Plan,1064.4192
2026-09-04,119095,DSP Focused Fund - Direct Plan - IDCW,40.4590
2026-09-04,119096,DSP Focused Fund - Direct Plan - Growth,62.5710
2026-09-04,119099,DSP Gilt Fund - Direct Plan - Growth,105.8091
2026-09-04,119100,DSP Gilt Fund - Direct Plan - IDCW - Monthly,10.8442
2026-09-04,119101,DSP Gilt Fund - Direct Plan - IDCW,12.9311
2026-09-04,119106,DSP Money Market Fund - Direct Plan - Growth,58.6162
2026-09-04,119107,DSP Money Market Fund - Direct Plan - IDCW - Monthly,11.0657
2026-09-04,119108,DSP Money Market Fund - Direct Plan - IDCW,12.6725
2026-09-04,119109,HDFC Overnight Fund - Daily IDCW Option - Direct Plan,1042.66
2026-09-04,119110,HDFC Overnight Fund - Growth Option - Direct Plan,4080.629
2026-09-04,119115,HDFC Gilt Fund - IDCW Option - Direct Plan,13.0186
2026-09-04,119116,HDFC Gilt Fund - Growth Option - Direct Plan,60.3757
2026-09-04,119118,HDFC Conservative Hybrid Fund - Growth Option - Direct Plan,89.6272
2026-09-04,119119,HDFC Conservative Hybrid Fund - IDCW Monthly - Direct Plan,14.9983
2026-09-04,119120,HDFC Conservative Hybrid Fund - IDCW Quarterly - Direct Plan,15.9916
2026-09-04,119123,DSP Liquid Fund - Direct Plan - IDCW - Weekly,1001.6689
2026-09-04,119124,DSP Liquid Fund - Direct Plan - IDCW - Daily,1001.4663
2026-09-04,119125,DSP Liquid Fund - Direct Plan - Growth,4059.9567
2026-09-04,119128,HDFC Equity Savings Fund - Growth Option - Direct Plan,76.896
2026-09-04,119129,HDFC Equity Savings Fund - IDCW Option - Direct Plan,15.139
2026-09-04,119130,HDFC Multi Asset Allocation Fund - IDCW Option - Direct Plan,21.705
2026-09-04,119131,HDFC Multi Asset Allocation Fund - Growth Option - Direct Plan,85.178
2026-09-04,119132,HDFC Gold ETF Fund of Fund - Direct Plan,47.9712
2026-09-04,119133,Groww Largecap Fund (formerly known as Indiabulls Blue Chip Fund) - Direct Plan - Growth Option,51.98
2026-09-04,119134,Groww Largecap Fund (formerly known as Indiabulls Bluechip Fund)- Direct Plan- - Income Distribution cum capital withdrawal Option (Payout & Reinvestment),30.1
2026-09-04,119135,Groww Liquid Fund ( formerly known as Indiabulls Liquid )Fund - Direct Plan - Growth Option,2751.2924
2026-09-04,119136,Groww Liquid Fund (formerly known as Indiabulls Liquid Fund) - Direct Plan- - Income Distribution cum capital withdrawal Option ( Reinvestment),1002.0907
2026-09-04,119137,Groww Liquid Fund (formerly known as Indiabulls Liquid Fund)- Direct Plan- Weekly - Income Distribution cum capital withdrawal Option (Payout & Reinvestment),1002.885
2026-09-04,119138,Groww Liquid Fund (formerly known as Indiabulls Liquid Fund)- Direct Plan- Fortnightly - Income Distribution cum capital withdrawal Option (Payout & Reinvestment),1003.9419
2026-09-04,119139,Groww Liquid Fund (formerly known as Indiabulls Liquid Fund)- Direct Plan- Monthly - Income Distribution cum capital withdrawal Option (Payout & Reinvestment),1030.2405
2026-09-04,119159,Tata Large Cap Fund- Direct Plan - Payout of IDCW Option,124.6869
2026-09-04,119160,Tata Large Cap Fund -Direct Plan Growth Option,587.8126
2026-09-04,119161,Navi Liquid Fund - Direct Plan Monthly IDCW - Payout,10.0248
2026-09-04,119162,Navi Liquid Fund - Direct Plan Weekly IDCW - Payout,10.0117
2026-09-04,119163,Navi Liquid Fund - Direct Plan Daily IDCW - ReInvestment,10.0129
2026-09-04,119164,Navi Liquid Fund-Direct Plan-Growth Option,30.6041
2026-09-04,119171,Tata Ethical Fund- Direct Plan - Payout of IDCW Option,223.5216
2026-09-04,119172,Tata Ethical Fund -Direct Plan- Growth Option,418.0441
2026-09-04,119177,Tata Mid Cap Fund - Direct Plan- IDCW Option,171.2554
2026-09-04,119178,Tata Mid Cap Fund - Direct Plan- Growth Option,534.2645
2026-09-04,119201,Tata Large & Mid Cap Fund Direct Plan - Payout of IDCW Option,105.8764
2026-09-04,119202,Tata Large & MId Cap Fund -Direct Plan- Growth Option,573.0197
2026-09-04,119203,DSP Ultra Short Term Fund - Direct Plan - IDCW - Daily,1005.3951
2026-09-04,119204,DSP Ultra Short Term Fund - Direct Plan - IDCW - Monthly,1090.6028
2026-09-04,119205,DSP Ultra Short Term Fund - Direct Plan - Growth,4002.9091
2026-09-04,119206,DSP Ultra Short Term Fund - Direct Plan - IDCW,1147.2362
2026-09-04,119207,DSP Ultra Short Term Fund - Direct Plan - IDCW - Weekly,1005.3409
2026-09-04,119212,DSP Small Cap Fund - Direct Plan - Growth,258.2700
2026-09-04,119213,DSP Small Cap Fund - Direct Plan - IDCW,70.8890
2026-09-04,119218,DSP Large & Mid Cap Fund - Direct Plan - Growth,698.0640
2026-09-04,119219,DSP Large & Mid Cap Fund - Direct Plan - IDCW,104.1150
2026-09-04,119222,DSP Short Term Fund - Direct Plan - IDCW,12.3423
2026-09-04,119223,DSP Short Term Fund - Direct Plan - IDCW - Weekly,10.1847
2026-09-04,119224,DSP Short Term Fund - Direct Plan - IDCW - Monthly,11.7485
2026-09-04,119226,DSP Short Term Fund - Direct Plan - Growth,54.0560
2026-09-04,119231,Tata Value Fund -Direct Plan Growth Option,402.7597
2026-09-04,119232,Tata Value Fund- Direct Plan -Payout of IDCW-Option A(5%),147.9923
2026-09-04,119233,Tata Value Fund- Direct Plan - Payout of IDCW -Option B(10%),136.8739
2026-09-04,119236,DSP Dynamic Term Fund - Direct Plan - IDCW - Monthly,1076.6007
2026-09-04,119238,DSP Dynamic Term Fund - Direct Plan - IDCW,2520.2811
2026-09-04,119239,DSP Dynamic Term Fund - Direct Plan - Growth,3699.0863
2026-09-04,119241,DSP ELSS Tax Saver Fund - Direct Plan - IDCW,91.4290
2026-09-04,119242,DSP ELSS Tax Saver Fund - Direct Plan - Growth,155.1630
2026-09-04,119243,Tata Infrastructure Fund -Direct Plan -Growth Option,197.6228
2026-09-04,119244,Tata Infrastructure Fund- Direct Plan - Payout of IDCW Option,96.7952
2026-09-04,119247,DSP India T.I.G.E.R. Fund - Direct Plan - Growth,399.5250
2026-09-04,119248,DSP India T.I.G.E.R. Fund - Direct Plan - IDCW,58.7850
2026-09-04,119249,DSP Large Cap Fund - Direct Plan - IDCW,26.7400
2026-09-04,119250,DSP Large Cap Fund - Direct Plan - Growth,500.3860
2026-09-04,119251,Tata Retirement Savings Fund- Progressive Plan -Direct Plan-Growth Option,86.0701
2026-09-04,119252,DSP US Specific Equity Omni FoF - Direct Plan - Growth,102.7184
2026-09-04,119253,DSP US Specific Equity Omni FoF - Direct Plan - IDCW,81.7338
2026-09-04,119255,Tata Retirement Savings Fund- Moderate Plan -Direct Plan-Growth Option,83.1419
2026-09-04,119256,Tata Retirement Savings Fund- Conservative Plan-Direct Plan-Growth Option,39.1864
2026-09-04,119275,DSP Global Clean Energy Overseas Equity Omni FoF Direct Plan - Growth,29.6951
2026-09-04,119276,DSP Global Clean Energy Overseas Equity Omni FoF - Direct Plan - IDCW,20.7155
2026-09-04,119277,DSP World Gold Mining Overseas Equity Omni FoF - Direct Plan - Growth,68.5472
2026-09-04,119278,DSP World Gold Mining Overseas Equity Omni FoF - Direct Plan - IDCW,41.0308
2026-09-04,119279,DSP World Mining Overseas Equity Omni FoF - Direct Plan - Growth,37.6756
2026-09-04,119280,DSP World Mining Overseas Equity Omni FoF - Direct Plan - IDCW,34.0284
2026-09-04,119281,Tata ELSS Fund- Direct Plan - Payout of IDCW Option,237.7104
2026-09-04,119287,Tata S&P BSE Sensex Index Fund - Direct Plan,205.0338
2026-09-04,119288,Tata Nifty 50 Index Fund -Direct Plan,162.6500
2026-09-04,119292,Union Flexi Cap Fund - Direct Plan - Growth Option,59.42
2026-09-04,119293,Union Flexi Cap Fund - Direct Plan - IDCW Option,47.99
2026-09-04,119300,BANK OF INDIA Large & Mid Cap Fund Direct Plan- Bonus,56.40
2026-09-04,119301,Union Liquid Fund - Direct Plan - Daily IDCW Option,1001.7631
2026-09-04,119302,Union Liquid Fund - Direct Plan - Monthly IDCW Option,1003.2520
2026-09-04,119303,Union Liquid Fund - Direct Plan - Growth Option,2737.7437
2026-09-04,119304,Union Liquid Fund - Direct Plan - Weekly IDCW Option,1002.2292
2026-09-04,119305,Union Liquid Fund - Direct Plan - Fortnightly IDCW Option,1003.3512
2026-09-04,119306,Union ELSS Tax Saver Fund - Direct Plan - IDCW Option,72.47
2026-09-04,119307,Union ELSS Tax Saver Fund - Direct Plan - Growth Option,72.47
2026-09-04,119310,Union Dynamic Term Fund - Direct Plan - IDCW Option,16.6516
2026-09-04,119311,Union Dynamic Term Fund - Direct Plan - Growth Option,24.8594
2026-09-04,119312,Tata Childrens Fund-Direct Plan-Growth Option,62.5852
2026-09-04,119333,Baroda BNP Paribas Banking and Financial Services Fund - Direct - Growth Option,57.1044
2026-09-04,119334,Baroda BNP Paribas Banking and Financial Services Fund - Direct - IDCW Option,23.9345
2026-09-04,119340,Baroda BNP Paribas GILT FUND - Direct Plan - IDCW Option,35.4764
2026-09-04,119341,Baroda BNP Paribas GILT FUND - Direct Plan - Growth Option,48.3252
2026-09-04,119346,BANK OF INDIA Large & Mid Cap Fund Direct Plan-Regular IDCW,29.87
2026-09-04,119349,BANK OF INDIA Large & Mid Cap Fund Direct  Plan- Quarterly IDCW,30.33
2026-09-04,119350,BANK OF INDIA Large & Mid Cap Fund Direct Plan-Growth,109.23
2026-09-04,119351,BANK OF INDIA ELSS Tax Saver -Direct Plan- Growth,195.50
2026-09-04,119352,BANK OF INDIA ELSS Tax Saver -Direct Plan-IDCW,78.07
2026-09-04,119353,Baroda BNP Paribas MULTI CAP FUND - Direct Plan - IDCW Option,55.4936
2026-09-04,119354,Baroda BNP Paribas MULTI CAP FUND - Direct Plan - Growth Option,337.7262
2026-09-04,119363,BANK OF INDIA Manufacturing & Infrastructure Fund-Direct Plan-Regular IDCW,75.12
2026-09-04,119364,BANK OF INDIA Manufacturing & Infrastructure Fund-Direct Plan-Growth,79.62
2026-09-04,119365,BANK OF INDIA Manufacturing & Infrastructure Fund-Direct Plan-Quarterly IDCW,78.26
2026-09-04,119368,BANK OF INDIA Liquid Fund- Direct Plan- Daily IDCW,1005.0000
2026-09-04,119369,BANK OF INDIA Liquid Fund- Direct Plan- Growth,3269.2061
2026-09-04,119370,BANK OF INDIA Liquid Fund- Direct Plan- Weekly IDCW,1006.2917
2026-09-04,119379,BANK OF INDIA Ultra Short Duration Fund- Direct Plan- Growth,3526.6715
2026-09-04,119380,BANK OF INDIA Ultra Short Duration Fund- Direct Plan- Daily IDCW,1004.9999
2026-09-04,119381,BANK OF INDIA Ultra Short Duration Fund- Direct Plan- Weekly IDCW,1006.9666
2026-09-04,119382,BANK OF INDIA Short Term Income Fund-Direct Plan- Growth,31.1078
2026-09-04,119383,BANK OF INDIA Short Term Income Fund-Direct Plan- Monthly IDCW,15.1241
2026-09-04,119384,BANK OF INDIA Short Term Income Fund-Direct Plan- Quarterly IDCW,14.3408
2026-09-04,119393,BANK OF INDIA Conservative Hybrid Fund Fund-Direct Plan-Growth,38.1155
2026-09-04,119394,BANK OF INDIA Conservative Hybrid Fund-Direct Plan-Monthly IDCW,16.9778
2026-09-04,119395,BANK OF INDIA Conservative Hybrid  Fund-Direct Plan-Quarterly IDCW,18.7262
2026-09-04,119396,BANK OF INDIA Conservative Hybrid Fund-Direct Plan-Annual IDCW,17.3673
2026-09-04,119399,Baroda BNP Paribas Short Term Fund - Direct Plan - Monthly IDCW Option,10.4608
2026-09-04,119400,Baroda BNP Paribas Short Term Fund - Direct Plan - Growth Option,33.9645
2026-09-04,119414,Baroda BNP Paribas LIQUID FUND - DIRECT PLAN - DAILY IDCW OPTION,1002.0849
2026-09-04,119415,Baroda BNP Paribas LIQUID FUND - DIRECT PLAN - GROWTH OPTION,3270.5222
2026-09-04,119416,Baroda BNP Paribas LIQUID FUND - DIRECT PLAN - WEEKLY IDCW OPTION,1221.3809
2026-09-04,119421,Tata Money Market Fund- Direct Plan - Daily Reinvestment of IDCW Option,1114.5200
2026-09-04,119424,Tata Money Market Fund- Direct Plan- Growth Option,5205.6151
2026-09-04,119433,Aditya Birla Sun Life Large & Mid Cap Fund -Direct - IDCW,217.31
2026-09-04,119436,Aditya Birla Sun Life Large & Mid Cap Fund - Growth - Direct Plan,1079.82
2026-09-04,119496,Aditya Birla Sun Life Short Term Fund - DIRECT - IDCW,11.1275
2026-09-04,119497,Aditya Birla Sun Life Short Term Fund-Quarterly-IDCW-Direct,11.0095
2026-09-04,119498,Aditya Birla Sun Life Short Term Fund - Growth - Direct Plan,55.3234
2026-09-04,119499,Aditya Birla Sun Life Ultra Short Term Fund-DIRECT - WEEKLY IDCW,100.7929
2026-09-04,119500,Aditya Birla Sun Life Ultra Short Term Fund-DIRECT - DAILY IDCW,100.1024
2026-09-04,119501,Aditya Birla Sun Life Ultra Short Term Fund - Growth - Direct Plan,603.6742
2026-09-04,119502,Aditya Birla Sun Life Dynamic Term Fund -Direct - Quarterly IDCW,11.1262
2026-09-04,119503,Aditya Birla Sun Life Dynamic Term Fund -DIRECT - MONTHLY IDCW,11.1914
2026-09-04,119505,Aditya Birla Sun Life Dynamic Term Fund - Growth - Direct Plan,52.9791
2026-09-04,119506,Aditya Birla Sun Life Dividend Yield Fund -DIRECT - IDCW,46.82
2026-09-04,119507,Aditya Birla Sun Life Dividend Yield Fund - Growth - Direct Plan,507.20
2026-09-04,119511,Aditya Birla Sun Life Money Market Fund - Growth - Direct Plan,405.2231
2026-09-04,119512,Aditya Birla Sun Life Money Market Fund - Direct - weekly IDCW,100.3242
2026-09-04,119513,Aditya Birla Sun Life Money Market Fund - Direct - daily IDCW,100.1158
2026-09-04,119514,Aditya Birla Sun Life Infrastructure Fund - Growth - Direct Plan,121.55
2026-09-04,119515,Aditya Birla Sun Life Infrastructure Fund -  Direct - IDCW,50.94
2026-09-04,119516,Aditya Birla Sun Life International Equity Fund - Direct - IDCW,53.0947
2026-09-04,119517,Aditya Birla Sun Life International Equity Fund - Growth - Direct Plan,56.9960
2026-09-04,119522,Aditya Birla Sun Life Ultra Short to Short Term Fund -Direct - weekly IDCW,100.8890
2026-09-04,119523,Aditya Birla Sun Life Ultra Short to Short Term Fund - Growth - Direct Plan,783.9211
2026-09-04,119524,Aditya Birla Sun Life Ultra Short to Short Term Fund -Direct - daily IDCW,100.0000
2026-09-04,119525,Aditya Birla Sun Life Arbitrage Fund-DIRECT - IDCW,11.4627
2026-09-04,119526,Aditya Birla Sun Life Arbitrage Fund - Growth - Direct Plan,30.8395
2026-09-04,119527,Aditya Birla Sun Life Large Cap Fund-DIRECT - IDCW,92.74
2026-09-04,119528,Aditya Birla Sun Life Large Cap Fund - Growth - Direct Plan,576.59
2026-09-04,119532,Aditya Birla Sun Life Corporate Bond Fund -DIRECT - MONTHLY IDCW,12.8277
2026-09-04,119533,Aditya Birla Sun Life Corporate Bond Fund - Growth - Direct Plan,121.8748
2026-09-04,119538,Aditya Birla Sun Life Medium Term Fund- Direct - IDCW,18.3070
2026-09-04,119539,Aditya Birla Sun Life Medium Term Fund - Growth - Direct Plan,48.0555
2026-09-04,119540,Aditya Birla Sun Life Medium Term Fund- DIRECT - HALF YEARLY IDCW,15.1426
2026-09-04,119541,Aditya Birla Sun Life Medium Term Fund - DIRECT - Quarterly IDCW,14.5376
2026-09-04,119543,Aditya Birla Sun Life ELSS Tax Saver Fund-DIRECT - IDCW,436.66
2026-09-04,119544,Aditya Birla Sun Life ELSS Tax Saver Fund - Growth - Direct Plan,69.48
2026-09-04,119548,Sundaram Value Fund Direct Plan - Income Distribution cum Capital Withdrawal (IDCW),18.3848
2026-09-04,119549,Sundaram Value Fund Direct Plan - Growth,224.7079
2026-09-04,119550,Aditya Birla Sun Life Banking & PSU Debt Fund- Direct Plan-Growth,404.6889
2026-09-04,119551,Aditya Birla Sun Life Banking & PSU Debt Fund  - DIRECT - IDCW,107.1574
2026-09-04,119552,Aditya Birla Sun Life Banking & PSU Debt Fund  - DIRECT - MONTHLY IDCW,117.0546
2026-09-04,119553,Aditya Birla Sun Life Banking & PSU Debt Fund  - Direct - Quarterly IDCW,105.1847
2026-09-04,119556,Aditya Birla Sun Life Small Cap Fund - Growth - Direct Plan,116.7022
2026-09-04,119557,Aditya Birla Sun Life Small Cap Fund -Direct - IDCW,76.1950
2026-09-04,119563,Aditya Birla Sun Life Focused Fund -Direct - IDCW,55.5364
2026-09-04,119564,Aditya Birla Sun Life Focused Fund - Growth - Direct Plan,167.3106
2026-09-04,119565,Sundaram Large and Midcap Direct Plan - Income Distribution cum Capital Withdrawal (IDCW),36.7216
2026-09-04,119566,Sundaram Large and Midcap Fund Direct Plan - Growth,106.4494
2026-09-04,119567,SBI Arbitrage Fund - Direct Plan - Income Distribution cum Capital Withdrawal Option (IDCW),20.8770
2026-09-04,119568,Aditya Birla Sun Life Liquid Fund - Growth - Direct Plan,458.6681
2026-09-04,119569,Aditya Birla Sun Life Liquid Fund -Direct - daily IDCW,100.1950
2026-09-04,119570,Aditya Birla Sun Life Liquid Fund -Direct - weekly IDCW,100.2250
2026-09-04,119571,Aditya Birla Sun Life Liquid Fund -DIRECT - IDCW,137.9414
2026-09-04,119574,SBI Arbitrage Fund - Direct Plan - Gr,38.6387
2026-09-04,119581,Sundaram Mid Cap Fund Direct Plan - Growth,1659.6118
2026-09-04,119582,Sundaram Mid Cap Fund Direct Plan - Income Distribution cum Capital Withdrawal (IDCW),72.6806
2026-09-04,119585,SBI Large Cap Fund - Direct Plan - Income Distribution cum Capital Withdrawal Option (IDCW),67.0626
2026-09-04,119588,Sundaram Small Cap Fund Direct Plan - Income Distribution cum Capital Withdrawal (IDCW),41.3394
2026-09-04,119589,Sundaram Small Cap Fund Direct Plan - Growth,335.4307
2026-09-04,119590,Aditya Birla Sun Life Consumption Fund -DIRECT - IDCW,45.89
2026-09-04,119591,Aditya Birla Sun Life Consumption Fund - Growth - Direct Plan,238.48
2026-09-04,119594,Sundaram Consumption Fund (Formerly Known asSundaram Rural and Consumption Fund Direct Plan - Income Distribution cum Capital Withdrawal (IDCW),28.0431
2026-09-04,119595,Sundaram Consumption Fund (Formerly Known as Sundaram Rural and Consumption Fund Direct Plan - Growth),105.4535
2026-09-04,119596,Sundaram Financial Services Opportunities Fund Direct Plan - Income Distribution cum Capital Withdrawal (IDCW),34.1014
2026-09-04,119597,Sundaram Financial Services Opportunities Fund Direct Plan - Growth,125.0513
2026-09-04,119598,SBI Large Cap FUND-DIRECT PLAN -GROWTH,103.3330
2026-09-04,119604,SBI Aggresive Hybrid Fund - Direct Plan - Income Distribution cum Capital Withdrawal Option (IDCW),103.3031
2026-09-04,119605,Aditya Birla Sun Life Gilt Fund - Growth - Direct Plan,88.1704
2026-09-04,119606,Aditya Birla Sun Life Gilt Fund -DIRECT - Quarterly IDCW,11.5456
2026-09-04,119609,SBI AGGRESIVE HYBRID FUND - DIRECT PLAN - Growth,353.0293
2026-09-04,119613,SBI Comma Fund - Direct Plan - Income Distribution cum Capital Withdrawal Option (IDCW),74.3337
2026-09-04,119619,Aditya Birla Sun Life Midcap Fund -DIRECT - IDCW,102.97
2026-09-04,119620,Aditya Birla Sun Life Midcap Fund - Growth - Direct Plan,964.46
2026-09-04,119621,Sundaram Corporate Bond Fund Direct Plan - Growth,44.1821
2026-09-04,119625,Sundaram Banking and PSU Debt Fund Direct Plan - Growth,46.5307
2026-09-04,119626,Sundaram Banking and PSU Debt Fund Direct Plan - IDCW,11.5839
2026-09-04,119630,Sundaram Corporate Bond Fund Direct Plan-Income Distribution cum Capital Withdrawal(IDCW),19.7228
2026-09-04,119635,Sundaram Conservative Hybrid Fund (Formerly Known as Sundaram Debt Oriented Hybrid Fund) Direct Plan - Growth,32.8061
2026-09-04,119637,Sundaram Conservative Hybrid Fund (Formerly Known as Sundaram Debt Oriented Hybrid Fund) Direct Plan -Income Distribution cum Capital Withdrawal (IDCW),20.6107
2026-09-04,119646,Aditya Birla Sun Life MNC Fund - Growth - Direct Plan,1463.30
2026-09-04,119647,Aditya Birla Sun Life MNC Fund - DIRECT - IDCW,435.71
2026-09-04,119648,Aditya Birla Sun Life Nifty 50 Index Fund - Growth - Direct Plan,249.7607
2026-09-04,119649,Aditya Birla Sun Life Nifty 50 Index Fund -DIRECT - IDCW,25.3015
2026-09-04,119655,Aditya Birla Sun Life Medium to Long Term Fund - Direct - Quarterly IDCW,14.0982
2026-09-04,119657,Aditya Birla Sun Life Medium to Long Term Fund - Growth - Direct Plan,140.6213
2026-09-04,119658,Aditya Birla Sun Life Value Fund - Direct - IDCW,78.2570
2026-09-04,119659,Aditya Birla Sun Life Value Fund - Growth - Direct Plan,157.8118
2026-09-04,119670,SBI Dynamic Term Fund - Direct Plan - Income Distribution cum Capital Withdrawal Option (IDCW),23.1600
2026-09-04,119671,SBI Dynamic Term Fund - DIRECT PLAN - Growth,41.4637
2026-09-04,119672,Sundaram Medium Term Fund Direct Plan-IDCW,27.1941
2026-09-04,119675,Sundaram Medium Term Fund Direct Plan - Growth,80.8638
2026-09-04,119695,SBI Infrastructure Fund - Direct Plan - Income Distribution cum Capital Withdrawal Option (IDCW),48.5032
2026-09-04,119700,SBI INFRASTRUCTURE FUND -  DIRECT PLAN - GROWTH,54.8049
2026-09-04,119705,SBI COMMA Fund - DIRECT PLAN - Growth,130.6286
2026-09-04,119706,SBI Gilt Fund - Direct Plan - Income Distribution cum Capital Withdrawal Option (IDCW),23.1895
2026-09-04,119707,SBI GILT FUND - DIRECT PLAN - GROWTH,72.6589
2026-09-04,119708,SBI ESG Exclusionary Strategy Fund - Direct Plan - Income Distribution cum Capital Withdrawal Option (IDCW),94.5033
2026-09-04,119709,SBI ESG Exclusionary Strategy Fund - Direct Plan -Growth,263.2437
2026-09-04,119710,SBI MNC Fund - Direct Plan - Income Distribution cum Capital Withdrawal Option (IDCW),163.6926
2026-09-04,119711,SBI MNC FUND - DIRECT PLAN -GROWTH,458.5682
2026-09-04,119712,SBI Medium to Long Term Fund-DIRECT PLAN - Bonus,48.7377
2026-09-04,119713,SBI Medium to Long Term Fund - Direct Plan - Half Yearly - Income Distribution cum Capital Withdrawal Option (IDCW),22.8041
2026-09-04,119714,SBI Medium to Long Term Fund-DIRECT PLAN -Growth,80.3741
2026-09-04,119715,SBI Midcap Fund - Direct Plan - Income Distribution cum Capital Withdrawal Option (IDCW),155.3634
2026-09-04,119716,SBI MIDCAP FUND - DIRECT PLAN - GROWTH,274.0334
2026-09-04,119717,SBI Flexicap Fund - Direct Plan - Income Distribution cum Capital Withdrawal Option (IDCW),61.2908
2026-09-04,119718,SBI Flexicap Fund - DIRECT PLAN - Growth Option,122.6235
2026-09-04,119719,SBI Children's Fund - Savings Plan - DIRECT PLAN - GROWTH,131.3588
2026-09-04,119720,SBI Large & Midcap Fund - Direct Plan - Income Distribution cum Capital Withdrawal Option (IDCW),367.0690
2026-09-04,119721,SBI LARGE & MIDCAP FUND -DIRECT PLAN -Growth,704.2498
2026-09-04,119722,SBI ELSS Tax Saver Fund - Direct Plan - Income Distribution cum Capital Withdrawal Option (IDCW),115.6212
2026-09-04,119723,SBI ELSS Tax Saver FUND - DIRECT PLAN -GROWTH,466.8005
2026-09-04,119724,SBI Contra Fund - Direct Plan - Income Distribution cum Capital Withdrawal Option (IDCW),87.6195
2026-09-04,119727,SBI FOCUSED FUND - DIRECT PLAN -GROWTH,455.0598
2026-09-04,119730,SBI Consumption Opportunities Fund - Direct Plan - Income Distribution cum Capital Withdrawal Option (IDCW),227.0871
2026-09-04,119731,SBI Technology Opportunities Fund - Direct Plan - Income Distribution cum Capital Withdrawal Option (IDCW),165.8220
2026-09-04,119732,SBI PSU Fund - DIRECT PLAN - GROWTH,38.1098
2026-09-04,119733,SBI PSU Fund - Direct Plan - Income Distribution cum Capital Withdrawal Option (IDCW),38.0541
2026-09-04,119734,Kotak Medium to Long Term Fund - Direct Plan - Standard IDCW option,30.2399
2026-09-04,119735,Kotak Medium to Long Term Fund - Growth - Direct,90.8564
2026-09-04,119739,Kotak Short Term Fund -(Growth) - Direct,61.3762
2026-09-04,119740,Kotak Credit Risk Fund - Direct Plan - Standard Income Distribution cum capital withdrawal option,27.2956
2026-09-04,119741,Kotak Credit Risk Fund - Growth - Direct,36.3422
2026-09-04,119746,Kotak Money Market Fund - (Growth) - Direct,4899.1646
2026-09-04,119747,Kotak Money Market Fund - (Monthly Payout of Income Distribution cum capital withdrawal option) - Direct,1302.9397
2026-09-04,119750,Kotak Ultra Short Term Fund -Growth - Direct,48.4725
2026-09-04,119751,Kotak Ultra Short Term Fund -Monthly Payout of Income Distribution cum capital withdrawal option - Direct,20.8994
2026-09-04,119753,Kotak Dynamic Term Fund - Direct Plan - Standard Income Distribution cum capital withdrawal option,15.292
2026-09-04,119755,Kotak Dynamic Term Fund - Growth - Direct,43.5726
2026-09-04,119757,Kotak Gilt Fund -Investment  Provident Fund and Trust-Growth - Direct,114.0495
2026-09-04,119758,Kotak Gilt Fund -Investment Regular-Payout of Income Distribution cum capital withdrawal option - Direct,24.503
2026-09-04,119759,Kotak Gilt Fund -Investment Regular-Growth - Direct,111.3512
2026-09-04,119764,Kotak Liquid Fund - Direct Plan - Daily Reinvestment of Income Distribution cum capital withdrawal option,1222.81
2026-09-04,119766,Kotak Liquid Fund - Direct Plan - Growth,5734.4051
2026-09-04,119767,Kotak Aggressive Hybrid Fund - Direct Plan - IDCW - Payout & Reinvestment of Income Distribution cum  capital withdrawal option,47.779
2026-09-04,119768,Kotak Contra Fund - Direct Plan - IDCW -Payout & Re-investment of Income Distribution cum capital withdrawal option- Direct,65.428
2026-09-04,119769,Kotak Contra Fund - Direct Plan - Growth,183.865
2026-09-04,119770,Kotak  Arbitrage Fund - Direct Plan - IDCW -Payout &  Reinvestment of Income Distribution cum capital withdrawal option,11.2173
2026-09-04,119771,Kotak Arbitrage Fund - Direct Plan - Growth,43.1346
2026-09-04,119772,Kotak ELSS Tax Saver Fund-Payout of Income Distribution cum capital withdrawal option - Direct,58.425
2026-09-04,119773,Kotak ELSS Tax Saver Fund-Growth - Direct,139.476
2026-09-04,119774,Kotak Mid Cap Fund  - Direct Plan - IDCW - Payout & Re-investment of Income Distribution cum capital withdrawal option,102.356
2026-09-04,119775,Kotak Mid Cap Fund - Direct Plan - Growth,171.8
2026-09-04,119776,Kotak Multi Asset Omni FOF - Direct Payout of Income Distribution cum capital withdrawal option,277.212
2026-09-04,119777,Kotak Multi Asset Omni FOF - Direct Growth - Direct,282.291
2026-09-04,119778,Kotak Global Emerging Market Overseas Equity Active FOF - Payout of Income Distribution cum capital withdrawal option - Direct,43.495
2026-09-04,119779,Kotak Global Emerging Market Overseas Equity Active FOF - Growth - Direct,43.313
2026-09-04,119780,Kotak Gold Fund Payout of Income Distribution cum capital withdrawal option- Direct,62.1361
2026-09-04,119781,Kotak Gold Fund Growth - Direct,62.1366
2026-09-04,119782,SBI Healthcare Opportunities Fund - Direct Plan - Income Distribution cum Capital Withdrawal Option (IDCW),417.7944
2026-09-04,119783,SBI HEALTHCARE OPPORTUNITIES FUND - DIRECT PLAN -GROWTH,601.3416
2026-09-04,119784,SBI Ultra Short Term Fund - Direct Plan - Daily Income Distribution cum Capital Withdrawal Option (IDCW),2451.3333
2026-09-04,119788,SBI GOLD FUND- DIRECT PLAN - GROWTH,46.9757
2026-09-04,119789,SBI Gold Fund - Direct Plan - Income Distribution cum Capital Withdrawal Option (IDCW),46.9081
2026-09-04,119792,SBI Credit Risk Fund - Direct Plan - Daily Income Distribution cum Capital Withdrawal Option (IDCW),17.2124
2026-09-04,119793,SBI Credit Risk Fund - Direct Plan - Income Distribution cum Capital Withdrawal Option (IDCW),25.2430
2026-09-04,119798,SBI CREDIT RISK FUND - DIRECT PLAN -GROWTH,54.2442
2026-09-04,119799,SBI Liquid Fund - Direct Plan - Weekly Income Distribution cum Capital Withdrawal Option (IDCW),1385.4972
2026-09-04,119800,SBI Liquid Fund - DIRECT PLAN -Growth,4436.5770
2026-09-04,119804,SBI Liquid Fund - Direct Paln - Fortnightly Income Distribution cum Capital Withdrawal Option (IDCW),1448.7654
2026-09-04,119805,SBI Liquid Fund - Direct Plan - Daily Income Distribution cum Capital Withdrawal Option (IDCW),1144.0484
2026-09-04,119810,SBI Ultra Short to Short Term Fund,1506.4018
2026-09-04,119811,SBI Ultra Short to Short Term Fund - Direct Plan - Fortnightly Income Distribution cum Capital Withdrawal Option (IDCW),1532.7369
2026-09-04,119812,SBI Ultra Short to Short Term Fund - Direct Plan - Growth,3907.7760
2026-09-04,119813,SBI Short Term Fund - Direct Plan - Monthly Income Distribution cum Capital Withdrawal Option (IDCW),20.3437
2026-09-04,119815,SBI Short Term Fund - Direct Plan Fortnightly Income Distribution cum Capital Withdrawal Option (IDCW),24.5729
2026-09-04,119816,SBI SHORT TERM FUND - DIRECT PLAN -GROWTH,36.4832
2026-09-04,119817,SBI Short Term Fund - Direct Plan Weekly Income Distribution cum Capital Withdrawal Option (IDCW),15.9807
2026-09-04,119818,SBI Ultra Short to Short Term Fund - Direct Plan - Monthly Income Distribution cum Capital Withdrawal Option (IDCW),1736.5298
2026-09-04,119819,SBI Ultra Short to Short Term Fund - Direct Plan - Weekly Income Distribution cum Capital Withdrawal Option (IDCW),1508.6076
2026-09-04,119820,SBI Money Market Fund - Direct Plan - Income Distribution cum Capital Withdrawal Option (IDCW),19.0226
2026-09-04,119821,SBI Money Market Fund - Direct Plan - Growth,47.9919
2026-09-04,119822,SBI Money Market Fund - Direct Plan Daily Income Distribution cum Capital Withdrawal Option (IDCW),14.9857
2026-09-04,119823,SBI Money Market Fund - Direct Plan Weekly Income Distribution cum Capital Withdrawal Option (IDCW),16.9128
2026-09-04,119824,SBI MEDIUM TERM FUND - DIRECT PLAN - GROWTH,59.8055
2026-09-04,119825,SBI Medium Term Fund - Direct Plan - Income Distribution cum Capital Withdrawal Option (IDCW),23.2475
2026-09-04,119826,SBI Nifty Index Fund - Direct Plan - Income Distribution cum Capital Withdrawal Option (IDCW),114.8754
2026-09-04,119827,SBI NIFTY INDEX FUND - DIRECT PLAN - GROWTH,223.6513
2026-09-04,119828,SBI ULTRA SHORT TERM FUND - DIRECT PLAN - GROWTH,6555.6412
2026-09-04,119829,SBI Ultra Short Term Fund - Direct Plan - Weekly Income Distribution cum Capital Withdrawal Option (IDCW),1272.5903
2026-09-04,119831,SBI Overnight Fund - Direct Plan - Daily Income Distribution cum Capital Withdrawal Option (IDCW),1389.2606
2026-09-04,119832,SBI Overnight Fund - Direct Plan - Weekly Income Distribution cum Capital Withdrawal Option (IDCW),1418.6315
2026-09-04,119833,SBI OVERNIGHT FUND - DIRECT PLAN - GROWTH,4475.8806
2026-09-04,119834,SBI Focused Fund - Direct Plan - Income Distribution cum Capital Withdrawal Option (IDCW),110.8936
2026-09-04,119835,SBI CONTRA FUND - DIRECT PLAN - GROWTH,415.1727
2026-09-04,119836,SBI Conservative Hybrid Fund  - Direct Plan - Quarterly Income Distribution cum Capital Withdrawal Option (IDCW),25.7908
2026-09-04,119837,SBI Conservative Hybrid Fund - Direct Plan - Annual Income Distribution cum Capital Withdrawal Option (IDCW),33.6619
2026-09-04,119838,SBI Conservative Hybrid Fund - Direct Plan - Monthly Income Distribution cum Capital Withdrawal Option (IDCW),27.9450
2026-09-04,119839,SBI Conservative Hybrid Fund - Direct Plan - Growth,84.4116
2026-09-04,119840,SBI Multi Asset Allocation Fund - Direct Plan - Annual Income Distribution cum Capital Withdrawal Option (IDCW),42.8142
2026-09-04,119841,SBI Multi Asset Allocation Fund - Direct Plan - Monthly Income Distribution cum Capital Withdrawal Option (IDCW),33.7427
2026-09-04,119842,SBI Multi Asset Allocation Fund - Direct Plan - Quarterly Income Distribution cum Capital Withdrawal Option (IDCW),35.6946
2026-09-04,119843,SBI MULTI ASSET ALLOCATION FUND - DIRECT PLAN - GROWTH,75.1482
2026-09-04,119861,Tata Liquid Fund- Direct Plan-Growth Option,4480.4627
2026-09-04,119862,Tata Liquid Fund- Direct Plan - Daily Reinvestment of IDCW Option,1001.5187
2026-09-04,119863,Tata Treasury Advantage Fund - Direct Plan - Growth Option,4361.3988
2026-09-04,119864,Tata Treasury Advantage Fund Direct Plan - Daily Reinvestment of IDCW Option,1003.5316
2026-09-04,119865,Tata Treasury Advantage Fund Direct Plan - Weekly Payout of IDCW Option,1010.0087
2026-09-04,119949,Tata Short Term Bond Fund - Direct Plan - Growth Option,56.5311
2026-09-04,119950,Tata Short Term Bond Fund Direct Plan - Monthly Payout of IDCW Option,25.6773
2026-09-04,119953,Tata Gilt Securities Fund- Direct Plan - Growth Option,90.6799
2026-09-04,119954,Tata Gilt Securities Fund - Direct Plan - Payout of IDCW Option,25.5340
2026-09-04,119957,Tata Treasury Advantage Fund Direct Plan - Periodic Payout of IDCW Option,2766.4312
2026-09-04,120029,HSBC Large Cap Fund - Direct IDCW,39.9226
2026-09-04,120030,HSBC Large Cap Fund - Direct Growth,533.5692
2026-09-04,120035,HSBC Brazil Fund - Growth Direct,11.8285
2026-09-04,120036,HSBC Brazil Fund - IDCW Direct Plan,11.8183
2026-09-04,120037,HSBC Liquid Fund - Direct Daily IDCW,1001.576
2026-09-04,120038,HSBC Liquid Fund -  Growth Direct,2827.9481
2026-09-04,120039,HSBC Liquid Fund - Direct Monthly IDCW,1040.3079
2026-09-04,120040,HSBC Liquid Fund - Direct Weekly IDCW,1196.3455
2026-09-04,120043,HSBC Global Emerging Market Fund - Growth Direct,38.0793
2026-09-04,120044,HSBC Global Emerging Markets Fund - IDCW Direct Plan,30.0223
2026-09-04,120045,HSBC Flexi Cap Fund - Direct IDCW,48.429
2026-09-04,120046,HSBC Flexi Cap Fund - Direct Growth,265.8778
2026-09-04,120059,HSBC Medium to Long Duration Fund - Direct Growth,48.8605
2026-09-04,120073,HSBC Conservative Hybrid Fund - Direct Growth,71.8058
2026-09-04,120074,HSBC Conservative Hybrid Fund - Direct Monthly IDCW,17.1897
2026-09-04,120075,HSBC Conservative Hybrid Fund - Direct Quarterly IDCW,14.9798
2026-09-04,120084,PGIM India Dynamic Term Fund - Direct Plan-Growth Option,3115.1037
2026-09-04,120086,PGIM India Dynamic Term Fund - Direct Plan-Quarterly Dividend Option,1164.9348
2026-09-04,120101,HSBC Medium to Long Duration Fund - Direct Quarterly IDCW,10.4936
2026-09-04,120136,SBI 10 Year Constant Maturity Gilt Fund - Direct Plan - Income Distribution cum Capital Withdrawal Option (IDCW),22.5504
2026-09-04,120137,SBI 10 YEAR CONSTANT MATURITY GILT FUND - DIRECT PLAN - GROWTH,69.3253
2026-09-04,120152,Kotak Large Cap  Fund - Growth - Direct,657.107
2026-09-04,120153,Kotak Large Cap Fund - Payout of Income Distribution cum capital withdrawal option - Direct,86.904
2026-09-04,120154,Kotak Conservative Hybrid Fund - Growth - Direct,69.9781
2026-09-04,120155,Kotak Conservative Hybrid Fund - Monthly Payout of Income Distribution cum capital withdrawal option - Direct,13.397
2026-09-04,120157,Kotak Large & Mid Cap Fund - IDCW-Direct,72.145
2026-09-04,120158,Kotak Large & Mid Cap Fund - Direct- Growth,408.85
2026-09-04,120163,Kotak-Small Cap Fund - Payout of Income Distribution cum capital withdrawal option - Direct,144.248
2026-09-04,120164,Kotak-Small Cap Fund - Growth - Direct,328.412
2026-09-04,120165,Kotak Flexi Cap Fund - Payout of Income Distribution cum capital withdrawal option- Direct,59.09
2026-09-04,120166,Kotak Flexi Cap Fund - Growth - Direct,96.756
2026-09-04,120185,ICICI Prudential US Bluechip Equity Fund - Direct Plan -  IDCW,90.71
2026-09-04,120186,ICICI Prudential US Bluechip Equity Fund - Direct Plan -  Growth,90.71
2026-09-04,120188,ICICI Prudential Liquid Fund - Direct Plan - Daily IDCW,100.1082
2026-09-04,120190,ICICI Prudential Liquid Fund - Direct Plan - Weekly IDCW,100.2981
2026-09-04,120191,ICICI Prudential Liquid Fund - Direct Plan -  IDCW Others,194.7903
2026-09-04,120197,ICICI Prudential Liquid Fund - Direct Plan - Growth,419.9892
2026-09-04,120209,ICICI Prudential Money Market Fund Option - Direct Plan -  Daily IDCW,100.1435
2026-09-04,120211,ICICI Prudential Money Market Fund Option - Direct Plan -  Growth,414.9898
2026-09-04,120212,ICICI Prudential Money Market Fund Option - Direct Plan -  Weekly IDCW,100.9378
2026-09-04,120216,ICICI Prudential Money Market Fund Option - Direct Plan -  IDCW Others,190.1463
2026-09-04,120242,ICICI Prudential Multi Sector Passive FOF - Direct Plan - Growth,178.4969
2026-09-04,120243,ICICI Prudential Multi Sector Passive FOF - Direct Plan -  IDCW,140.5571
2026-09-04,120244,ICICI Prudential Banking and Financial Services Fund - Direct Plan -  Growth,149.69
2026-09-04,120245,ICICI Prudential Banking and Financial Services Fund - Direct Plan -  IDCW,68.78
2026-09-04,120248,LIC MF Liquid Fund-Direct Plan-Daily IDCW,1035.2975
2026-09-04,120249,LIC MF Liquid Fund-Direct Plan-Growth,5152.0753
2026-09-04,120251,ICICI Prudential Aggressive Hybrid Fund - Direct Plan - Growth,452.29
2026-09-04,120252,ICICI Prudential Aggressive Hybrid Fund - Direct Plan - Monthly IDCW,70.38
2026-09-04,120256,ICICI Prudential Banking and PSU Debt Fund - Direct Plan - Growth,36.5404
2026-09-04,120258,ICICI Prudential Banking and PSU Debt Fund - Direct Plan -  Quarterly IDCW,13.0397
2026-09-04,120259,LIC MF ULIS (5 Yrs. Single Premium)-Direct Plan-IDCW Reinvestment,41.4138
2026-09-04,120260,LIC MF Aggressive Hybrid Fund-Direct Plan-IDCW,22.6953
2026-09-04,120261,LIC MF Aggressive Hybrid Fund-Direct Plan-Growth,233.0696
2026-09-04,120263,LIC MF Flexi Cap Fund-Direct Plan-IDCW,40.1891
2026-09-04,120264,LIC MF Flexi Cap Fund-Direct Plan-Growth,119.452
2026-09-04,120267,LIC MF Large Cap Fund-Direct Plan-Growth,61.5085
2026-09-04,120268,LIC MF Large Cap Fund-Direct Plan-IDCW,38.7318
2026-09-04,120269,LIC MF ELSS Tax Saver Fund-Direct Plan-IDCW,37.8562
2026-09-04,120270,LIC MF ELSS Tax Saver Fund-Direct Plan-Growth,171.4431
2026-09-04,120274,LIC MF Conservative Hybrid Fund-Direct Plan-Quarterly IDCW,18.8784
2026-09-04,120275,LIC MF Conservative Hybrid Fund-Direct Plan-Yearly IDCW,14.4546
2026-09-04,120276,LIC MF Conservative Hybrid Fund-Direct Plan-Growth,94.8221
2026-09-04,120277,LIC MF Conservative Hybrid Fund-Direct Plan-Monthly IDCW,13.1996
2026-09-04,120278,LIC MF Medium to Long Term Fund-Direct Plan-IDCW,19.8585
2026-09-04,120279,LIC MF Medium to Long Term Fund-Direct Plan-Growth,82.1939
2026-09-04,120282,LIC MF Gilt Fund-Direct Plan-Growth,66.7743
2026-09-04,120283,LIC MF Gilt Fund-Direct Plan-IDCW,19.2351
2026-09-04,120285,LIC MF Children's Fund-Direct Plan-Growth,38.9454
2026-09-04,120299,UTI MMF - Direct Plan - Growth Option,3372.5642
2026-09-04,120304,UTI Liquid Fund - Direct Plan - Growth Option,465.3894
2026-09-04,120307,LIC MF Nifty 50 Index Fund-Direct Plan-Growth,143.2541
2026-09-04,120308,LIC MF BSE Sensex Index Fund-Direct Plan-Growth,154.4283
2026-09-04,120309,LIC MF Nifty 50 Index Fund-Direct Plan-IDCW,52.7809
2026-09-04,120312,LIC MF BSE Sensex Index Fund-Direct Plan-IDCW,51.7718
2026-09-04,120313,ICICI Prudential Income plus Arbitrage Omni FOF - Direct Plan - Growth,72.0537
2026-09-04,120314,ICICI Prudential Income plus Arbitrage Omni FOF - Direct Plan - IDCW,55.7182
2026-09-04,120315,LIC MF Ultra Short to Short Term Fund-Direct Plan-Growth,46.2823
2026-09-04,120316,LIC MF Ultra Short to Short Term Fund-Direct Plan-Daily IDCW,10.05
2026-09-04,120317,LIC MF Ultra Short to Short Term Fund-Direct Plan-Monthly IDCW,24.1696
2026-09-04,120318,LIC MF Ultra Short to Short Term Fund-Direct Plan-Weekly IDCW,16.1204
2026-09-04,120322,ICICI Prudential Value Fund (erstwhile Value Discovery Fund) - Direct Plan - IDCW,114.22
2026-09-04,120323,ICICI Prudential Value Fund (erstwhile Value Discovery Fund) - Direct Plan - Growth,505.92
2026-09-04,120332,Invesco India Balanced Advantage Fund - Direct Plan - IDCW (Payout / Reinvestment),21.87
2026-09-04,120333,Invesco India Balanced Advantage Fund - Direct Plan - Growth,63.37
2026-09-04,120334,ICICI Prudential Multi Asset Allocation Fund - Direct Plan - Growth,904.5863
2026-09-04,120335,ICICI Prudential Multi Asset Allocation Fund - Direct Plan - IDCW,59.6746
2026-09-04,120336,LIC MF Banking & PSU Debt Fund-Direct Plan-Weekly IDCW,10.0668
2026-09-04,120337,LIC MF Banking & PSU Debt Fund-Direct Plan-Daily IDCW,14.3176
2026-09-04,120338,LIC MF Banking & PSU Debt Fund-Direct Plan-Growth,40.0849
2026-09-04,120339,LIC MF Banking & PSU Debt Fund-Direct Plan-Monthly IDCW,15.0965
2026-09-04,120348,Invesco India Contra Fund - Direct Plan - Growth,161.72
2026-09-04,120349,Invesco India Contra Fund - Direct Plan - IDCW (Payout / Reinvestment),67.34
2026-09-04,120350,LIC MF Infrastructure Fund-Direct Plan-IDCW,62.6613
2026-09-04,120351,LIC MF Infrastructure Fund-Direct Plan-Growth,63.8187
2026-09-04,120356,Invesco India Large & Mid Cap Fund - Direct Plan - IDCW (Payout / Reinvestment),56.55
2026-09-04,120357,Invesco India Large & Mid Cap Fund - Direct Plan - Growth,132.76
2026-09-04,120364,ICICI Prudential Arbitrage Fund - Direct Plan - Growth,39.5672
2026-09-04,120365,ICICI Prudential Arbitrage Fund - Direct Plan - IDCW,17.8328
2026-09-04,120376,ICICI Prudential Balanced Advantage Fund - Direct Plan -  IDCW,30.08
2026-09-04,120377,ICICI Prudential Balanced Advantage Fund - Direct Plan -  Growth,88.61
2026-09-04,120380,ICICI Prudential Mid Cap Fund - Direct Plan -  IDCW,72.58
2026-09-04,120381,ICICI Prudential Mid Cap Fund - Direct Plan -  Growth,391.79
2026-09-04,120384,Invesco India Financial Services Fund - Direct Plan - IDCW (Payout / Reinvestment),92.45
2026-09-04,120385,Invesco India Financial Services Fund - Direct Plan - Growth,179.63
2026-09-04,120388,Axis Liquid Fund - Direct Plan - Daily IDCW,1000.9560
2026-09-04,120389,Axis Liquid Fund - Direct Plan - Growth Option,3158.6705
2026-09-04,120390,Axis Liquid Fund - Direct Plan - Weekly IDCW,1003.2951
2026-09-04,120391,Axis Liquid Fund - Direct Plan - Monthly IDCW,1002.9834
2026-09-04,120392,Invesco India Large Cap Fund - Direct Plan - Growth,88.33
2026-09-04,120393,Invesco India Large Cap Fund - Direct Plan - IDCW (Payout / Reinvestment),35.85
2026-09-04,120394,Invesco India PSU Equity Fund - Direct Plan - IDCW (Payout / Reinvestment),49.58
2026-09-04,120395,Invesco India PSU Equity Fund - Direct Plan - Growth,78.22
2026-09-04,120396,ICICI Prudential Ultra Short to Short Term Fund - Direct Plan - Weekly IDCW,105.7078
2026-09-04,120397,ICICI Prudential Ultra Short to Short Term Fund - Direct Plan - Daily IDCW,105.7358
2026-09-04,120398,ICICI Prudential Ultra Short to Short Term Fund - Direct Plan - Growth,595.5872
2026-09-04,120399,ICICI Prudential Ultra Short to Short Term Fund - Direct Plan - IDCW Others,199.8405
2026-09-04,120400,Invesco India Arbitrage Fund - Direct Plan - IDCW (Payout / Reinvestment),20.197
2026-09-04,120401,Invesco India Arbitrage Fund - Direct Plan - Growth Option,37.1942
2026-09-04,120402,Invesco India Mid Cap Fund - Direct Plan - IDCW (Payout / Reinvestment),84.82
2026-09-04,120403,Invesco India Mid Cap Fund - Direct Plan - Growth Option,242.94
2026-09-04,120404,Invesco India Infrastructure Fund - Direct Plan - IDCW (Payout / Reinvestment),55.63
2026-09-04,120405,Invesco India Infrastructure Fund - Direct Plan - Growth Option,83.14
2026-09-04,120406,JM Liquid Fund (Direct) - Growth Option,77.4228
2026-09-04,120407,JM Liquid Fund (Direct) - Weekly IDCW,11.0162
2026-09-04,120408,JM Liquid Fund (Direct) - Quarterly IDCW,43.9561
2026-09-04,120411,JM Liquid Fund (Direct) - Daily IDCW,10.4302
2026-09-04,120412,Invesco India Multi Cap Fund - Direct Plan - IDCW (Payout / Reinvestment),145.93
2026-09-04,120413,Invesco India Multi Cap Fund - Direct Plan - Growth Option,161.27
2026-09-04,120416,Invesco India ELSS Tax Saver Fund - Direct Plan - Growth,153.26
2026-09-04,120417,Invesco India ELSS Tax Saver Fund - Direct Plan - IDCW Payout,33.32
2026-09-04,120423,ICICI Prudential Floating Interest Rates Fund - Direct Plan - Daily IDCW,100.1703
2026-09-04,120424,ICICI Prudential Floating Interest Rates Fund - Direct Plan - Weekly IDCW,102.4457
2026-09-04,120425,ICICI Prudential Floating Interest Rates Fund - Direct Plan - Growth,502.4116
2026-09-04,120426,ICICI Prudential Floating Interest Rates Fund - Direct Plan - IDCW Others,214.7981
2026-09-04,120430,JM Medium to Long Term Fund (Direct) - Growth Option,72.352
2026-09-04,120431,JM Medium to Long Term Fund (Direct) - Quarterly IDCW,25.566
2026-09-04,120432,JM Dynamic Term Fund (Direct) - Daily IDCW,10.0936
2026-09-04,120433,JM Dynamic Term Fund (Direct) - Weekly IDCW,10.5512
2026-09-04,120434,JM Dynamic Term Fund (Direct) - IDCW,46.8034
2026-09-04,120435,JM Dynamic Term Fund - (Direct) - Growth Option,46.5532
2026-09-04,120436,Axis Banking & PSU Debt Fund - Direct Plan - Weekly IDCW,1037.2954
2026-09-04,120437,Axis Banking & PSU Debt Fund - Direct Plan - Daily IDCW,1037.7208
2026-09-04,120438,Axis Banking & PSU Debt Fund - Direct Plan - Growth Option,2897.6663
2026-09-04,120439,Axis Banking & PSU Debt Fund - Direct Plan - Monthly IDCW,1034.6550
2026-09-04,120443,Invesco India Banking and PSU Debt Fund - Direct Plan - Daily IDCW (Reinvestment),1063.7668
2026-09-04,120444,Invesco India Banking and PSU Debt Fund - Direct Plan -  Growth Option,2585.6743
2026-09-04,120445,Invesco India Banking and PSU Debt Fund - Direct Plan - Monthly IDCW (Payout / Reinvestment),1013.2254
2026-09-04,120447,Axis Gilt Fund - Direct Plan - Growth Option,28.4659
2026-09-04,120448,Axis Gilt Fund - Direct Plan - Half Yearly IDCW,12.5926
2026-09-04,120449,Axis Gilt Fund - Direct Plan - Regular IDCW,9.9506
2026-09-04,120450,Axis Dynamic Bond Fund - Direct Plan - Half Yearly IDCW,13.2116
2026-09-04,120451,Axis Dynamic Bond Fund - Direct Plan - Growth Option,34.8039
2026-09-04,120452,Axis Dynamic Bond Fund - Direct Plan - Quarterly IDCW,11.5607
2026-09-04,120465,Axis Large Cap Fund - Direct Plan - Growth,69.66
2026-09-04,120466,Axis Large Cap Fund - Direct Plan - IDCW,25.24
2026-09-04,120467,Axis Focused Fund - Direct Plan - IDCW,33.47
2026-09-04,120468,Axis Focused Fund - Direct Plan - Growth Option,65.77
2026-09-04,120472,Axis Gold Fund - Direct Plan - IDCW,48.5112
2026-09-04,120473,Axis Gold Fund - Direct Plan - Growth option,48.4660
2026-09-04,120474,Axis Strategic Bond Fund - Direct Plan - Half Yearly IDCW,12.1283
2026-09-04,120475,Axis Strategic Bond Fund - Direct Plan - Growth Option,33.3817
2026-09-04,120476,Axis Strategic Bond Fund - Direct Plan - Quarterly IDCW,10.4912
2026-09-04,120477,Axis Conservative Hybrid Fund - Direct Plan - Annual IDCW,16.4795
2026-09-04,120478,Axis Conservative Hybrid Fund - Direct Plan - Half Yearly,13.4670
2026-09-04,120479,Axis Conservative Hybrid Fund - Direct Plan - Quarterly,12.8332
2026-09-04,120480,Axis Conservative Hybrid Fund - Direct Plan - Growth Option,36.1787
2026-09-04,120481,JM Arbitrage Fund (Direct)- IDCW,17.5655
2026-09-04,120482,JM Arbitrage Fund (Direct) - Growth Option,37.2753
2026-09-04,120483,JM Aggressive Hybrid Fund (Direct) - IDCW,77.9242
2026-09-04,120484,JM Aggressive Hybrid Fund (Direct) - Growth Option,141.3408
2026-09-04,120485,JM Value Fund (Direct) - IDCW,75.6926
2026-09-04,120486,JM Value Fund (Direct) - Growth Option,111.0938
2026-09-04,120487,JM Focused Fund (Direct) -  IDCW,23.6973
2026-09-04,120488,JM Focused Fund (Direct)  - Growth Option,24.1802
2026-09-04,120489,JM Large Cap Fund (Direct) - IDCW,71.9479
2026-09-04,120490,JM Large Cap Fund (Direct) - Growth Option,179.2029
2026-09-04,120491,JM Flexi Cap Fund (Direct) - IDCW,104.6481
2026-09-04,120492,JM Flexi Cap Fund (Direct) - Growth Option,115.1307
2026-09-04,120493,JM ELSS - Tax Saver Fund (Direct) - IDCW,59.7041
2026-09-04,120494,JM ELSS - Tax Saver Fund (Direct) - Growth Option,61.2133
2026-09-04,120496,Invesco India Corporate Bond Fund - Direct Plan - Monthly IDCW (Payout / Reinvestment),1257.4259
2026-09-04,120497,Invesco India Corporate Bond Fund - Direct Plan - Growth,3625.6491
2026-09-04,120499,Invesco India Corporate Bond Fund - Direct Plan - Discretionary IDCW (Payout / Reinvestment),3626.8063
2026-09-04,120500,Invesco India Corporate Bond Fund - Direct Plan - Annual IDCW (Payout / Reinvestment),1245.5435
2026-09-04,120501,Invesco India Corporate Bond Fund - Direct Plan - Quarterly IDCW (Payout / Reinvestment),1175.5143
2026-09-04,120502,Axis ELSS Tax Saver Fund - Direct Plan - IDCW,51.6409
2026-09-04,120503,Axis ELSS Tax Saver Fund - Direct Plan - Growth Option,111.6067
2026-09-04,120504,Axis Midcap Fund - Direct Plan - IDCW,55.86
2026-09-04,120505,Axis Midcap Fund - Direct Plan - Growth,144.13
2026-09-04,120506,Invesco India Money Market Fund - Direct Plan - Daily IDCW (Reinvestment),1012.2021
2026-09-04,120507,Invesco India Money Market Fund - Direct Plan - Growth,3402.0269
2026-09-04,120508,Invesco India Money Market Fund - Direct Plan - Discretionary IDCW (Payout / Reinvestment),3047.7061
2026-09-04,120509,Invesco India Money Market Fund - Direct Plan - Monthly IDCW (Payout / Reinvestment),1240.6712
2026-09-04,120510,Axis Short Duration Fund - Direct Plan - Growth Option,36.3084
2026-09-04,120511,Axis Short Duration Fund - Direct Plan - Monthly IDCW,10.0334
2026-09-04,120512,Axis Short Duration Fund - Direct Plan - Weekly IDCW,10.2529
2026-09-04,120513,Axis Treasury Advantage Fund - Direct Plan - Growth Option,3502.1044
2026-09-04,120514,Axis Treasury Advantage Fund - Direct Plan - Weekly IDCW,1014.0085
2026-09-04,120515,Axis Treasury Advantage Fund - Direct Plan - Daily IDCW,1012.4737
2026-09-04,120516,Axis Treasury Advantage Fund - Direct Plan - Monthly IDCW,1012.8468
2026-09-04,120517,Aditya Birla Sun Life Aggressive Hybrid Fund - Direct Plan-Growth,1753.49
2026-09-04,120518,Aditya Birla Sun Life Aggressive Hybrid Fund -DIRECT - IDCW,293.16
2026-09-04,120519,Invesco India Gilt Fund - Direct Plan - Annual IDCW (Payout / Reinvestment),1210.5317
2026-09-04,120520,Invesco India Gilt Fund - Direct  Plan - Growth,3232.4873
2026-09-04,120521,Invesco India Gilt Fund - Direct Plan - Monthly IDCW (Reinvestment),2522.4313
2026-09-04,120522,Invesco India Gilt Fund - Direct Plan - Quarterly IDCW (Payout / Reinvestment),1120.1781
2026-09-04,120523,Axis Multi Asset Allocation Fund - Direct Plan - Monthly IDCW,27.6857
2026-09-04,120524,Axis Multi Asset Allocation Fund - Direct Plan - Growth Option,53.4322
2026-09-04,120530,Invesco India Gold ETF Fund of Fund - Direct Plan - IDCW (Payout / Reinvestment),44.6235
2026-09-04,120531,Invesco India Gold ETF Fund of Fund - Direct Plan - Growth,44.6919
2026-09-04,120534,Invesco India Liquid Fund - Direct Plan- Daily IDCW (Reinvestment),1005.8604
2026-09-04,120535,Invesco India Liquid Fund - Direct Plan - Weekly IDCW (Reinvestment),1073.6349
2026-09-04,120536,Invesco India Liquid Fund - Direct Plan - Monthly IDCW (Payout / Reinvestment),1083.9486
2026-09-04,120537,Invesco India Liquid Fund - Direct Plan - Growth,3895.3875
2026-09-04,120538,Aditya Birla Sun Life Digital India Fund -DIRECT - IDCW,50.78
2026-09-04,120539,Aditya Birla Sun Life Digital India Fund - Growth - Direct Plan,182.08
2026-09-04,120541,Invesco India Ultra Short Term Fund - Direct Plan - Growth,3112.7696
2026-09-04,120542,Invesco India Ultra Short Term Fund - Direct Plan - Monthly IDCW (Payout / Reinvestment),1354.1928
2026-09-04,120543,Invesco India Ultra Short Term Fund - Direct Plan - Annual IDCW (Payout / Reinvestment),2216.5077
2026-09-04,120544,Invesco India Ultra Short Term Fund - Direct Plan - Quarterly IDCW (Payout / Reinvestment),1045.3731
2026-09-04,120545,Aditya Birla Sun Life Gold Fund-DIRECT - IDCW,46.3750
2026-09-04,120546,Aditya Birla Sun Life Gold Fund - Growth - Direct Plan,46.3766
2026-09-04,120550,Aditya Birla Sun Life Conservative Hybrid Fund - DIRECT - MONTHLY IDCW,27.1042
2026-09-04,120558,UTI Liquid Fund - Direct Plan - Daily IDCW (Reinvestment),106.5304
2026-09-04,120559,Invesco India Short Term Fund - Direct Plan - Daily IDCW (Reinvestment),1021.9993
2026-09-04,120560,Invesco India Short Term Fund - Direct Plan - Growth,4203.2332
2026-09-04,120561,Invesco India Short Term Fund - Direct Plan - Monthly IDCW (Payout / Reinvestment),2765.8789
2026-09-04,120562,Invesco India Short Term Fund - Direct Plan -Weekly IDCW (Reinvestment),1021.2408
2026-09-04,120563,Invesco India Short Term Fund - Direct Plan -Discretionary IDCW (Payout / Reinvestment),2965.3798
2026-09-04,120564,Aditya Birla Sun Life Flexi Cap Fund - Growth - Direct Plan,2213.85
2026-09-04,120565,Aditya Birla Sun Life Flexi Cap Fund -DIRECT - IDCW,241.04
2026-09-04,120566,Invesco India Ultra Short to Short Term Fund - Direct Plan -Daily IDCW (Reinvestment),1018.9655
2026-09-04,120567,Invesco India Ultra Short to Short Term Fund - Direct Plan - Discretionary IDCW (Payout / Reinvestment),4242.3955
2026-09-04,120568,Invesco India Ultra Short to Short Term Fund - Direct Plan - Weekly IDCW (Payout / Reinvestment),1208.5864
2026-09-04,120570,Invesco India Ultra Short to Short Term Fund - Direct Plan - Growth,4240.4866
2026-09-04,120571,Invesco India Ultra Short to Short Term Fund - Direct Plan - Monthly IDCW (Payout / Reinvestment),1087.9255
2026-09-04,120575,SBI CONSUMPTION OPPORTUNITIES FUND - DIRECT PLAN - GROWTH,322.5716
2026-09-04,120576,SBI CONSUMPTION OPPORTUNITIES FUND - REGULAR - GROWTH,279.4490
2026-09-04,120577,SBI TECHNOLOGY OPPORTUNITIES FUND - REGULAR PLAN - GROWTH,202.7128
2026-09-04,120578,SBI TECHNOLOGY OPPORTUNITIES FUND - DIRECT PLAN - GROWTH,233.4647
2026-09-04,120579,ICICI Prudential Children's Fund - Direct Plan,364.74
2026-09-04,120585,ICICI Prudential Large Cap Fund (erstwhile Bluechip Fund)  - Direct Plan - IDCW,60.16
2026-09-04,120586,ICICI Prudential Large Cap Fund (erstwhile Bluechip Fund) - Direct Plan - Growth,118.90
2026-09-04,120587,ICICI Prudential FMCG Fund - Direct Plan -  Growth,439.52
2026-09-04,120588,ICICI Prudential FMCG Fund - Direct Plan -  IDCW,144.30
2026-09-04,120589,ICICI Prudential Gilt Fund - Direct Plan - IDCW,18.6709
2026-09-04,120590,ICICI Prudential Gilt Fund - Direct Plan - Growth,116.9978
2026-09-04,120591,ICICI Prudential Small Cap Fund - Direct Plan - Growth,104.44
2026-09-04,120592,ICICI Prudential ELSS - Tax Saver Fund - Direct Plan - Growth,1044.60
2026-09-04,120593,ICICI Prudential ELSS - Tax Saver Fund - Direct Plan - IDCW,44.86
2026-09-04,120594,ICICI Prudential Technology Fund - Direct Plan -  Growth,204.94
2026-09-04,120595,ICICI Prudential Technology Fund - Direct Plan -  IDCW,119.07
2026-09-04,120596,ICICI Prudential Large & Mid Cap Fund - Direct Plan - Growth,1178.57
2026-09-04,120597,ICICI Prudential Large & Mid Cap Fund - Direct Plan - IDCW,55.06
2026-09-04,120598,ICICI Prudential Multi Cap Fund - Direct Plan -  IDCW,65.15
2026-09-04,120599,ICICI Prudential Multi Cap Fund - Direct Plan -  Growth,974.60
2026-09-04,120600,ICICI Prudential Dynamic Term Fund - Direct Plan - IDCW,27.6680
2026-09-04,120601,ICICI Prudential Dynamic Term Fund - Direct Plan - Annual IDCW,11.5731
2026-09-04,120602,ICICI Prudential Dynamic Term Fund - Direct Plan - Quarterly IDCW,12.2769
2026-09-04,120603,ICICI Prudential Dynamic Term Fund - Direct Plan - Growth,42.6363
2026-09-04,120604,ICICI Prudential Dynamic Term Fund - Direct Plan - Weekly IDCW,10.5096
2026-09-04,120613,ICICI Prudential Conservative Hybrid Fund - Direct Plan - Half Yearly IDCW,16.8862
2026-09-04,120614,ICICI Prudential Conservative Hybrid Fund - Direct Plan - Quarterly IDCW,15.0780
2026-09-04,120615,ICICI Prudential Conservative Hybrid Fund - Direct Plan - Monthly IDCW,16.2277
2026-09-04,120616,ICICI Prudential Conservative Hybrid Fund - Direct Plan - Growth,87.7814
2026-09-04,120617,ICICI Prudential Medium to Long Term Fund - Direct Plan - IDCW Monthly,11.5155
2026-09-04,120618,ICICI Prudential Medium to Long Term Fund - Direct Plan - IDCW Quarterly,11.8878
2026-09-04,120619,ICICI Prudential Medium to Long Term Fund - Direct Plan - Growth,44.9765
2026-09-04,120620,ICICI Prudential Nifty 50 Index Fund - Direct Plan Cumulative Option,252.9995
2026-09-04,120621,ICICI Prudential Infrastructure Fund - Direct Plan -  Growth,223.82
2026-09-04,120622,ICICI Prudential Infrastructure Fund - Direct Plan -  IDCW,48.90
2026-09-04,120656,UTI Large Cap Fund - Direct Plan - Growth Option,293.5398
2026-09-04,120657,UTI Large Cap Fund - Direct Plan - IDCW,62.3897
2026-09-04,120662,UTI - Flexi Cap Fund-Growth Option - Direct,353.8315
2026-09-04,120663,UTI Flexi Cap Fund - Direct Plan - IDCW,235.4692
2026-09-04,120664,UTI Large & Mid Cap Fund - Direct Plan - IDCW,98.6036
2026-09-04,120665,UTI Large & Mid Cap Fund - Direct Plan - Growth Option,200.6548
2026-09-04,120670,ICICI Prudential Medium Term Fund - Direct Plan - Growth,53.8203
2026-09-04,120671,ICICI Prudential Medium Term Fund - Direct Plan - Quarterly IDCW,11.6744
2026-09-04,120673,UTI Aggressive Hybrid Fund - Direct Plan - IDCW,45.3133
2026-09-04,120674,UTI Aggressive Hybrid Fund -Direct Plan - Growth,440.5081
2026-09-04,120675,ICICI Prudential Ultra Short Term Fund - Direct Plan -  Quarterly IDCW,11.3498
2026-09-04,120676,ICICI Prudential Ultra Short Term Fund - Direct Plan -  Growth,32.4007
2026-09-04,120677,ICICI Prudential Ultra Short Term Fund - Direct Plan -  Monthly IDCW,10.8009
2026-09-04,120679,ICICI Prudential Dynamic Asset Allocation Active FOF - Direct Plan - Growth,139.7264
2026-09-04,120680,ICICI Prudential Dynamic Asset Allocation Active FOF - Direct Plan - IDCW,109.5729
2026-09-04,120681,UTI MNC Fund - Direct Plan - IDCW,233.9852
2026-09-04,120682,UTI - MNC Fund - Growth Option - Direct,451.0708
2026-09-04,120683,ICICI Prudential Nifty Next 50 Index Fund - Direct Plan -  IDCW,67.8208
2026-09-04,120684,ICICI Prudential Nifty Next 50 Index Fund - Direct Plan -  Growth,67.8462
2026-09-04,120685,ICICI Prudential Gold ETF FOF - Direct Plan - Growth,49.1878
2026-09-04,120686,ICICI Prudential Gold ETF FOF - Direct Plan - IDCW,49.1924
2026-09-04,120687,ICICI Prudential Exports & Services Fund - Direct Plan - IDCW,80.27
2026-09-04,120688,ICICI Prudential Exports & Services Fund - Direct Plan - Growth,188.72
2026-09-04,120689,UTI Medium to Long Term Fund-Growth - Direct,83.4317
2026-09-04,120690,UTI Medium to Long Term Fund - Direct Plan - Discontinued Quarterly IDCW,26.3297
2026-09-04,120692,ICICI Prudential Corporate Bond Fund - Direct Plan - Growth,33.5874
2026-09-04,120694,ICICI Prudential Corporate Bond Fund - Direct Plan - Quarterly IDCW,15.5587
2026-09-04,120697,ICICI Prudential Corporate Bond Fund - Direct Plan - Monthly IDCW,10.2453
2026-09-04,120700,ICICI Prudential Aggressive Hybrid Active FOF - Direct Plan - Growth,245.9163
2026-09-04,120702,ICICI Prudential Diversified Debt Strategy Active FOF  - Direct Plan - Growth,49.9546
2026-09-04,120703,ICICI Prudential Diversified Debt Strategy Active FOF - Direct Plan -  IDCW,43.9797
2026-09-04,120705,Aditya Birla Sun Life Conservative Hybrid Fund - Growth / Payment - Direct Plan,79.4457
2026-09-04,120709,ICICI Prudential Credit Risk Fund - Direct Plan - Quarterly IDCW,12.1602
2026-09-04,120711,ICICI Prudential Credit Risk Fund - Direct Plan - Growth,38.7213
2026-09-04,120714,UTI ELSS Tax Saver Fund - Direct Plan - IDCW,53.6011
2026-09-04,120715,UTI ELSS Tax Saver Fund - Direct Plan - Growth Option,227.4478
2026-09-04,120716,UTI Nifty 50 Index Fund - Growth Option- Direct,168.3146
2026-09-04,120717,UTI Nifty 50 Index Fund - Direct Plan - IDCW,84.7993
2026-09-04,120718,UTI Short Term Fund - Direct Plan - Growth Option,36.1015
2026-09-04,120719,UTI Short Term Fund - Direct Plan - Discontinued Quarterly IDCW,20.4127
2026-09-04,120722,ICICI Prudential Focused Fund - Direct Plan - Growth,109.74
2026-09-04,120723,ICICI Prudential Focused Fund - Direct Plan - IDCW,63.89
2026-09-04,120724,UTI Children's Equity Fund - Direct Plan - Growth Option,90.7019
2026-09-04,120725,UTI Children's Equity Fund - Direct Plan - IDCW,90.8586
2026-09-04,120726,UTI Mid Cap Fund-Growth Option- Direct,359.5104
2026-09-04,120727,UTI Mid Cap Fund - Direct Plan - IDCW,176.9161
2026-09-04,120728,UTI Infrastructure Fund-Growth Option- Direct,152.3978
2026-09-04,120729,UTI Infrastructure Fund - Direct Plan - IDCW,79.7503
2026-09-04,120730,UTI Transportation and Logistics Fund - Direct Plan - IDCW,159.5225
2026-09-04,120731,UTI-Transportation and Logistics  Fund-Growth Option- Direct,344.9148
2026-09-04,120732,UTI Banking and Financial Services Fund - Direct Plan - IDCW,88.6065
2026-09-04,120733,UTI Banking and Financial Services Fund - Direct Plan - Growth Option,226.3935
2026-09-04,120734,UTI Ultra Short to Short Term Fund - Direct Plan - Quarterly IDCW,2082.704
2026-09-04,120735,UTI Ultra Short to Short Term Fund - Direct Plan - Growth Option,3884.4076
2026-09-04,120736,UTI Ultra Short to Short Term Fund - Direct Plan - Monthly IDCW,1516.5844
2026-09-04,120737,UTI Ultra Short to Short Term Fund - Direct Plan - Daily IDCW (Reinvestment),1483.0499
2026-09-04,120739,UTI Ultra Short to Short Term Fund - Direct Plan - Weekly IDCW,1023.345
2026-09-04,120743,ICICI Prudential Long Term Fund - Direct Plan - Growth,101.2118
2026-09-04,120744,UTI Ultra Short Term Fund - Direct Plan - Daily IDCW (Reinvestment),1634.543
2026-09-04,120745,UTI Ultra Short Term Fund - Direct Plan - Weekly IDCW (Reinvestment),1084.698
2026-09-04,120746,UTI Ultra Short Term Fund - Direct Plan - Growth Option,4913.21
2026-09-04,120747,ICICI Prudential Long Term Fund - Direct Plan - Quarterly IDCW,12.7603
2026-09-04,120749,UTI-Dividend Yield Fund.-Growth-Direct,190.7569
2026-09-04,120750,UTI Dividend Yield Fund - Direct Plan - IDCW,40.0391
2026-09-04,120751,UTI Value Fund - Direct Plan - Growth Option,182.5723
2026-09-04,120752,UTI Value Fund - Direct Plan - IDCW,59.5434
2026-09-04,120754,ICICI Prudential Short Term Fund - Direct Plan - Growth Option,70.8321
2026-09-04,120755,ICICI Prudential Short Term Fund - Direct Plan - Monthly IDCW,12.7063
2026-09-04,120760,UTI Multi Asset Allocation Fund - Direct Plan - Growth Option,88.8823
2026-09-04,120761,UTI Multi Asset Allocation Fund - Direct Plan - IDCW,34.8881
2026-09-04,120762,UTI Dynamic Term Fund - Direct Plan - Growth Option,35.5938
2026-09-04,120763,UTI Dynamic Term Fund - Direct Plan - Discontinued Quarterly IDCW,27.3909
2026-09-04,120764,UTI Credit Risk Fund - Direct Plan - Growth Option,20.9007
2026-09-04,120765,UTI Credit Risk Fund - Direct Plan - Discontinued Quarterly IDCW,14.7486
2026-09-04,120766,UTI Retirement Fund- Direct Plan,54.9835
2026-09-04,120771,UTI Children's Hybrid Fund - Direct Plan,41.4837
2026-09-04,120772,UTI Money Market Fund - Direct Plan - Daily IDCW (Reinvestment),1030.8658
2026-09-04,120777,UTI Liquid Fund - Direct Plan - Weekly IDCW,105.9192
2026-09-04,120778,UTI Conservative Hybrid Fund - Direct Plan - Monthly IDCW,19.159
2026-09-04,120779,UTI Conservative Hybrid Fund - Direct Plan - Growth Option,77.1415
2026-09-04,120780,UTI India Consumer Fund - Direct Plan - Growth Option,62.9947
2026-09-04,120781,UTI India Consumer Fund - Direct Plan - IDCW,55.3022
2026-09-04,120782,UTI Healthcare Fund - Direct Plan - Growth Option,390.8008
2026-09-04,120783,UTI Healthcare Fund - Direct Plan - IDCW,302.0605
2026-09-04,120784,UTI - Unit Linked Insurance Plan- Direct,46.9962
2026-09-04,120785,UTI - Overnight Fund - Direct Plan - Growth Option,3768.3685
2026-09-04,120786,UTI Overnight Fund - Direct Plan - Periodic IDCW,1977.6923
2026-09-04,120789,UTI Conservative Hybrid Fund - Direct Plan - Flexi IDCW,50.1121
2026-09-04,120790,UTI Conservative Hybrid Fund - Direct Plan - Monthly Payment Option,75.8842
2026-09-04,120791,UTI Gilt Fund - Direct Plan - IDCW,31.5465
2026-09-04,120792,UTI - GILT FUND - Direct Plan - Growth Option,68.1665
2026-09-04,120793,UTI Money Market Fund - Direct Plan - Weekly IDCW,1133.3722
2026-09-04,120794,UTI Liquid Fund - Direct Plan - Monthly IDCW,104.4518
2026-09-04,120795,UTI Arbitrage Fund - Direct Plan - Growth Option,40.1084
2026-09-04,120796,UTI Arbitrage Fund - Direct Plan - IDCW,23.3619
2026-09-04,120818,quant Aggressive Hybrid Fund-IDCW Option-Direct Plan,70.9835
2026-09-04,120819,quant Aggressive Hybrid Fund-Growth Option-Direct Plan,512.5051
2026-09-04,120820,quant Multi Asset Allocation Fund - IDCW Option - Direct Plan,167.4319
2026-09-04,120821,quant Multi Asset Allocation Fund-GROWTH OPTION-Direct Plan,181.6771
2026-09-04,120822,quant Multi Cap Fund-IDCW Option - Direct Plan,84.4745
2026-09-04,120823,quant Multi Cap Fund-GROWTH OPTION-Direct Plan,729.4308
2026-09-04,120825,quant Large & Mid Cap Fund - IDCW Option - Direct Plan,64.1951
2026-09-04,120826,quant Large & Mid Cap Fund - Growth Option-Direct Plan,137.8699
2026-09-04,120827,quant Small Cap Fund - IDCW Option - Direct Plan,252.2023
2026-09-04,120828,quant Small Cap Fund - Growth Option - Direct Plan,322.6375
2026-09-04,120832,quant Infrastructure Fund - IDCW Option - Direct Plan,46.5377
2026-09-04,120833,quant Infrastructure Fund - Growth Option-Direct Plan,46.5753
2026-09-04,120834,quant Focused Fund - Growth Option-Direct Plan,104.7996
2026-09-04,120835,quant Focused Fund - IDCW Option - Direct Plan,61.2621
2026-09-04,120836,quant Liquid Fund-Daily IDCW Option - Direct Plan,13.1643
2026-09-04,120837,quant Liquid Fund - Growth Option - Direct Plan,45.443
2026-09-04,120838,quant Liquid Fund - Monthly IDCW Option - Direct Plan,15.7901
2026-09-04,120839,quant Liquid Fund - Weekly IDCW Option - Direct Plan,14.7154
2026-09-04,120840,quant Mid Cap Fund - IDCW Option - Direct Plan,87.7894
2026-09-04,120841,quant Mid Cap Fund - Growth Option - Direct Plan,249.9414
2026-09-04,120842,quant Flexi Cap Fund - IDCW Option - Direct Plan,82.3
2026-09-04,120843,quant Flexi Cap Fund - Growth Option-Direct Plan,121.0752
2026-09-04,120846,quant ELSS Tax Saver Fund - IDCW Option - Direct Plan,61.6988
2026-09-04,120847,quant ELSS Tax Saver Fund - Growth Option - Direct Plan,462.8417
2026-09-04,120870,ICICI Prudential Small Cap Fund - Direct Plan - IDCW,72.27
2026-09-04,121109,SBI BSE SENSEX ETF,853.7365
2026-09-04,121146,Nippon India ETF Nifty 100,265.7428
2026-09-04,121279,Bandhan Banking and PSU Debt Fund - Direct Growth,27.1430
2026-09-04,121280,Bandhan Banking and PSU Debt Fund - Regular Growth,26.2806
2026-09-04,121281,Bandhan Banking and PSU Debt Fund - Direct IDCW,14.2778
2026-09-04,121282,Bandhan Banking and PSU Debt Fund - Regular IDCW,14.1914
2026-09-04,121366,ICICI Prudential Nifty 50 ETF,271.1854
2026-09-04,121891,UTI Ultra Short Term Fund - Regular Plan - Flexi IDCW,1754.9656
2026-09-04,121892,UTI Ultra Short Term Fund - Direct Plan - Flexi IDCW,2383.7678
2026-09-04,121931,Bandhan Banking and PSU Debt Fund - Regular Fortnightly IDCW,10.6181
2026-09-04,121932,Bandhan Banking and PSU Debt Fund - Regular Monthly IDCW,10.6950
2026-09-04,121933,Bandhan Banking and PSU Debt Fund - Regular Annual IDCW,11.4231
2026-09-04,121934,Bandhan Banking and PSU Debt Fund - Direct Fortnightly IDCW,10.4649
2026-09-04,121935,Bandhan Banking and PSU Debt Fund - Direct Monthly IDCW,10.4509
2026-09-04,121936,Bandhan Banking and PSU Debt Fund - Direct Annual IDCW,12.4258
2026-09-04,121937,Bandhan Banking and PSU Debt Fund - Regular Quarterly IDCW,10.9681
2026-09-04,121938,Bandhan Banking and PSU Debt Fund - Direct Quarterly IDCW,11.0788
2026-09-04,121940,SBI Medium to Long Term Fund - Direct Plan - Quarterly Income Distribution cum Capital Withdrawal Option (IDCW),23.3459
2026-09-04,121944,SBI Medium to Long Term Fund - Regular Plan - Quarterly Income Distribution cum Capital Withdrawal Option (IDCW),20.8039
2026-09-04,122168,ICICI Prudential Balanced Advantage Fund - Monthly IDCW,22.71
2026-09-04,122236,ICICI Prudential Balanced Advantage Fund - Direct Plan - Monthly IDCW,27.46
2026-09-04,122387,Motilal Oswal Focused Fund - Regular Plan Growth Option,53.3953
2026-09-04,122388,Motilal Oswal Focused Fund Regular - IDCW Payout/Reinvestment,22.0446
2026-09-04,122389,Motilal Oswal Focused Fund - Direct Plan Growth Option,63.2153
2026-09-04,122390,Motilal Oswal Focused Fund Direct - IDCW Payout/Reinvestment,25.9858
2026-09-04,122443,Franklin India Money Market Fund Retail Option - Daily - IDCW,10.0653
2026-09-04,122444,Franklin India Money Market Fund Retail Option - Direct - Daily - IDCW,10.0692
2026-09-04,122531,ICICI Prudential Ultra Short to Short Term Fund - Monthly IDCW,101.8346
2026-09-04,122612,360 ONE Dynamic Term Fund - Regular Plan - Growth Option,24.2043
2026-09-04,122618,BANDHAN Dynamic Term Fund-Direct Plan-Half Yearly IDCW,11.4343
2026-09-04,122639,Parag Parikh Flexi Cap Fund - Direct Plan - Growth,90.5289
2026-09-04,122640,Parag Parikh Flexi Cap Fund - Regular Plan - Growth,82.4833
2026-09-04,122643,Aditya Birla Sun Life Floating Interest Rate Fund-Regular - DAILY IDCW,100.1468
2026-09-04,122644,Aditya Birla Sun Life Floating Interest Rate Fund-Regular Plan-Growth,374.0706
2026-09-04,122645,Aditya Birla Sun Life Floating Interest Rate Fund-Direct - daily IDCW,100.1468
2026-09-04,122646,Aditya Birla Sun Life Floating Interest Rate Fund-Direct Plan-Growth,385.3358
2026-09-04,122647,Aditya Birla Sun Life Floating Interest Rate Fund-REGULAR - WEEKLY IDCW,100.9539
2026-09-04,122648,Aditya Birla Sun Life Floating Interest Rate Fund-Direct - weekly IDCW,101.0367
2026-09-04,122651,ICICI Prudential Ultra Short to Short Term Fund - Direct Plan - Monthly IDCW,101.8362
2026-09-04,122711,360 ONE Dynamic Term Fund Regular Plan Bonus,24.2042
2026-09-04,122712,360 ONE Dynamic Term Fund Regular Plan Quarterly Dividend,23.3573
2026-09-04,122715,360 ONE Dynamic Term Fund Direct Plan Growth,25.6111
2026-09-04,122717,360 ONE Dynamic Term Fund Direct Plan Quarterly Dividend,23.6296
2026-09-04,122719,360 ONE Dynamic Term Fund Regular Plan Monthly Dividend,13.0847
2026-09-04,122720,360 ONE Dynamic Term Fund Regular Plan Half Yearly Dividend,23.3571
2026-09-04,122721,360 ONE Dynamic Term Fund Direct Plan Monthly Dividend,14.2107
2026-09-04,122748,ICICI Prudential Ultra Short to Short Term Fund - Fortnightly IDCW,101.8995
2026-09-04,122765,NIPPON INDIA AGGRESSIVE HYBRID FUND - QUARTERLY IDCW Option,22.6609
2026-09-04,122766,NIPPON INDIA AGGRESSIVE HYBRID FUND - DIRECT Plan - QUARTERLY IDCW Option,25.2149
2026-09-04,122868,BANDHAN Dynamic Term Fund - Regular Plan B - Half Yearly IDCW,11.1809
2026-09-04,122904,ICICI Prudential Ultra Short to Short Term Fund - Direct Plan - Fortnightly IDCW,101.9021
2026-09-04,122982,ICICI Prudential Ultra Short to Short Term Fund - Direct Plan - Quarterly IDCW,111.7248
2026-09-04,122995,ICICI Prudential Ultra Short to Short Term Fund - Quarterly IDCW,111.4138
2026-09-04,123004,ICICI Prudential Nifty 100 ETF,27.9533
2026-09-04,123287,DSP Money Market Fund - Regular Plan - IDCW - Daily,10.1021
2026-09-04,123288,DSP Money Market Fund - Direct Plan -  IDCW - Daily,10.1527
2026-09-04,123646,UTI Annual Interval Fund - I - Direct Plan - Growth Option,36.9448
2026-09-04,123651,ICICI Prudential Global Stable Equity Fund (FOF) - Growth,33.89
2026-09-04,123652,ICICI Prudential Global Stable Equity Fund (FOF) - Direct - IDCW,36.86
2026-09-04,123653,ICICI Prudential Global Stable Equity Fund (FOF) - IDCW,33.9
2026-09-04,123654,ICICI Prudential Global Stable Equity Fund (FOF) - Direct - Growth,36.86
2026-09-04,123663,UTI Annual Interval Fund - I - Direct Plan - Dividend Option,11.4797
2026-09-04,123690,Kotak Banking and PSU Debt - Growth,69.6175
2026-09-04,123691,Kotak Banking and PSU Debt - Monthly Payout of Income Distribution cum capital withdrawal option,13.0797
2026-09-04,123692,Kotak Banking and PSU Debt Direct - Monthly Payout of Income Distribution cum capital withdrawal option,10.231
2026-09-04,123693,Kotak Banking and PSU Debt Direct - Growth,72.8364
2026-09-04,123704,Groww Short Term Fund (formerly known as Indiabulls Short Term Fund) - Direct Plan - Growth Option,2562.2313
2026-09-04,123705,Groww Short Term Fund (formerly known as Indiabulls Short Term Fund)- Direct Plan- Weekly - Income Distribution cum capital withdrawal Option (Payout & Reinvestment),1021.0043
2026-09-04,123706,Groww Short Term Fund (formerly known as Indiabulls Short Term Fund)- Direct Plan- Fortnightly - Income Distribution cum capital withdrawal Option (Payout & Reinvestment),1020.5904
2026-09-04,123707,Groww Short Term Fund (formerly known as Indiabulls Short Term Fund)- Direct Plan- Monthly - Income Distribution cum capital withdrawal Option (Payout & Reinvestment),1020.9552
2026-09-04,123708,Groww Short Term Fund (formerly known as Indiabulls Short Term Fund )- Regular Plan - Growth Option,2212.9341
2026-09-04,123709,Groww Short Term Fund (formerly known as Indiabulls Short Term Fund)- Regular Plan- Weekly - Income Distribution cum capital withdrawal Option (Payout & Reinvestment),1020.6214
2026-09-04,123710,Groww Short Term Fund (formerly known as Indiabulls Short Term Fund)- Regular Plan- Fortnightly - Income Distribution cum capital withdrawal Option (Payout & Reinvestment),1020.0557
2026-09-04,123711,Groww Short Term Fund (formerly known as Indiabulls Short Term Fund)- Regular Plan- Monthly - Income Distribution cum capital withdrawal Option (Payout & Reinvestment),1027.1183
2026-09-04,124172,DSP Banking and PSU Debt Fund - Regular Plan - Growth,25.3732
2026-09-04,124173,DSP Banking and PSU Debt Fund - Regular Plan - IDCW - Daily Reinvest,10.1498
2026-09-04,124174,DSP Banking and PSU Debt Fund - Regular Plan - IDCW,10.6208
2026-09-04,124175,DSP Banking and PSU Debt Fund - Direct Plan - Growth,26.3563
2026-09-04,124176,DSP Banking and PSU Debt Fund - Direct Plan - IDCW - Monthly,10.4225
2026-09-04,124177,DSP Banking and PSU Debt Fund - Direct Plan - IDCW - Quarterly,10.4738
2026-09-04,124178,DSP Banking and PSU Debt Fund - Direct Plan - IDCW,10.6368
2026-09-04,124179,DSP Banking and PSU Debt Fund - Regular Plan - IDCW - Weekly,10.1491
2026-09-04,124180,DSP Banking and PSU Debt Fund - Regular Plan - IDCW - Monthly,10.4074
2026-09-04,124181,DSP Banking and PSU Debt Fund - Regular Plan - IDCW - Quarterly,10.4596
2026-09-04,124182,DSP Banking and PSU Debt Fund - Direct Plan - IDCW - Daily Reinvest,10.1515
2026-09-04,124183,DSP Banking and PSU Debt Fund - Direct Plan - IDCW - Weekly,10.1509
2026-09-04,124233,Motilal Oswal Ultra Short Term Fund (MOFUSTF)-Regular Plan- Growth,17.5200
2026-09-04,124234,Motilal Oswal Ultra Short Term Fund (MOFUSTF) -Direct Plan- Growth,18.7364
2026-09-04,124265,UTI Overnight Fund - Regular Plan - Daily IDCW,1370.8617
2026-09-04,124266,UTI Overnight Fund - Direct Plan - Daily IDCW,1371.6621
2026-09-04,124303,Motilal Oswal Ultra Short Term Fund Regular - IDCW Daily Reinvestment,11.4495
2026-09-04,124305,Motilal Oswal Ultra Short Term Fund Regular - IDCW Quarterly Payout/Reinvestment,11.9465
2026-09-04,124306,Motilal Oswal Ultra Short Term Fund Direct - IDCW Weekly Reinvestment,11.7226
2026-09-04,124308,Motilal Oswal Ultra Short Term Fund Direct Plan - IDCW Monthly Payout/Reinvestment,11.7609
2026-09-04,124310,Motilal Oswal Ultra Short Term Fund Regular - IDCW Weekly Reinvestment,11.4597
2026-09-04,124311,Motilal Oswal Ultra Short Term Fund Direct - IDCW Fortnightly Reinvestment,11.8135
2026-09-04,124312,Motilal Oswal Ultra Short Term Fund Direct - IDCW Quarterly Payout/Reinvestment,12.3257
2026-09-04,124313,Motilal Oswal Ultra Short Term Fund Regular - IDCW Fortnightly Reinvestment,11.5161
2026-09-04,124315,Motilal Oswal Ultra Short Term Fund Regular - IDCW Monthly Payout/Reinvestment,11.4875
2026-09-04,124316,Motilal Oswal Ultra Short Term Fund Direct - IDCW Daily Reinvestment,11.7326
2026-09-04,124589,NIPPON INDIA FLOATING INTEREST RATES  FUND - IDCW Option,21.8078
2026-09-04,124590,NIPPON INDIA FLOATING INTEREST RATES  FUND - DIRECT Plan - IDCW Option,22.7521
2026-09-04,124832,Aditya Birla Sun Life Corporate Bond Fund -DIRECT - IDCW,10.6663
2026-09-04,124833,Aditya Birla Sun Life Corporate Bond Fund -REGULAR - IDCW,11.9532
2026-09-04,124962,UTI Short Term Fund - Direct Plan - Discontinued Flexi IDCW,19.9402
2026-09-04,125045,UTI Short Term Fund - Regular Plan - Discontinued Flexi IDCW,19.2721
2026-09-04,125259,360 ONE LIQUID FUND REGULAR PLAN  GROWTH,2155.9483
2026-09-04,125264,NIPPON INDIA ULTRA SHORT TO SHORT TERM FUND - DIRECT Plan - IDCW Option,2268.3414
2026-09-04,125265,NIPPON INDIA ULTRA SHORT TO SHORT TERM FUND - IDCW Option,2135.0802
2026-09-04,125266,NIPPON INDIA CORPORATE BOND FUND - DIRECT Plan - IDCW Option,21.3374
2026-09-04,125267,NIPPON INDIA CORPORATE BOND FUND - IDCW Option,20.4617
2026-09-04,125268,NIPPON INDIA SHORT TERM FUND - IDCW Option,22.9120
2026-09-04,125269,NIPPON INDIA SHORT TERM FUND - Direct Plan - IDCW Option,25.0397
2026-09-04,125301,PGIM India Midcap Fund - Direct Plan - Dividend Option - Payout,64.49
2026-09-04,125305,PGIM India Midcap Fund - Regular Plan - Growth Option,66.27
2026-09-04,125306,PGIM India Midcap Fund - Regular Plan - Dividend Option - Payout,23.72
2026-09-04,125307,PGIM India Midcap Fund - Direct Plan - Growth Option,77.8
2026-09-04,125337,360 ONE LIQUID FUND REGULAR PLAN  WEEKLY DIVIDEND,1006.0620
2026-09-04,125342,360 ONE LIQUID FUND REGULAR PLAN  DAILY DIVIDEND REINVESTMENT,1001.4478
2026-09-04,125343,360 ONE LIQUID FUND DIRECT PLAN  WEEKLY DIVIDEND,1006.0679
2026-09-04,125345,360 ONE LIQUID FUND DIRECT PLAN  GROWTH,2172.1021
2026-09-04,125349,360 ONE LIQUID FUND DIRECT PLAN  DAILY DIVIDEND REINVESTMENT,1001.4478
2026-09-04,125350,Axis Small Cap Fund - Regular Plan - Growth,117.79
2026-09-04,125351,Axis Small Cap Fund - Direct Plan - IDCW,55.53
2026-09-04,125352,Axis Small Cap Fund - Regular Plan - IDCW,46.91
2026-09-04,125354,Axis Small Cap Fund - Direct Plan - Growth,137.66
2026-09-04,125494,SBI Small Cap Fund - Regular Plan - Growth,187.5875
2026-09-04,125495,SBI Small Cap Fund - Regular Plan - Income Distribution cum Capital Withdrawal Option (IDCW),110.8237
2026-09-04,125496,SBI Small Cap Fund - Direct Plan - Income Distribution cum Capital Withdrawal Option (IDCW),147.8745
2026-09-04,125497,SBI Small Cap Fund - Direct Plan - Growth,216.6525
2026-09-04,125498,SBI BANKING & PSU DEBT FUND - Regular Paln - Growth,3308.8102
2026-09-04,125499,SBI Banking & PSU Debt Fund - Regular Plan - Daily Income Distribution cum Capital Withdrawal Option (IDCW),1509.5712
2026-09-04,125500,SBI Banking & PSU Debt Fund - Regular Plan - Weekly Income Distribution cum Capital Withdrawal Option (IDCW),1509.2126
2026-09-04,125501,SBI Banking & PSU Debt Fund - Regular Plan - Monthly Income Distribution cum Capital Withdrawal Option (IDCW),1224.8656
2026-09-04,125502,SBI Banking & PSU Debt Fund - Direct Plan - Daily Income Distribution cum Capital Withdrawal Option (IDCW),1555.8968
2026-09-04,125503,SBI BANKING & PSU DEBT FUND - Direct Plan - Growth,3532.3375
2026-09-04,125504,SBI Banking & PSU Debt Fund - Direct Plan - Weekly Income Distribution cum Capital Withdrawal Option (IDCW),1552.4410
2026-09-04,125505,SBI Banking & PSU Debt Fund - Direct Plan - Monthly Income Distribution cum Capital Withdrawal Option (IDCW),1317.0072
2026-09-04,125595,Aditya Birla Sun Life Banking and Financial Services Fund - Regular Plan - Growth,63.34
2026-09-04,125596,Aditya Birla Sun Life Banking and Financial Services Fund - REGULAR - IDCW,23.16
2026-09-04,125597,Aditya Birla Sun Life Banking and Financial Services Fund - Direct Plan - Growth,71.78
2026-09-04,125598,Aditya Birla Sun Life Banking and Financial Services Fund - DIRECT - IDCW,31.65
2026-09-04,125711,Shriram Aggressive Hybrid Fund- Direct Growth,37.1989
2026-09-04,125712,Shriram Aggressive Hybrid Fund- Direct- IDCW,29.3033
2026-09-04,125713,Shriram Aggressive Hybrid Fund- Regular Growth,31.8926
2026-09-04,125714,Shriram Aggressive Hybrid Fund- Regular-IDCW,25.5004
2026-09-04,126350,Invesco India - Invesco Pan European Equity Fund of Fund - Regular Plan - IDCW (Payout / Reinvestment),27.0606
2026-09-04,126351,Invesco India - Invesco Pan European Equity Fund of Fund - Regular Plan - Growth Option,27.0609
2026-09-04,126352,Invesco India - Invesco Pan European Equity Fund of Fund - Direct Plan - IDCW (Payout / Reinvestment),29.4947
2026-09-04,126353,Invesco India - Invesco Pan European Equity Fund of Fund - Direct Plan - Growth Option,29.5847
2026-09-04,126389,BANK OF INDIA Ultra Short Duration Fund- Direct Plan-Bonus,3511.3155
2026-09-04,126391,DSP Dynamic Asset Allocation Fund - Direct Plan - IDCW - Monthly,16.8020
2026-09-04,126392,DSP Dynamic Asset Allocation Fund - Regular Plan - IDCW - Monthly,14.0060
2026-09-04,126393,DSP Dynamic Asset Allocation Fund - Direct Plan - Growth,33.4450
2026-09-04,126394,DSP Dynamic Asset Allocation Fund - Regular Plan - Growth,28.7870
2026-09-04,126685,CANARA ROBECO CORPORATE BOND FUND - DIRECT PLAN - GROWTH OPTION,24.6911
2026-09-04,126686,CANARA ROBECO CORPORATE BOND FUND - DIRECT PLAN - IDCW (Payout/Reinvestment),12.4924
2026-09-04,126687,CANARA ROBECO CORPORATE BOND FUND - REGULAR PLAN - GROWTH OPTION,22.8706
2026-09-04,126688,CANARA ROBECO CORPORATE BOND FUND - REGULAR PLAN - IDCW (Payout/Reinvestment),11.5952
2026-09-04,126939,UTI Banking & PSU Debt Fund- Regular Plan - Growth Option,23.5304
2026-09-04,126940,UTI Banking & PSU Debt Fund - Direct Plan - Growth Option,24.0025
2026-09-04,126941,UTI Banking & PSU Debt Fund - Regular Plan - Discontinued Quarterly IDCW,16.1478
2026-09-04,126942,UTI Banking & PSU Debt Fund - Direct Plan - Discontinued Quarterly IDCW,17.8648
2026-09-04,127039,Motilal Oswal Midcap Fund-Regular Plan-Growth Option,104.3338
2026-09-04,127040,Motilal Oswal Midcap Fund-Regular - IDCW Payout/Reinvestment,47.1483
2026-09-04,127042,Motilal Oswal Midcap Fund-Direct Plan-Growth Option,120.5869
2026-09-04,127044,Motilal Oswal Midcap Fund-Direct - IDCW Payout/Reinvestment,49.1846
2026-09-04,127070,HSBC Asia Pacific IDCW Yield Fund IDCW,25.755
2026-09-04,127071,HSBC Asia Pacific (Ex Japan) Dividend Yield Fund - Growth Direct,39.7305
2026-09-04,127072,HSBC Asia Pacific IDCW Yield Fund Direct Plan IDCW,25.766
2026-09-04,127073,HSBC Asia Pacific (Ex Japan) Dividend Yield Fund - Growth,36.5985
2026-09-04,127470,Bandhan Banking and PSU Debt Fund - Regular Daily IDCW,10.8763
2026-09-04,127471,Bandhan Banking and PSU Debt Fund - Direct Daily IDCW,10.4762
2026-09-04,127849,BANK OF INDIA BALANCED ADVANTAGE FUND REGULAR PLAN  GROWTH,26.0402
2026-09-04,127850,BANK OF INDIA BALANCED ADVANTAGE FUND DIRECT PLAN  GROWTH,28.5132
2026-09-04,127851,BANK OF INDIA BALANCED ADVANTAGE FUND  REGULAR PLAN IDCW,18.1680
2026-09-04,127852,BANK OF INDIA BALANCED ADVANTAGE FUND  DIRECT PLAN IDCW,17.2033
2026-09-04,128006,Kotak Medium Term Fund - Direct Growth,27.5966
2026-09-04,128009,Kotak Medium Term Fund - Growth,24.5478
2026-09-04,128050,HDFC Credit Risk Fund - Quarterly IDCW - Direct Plan,10.9495
2026-09-04,128051,HDFC Credit Risk Fund - Growth Option - Direct Plan,28.3671
2026-09-04,128052,HDFC Credit Risk Fund - Quarterly IDCW Option,10.5868
2026-09-04,128053,HDFC Credit Risk Fund - Growth Option,26.0854
2026-09-04,128078,Kotak Medium Term Fund - Standard Income Distribution cum capital withdrawal option,15.0671
2026-09-04,128079,Kotak Medium Term Fund - Direct - Standard Income Distribution cum capital withdrawal option,27.599
2026-09-04,128331,Nippon India ETF Nifty India Consumption,129.3878
2026-09-04,128626,HDFC Banking and PSU Debt Fund - IDCW Option - Direct Plan,10.0139
2026-09-04,128627,HDFC Banking and PSU Debt Fund - IDCW Option,10.1211
2026-09-04,128628,HDFC Banking and PSU Debt Fund - Growth Option,24.4019
2026-09-04,128629,HDFC Banking and PSU Debt Fund - Growth Option - Direct Plan,25.5196
2026-09-04,128639,Nippon India ETF Nifty Dividend Opportunities 50,76.7766
2026-09-04,128820,NIPPON INDIA ARBITRAGE FUND - MONTHLY IDCW Option,14.7744
2026-09-04,128821,NIPPON INDIA ARBITRAGE FUND - DIRECT Plan - MONTHLY IDCW Option,16.1615
2026-09-04,129006,Franklin India Banking & PSU Debt Fund - Growth,24.1311
2026-09-04,129007,Franklin India Banking and PSU Debt Fund - IDCW,10.9912
2026-09-04,129008,Franklin India Banking & PSU Debt Fund - Direct - Growth,25.2984
2026-09-04,129009,Franklin India Banking and PSU Debt Fund - Direct - IDCW,11.6277
2026-09-04,129046,Motilal Oswal Flexi cap Fund Direct Plan-Growth Option,71.1977
2026-09-04,129047,Motilal Oswal Flexi Cap Fund Direct - IDCW Payout/Reinvestment,35.2218
2026-09-04,129048,Motilal Oswal Flexi Cap Fund Regular Plan-Growth Option,63.6316
2026-09-04,129049,Motilal Oswal Flexi cap Fund Regular - IDCW Payout/Reinvestment,33.4210
2026-09-04,129051,HDFC ARBITRAGE FUND - Regular Plan - Monthly IDCW Option,11.411
2026-09-04,129052,HDFC ARBITRAGE FUND -Direct Plan - Growth Option,21.687
2026-09-04,129054,HDFC ARBITRAGE FUND - Monthly IDCW - Direct Plan,11.315
2026-09-04,129065,HSBC Aggressive Hybrid Active FOF - Growth,43.2376
2026-09-04,129187,Invesco India - Invesco Global Equity Income Fund of Fund - Regular Plan - Growth,38.3545
2026-09-04,129188,Invesco India - Invesco Global Equity Income Fund of Fund - Direct Plan - Growth,42.6282
2026-09-04,129189,Invesco India - Invesco Global Equity Income Fund of Fund - Regular Plan - IDCW (Payout / Reinvestment),38.2997
2026-09-04,129190,Invesco India - Invesco Global Equity Income Fund of Fund - Direct Plan - IDCW (Payout / Reinvestment),42.1107
2026-09-04,129191,HSBC Multi Asset Active FOF - Growth,42.2079
2026-09-04,129192,HSBC Multi Asset Active FOF IDCW,30.8006
2026-09-04,129193,HSBC Multi Asset Active FOF - Growth Direct,45.0727
2026-09-04,129194,HSBC Multi Asset Active FOF Direct Plan IDCW,21.6497
2026-09-04,129195,HSBC Income Plus Arbitrage Active FOF - Growth,22.7181
2026-09-04,129196,HSBC Income Plus Arbitrage Active FOF IDCW,16.3731
2026-09-04,129197,HSBC Income Plus Arbitrage Active FOF - Growth Direct,24.1775
2026-09-04,129198,HSBC Income Plus Arbitrage Active FOF Direct Plan IDCW,19.3388
2026-09-04,129199,HSBC Aggressive Hybrid Active FOF - Dividend,30.5082
2026-09-04,129200,HSBC Aggressive Hybrid Active FOF - Growth Direct,46.1006
2026-09-04,129201,HSBC Aggressive Hybrid Active FOF - Dividend Direct,33.0359
2026-09-04,129210,Sundaram Infrastructure Advantage Fund Regular Plan - Income Distribution cum Capital Withdrawal (IDCW),57.7652
2026-09-04,129211,Sundaram Infrastructure Advantage Fund Direct Plan - Income Distribution cum Capital Withdrawal (IDCW),62.4722
2026-09-04,129212,Sundaram Infrastructure Advantage Fund Direct Plan - Growth,108.5019
2026-09-04,129213,Sundaram Infrastructure Advantage Fund Regular Plan - Growth,100.8664
2026-09-04,129309,ICICI Prudential Dividend Yield Fund Direct Plan IDCW Option,24.93
2026-09-04,129310,ICICI Prudential Dividend Yield Fund Growth Option,52.37
2026-09-04,129311,ICICI Prudential Dividend Yield Fund IDCW Option,18.61
2026-09-04,129312,ICICI Prudential Dividend Yield Fund Direct Plan Growth Option,59.22
2026-09-04,129436,Franklin India Money Market Fund Retail Option - Monthly - IDCW,10.4974
2026-09-04,129437,Franklin India Money Market Fund Retail Option - Direct - Monthly - IDCW,10.8903
2026-09-04,129646,Union Small Cap Fund - Direct Plan - IDCW Option,44.59
2026-09-04,129647,Union Small Cap Fund - Regular Plan - Growth Option,60.60
2026-09-04,129648,Union Small Cap Fund - Regular Plan - IDCW Option,46.51
2026-09-04,129649,Union Small Cap Fund - Direct Plan - Growth Option,67.76
2026-09-04,130013,ICICI Prudential Money Market Fund Option - IDCW Others,188.0107
2026-09-04,130037,Nippon India Medium Term Fund - Growth Option,16.8715
2026-09-04,130050,Nippon India Medium Term Fund - Direct Plan - Growth Option,18.3872
2026-09-04,130053,NIPPON INDIA MEDIUM TERM FUND - IDCW Option,14.4374
2026-09-04,130054,NIPPON INDIA MEDIUM TERM FUND - DIRECT Plan - IDCW Option,15.5087
2026-09-04,130055,NIPPON INDIA MEDIUM TERM FUND - DIRECT Plan - QUARTERLY IDCW Option,11.1186
2026-09-04,130056,NIPPON INDIA MEDIUM TERM FUND - QUARTERLY IDCW Option,11.0135
2026-09-04,130205,Edelweiss Arbitrage Fund- Regular Plan- Growth Option,20.7028
2026-09-04,130206,Edelweiss Arbitrage Fund- Direct Plan- Growth Option,22.3934
2026-09-04,130207,Edelweiss Arbitrage Fund - Regular Plan - IDCW Option,15.1926
2026-09-04,130208,Edelweiss Arbitrage Fund- Regular Plan -Bonus Option,20.7659
2026-09-04,130209,Edelweiss Arbitrage Fund - Direct Plan - IDCW Option,16.0092
2026-09-04,130309,Axis Credit Risk Fund - Regular Plan - Growth,23.4372
2026-09-04,130310,Axis Credit Risk Fund - Regular Plan - Weekly IDCW,10.1788
2026-09-04,130311,Axis Credit Risk Fund - Direct Plan - Weekly IDCW,10.3748
2026-09-04,130312,Axis Credit Risk Fund - Direct Plan - Monthly IDCW,10.2400
2026-09-04,130313,Axis Credit Risk Fund - Regular Plan - Monthly IDCW,10.1827
2026-09-04,130314,Axis Credit Risk Fund - Direct Plan - Growth,26.4488
2026-09-04,130490,DSP Income Plus Arbitrage Omni FoF - Regular Plan - IDCW,16.6000
2026-09-04,130491,DSP Income Plus Arbitrage Omni FoF - Direct Plan - IDCW,18.5296
2026-09-04,130492,DSP Income Plus Arbitrage Omni FoF - Regular Plan - Growth,22.4696
2026-09-04,130493,DSP Income Plus Arbitrage Omni FoF - Direct Plan - Growth,23.8924
2026-09-04,130496,HDFC Large & Mid Cap Fund - Growth Option,348.809
2026-09-04,130497,HDFC Large & Mid Cap Fund - IDCW Option,35.85
2026-09-04,130498,HDFC Large & Mid Cap Fund - Growth Option - Direct Plan,369.967
2026-09-04,130499,HDFC Large & Mid Cap Fund - IDCW Option - Direct Plan,48.04
2026-09-04,130501,HDFC Small Cap Fund - IDCW Option,40.579
2026-09-04,130502,HDFC Small Cap Fund - Growth Option,139.832
2026-09-04,130503,HDFC Small Cap Fund - Growth Option - Direct Plan,160.489
2026-09-04,130504,HDFC Small Cap Fund - IDCW Option - Direct Plan,64.971
2026-09-04,130533,HDFC Income Plus Arbitrage Active FOF - Growth Option,41.3399
2026-09-04,130540,HDFC Income Plus Arbitrage Active FOF - IDCW Option,36.2254
2026-09-04,130543,HDFC Income Plus Arbitrage Active FOF - Growth Option - Direct Plan,45.7416
2026-09-04,130547,HDFC Income Plus Arbitrage Active FOF - IDCW Option - Direct Plan,40.1796
2026-09-04,130603,JM Arbitrage Fund (Regular) - Bonus Option - Principal Units,18.8523
2026-09-04,130604,JM Arbitrage Fund (Direct) - Bonus Option - Principal Units,19.9478
2026-09-04,130721,Invesco India Credit Risk Fund - Regular Plan - Growth,2085.4528
2026-09-04,130722,Invesco India Credit Risk Fund - Direct Plan - Growth,2353.1891
2026-09-04,130723,Invesco India Credit Risk Fund - Regular Plan - Monthly IDCW (Payout / Reinvestment),1192.1455
2026-09-04,130724,Invesco India Credit Risk Fund - Direct Plan - Monthly IDCW (Payout / Reinvestment),1179.6448
2026-09-04,130725,Invesco India Credit Risk Fund - Direct Plan - Discretionary IDCW (Payout / Reinvestment),2370.752
2026-09-04,130726,Invesco India Credit Risk Fund - Regular Plan - Discretionary IDCW (Payout / Reinvestment),2084.8029
2026-09-04,130771,Axis Arbitrage Fund - Regular Plan - Growth,19.9581
2026-09-04,130773,Axis Arbitrage Fund - Direct Plan - Growth,21.8550
2026-09-04,130774,Axis Arbitrage Fund - Direct Plan - Monthly IDCW,12.3683
2026-09-04,130776,Axis Arbitrage Fund - Regular Plan - Monthly IDCW,11.1560
2026-09-04,130787,Invesco India Arbitrage Fund - Direct Plan - Annual Bonus,37.1774
2026-09-04,130858,Nippon India Japan Equity Fund- Growth Plan- Bonus Option,28.0535
2026-09-04,130859,NIPPON INDIA - JAPAN EQUITY FUND - IDCW Option,28.0535
2026-09-04,130860,Nippon India Japan Equity Fund- Direct Plan- Growth Plan- Growth Option,31.7348
2026-09-04,130861,Nippon India Japan Equity Fund- Direct Plan- Growth Plan- Bonus Option,31.7348
2026-09-04,130863,Nippon India Japan Equity Fund- Growth Plan- Growth Option,28.0535
2026-09-04,130864,NIPPON INDIA - JAPAN EQUITY FUND - DIRECT Plan - IDCW Option,31.7348
2026-09-04,130904,JM Aggressive Hybrid Fund (Direct) - Annual Bonus Option,141.5719
2026-09-04,131051,ICICI Prudential 10 year Constant Maturity Gilt Fund - Growth,25.9959
2026-09-04,131054,ICICI Prudential 10 year Constant Maturity Gilt Fund - Direct Plan - Quarterly IDCW,11.6043
2026-09-04,131057,ICICI Prudential 10 year Constant Maturity Gilt Fund - quarterly IDCW,11.3449
2026-09-04,131061,ICICI Prudential 10 year Constant Maturity Gilt Fund - Direct Plan - Growth,26.6202
2026-09-04,131297,DSP 10 year Constant Maturity Gilt Fund - Regular Plan - Growth,22.4279
2026-09-04,131298,DSP 10 year Constant Maturity Gilt Fund - Regular Plan - IDCW,10.5883
2026-09-04,131299,DSP 10 year Constant Maturity Gilt Fund - Regular Plan - IDCW - Monthly,10.6829
2026-09-04,131300,DSP 10 year Constant Maturity Gilt Fund - Regular Plan - IDCW - Quarterly,10.8395
2026-09-04,131301,DSP 10 year Constant Maturity Gilt Fund - Direct Plan - Growth,23.0334
2026-09-04,131302,DSP 10 year Constant Maturity Gilt Fund - Direct Plan - IDCW - Quarterly,10.7898
2026-09-04,131303,DSP 10 year Constant Maturity Gilt Fund - Direct Plan - IDCW - Monthly,10.5316
2026-09-04,131304,DSP 10 year Constant Maturity Gilt Fund - Direct Plan - IDCW,10.7983
2026-09-04,131331,Nippon India ETF BSE Sensex,880.6411
2026-09-04,131354,BANDHAN Balanced Advantage Fund Regular Plan IDCW,14.175
2026-09-04,131355,BANDHAN Balanced Advantage Fund Direct Plan Growth,29.814
2026-09-04,131356,BANDHAN Balanced Advantage Fund Direct Plan IDCW,16.519
2026-09-04,131357,BANDHAN Balanced Advantage Fund Regular Plan Growth,25.419
2026-09-04,131372,Kotak Equity Savings Fund - Regular - Growth,27.5557
2026-09-04,131373,Kotak Equity Savings Fund - Direct - Growth,30.634
2026-09-04,131374,Kotak Equity Savings Fund - Regular - Monthly Payout of Income Distribution cum capital withdrawal option,20.1752
2026-09-04,131375,Kotak Equity Savings Fund - Direct - Monthly Payout of Income Distribution cum capital withdrawal option,21.9922
2026-09-04,131382,Bandhan Short Term Fund - Direct Plan - Periodic IDCW,23.7725
2026-09-04,131383,Bandhan Short Term Fund - Regular Plan - Periodic IDCW,22.6933
2026-09-04,131384,Bandhan Medium Term Fund - Direct Plan - Periodic IDCW,13.9174
2026-09-04,131385,Bandhan Medium Term Fund - Regular Plan - Periodic IDCW,15.2817
2026-09-04,131386,Bandhan Medium to Long Term Fund - Direct Plan - Periodic IDCW,18.2028
2026-09-04,131387,Bandhan Medium to Long Term Fund - Regular Plan - Periodic IDCW,14.5752
2026-09-04,131388,Bandhan Money Market Fund -Direct Plan-Periodic IDCW,17.3171
2026-09-04,131389,Bandhan Money Market Fund - Regular Plan - Periodic IDCW,14.2578
2026-09-04,131390,Bandhan 10 year Constant Maturity Gilt Fund - Direct Plan - Periodic IDCW,14.6830
2026-09-04,131391,Bandhan 10 year Constant Maturity Gilt Fund - Regular Plan - Periodic IDCW,17.3103
2026-09-04,131394,Bandhan Gilt Fund - Direct Plan - Periodic IDCW,19.2925
2026-09-04,131395,Bandhan Gilt Fund - Regular Plan B - Periodic IDCW,17.5820
2026-09-04,131396,BANDHAN Dynamic Term Fund-Direct Plan-Periodic IDCW,14.0742
2026-09-04,131397,BANDHAN Dynamic Term Fund - Regular Plan B - Periodic IDCW,14.2062
2026-09-04,131398,Bandhan Income Plus Arbitrage Active FOF - Direct Plan - Periodic IDCW,16.9330
2026-09-04,131399,Bandhan Income Plus Arbitrage Active FOF - Regular Plan - Periodic IDCW,16.3363
2026-09-04,131418,UTI Credit Risk Fund - Regular Plan - Monthly IDCW,11.0187
2026-09-04,131419,UTI Credit Risk Fund - Direct Plan - Monthly IDCW,11.3053
2026-09-04,131424,UTI Short Term Fund - Regular Plan - Half-Yearly IDCW,14.4575
2026-09-04,131425,UTI Short Term Fund - Direct Plan - Half Yearly Dividend Option,14.7787
2026-09-04,131444,UTI Ultra Short Term Fund - Direct Plan - Monthly IDCW,1173.9212
2026-09-04,131445,UTI Ultra Short Term Fund - Regular Plan - Monthly IDCW,1127.0074
2026-09-04,131452,ICICI Prudential Aggressive Hybrid Fund - Half Yearly IDCW,25.64
2026-09-04,131453,ICICI Prudential Aggressive Hybrid Fund - Direct Plan - Half Yearly IDCW,29.31
2026-09-04,131476,JM Aggressive Hybrid Fund (Regular) - Annual IDCW,33.7599
2026-09-04,131477,JM Aggressive Hybrid Fund (Direct) - Annual IDCW,47.6905
2026-09-04,131480,ICICI Prudential Medium to Long Term Fund - Direct Plan - Half Yearly IDCW,11.0307
2026-09-04,131481,ICICI Prudential Medium to Long Term Fund - Half Yearly IDCW,11.3453
2026-09-04,131511,UTI Ultra Short Term Fund - Regular Plan - Fortnightly IDCW,1323.1473
2026-09-04,131512,UTI Ultra Short Term Fund - Direct Plan - Fortnightly IDCW,1355.2646
2026-09-04,131547,UTI Short Term Fund - Regular Plan - Monthly IDCW,11.9257
2026-09-04,131548,UTI Short Term Fund - Direct Plan - Monthly IDCW,10.6014
2026-09-04,131578,360 ONE Focused Fund -Regular Plan - Growth,49.0384
2026-09-04,131579,360 ONE Focused Fund - Regular Plan - Dividend,43.3891
2026-09-04,131580,360 ONE Focused Fund-Direct Plan-Growth,56.2082
2026-09-04,131581,360 ONE Focused Fund - Direct Plan - Dividend,55.6349
2026-09-04,131665,Aditya Birla Sun Life Balanced Advantage Fund -REGULAR - IDCW,26.46
2026-09-04,131666,Aditya Birla Sun Life Balanced Advantage Fund - Regular Plan - Growth Option,114.05
2026-09-04,131670,Aditya Birla Sun Life Balanced Advantage Fund - Direct Plan - Growth Option,131.07
2026-09-04,131671,Aditya Birla Sun Life Balanced Advantage Fund -DIRECT - IDCW,30.45
2026-09-04,131863,Aditya Birla Sun Life Multi Asset Omni FoF-REGULAR - IDCW,66.3966
2026-09-04,131864,Aditya Birla Sun Life Multi Asset Omni FoF- Regular Plan - Growth Option,77.4981
2026-09-04,131865,Aditya Birla Sun Life Multi Asset Omni FoF- Direct Plan - Growth Option,41.3448
2026-09-04,131866,Aditya Birla Sun Life Multi Asset Omni FOF-DIRECT - IDCW,36.6553
2026-09-04,131895,Aditya Birla Sun Life Income Plus Arbitrage Active FOF- REGULAR - IDCW,24.9598
2026-09-04,131896,Aditya Birla Sun Life Income Plus Arbitrage Active FOF- Regular Plan - Growth Option,39.7999
2026-09-04,131897,Aditya Birla Sun Life Income Plus Arbitrage Active FOF- DIRECT - IDCW,26.4262
2026-09-04,131898,Aditya Birla Sun Life Income Plus Arbitrage Active FOF- Direct Plan - Growth Option,42.2033
2026-09-04,132174,Aditya Birla Sun Life Aggressive Hybrid Omni FOF- Regular Plan - Growth Option,44.0909
2026-09-04,132175,Aditya Birla Sun Life Aggressive Hybrid Omni FOF-  Regular -  IDCW,39.5464
2026-09-04,132178,Aditya Birla Sun Life Conservative Hybrid Active FOF- Regular Plan - Growth Option,35.7076
2026-09-04,132179,Aditya Birla Sun Life Conservative Hybrid Active FOF -Regular - IDCW,32.4865
2026-09-04,132180,Aditya Birla Sun Life Dynamic Asset Allocation Omni FOF- Regular Plan - Growth Option,56.6356
2026-09-04,132181,Aditya Birla Sun Life Dynamic Asset Allocation Omni FOF-Regular - IDCW,51.8416
2026-09-04,132183,Aditya Birla Sun Life Conservative Hybrid Active FOF- Direct Plan - Growth Option,38.1354
2026-09-04,132184,Aditya Birla Sun Life Conservative Hybrid Active FOF-Direct - IDCW,25.8931
2026-09-04,132185,Aditya Birla Sun Life Aggressive Hybrid Omni FOF- Direct Plan - Growth Option,47.4360
2026-09-04,132186,Aditya Birla Sun Life Dynamic Asset Allocation Omni FOF- Direct Plan - Growth Option,62.7714
2026-09-04,132187,Aditya Birla Sun Life Dynamic Asset Allocation Omni FOF- Direct - IDCW,57.4871
2026-09-04,132189,Aditya Birla Sun Life Aggressive Hybrid Omni FOF- Direct - IDCW,43.0837
2026-09-04,132756,Tata ELSS Fund-Growth-Direct Plan,54.9457
2026-09-04,132757,Tata ELSS Fund-Growth-Regular Plan,47.4123
2026-09-04,132848,HDFC Corporate Bond Fund - IDCW Option,20.8375
2026-09-04,132849,HDFC Corporate Bond Fund - IDCW Option - Direct Plan,21.6155
2026-09-04,132852,HDFC Medium Term Fund - IDCW Option,20.3856
2026-09-04,132853,HDFC Medium Term Fund - IDCW Option - Direct Plan,22.0718
2026-09-04,132871,NIPPON INDIA CREDIT RISK FUND - IDCW Option,20.9085
2026-09-04,132873,NIPPON INDIA CREDIT RISK FUND - DIRECT Plan - IDCW Option,22.9166
2026-09-04,132917,Aditya Birla Sun Life Dynamic Term Fund -Regular - IDCW,12.1989
2026-09-04,132918,Aditya Birla Sun Life Dynamic Term Fund -Direct - IDCW,13.2964
2026-09-04,132987,Franklin India Income Plus Arbitrage Active Fund of Funds- Growth Plan,22.4209
2026-09-04,132988,Franklin India Income Plus Arbitrage Active Fund of Funds- IDCW,20.7078
2026-09-04,132989,Franklin India Income Plus Arbitrage Active Fund of Funds- Growth Plan - Direct,25.3803
2026-09-04,132990,Franklin India Income Plus Arbitrage Active Fund of Funds - Direct - IDCW,23.2629
2026-09-04,132995,Aditya Birla Sun Life Equity Savings Fund - Direct Plan - Growth,26.06
2026-09-04,132996,Aditya Birla Sun Life Equity Savings Fund - Direct - IDCW,15.57
2026-09-04,132997,Aditya Birla Sun Life Equity Savings Fund - Regular - IDCW,13.15
2026-09-04,132998,Aditya Birla Sun Life Equity Savings Fund - Regular Plan - Growth,23.39
2026-09-04,133035,Kotak Aggressive Hybrid Fund - Direct Plan -Growth,77.942
2026-09-04,133036,Kotak Aggressive Hybrid Fund - Regular Plan -Growth,65.419
2026-09-04,133051,ICICI Prudential Equity Savings Fund - Cumulative option,23.33
2026-09-04,133052,ICICI Prudential Equity Savings Fund - Direct Plan - Quarterly IDCW,15.74
2026-09-04,133053,ICICI Prudential Equity Savings Fund - Quarterly IDCW,13.19
2026-09-04,133054,ICICI Prudential Equity Savings Fund - Direct Plan - Cumulative option,25.17
2026-09-04,133059,UTI Ultra Short Term Fund - Direct Plan - Quarterly IDCW,2040.0121
2026-09-04,133122,Kotak Nifty Bank ETF,59.6298
2026-09-04,133127,UTI Ultra Short to Short Term Fund - Direct Plan - Flexi IDCW,1648.9905
2026-09-04,133130,UTI Ultra Short to Short Term Fund - Regular Plan - Flexi IDCW,1452.6662
2026-09-04,133147,HDFC Credit Risk Fund - IDCW Option - Direct Plan,24.8667
2026-09-04,133148,HDFC Credit Risk Fund - IDCW Option,24.0202
2026-09-04,133180,UTI Dynamic Term Fund - Direct Plan - Discontinued Flexi IDCW,17.8626
2026-09-04,133265,Nippon India Gilt  Fund- Direct Plan- Growth Plan- Bonus Option,24.7814
2026-09-04,133280,UTI Medium to Long Term Fund - Direct Plan - Discontinued Flexi IDCW,16.2319
2026-09-04,133307,LIC MF Nifty 8-13 yr G-Sec ETF,29.3759
2026-09-04,133344,UTI Credit Risk Fund - Regular Plan - Annual IDCW,12.2438
2026-09-04,133365,HDFC Medium to Long Term Fund - Normal IDCW - Direct Plan,21.3216
2026-09-04,133366,HDFC Medium to Long Term Fund - Normal IDCW Option,19.0869
2026-09-04,133367,HDFC Short Term Fund - Normal IDCW - Direct Plan,20.9918
2026-09-04,133368,HDFC Short Term Fund - Normal IDCW Option,20.3233
2026-09-04,133369,HDFC Dynamic Term Fund - Normal IDCW - Direct Plan,21.8214
2026-09-04,133370,HDFC Dynamic Term Fund - Normal IDCW Option,19.9555
2026-09-04,133383,Motilal Oswal ELSS Tax Saver Fund - IDCW Payout,31.8455
2026-09-04,133384,Motilal Oswal ELSS Tax Saver Fund Direct - IDCW Payout,41.4086
2026-09-04,133385,Motilal Oswal ELSS Tax Saver Fund - Regular Plan - Growth Option,57.7010
2026-09-04,133386,Motilal Oswal ELSS Tax Saver Fund - Direct Plan - Growth Option,66.9802
2026-09-04,133387,UTI Money Market Fund - Direct Plan - Monthly IDCW,1650.874
2026-09-04,133390,JM Dynamic Term Fund (Regular) - Monthly IDCW,43.7087
2026-09-04,133395,JM Arbitrage Fund (Direct) - Annual Bonus Option - Principal Units,19.146
2026-09-04,133402,JM Aggressive Hybrid Fund (Direct) - Half Yearly IDCW,101.7041
2026-09-04,133404,JM Aggressive Hybrid Fund (Regular) - Monthly IDCW,88.0246
2026-09-04,133405,JM Aggressive Hybrid Fund (Regular) - Quarterly IDCW,31.418
2026-09-04,133406,JM Aggressive Hybrid Fund (Direct) - Quarterly IDCW,35.7612
2026-09-04,133408,JM Aggressive Hybrid Fund (Regular) - Half Yearly IDCW,88.7302
2026-09-04,133412,JM Aggressive Hybrid Fund (Direct) - Monthly IDCW,101.6742
2026-09-04,133414,JM Dynamic Term Fund (Direct) - Monthly IDCW,47.1621
2026-09-04,133445,Aditya Birla Sun Life Medium to Long Term Fund - Regular - IDCW,12.2586
2026-09-04,133446,Aditya Birla Sun Life Medium to Long Term Fund - Direct - IDCW,13.1315
2026-09-04,133469,UTI Ultra Short to Short Term Fund - Direct Plan - Half-Yearly IDCW,1502.9656
2026-09-04,133484,UTI Money Market Fund - Regular Plan - Monthly IDCW,1038.4361
2026-09-04,133513,Aditya Birla Sun Life Manufacturing Equity Fund - Regular Plan - Growth,40.31
2026-09-04,133514,Aditya Birla Sun Life Manufacturing Equity Fund - Direct - IDCW,26.52
2026-09-04,133515,Aditya Birla Sun Life Manufacturing Equity Fund - Regular - IDCW,24.00
2026-09-04,133516,Aditya Birla Sun Life Manufacturing Equity Fund - Direct Plan - Growth,44.81
2026-09-04,133565,Nippon India Retirement Fund- Wealth Creation Scheme- Growth Plan - Growth Option,28.6667
2026-09-04,133566,NIPPON INDIA RETIREMENT FUND - WEALTH CREATION SCHEME - Direct Plan - IDCW Option,22.6071
2026-09-04,133567,NIPPON INDIA RETIREMENT FUND - WEALTH CREATION SCHEME - IDCW Option,19.2378
2026-09-04,133568,Nippon India Retirement Fund- Wealth Creation Scheme- Direct Plan- Growth Plan - Growth Option,32.6393
2026-09-04,133569,Nippon India Retirement Fund- Income Generation Scheme- Direct Plan- Growth Plan - Growth Option,23.4616
2026-09-04,133570,NIPPON INDIA RETIREMENT FUND - INCOME GENERATION SCHEME - Direct Plan - IDCW Option,23.4616
2026-09-04,133571,NIPPON INDIA RETIREMENT FUND - INCOME GENERATION SCHEME - IDCW Option,20.3570
2026-09-04,133572,Nippon India Retirement Fund- Income Generation Scheme-Growth Plan - Growth Option,20.3542
2026-09-04,133628,Nippon India Retirement Fund- Income Generation Scheme- Growth Plan- Bonus Option,20.3542
2026-09-04,133629,Nippon India Retirement Fund- Income Generation Scheme- Direct Plan-Growth Plan- Bonus Option,23.4616
2026-09-04,133630,Nippon India Retirement Fund- Wealth Creation Scheme- Direct Plan-Growth Plan- Bonus Option,32.6393
2026-09-04,133631,Nippon India Retirement Fund- Wealth Creation Scheme- Growth Plan- Bonus Option,28.6667
2026-09-04,133679,BANDHAN Arbitrage Fund-Direct Plan-Annual IDCW,12.6719
2026-09-04,133680,BANDHAN Arbitrage Fund - Regular Plan - Annual IDCW,10.9142
2026-09-04,133681,BANDHAN Equity Savings Fund-Direct Plan-Annual IDCW,14.044
2026-09-04,133682,BANDHAN Equity Savings Fund - Regular Plan -Annual IDCW,12.602
2026-09-04,133709,LIC MF Large & Mid Cap Fund-Direct Plan-IDCW,36.3564
2026-09-04,133710,LIC MF Large & Mid Cap Fund-Direct Plan-Growth,45.8252
2026-09-04,133711,LIC MF Large & Mid Cap Fund-Regular Plan-Growth,39.2566
2026-09-04,133712,LIC MF Large & Mid Cap Fund-Regular Plan-IDCW,31.7842
2026-09-04,133733,UTI Ultra Short to Short Term Fund - Regular Plan - Fortnightly IDCW,1333.329
2026-09-04,133782,Kotak Corporate Bond Fund- Regular Plan-Growth Option,4013.3892
2026-09-04,133787,Kotak Corporate Bond Fund- Regular Plan-Monthly Dividend Option,1307.4098
2026-09-04,133791,Kotak Corporate Bond Fund- Direct Plan- Growth Option,4206.935
2026-09-04,133792,Kotak Corporate Bond Fund- Direct Plan- Monthly Payout of Income Distribution cum capital withdrawal option,1070.6882
2026-09-04,133796,Kotak Infrastructure & Economic Reform Fund - Standard Plan-Growth,71.034
2026-09-04,133799,Kotak Infrastructure & Economic Reform Fund - Standard Plan-Payout of Income Distribution cum capital withdrawal option,56.811
2026-09-04,133800,Kotak Infrastructure & Economic Reform Fund- Direct Plan- Payout of Income Distribution cum capital withdrawal option,84.109
2026-09-04,133801,Kotak Infrastructure & Economic Reform Fund- Direct Plan- Growth Option,85.082
2026-09-04,133805,Kotak Ultra Short to Short Term Fund - Regular Plan-Growth Option,3576.854
2026-09-04,133809,Kotak Ultra Short to Short Term Fund - Regular Plan-Standard Income Distribution cum capital withdrawal option,1278.328
2026-09-04,133810,Kotak Ultra Short to Short Term Fund- Direct Plan- Growth Option,3936.3703
2026-09-04,133812,Kotak Ultra Short to Short Term Fund - Direct Plan- Standard Income Distribution cum capital withdrawal option,1564.1464
2026-09-04,133836,PGIM India Flexi Cap Fund - Regular Plan - Growth Option,37.08
2026-09-04,133837,PGIM India Flexi Cap Fund - Direct Plan - Dividend Option,20.79
2026-09-04,133838,PGIM India Flexi Cap Fund - Regular Plan - Dividend Option,18.13
2026-09-04,133839,PGIM India Flexi Cap Fund - Direct Plan - Growth Option,43.99
2026-09-04,133852,UTI Dynamic Term Fund - Regular Plan - Annual IDCW,13.9162
2026-09-04,133857,SBI Banking & Financial Services Fund - Direct Plan - Income Distribution cum Capital Withdrawal Option (IDCW),43.9181
2026-09-04,133858,SBI BANKING & FINANCIAL SERVICES FUND - REGULAR PLAN - GROWTH,43.5064
2026-09-04,133859,SBI BANKING & FINANCIAL SERVICES FUND - DIRECT PLAN - GROWTH,49.1336
2026-09-04,133860,SBI Banking & Financial Services Fund - Regular Plan - Income Distribution cum Capital Withdrawal Option (IDCW),39.0709
2026-09-04,133865,NIPPON INDIA ELSS TAX SAVER FUND - DIRECT Plan - ANNUAL IDCW Option,22.4576
2026-09-04,133866,NIPPON INDIA ELSS TAX SAVER FUND - ANNUAL IDCW Option,20.3905
2026-09-04,133867,BANK OF INDIA Credit Risk Fund - Regular Plan,14.4384
2026-09-04,133868,BANK OF INDIA Credit Risk  Fund - Direct Plan,14.8741
2026-09-04,133869,UTI Medium to Long Term Fund - Regular Plan - Annual IDCW,13.1483
2026-09-04,133872,UTI Medium to Long Term Fund - Regular Plan - Discontinued Flexi IDCW,14.8245
2026-09-04,133873,UTI Ultra Short Term Fund - Regular Plan - Quarterly IDCW,1313.6195
2026-09-04,133894,Axis Short Duration Fund - Direct Plan - Regular IDCW,22.2135
2026-09-04,133895,Axis Short Duration Fund - Regular Plan - Regular IDCW,22.1270
2026-09-04,133908,LIC MF Banking and Financial Services Fund-Direct Plan-IDCW,24.8267
2026-09-04,133919,DSP Ultra Short to Short Term Fund - Regular Plan - IDCW - Daily,10.1814
2026-09-04,133920,DSP Ultra Short to Short Term Fund - Regular Plan - IDCW - Monthly,10.7052
2026-09-04,133921,DSP Ultra Short to Short Term Fund - Regular Plan - IDCW - Quarterly,10.9775
2026-09-04,133922,DSP Ultra Short to Short Term Fund - Direct Plan - IDCW - Daily,10.1268
2026-09-04,133923,DSP Ultra Short to Short Term Fund - Direct Plan - IDCW - Weekly,10.1312
2026-09-04,133924,DSP Ultra Short to Short Term Fund - Direct Plan - IDCW - Quarterly,11.0197
2026-09-04,133925,DSP Ultra Short to Short Term Fund - Direct Plan - Growth,22.0276
2026-09-04,133926,DSP Ultra Short to Short Term Fund - Regular Plan - Growth,21.2499
2026-09-04,133927,DSP Ultra Short to Short Term Fund - Regular Plan - IDCW - Weekly,10.1311
2026-09-04,133928,DSP Ultra Short to Short Term Fund - Direct Plan - IDCW - Monthly,11.8603
2026-09-04,133971,UTI Banking & PSU Debt Fund - Regular Plan - Discontinued Flexi IDCW,15.7797
2026-09-04,133972,UTI Banking & PSU Debt Fund - Direct Plan - Discontinued Flexi IDCW,20.6837
2026-09-04,133973,UTI Liquid Fund - Regular Plan - Annual IDCW,203.1311
2026-09-04,133974,Tata Short Term Bond Fund- Direct Plan - Periodic Payout of IDCW Option,29.9977
2026-09-04,133975,Tata Short Term Bond Fund- Regular Plan - Periodic Payout of IDCW Option,26.8082
2026-09-04,134008,SBI Nifty Bank ETF,590.1307
2026-09-04,134013,SBI Nifty Next 50 ETF,782.0979
2026-09-04,134014,SBI BSE 100 ETF,284.5277
2026-09-04,134015,LIC MF Banking and Financial Services Fund-Regular Plan-IDCW,21.8336
2026-09-04,134016,LIC MF Banking and Financial Services Fund-Regular Plan-Growth,21.8374
2026-09-04,134017,LIC MF Banking and Financial Services Fund-Direct Plan-Growth,25.0016
2026-09-04,134026,UTI Banking & PSU Debt Fund - Direct Plan - Monthly IDCW,13.7081
2026-09-04,134383,Aditya Birla Sun Life Credit Risk Fund - Regular Plan - Growth,25.4345
2026-09-04,134385,Aditya Birla Sun Life Credit Risk Fund - Direct - IDCW,14.7253
2026-09-04,134386,Aditya Birla Sun Life Credit Risk Fund - Regular - IDCW,13.2931
2026-09-04,134387,Aditya Birla Sun Life Credit Risk Fund - Direct Plan - Growth,28.1501
2026-09-04,134388,Aditya Birla Sun Life Credit Risk Fund - Direct Plan - Bonus,28.1488
2026-09-04,134427,UTI Liquid Fund - Direct Plan - Annual IDCW,204.6723
2026-09-04,134484,UTI Ultra Short Term Fund - Regular Plan - Annual IDCW,1487.6621
2026-09-04,134493,Quantum Dynamic Term Fund - Direct Plan Monthly IDCW,10.3543
2026-09-04,134494,Quantum Dynamic Term Fund - Direct Plan Growth Option,22.7241
2026-09-04,134495,UTI Medium Term Fund - Regular Plan - Monthly IDCW,13.8826
2026-09-04,134497,UTI Medium Term Fund - Regular Plan - Half-Yearly IDCW,10.2384
2026-09-04,134498,UTI Medium Term Fund - Regular Plan - Dicontinued Flexi IDCW,14.2212
2026-09-04,134499,UTI Medium Term Fund - Regular Plan - Growth Option,19.2499
2026-09-04,134500,UTI Medium Term Fund - Regular Plan - Annual IDCW,14.1189
2026-09-04,134501,UTI Medium Term Fund - Direct Plan - Monthly IDCW,10.4212
2026-09-04,134502,UTI Medium Term Fund - Direct Plan - Discontinued Quarterly IDCW,15.5656
2026-09-04,134503,UTI Medium Term Fund - Direct Plan - Growth Option,20.8034
2026-09-04,134504,UTI Medium Term Fund - Direct Plan - Half-Yearly IDCW,15.5822
2026-09-04,134505,UTI Medium Term Fund - Direct Plan - Annual IDCW,15.4085
2026-09-04,134517,UTI Short Term Fund - Regular Plan - Annual IDCW,14.9257
2026-09-04,134545,Nippon India Banking and PSU Debt Fund- Growth Plan- Growth Option,21.9981
2026-09-04,134547,Nippon India Banking and PSU DEBT Fund- Direct Plan-Growth Plan- Growth Option,22.9349
2026-09-04,134548,NIPPON INDIA BANKING and PSU DEBT FUND - IDCW Option,21.9981
2026-09-04,134549,NIPPON INDIA BANKING and PSU DEBT FUND - MONTHLY IDCW Option,10.6978
2026-09-04,134550,NIPPON INDIA BANKING and PSU DEBT FUND - Direct Plan - MONTHLY IDCW Option,10.7690
2026-09-04,134551,NIPPON INDIA BANKING and PSU DEBT FUND - QUARTERLY IDCW Option,10.8655
2026-09-04,134552,Nippon India Banking and PSU Debt Fund- Direct Plan-Growth Plan- Bonus Option,22.9342
2026-09-04,134553,NIPPON INDIA BANKING and PSU DEBT FUND - WEEKLY IDCW Option,10.2723
2026-09-04,134554,NIPPON INDIA BANKING and DEBT PSU FUND - Direct Plan - WEEKLY IDCW Option,10.2732
2026-09-04,134555,NIPPON INDIA BANKING and PSU DEBT FUND - Direct Plan - IDCW Option,22.9349
2026-09-04,134556,NIPPON INDIA BANKING and PSU DEBT FUND - Direct Plan - QUARTERLY IDCW Option,10.9372
2026-09-04,134593,Nippon India Equity Savings Fund- Growth Plan- Growth Option,16.4128
2026-09-04,134594,Nippon India Equity Savings Fund- Direct Plan- Growth Plan-Growth Option,18.2989
2026-09-04,134595,Nippon India Equity Savings Fund- Direct Plan- Growth Plan- Bonus Option,18.2989
2026-09-04,134596,NIPPON INDIA EQUITY SAVINGS FUND - IDCW Option,14.0602
2026-09-04,134597,NIPPON INDIA EQUITY SAVINGS FUND - Direct Plan - IDCW Option,15.7739
2026-09-04,134598,NIPPON INDIA EQUITY SAVINGS FUND - MONTHLY IDCW Option,13.8690
2026-09-04,134599,NIPPON INDIA EQUITY SAVINGS FUND - Direct Plan - MONTHLY IDCW Option,15.5463
2026-09-04,134600,NIPPON INDIA EQUITY SAVINGS FUND - QUARTERLY IDCW Option,13.8594
2026-09-04,134601,NIPPON INDIA EQUITY SAVINGS FUND - Direct Plan - QUARTERLY IDCW Option,15.5313
2026-09-04,134602,Nippon India Equity Savings Fund- Growth Plan- Bonus Option,16.4128
2026-09-04,134639,SBI Equity Savings Fund - Regular Plan - Monthly Income Distribution cum Capital Withdrawal Option (IDCW),22.9294
2026-09-04,134640,SBI Equity Savings Fund - Direct Plan - Quarterly Income Distribution cum Capital Withdrawal Option (IDCW),25.9901
2026-09-04,134641,SBI Equity Savings Fund - Direct Plan - Monthly Income Distribution cum Capital Withdrawal Option (IDCW),25.1219
2026-09-04,134642,SBI Equity Savings Fund - Regular Plan - Quarterly Income Distribution cum Capital Withdrawal Option (IDCW),23.3873
2026-09-04,134643,SBI Equity Savings Fund - Direct Plan - Growth,27.4454
2026-09-04,134644,SBI Equity Savings Fund - Regular Plan - Growth,24.7322
2026-09-04,134763,UTI Money Market Fund - Regular Plan - Half-Yearly IDCW,1870.5888
2026-09-04,134782,Nippon India ETF Nifty 50 Value 20,139.3830
2026-09-04,134788,UTI Dynamic Term Fund - Direct Plan - Half-Yearly IDCW,17.5208
2026-09-04,134799,UTI Ultra Short Term Fund - Regular Plan - Half-Yearly IDCW,1029.1379
2026-09-04,134813,Mirae Asset Aggressive Hybrid Fund - Direct Plan - Growth,39.587
2026-09-04,134814,Mirae Asset Aggressive Hybrid Fund - Direct Plan - IDCW,21.079
2026-09-04,134815,Mirae Asset Aggressive Hybrid Fund - Regular Plan - Growth,33.430
2026-09-04,134816,Mirae Asset Aggressive Hybrid Fund - Regular Plan - IDCW,16.833
2026-09-04,134846,LIC MF ULIS (10 Yrs. Single Premium)-Regular Plan-IDCW Reinvestment,36.8242
2026-09-04,134847,LIC MF ULIS (10 Yrs. Regular Premium Reducing Cover Monthly)-Regular Plan-IDCW Reinvestment,36.8242
2026-09-04,134863,LIC MF ULIS (10 Yrs. Regular Premium Uniform Cover Monthly)-Regular Plan-IDCW Reinvestment,36.8242
2026-09-04,134864,LIC MF ULIS (10 Yrs. Regular Premium Reducing Cover Yearly)-Regular Plan-IDCW Reinvestment,36.8242
2026-09-04,134865,LIC MF ULIS (10 Yrs. Regular Premium Reducing Cover Half-Yearly)-Regular Plan-IDCW Reinvestment,36.8242
2026-09-04,134867,LIC MF ULIS (10 Yrs. Regular Premium Uniform Cover Half-Yearly)-Regular Plan-IDCW Reinvestment,36.8242
2026-09-04,134868,LIC MF ULIS (10 Yrs. Regular Premium Uniform Cover Yearly)-Regular Plan-IDCW Reinvestment,36.8242
2026-09-04,134869,LIC MF ULIS (15 Yrs. Regular Premium Reducing Cover Monthly)-Regular Plan-IDCW Reinvestment,36.8242
2026-09-04,134870,LIC MF ULIS (15 Yrs. Regular Premium Reducing Cover Half-Yearly)-Regular Plan-IDCW Reinvestment,36.8242
2026-09-04,134871,LIC MF ULIS (15 Yrs. Regular Premium Reducing Cover Yearly)-Regular Plan-IDCW Reinvestment,36.8242
2026-09-04,134872,LIC MF ULIS (15 Yrs. Regular Premium Uniform Cover Monthly)-Regular Plan-IDCW Reinvestment,36.8242
2026-09-04,134873,LIC MF ULIS (15 Yrs. Regular Premium Uniform Cover Half-Yearly)-Regular Plan-IDCW Reinvestment,36.8242
2026-09-04,134874,LIC MF ULIS (15Yrs. Regular Premium Uniform Cover Yearly)-Regular Plan-IDCW Reinvestment,36.8242
2026-09-04,134875,LIC MF ULIS (10 Yrs. Single Premium)-Direct Plan-IDCW Reinvestment,41.4138
2026-09-04,134876,LIC MF ULIS (10 Yrs. Regular Premium Reducing Cover Monthly)-Direct Plan-IDCW Reinvestment,41.4138
2026-09-04,134877,LIC MF ULIS (10 Yrs. Regular Premium Reducing Cover Yearly)-Direct Plan-IDCW Reinvestment,41.4138
2026-09-04,134878,LIC MF ULIS (10 Yrs. Regular Premium Reducing Cover Half-Yearly)-Direct Plan-IDCW Reinvestment,41.4138
2026-09-04,134879,LIC MF ULIS (10 Yrs. Regular Premium Uniform Cover Half-Yearly)-Direct Plan-IDCW Reinvestment,41.4138
2026-09-04,134880,LIC MF ULIS (10 Yrs. Regular Premium Uniform Cover Yearly)-Direct Plan-IDCW Reinvestment,41.4138
2026-09-04,134881,LIC MF ULIS (10 Yrs. Regular Premium Uniform Cover Monthly)-Direct Plan-IDCW Reinvestment,41.4138
2026-09-04,134882,LIC MF ULIS (15 Yrs. Regular Premium Reducing Cover Half-Yearly)-Direct Plan-IDCW Reinvestment,41.4138
2026-09-04,134883,LIC MF ULIS (15 Yrs. Regular Premium Reducing Cover Yearly)-Direct Plan-IDCW Reinvestment,41.4138
2026-09-04,134884,LIC MF ULIS (15 Yrs. Regular Premium Reducing Cover Monthly)-Direct Plan-IDCW Reinvestment,41.4138
2026-09-04,134885,LIC MF ULIS (15 Yrs. Regular Premium Uniform Cover Half-Yearly)-Direct Plan-IDCW Reinvestment,41.4138
2026-09-04,134886,LIC MF ULIS (15 Yrs. Regular Premium Uniform Cover Yearly)-Direct Plan-IDCW Reinvestment,41.4138
2026-09-04,134887,LIC MF ULIS (15 Yrs. Regular Premium Uniform Cover Monthly)-Direct Plan-IDCW Reinvestment,41.4138
2026-09-04,134922,Nippon India US Equity Opportunities Fund- Growth Plan- Growth Option,42.3514
2026-09-04,134923,Nippon India US Equity Opportunities Fund- Direct Plan- Growth Plan- Growth Option,47.8529
2026-09-04,134924,NIPPON INDIA - US EQUITY OPPORTUNITIES FUND - IDCW Option,42.3514
2026-09-04,134925,NIPPON INDIA - US EQUITY OPPORTUNITIES FUND - Direct Plan - IDCW Option,47.8529
2026-09-04,134954,JM Large Cap Fund (Regular) - Quarterly IDCW,34.7392
2026-09-04,134955,JM Large Cap Fund (Regular) - Half Yearly IDCW,25.235
2026-09-04,134956,JM Large Cap Fund (Direct) - Monthly IDCW,73.148
2026-09-04,134957,JM Large Cap Fund (Direct) - Half Yearly IDCW,73.301
2026-09-04,134958,JM Large Cap Fund (Direct) - Annual IDCW,73.8169
2026-09-04,134959,JM Large Cap Fund (Regular) - Monthly IDCW,23.9188
2026-09-04,134960,JM Large Cap Fund (Direct) - Quarterly IDCW,73.8301
2026-09-04,134961,JM Large Cap Fund (Regular) - Annual IDCW,30.7291
2026-09-04,134972,UTI Money Market Fund - Regular Plan - Annual IDCW,1982.7414
2026-09-04,134973,UTI Money Market Fund - Direct Plan - Annual IDCW,2001.7777
2026-09-04,134998,UTI Medium to Long Term Fund - Direct Plan - Half-Yearly IDCW,15.6219
2026-09-04,135051,UTI Credit Risk Fund - Regular Plan - Discontinued Flexi IDCW,11.9113
2026-09-04,135106,SBI Nifty 50 ETF,257.6001
2026-09-04,135120,Axis Equity Savings Fund - Direct Plan - Growth,26.69
2026-09-04,135121,Axis Equity Savings Fund - Direct Plan - Monthly IDCW,13.46
2026-09-04,135122,Axis Equity Savings Fund - Regular Plan - Growth,23.25
2026-09-04,135123,Axis Equity Savings Fund - Regular Plan - Monthly IDCW,11.14
2026-09-04,135124,Axis Equity Savings Fund - Direct Plan - Quarterly IDCW,13.94
2026-09-04,135125,Axis Equity Savings Fund - Regular Plan - Quarterly IDCW,11.73
2026-09-04,135167,JM Arbitrage Fund (Regular) - Annual IDCW,15.3204
2026-09-04,135168,JM Arbitrage Fund (Regular) - Monthly IDCW,13.6338
2026-09-04,135169,JM Arbitrage Fund (Regular) - Quarterly IDCW,15.6603
2026-09-04,135170,JM Arbitrage Fund (Regular) - Half Yearly IDCW,15.4318
2026-09-04,135171,JM Arbitrage Fund (Direct) - Half Yearly IDCW,17.2418
2026-09-04,135172,JM Arbitrage Fund (Direct) - Monthly IDCW,15.0522
2026-09-04,135173,JM Arbitrage Fund (Direct) - Annual IDCW,16.9626
2026-09-04,135174,JM Arbitrage Fund (Direct) - Quarterly IDCW,17.7127
2026-09-04,135191,UTI Ultra Short to Short Term Fund - Direct Plan - Fortnightly IDCW,1342.0507
2026-09-04,135290,UTI Credit Risk Fund - Direct Plan - Annual IDCW,13.2602
2026-09-04,135320,UTI Nifty 50 ETF,265.2649
2026-09-04,135321,UTI BSE Sensex ETF,848.6695
2026-09-04,135336,UTI Dynamic Term Fund - Regular Plan - Discontinued Flexi IDCW,17.1908
2026-09-04,135341,Groww Value Fund (formerly known as Indiabulls Value Fund) - Direct Plan - Growth Option,33.1319
2026-09-04,135342,Groww Value Fund (formerly known as Indiabulls Value Fund)- Direct Plan- - Income Distribution cum capital withdrawal Option (Payout & Reinvestment),33.0084
2026-09-04,135343,Groww Value Fund (formerly known as Indiabulls Value Fund) - Regular Plan - Growth Option,27.3537
2026-09-04,135344,Groww Value Fund (formerly known as Indiabulls Value Fund)- Regular Plan - Income Distribution cum capital withdrawal Option (Payout & Reinvestment),27.3447
2026-09-04,135371,UTI Money Market Fund - Regular Plan - Fortnightly IDCW,1161.8653
2026-09-04,135390,ICICI Prudential Nifty 50 Index Fund - IDCW Option,32.2810
2026-09-04,135391,ICICI Prudential Nifty 50 Index Fund - Direct Plan IDCW Option,34.0228
2026-09-04,135418,UTI Credit Risk Fund - Direct Plan - Half-Yearly IDCW,13.3137
2026-09-04,135419,UTI Credit Risk Fund - Regular Plan - Half-Yearly IDCW,12.3087
2026-09-04,135497,UTI Short Term Fund - Direct Plan - Annual IDCW,13.6892
2026-09-04,135500,Kotak Short Term Fund - Direct - Standard Income Distribution cum capital withdrawal option,16.2859
2026-09-04,135501,Kotak Short Term Fund - Regular Plan - Normal Dividend,12.2733
2026-09-04,135536,UTI Dynamic Term Fund - Direct Plan - Annual IDCW,15.1005
2026-09-04,135581,UTI Medium to Long Term Fund - Regular Plan - Half-Yearly IDCW,15.0624
2026-09-04,135598,PGIM India ELSS Tax Saver Fund - Regular Plan - Growth Option,34.94
2026-09-04,135599,PGIM India ELSS Tax Saver Fund - Regular Plan - Dividend Option,16.7
2026-09-04,135600,PGIM India ELSS Tax Saver Fund - Direct Plan - Dividend Option,18.04
2026-09-04,135601,PGIM India ELSS Tax Saver Fund - Direct Plan - Growth Option,40.68
2026-09-04,135606,UTI Money Market Fund - Direct Plan - Fortnightly IDCW,1253.9729
2026-09-04,135607,LIC MF Nifty 50 ETF,268.3755
2026-09-04,135672,LIC MF BSE Sensex ETF,865.1072
2026-09-04,135677,Navi Large & Midcap Fund- Direct Plan- Growth Option,44.9807
2026-09-04,135678,Navi Large & Midcap Fund- Regular Plan- Growth Option,36.8549
2026-09-04,135679,Navi Large & Midcap Fund - Direct Normal IDCW Payout,44.4382
2026-09-04,135680,Navi Large & Midcap Fund - Regular Normal IDCW Payout,36.8505
2026-09-04,135721,UTI Liquid Fund - Regular Plan - Quarterly IDCW,191.8009
2026-09-04,135744,Kotak Nifty 50 Value 20 ETF - Payout of Income Distribution cum capital withdrawal option,13.9264
2026-09-04,135759,Axis Children's Fund - Lock in - Regular Growth,26.4142
2026-09-04,135760,Axis Children's Fund - Lock in - Regular Plan - IDCW,24.3692
2026-09-04,135761,Axis Children's Fund - No Lock in - Regular Plan - IDCW,24.3472
2026-09-04,135762,Axis Children's Fund - Lock in - Direct Growth,30.3228
2026-09-04,135763,Axis Children's Fund - No Lock in - Direct Plan - IDCW,27.9856
2026-09-04,135764,Axis Children's Fund - No Lock in - Direct Growth,30.9027
2026-09-04,135765,Axis Children's Fund - Lock in - Direct Plan - IDCW,27.9328
2026-09-04,135766,Axis Children's Fund - No Lock in - Regular Plan - Growth,26.4109
2026-09-04,135781,Mirae Asset ELSS Tax Saver Fund - Direct Plan - Growth,57.737
2026-09-04,135782,Mirae Asset ELSS Tax Saver Fund - Direct Plan - IDCW,26.979
2026-09-04,135783,Mirae Asset ELSS Tax Saver Fund - Regular Plan - IDCW,22.658
2026-09-04,135784,Mirae Asset ELSS Tax Saver Fund - Regular Plan - Growth,50.482
2026-09-04,135789,TATA Banking & Financial Services Fund Direct Plan - Payout of Income Distribution cum capital withdrawal option,51.1382
2026-09-04,135790,TATA Banking & Financial Services Fund Regular Plan - Payout of Income Distribution cum capital withdrawal option,39.3850
2026-09-04,135791,TATA Banking & Financial Services Fund Regular Plan - Reinvestment of Income Distribution cum capital withdrawal option,39.3850
2026-09-04,135792,TATA Banking & Financial Services Fund Direct Plan - Reinvestment of Income Distribution cum capital withdrawal option,51.1382
2026-09-04,135793,Tata Banking And Financial Services Fund-Direct Plan-Growth,52.7918
2026-09-04,135794,Tata Banking And Financial Services Fund-Regular Plan-Growth,44.6100
2026-09-04,135795,TATA Digital India Fund Direct Plan - Payout of Income Distribution cum capital withdrawal option,47.9928
2026-09-04,135796,TATA Digital India Fund Regular Plan - Payout of Income Distribution cum capital withdrawal option,40.3821
2026-09-04,135797,Tata Digital India Fund-Regular Plan-Growth,42.0402
2026-09-04,135798,TATA Digital India Fund Direct Plan - Reinvestment of Income Distribution cum capital withdrawal option,47.9928
2026-09-04,135799,TATA Digital India Fund Regular Plan - Reinvestment of Income Distribution cum capital withdrawal option,40.3821
2026-09-04,135800,Tata Digital India Fund-Direct Plan-Growth,49.6573
2026-09-04,135801,TATA India Consumer Fund Direct Plan - Reinvestment of Income Distribution cum capital withdrawal option,53.8575
2026-09-04,135802,TATA India Consumer Fund Regular Plan - Payout of Income Distribution cum capital withdrawal option,42.2041
2026-09-04,135803,TATA India Consumer Fund Regular Plan - Reinvestment of Income Distribution cum capital withdrawal option,42.2041
2026-09-04,135804,Tata India Consumer Fund-Regular Plan-Growth,47.6169
2026-09-04,135805,Tata India Consumer Fund-Direct Plan-Growth,55.5718
2026-09-04,135806,TATA India Consumer Fund Direct Plan - Payout of Income Distribution cum capital withdrawal option,53.8575
2026-09-04,135807,TATA India Pharma & Health Care Fund Direct Plan - Payout of Income Distribution cum capital withdrawal option,38.2292
2026-09-04,135808,TATA India Pharma & Healthcare Fund Direct Plan - Reinvestment of Income Distribution cum capital withdrawal option,38.2292
2026-09-04,135809,TATA India Pharma & Health Care Fund Regular Plan - Payout of Income Distribution cum capital withdrawal option,32.1479
2026-09-04,135810,Tata India Pharma & Healthcare Fund-Direct Plan-Growth,39.5136
2026-09-04,135811,TATA India Pharma & Healthcare Fund Regular Plan - Reinvestment of Income Distribution cum capital withdrawal option,32.1479
2026-09-04,135812,Tata India Pharma & Healthcare Fund-Regular Plan-Growth,33.4268
2026-09-04,135813,Tata Resources & Energy Fund-Direct Plan-Growth,58.6553
2026-09-04,135814,TATA Resources & Energy Fund Regular Plan - Payout of Income Distribution cum capital withdrawal option,43.1844
2026-09-04,135815,Tata Resources & Energy Fund-Regular Plan-Growth,49.1386
2026-09-04,135816,TATA Resources & Energy Fund Direct Plan - Reinvestment of Income Distribution cum capital withdrawal option,56.8845
2026-09-04,135817,TATA Resources & Energy Fund Direct Plan - Payout of Income Distribution cum capital withdrawal option,56.8845
2026-09-04,135818,TATA Resources & Energy Fund Regular Plan - Reinvestment of Income Distribution cum capital withdrawal option,43.1844
2026-09-04,135853,HDFC NIFTY 50 ETF - Growth Plan,269.6225
2026-09-04,135854,HDFC BSE Sensex ETF - Growth Plan,86.8954
2026-09-04,135914,BANDHAN Corporate Bond Fund - Regular Growth,20.5297
2026-09-04,135915,BANDHAN Corporate Bond Fund - Regular Periodic IDCW,13.8397
2026-09-04,135916,BANDHAN Corporate Bond Fund - Direct Growth,21.2201
2026-09-04,135917,BANDHAN Corporate Bond Fund - Direct Periodic IDCW,14.0783
2026-09-04,135976,LIC MF ULIS (10 Yrs. Regular Premium Reducing Cover Quarterly)-Direct Plan-IDCW Reinvestment,41.4138
2026-09-04,135977,LIC MF ULIS (10 Yrs. Regular Premium Uniform Cover Quarterly)-Direct Plan-IDCW Reinvestment,41.4138
2026-09-04,135978,LIC MF ULIS (15 Yrs. Regular Premium Reducing Cover Quarterly)-Direct Plan-IDCW Reinvestment,41.4138
2026-09-04,135979,LIC MF ULIS (10 Yrs. Regular Premium Reducing Cover Quarterly)-Regular Plan-IDCW Reinvestment,36.8242
2026-09-04,135980,LIC MF ULIS (15 Yrs. Regular Premium Uniform Cover Quarterly)-Direct Plan-IDCW Reinvestment,41.4138
2026-09-04,135981,LIC MF ULIS (15 Yrs. Regular Premium Reducing Cover Quarterly)-Regular Plan-IDCW Reinvestment,36.8242
2026-09-04,135982,LIC MF ULIS (15 Yrs. Regular Premium Uniform Cover Quarterly)-Regular Plan-IDCW Reinvestment,36.8242
2026-09-04,135983,LIC MF ULIS (10 Yrs. Regular Premium Uniform Cover Quarterly)-Regular Plan-IDCW Reinvestment,36.8242
2026-09-04,136090,HDFC Retirement Fund - Equity Plan - Growth Option,48.711
2026-09-04,136094,HDFC Retirement Fund - Equity Plan - Growth Option - Direct Plan,55.794
2026-09-04,136110,UTI Banking & PSU Debt Fund - Regular Plan - Monthly IDCW,13.4286
2026-09-04,136111,Invesco India Ultra Short Term Fund - Regular Plan - Daily IDCW (Reinvestment),1472.8911
2026-09-04,136112,Invesco India Ultra Short Term Fund - Direct Plan - Daily IDCW (Reinvestment),1577.8186
2026-09-04,136113,ICICI Prudential Aggressive Hybrid Fund - Annual IDCW,25.78
2026-09-04,136114,ICICI Prudential Aggressive Hybrid Fund - Direct Plan - Annual IDCW,28.91
2026-09-04,136302,UTI Credit Risk Fund - Direct Plan - Discontinued Flexi IDCW,13.2643
2026-09-04,136345,UTI Ultra Short to Short Term Fund - Regular Plan - Half-Yearly IDCW,1507.6858
2026-09-04,136463,HDFC Retirement Fund - Hybrid-Equity Plan - Growth Option,37.074
2026-09-04,136464,HDFC Retirement Fund - Hybrid-Equity Plan - Growth Option - Direct Plan,42.602
2026-09-04,136465,HDFC Retirement Fund - Hybrid-Debt Plan - Growth Option - Direct Plan,24.8394
2026-09-04,136466,HDFC Retirement Fund - Hybrid-Debt Plan - Growth Option,21.7588
2026-09-04,136473,LIC MF Nifty 100 ETF,274.5706
2026-09-04,136563,DSP Equity Savings Fund - Regular Plan - Growth,22.2310
2026-09-04,136564,DSP Equity Savings Fund - Regular Plan - IDCW,12.1060
2026-09-04,136565,DSP Equity Savings Fund - Regular Plan - IDCW - Monthly,13.3740
2026-09-04,136566,DSP Equity Savings Fund - Regular Plan - IDCW - Quarterly,13.4470
2026-09-04,136567,DSP Equity Savings Fund - Direct Plan - Growth,25.1680
2026-09-04,136568,DSP Equity Savings Fund - Direct Plan - IDCW,13.6610
2026-09-04,136569,DSP Equity Savings Fund - Direct Plan - IDCW - Monthly,17.1490
2026-09-04,136570,DSP Equity Savings Fund - Direct Plan - IDCW - Quarterly,17.1360
2026-09-04,138285,PGIM India Liquid Fund - Daily Dividend,100.304
2026-09-04,138287,PGIM India Liquid Fund - Monthly Dividend,116.2094
2026-09-04,138288,PGIM India Liquid Fund - Growth,365.5061
2026-09-04,138289,PGIM India Liquid Fund - Weekly Dividend,100.6556
2026-09-04,138297,PGIM India Liquid Fund - Direct Plan - Daily Dividend,131.9857
2026-09-04,138298,PGIM India Liquid Fund - Direct Plan - Monthly Dividend,115.8019
2026-09-04,138299,PGIM India Liquid Fund - Direct Plan - Growth,370.3441
2026-09-04,138301,PGIM India Liquid Fund - Direct Plan - Weekly Dividend,100.6577
2026-09-04,138307,PGIM India Large Cap Fund - Dividend,18.12
2026-09-04,138308,PGIM India Large Cap Fund - Growth,330.22
2026-09-04,138312,PGIM India Large Cap Fund - Direct Plan - Growth,398.64
2026-09-04,138313,PGIM India Large Cap Fund - Direct Plan - Dividend,26.33
2026-09-04,138315,PGIM India Corporate Bond Fund - Quarterly Dividend,11.3149
2026-09-04,138316,PGIM India Corporate Bond Fund - Monthly Dividend,12.1379
2026-09-04,138317,PGIM India Corporate Bond Fund - Annual Dividend,10.2959
2026-09-04,138318,PGIM India Corporate Bond Fund - Growth,45.5568
2026-09-04,138329,PGIM India Corporate Bond Fund - Direct Plan - Annual Dividend,15.9382
2026-09-04,138330,PGIM India Corporate Bond Fund - Direct Plan - Growth,51.1845
2026-09-04,138331,PGIM India Corporate Bond Fund - Direct Plan - Monthly Dividend,14.1875
2026-09-04,138332,PGIM India Corporate Bond Fund - Direct Plan - Quarterly Dividend,12.887
2026-09-04,138341,PGIM India Ultra Short Term Fund - Weekly Dividend,10.0968
2026-09-04,138342,PGIM India Ultra Short Term Fund - Daily Dividend,10.0203
2026-09-04,138343,PGIM India Ultra Short Term Fund - Growth,36.4019
2026-09-04,138344,PGIM India Ultra Short Term Fund - Monthly Dividend,15.7211
2026-09-04,138358,PGIM India Ultra Short Term Fund - Direct Plan - Growth,38.3432
2026-09-04,138359,PGIM India Ultra Short Term Fund - Direct Plan - Monthly Dividend,12.2771
2026-09-04,138361,PGIM India Ultra Short Term Fund - Direct Plan - Daily Dividend,10.0241
2026-09-04,138362,PGIM India Ultra Short Term Fund - Direct Plan - Weekly Dividend,10.2859
2026-09-04,138369,PGIM India Equity Savings Fund - Monthly Dividend option,12.3487
2026-09-04,138371,PGIM India Equity Savings Fund - Annual Dividend option,14.7268
2026-09-04,138372,PGIM India Equity Savings Fund - Growth Option,51.1498
2026-09-04,138375,PGIM India Equity Savings Fund - Direct Plan - Annual Dividend,15.7391
2026-09-04,138376,PGIM India Equity Savings Fund - Direct Plan - Growth,58.4163
2026-09-04,138377,PGIM India Equity Savings Fund - Direct Plan - Monthly Dividend,13.6512
2026-09-04,138381,PGIM India Aggressive Hybrid Equity Fund - Dividend Option,13.84
2026-09-04,138382,PGIM India Aggressive Hybrid Equity Fund - Growth Option,129.06
2026-09-04,138386,PGIM India Aggressive Hybrid Equity Fund - Direct Plan - Growth,156.84
2026-09-04,138387,PGIM India Aggressive Hybrid Equity Fund - Direct Plan - Dividend,24.9
2026-09-04,138453,PGIM India Emerging Markets Equity Fund of Fund- Growth,22.55
2026-09-04,138456,PGIM India Emerging Markets Equity Fund of Fund - Direct Plan - Growth,25.99
2026-09-04,138467,PGIM India Gilt Fund - Quarterly Dividend,13.0798
2026-09-04,138470,PGIM India Gilt Fund - Growth,30.693
2026-09-04,138472,PGIM India Gilt Fund - Direct Plan - Growth,33.5412
2026-09-04,138474,PGIM India Gilt Fund - Direct Plan - Quarterly Dividend,13.9604
2026-09-04,138523,PGIM India Global Equity Opportunities Fund of Fund- Growth,48.1
2026-09-04,138528,PGIM India Global Equity Opportunities Fund of Fund- Direct Plan - Growth,55.01
2026-09-04,138875,PGIM India Arbitrage Fund - Direct Plan - Growth,21.0488
2026-09-04,138876,PGIM India Arbitrage Fund - Regular Plan - Growth,19.5379
2026-09-04,138877,PGIM India Arbitrage Fund - Direct Plan - Regular Dividend,12.5227
2026-09-04,138878,PGIM India Arbitrage Fund - Direct Plan - Monthly Dividend,11.4714
2026-09-04,138883,PGIM India Arbitrage Fund - Regular Plan - Monthly Dividend,11.2353
2026-09-04,138887,PGIM India Arbitrage Fund - Regular Plan - Regular Dividend,11.7469
2026-09-04,139181,UTI Dynamic Term Fund - Regular Plan - Half-Yearly IDCW,15.9821
2026-09-04,139198,BANDHAN Corporate Bond Fund - Direct Monthly IDCW,10.3645
2026-09-04,139199,BANDHAN Corporate Bond Fund - Direct Quarterly IDCW,10.7485
2026-09-04,139200,BANDHAN Corporate Bond Fund - Direct Half Yearly IDCW,11.9070
2026-09-04,139201,BANDHAN Corporate Bond Fund - Direct Annual IDCW,10.5720
2026-09-04,139202,BANDHAN Corporate Bond Fund - Regular Monthly IDCW,10.6181
2026-09-04,139203,BANDHAN Corporate Bond Fund - Regular Half Yearly IDCW,11.2574
2026-09-04,139204,BANDHAN Corporate Bond Fund - Regular Annual IDCW,10.5488
2026-09-04,139205,BANDHAN Corporate Bond Fund - Regular Quarterly IDCW,10.7745
2026-09-04,139235,Canara Robeco Liquid Fund -Unclaimed Redemption and Dividend Plan -Direct Growth Option,1856.3802
2026-09-04,139236,UTI MMF - Regular Plan - Flexi Dividend Option,1288.0295
2026-09-04,139339,UTI Medium to Long Term Fund - Direct Plan - Annual IDCW,13.3929
2026-09-04,139386,Navi Liquid Fund-Unclaimed Redemption and Dividend Plan less than 3 years,30.5014
2026-09-04,139387,Invesco India Liquid Fund - Unclaimed Redemption Plan - Below 3 years,1845.9195
2026-09-04,139388,Invesco India Liquid Fund - Unclaimed Redemption Plan - Above 3 Years,1000
2026-09-04,139389,Invesco India Liquid Fund - Unclaimed Dividend Plan - Below 3 Years,1846.3357
2026-09-04,139390,Invesco India Liquid Fund - Unclaimed Dividend Plan - Above 3 Years,1000
2026-09-04,139407,UTI Banking & PSU Debt Fund - Regular Plan - Half-Yearly IDCW,15.7136
2026-09-04,139430,SBI Nifty 10 yr Benchmark G-Sec ETF,263.7035
2026-09-04,139455,ICICI Prudential Nifty50 Value 20 ETF,13.5820
2026-09-04,139496,Nippon India ETF Nifty 8-13 yr G-Sec Long Term Gilt,29.8488
2026-09-04,139519,ICICI Prudential BSE Midcap Select ETF,19.9222
2026-09-04,139520,Axis Equity Savings Fund - Direct Plan - Regular IDCW,13.25
2026-09-04,139521,Axis Equity Savings Fund - Regular Plan - Regular IDCW,12.31
2026-09-04,139527,BANK OF INDIA MID & SMALL CAP EQUITY & DEBT FUND - DIRECT PLAN GROWTH,47.84
2026-09-04,139528,BANK OF INDIA MID & SMALL CAP EQUITY & DEBT FUND - REGULAR  PLAN IDCW,34.50
2026-09-04,139529,BANK OF INDIA MID & SMALL CAP EQUITY & DEBT FUND - REGULAR  PLAN  GROWTH,43.22
2026-09-04,139530,BANK OF INDIA MID & SMALL CAP EQUITY & DEBT FUND - DIRECT PLAN IDCW,36.76
2026-09-04,139534,Mahindra Manulife Liquid Fund - Regular Plan - Daily IDCW,1001.6836
2026-09-04,139535,Mahindra Manulife Liquid Fund - Direct Plan - Daily IDCW,1298.2932
2026-09-04,139536,Mahindra Manulife Liquid Fund - Direct Plan - Weekly IDCW,1003.1589
2026-09-04,139537,Mahindra Manulife Liquid Fund - Regular Plan - Growth,1827.0261
2026-09-04,139538,Mahindra Manulife Liquid Fund - Direct Plan -Growth,1849.0019
2026-09-04,139541,Mahindra Manulife Liquid Fund - Regular Plan - Weekly IDCW,1009.5752
2026-09-04,139568,UTI Ultra Short Term Fund - Direct Plan - Annual IDCW,1545.4265
2026-09-04,139581,Aditya Birla Sun Life BSE Sensex ETF,77.2303
2026-09-04,139582,BANDHAN LIQUID Fund - Unclaimed IDCW Less than 3 years,1.8252
2026-09-04,139583,BANDHAN LIQUID Fund - Unclaimed IDCW More than 3 years,1.0000
2026-09-04,139584,BANDHAN LIQUID Fund - Unclaimed Redemption Less than 3 years,1.8252
2026-09-04,139585,BANDHAN LIQUID Fund - Unclaimed Redemption More than 3 years,1.0000
2026-09-04,139617,Taurus Unclaimed Redemption - Growth,17.7608
2026-09-04,139618,Taurus Investor Education Pool - Unclaimed Redemption - Growth,10.0000
2026-09-04,139619,Taurus Investor Education Pool - Unclaimed Dividend - Growth,10.0000
2026-09-04,139646,UTI Money Market Fund - Regular Plan - Quarterly IDCW,1024.7712
2026-09-04,139679,NIPPON INDIA AGGRESSIVE HYBRID FUND - DIRECT Plan - MONTHLY IDCW Option,18.7949
2026-09-04,139680,NIPPON INDIA AGGRESSIVE HYBRID FUND - MONTHLY IDCW Option,16.7003
2026-09-04,139709,Sundaram Long Term Micro Cap Tax Advantage Fund Series III Regular Plan - Growth,36.0932
2026-09-04,139710,Sundaram Long Term Micro Cap Tax Advantage Fund Series III Direct Plan - Payout of Income Distribution cum Capital Withdrawal (IDCW),32.6737
2026-09-04,139711,Sundaram Long Term Micro Cap Tax Advantage Fund Series III Direct Plan - Growth,37.2578
2026-09-04,139712,Sundaram Long Term Micro Cap Tax Advantage Fund Series III Regular Plan - Payout of Income Distribution cum Capital Withdrawal (IDCW),31.5788
2026-09-04,139780,Mahindra Manulife ELSS Tax Saver Fund - Regular Plan - IDCW,16.2225
2026-09-04,139781,Mahindra Manulife ELSS Tax Saver Fund - Direct Plan -Growth,32.6871
2026-09-04,139782,Mahindra Manulife ELSS Tax Saver Fund- Direct Plan - IDCW,20.5806
2026-09-04,139783,Mahindra Manulife ELSS Tax Saver Fund- Regular Plan - Growth,27.3967
2026-09-04,139820,PGIM India Aggressive Hybrid Equity Fund-Direct Plan-Monthly Dividend Option,24.85
2026-09-04,139821,PGIM India Aggressive Hybrid Equity Fund-Monthly Dividend Option,21.92
2026-09-04,139838,UTI Liquid Fund - Regular Plan - Fortnightly IDCW,115.6639
2026-09-04,139839,BANDHAN Nifty 50 ETF,264.3363
2026-09-04,139840,BANDHAN BSE Sensex ETF,833.0781
2026-09-04,139863,Motilal Oswal Balanced Advantage Fund (MOFDYNAMIC) - Regular Plan - Annual Dividend Payout Option,13.1283
2026-09-04,139865,Motilal Oswal Balanced Advantage Fund Direct - Quarterly IDCW Payout/Reinvestment,12.2346
2026-09-04,139866,Motilal Oswal Balanced Advantage Fund Direct - Annual IDCW Payout/Reinvestment,14.0527
2026-09-04,139870,Motilal Oswal Balanced Advantage Fund (MOFDYNAMIC) - Regular Plan - Growth Option,19.4722
2026-09-04,139871,Motilal Oswal Balanced Advantage Fund Regular - Quarterly IDCW Payout/Reinvestment,11.2836
2026-09-04,139872,Motilal Oswal Balanced Advantage Fund  (MOFDYNAMIC) - Direct Plan - Growth Option,21.9641
2026-09-04,139889,Franklin India Liquid Fund - Unclaimed Redemption Plan - Growth,18.0084
2026-09-04,139890,Franklin India Liquid Fund - Unclaimed IDCW Plan - Growth,18.0084
2026-09-04,139891,Franklin India Liquid Fund - Unclaimed Redemption Investor Education Plan - Growth,10.0000
2026-09-04,139892,Franklin India Liquid Fund - Unclaimed IDCW Investor Education Plan - Growth,10.0000
2026-09-04,139989,Sundaram Long Term Micro Cap Tax Advantage Fund Series IV Direct Plan - Payout of Income Distribution cum Capital Withdrawal (IDCW),30.5894
2026-09-04,139990,Sundaram Long Term Micro Cap Tax Advantage Fund Series IV Direct Plan - Growth,32.1386
2026-09-04,139991,Sundaram Long Term Micro Cap Tax Advantage Fund Series IV Regular Plan - Payout of Income Distribution cum Capital Withdrawal (IDCW),29.8444
2026-09-04,139992,Sundaram Long Term Micro Cap Tax Advantage Fund Series IV Regular Plan - Growth,31.3891
2026-09-04,140023,UTI Money Market Fund - Direct Plan - Half-Yearly IDCW,1884.4658
2026-09-04,140024,UTI Liquid Fund - Direct Plan - Quarterly IDCW,193.299
2026-09-04,140084,Nippon India ETF Nifty 50 BeES,272.5784
2026-09-04,140085,Nippon India ETF Nifty Next 50 Junior BeES,788.9772
2026-09-04,140086,Nippon India ETF Nifty 1D Rate Liquid BeES - DAILY IDCW Option,1000.0000
2026-09-04,140087,Nippon India ETF Nifty Bank BeES,594.8343
2026-09-04,140088,Nippon India ETF Gold BeES,126.9779
2026-09-04,140089,Nippon India ETF Nifty PSU Bank BeES,95.1323
2026-09-04,140094,Nippon India ETF Nifty 50 Shariah BeES,452.9243
2026-09-04,140095,Nippon India ETF Hang Seng BeES,459.4592
2026-09-04,140102,Nippon India ETF Nifty Infrastructure BeES,952.0838
2026-09-04,140107,CPSE ETF,93.8106
2026-09-04,140116,UTI Banking & PSU Debt Fund - Regular Plan - Annual IDCW,13.4448
2026-09-04,140135,UTI Banking & PSU Debt Fund - Direct Plan - Annual IDCW,13.7452
2026-09-04,140172,Edelweiss Large & Mid Cap Fund - Regular Plan - Growth Option,91.136
2026-09-04,140173,Edelweiss Large and Mid Cap Fund - Regular Plan - IDCW Option,34.758
2026-09-04,140174,Edelweiss Large and Mid Cap Fund - Direct Plan - IDCW Option,42.244
2026-09-04,140175,Edelweiss Large & Mid Cap Fund - Direct Plan - Growth Option,108.91
2026-09-04,140176,Edelweiss Liquid Fund - Retail Plan - Growth Option,3267.0671
2026-09-04,140177,Edelweiss Liquid Fund - Retail Plan Daily - IDCW Option,1170.8463
2026-09-04,140178,Edelweiss Liquid Fund - Retail Plan - Weekly Dividend Option,1232.1444
2026-09-04,140180,Edelweiss Liquid Fund - Retail Plan Monthly - IDCW Option,1246.4235
2026-09-04,140181,Edelweiss Liquid Fund - Regular Plan Daily - IDCW Option,1330.1896
2026-09-04,140182,Edelweiss Liquid Fund - Regular Plan - Growth Option,3592.4729
2026-09-04,140183,Edelweiss Liquid Fund - Regular Plan Monthly - IDCW Option,1084.899
2026-09-04,140184,Edelweiss Liquid Fund - Regular Plan Fortnightly - IDCW Option,2156.412
2026-09-04,140185,Edelweiss Liquid Fund - Regular Plan Weekly - IDCW Option,1216.3691
2026-09-04,140188,Edelweiss Liquid Fund - Regular Plan Annual - IDCW Option,2334.5399
2026-09-04,140189,Edelweiss Liquid Fund - Regular Plan - Bonus Option,2092.7602
2026-09-04,140190,Edelweiss Liquid Fund - Regular Plan - IDCW Option,3441.3368
2026-09-04,140192,Edelweiss Liquid Fund - Direct Plan Annual - IDCW Option,3518.5499
2026-09-04,140193,Edelweiss Liquid Fund - Direct Plan daily - IDCW Option,1194.3847
2026-09-04,140194,Edelweiss Liquid Fund - Direct Plan - Bonus Option,2134.9773
2026-09-04,140195,Edelweiss Liquid Fund - Direct Plan weekly - IDCW Option,2175.15
2026-09-04,140196,Edelweiss Liquid Fund - Direct Plan - Growth Option,3669.7301
2026-09-04,140197,Edelweiss Liquid Fund - Direct Plan Monthly - IDCW Option,1006.5894
2026-09-04,140198,Edelweiss Liquid Fund - Direct Plan - IDCW Option,3518.5907
2026-09-04,140199,Edelweiss Liquid Fund - Direct Plan Fortnightly - IDCW Option,2477.3063
2026-09-04,140225,Edelweiss Mid Cap Fund - Regular Plan - Growth Option,109.802
2026-09-04,140226,Edelweiss Mid Cap Fund - Regular Plan - IDCW Option,63.303
2026-09-04,140227,Edelweiss Mid Cap Fund - Direct Plan - IDCW Option,94.789
2026-09-04,140228,Edelweiss Mid Cap Fund - Direct Plan - Growth Option,129.994
2026-09-04,140229,Edelweiss Money Market Fund - Regular Plan - Growth Option,30.5047
2026-09-04,140230,Edelweiss Money Market Fund - Institutional Plan - Growth Option,26.1039
2026-09-04,140232,Edelweiss Money Market Fund - Regular Plan - IDCW Option,26.8825
2026-09-04,140233,Edelweiss Money Market Fund - Regular Plan - Annual - IDCW Option,28.2377
2026-09-04,140235,Edelweiss Money Market Fund - Direct Plan - IDCW Option,29.7751
2026-09-04,140236,Edelweiss Money Market Fund - Direct Plan - Annual - IDCW Option,31.848
2026-09-04,140237,Edelweiss Money Market Fund - Direct Plan - Growth Option,33.8725
2026-09-04,140242,Edelweiss Greater China Equity Off-shore Fund - Regular Plan - Growth Option,63.609
2026-09-04,140243,Edelweiss Greater China Equity Off-shore Fund - Direct Plan - Growth Option,72.19
2026-09-04,140255,Edelweiss ASEAN Equity Off-shore Fund - Regular Plan - Growth Option,38.304
2026-09-04,140256,Edelweiss ASEAN Equity Off-shore Fund - Direct Plan - Growth Option,43.106
2026-09-04,140273,Edelweiss US Value Equity Offshore Fund - Regular Plan - Growth Option,43.9364
2026-09-04,140274,Edelweiss US Value Equity Offshore Fund - Direct Plan - Growth Option,49.0668
2026-09-04,140283,Edelweiss Banking and PSU Debt Fund - Regular Plan - Growth Option,26.0614
2026-09-04,140284,Edelweiss Banking and PSU Debt Fund - Regular Plan - IDCW Option,17.5151
2026-09-04,140286,Edelweiss Banking and PSU Debt Fund - Direct Plan - Growth Option,27.1011
2026-09-04,140288,Edelweiss Banking and PSU Debt Fund - Direct Plan - IDCW Option,18.4716
2026-09-04,140289,Edelweiss Banking and PSU Debt Fund - Regular Plan Weekly - IDCW Option,10.1649
2026-09-04,140290,Edelweiss Banking and PSU Debt Fund - Direct Plan weekly - IDCW Option,10.573
2026-09-04,140291,Edelweiss Banking and PSU Debt Fund - Direct Plan Fortnightly - IDCW Option,14.3818
2026-09-04,140292,Edelweiss Banking and PSU Debt Fund - Regular Plan Monthly - IDCW Option,11.1887
2026-09-04,140293,Edelweiss Banking and PSU Debt Fund - Direct Plan Monthly - IDCW Option,10.9425
2026-09-04,140294,Edelweiss Banking and PSU Debt Fund - Regular Plan Fortnightly - IDCW Option,13.9024
2026-09-04,140295,Edelweiss Europe Dynamic Equity Offshore Fund - Growth Option - Regular Plan,31.2388
2026-09-04,140296,Edelweiss Europe Dynamic Equity Offshore Fund - Growth Option - Direct Plan,34.7887
2026-09-04,140297,Edelweiss Gilt Fund - Regular Plan - Growth Option,24.8292
2026-09-04,140298,Edelweiss Gilt Fund - Direct Plan - Growth Option,26.6187
2026-09-04,140301,Edelweiss Gilt Fund - Regular Plan - IDCW Option,23.1586
2026-09-04,140302,Edelweiss Gilt Fund - Direct Plan - IDCW Option,24.8244
2026-09-04,140303,Edelweiss Gilt Fund - Regular Plan Weekly - IDCW Option,10.1882
2026-09-04,140304,Edelweiss Gilt Fund - Direct Plan weekly - IDCW Option,13.4646
2026-09-04,140305,Edelweiss Gilt Fund - Regular Plan Fortnightly - IDCW Option,23.3559
2026-09-04,140306,Edelweiss Gilt Fund - Direct Plan Fortnightly - IDCW Option,22.0069
2026-09-04,140307,Edelweiss Gilt Fund - Regular Plan Monthly - IDCW Option,10.3364
2026-09-04,140308,Edelweiss Gilt Fund - Direct Plan Monthly - IDCW Option,16.4731
2026-09-04,140309,Edelweiss Gilt Fund - Direct Plan - Annual Dividend Option,24.9424
2026-09-04,140310,Edelweiss Gilt Fund - Regular Plan - Annual - IDCW Option,23.1531
2026-09-04,140327,Edelweiss Emerging Markets Opportunities Equity Offshore Fund - Direct Plan - Growth Option,31.0269
2026-09-04,140328,Edelweiss Emerging Markets Opportunities Equity Offshore Fund - Regular Plan - Growth Option,28.2834
2026-09-04,140347,Edelweiss Equity Savings Fund - Direct Plan - Growth Option,30.6259
2026-09-04,140348,Edelweiss Equity Savings Fund - Direct Plan - IDCW Option,21.9547
2026-09-04,140349,Edelweiss Equity Savings Fund - Regular Plan - IDCW Option,18.6579
2026-09-04,140350,Edelweiss Equity Savings Fund - Direct Plan - Bonus Option,30.6381
2026-09-04,140351,Edelweiss Equity Savings Fund - Regular Plan - Growth Option,27.4405
2026-09-04,140353,Edelweiss Flexi Cap Fund - Direct Plan - Growth Option,46.087
2026-09-04,140354,Edelweiss Flexi Cap Fund - Direct Plan - IDCW Option,37.325
2026-09-04,140355,Edelweiss Flexi Cap Fund - Regular Plan - Growth Option,39.204
2026-09-04,140356,Edelweiss Flexi Cap Fund - Regular - IDCW Option,31.679
2026-09-04,140381,Bandhan Aggressive Hybrid Fund-Regular Plan Growth,28.086
2026-09-04,140382,Bandhan Aggressive Hybrid Fund-Direct Plan Growth,32.239
2026-09-04,140383,Bandhan Aggressive Hybrid Fund-Direct Plan IDCW,22.016
2026-09-04,140384,Bandhan Aggressive Hybrid Fund-Regular Plan IDCW,19.205
2026-09-04,140437,Navi Liquid Fund-Unclaimed Redemption and Dividend Plan greater than 3 years,10
2026-09-04,140442,Mahindra Manulife Equity Savings Fund -Direct Plan -Quarterly IDCW,17.7459
2026-09-04,140444,Mahindra Manulife Equity Savings Fund - Direct Plan -Growth,25.8252
2026-09-04,140446,Mahindra Manulife Equity Savings Fund -Regular Plan -Quarterly IDCW,14.1798
2026-09-04,140447,Mahindra Manulife Equity Savings Fund - Regular Plan - Growth,21.7295
2026-09-04,140463,Baroda BNP Paribas Short Term Fund - Direct Plan - Quarterly IDCW,11.2609
2026-09-04,140465,Baroda BNP Paribas Short Term Fund - Regular Plan - Quarterly IDCW,10.6374
2026-09-04,140486,SBI Long Term Advantage Fund - Series IV - Direct Plan - Income Distribution cum Capital Withdrawal Option (IDCW),41.9885
2026-09-04,140487,SBI Long Term Advantage Fund - Series IV - Direct Plan - Growth,49.4841
2026-09-04,140488,SBI Long Term Advantage Fund - Series IV - Regular Plan - Growth,46.9271
2026-09-04,140489,SBI Long Term Advantage Fund - Series IV - Regular Plan - Income Distribution cum Capital Withdrawal Option (IDCW),39.7567
2026-09-04,140504,UTI Liquid Fund - Direct Plan - Half-Yearly IDCW,159.8758
2026-09-04,140517,UTI Liquid Fund - Regular Plan - Flexi IDCW,167.4162
2026-09-04,140530,CANARA ROBECO ULTRA SHORT TERM FUND- REGULAR PLAN - IDCW (Payout),1555.0522
2026-09-04,140603,BANDHAN Credit Risk Fund-Direct Plan-Growth,19.0836
2026-09-04,140604,BANDHAN Credit Risk Fund-Direct Plan-Quarterly IDCW,10.8724
2026-09-04,140605,BANDHAN CREDIT RISK FUND - DIRECT PLAN HALF YEARLY IDCW,10.4506
2026-09-04,140606,BANDHAN Credit Risk Fund-Direct Plan-Periodic IDCW,14.2168
2026-09-04,140607,BANDHAN Credit Risk Fund - Regular Plan Quarterly IDCW,10.6479
2026-09-04,140608,BANDHAN Credit Risk Fund - Regular Plan Annual IDCW,10.4913
2026-09-04,140609,BANDHAN Credit Risk Fund - Regular Plan Growth,17.3742
2026-09-04,140610,BANDHAN Credit Risk Fund-Direct Plan-Annual IDCW,10.6079
2026-09-04,140611,BANDHAN Credit Risk Fund - Regular Plan Half Yearly IDCW,10.4390
2026-09-04,140612,BANDHAN Credit Risk Fund - Regular Plan Periodic IDCW,13.4919
2026-09-04,140613,Mahindra Manulife Low Duration Fund - Direct Plan -Growth,1894.0012
2026-09-04,140614,Mahindra Manulife Low Duration Fund - Regular Plan - Daily IDCW,1000.0000
2026-09-04,140615,Mahindra Manulife Low Duration Fund - Regular Plan - Weekly IDCW,1054.9593
2026-09-04,140616,Mahindra Manulife Low Duration Fund - Regular Plan - Monthly IDCW,1115.6973
2026-09-04,140617,Mahindra Manulife Low Duration Fund - Direct Plan - Daily IDCW,1274.8404
2026-09-04,140618,Mahindra Manulife Low Duration Fund - Direct Plan - Weekly IDCW,1032.6558
2026-09-04,140619,Mahindra Manulife Low Duration Fund - Direct Plan - Monthly IDCW,1135.3544
2026-09-04,140620,Mahindra Manulife Low Duration Fund - Regular Plan - Growth,1749.8567
2026-09-04,140769,Mirae Asset Dynamic Term Fund - Direct Plan - Growth,18.7932
2026-09-04,140770,Mirae Asset Dynamic Term Fund - Direct Plan - IDCW,18.7700
2026-09-04,140771,Mirae Asset Dynamic Term Fund - Regular Plan - Growth,17.0189
2026-09-04,140772,Mirae Asset Dynamic Term Fund - Regular Plan - IDCW,17.0193
2026-09-04,140809,Groww Largecap Fund (formerly known as Indiabulls Bluechip Fund)- Direct Plan- Monthly - Income Distribution cum capital withdrawal Option (Payout & Reinvestment),23.21
2026-09-04,140810,Groww Largecap Fund (formerly known as Indiabulls Bluechip Fund)- Regular Plan- Monthly - Income Distribution cum capital withdrawal Option (Payout & Reinvestment),24.6
2026-09-04,140811,Groww Largecap Fund (formerly known as Indiabulls Bluechip Fund)- Direct Plan- Quarterly - Income Distribution cum capital withdrawal Option (Payout & Reinvestment),29
2026-09-04,140812,Groww Largecap Fund (formerly known as Indiabulls Bluechip Fund)- Regular Plan- Quarterly - Income Distribution cum capital withdrawal Option (Payout & Reinvestment),25.5
2026-09-04,140813,Groww Largecap Fund (formerly known as Indiabulls Bluechip Fund)- Regular Plan- Half Yearly - Income Distribution cum capital withdrawal Option (Payout & Reinvestment),25.64
2026-09-04,140814,Groww Largecap Fund (formerly known as Indiabulls Bluechip Fund)- Direct Plan- Half Yearly -Income Distribution cum capital withdrawal Option (Payout & Reinvestment),29.22
2026-09-04,140815,Groww Value Fund (formerly known as Indiabulls Value Fund)- Direct Plan- Monthly - Income Distribution cum capital withdrawal Option (Payout & Reinvestment),24.2981
2026-09-04,140816,Groww Value Fund (formerly known as Indiabulls Value Fund)- Regular Plan- Monthly - Income Distribution cum capital withdrawal Option (Payout & Reinvestment.,21.2277
2026-09-04,140817,Groww Value Fund (formerly known as Indiabulls Value Fund)- Direct Plan- Quarterly - Income Distribution cum capital withdrawal Option (Payout & Reinvestment),26.5065
2026-09-04,140818,Groww Value Fund (formerly known as Indiabulls Value Fund)- Regular Plan- Quarterly - Income Distribution cum capital withdrawal Option (Payout & Reinvestment),20.6873
2026-09-04,140819,Groww Value Fund (formerly known as Indiabulls Value Fund)- Direct Plan- Half Yearly - Income Distribution cum capital withdrawal Option (Payout & Reinvestment),26.5275
2026-09-04,140820,Groww Value Fund (formerly known as Indiabulls Value Fund)- Regular Plan- Half Yearly -Income Distribution cum capital withdrawal Option (Payout & Reinvestment),22.4061
2026-09-04,140913,UTI Liquid Fund - Direct Plan - Fortnightly IDCW,115.7489
2026-09-04,141060,Quantum Dynamic Term Fund - Regular Plan Monthly IDCW,10.4050
2026-09-04,141061,Quantum Dynamic Term Fund - Regular Plan Growth Option,22.2322
2026-09-04,141062,Quantum Diversified Equity All Cap Active FOF - Regular Plan IDCW,84.538
2026-09-04,141063,Quantum Diversified Equity All Cap Active FOF - Regular Plan Growth Option,84.753
2026-09-04,141064,Quantum Gold ETF FOF - Regular Plan Growth Option,58.0132
2026-09-04,141065,Quantum Liquid Fund - Regular Plan Daily IDCW,10.0002
2026-09-04,141066,Quantum Liquid Fund - Regular Plan Growth Option,37.3925
2026-09-04,141067,Quantum Liquid Fund - Regular Plan Monthly IDCW,10.0345
2026-09-04,141068,Quantum Value Fund - Regular Plan Growth Option,118.37
2026-09-04,141069,Quantum Value Fund - Regular Plan IDCW,118.23
2026-09-04,141070,Quantum ELSS Tax Saver Fund - Regular Plan Growth Option,117.58
2026-09-04,141071,Quantum ELSS Tax Saver Fund - Regular Plan IDCW,116.79
2026-09-04,141072,Quantum Multi Asset Active FOF - Regular Plan Growth Option,36.6045
2026-09-04,141139,Sundaram Long Term Micro Cap Tax Advantage Fund Series V Regular Plan - Growth,30.7010
2026-09-04,141140,Sundaram Long Term Micro Cap Tax Advantage Fund Series V Regular Plan - Payout of Income Distribution cum Capital Withdrawal (IDCW),29.1924
2026-09-04,141141,Sundaram Long Term Micro Cap Tax Advantage Fund Series V Direct Plan - Growth,31.6562
2026-09-04,141142,Sundaram Long Term Micro Cap Tax Advantage Fund Series V Direct Plan - Payout of Income Distribution cum Capital Withdrawal (IDCW),30.1383
2026-09-04,141223,Mahindra Manulife Multi Cap Fund - Direct Plan - IDCW,33.7201
2026-09-04,141224,Mahindra Manulife Multi Cap Fund - Regular Plan - Growth,39.9949
2026-09-04,141225,Mahindra Manulife Multi Cap Fund - Regular Plan - IDCW,27.2802
2026-09-04,141226,Mahindra Manulife Multi Cap Fund - Direct Plan -Growth,47.1163
2026-09-04,141247,Union Largecap Fund - Regular Plan - Growth Option,23.08
2026-09-04,141248,Union Largecap Fund - Direct Plan - Growth Option,24.77
2026-09-04,141249,Union Largecap Fund - Direct Plan - IDCW Option,24.77
2026-09-04,141250,Union Largecap Fund - Regular Plan - IDCW Option,23.08
2026-09-04,141375,UTI Banking & PSU Debt Fund - Direct Plan - Half-Yearly IDCW,15.9275
2026-09-04,141410,NAVI Large & Midcap Fund - Regular Half Yearly IDCW Payout,36.8641
2026-09-04,141411,Navi Large & Midcap Fund - Regular Annual IDCW payout,37.9052
2026-09-04,141414,Navi Large & Midcap Fund - Direct Annual IDCW Payout,44.2858
2026-09-04,141415,Navi Large & Midcap Fund - Direct Half Yearly IDCW Payout,44.3249
2026-09-04,141545,Axis Nifty 50 ETF,264.8164
2026-09-04,141564,Sundaram Long Term Micro Cap Tax Advantage Fund Series VI Direct Plan - Growth,30.4832
2026-09-04,141565,Sundaram Long Term Micro Cap Tax Advantage Fund Series VI Regular Plan - Growth,28.9921
2026-09-04,141566,Sundaram Long Term Micro Cap Tax Advantage Fund Series VI Regular Plan - Payout of Income Distribution cum Capital Withdrawal (IDCW),28.0190
2026-09-04,141567,Sundaram Long Term Micro Cap Tax Advantage Fund Series VI Direct Plan - Payout of Income Distribution cum Capital Withdrawal (IDCW),29.5035
2026-09-04,141586,Axis Corporate Bond Fund - Direct Plan - Daily IDCW,10.2252
2026-09-04,141587,Axis Corporate Bond Fund - Direct Plan - Weekly IDCW,10.3589
2026-09-04,141588,Axis Corporate Bond Fund - Direct Plan Growth,19.3902
2026-09-04,141589,Axis Corporate Bond Fund - Regular Plan - Daily IDCW,10.2216
2026-09-04,141590,Axis Corporate Bond Fund - Direct Plan - Monthly IDCW,10.2117
2026-09-04,141591,Axis Corporate Bond Fund - Direct Plan - Regular IDCW,15.1274
2026-09-04,141592,Axis Corporate Bond Fund - Regular Plan - Weekly IDCW,10.2367
2026-09-04,141593,Axis Corporate Bond Fund - Regular Plan Growth,18.1944
2026-09-04,141594,Axis Corporate Bond Fund - Regular Plan - Monthly IDCW,10.2072
2026-09-04,141595,Axis Corporate Bond Fund - Regular Plan - Regular IDCW,14.0570
2026-09-04,141596,ICICI Prudential Nifty 100 Low Volatility 30 ETF,22.0037
2026-09-04,141605,Edelweiss Arbitrage Fund - Monthly  Regular Plan - IDCW Option,16.6937
2026-09-04,141606,Edelweiss Arbitrage Fund - Monthly  Direct Plan - IDCW Option,18.1757
2026-09-04,141642,Axis Balanced Advantage Fund - Direct Plan - Growth,24.27
2026-09-04,141643,Axis Balanced Advantage Fund - Direct Plan - IDCW,14.15
2026-09-04,141644,Axis Balanced Advantage Fund - Regular Plan - Growth,21.50
2026-09-04,141645,Axis Balanced Advantage Fund - Regular Plan - IDCW,12.94
2026-09-04,141665,UTI Nifty Next 50 Exchange Traded Fund,78.7915
2026-09-04,141766,Edelweiss Balanced Advantage Fund - Regular Plan - Monthly - IDCW Option,20.58
2026-09-04,141767,Edelweiss Balanced Advantage Fund - Direct Plan - Monthly - IDCW Option,26.27
2026-09-04,141768,UTI Liquid Fund - Direct Plan - Flexi IDCW,168.5773
2026-09-04,141807,Groww ELSS Tax Saver Fund (formerly known as Indiabulls Tax Savings Fund)- Direct Plan- Dividend Option,21.87
2026-09-04,141808,Groww ELSS Tax Saver Fund (formerly known as Indiabulls Tax Savings Fund)- Direct Plan- Growth Option,21.91
2026-09-04,141810,Groww ELSS Tax Saver Fund (formerly known as Indiabulls Tax Savings Fund)- Regular Plan- - Income Distribution cum capital withdrawal Option (Payout),18.99
2026-09-04,141839,ICICI Prudential BSE Sensex Index Fund - Cumulative Option,25.2229
2026-09-04,141840,ICICI Prudential BSE Sensex Index Fund - IDCW Option,25.2236
2026-09-04,141841,ICICI Prudential BSE Sensex Index Fund - Direct Plan - Cumulative Option,25.5719
2026-09-04,141842,ICICI Prudential BSE Sensex Index Fund - Direct Plan - IDCW Option,25.5717
2026-09-04,141862,Groww ELSS Tax Saver Fund (formerly known as Indiabulls Tax Savings Fund)-Regular Plan-Growth Option,18.99
2026-09-04,141875,DSP Nifty 50 Equal Weight Index Fund - Regular Plan - Growth,26.1225
2026-09-04,141876,DSP Nifty 50 Equal Weight Index Fund - Regular Plan - IDCW,21.4296
2026-09-04,141877,DSP Nifty 50 Equal Weight Index Fund - Direct Plan - Growth,27.2961
2026-09-04,141878,DSP Nifty 50 Equal Weight Index Fund - Direct Plan - IDCW,22.3364
2026-09-04,141921,HDFC Housing Opportunities Fund  - IDCW Option - Direct Plan,17.175
2026-09-04,141922,HDFC Housing Opportunities Fund  - IDCW Option,15.371
2026-09-04,141923,HDFC Housing Opportunities Fund  - Growth Option,21.442
2026-09-04,141924,HDFC Housing Opportunities Fund  - Growth Option - Direct Plan,23.423
2026-09-04,141925,Axis Flexi Cap Fund - Direct Plan - Growth,31.73
2026-09-04,141926,Axis Flexi Cap fund - Direct Plan - IDCW,19.64
2026-09-04,141927,Axis Flexi Cap Fund - Regular Plan - Growth,28.42
2026-09-04,141928,Axis Flexi Cap Fund - Regular Plan - IDCW,17.76
2026-09-04,141933,Edelweiss Equity Savings Fund - Direct Plan - Monthly - IDCW Option,16.8302
2026-09-04,141934,Edelweiss Equity Savings Fund - Regular Plan - Monthly - IDCW Option,14.5483
2026-09-04,141949,BANK OF INDIA Mid Cap Tax Fund Series 1 Direct Plan IDCW,31.57
2026-09-04,141950,BANK OF INDIA Mid Cap Tax Fund Series 1 Direct Plan Growth,31.57
2026-09-04,141951,BANK OF INDIA Mid Cap Tax Fund Series 1 Regular Plan IDCW,30.41
2026-09-04,141952,BANK OF INDIA Mid Cap Tax Fund Series 1 Regular Plan Growth,30.41
2026-09-04,141957,BHARAT 22 ETF,114.2075
2026-09-04,141958,UTI Ultra Short to Short Term Fund - Direct Plan - Annual IDCW,1437.8782
2026-09-04,142035,Union Balanced Advantage Fund - Regular Plan - Growth Option,20.68
2026-09-04,142036,Union Balanced Advantage Fund - Regular Plan - IDCW Option,18.79
2026-09-04,142037,Union Balanced Advantage Fund - Direct Plan - IDCW Option,20.68
2026-09-04,142038,Union Balanced Advantage Fund - Direct Plan - Growth Option,22.58
2026-09-04,142107,Mahindra Manulife Mid Cap Fund- Regular Plan - IDCW,26.9972
2026-09-04,142108,Mahindra Manulife Mid Cap Fund - Direct Plan - IDCW,32.0643
2026-09-04,142109,Mahindra Manulife Mid Cap Fund - Regular Plan - Growth,36.7732
2026-09-04,142110,Mahindra Manulife Mid Cap Fund - Direct Plan -Growth,42.2609
2026-09-04,142133,ICICI Prudential Long Term Wealth Enhancement Fund - Direct Plan IDCW Option,30.31
2026-09-04,142134,ICICI Prudential Long Term Wealth Enhancement Fund - Direct Plan Cumulative Option,30.31
2026-09-04,142135,ICICI Prudential Long Term Wealth Enhancement Fund - IDCW Option,28.94
2026-09-04,142136,ICICI Prudential Long Term Wealth Enhancement Fund - Cumulative Option,28.94
2026-09-04,142137,SBI Long Term Advantage Fund - Series V - Regular Plan - Income Distribution cum Capital Withdrawal Option (IDCW),32.2047
2026-09-04,142138,SBI Long Term Advantage Fund - Series V - Direct Plan - Growth,33.6092
2026-09-04,142139,SBI Long Term Advantage Fund Series V - Regular Plan - Growth,32.2182
2026-09-04,142140,SBI Long Term Advantage Fund - Series V - Direct Plan - Income Distribution cum Capital Withdrawal Option (IDCW),33.6104
2026-09-04,142151,Sundaram Long Term Tax Advantage Fund Series III Regular Plan - Growth,31.5670
2026-09-04,142152,Sundaram Long Term Tax Advantage Fund Series III Regular Plan - Payout of Income Distribution cum Capital Withdrawal (IDCW),30.0088
2026-09-04,142153,Sundaram Long Term Tax Advantage Fund Series III Direct Plan - Growth,32.6693
2026-09-04,142154,Sundaram Long Term Tax Advantage Fund Series III Direct Plan - Payout of Income Distribution cum Capital Withdrawal (IDCW),31.1011
2026-09-04,142249,UTI Money Market Fund - Direct Plan - Quarterly IDCW,1789.5246
2026-09-04,142278,DSP Arbitrage Fund - Regular - IDCW - Monthly,11.8370
2026-09-04,142279,DSP Arbitrage Fund - Direct - IDCW,12.6880
2026-09-04,142280,DSP Arbitrage Fund - Regular - IDCW,12.0470
2026-09-04,142281,DSP Arbitrage Fund - Direct - IDCW - Monthly,13.2420
2026-09-04,142282,DSP Arbitrage Fund - Regular - Growth,15.9330
2026-09-04,142283,DSP Arbitrage Fund - Direct - Growth,16.8090
2026-09-04,142383,Edelweiss Recently Listed IPO Fund Regular Plan Growth,33.292
2026-09-04,142384,Edelweiss Recently Listed IPO Fund REGULAR PLAN - IDCW Option,33.2902
2026-09-04,142386,Edelweiss Recently Listed IPO Fund - DIRECT PLAN - IDCW Option,36.1575
2026-09-04,142388,Edelweiss Recently Listed IPO Fund Direct Plan Growth,36.1574
2026-09-04,142589,DSP NIFTY 1D Rate Liquid ETF,1000.0000
2026-09-04,142640,Mirae Asset Short Term Fund - Direct Plan - IDCW,17.7924
2026-09-04,142641,Mirae Asset Short Term Fund - Direct Plan - Growth,17.8425
2026-09-04,142642,Mirae Asset Short Term Fund - Regular Plan - Growth,16.6545
2026-09-04,142643,Mirae Asset Short Term Fund - Regular Plan - IDCW,16.6581
2026-09-04,143077,Sundaram Long Term Tax Advantage Fund Series IV Regular Plan - Growth,36.7467
2026-09-04,143078,Sundaram Long Term Tax Advantage Fund Series IV Regular Plan - Payout of Income Distribution cum Capital Withdrawal (IDCW),33.7210
2026-09-04,143079,Sundaram Long Term Tax Advantage Fund Series IV Direct Plan - Growth,37.5587
2026-09-04,143080,Sundaram Long Term Tax Advantage Fund Series IV Direct Plan - Payout of Income Distribution cum Capital Withdrawal (IDCW),34.5081
2026-09-04,143125,UTI Money Market Fund - Direct Plan - Flexi IDCW,1728.7572
2026-09-04,143162,Navi Aggressive Hybrid Fund - Regular Plan - Growth,22.4349
2026-09-04,143163,Navi Aggressive Hybrid Fund - Direct Plan - Growth,26.0753
2026-09-04,143166,Navi Aggressive Hybrid Fund - Regular Plan Normal IDCW,22.4361
2026-09-04,143167,Navi Aggressive Hybrid Fund - Direct Plan Normal IDCW,25.9551
2026-09-04,143176,SBI Long Term Advantage Fund - Series VI - Regular Plan - Growth,30.9426
2026-09-04,143177,SBI Long Term Advantage Fund - Series VI - Regular Plan - Income Distribution cum Capital Withdrawal Option (IDCW),30.9492
2026-09-04,143178,SBI Long Term Advantage Fund - Series VI - Direct Plan - Growth,32.2598
2026-09-04,143179,SBI Long Term Advantage Fund - Series VI - Direct Plan - Income Distribution cum Capital Withdrawal Option (IDCW),32.2323
2026-09-04,143185,Navi Aggressive Hybrid Fund - Direct Plan Quarterly IDCW,25.9369
2026-09-04,143186,Navi Aggressive Hybrid Fund - Direct Plan Half Yearly IDCW,25.9299
2026-09-04,143189,Navi Aggressive Hybrid Fund - Regular Plan Half Yearly IDCW,22.4494
2026-09-04,143192,Navi Aggressive Hybrid Fund - Direct Plan Monthly IDCW,25.9539
2026-09-04,143195,Navi Aggressive Hybrid Fund - Direct Plan Annual IDCW,25.9587
2026-09-04,143197,Navi Aggressive Hybrid Fund - Regular Plan Monthly IDCW,22.4343
2026-09-04,143198,Navi Aggressive Hybrid Fund - Regular Plan Annual IDCW,22.4322
2026-09-04,143199,Navi Aggressive Hybrid Fund - Regular Plan Quarterly IDCW,22.435
2026-09-04,143239,Union Corporate Bond Fund - Regular Plan - Growth Option,16.1307
2026-09-04,143240,Union Corporate Bond Fund - Regular Plan - IDCW Option,16.1307
2026-09-04,143241,Union Corporate Bond Fund - Direct Plan - Growth Option,16.5554
2026-09-04,143242,Union Corporate Bond Fund - Direct Plan - IDCW Option,16.5554
2026-09-04,143247,ICICI Prudential BSE 500 ETF,39.3644
2026-09-04,143258,BANDHAN Equity Savings Fund-Direct Plan -Quarterly IDCW,13.374
2026-09-04,143259,BANDHAN Equity Savings Fund- Regular Plan -Quarterly IDCW,12.746
2026-09-04,143260,Parag Parikh Liquid Fund- Regular Plan- Growth,1556.2203
2026-09-04,143261,Parag Parikh Liquid Fund- Regular Plan- Monthly IDCW,1004.1718
2026-09-04,143262,Parag Parikh Liquid Fund- Direct Plan- Monthly IDCW,1004.1824
2026-09-04,143263,Parag Parikh Liquid Fund- Direct Plan- Daily Reinvestment of IDCW,1000.9504
2026-09-04,143264,Parag Parikh Liquid Fund- Regular Plan- Daily Reinvestment of IDCW,1000.8769
2026-09-04,143265,Parag Parikh Liquid Fund- Direct Plan- Weekly Reinvestment of IDCW,1002.1805
2026-09-04,143266,Parag Parikh Liquid Fund- Regular Plan- Weekly Reinvestment of IDCW,1002.1698
2026-09-04,143269,Parag Parikh Liquid Fund- Direct Plan- Growth,1569.2913
2026-09-04,143340,UTI Nifty Next 50 Index Fund - Regular Plan - Growth Option,26.0134
2026-09-04,143341,UTI Nifty Next 50 Index Fund - Direct Plan - Growth Option,27.0992
2026-09-04,143366,Bandhan Short Term Fund - Regular Plan - Quarterly IDCW,10.9012
2026-09-04,143367,Bandhan Short Term Fund - Direct Plan - Quarterly IDCW,10.8389
2026-09-04,143368,Bandhan Short Term Fund - Regular Plan - Annual IDCW,10.9263
2026-09-04,143369,Bandhan Short Term Fund - Direct Plan - Annual IDCW,11.1629
2026-09-04,143464,Baroda BNP Paribas Ultra Short Term Fund - Regular Plan - Growth,1661.9848
2026-09-04,143493,Nippon India Ultra Short Term Fund- Growth Option,4330.3201
2026-09-04,143494,Nippon India Ultra Short Term Fund- Direct Plan- Growth Option,4816.2587
2026-09-04,143495,NIPPON INDIA ULTRA SHORT TERM FUND - WEEKLY IDCW OPTION,1091.6900
2026-09-04,143496,NIPPON INDIA ULTRA SHORT TERM FUND - QUARTERLY IDCW Option,1023.3299
2026-09-04,143497,NIPPON INDIA ULTRA SHORT TERM FUND - DIRECT Plan - MONTHLY IDCW Option,1036.1102
2026-09-04,143498,NIPPON INDIA ULTRA SHORT TERM FUND - DAILY IDCW OPTION,1114.1500
2026-09-04,143499,NIPPON INDIA ULTRA SHORT TERM FUND - MONTHLY IDCW Option,1025.6213
2026-09-04,143500,NIPPON INDIA ULTRA SHORT TERM FUND - DIRECT Plan - DAILY IDCW OPTION,1114.1500
2026-09-04,143501,NIPPON INDIA ULTRA SHORT TERM FUND - DIRECT Plan - WEEKLY IDCW OPTION,1091.6900
2026-09-04,143502,NIPPON INDIA ULTRA SHORT TERM FUND - DIRECT Plan - QUARTERLY IDCW Option,1031.3147
2026-09-04,143507,Baroda BNP Paribas Ultra Short Term Fund - Regular Plan - Daily IDCW,1006.2583
2026-09-04,143508,Baroda BNP Paribas Ultra Short Term Fund- Direct Plan- Growth,1686.9735
2026-09-04,143509,Baroda BNP Paribas Ultra Short Term Fund- Direct Plan- Weekly IDCW,1002.8342
2026-09-04,143510,Baroda BNP Paribas Ultra Short Term Fund- Regular Plan- Weekly IDCW,1002.8183
2026-09-04,143511,Baroda BNP Paribas Ultra Short Term Fund- Direct Plan- Daily IDCW,1007.0751
2026-09-04,143532,Invesco India Aggressive Hybrid Fund - Direct Plan - IDCW (Payout / Reinvestment),24.2457
2026-09-04,143534,Invesco India Aggressive Hybrid Fund - Regular Plan - IDCW (Payout / Reinvestment),21.4128
2026-09-04,143536,Invesco India Aggressive Hybrid Fund - Regular Plan - Growth,21.4116
2026-09-04,143537,Invesco India Aggressive Hybrid Fund - Direct Plan - Growth,24.3513
2026-09-04,143603,JM Ultra Short to Short Term Fund (Regular) - Daily IDCW,10.82
2026-09-04,143604,JM Ultra Short to Short Term Fund (Direct) - Daily IDCW,10.85
2026-09-04,143605,JM Ultra Short to Short Term Fund (Regular) - Fortnightly IDCW,11.1118
2026-09-04,143606,JM Ultra Short to Short Term Fund (Direct) - Fortnightly IDCW,11.1533
2026-09-04,143607,JM Ultra Short to Short Term Fund (Regular) - Growth Option,39.7159
2026-09-04,143608,JM Ultra Short to Short Term Fund (Regular) - Weekly IDCW,11.4316
2026-09-04,143609,JM Ultra Short to Short Term Fund - Bonus Option - Principal Units,23.9279
2026-09-04,143610,JM Ultra Short to Short Term Fund (Direct) - Bonus Option - Principal Units,24.7051
2026-09-04,143611,JM Ultra Short to Short Term Fund (Direct) - Weekly IDCW,11.4721
2026-09-04,143612,JM Ultra Short to Short Term Fund (Direct) - Growth,41.0317
2026-09-04,143613,BANK OF INDIA Arbitrage Fund Direct Plan Annual IDCW,13.8955
2026-09-04,143614,BANK OF INDIA Arbitrage Fund Direct Plan Growth,15.3760
2026-09-04,143615,BANK OF INDIA Arbitrage Fund Direct Plan Monthly IDCW,13.8527
2026-09-04,143616,BANK OF INDIA Arbitrage Fund Direct Plan Quarterly IDCW,14.6051
2026-09-04,143617,BANK OF INDIA Arbitrage Fund Regular Plan IDCW Annual IDCW,13.5279
2026-09-04,143618,BANK OF INDIA Arbitrage Fund Regular Plan IDCW Monthly IDCW,13.2677
2026-09-04,143619,BANK OF INDIA Arbitrage Fund Regular Plan IDCW Quarterly IDCW,14.0064
2026-09-04,143620,BANK OF INDIA Arbitrage Fund Regular Growth,14.6397
2026-09-04,143701,NIPPON INDIA NIVESH LAKSHYA LONG TERM FUND - DIRECT Plan - HALF YEARLY IDCW Option,12.4910
2026-09-04,143702,Nippon India Nivesh Lakshya Long Term Fund- Growth Option,18.2096
2026-09-04,143703,NIPPON INDIA NIVESH LAKSHYA LONG TERM FUND - ANNUAL IDCW Option,11.9881
2026-09-04,143704,Nippon India Nivesh Lakshya Long Term Fund- Direct Plan- Growth Option,18.6855
2026-09-04,143705,NIPPON INDIA NIVESH LAKSHYA LONG TERM FUND - DIRECT Plan - MONTHLY IDCW Option,11.6907
2026-09-04,143706,NIPPON INDIA NIVESH LAKSHYA LONG TERM FUND - IDCW Option,18.2085
2026-09-04,143707,NIPPON INDIA NIVESH LAKSHYA LONG TERM FUND - DIRECT Plan - IDCW Option,18.6856
2026-09-04,143708,NIPPON INDIA NIVESH LAKSHYA LONG TERM FUND - QUARTERLY IDCW Option,11.6282
2026-09-04,143709,NIPPON INDIA NIVESH LAKSHYA LONG TERM  FUND - DIRECT Plan - QUARTERLY IDCW Option,11.6460
2026-09-04,143710,NIPPON INDIA NIVESH LAKSHYA LONG TERM FUND LONG DURATION - HALF YEARLY IDCW Option,12.4395
2026-09-04,143711,NIPPON INDIA NIVESH LAKSHYA LONG TERM FUND - DIRECT Plan - ANNUAL IDCW Option,12.0137
2026-09-04,143712,NIPPON INDIA NIVESH LAKSHYA LONG TERM FUND - MONTHLY IDCW Option,11.6756
2026-09-04,143783,Mirae Asset Healthcare Fund - Direct Plan - Growth,51.796
2026-09-04,143784,Mirae Asset Healthcare Fund - Direct Plan - IDCW,31.197
2026-09-04,143785,Mirae Asset Healthcare Fund - Regular Plan - Growth,45.708
2026-09-04,143786,Mirae Asset Healthcare Fund - Regular Plan - IDCW,26.908
2026-09-04,143787,Navi Flexi Cap Fund - Regular Plan - Growth,25.0759
2026-09-04,143788,NAVI FLEXI CAP FUND - REGULAR PLAN QUARTERLY IDCW PAYOUT,25.0732
2026-09-04,143789,NAVI FLEXI CAP FUND - REGULAR PLAN NORMAL IDCW PAYOUT,25.0796
2026-09-04,143790,NAVI FLEXI CAP FUND - REGULAR PLAN MONTHLY IDCW PAYOUT,25.0859
2026-09-04,143791,NAVI FLEXI CAP FUND - DIRECT PLAN QUARTERLY IDCW PAYOUT,29.1862
2026-09-04,143792,NAVI FLEXI CAP FUND - DIRECT PLAN NORMAL IDCW PAYOUT,29.1251
2026-09-04,143793,Navi Flexi Cap Fund - Direct Plan - Growth,29.3888
2026-09-04,143794,NAVI FLEXI CAP FUND - REGULAR PLAN HALF YEARLY IDCW PAYOUT,25.0799
2026-09-04,143795,NAVI FLEXI CAP FUND - REGULAR PLAN ANNUAL IDCW PAYOUT,25.0766
2026-09-04,143796,NAVI FLEXI CAP FUND - DIRECT PLAN MONTHLY IDCW PAYOUT,29.157
2026-09-04,143797,NAVI FLEXI CAP FUND - DIRECT PLAN HALF YEARLY IDCW PAYOUT,29.1631
2026-09-04,143798,NAVI FLEXI CAP FUND - DIRECT PLAN ANNUAL IDCW PAYOUT,29.1624
2026-09-04,143873,ICICI Prudential Healthcare Fund - Cumulative Option,43.29
2026-09-04,143874,ICICI Prudential Healthcare Fund - Direct Plan - Cumulative Option,47.07
2026-09-04,143875,ICICI Prudential Healthcare Fund - IDCW Option,23.25
2026-09-04,143876,ICICI Prudential Healthcare Fund - Direct Plan - IDCW Option,26.42
2026-09-04,143903,ICICI Prudential BHARAT 22 FOF - Direct Plan Cumulative Option,33.4048
2026-09-04,143904,ICICI Prudential BHARAT 22 FOF - Cumulative Option,33.3927
2026-09-04,144171,BANDHAN ULTRA SHORT TERM FUND - REGULAR PLAN GROWTH,16.3795
2026-09-04,144172,BANDHAN ULTRA SHORT TERM FUND - REGULAR PLAN DAILY IDCW,10.0519
2026-09-04,144173,BANDHAN ULTRA SHORT TERM FUND - DIRECT PLAN GROWTH,16.6173
2026-09-04,144174,BANDHAN ULTRA SHORT TERM FUND - DIRECT PLAN-DAILY IDCW,10.0367
2026-09-04,144189,BANDHAN ULTRA SHORT TERM FUND - REGULAR PLAN WEEKLY IDCW,10.0947
2026-09-04,144190,BANDHAN ULTRA SHORT TERM FUND - REGULAR PLAN QUARTERLY IDCW,10.6291
2026-09-04,144191,BANDHAN ULTRA SHORT TERM FUND - DIRECT PLAN- WEEKLY IDCW,10.0937
2026-09-04,144192,BANDHAN ULTRA SHORT TERM FUND - DIRECT PLAN QUARTERLY IDCW,10.6496
2026-09-04,144193,BANDHAN ULTRA SHORT TERM FUND - REGULAR PLAN PERIODIC IDCW,13.7858
2026-09-04,144194,BANDHAN ULTRA SHORT TERM FUND - REGULAR PLAN MONTHLY IDCW,10.0642
2026-09-04,144195,BANDHAN ULTRA SHORT TERM FUND - DIRECT PLAN -MONTHLY IDCW,10.0589
2026-09-04,144196,BANDHAN ULTRA SHORT TERM FUND - DIRECT PLAN PERIODIC IDCW,14.1293
2026-09-04,144309,BANK OF INDIA Midcap Tax Fund Series 2 Direct Plan IDCW,36.83
2026-09-04,144310,Union Equity Savings Fund - Regular Plan - Growth Option,17.48
2026-09-04,144311,Union Equity Savings Fund - Regular Plan - IDCW Option,16.25
2026-09-04,144312,Union Equity Savings Fund - Direct Plan - Growth Option,18.27
2026-09-04,144313,Union Equity Savings Fund - Direct Plan - IDCW Option,17.04
2026-09-04,144314,BANK OF INDIA Midcap Tax Fund Series 2 Regular Plan Growth,35.35
2026-09-04,144315,BANK OF INDIA Midcap Tax Fund Series 2 Direct Plan Growth,36.83
2026-09-04,144316,BANK OF INDIA Midcap Tax Fund Series 2 Regular Plan IDCW,35.36
2026-09-04,144333,Kotak Balanced Advantage Fund -Regular Plan - Growth Option,21.166
2026-09-04,144334,Kotak Balanced Advantage Fund -Direct Plan  -Payout of Income Distribution cum capital withdrawal option,23.247
2026-09-04,144335,Kotak Balanced Advantage Fund  - Direct Plan -Growth Option,23.247
2026-09-04,144336,Kotak Balanced Advantage Fund - Regular Plan - Payout of Income Distribution cum capital withdrawal option Option,21.166
2026-09-04,144337,UTI Corporate Bond Fund - Regular Plan - Annual IDCW,13.5319
2026-09-04,144338,UTI Corporate Bond Fund - Regular Plan - Discontinued Flexi IDCW,15.3678
2026-09-04,144339,UTI Corporate Bond Fund - Direct Plan - Growth Option,17.8972
2026-09-04,144340,UTI Corporate Bond Fund - Direct Plan - Half-Yearly IDCW,15.2927
2026-09-04,144341,UTI Corporate Bond Fund - Direct Plan - Discontinued Flexi IDCW,15.7743
2026-09-04,144342,UTI Corporate Bond Fund - Regular Plan - Discontinued Quarterly IDCW,15.1759
2026-09-04,144343,UTI Corporate Bond Fund - Regular Plan - Half-Yearly IDCW,14.746
2026-09-04,144344,UTI Corporate Bond Fund - Direct Plan - Annual IDCW,13.928
2026-09-04,144345,UTI Corporate Bond Fund - Regular Plan - Growth Option,17.4524
2026-09-04,144346,UTI Corporate Bond Fund - Direct Plan - Discontinued Quarterly IDCW,15.6529
2026-09-04,144393,Axis Aggressive Hybrid Fund - Regular Plan - Growth Option,20.86
2026-09-04,144394,Axis Aggressive Hybrid Fund - Direct Plan - Growth Option,23.15
2026-09-04,144395,Axis Aggressive Hybrid Fund - Direct Plan - Regular IDCW,15.60
2026-09-04,144396,Axis Aggressive Hybrid Fund - Regular Plan - Regular IDCW,14.02
2026-09-04,144397,Axis Aggressive Hybrid Fund - Direct Plan - Monthly IDCW,15.49
2026-09-04,144398,Axis Aggressive Hybrid Fund - Direct Plan - Quarterly IDCW,14.87
2026-09-04,144399,Axis Aggressive Hybrid Fund - Regular Plan - Monthly IDCW,12.56
2026-09-04,144400,Axis Aggressive Hybrid Fund - Regular Plan - Quarterly IDCW,12.86
2026-09-04,144401,Mahindra Manulife Dynamic Bond Fund - Regular Plan - Growth,14.9686
2026-09-04,144402,Mahindra Manulife Dynamic Bond Fund - Regular Plan - Quarterly IDCW,10.3547
2026-09-04,144403,Mahindra Manulife Dynamic Bond Fund - Direct Plan - Growth,16.3880
2026-09-04,144404,Mahindra Manulife Dynamic Bond Fund - Direct Plan - Quarterly IDCW,11.5661
2026-09-04,144405,Mahindra Manulife Dynamic Bond Fund - Regular Plan - IDCW,11.6010
2026-09-04,144406,Mahindra Manulife Dynamic Bond Fund - Direct Plan - IDCW,12.9049
2026-09-04,144461,Franklin India Equity Savings Fund- Growth,17.0136
2026-09-04,144462,Franklin India Equity Savings Fund - Direct - IDCW,14.3673
2026-09-04,144463,Franklin India Equity Savings Fund - Quarterly - IDCW,12.1898
2026-09-04,144464,Franklin India Equity Savings Fund - Monthly - IDCW,13.1537
2026-09-04,144465,Franklin India Equity Savings Fund - Direct - Monthly - IDCW,13.6480
2026-09-04,144466,Franklin India Equity Savings Fund- Growth Direct,18.7615
2026-09-04,144467,Franklin India Equity Savings Fund - Direct - Quarterly - IDCW,13.8179
2026-09-04,144468,Franklin India Equity Savings Fund - IDCW,13.1966
2026-09-04,144475,UTI Liquid Fund - Regular Plan - Half-Yearly IDCW,141.5017
2026-09-04,144484,UTI Equity Savings Fund - Regular Plan - Growth Option,18.9028
2026-09-04,144485,UTI Equity Savings Fund - Regular Plan - IDCW,18.9028
2026-09-04,144486,UTI Equity Savings Fund - Regular Plan - Monthly IDCW,18.9029
2026-09-04,144487,UTI Equity Savings Fund - Regular Plan - Quarterly IDCW,18.9028
2026-09-04,144488,UTI Equity Savings Fund - Direct Plan - Quarterly IDCW,20.3351
2026-09-04,144489,UTI Equity Savings Fund - Direct Plan - Monthly IDCW,20.3362
2026-09-04,144490,UTI Equity Savings Fund - Direct Plan - Growth Option,20.3351
2026-09-04,144491,UTI Equity Savings Fund - Direct Plan - IDCW,20.3351
2026-09-04,144543,TATA Flexi Cap Fund Direct Plan - Reinvestment of Income Distribution cum capital withdrawal option,25.5655
2026-09-04,144544,TATA Flexi Cap Fund Regular Plan - Payout of Income Distribution cum capital withdrawal option,22.5965
2026-09-04,144545,TATA Flexi Cap Fund Regular Plan - Reinvestment of Income Distribution cum capital withdrawal option,22.5965
2026-09-04,144546,Tata Flexi Cap Fund-Direct Plan-Growth,26.5326
2026-09-04,144547,TATA Flexi Cap Fund - Direct Plan - Payout of Income Distribution cum capital withdrawal option,25.5655
2026-09-04,144548,Tata Flexi Cap Fund -Regular Plan-Growth,23.5607
2026-09-04,144587,ICICI Prudential Nifty Next 50 ETF,76.9888
2026-09-04,144644,DSP Corporate Bond Fund - Regular - Growth,17.1229
2026-09-04,144645,DSP Corporate Bond Fund - Regular - IDCW - Monthly,10.6115
2026-09-04,144646,DSP Corporate Bond Fund - Direct - Growth,17.4730
2026-09-04,144647,DSP Corporate Bond Fund - Direct - IDCW,11.6135
2026-09-04,144648,DSP Corporate Bond Fund - Direct - IDCW - Quarterly,11.5407
2026-09-04,144649,DSP Corporate Bond Fund - Regular - IDCW - Quarterly,10.8764
2026-09-04,144650,DSP Corporate Bond Fund - Regular - IDCW,11.5778
2026-09-04,144651,DSP Corporate Bond Fund - Direct - IDCW - Monthly,10.6366
2026-09-04,144753,Axis Ultra Short Duration Fund - Direct Plan - Daily IDCW,10.0338
2026-09-04,144754,Axis Ultra Short Duration Fund - Direct Plan Growth,16.9091
2026-09-04,144755,Axis Ultra Short Duration Fund - Direct Plan - Monthly IDCW,10.0485
2026-09-04,144756,Axis Ultra Short Duration Fund - Direct Plan - Regular IDCW,16.9103
2026-09-04,144757,Axis Ultra Short Duration Fund - Direct Plan - Weekly IDCW,10.0527
2026-09-04,144758,Axis Ultra Short Duration Fund - Regular Plan - Daily IDCW,10.0689
2026-09-04,144759,Axis Ultra Short Duration Fund - Regular Plan Growth,15.7822
2026-09-04,144760,Axis Ultra Short Duration Fund - Regular Plan - Monthly IDCW,10.0566
2026-09-04,144761,Axis Ultra Short Duration Fund - Regular Plan - Regular IDCW,15.7822
2026-09-04,144762,Axis Ultra Short Duration Fund - Regular Plan - Weekly IDCW,10.0859
2026-09-04,144834,Sundaram Services Fund Regular Plan - Reinvestment of Income Distribution cum Capital Withdrawal (IDCW),21.8744
2026-09-04,144835,Sundaram Services Fund Direct Plan - Growth,40.3479
2026-09-04,144836,Sundaram Services Fund Direct Plan - Payout of Income Distribution cum Capital Withdrawal (IDCW),24.0303
2026-09-04,144837,Sundaram Services Fund Direct Plan - Reinvestment of Income Distribution cum Capital Withdrawal (IDCW),24.0303
2026-09-04,144838,Sundaram Services Fund Regular Plan - Growth,36.7976
2026-09-04,144839,Sundaram Services Fund Regular Plan - Payout of Income Distribution cum Capital Withdrawal (IDCW),21.8744
2026-09-04,144902,Shriram Flexi Cap Fund - Regular Growth,19.6498
2026-09-04,144903,Shriram Flexi Cap Fund - Regular-IDCW,19.6428
2026-09-04,144905,Shriram Flexi Cap Fund - Direct Growth,22.585
2026-09-04,144906,Shriram Flexi Cap Fund - Direct-IDCW,22.358
2026-09-04,144916,SBI BSE Sensex Next 50 ETF,951.2285
2026-09-04,144947,ICICI Prudential BSE Liquid Rate ETF - IDCW,1000.0000
2026-09-04,145034,HDFC Ultra Short Term Fund - Direct Plan-Growth Option,16.6905
2026-09-04,145035,HDFC Ultra Short Term Fund - Direct Plan-Weekly IDCW Option,10.0712
2026-09-04,145036,HDFC Ultra Short Term Fund - Direct Plan-Monthly IDCW Option,10.0712
2026-09-04,145037,HDFC Ultra Short Term Fund - Monthly IDCW Option,10.171
2026-09-04,145038,HDFC Ultra Short Term Fund - Weekly IDCW Option,10.0707
2026-09-04,145039,HDFC Ultra Short Term Fund - Direct Plan-Daily IDCW Option,10.092
2026-09-04,145040,HDFC Ultra Short Term Fund - Growth Option,16.2717
2026-09-04,145041,HDFC Ultra Short Term Fund - Daily IDCW Option,10.103
2026-09-04,145042,Sundaram Money Market Fund Regular Plan - Growth,16.1677
2026-09-04,145044,Sundaram Money Market Fund Regular Plan- Income Distribution cum Capital Withdrawal (IDCW),11.4156
2026-09-04,145049,Sundaram Money Market Fund Regular Plan -Income Distribution cum Capital Withdrawal(IDCW),11.4156
2026-09-04,145050,Sundaram Money Market Fund Direct Plan - Growth,16.3049
2026-09-04,145051,Sundaram Money Market Fund Direct Plan - Income Distribution cum Capital Withdrawal (IDCW),11.4641
2026-09-04,145056,Sundaram Money Market Fund Direct Plan - Income Distribution cum Capital Withdrawal(IDCW),11.4641
2026-09-04,145075,ICICI Prudential Manufacturing Fund - Direct Plan - Cumulative Option,42.58
2026-09-04,145076,ICICI Prudential Manufacturing Fund - Direct Plan - IDCW Option,25.34
2026-09-04,145077,ICICI Prudential Manufacturing Fund - Cumulative Option,39.09
2026-09-04,145078,ICICI Prudential Manufacturing Fund - IDCW Option,22.38
2026-09-04,145109,Axis Large & Mid Cap Fund - Direct Plan - IDCW,26.27
2026-09-04,145110,Axis Large & Mid Cap Fund - Direct Plan - Growth,39.15
2026-09-04,145111,Axis Large & Mid Cap Fund - Regular Plan - IDCW,20.48
2026-09-04,145112,Axis Large & Mid Cap Fund - Regular Plan - Growth,35.11
2026-09-04,145137,Invesco India Small Cap Fund - Direct Plan - Growth,54.76
2026-09-04,145138,Invesco India Small Cap Fund - Direct Plan - IDCW (Payout / Reinvestment),40.68
2026-09-04,145139,Invesco India Small Cap Fund - Regular Plan - Growth,48.71
2026-09-04,145140,Invesco India Small Cap Fund - Regular Plan - IDCW (Payout / Reinvestment),34.84
2026-09-04,145205,TATA SmallCap Fund Regular Plan - Payout of Income Distribution cum capital withdrawal option,38.1066
2026-09-04,145206,Tata Small Cap Fund-Direct Plan-Growth,45.1574
2026-09-04,145207,TATA SmallCap Fund - Direct Plan - Payout of Income Distribution cum capital withdrawal option,43.6279
2026-09-04,145208,Tata Small Cap Fund-Regular Plan-Growth,39.6299
2026-09-04,145209,TATA Small Cap Fund Direct Plan - Reinvestment of Income Distribution cum capital withdrawal option,43.6279
2026-09-04,145210,TATA Small Cap Fund Regular Plan - Reinvestment of Income Distribution cum capital withdrawal option,38.1066
2026-09-04,145287,UTI Floating Interest Rates Fund - Regular Plan  - Growth Option,1602.0135
2026-09-04,145288,UTI Floating Interest Rates Fund - Regular Plan - Half-Yearly IDCW,1414.8224
2026-09-04,145289,UTI Floating Interest Rates Fund - Regular Plan - Annual IDCW,1521.4179
2026-09-04,145290,UTI Floating Interest Rates Fund - Direct Plan - Quarterly IDCW,1434.7835
2026-09-04,145291,UTI Floating Interest Rates Fund - Direct Plan - Flexi IDCW,1587.2058
2026-09-04,145292,UTI Floating Interest Rates Fund - Regular Plan - Flexi IDCW,1464.5233
2026-09-04,145293,UTI Floating Interest Rates Fund - Direct Plan - Annual IDCW,1542.2962
2026-09-04,145294,UTI Floating Interest Rates Fund - Regular Plan - Quarterly IDCW,1297.7199
2026-09-04,145295,UTI Floating Interest Rates Fund - Direct Plan - Growth Option,1684.7953
2026-09-04,145296,UTI Floating Interest Rates Fund - Direct Plan - Half-Yearly IDCW,1535.6945
2026-09-04,145355,Mahindra Manulife Consumption Fund- Regular Plan - Growth,21.8565
2026-09-04,145356,Mahindra Manulife Consumption Fund - Direct Plan -Growth,24.9669
2026-09-04,145357,Mahindra Manulife Consumption Fund - Direct Plan - IDCW,17.6803
2026-09-04,145358,Mahindra Manulife Consumption Fund - Regular Plan - IDCW,14.8755
2026-09-04,145387,Baroda BNP Paribas Balanced Advantage Fund-Regular Plan -Growth Option,25.9171
2026-09-04,145389,Baroda BNP Paribas Balanced Advantage Fund-Regular Plan-IDCW Option,15.8851
2026-09-04,145396,Baroda BNP Paribas Balanced Advantage Fund-Direct Plan-Growth Option,28.6858
2026-09-04,145397,Baroda BNP Paribas Balanced Advantage Fund-Direct Plan-IDCW Option,17.6143
2026-09-04,145399,ICICI Prudential Ultra Short Term Fund - Daily IDCW,10.0846
2026-09-04,145400,ICICI Prudential Ultra Short Term Fund - Direct Plan - Weekly IDCW,10.1045
2026-09-04,145402,ICICI Prudential Ultra Short Term Fund - Weekly IDCW,10.0881
2026-09-04,145404,ICICI Prudential Ultra Short Term Fund - Direct Plan - Daily IDCW,10.0153
2026-09-04,145453,DSP Healthcare Fund - Regular Plan - IDCW,26.4610
2026-09-04,145454,DSP Healthcare Fund - Direct Plan - Growth,51.1740
2026-09-04,145455,DSP Healthcare Fund - Direct Plan - IDCW,29.5930
2026-09-04,145456,DSP Healthcare Fund - Regular Plan - Growth,45.6790
2026-09-04,145471,Union Value Fund - Regular Plan - Growth Option,28.75
2026-09-04,145472,Union Value Fund - Regular Plan - IDCW Option,28.75
2026-09-04,145473,Union Value Fund - Direct Plan - Growth Option,30.92
2026-09-04,145474,Union Value Fund - Direct Plan - IDCW Option,30.92
2026-09-04,145481,ADITYA BIRLA SUNLIFE OVERNIGHT FUND-REGULAR PLAN-GROWTH,1475.6370
2026-09-04,145482,ADITYA BIRLA SUN LIFE OVERNIGHT FUND-  Regular - Weekly Reinvestment of IDCW option,1000.0200
2026-09-04,145483,ADITYA BIRLA SUN LIFE OVERNIGHT FUND- Regular - Daily Reinvestment of IDCW,1000.0200
2026-09-04,145485,ADITYA BIRLA SUN LIFE OVERNIGHT FUND- Regular- Monthly Payout of IDCW option,1000.9227
2026-09-04,145486,ADITYA BIRLA SUN LIFE OVERNIGHT FUND-DIRECT PLAN-GROWTH,1488.9179
2026-09-04,145487,ADITYA BIRLA SUN LIFE OVERNIGHT FUND- Direct - Daily Reinvestment of IDCW,1000.0200
2026-09-04,145488,ADITYA BIRLA SUN LIFE OVERNIGHT FUND-  Direct - Monthly Payout of IDCW,1000.9440
2026-09-04,145489,ADITYA BIRLA SUN LIFE OVERNIGHT FUND-  Direct - Weekly Reinvestment of IDCW,1000.0200
2026-09-04,145535,ICICI Prudential Overnight Fund - Growth,1474.0061
2026-09-04,145536,ICICI Prudential Overnight Fund - Direct Plan - Growth,1483.4992
2026-09-04,145537,ICICI Prudential Overnight Fund - Direct Plan - Daily IDCW,1000.0051
2026-09-04,145538,ICICI Prudential Overnight Fund - Weekly IDCW,1000.5132
2026-09-04,145539,ICICI Prudential Overnight Fund - Direct Plan - Weekly IDCW,1000.5207
2026-09-04,145547,ICICI Prudential Overnight Fund - Daily IDCW,1000.0051
2026-09-04,145551,Motilal Oswal Nasdaq 100 Fund of Fund- Regular Plan Growth,66.4872
2026-09-04,145552,Motilal Oswal Nasdaq 100 Fund of Fund- Direct Plan Growth,68.4997
2026-09-04,145589,Groww Dynamic Term Fund (formerly known as Indiabulls Dynamic Bond Fund) - Direct Plan - Growth option,1580.6954
2026-09-04,145590,Groww Dynamic Term Fund (formerly known as Indiabulls Dynamic Bond Fund) - Regular Plan - Growth option,1499.2317
2026-09-04,145591,Groww Dynamic Term Fund (formerly known as Indiabulls Dynamic Bond Fund)- Direct Plan- Monthly - Income Distribution cum capital withdrawal Option (Payout & Reinvestment),1012.8299
2026-09-04,145592,Groww Dynamic Term Fund (formerly known as Indiabulls Dynamic Bond Fund)- Regular Plan- Monthly - Income Distribution cum capital withdrawal Option (Payout & Reinvestment),1013.0723
2026-09-04,145593,Groww Dynamic Term Fund (formerly known as Indiabulls Dynamic Bond Fund)- Regular Plan- - Income Distribution cum capital withdrawal Option ( Reinvestment),1019.8635
2026-09-04,145594,Groww Dynamic Term Fund (formerly known as Indiabulls Dynamic Bond Fund)- Regular Plan- Weekly - Income Distribution cum capital withdrawal Option (Payout & Reinvestment),1016.7076
2026-09-04,145595,Groww Dynamic Term Fund (formerly known as Indiabulls Dynamic Bond Fund)- Direct Plan- Fortnightly - Income Distribution cum capital withdrawal Option (Payout & Reinvestment),1021.7347
2026-09-04,145596,Groww Dynamic Term Fund (formerly known as Indiabulls Dynamic Bond Fund)- Direct Plan- - Income Distribution cum capital withdrawal Option ( Reinvestment),1017.8649
2026-09-04,145597,Groww Dynamic Term Fund (formerly known as Indiabulls Dynamic Bond Fund)- Direct Plan- Weekly - Income Distribution cum capital withdrawal Option (Payout & Reinvestment),1016.9904
2026-09-04,145598,Groww Dynamic Term Fund (formerly known as Indiabulls Dynamic Bond Fund)- Regular Plan- Fortnightly - Income Distribution cum capital withdrawal Option (Payout & Reinvestment),1018.4077
2026-09-04,145599,Groww Aggressive Hybrid Fund (formerly known as Indiabulls Equity Hybrid Fund) - Direct Plan - Growth option,23.3737
2026-09-04,145600,Groww Aggressive Hybrid Fund (formerly known as Indiabulls Equity Hybrid Fund)- Direct Plan- - Income Distribution cum capital withdrawal Option (Payout & Reinvestment),23.1681
2026-09-04,145601,Groww Aggressive Hybrid Fund (formerly known as Indiabulls Equity Hybrid Fund)- Direct Plan- Quarterly - Income Distribution cum capital withdrawal Option (Payout & Reinvestment),22.8933
2026-09-04,145602,Groww Aggressive Hybrid Fund (formerly known as Indiabulls Equity Hybrid Fund)- Direct Plan- Half Yearly - Income Distribution cum capital withdrawal Option (Payout & Reinvestment),22.4686
2026-09-04,145603,Groww Aggressive Hybrid Fund (formerly known as Indiabulls Equity Hybrid Fund)- Regular Plan- - Income Distribution cum capital withdrawal Option (Payout & Reinvestment),20.6652
2026-09-04,145604,Groww Aggressive Hybrid Fund (formerly known as Indiabulls Equity Hybrid Fund)- Regular Plan- Monthly - Income Distribution cum capital withdrawal Option (Payout & Reinvestment.,20.6664
2026-09-04,145605,Groww Aggressive Hybrid Fund (formerly known as Indiabulls Equity Hybrid Fund) - Regular Plan - Growth option,20.6682
2026-09-04,145606,Groww Aggressive Hybrid Fund (formerly known as Indiabulls Equity Hybrid Fund)- Direct Plan- Monthly - Income Distribution cum capital withdrawal Option (Payout & Reinvestment),23.1313
2026-09-04,145607,Groww Aggressive Hybrid Fund (formerly known as Indiabulls Equity Hybrid Fund)- Regular Plan- Quarterly - Income Distribution cum capital withdrawal Option (Payout & Reinvestment),21.907
2026-09-04,145608,Groww Aggressive Hybrid Fund (formerly known as Indiabulls Equity Hybrid Fund)- Regular Plan- Half Yearly - Income Distribution cum capital withdrawal Option (Payout & Reinvestment),20.6196
2026-09-04,145633,Mirae Asset Nifty 50 ETF,260.2533
2026-09-04,145648,SBI Nifty 200 Quality 30 ETF,221.0484
2026-09-04,145675,BANK OF INDIA Small Cap Fund Direct Plan IDCW,49.55
2026-09-04,145676,BANK OF INDIA Small Cap Fund Regular Plan IDCW,42.56
2026-09-04,145677,BANK OF INDIA Small Cap Fund Regular Plan Growth,58.37
2026-09-04,145678,BANK OF INDIA Small Cap Fund Direct Plan Growth,66.18
2026-09-04,145693,Mirae Asset Equity Savings Fund - Direct Plan - Growth,23.091
2026-09-04,145694,Mirae Asset Equity Savings Fund - Direct Plan - IDCW,13.809
2026-09-04,145695,Mirae Asset Equity Savings Fund - Regular Plan - Growth,21.326
2026-09-04,145696,Mirae Asset Equity Savings Fund - Regular Plan - IDCW,12.623
2026-09-04,145723,Tata Arbitrage Fund-Regular Plan-Growth,15.3440
2026-09-04,145724,Tata Arbitrage Fund-Direct Plan-Growth,16.2884
2026-09-04,145725,TATA Arbitrage Fund Direct Plan - Monthly Reinvestment of Income Distribution cum capital withdrawal option,15.6479
2026-09-04,145726,TATA Arbitrage Fund Regular Plan - Monthly Reinvestment of Income Distribution cum capital withdrawal option,14.6672
2026-09-04,145727,TATA Arbitrage Fund Direct Plan - Monthly Payout of Income Distribution cum capital withdrawal option,15.6479
2026-09-04,145728,TATA Arbitrage Fund Regular Plan - Monthly Payout of Income Distribution cum capital withdrawal option,14.6672
2026-09-04,145801,Tata Nifty 50 Exchange Traded Fund,260.3983
2026-09-04,145810,Nippon India Overnight Fund - Direct Plan - Growth Option,147.8991
2026-09-04,145811,Nippon India Overnight Fund - Regular Plan - Growth Option,146.8607
2026-09-04,145812,NIPPON INDIA OVERNIGHT FUND - DIRECT Plan - DAILY IDCW Option,100.0050
2026-09-04,145819,Shriram ELSS Tax Saver Fund - Direct Growth,23.566
2026-09-04,145820,Shriram ELSS Tax Saver Fund - Regular Growth,20.6027
2026-09-04,145821,Shriram ELSS Tax Saver Fund - Regular-IDCW,20.6056
2026-09-04,145822,Shriram ELSS Tax Saver Fund - Direct- IDCW,23.3762
2026-09-04,145823,NIPPON INDIA OVERNIGHT FUND - DIRECT Plan - WEEKLY IDCW Option,100.0050
2026-09-04,145824,NIPPON INDIA OVERNIGHT FUND - DIRECT Plan - MONTHLY IDCW Option,100.2563
2026-09-04,145825,NIPPON INDIA OVERNIGHT FUND - DIRECT Plan - QUARTERLY IDCW Option,101.3714
2026-09-04,145826,NIPPON INDIA OVERNIGHT FUND - WEEKLY IDCW Option,100.0050
2026-09-04,145827,NIPPON INDIA OVERNIGHT FUND - MONTHLY IDCW Option,100.2452
2026-09-04,145830,NIPPON INDIA OVERNIGHT FUND - DAILY IDCW Option,100.0050
2026-09-04,145833,NIPPON INDIA OVERNIGHT FUND - QUARTERLY IDCW Option,101.3525
2026-09-04,145834,Motilal Oswal Liquid Fund - Direct Growth,14.9392
2026-09-04,145881,Aditya Birla Sunlife Nifty Next 50 ETF,76.8214
2026-09-04,145890,LIC MF Arbitrage Fund-Regular Plan-Growth,14.7374
2026-09-04,145891,LIC MF Arbitrage Fund-Direct Plan-Weekly IDCW,14.5885
2026-09-04,145892,LIC MF Arbitrage Fund-Regular Plan-Monthly IDCW,14.3984
2026-09-04,145893,LIC MF Arbitrage Fund-Regular Plan-Weekly IDCW,14.3068
2026-09-04,145894,LIC MF Arbitrage Fund-Direct Plan-Monthly IDCW,13.9332
2026-09-04,145895,LIC MF Arbitrage Fund-Direct Plan-Growth,15.5247
2026-09-04,145896,ICICI Prudential India Opportunities Fund - Cumulative Option,36.28
2026-09-04,145897,ICICI Prudential India Opportunities Fund - Direct Plan - Cumulative Option,39.92
2026-09-04,145898,ICICI Prudential India Opportunities Fund - Direct Plan - IDCW Option,24.36
2026-09-04,145899,ICICI Prudential India Opportunities Fund - IDCW Option,21.18
2026-09-04,145946,Motilal Oswal Liquid Fund - Regular Growth,14.7588
2026-09-04,145951,LIC MF Short Term Fund-Regular Plan-IDCW,15.4561
2026-09-04,145952,LIC MF Short Term Fund-Regular Plan-Growth,15.4561
2026-09-04,145953,LIC MF Short Term Fund-Direct Plan-IDCW,16.68
2026-09-04,145954,LIC MF Short Term Fund-Direct Plan-Growth,16.68
2026-09-04,145963,WhiteOak Capital Liquid Fund- Regular plan-Daily Reinvestment of Income Distribution cum capital withdrawal option (IDCW),1001.9023
2026-09-04,145964,WhiteOak Capital Liquid Fund- Regular plan-Weekly Payout/ Reinvestment of Income Distribution cum capital withdrawal option (IDCW),1002.8432
2026-09-04,145965,WhiteOak Capital Liquid Fund- Regular plan-Fortnightly Payout/ Reinvestment of Income Distribution cum capital withdrawal option (IDCW),1005.0368
2026-09-04,145966,WhiteOak Capital Liquid Fund- Direct plan-Fortnightly Payout/ Reinvestment of Income Distribution cum capital withdrawal option (IDCW),1003.9232
2026-09-04,145967,WhiteOak Capital Liquid Fund- Direct plan-Monthly  Payout/ Reinvestment of Income Distribution cum capital withdrawal option (IDCW),1005.7168
2026-09-04,145968,WhiteOak Capital Liquid Fund- Regular plan-Growth Option,1508.2681
2026-09-04,145969,WhiteOak Capital Liquid Fund- Direct plan-Daily Reinvestment of Income Distribution cum capital withdrawal option (IDCW),1001.9025
2026-09-04,145970,WhiteOak Capital Liquid Fund- Direct plan-Weekly Payout/ Reinvestment of Income Distribution cum capital withdrawal option (IDCW),1002.8975
2026-09-04,145971,WhiteOak Capital Liquid Fund- Direct plan-Growth Option,1519.1182
2026-09-04,145972,WhiteOak Capital Liquid Fund- Regular plan-Monthly Payout/ Reinvestment of Income Distribution cum capital withdrawal option (IDCW),1005.2639
2026-09-04,146005,TATA Balanced Advantage Fund Regular Plan - Payout of Income Distribution cum capital withdrawal option,20.0941
2026-09-04,146006,TATA Balanced Advantage Fund Direct Plan - Payout of Income Distribution cum capital withdrawal option,22.6736
2026-09-04,146007,Tata Balanced Advantage Fund-Regular Plan-Growth,20.9447
2026-09-04,146008,TATA Balanced Advantage Fund Direct Plan - Reinvestment of Income Distribution cum capital withdrawal option,22.6736
2026-09-04,146009,TATA Balanced Advantage Fund Regular Plan - Reinvestment of Income Distribution cum capital withdrawal option,20.0941
2026-09-04,146010,Tata Balanced Advantage Fund-Direct Plan-Growth,23.5268
2026-09-04,146061,DSP Overnight Fund - Regular Plan - Growth,1465.6912
2026-09-04,146062,DSP Overnight Fund - Direct Plan - Growth,1474.6395
2026-09-04,146063,DSP Overnight Fund - Regular Plan - IDCW - Weekly,1001.4507
2026-09-04,146065,DSP Overnight Fund - Direct Plan - IDCW - Daily,1000.0099
2026-09-04,146066,DSP Overnight Fund - Regular Plan - IDCW - Daily,1000.0099
2026-09-04,146067,TATA Ultra Short Term Fund-Direct Plan - Weekly Payout of Income Distribution cum capital withdrawal option,10.4195
2026-09-04,146068,TATA Ultra Short Term Fund Direct Plan - Weekly Reinvestment of Income Distribution cum capital withdrawal option,10.4195
2026-09-04,146069,TATA Ultra Short Term Fund-Direct Plan - Monthly Payout of Income Distribution cum capital withdrawal option,16.1709
2026-09-04,146070,Tata Ultra Short Term Fund-Regular Plan-Growth,15.2121
2026-09-04,146071,TATA Ultra Short Term Fund-Regular Plan - Weekly Payout of Income Distribution cum capital withdrawal option,10.3922
2026-09-04,146072,TATA Ultra Short Term Fund-Regular Plan - Monthly Payout of Income Distribution cum capital withdrawal option,15.2184
2026-09-04,146073,TATA Ultra Short Term Fund Regular Plan - Monthly Reinvestment of Income Distribution cum capital withdrawal option,15.2184
2026-09-04,146074,TATA Ultra Short Term Fund Regular Plan -Weekly Reinvestment of Income Distribution cum capital withdrawal option,10.3922
2026-09-04,146075,Tata Ultra Short Term Fund-Direct Plan-Growth,16.1489
2026-09-04,146076,TATA Ultra Short Term Fund Direct Plan - Monthly Reinvestment of Income Distribution cum capital withdrawal option,16.1709
2026-09-04,146127,CANARA ROBECO SMALL CAP FUND - REGULAR PLAN - GROWTH OPTION,41.4200
2026-09-04,146128,CANARA ROBECO SMALL CAP FUND - REGULAR PLAN - IDCW (Payout/Reinvestment),33.6800
2026-09-04,146130,CANARA ROBECO SMALL CAP FUND - DIRECT PLAN - GROWTH OPTION,46.3700
2026-09-04,146131,CANARA ROBECO SMALL CAP FUND - DIRECT PLAN - IDCW (Payout/Reinvestment),38.1500
2026-09-04,146138,Kotak Overnight Fund-Regular Plan- Daily Reinvestment of Income Distribution cum capital withdrawal option,1004.7568
2026-09-04,146140,Kotak Overnight Fund-Direct Plan- Daily Reinvestment of Income Distribution cum capital withdrawal option,1003.6055
2026-09-04,146141,Kotak Overnight Fund -Direct Plan-Growth Option,1468.8876
2026-09-04,146142,Kotak Overnight Fund -Regular plan-Growth Option,1458.6253
2026-09-04,146183,BANDHAN Overnight Fund - Direct Plan - Monthly IDCW,1000.9340
2026-09-04,146184,BANDHAN Overnight Fund - Direct Plan - Periodic IDCW,1337.9906
2026-09-04,146185,BANDHAN Overnight Fund - Regular Plan - Monthly IDCW,1000.9243
2026-09-04,146186,BANDHAN Overnight Fund - REGULAR PLAN PERIODIC IDCW,1332.5005
2026-09-04,146187,BANDHAN Overnight Fund - Regular Plan - Growth,1456.2581
2026-09-04,146188,BANDHAN Overnight Fund - Regular Plan - Daily IDCW,1000.0098
2026-09-04,146189,BANDHAN Overnight Fund - Regular Plan - Weekly IDCW,1001.8652
2026-09-04,146190,BANDHAN Overnight Fund - Direct Plan - Daily IDCW,1000.0098
2026-09-04,146191,BANDHAN Overnight Fund - Direct Plan - Growth,1468.2364
2026-09-04,146192,BANDHAN Overnight Fund - Direct Plan - Weekly IDCW,1000.9559
2026-09-04,146193,Edelweiss Small Cap Fund - Regular Plan - Growth,48.374
2026-09-04,146194,Edelweiss Small Cap Fund - Regular Plan - IDCW Option,42.036
2026-09-04,146196,Edelweiss Small Cap Fund - Direct Plan - Growth,54.302
2026-09-04,146197,Edelweiss Small Cap Fund - Direct Plan - IDCW Option,47.505
2026-09-04,146207,SBI Corporate Bond Fund - Regular Plan - Growth,16.4660
2026-09-04,146208,SBI Corporate Bond Fund - Regular Plan - Monthly Income Distribution cum Capital Withdrawal Option (IDCW),15.5398
2026-09-04,146210,SBI Corporate Bond Fund - Regular Plan - Quarterly Income Distribution cum Capital Withdrawal Option (IDCW),15.9986
2026-09-04,146212,SBI Corporate Bond Fund - Direct Plan - Monthly Income Distribution cum Capital Withdrawal Option (IDCW),16.0892
2026-09-04,146215,SBI Corporate Bond Fund - Direct Plan - Growth,17.0454
2026-09-04,146216,SBI Corporate Bond Fund - Direct Plan - Quarterly Income Distribution cum Capital Withdrawal Option (IDCW),16.5705
2026-09-04,146218,Motilal Oswal Liquid Fund Direct - IDCW  Quarterly Payout/Reinvestment,10.3752
2026-09-04,146220,Motilal Oswal Liquid Fund Regular - IDCW Monthly Payout/Reinvestment,10.0454
2026-09-04,146222,Motilal Oswal Liquid Fund Regular - IDCW Quarterly Payout/Reinvestment,10.3612
2026-09-04,146223,Motilal Oswal Liquid Fund Direct - IDCW Monthly Payout/Reinvestment,10.0458
2026-09-04,146224,Motilal Oswal Liquid Fund Regular - IDCW Weekly Reinvestment,10.0130
2026-09-04,146226,Motilal Oswal Liquid Fund Direct - IDCW Fortnightly Reinvestment,10.0202
2026-09-04,146227,Motilal Oswal Liquid Fund Regular - IDCW Daily Reinvestment,10.0091
2026-09-04,146228,Motilal Oswal Liquid Fund Direct - IDCW Reinvestment,10.0092
2026-09-04,146229,Motilal Oswal Liquid Fund Direct - IDCW Weekly Reinvestment,10.0092
2026-09-04,146230,Motilal Oswal Liquid Fund Regular - IDCW Fortnightly Reinvestment,10.0197
2026-09-04,146271,Nippon India ETF Nifty Midcap 150,239.7020
2026-09-04,146294,Union Arbitrage Fund - Regular Plan - Growth Option,14.9776
2026-09-04,146295,Union Arbitrage Fund - Regular Plan - IDCW Option,14.6245
2026-09-04,146296,Union Arbitrage Fund - Direct Plan - IDCW Option,15.2399
2026-09-04,146297,Union Arbitrage Fund - Direct Plan - Growth Option,15.6104
2026-09-04,146346,ICICI Prudential Retirement Fund - Pure Equity - Growth Option,35.36
2026-09-04,146347,ICICI Prudential Retirement Fund - Pure Equity - IDCW Option,35.37
2026-09-04,146348,ICICI Prudential Retirement Fund - Pure Equity - Direct Plan - IDCW Option,39.55
2026-09-04,146349,ICICI Prudential Retirement Fund - Pure Equity - Direct Plan - Growth Option,39.56
2026-09-04,146376,DSP Nifty 50 Index Fund - Direct Plan - Growth,23.6152
2026-09-04,146377,DSP Nifty 50 Index Fund - Direct Plan - IDCW,20.2066
2026-09-04,146378,DSP Nifty 50 Index Fund - Regular Plan - IDCW,18.9719
2026-09-04,146379,DSP Nifty 50 Index Fund - Regular Plan - Growth,23.2653
2026-09-04,146380,DSP Nifty Next 50 Index Fund - Regular Plan - Growth,28.1935
2026-09-04,146381,DSP Nifty Next 50 Index Fund - Direct Plan - Growth,28.9187
2026-09-04,146382,DSP Nifty Next 50 Index Fund - Direct Plan - IDCW,23.6881
2026-09-04,146383,DSP Nifty Next 50 Index Fund - Regular Plan - IDCW,23.1149
2026-09-04,146388,UTI - BSE Sensex Next 50 Exchange Traded Fund,94.8433
2026-09-04,146405,ADITYA BIRLA SUN LIFE BAL BHAVISHYA YOJNA- Regular - IDCW,17.20
2026-09-04,146407,ADITYA BIRLA SUN LIFE BAL BHAVISHYA YOJNA DIRECT GROWTH,23.79
2026-09-04,146408,ADITYA BIRLA SUN LIFE BAL BHAVISHYA YOJNA- Direct - IDCW,19.41
2026-09-04,146409,ADITYA BIRLA SUN LIFE BAL BHAVISHYA YOJNA REGULAR GROWTH,21.07
2026-09-04,146455,Invesco India Equity Savings Fund - Regular Plan - IDCW (Payout / Reinvestment),16.7785
2026-09-04,146456,Invesco India Equity Savings Fund - Regular Plan - Growth,16.7795
2026-09-04,146457,Invesco India Equity Savings Fund - Direct Plan - Growth,18.9938
2026-09-04,146458,Invesco India Equity Savings Fund - Direct Plan - IDCW (Payout / Reinvestment),18.9376
2026-09-04,146512,NIPPON INDIA NIFTY NEXT 50 JUNIOR BEES FOF - IDCW Option,27.1566
2026-09-04,146513,Nippon India Nifty Next 50 Junior BeES FoF - Direct Plan - Growth Plan - Growth Option,27.6205
2026-09-04,146514,Nippon India Nifty Next 50 Junior BeES FoF - Growth Plan - Growth Option,27.1566
2026-09-04,146515,NIPPON INDIA NIFTY NEXT 50 JUNIOR BEES FOF - DIRECT Plan - IDCW Option,27.6205
2026-09-04,146548,Mahindra Manulife Large Cap Fund - Regular Plan - IDCW,14.6846
2026-09-04,146549,Mahindra Manulife Large Cap Fund - Direct Plan -Growth,25.1539
2026-09-04,146550,Mahindra Manulife Large Cap Fund - Direct Plan - IDCW,17.5243
2026-09-04,146551,Mahindra Manulife Large Cap Fund - Regular Plan - Growth,22.0142
2026-09-04,146574,Aditya Birla Sun Life Retirement Fund-The 30s Plan-Regular - Payout of IDCW,18.632
2026-09-04,146575,Aditya Birla Sun Life Retirement Fund-The 30s Plan-Direct Growth,25.625
2026-09-04,146576,Aditya Birla Sun Life Retirement Fund-The 30s Plan-Direct - Payout of IDCW,20.859
2026-09-04,146577,Aditya Birla Sun Life Retirement Fund-The 30s Plan-Regular Growth,22.886
2026-09-04,146641,SBI Equity Minimum Variance Fund - Regular Plan - Income Distribution cum Capital Withdrawal Option (IDCW),23.5062
2026-09-04,146642,SBI Equity Minimum Variance Fund - Direct Plan - Income Distribution cum Capital Withdrawal Option (IDCW),24.1385
2026-09-04,146643,SBI Equity Minimum Variance Fund - Direct Plan - Growth,24.1399
2026-09-04,146644,SBI Equity Minimum Variance Fund - Regular Plan - Growth,23.5025
2026-09-04,146675,Axis Overnight Fund - Direct Plan - Growth Option,1457.4112
2026-09-04,146676,Axis Overnight Fund - Direct Plan - Weekly IDCW,1001.2225
2026-09-04,146677,Axis Overnight Fund - Direct Plan - Monthly IDCW,1002.1913
2026-09-04,146678,Axis Overnight Fund - Regular Plan - Growth Option,1451.7914
2026-09-04,146679,Axis Overnight Fund - Direct Plan - Daily IDCW,1000.5073
2026-09-04,146680,Axis Overnight Fund - Regular Plan - Weekly IDCW,1001.1872
2026-09-04,146681,Axis Overnight Fund - Regular Plan - Monthly IDCW,1002.1787
2026-09-04,146682,Axis Overnight Fund - Regular Plan - Daily IDCW,1000.5032
2026-09-04,146695,BANDHAN Fixed Term Plan Series 179 REGULAR PLAN-GROWTH (3652 days),17.8273
2026-09-04,146699,BANDHAN Fixed Term Plan Series 179 DIRECT PLAN HALF YEARLY-IDCW (3652 days),11.5947
2026-09-04,146701,BANDHAN Fixed Term Plan Series 179 DIRECT PLAN-GROWTH (3652 days),18.1639
2026-09-04,146702,BANDHAN Fixed Term Plan Series 179 REGULAR PLAN PERIODIC-IDCW (3652 days),15.3588
2026-09-04,146716,ICICI Prudential Retirement Fund - Hybrid Conservative - Direct Plan - Growth Option,20.2783
2026-09-04,146717,ICICI Prudential Retirement Fund - Hybrid Conservative - Growth Option,18.3656
2026-09-04,146718,ICICI Prudential Retirement Fund - Hybrid Conservative - Direct Plan - IDCW Option,20.2780
2026-09-04,146719,ICICI Prudential Retirement Fund - Hybrid Conservative - IDCW Option,18.3655
2026-09-04,146720,ICICI Prudential Retirement Fund - Hybrid Aggressive - Direct Plan - IDCW Option,31.70
2026-09-04,146721,ICICI Prudential Retirement Fund - Hybrid Aggressive - Direct Plan - Growth Option,31.70
2026-09-04,146722,ICICI Prudential Retirement Fund - Hybrid Aggressive - Growth Option,28.25
2026-09-04,146723,ICICI Prudential Retirement Fund - Hybrid Aggressive - IDCW Option,28.25
2026-09-04,146724,ICICI Prudential Retirement Fund - Pure Debt - IDCW Option,15.6931
2026-09-04,146725,ICICI Prudential Retirement Fund - Pure Debt - Direct Plan - IDCW Option,17.2120
2026-09-04,146726,ICICI Prudential Retirement Fund - Pure Debt - Growth Option,15.6929
2026-09-04,146727,ICICI Prudential Retirement Fund - Pure Debt - Direct Plan - Growth Option,17.2121
2026-09-04,146769,HSBC Large & Mid Cap Fund - Regular IDCW,20.8814
2026-09-04,146770,HSBC Large & Mid Cap Fund - Direct IDCW,23.2259
2026-09-04,146771,HSBC Large & Mid Cap Fund - Regular Growth,30.1545
2026-09-04,146772,HSBC Large & Mid Cap Fund - Direct Growth,33.3604
2026-09-04,146795,ICICI Prudential Fixed Maturity Plan - Series 85 - 10 Years Plan I - Direct Plan Cumulative Option,18.0978
2026-09-04,146797,ICICI Prudential Fixed Maturity Plan - Series 85 - 10 Years Plan I - Cumulative Option,17.8449
2026-09-04,146800,ICICI Prudential Fixed Maturity Plan - Series 85 - 10 Years Plan I - Quarterly IDCW Option,17.4800
2026-09-04,146927,Aditya Birla Sun Life Retirement Fund-The 40s Plan- Direct - Payout of IDCW,17.760
2026-09-04,146928,Aditya Birla Sun Life Retirement Fund-The 40s Plan-Regular - Payout of IDCW,15.902
2026-09-04,146929,Aditya Birla Sun Life Retirement Fund-The 40s Plan-Regular Plan-Growth,19.539
2026-09-04,146930,Aditya Birla Sun Life Retirement Fund-The 40s Plan-Direct Plan-Growth,21.821
2026-09-04,146937,Aditya Birla Sun Life Retirement Fund-The 50s Plan- Direct - Payout of IDCW,13.7100
2026-09-04,146938,Aditya Birla Sun Life Retirement Fund-The 50s Plan-Regular Plan-Growth,15.2095
2026-09-04,146939,Aditya Birla Sun Life Retirement Fund-The 50s Plan- Regular - Payout of IDCW,12.3733
2026-09-04,146940,Aditya Birla Sun Life Retirement Fund-The 50s Plan-Direct Plan-Growth,16.8531
2026-09-04,146941,Aditya Birla Sun Life Retirement Fund-The 50s Plus-Debt Plan-Regular Plan-Growth,13.6342
2026-09-04,146942,Aditya Birla Sun Life Retirement Fund-The 50s Plus-Debt Plan - Regular - Payout of IDCW,11.0900
2026-09-04,146943,Aditya Birla Sun Life Retirement Fund-The 50s Plus-Debt Plan-Direct Plan-Growth,14.9762
2026-09-04,146944,Aditya Birla Sun Life Retirement Fund-The 50s Plus-Debt Plan - Direct - Payout of IDCW,12.1800
2026-09-04,146949,ICICI Prudential Bharat Consumption Fund - Direct Plan - IDCW Option,17.30
2026-09-04,146950,ICICI Prudential Bharat Consumption Fund - Growth Option,24.84
2026-09-04,146951,ICICI Prudential Bharat Consumption Fund - Direct Plan - Growth Option,26.96
2026-09-04,146952,ICICI Prudential Bharat Consumption Fund - IDCW Option,15.44
2026-09-04,146957,Sundaram Overnight Fund Direct Plan - Monthly Reinvestment of Income Distribution cum Capital Withdrawal (IDCW),1056.6980
2026-09-04,146959,Sundaram Overnight Fund Regular Plan - Growth,1451.4900
2026-09-04,146960,Sundaram Overnight Fund Regular Plan - Monthly Payout of Income Distribution cum Capital Withdrawal (IDCW),1051.2895
2026-09-04,146961,Sundaram Overnight Fund Regular Plan - Monthly Reinvestment of Income Distribution cum Capital Withdrawal (IDCW),1051.2895
2026-09-04,146962,Sundaram Overnight Fund Direct Plan - Monthly Payout of Income Distribution cum Capital Withdrawal (IDCW),1056.6980
2026-09-04,146963,Sundaram Overnight Fund Direct Plan - Growth,1462.0705
2026-09-04,146973,SBI Fixed Maturity Plan (FMP) - Series 1 (3668 Days) - Regular Plan - Income Distribution cum Capital Withdrawal Option (IDCW),17.5444
2026-09-04,146974,SBI Fixed Maturity Plan (FMP) - Series 1 (3668 Days) - Direct Plan - Growth,17.7718
2026-09-04,146975,SBI Fixed Maturity Plan (FMP) - Series 1 (3668 Days) - Direct Plan - Income Distribution cum Capital Withdrawal Option (IDCW),17.7900
2026-09-04,146976,SBI Fixed Maturity Plan (FMP) - Series 1 (3668 Days) - Regular Plan - Growth,17.5444
2026-09-04,146977,Tata Overnight Fund-Regular Plan-Growth,1441.2020
2026-09-04,146978,TATA Overnight Fund Direct Plan - Daily Reinvestment of Income Distribution cum capital withdrawal option,1000.0005
2026-09-04,146979,TATA Overnight Fund Regular Plan - Daily Reinvestment of Income Distribution cum capital withdrawal option,1000.0006
2026-09-04,146980,Tata Overnight Fund-Direct Plan-Growth,1453.4717
2026-09-04,146997,Union Overnight Fund - Regular Plan - Growth Option,1438.5780
2026-09-04,146998,Union Overnight Fund - Regular Plan - Daily IDCW Option,1001.2621
2026-09-04,147000,Union Overnight Fund - Regular Plan - Monthly IDCW Option,1001.9614
2026-09-04,147002,Union Overnight Fund - Direct Plan - Daily IDCW Option,1000.8079
2026-09-04,147003,Union Overnight Fund - Direct Plan - Growth Option,1449.1962
2026-09-04,147006,Union Overnight Fund - Direct Plan - Monthly IDCW Option,1001.9923
2026-09-04,147095,NIPPON INDIA FIXED MATURITY  PLAN - XLI - SERIES 8 - DIRECT Plan - IDCW Option,17.7979
2026-09-04,147096,NIPPON INDIA FIXED MATURITY PLAN  - XLI - SERIES 8 - IDCW Option,17.4117
2026-09-04,147097,Nippon India Fixed Maturity Plan XLI - Series 8 - Growth Option,17.4117
2026-09-04,147098,Nippon India Fixed Maturity Plan XLI - Series 8 - Direct Plan - Growth Option,17.7979
2026-09-04,147128,UTI Ultra Short Term Fund - Direct Plan - Half-Yearly IDCW,1557.8126
2026-09-04,147153,ITI Liquid Fund - Regular Plan - Growth Option,1457.6415
2026-09-04,147154,ITI Liquid Fund - Regular Plan - Daily IDCW Option,1001.0000
2026-09-04,147155,ITI Liquid Fund - Regular Plan - Fortnightly Income Distribution cum capital withdrawal option Option,1000.5588
2026-09-04,147156,ITI Liquid Fund - Regular Plan - Monthly IDCW Option,1000.7692
2026-09-04,147157,ITI Liquid Fund - Direct Plan - Growth Option,1472.3254
2026-09-04,147158,ITI Liquid Fund - Direct Plan - Daily IDCW Option,1001.0000
2026-09-04,147159,ITI Liquid Fund - Direct Plan - Weekly IDCW Option,1001.5646
2026-09-04,147161,ITI Liquid Fund - Direct Plan - Annually IDCW Option,1474.2799
2026-09-04,147162,ITI Liquid Fund - Regular Plan - Annually IDCW Option,1467.2294
2026-09-04,147163,ITI Liquid Fund - Direct Plan - Monthly IDCW Option,1002.5772
2026-09-04,147164,ITI Liquid Fund - Regular Plan - Weekly IDCW Option,1001.5587
2026-09-04,147183,ITI Multi Cap Fund - Direct Plan - Growth Option,30.2347
2026-09-04,147184,ITI Multi Cap Fund - Regular Plan - Growth Option,26.3100
2026-09-04,147185,ITI Multi Cap Fund - Regular Plan - IDCW Option,23.0141
2026-09-04,147186,ITI Multi Cap Fund - Direct Plan - IDCW Option,26.7481
2026-09-04,147193,Baroda BNP Paribas Overnight Fund - Regular Plan - Growth,1439.1940
2026-09-04,147194,Baroda BNP Paribas Overnight Fund - Regular Plan - Daily IDCW,1000.0018
2026-09-04,147195,Baroda BNP Paribas Overnight Fund - Direct Plan - Weekly IDCW,1000.4866
2026-09-04,147196,Baroda BNP Paribas Overnight Fund - Direct Plan - Growth,1446.1391
2026-09-04,147197,Baroda BNP Paribas Overnight Fund - Direct Plan - Daily IDCW,1000.0028
2026-09-04,147198,Baroda BNP Paribas Overnight Fund - Regular Plan - Weekly IDCW,1000.9697
2026-09-04,147203,Mirae Asset Focused Fund - Regular Plan - Growth,25.377
2026-09-04,147204,Mirae Asset Focused Fund - Regular Plan - IDCW,23.329
2026-09-04,147205,Mirae Asset Focused Fund - Direct Plan - IDCW,25.735
2026-09-04,147206,Mirae Asset Focused Fund - Direct Plan - Growth,27.980
2026-09-04,147211,Franklin India Overnight Fund - Direct Weekly Dividend Plan - Weekly - IDCW,1000.6549
2026-09-04,147212,Franklin India Overnight Fund - Direct Daily Dividend Plan - Daily - IDCW,1000.0007
2026-09-04,147213,Franklin India Overnight fund- Growth,1431.2375
2026-09-04,147214,Franklin India Overnight Fund- Growth - Direct,1436.3395
2026-09-04,147215,Franklin India Overnight Fund - Daily Dividend Plan - Daily - IDCW,1000.0001
2026-09-04,147216,Franklin India Overnight Fund - Weekly Dividend Plan - Weekly - IDCW,1000.6531
2026-09-04,147247,SBI Fixed Maturity Plan (FMP) - Series 6 (3668 Days) - Regular Plan - Growth,16.9877
2026-09-04,147248,SBI Fixed Maturity Plan (FMP) - Series 6 (3668 Days) - Direct Plan - Growth,17.2858
2026-09-04,147249,SBI Fixed Maturity Plan (FMP) - Series 6 (3668 Days) - Direct Plan - Income Distribution cum Capital Withdrawal Option (IDCW),17.2862
2026-09-04,147250,SBI Fixed Maturity Plan (FMP) - Series 6 (3668 Days) - Regular Plan - Income Distribution cum Capital Withdrawal Option (IDCW),16.9898
2026-09-04,147265,Kotak Floating Interest Rates Fund -REGULAR PLAN-STANDARD Reinvestment of Income Distribution cum capital withdrawal option,1445.6656
2026-09-04,147266,Kotak Floating Interest Rates Fund -REGULAR PLAN-GROWTH OPTION,1622.1186
2026-09-04,147267,Kotak Floating Interest Rates Fund -DIRECT PLAN-Standard Reinvestment of Income Distribution cum capital withdrawal option,1453.1414
2026-09-04,147269,Kotak Floating Interest Rates Fund - Direct Plan - Growth Option,1668.137
2026-09-04,147287,HSBC Overnight Fund - Direct Growth,1440.6547
2026-09-04,147288,HSBC Overnight Fund - Regular Weekly IDCW,1000.4173
2026-09-04,147289,HSBC Overnight Fund - Regular Daily IDCW,1000.0149
2026-09-04,147290,HSBC Overnight Fund - Regular Growth,1428.1363
2026-09-04,147291,HSBC Overnight Fund - Direct Daily IDCW,1000.0149
2026-09-04,147296,HSBC Overnight Fund - Direct Weekly IDCW,1000.4065
2026-09-04,147300,HSBC Overnight Fund - Direct Monthly IDCW,1001.343
2026-09-04,147301,HSBC Overnight Fund - Regular Monthly IDCW,1001.3244
2026-09-04,147303,DSP Quant Fund - Regular Plan - Growth,21.1380
2026-09-04,147304,DSP Quant Fund - Direct Plan - IDCW,17.0230
2026-09-04,147305,DSP Quant Fund - Regular Plan - IDCW,16.0520
2026-09-04,147306,DSP Quant Fund - Direct Plan - Growth,22.2910
2026-09-04,147307,WhiteOak Capital Ultra Short Term Fund- Regular plan-Growth Option,1457.3434
2026-09-04,147308,WhiteOak Capital Ultra Short Term Fund- Regular plan-Daily Reinvestment of Income Distribution cum capital withdrawal option (IDCW),1004.9926
2026-09-04,147309,WhiteOak Capital Ultra Short Term Fund- Regular plan-Fortnightly Payout/ Reinvestment of Income Distribution cum capital withdrawal option (IDCW),1007.5344
2026-09-04,147310,WhiteOak Capital Ultra Short Term Fund- Regular plan-Weekly Payout/ Reinvestment of Income Distribution cum capital withdrawal option (IDCW),1007.6888
2026-09-04,147311,WhiteOak Capital Ultra Short Term Fund- Direct plan-Growth Option,1518.0398
2026-09-04,147312,WhiteOak Capital Ultra Short Term Fund- Direct plan-Monthly Payout/ Reinvestment of Income Distribution cum capital withdrawal option (IDCW),1009.5438
2026-09-04,147313,WhiteOak Capital Ultra Short Term Fund- Direct plan-Weekly Payout/ Reinvestment of Income Distribution cum capital withdrawal option (IDCW),1006.3184
2026-09-04,147314,WhiteOak Capital Ultra Short Term Fund- Regular plan-Monthly Payout/ Reinvestment of Income Distribution cum capital withdrawal option (IDCW),1008.1929
2026-09-04,147315,WhiteOak Capital Ultra Short Term Fund- Direct plan-Fortnightly Payout/ Reinvestment of Income Distribution cum capital withdrawal option (IDCW),1007.6959
2026-09-04,147316,WhiteOak Capital Ultra Short Term Fund- Direct plan-Daily Reinvestment of Income Distribution cum capital withdrawal option (IDCW),1004.9898
2026-09-04,147345,ICICI Prudential MNC Fund - Growth Option,30.39
2026-09-04,147346,ICICI Prudential MNC Fund - Direct Plan - Growth Option,33.28
2026-09-04,147347,ICICI Prudential MNC Fund - Direct Plan - IDCW Option,19.96
2026-09-04,147348,ICICI Prudential MNC Fund - IDCW Option,17.54
2026-09-04,147371,QUANTUM ESG BEST IN CLASS STRATEGY FUND - REGULAR PLAN - GROWTH OPTION,23.31
2026-09-04,147372,QUANTUM ESG BEST IN CLASS STRATEGY FUND - DIRECT PLAN - GROWTH OPTION,24.99
2026-09-04,147373,Baroda BNP Paribas Money Market Fund - Direct Plan - Monthly IDCW,1036.2854
2026-09-04,147376,Baroda BNP Paribas Money Market Fund - Regular Plan - Monthly IDCW,1016.0857
2026-09-04,147377,Baroda BNP Paribas Money Market Fund- Direct Plan - Growth,1511.7932
2026-09-04,147378,Baroda BNP Paribas Money Market Fund - Direct Plan-Daily IDCW,1001.4177
2026-09-04,147379,Baroda BNP Paribas Money Market Fund -Direct Plan - Weekly IDCW,1002.1417
2026-09-04,147380,Baroda BNP Paribas Money Market Fund-Regular Plan- Daily IDCW,1005.9752
2026-09-04,147381,Baroda BNP Paribas Money Market Fund-Regular Plan-Weekly IDCW,1002.1231
2026-09-04,147382,Baroda BNP Paribas Money Market Fund-Regular Plan - Growth,1486.3033
2026-09-04,147403,Shriram Balanced Advantage Fund - Direct- IDCW,18.7461
2026-09-04,147404,Shriram Balanced Advantage Fund - Regular-IDCW,16.5773
2026-09-04,147405,Shriram Balanced Advantage Fund - Regular Growth,16.5545
2026-09-04,147406,Shriram Balanced Advantage Fund - Direct Growth,18.9095
2026-09-04,147407,Aditya Birla Sun Life Pharma and Healthcare Fund-Regular-Growth,36.43
2026-09-04,147408,Aditya Birla Sun Life Pharma and Healthcare Fund-Regular - Payout of IDCW,24.05
2026-09-04,147409,Aditya Birla Sun Life Pharma and Healthcare Fund-Direct-Growth,40.59
2026-09-04,147410,Aditya Birla Sun Life Pharma and Healthcare Fund-Direct - Payout of IDCW,26.39
2026-09-04,147441,Motilal Oswal Liquid Fund - Unclaimed Dividend- Upto 3 years,14.5511
2026-09-04,147442,Motilal Oswal Liquid Fund - Unclaimed Dividend - Greater than 3 years,10.0000
2026-09-04,147443,Motilal Oswal Liquid Fund - Unclaimed Redemption - Greater than 3 years,10.0000
2026-09-04,147444,Motilal Oswal Liquid Fund - Unclaimed Redemption - Upto 3 years,14.2614
2026-09-04,147445,Mirae Asset Midcap Fund - Direct Plan - Growth,44.546
2026-09-04,147446,Mahindra Manulife Aggressive Hybrid Fund - Direct Plan -Growth,30.4156
2026-09-04,147447,Mahindra Manulife Aggressive Hybrid Fund - Regular Plan - Growth,26.8387
2026-09-04,147448,Mahindra Manulife Aggressive Hybrid Fund - Direct Plan - Monthly IDCW,20.8582
2026-09-04,147449,Mahindra Manulife Aggressive Hybrid Fund - Regular Plan - Monthly IDCW,17.7486
2026-09-04,147450,Groww Overnight Fund (formerly known as Indiabulls Overnight Fund)- Direct Plan- Growth Option,1417.7775
2026-09-04,147451,Groww Overnight Fund (formerly known as Indiabulls Overnight Fund)- Direct Plan- Weekly - Income Distribution cum capital withdrawal Option (Payout & Reinvestment),1002.7969
2026-09-04,147452,Groww Overnight Fund (formerly known as Indiabulls Overnight Fund)- Direct Plan- Fortnightly - Income Distribution cum capital withdrawal Option (Payout & Reinvestment),1216.2678
2026-09-04,147453,Groww Overnight Fund (formerly known as Indiabulls Overnight Fund)- Direct Plan- Monthly - Income Distribution cum capital withdrawal Option (Payout & Reinvestment),1001.6795
2026-09-04,147454,Groww Overnight Fund (formerly known as Indiabulls Overnight Fund)- Regular Plan- Growth Option,1408.1907
2026-09-04,147455,Groww Overnight Fund (formerly known as Indiabulls Overnight Fund)- Regular Plan- - Income Distribution cum capital withdrawal Option ( Reinvestment),1001.0526
2026-09-04,147456,Groww Overnight Fund (formerly known as Indiabulls Overnight Fund)- Regular Plan- Weekly - Income Distribution cum capital withdrawal Option (Payout & Reinvestment),1001.4797
2026-09-04,147457,Groww Overnight Fund (formerly known as Indiabulls Overnight Fund)- Regular Plan- Fortnightly - Income Distribution cum capital withdrawal Option (Payout & Reinvestment),1002.2005
2026-09-04,147458,Groww Overnight Fund (formerly known as Indiabulls Overnight Fund)- Direct Plan- - Income Distribution cum capital withdrawal Option ( Reinvestment),1001.5221
2026-09-04,147459,Groww Overnight Fund (formerly known as Indiabulls Overnight Fund)- Regular Plan- Monthly - Income Distribution cum capital withdrawal Option (Payout & Reinvestment),1001.6651
2026-09-04,147472,Kotak Focused Fund- Regular Plan-Income Distribution cum capital withdrawal option,27.245
2026-09-04,147473,Kotak Focused Fund- Direct Plan- Growth option,30.397
2026-09-04,147475,Kotak Focused Fund-Direct Plan- Income Distribution cum capital withdrawal option,30.398
2026-09-04,147477,Kotak Focused Fund- Regular plan _ Growth Option,27.245
2026-09-04,147478,Mirae Asset Midcap Fund - Direct Plan - IDCW,29.274
2026-09-04,147479,Mirae Asset Midcap Fund - Regular Plan - Growth,40.684
2026-09-04,147480,Mirae Asset Midcap Fund - Regular Plan - IDCW,26.569
2026-09-04,147481,Parag Parikh ELSS Tax Saver Fund- Direct Growth,31.7075
2026-09-04,147482,Parag Parikh ELSS Tax Saver Fund- Regular Growth,29.1349
2026-09-04,147483,ICICI Prudential Nifty Bank ETF,58.9962
2026-09-04,147490,Union Focused Fund - Regular Plan - Growth Option,27.70
2026-09-04,147491,Union Focused Fund - Direct Plan - IDCW Option,26.32
2026-09-04,147492,Union Focused Fund - Direct Plan - Growth Option,29.64
2026-09-04,147493,Union Focused Fund - Regular Plan - IDCW Option,24.38
2026-09-04,147494,Baroda BNP Paribas Equity Savings Fund - Regular Plan - Growth,17.3892
2026-09-04,147495,Baroda BNP Paribas Equity Savings Fund - Regular Plan - IDCW,12.9593
2026-09-04,147496,Baroda BNP Paribas Equity Savings Fund - Direct Plan - Growth,18.7939
2026-09-04,147498,Baroda BNP Paribas Equity Savings Fund - Direct Plan - IDCW,14.0056
2026-09-04,147512,LIC MF Overnight Fund-Regular Plan-IDCW,1251.5375
2026-09-04,147513,LIC MF Overnight Fund-Direct Plan-IDCW,1427.2667
2026-09-04,147514,LIC MF Overnight Fund-Direct Plan-Weekly IDCW,1107.699
2026-09-04,147515,LIC MF Overnight Fund-Direct Plan-Growth,1427.094
2026-09-04,147516,LIC MF Overnight Fund-Direct Plan-Daily IDCW,1125.7221
2026-09-04,147517,LIC MF Overnight Fund-Regular Plan-Daily IDCW,1124.9292
2026-09-04,147518,LIC MF Overnight Fund-Regular Plan-Weekly IDCW,1179.7686
2026-09-04,147519,LIC MF Overnight Fund-Regular Plan-Growth,1415.053
2026-09-04,147530,ICICI Prudential Nifty Private Bank ETF,28.1560
2026-09-04,147531,CANARA ROBECO OVERNIGHT FUND - DIRECT PLAN - GROWTH OPTION,1421.0804
2026-09-04,147532,CANARA ROBECO OVERNIGHT FUND - DIRECT PLAN - DAILY IDCW (Reinvestment),1001.0012
2026-09-04,147533,CANARA ROBECO OVERNIGHT FUND - REGULAR PLAN - DAILY IDCW (Reinvestment),1001.0000
2026-09-04,147534,CANARA ROBECO OVERNIGHT FUND - REGULAR PLAN - GROWTH OPTION,1419.4407
2026-09-04,147541,ITI ELSS Tax Saver Fund - Direct Plan - Growth Option,29.2354
2026-09-04,147542,ITI ELSS Tax Saver Fund - Direct Plan - IDCW Option,25.8651
2026-09-04,147543,ITI ELSS Tax Saver Fund - Regular Plan - IDCW Option,22.3554
2026-09-04,147544,ITI ELSS Tax Saver Fund - Regular Plan - Growth Option,25.5421
2026-09-04,147549,Edelweiss Overnight Fund - Regular Plan - Fortnightly - IDCW Option,1096.1569
2026-09-04,147550,Edelweiss Overnight Fund - Direct Plan - Fortnightly - IDCW Option,1368.247
2026-09-04,147551,Edelweiss Overnight Fund - Direct Plan - Annual - IDCW Option,1354.1637
2026-09-04,147552,Edelweiss Overnight Fund - Regular Plan - Daily - IDCW Option,1008.3761
2026-09-04,147553,Edelweiss Overnight Fund - Regular Plan - Weekly - IDCW Option,1016.9324
2026-09-04,147554,Edelweiss Overnight Fund - Direct Plan - Monthly - IDCW Option,1058.9223
2026-09-04,147555,Edelweiss Overnight Fund - Regular Plan - Monthly - IDCW Option,1005.7472
2026-09-04,147556,Edelweiss Overnight Fund - Regular Plan - Annual - IDCW Option,1348.1818
2026-09-04,147557,Edelweiss Overnight Fund - Direct Plan - Daily - IDCW Option,1000.247
2026-09-04,147558,Edelweiss Overnight Fund - Direct Plan - Weekly - IDCW Option,1378.8545
2026-09-04,147563,Mahindra Manulife Overnight Fund - Direct Plan - Daily IDCW,1428.2667
2026-09-04,147564,Mahindra Manulife Overnight Fund - Direct Plan -Growth,1424.7539
2026-09-04,147565,Mahindra Manulife Overnight Fund - Regular Plan - Growth,1414.5249
2026-09-04,147566,Mahindra Manulife Overnight Fund - Regular Plan - Daily IDCW,1254.5384
2026-09-04,147567,Axis Money Market Fund - Direct Plan - Growth Option,1561.8752
2026-09-04,147568,Axis Money Market Fund - Regular Plan - Growth Option,1544.6281
2026-09-04,147569,Edelweiss Overnight Fund - Regular Plan - Growth,1418.5605
2026-09-04,147570,Edelweiss Overnight Fund - Direct Plan - Growth,1424.0889
2026-09-04,147571,Axis Money Market Fund - Direct Plan - Daily IDCW,1005.6131
2026-09-04,147572,Axis Money Market Fund - Direct Plan - Monthly IDCW,1011.6815
2026-09-04,147573,Axis Money Market Fund - Direct Plan - Quarterly IDCW,1210.7621
2026-09-04,147574,Axis Money Market Fund - Regular Plan - Quarterly IDCW,1194.5329
2026-09-04,147575,Axis Money Market Fund - Regular Plan - Annual IDCW,1306.6556
2026-09-04,147576,Axis Money Market Fund - Direct Plan - Annual IDCW,1322.8979
2026-09-04,147577,Axis Money Market Fund - Regular Plan - Daily IDCW,1005.6127
2026-09-04,147578,Axis Money Market Fund - Regular Plan - Monthly IDCW,1008.5828
2026-09-04,147579,Nippon India ETF BSE Sensex Next 50,92.8508
2026-09-04,147600,PGIM India Overnight Fund - Regular Plan- Growth Option,1412.2421
2026-09-04,147605,PGIM India Overnight Fund - Direct Plan - Daily Dividend Option,1000.0087
2026-09-04,147606,PGIM India Overnight Fund - Direct Plan - Growth Option,1418.6581
2026-09-04,147607,PGIM India Overnight Fund - Regular Plan - Weekly Dividend Option,1007.6399
2026-09-04,147608,PGIM India Overnight Fund - Direct Plan - Weekly Dividend Option,1001.4979
2026-09-04,147609,PGIM India Overnight Fund - Regular Plan - Daily Dividend Option,1000
2026-09-04,147614,Tata Nifty Private Bank Exchange Traded Fund,288.7121
2026-09-04,147615,ITI Arbitrage Fund - Direct Plan - IDCW Option,14.5524
2026-09-04,147616,ITI Arbitrage Fund - Regular Plan - IDCW Option,13.8184
2026-09-04,147617,ITI Arbitrage Fund - Direct Plan - Growth Option,14.5524
2026-09-04,147618,ITI Arbitrage Fund - Regular Plan - Growth Option,13.8184
2026-09-04,147619,Motilal Oswal Nifty Bank Index - Regular Plan,20.3119
2026-09-04,147620,Motilal Oswal Nifty Bank Index Fund - Direct Plan,21.3555
2026-09-04,147621,Motilal Oswal Nifty Midcap 150 Index Fund - Regular Plan,39.9582
2026-09-04,147622,Motilal Oswal Nifty Midcap 150 Index Fund - Direct Plan,42.0602
2026-09-04,147623,Motilal Oswal Nifty Smallcap 250 Index Fund- Direct Plan,41.4367
2026-09-04,147624,Motilal Oswal Nifty Smallcap 250 Index - Regular Plan,39.4699
2026-09-04,147625,Motilal Oswal Nifty 500 Index Fund - Direct Plan,27.1947
2026-09-04,147626,Motilal Oswal Nifty 500 Index Fund - Regular Plan,25.9309
2026-09-04,147645,ICICI Prudential Global Advantage Fund (FOF) - Direct Plan - IDCW,23.4275
2026-09-04,147646,ICICI Prudential Global Advantage Fund (FOF) - IDCW,22.3496
2026-09-04,147647,ICICI Prudential Global Advantage Fund (FOF) - Growth Option,22.3503
2026-09-04,147648,ICICI Prudential Global Advantage Fund (FOF) - Direct Plan - Growth Option,23.4275
2026-09-04,147661,ICICI Prudential Commodities Fund - Growth Option,47.77
2026-09-04,147662,ICICI Prudential Commodities Fund - Direct Plan - Growth Option,52.14
2026-09-04,147663,ICICI Prudential Commodities Fund - IDCW Option,30.71
2026-09-04,147664,ICICI Prudential Commodities Fund - Direct Plan - IDCW Option,34.57
2026-09-04,147665,Axis Nifty 100 Index Fund - Regular Plan - Growth Option,21.3062
2026-09-04,147666,Axis Nifty 100 Index Fund - Direct Plan - Growth Option,22.4547
2026-09-04,147667,Axis Nifty 100 Index Fund - Regular Plan - IDCW,20.2087
2026-09-04,147668,Axis Nifty 100 Index Fund - Direct Plan - IDCW,21.3326
2026-09-04,147701,Motilal Oswal Large and Midcap Fund - Regular Plan Growth,37.3727
2026-09-04,147703,Motilal Oswal Large and Midcap Fund Regular - IDCW Payout/Reinvestment,26.5333
2026-09-04,147704,Motilal Oswal Large and Midcap Fund - Direct Plan Growth,41.2237
2026-09-04,147706,Motilal Oswal Large and Midcap Fund Direct - IDCW Payout/Reinvestment,29.1365
2026-09-04,147708,ITI Overnight Fund - Direct Plan - Daily IDCW Option,1000.9992
2026-09-04,147709,ITI Overnight Fund - Regular Plan - Daily IDCW Option,1001.0002
2026-09-04,147711,ITI Overnight Fund - Direct Plan - Weekly IDCW option,1001.3357
2026-09-04,147712,ITI Overnight Fund - Regular Plan - Weekly IDCW Option,1001.3305
2026-09-04,147713,ITI Overnight Fund - Direct Plan - Growth Option,1391.7842
2026-09-04,147714,ITI Overnight Fund - Regular Plan - Growth Option,1382.2667
2026-09-04,147716,ITI Overnight Fund - Regular Plan - Fortnightly IDCW Option,1002.1412
2026-09-04,147717,ITI Overnight Fund - Direct Plan - Monthly IDCW Option,1002.0951
2026-09-04,147718,ITI Overnight Fund - Regular Plan - Monthly IDCW Option,1002.0766
2026-09-04,147729,Mahindra Manulife Ultra Short Duration Fund - Regular Plan - Daily IDCW,1112.7780
2026-09-04,147730,Mahindra Manulife Ultra Short Duration Fund - Regular Plan - Weekly IDCW,1002.4913
2026-09-04,147731,Mahindra Manulife Ultra Short Duration Fund - Direct Plan -Growth,1522.2237
2026-09-04,147732,Mahindra Manulife Ultra Short Duration Fund - Direct Plan - Weekly IDCW,1002.5965
2026-09-04,147733,Mahindra Manulife Ultra Short Duration Fund - Direct Plan - Daily IDCW,1265.5889
2026-09-04,147734,Mahindra Manulife Ultra Short Duration Fund - Regular Plan - Growth,1478.8173
2026-09-04,147735,Aditya Birla Sun Life Nifty Bank ETF,58.9004
2026-09-04,147736,Mirae Asset Overnight Fund - Direct Plan - Growth,1411.8871
2026-09-04,147737,Mirae Asset Overnight Fund - Direct Plan - Daily IDCW,1000.0254
2026-09-04,147738,Mirae Asset Overnight Fund - Direct Plan - Monthly IDCW,1001.4824
2026-09-04,147739,Mirae Asset Overnight Fund - Regular Plan - Growth,1403.0905
2026-09-04,147740,Mirae Asset Overnight Fund - Direct Plan - Weekly IDCW,1000.2517
2026-09-04,147741,Mirae Asset Overnight Fund - Regular Plan - Weekly IDCW,1000.2572
2026-09-04,147742,Mirae Asset Overnight Fund - Regular Plan - Monthly IDCW,1001.4668
2026-09-04,147743,Mirae Asset Overnight Fund - Regular Plan - Daily IDCW,1000.0078
2026-09-04,147748,Union Large & Midcap Fund - Regular Plan - Growth Option,27.31
2026-09-04,147749,Union Large & Midcap Fund - Regular Plan - IDCW Option,27.31
2026-09-04,147750,Union Large & Midcap Fund - Direct Plan - Growth Option,29.68
2026-09-04,147751,Union Large & Midcap Fund - Direct Plan - IDCW Option,29.68
2026-09-04,147756,TATA Focused Fund Regular Plan - Reinvestment of Income Distribution cum capital withdrawal option,21.8633
2026-09-04,147757,Tata Focused Fund-Direct Plan-Growth,25.4444
2026-09-04,147758,TATA Focused Fund Direct Plan - Reinvestment of Income Distribution cum capital withdrawal option,24.5064
2026-09-04,147759,TATA Focused Fund Direct Plan - Payout of Income Distribution cum capital withdrawal option,24.5064
2026-09-04,147760,Tata Focused Fund-Regular Plan-Growth,22.7980
2026-09-04,147761,TATA Focused Fund Regular Plan - Payout of Income Distribution cum capital withdrawal option,21.8633
2026-09-04,147766,LIC MF Ultra Short Term Fund-Regular Plan-Daily IDCW,1093.4116
2026-09-04,147767,LIC MF Ultra Short Term Fund-Regular Plan-Weekly IDCW,1030.9809
2026-09-04,147768,LIC MF Ultra Short Term Fund-Regular Plan-Monthly IDCW,1413.8814
2026-09-04,147769,LIC MF Ultra Short Term Fund-Direct Plan-Weekly IDCW,1102.8342
2026-09-04,147770,LIC MF Ultra Short Term Fund-Regular Plan-Growth,1413.9679
2026-09-04,147771,LIC MF Ultra Short Term Fund-Direct Plan-Daily IDCW,1102.1317
2026-09-04,147772,LIC MF Ultra Short Term Fund-Direct Plan-Growth,1459.3597
2026-09-04,147773,LIC MF Ultra Short Term Fund-Direct Plan-Monthly IDCW,1458.7699
2026-09-04,147786,ITI Balanced Advantage Fund - Regular Plan - IDCW Option,12.1211
2026-09-04,147787,ITI Balanced Advantage Fund - Regular Plan - Growth Option,14.4785
2026-09-04,147788,ITI Balanced Advantage Fund - Direct Plan - IDCW Option,14.0415
2026-09-04,147789,ITI Balanced Advantage Fund - Direct Plan - Growth Option,16.4696
2026-09-04,147794,Motilal Oswal Nifty 50 Index Fund - Direct plan - Growth,20.8738
2026-09-04,147795,Motilal Oswal Nifty 50 Index Fund - Regular plan - Growth,20.3073
2026-09-04,147796,Motilal Oswal Nifty Next 50 Index Fund - Direct plan - Growth,26.2186
2026-09-04,147797,Motilal Oswal Nifty Next 50 Index Fund - Regular plan - Growth,25.0372
2026-09-04,147822,Axis Retirement Fund - Aggressive Plan - Direct Plan - IDCW,18.78
2026-09-04,147823,Axis Retirement Fund - Aggressive Plan - Regular Growth,18.47
2026-09-04,147824,Axis Retirement Fund - Aggressive Plan - Regular Plan - IDCW,17.03
2026-09-04,147825,Axis Retirement Fund - Aggressive Plan - Direct Growth,20.42
2026-09-04,147826,Axis Retirement Fund - Dynamic Plan - Direct Growth,21.81
2026-09-04,147827,Axis Retirement Fund - Dynamic Plan - Direct Plan - IDCW,19.89
2026-09-04,147828,Axis Retirement Fund - Dynamic Plan - Regular Growth,19.65
2026-09-04,147829,Axis Retirement Fund - Dynamic Plan - Regular Plan - IDCW,18.11
2026-09-04,147830,Axis Retirement Fund - Conservative Plan - Direct Growth,17.5812
2026-09-04,147831,Axis Retirement Fund - Conservative Plan - Direct Plan - IDCW,16.0198
2026-09-04,147832,Axis Retirement Fund - Conservative Plan - Regular Growth,15.9156
2026-09-04,147833,Axis Retirement Fund - Conservative Plan - Regular Plan - IDCW,14.6662
2026-09-04,147834,JM Overnight Fund (Regular) - Weekly IDCW,1000.3471
2026-09-04,147835,JM Overnight Fund (Direct) - Weekly IDCW,1000.3482
2026-09-04,147836,JM Overnight Fund (Regular) - Growth,1387.6734
2026-09-04,147837,JM Overnight Fund - (Direct) - Growth,1394.23
2026-09-04,147838,JM Overnight Fund (Direct) - Daily IDCW,1000
2026-09-04,147839,JM Overnight Fund (Regular) - Daily IDCW,1000
2026-09-04,147840,Mahindra Manulife Large & Mid Cap Fund - Direct Plan -Growth,31.6781
2026-09-04,147841,Mahindra Manulife Large & Mid Cap Fund - Direct Plan - IDCW,22.9457
2026-09-04,147842,Mahindra Manulife Large & Mid Cap Fund - Regular Plan - IDCW,19.9135
2026-09-04,147843,Mahindra Manulife Large & Mid Cap Fund - Regular Plan - Growth,28.2864
2026-09-04,147844,Aditya Birla Sun Life PSU Equity Fund-Direct Plan-Growth,40.04
2026-09-04,147845,Aditya Birla Sun Life PSU Equity Fund-Direct - Payout of IDCW,30.41
2026-09-04,147846,Aditya Birla Sun Life PSU Equity Fund-Regular Plan-Growth,36.15
2026-09-04,147847,Aditya Birla Sun Life PSU Equity Fund-Regular - Payout of IDCW,25.92
2026-09-04,147849,Bharat Bond ETF - April 2030,1613.0756
2026-09-04,147854,Bharat Bond FOF - April 2030 - Regular Plan - Growth Option,16.0158
2026-09-04,147855,BHARAT Bond FOF - April 2030 - Direct Plan - IDCW Option,16.0158
2026-09-04,147856,BHARAT Bond FOF - April 2030 - Regular Plan - IDCW Option,16.0158
2026-09-04,147857,Bharat Bond FOF - April 2030 - Direct Plan - Growth Option,16.0158
2026-09-04,147878,Invesco India Overnight Fund - Regular Plan - Growth,1385.7912
2026-09-04,147879,Invesco India Overnight Fund - Regular Plan - Monthly IDCW (Payout / Reinvestment),1001.3091
2026-09-04,147880,Invesco India Overnight Fund - Regular Plan - Daily IDCW (Reinvestment),1000.1395
2026-09-04,147881,Invesco India Overnight Fund - Regular Plan - Weekly IDCW (Reinvestment),1000.8076
2026-09-04,147883,Invesco India Overnight Fund - Direct Plan - Growth,1390.9961
2026-09-04,147884,Invesco India Overnight Fund - Direct Plan - Daily IDCW (Reinvestment),1000.5303
2026-09-04,147886,Invesco India Overnight Fund - Direct Plan - Monthly IDCW (Payout / Reinvestment),1000.9746
2026-09-04,147906,Mirae Asset Nifty Next 50 ETF,753.3228
2026-09-04,147907,HSBC Ultra Short Duration Fund - Regular Growth,1458.6747
2026-09-04,147908,HSBC Ultra Short Duration Fund - Direct Growth,1481.53
2026-09-04,147909,HSBC Ultra Short Duration Fund - Regular Daily IDCW,1031.7278
2026-09-04,147910,HSBC Ultra Short Duration Fund - Direct Daily IDCW,1079.9409
2026-09-04,147911,HSBC Ultra Short Duration Fund - Regular Weekly IDCW,1043.0092
2026-09-04,147912,HSBC Ultra Short Duration Fund - Direct Weekly IDCW,1008.8768
2026-09-04,147915,HSBC Ultra Short Duration Fund - Direct Monthly IDCW,1014.5824
2026-09-04,147916,HSBC Ultra Short Duration Fund - Regular Monthly IDCW,1030.1763
2026-09-04,147917,ITI Small Cap Fund - Direct Plan - IDCW Option,36.8860
2026-09-04,147918,ITI Small Cap Fund - Regular Plan - IDCW Option,32.5069
2026-09-04,147919,ITI Small Cap Fund - Direct Plan - Growth Option,38.9099
2026-09-04,147920,ITI Small Cap Fund - Regular Plan - Growth Option,34.4781
2026-09-04,147921,ICICI Prudential Nifty Midcap 150 ETF,23.9954
2026-09-04,147928,Axis ESG Integration Strategy Fund - Direct Plan - Growth Option,22.74
2026-09-04,147929,Axis ESG Integration Strategy Fund - Regular Plan - Growth Option,20.98
2026-09-04,147930,Axis ESG Integration Strategy Fund - Regular Plan - IDCW,13.70
2026-09-04,147931,Axis ESG Integration Strategy Fund - Direct Plan - IDCW,14.87
2026-09-04,147936,BANK OF INDIA Overnight Fund Regular Plan Growth,1396.2258
2026-09-04,147943,BANDHAN SMALL CAP FUND - DIRECT PLAN IDCW,40.172
2026-09-04,147944,BANDHAN SMALL CAP FUND - REGULAR PLAN GROWTH,52.186
2026-09-04,147945,BANDHAN SMALL CAP FUND - REGULAR PLAN IDCW,36.327
2026-09-04,147946,BANDHAN SMALL CAP FUND - DIRECT PLAN GROWTH,57.721
2026-09-04,147948,BANK OF INDIA Overnight Fund Direct Plan- Monthly IDCW,1001.0732
2026-09-04,147949,BANK OF INDIA Overnight Fund Regular Plan- Monthly IDCW,1001.0630
2026-09-04,147950,BANK OF INDIA Overnight Fund Direct Plan- Weekly IDCW,1000.5179
2026-09-04,147951,BANK OF INDIA Overnight Fund Direct Plan Growth,1400.6325
2026-09-04,147952,BANK OF INDIA Overnight Fund Direct Plan- Daily IDCW,1000.0059
2026-09-04,147953,BANK OF INDIA Overnight Fund Regular Plan- Daily IDCW,1000.0053
2026-09-04,148033,ICICI Prudential Diversified Equity All Cap Omni FOF - Growth,31.5123
2026-09-04,148034,ICICI Prudential Diversified Equity All Cap Omni FOF - IDCW,24.3645
2026-09-04,148035,ICICI Prudential Diversified Equity All Cap Omni FOF - Direct Plan - Growth,33.0188
2026-09-04,148036,ICICI Prudential Diversified Equity All Cap Omni FOF - Direct Plan - IDCW,25.7150
2026-09-04,148049,Tata Multi Asset Allocation Fund-Direct Plan-Dividend Payout,28.3713
2026-09-04,148050,Tata Multi Asset Allocation Fund-Regular Plan-Growth,25.5084
2026-09-04,148051,Tata Multi Asset Allocation Fund-Regular Plan-Dividend Reinvestment,25.5084
2026-09-04,148052,Tata Multi Asset Allocation Fund-Direct Plan-Dividend Reinvestment,28.3713
2026-09-04,148053,Tata Multi Asset Allocation Fund-Direct Plan-Growth,28.3713
2026-09-04,148054,Tata Multi Asset Allocation Fund-Regular Plan-Dividend Payout,25.5084
2026-09-04,148063,Edelweiss US Technology Equity Fund of Fund- Direct Plan- Growth,39.7487
2026-09-04,148064,Edelweiss US Technology Equity Fund of Fund- Regular Plan- Growth,37.3755
2026-09-04,148071,Union Midcap Fund - Regular Plan - Growth Option,52.97
2026-09-04,148072,Union Midcap Fund - Regular Plan - IDCW Option,52.97
2026-09-04,148073,Union Midcap Fund - Direct Plan - Growth Option,57.86
2026-09-04,148074,Union Midcap Fund - Direct Plan - IDCW Option,57.86
2026-09-04,148157,PGIM India Money Market Fund - Regular Plan - Monthly Dividend Option,1043.4117
2026-09-04,148158,PGIM India Money Market Fund - Regular Plan - Weekly Dividend Option,1003.5473
2026-09-04,148159,PGIM India Money Market Fund - Regular Plan - Growth Option,1426.9374
2026-09-04,148160,PGIM India Money Market Fund - Regular Plan - Daily Dividend Option,1009.0935
2026-09-04,148161,PGIM India Money Market Fund - Direct Plan - Growth Option,1474.2731
2026-09-04,148162,PGIM India Money Market Fund - Direct Plan - Daily Dividend Option,1010.4294
2026-09-04,148163,PGIM India Money Market Fund - Direct Plan - Monthly Dividend Option,1053.8926
2026-09-04,148164,PGIM India Money Market Fund - Direct Plan - Weekly Dividend Option,1003.5659
2026-09-04,148173,UTI Nifty Bank ETF,59.4267
2026-09-04,148351,ITI Large Cap Fund - Regular Plan - Growth Option,17.4806
2026-09-04,148352,ITI Large Cap Fund - Direct Plan - IDCW Option,18.5887
2026-09-04,148353,ITI Large Cap Fund - Direct Plan - Growth Option,19.5861
2026-09-04,148354,ITI Large Cap Fund - Regular Plan - IDCW Option,16.4930
2026-09-04,148381,Motilal Oswal S&P 500 Index Fund - Direct Plan Growth,33.6575
2026-09-04,148382,Motilal Oswal S&P 500 Index Fund - Regular Plan Growth,32.4599
2026-09-04,148387,SBI Fixed Maturity Plan (FMP) - Series 34 (3682 Days) - Direct Plan - Growth,14.9269
2026-09-04,148388,SBI Fixed Maturity Plan (FMP) - Series 34 (3682 Days) - Direct Plan - Income Distribution cum Capital Withdrawal Option (IDCW),14.9269
2026-09-04,148389,SBI Fixed Maturity Plan (FMP) - Series 34 (3682 Days) - Regular Plan - Growth,14.7164
2026-09-04,148390,SBI Fixed Maturity Plan (FMP) - Series 34 (3682 Days) - Regular Plan - Income Distribution cum Capital Withdrawal Option (IDCW),14.7165
2026-09-04,148400,Mirae Asset Arbitrage Fund - Regular Plan - Growth,13.892
2026-09-04,148401,Mirae Asset Arbitrage Fund - Direct Plan - Growth,14.547
2026-09-04,148402,Mirae Asset Arbitrage Fund - Direct Plan - IDCW,14.526
2026-09-04,148403,Mirae Asset Arbitrage Fund - Regular Plan - IDCW,13.891
2026-09-04,148404,BANK OF INDIA Flexi Cap Fund Direct Plan -Growth,42.54
2026-09-04,148405,BANK OF INDIA Flexi Cap Fund Regular Plan -Growth,38.66
2026-09-04,148406,BANK OF INDIA Flexi Cap Fund Direct Plan -IDCW,36.35
2026-09-04,148407,BANK OF INDIA Flexi Cap Fund Regular Plan -IDCW,35.12
2026-09-04,148408,Nippon India ETF Nifty IT,34.1230
2026-09-04,148409,HSBC Focused Fund - Regular Growth,27.4528
2026-09-04,148410,HSBC Focused Fund - Regular IDCW,17.7328
2026-09-04,148411,HSBC Focused Fund - Direct Growth,29.836
2026-09-04,148412,HSBC Focused Fund - Direct IDCW,22.1373
2026-09-04,148413,JM Liquid Fund - Unclaimed Brokerage I.E.F. (Direct) - Growth Plan,41.4437
2026-09-04,148414,JM Liquid Fund - Unclaimed Application Refund Amount I.E.F. (Direct) - Growth Plan,41.4437
2026-09-04,148416,Mirae Asset Banking and PSU Debt Fund - Regular Plan - Growth,13.6683
2026-09-04,148417,Mirae Asset Banking and PSU Debt Fund - Direct Plan - IDCW,14.0418
2026-09-04,148418,Mirae Asset Banking and PSU Debt Fund - Regular Plan - IDCW,13.6694
2026-09-04,148419,Mirae Asset Banking and PSU Debt Fund - Direct Plan - Growth,14.0491
2026-09-04,148445,BHARAT Bond ETF- April 2031,1437.2018
2026-09-04,148450,BHARAT Bond FOF- April 2031- Direct Plan- Growth Option,14.3507
2026-09-04,148451,BHARAT Bond FOF - April 2031 - Regular Plan - IDCW Option,14.3507
2026-09-04,148452,BHARAT Bond FOF- April 2031- Regular Plan- Growth Option,14.3507
2026-09-04,148453,BHARAT Bond FOF - April 2031 - Direct Plan - IDCW Option,14.3507
2026-09-04,148456,ICICI Prudential Nifty Alpha Low- Volatility 30 ETF,27.6034
2026-09-04,148457,Nippon India Multi Asset Allocation Fund - Direct Plan - Growth Option,27.3104
2026-09-04,148458,NIPPON INDIA MULTI ASSET ALLOCATION FUND - DIRECT Plan - IDCW Option,26.0642
2026-09-04,148459,Nippon India Multi Asset Allocation Fund - Regular Plan - Growth Option,25.2327
2026-09-04,148460,NIPPON INDIA MULTI ASSET ALLOCATION FUND - IDCW Option,23.9902
2026-09-04,148461,HDFC NIFTY Bank ETF - GROWTH,59.1423
2026-09-04,148466,ICICI Prudential Nifty IT ETF,34.1463
2026-09-04,148467,Mahindra Manulife Arbitrage Fund - Regular Plan - Growth,13.0903
2026-09-04,148468,Mahindra Manulife Arbitrage Fund - Direct Plan -Growth,13.7491
2026-09-04,148469,Mahindra Manulife Arbitrage Fund - Regular Plan - IDCW,12.4877
2026-09-04,148470,Mahindra Manulife Arbitrage Fund - Direct Plan - IDCW,13.1462
2026-09-04,148471,Baroda BNP Paribas Large and Mid Cap Fund-Regular Plan-Growth Option,27.7098
2026-09-04,148472,Baroda BNP Paribas Large and Mid Cap Fund-Regular plan-IDCW Option,18.2756
2026-09-04,148474,Baroda BNP Paribas Large and Mid Cap Fund- Direct Plan -Growth Option,30.1987
2026-09-04,148475,Baroda BNP Paribas Large and Mid Cap Fund-Direct Plan-IDCW Option,21.1766
2026-09-04,148481,Invesco India Focused Fund - Direct Plan - Growth,32.59
2026-09-04,148482,Invesco India Focused Fund - Direct Plan - IDCW (Payout / Reinvestment),23.97
2026-09-04,148483,Invesco India Focused Fund - Regular Plan - Growth,29.86
2026-09-04,148484,Invesco India Focused Fund - Regular Plan - IDCW (Payout / Reinvestment),21.48
2026-09-04,148485,Axis Global Equity Alpha Fund of Fund - Direct Plan - Growth Option,26.7033
2026-09-04,148486,Axis Global Equity Alpha Fund of Fund - Regular Plan - Growth Option,25.1901
2026-09-04,148487,Axis Global Equity Alpha Fund of Fund - Direct Plan - IDCW,26.6951
2026-09-04,148488,Axis Global Equity Alpha Fund of Fund - Regular Plan - IDCW,25.1903
2026-09-04,148489,SBI Children's Fund - Investment Plan - Regular Plan - Growth,50.1811
2026-09-04,148490,SBI Children's Fund - Investment Plan - Direct Plan - Growth,54.0128
2026-09-04,148500,Mirae Asset Diversified Equity Allocator Passive FOF - Direct Plan - Growth,25.226
2026-09-04,148501,Mirae Asset Diversified Equity Allocator Passive FOF - Direct Plan - IDCW,25.245
2026-09-04,148502,Mirae Asset Diversified Equity Allocator Passive FOF - Regular Plan - Growth,25.115
2026-09-04,148503,Mirae Asset Diversified Equity Allocator Passive FOF - Regular Plan - IDCW,25.117
2026-09-04,148504,Sundaram Large Cap Fund(Formerly Known as Sundaram Blue Chip Fund) Regular Plan - Growth,20.7016
2026-09-04,148505,Sundaram Large Cap Fund (Formerly Known as Sundaram Blue Chip Fund)  Regular Plan - Payout of Income Distribution cum Capital Withdrawal (IDCW),15.0067
2026-09-04,148506,Sundaram Large Cap Fund (Formerly Known as Sundaram Blue Chip Fund) Regular Plan - Reinvestment of Income Distribution cum Capital Withdrawal (IDCW),15.0067
2026-09-04,148507,Sundaram Large Cap Fund (Formerly Known as Sundaram Blue Chip Fund)Direct Plan - Growth,22.5406
2026-09-04,148508,Sundaram Large Cap Fund (Formerly Known as Sundaram Blue Chip Fund) Direct Plan - Payout of Income Distribution cum Capital Withdrawal (IDCW),16.3659
2026-09-04,148509,Sundaram Large Cap Fund (Formerly Known as Sundaram Blue Chip  Fund)  Direct Plan - Reinvestment of Income Distribution cum Capital Withdrawal (IDCW),16.3659
2026-09-04,148514,ICICI Prudential ESG Exclusionary Strategy Fund - IDCW,14.49
2026-09-04,148515,ICICI Prudential ESG Exclusionary Strategy Fund - Direct Plan - IDCW,15.98
2026-09-04,148516,ICICI Prudential ESG Exclusionary Strategy Fund - Direct Plan - Growth,22.98
2026-09-04,148517,ICICI Prudential ESG Exclusionary Strategy Fund - Growth,21.30
2026-09-04,148518,Nippon India Nifty Smallcap 250 Index Fund - Regular Plan - Growth Option,35.2586
2026-09-04,148519,Nippon India Nifty Smallcap 250 Index Fund - Direct Plan - Growth Option,36.6730
2026-09-04,148520,NIPPON INDIA NIFTY SMALLCAP 250 INDEX FUND - IDCW Option,35.2586
2026-09-04,148521,NIPPON INDIA NIFTY SMALLCAP 250 INDEX FUND - DIRECT Plan - IDCW Option,36.6730
2026-09-04,148529,Mirae Asset Ultra Short-Term Fund - Direct Plan - Growth,1429.6919
2026-09-04,148530,Mirae Asset Ultra Short-Term Fund - Regular Plan - Growth,1410.3087
2026-09-04,148531,Mirae Asset Ultra Short-Term Fund - Regular Plan - IDCW,1409.7512
2026-09-04,148532,Mirae Asset Ultra Short-Term Fund - Direct Plan - IDCW,1429.2269
2026-09-04,148533,ITI Banking & PSU Debt Fund - Regular Plan - IDCW Option,13.7765
2026-09-04,148534,ITI Banking & PSU Debt Fund - Direct Plan - Growth Option,14.2258
2026-09-04,148535,ITI Banking & PSU Debt Fund - Regular Plan - Growth Option,13.7753
2026-09-04,148536,ITI Banking & PSU Debt Fund - Direct Plan - IDCW Option,14.2241
2026-09-04,148537,Aditya Birla Sun Life Special Opportunities Fund-Regular Plan-Growth,28.56
2026-09-04,148538,Aditya Birla Sun Life Special Opportunities Fund-Regular - IDCW,22.18
2026-09-04,148539,Aditya Birla Sun Life Special Opportunities Fund-Direct-Growth,30.95
2026-09-04,148540,Aditya Birla Sun Life Special Opportunities Fund-Direct - IDCW,24.05
2026-09-04,148541,SBI Nifty Private Bank ETF,284.7067
2026-09-04,148542,SBI Nifty IT ETF,340.5810
2026-09-04,148543,SBI Floating Interest Rates Fund - Regular Plan - Growth,14.3310
2026-09-04,148544,SBI Floating Interest Rates Fund - Regular Plan - Monthly Income Distribution cum Capital Withdrawal Option (IDCW),14.3347
2026-09-04,148546,SBI Floating Interest Rates Fund - Regular Plan - Quarterly Income Distribution cum Capital Withdrawal Option (IDCW),14.3321
2026-09-04,148549,SBI Floating Interest Rates Fund - Direct Plan - Quarterly Income Distribution cum Capital Withdrawal Option (IDCW),14.4888
2026-09-04,148550,SBI Floating Interest Rates Fund - Direct Plan - Growth,14.4883
2026-09-04,148551,SBI Floating Interest Rates Fund - Direct Plan - Monthly Income Distribution cum Capital Withdrawal Option (IDCW),14.4875
2026-09-04,148555,Edelweiss MSCI India Domestic & World Healthcare 45 Index Fund Direct Plan - Growth,24.6758
2026-09-04,148556,Edelweiss MSCI India Domestic & World Healthcare 45 Index Fund - Direct Plan - IDCW Option,22.6576
2026-09-04,148557,Edelweiss MSCI India Domestic & World Healthcare 45 index Fund Regular Plan - Growth,23.8707
2026-09-04,148558,Edelweiss MSCI India Domestic & World Healthcare 45 Index Fund - Regular Plan - IDCW Option,21.8536
2026-09-04,148559,Axis NIFTY Bank ETF,592.3499
2026-09-04,148560,quant ESG Integration Strategy Fund - Growth Option - Regular Plan,39.2077
2026-09-04,148561,quant ESG Integration Strategy Fund - IDCW Option - Regular Plan,39.0172
2026-09-04,148563,quant ESG Integration Strategy Fund - IDCW Option - Direct Plan,42.8457
2026-09-04,148564,quant ESG Integration Strategy Fund - Growth Option - Direct Plan,42.9006
2026-09-04,148566,Mahindra Manulife Focused Fund - Regular Plan - IDCW,17.6927
2026-09-04,148567,Mahindra Manulife Focused Fund - Direct Plan -Growth,29.6155
2026-09-04,148569,Mahindra Manulife Focused Fund - Direct Plan - IDCW,20.1537
2026-09-04,148571,Mahindra Manulife Focused Fund - Regular Plan - Growth,26.6502
2026-09-04,148572,Mirae Asset Nifty 100 ESG Sector Leaders ETF,41.0868
2026-09-04,148573,Mirae Asset Nifty 100 ESG Sector Leaders Fund of Fund - Regular Plan - IDCW,17.797
2026-09-04,148574,Mirae Asset Nifty 100 ESG Sector Leaders Fund of Fund - Direct Plan - Growth,18.205
2026-09-04,148575,Mirae Asset Nifty 100 ESG Sector Leaders Fund of Fund - Direct Plan - IDCW,18.200
2026-09-04,148576,Mirae Asset Nifty 100 ESG Sector Leaders Fund of Fund - Regular Plan - Growth,17.832
2026-09-04,148590,Union Aggressive Hybrid Fund - Regular Plan - IDCW Option,17.03
2026-09-04,148591,Union Aggressive Hybrid Fund - Regular Plan - Growth Option,18.71
2026-09-04,148592,Union Aggressive Hybrid Fund - Direct Plan - Growth Option,19.97
2026-09-04,148593,Union Aggressive Hybrid Fund - Direct Plan - IDCW Option,18.28
2026-09-04,148598,ICICI Prudential Quant Fund Growth,23.00
2026-09-04,148599,ICICI Prudential Quant Fund IDCW,14.71
2026-09-04,148600,ICICI Prudential Quant Fund Direct Plan Growth,23.89
2026-09-04,148601,ICICI Prudential Quant Fund Direct Plan IDCW,15.45
2026-09-04,148602,Kotak ESG Exclusionary Strategy Fund - Regular Plan - Growth Option,16.7
2026-09-04,148603,Kotak ESG Exclusionary Strategy Fund - Regular Plan - Payout of Income Distribution cum capital withdrawal option,16.7
2026-09-04,148605,Kotak ESG Exclusionary Strategy Fund - Direct Plan - Payout of Income Distribution cum capital withdrawal option,18.284
2026-09-04,148606,Kotak ESG Exclusionary Strategy Fund - Direct Plan - Growth Option,18.285
2026-09-04,148608,HDFC Dividend Yield Fund - IDCW Option Direct Plan,21.834
2026-09-04,148609,HDFC Dividend Yield Fund - Growth Option Direct Plan,26.945
2026-09-04,148610,HDFC Dividend Yield Fund - Growth Plan,24.933
2026-09-04,148611,HDFC Dividend Yield Fund - IDCW Plan,19.87
2026-09-04,148612,Invesco India - Invesco Global Consumer Trends Fund of Fund - Regular Plan - IDCW (Payout / Reinvestment),12.1587
2026-09-04,148613,Invesco India - Invesco Global Consumer Trends Fund of Fund - Regular Plan - Growth,12.1589
2026-09-04,148614,Invesco India - Invesco Global Consumer Trends Fund of Fund - Direct Plan - Growth,12.8608
2026-09-04,148615,Invesco India - Invesco Global Consumer Trends Fund of Fund - Direct Plan - IDCW (Payout / Reinvestment),12.86
2026-09-04,148616,UTI Small Cap Fund - Regular Plan - IDCW (Payout),27.8657
2026-09-04,148617,UTI Small Cap Fund - Regular Plan - Growth Option,27.8659
2026-09-04,148618,UTI Small Cap Fund - Direct Plan - Growth Option,30.3673
2026-09-04,148619,UTI Small Cap Fund - Direct Plan - IDCW (Payout),30.3673
2026-09-04,148620,Motilal Oswal Nifty 5 year Benchmark G-sec ETF,65.4306
2026-09-04,148621,Mirae Asset Banking and Financial Services Fund - Regular Plan - Growth,21.660
2026-09-04,148622,Mirae Asset Banking and Financial Services Fund - Regular Plan - IDCW,21.687
2026-09-04,148623,Mirae Asset Banking and Financial Services Fund - Direct Plan - Growth,23.669
2026-09-04,148624,Mirae Asset Banking and Financial Services Fund - Direct Plan - IDCW,23.565
2026-09-04,148631,Axis Innovation Fund - Regular Plan - Growth Option,21.78
2026-09-04,148632,Axis Innovation Fund - Direct Plan - IDCW,19.57
2026-09-04,148633,Axis Innovation Fund - Regular Plan - IDCW,18.23
2026-09-04,148634,Axis Innovation Fund - Direct Plan - Growth Option,23.37
2026-09-04,148635,Aditya Birla Sun Life ESG Integration Strategy Fund-Regular Plan-Growth,17.91
2026-09-04,148636,Aditya Birla Sun Life ESG Integration Strategy Fund-Regular - Payout of IDCW,14.54
2026-09-04,148637,Aditya Birla Sun Life ESG Integration Strategy Fund-Direct Plan-Growth,19.36
2026-09-04,148640,Aditya Birla Sun Life ESG Integration Strategy Fund-Direct - Payout of IDCW,15.72
2026-09-04,148641,Nippon India Diversified Equity Flexicap Passive FoF - Regular Plan - Growth Option,20.8929
2026-09-04,148642,Nippon India Diversified Equity Flexicap Passive FoF - Direct Plan - Growth Option,21.4394
2026-09-04,148643,Nippon India Diversified Equity Flexicap Passive FoF - IDCW Option,20.8929
2026-09-04,148644,Nippon India Diversified Equity Flexicap Passive FoF- DIRECT Plan - IDCW Option,21.4394
2026-09-04,148645,Kotak International REIT Overseas Equity Active FOF - Regular Plan - Growth,11.4965
2026-09-04,148646,Kotak International REIT Overseas Equity Active FOF - Direct Plan - Growth,12.0893
2026-09-04,148647,Kotak International REIT Overseas Equity Active FOF - Regular Plan - Payout of Income Distribution cum capital withdrawal option,11.4967
2026-09-04,148649,Kotak International REIT Overseas Equity Active FOF - Direct Plan - Payout of Income Distribution cum capital withdrawal option,12.0891
2026-09-04,148651,ICICI Prudential Business Cycle Fund Direct Plan Growth,26.16
2026-09-04,148652,ICICI Prudential Business Cycle Fund Direct Plan IDCW,19.05
2026-09-04,148653,ICICI Prudential Business Cycle Fund Growth,24.51
2026-09-04,148654,ICICI Prudential Business Cycle Fund IDCW,17.52
2026-09-04,148657,PGIM India Balanced Advantage Fund - Regular Plan - Growth Option,15.06
2026-09-04,148658,PGIM India Balanced Advantage Fund -  Direct Plan - Growth Option,16.58
2026-09-04,148659,PGIM India Balanced Advantage Fund - Direct Plan - Dividend Option,10.93
2026-09-04,148660,PGIM India Balanced Advantage Fund - Regular Plan - Dividend Option,10.72
2026-09-04,148661,Kotak US Specific Equity Passive FOF - Regular Plan - Growth,27.664
2026-09-04,148662,Kotak US Specific Equity Passive FOF- Direct Plan - Growth,28.2674
2026-09-04,148663,Nippon India Multi - Asset Omni FoF - Regular Plan - Growth Option,23.9732
2026-09-04,148664,Nippon India Multi - Asset Omni FoF - DIRECT Plan - IDCW Option,25.3308
2026-09-04,148665,Nippon India Multi - Asset Omni FoF - IDCW Option,23.9732
2026-09-04,148666,Nippon India Multi - Asset Omni FoF - Direct Plan - Growth Option,25.3308
2026-09-04,148683,SBI Retirement Benefit Fund - Aggressive Plan - Direct Plan - Growth,21.9805
2026-09-04,148684,SBI Retirement Benefit Fund - Aggressive Hybrid Plan - Regular Plan - Income Distribution cum Capital Withdrawal Option (IDCW),19.8451
2026-09-04,148685,SBI Retirement Benefit Fund - Aggressive Hybrid Plan - Direct Plan - Growth,21.1442
2026-09-04,148686,SBI Retirement Benefit Fund - Aggressive Hybrid Plan - Direct Plan - Income Distribution cum Capital Withdrawal Option (IDCW),21.1464
2026-09-04,148687,SBI Retirement Benefit Fund - Conservative Plan - Regular Plan - Income Distribution cum Capital Withdrawal Option (IDCW),14.6656
2026-09-04,148688,SBI Retirement Benefit Fund - Conservative Plan - Direct Plan - Growth,15.0718
2026-09-04,148689,SBI Retirement Benefit Fund - Conservative Plan - Direct Plan - Income Distribution cum Capital Withdrawal Option (IDCW),15.0696
2026-09-04,148690,SBI Retirement Benefit Fund - Conservative Hybrid Plan - Direct Plan - Growth,16.4743
2026-09-04,148691,SBI Retirement Benefit Fund - Aggressive Plan - Regular Plan - Income Distribution cum Capital Withdrawal Option (IDCW),20.5176
2026-09-04,148692,SBI Retirement Benefit Fund - Conservative Hybrid Plan - Regular Plan - Growth,15.9404
2026-09-04,148693,SBI Retirement Benefit Fund - Conservative Hybrid Plan - Direct Plan - Income Distribution cum Capital Withdrawal Option (IDCW),16.4721
2026-09-04,148694,SBI Retirement Benefit Fund - Aggressive Plan - Direct Plan - Income Distribution cum Capital Withdrawal Option (IDCW),21.9687
2026-09-04,148695,SBI Retirement Benefit Fund - Aggressive Hybrid Plan - Regular Plan - Growth,19.8456
2026-09-04,148696,SBI Retirement Benefit Fund - Conservative Plan - Regular Plan - Growth,14.6658
2026-09-04,148697,SBI Retirement Benefit Fund - Conservative Hybrid Plan - Regular Plan - Income Distribution cum Capital Withdrawal Option (IDCW),15.9421
2026-09-04,148698,SBI Retirement Benefit Fund - Aggressive Plan - Regular Plan - Growth,20.5171
2026-09-04,148699,Axis Greater China Equity Fund of Fund - Direct Plan - Growth Option,12.74
2026-09-04,148700,Axis Greater China Equity Fund of Fund - Direct Plan - IDCW,12.73
2026-09-04,148701,Axis Greater China Equity Fund of Fund - Regular Plan - Growth Option,11.99
2026-09-04,148702,Axis Greater China Equity Fund of Fund - Regular Plan - IDCW,11.98
2026-09-04,148703,UTI Nifty 200 Momentum 30 Index Fund - Direct Plan - Growth Option,21.3189
2026-09-04,148704,UTI Nifty 200 Momentum 30 Index Fund - Regular Plan - Growth Option,20.7542
2026-09-04,148705,BANDHAN FLOATING INTEREST RATES FUND  - REGULAR PLAN GROWTH,13.8468
2026-09-04,148706,BANDHAN FLOATING INTEREST RATES FUND  - REGULAR PLAN QUARTERLY IDCW,10.4943
2026-09-04,148707,BANDHAN FLOATING INTEREST RATES FUND  - REGULAR PLAN MONTHLY IDCW,10.1546
2026-09-04,148708,BANDHAN FLOATING INTEREST RATES FUND  - REGULAR PLAN WEEKLY IDCW,10.1284
2026-09-04,148709,BANDHAN FLOATING INTEREST RATES FUND  - REGULAR PLAN PERIODIC IDCW,13.8484
2026-09-04,148710,BANDHAN FLOATING INTEREST RATES FUND  - REGULAR PLAN DAILY IDCW,10.1331
2026-09-04,148711,BANDHAN FLOATING INTEREST RATES FUND  - DIRECT PLAN GROWTH,14.2499
2026-09-04,148712,BANDHAN FLOATING INTEREST RATES FUND  - DIRECT PLAN QUARTERLY IDCW,10.5370
2026-09-04,148713,BANDHAN FLOATING INTEREST RATES FUND  - DIRECT PLAN MONTHLY IDCW,10.1561
2026-09-04,148714,BANDHAN FLOATING INTEREST RATES FUND  - DIRECT PLAN DAILY IDCW,10.1331
2026-09-04,148715,BANDHAN FLOATING INTEREST RATES FUND  - DIRECT PLAN PERIODIC IDCW,13.9362
2026-09-04,148716,BANDHAN FLOATING INTEREST RATES FUND  - DIRECT PLAN WEEKLY IDCW,10.1319
2026-09-04,148717,BANDHAN FLOATING INTEREST RATES FUND- DIRECT PLAN ANNUAL IDCW,10.5321
2026-09-04,148718,BANDHAN FLOATING INTEREST RATES FUND  - REGULAR PLAN ANNUAL IDCW,10.4915
2026-09-04,148719,Nippon India Nifty 50 Value 20 Index Fund - Regular Plan - Growth Option,17.0995
2026-09-04,148720,NIPPON INDIA NIFTY 50 VALUE 20 INDEX FUND - IDCW Option,17.0995
2026-09-04,148721,Nippon India Nifty 50 Value 20 Index Fund - Direct Plan - Growth Option,17.6358
2026-09-04,148722,NIPPON INDIA NIFTY 50 VALUE 20 INDEX FUND - DIRECT Plan - IDCW Option,17.6358
2026-09-04,148723,Nippon India Nifty Midcap 150 Index Fund - Regular Plan - Growth Option,26.0662
2026-09-04,148724,NIPPON INDIA NIFTY MIDCAP 150 INDEX FUND - IDCW Option,26.0662
2026-09-04,148725,NIPPON INDIA NIFTY MIDCAP 150 INDEX FUND - DIRECT Plan - IDCW Option,26.8531
2026-09-04,148726,Nippon India Nifty Midcap 150 Index Fund - Direct Plan - Growth Option,26.8531
2026-09-04,148727,Mahindra Manulife Short Duration Fund - Regular Plan - Growth,13.5596
2026-09-04,148728,Mahindra Manulife Short Duration Fund - Regular Plan - IDCW,11.5226
2026-09-04,148729,Mahindra Manulife Short Duration Fund - Direct Plan -Growth,14.2978
2026-09-04,148730,Mahindra Manulife Short Duration Fund - Direct Plan - IDCW,12.2222
2026-09-04,148731,ITI Mid Cap Fund - Direct Plan - IDCW Option,23.9452
2026-09-04,148732,ITI Mid Cap Fund - Regular Plan - Growth Option,23.4861
2026-09-04,148733,ITI Mid Cap Fund - Direct Plan - Growth Option,26.1164
2026-09-04,148734,ITI Mid Cap Fund - Regular Plan - IDCW Option,21.3694
2026-09-04,148743,Kotak Nifty Next 50 Index Fund - Regular Plan - Growth Option,20.8229
2026-09-04,148744,Kotak Nifty Next 50 Index Fund - Regular Plan - Payout of Income Distribution cum capital withdrawal option,20.8234
2026-09-04,148745,Kotak Nifty Next 50 Index Fund - Direct Plan - Growth Option,21.3949
2026-09-04,148746,Kotak Nifty Next 50 Index Fund - Direct Plan -Payout of Income Distribution cum capital withdrawal option,21.3945
2026-09-04,148747,Motilal Oswal Multi Asset Passive Fund of Fund - Direct Growth,20.0005
2026-09-04,148748,Motilal Oswal Multi Asset Passive Fund of Fund - Regular Growth,19.4450
2026-09-04,148749,Motilal Oswal Asset Allocation FOF- C- Regular Growth,17.6739
2026-09-04,148750,Motilal Oswal Asset Allocation FOF- C- Direct Growth,18.1799
2026-09-04,148751,Invesco India ESG Integration Strategy Fund - Direct Plan - Growth,18.76
2026-09-04,148752,Invesco India ESG Integration Strategy Fund - Direct Plan - IDCW (Payout / Reinvestment),15.3
2026-09-04,148753,Invesco India ESG Integration Strategy Fund - Regular Plan - Growth,17.24
2026-09-04,148754,Invesco India ESG Integration Strategy Fund - Regular Plan - IDCW (Payout / Reinvestment),13.91
2026-09-04,148755,Mirae Asset Corporate Bond Fund - Direct Plan - Growth,13.8616
2026-09-04,148756,Mirae Asset Corporate Bond Fund - Direct Plan - IDCW,13.8580
2026-09-04,148757,Mirae Asset Corporate Bond Fund - Regular Plan - Growth,13.5340
2026-09-04,148758,Mirae Asset Corporate Bond Fund - Regular Plan - IDCW,13.5339
2026-09-04,148759,SBI US Specific Equity Active FoF- Regular Plan - Income Distribution cum Capital Withdrawal Option (IDCW),24.1303
2026-09-04,148760,SBI US Specific Equity Active FoF - Direct Plan - Growth,25.1078
2026-09-04,148761,SBI US Specific Equity Active FoF- Direct Plan - Income Distribution cum Capital Withdrawal Option (IDCW),25.1079
2026-09-04,148762,SBI US Specific Equity Active FoF- Regular Plan - Growth,24.1311
2026-09-04,148763,Kotak Nifty IT ETF,34.117
2026-09-04,148768,DSP Floating Interest Rates Fund - Regular Plan - Growth,14.1116
2026-09-04,148769,DSP Floating Interest Rates Fund - Direct Plan - IDCW,14.3263
2026-09-04,148770,DSP Floating Interest Rates Fund - Regular Plan - IDCW,14.1116
2026-09-04,148771,DSP Floating Interest Rates Fund - Direct Plan - Growth,14.3263
2026-09-04,148786,BANDHAN CRISIL IBX Gilt June 2027 Index Fund Regular Plan-Growth,13.7200
2026-09-04,148787,BANDHAN CRISIL IBX Gilt June 2027 Index Fund Regular Plan-IDCW,10.4018
2026-09-04,148788,BANDHAN CRISIL IBX Gilt June 2027 Index Fund Direct Plan-IDCW,10.4161
2026-09-04,148789,BANDHAN CRISIL IBX Gilt June 2027 Index Fund Direct Plan-Growth,13.9084
2026-09-04,148790,BANDHAN CRISIL IBX Gilt April 2028 Index Fund Regular Plan-Growth,13.8076
2026-09-04,148791,BANDHAN CRISIL IBX Gilt April 2028 Index Fund Direct Plan-IDCW,10.4039
2026-09-04,148792,BANDHAN CRISIL IBX Gilt April 2028 Index Fund Direct Plan-Growth,13.9973
2026-09-04,148793,BANDHAN CRISIL IBX Gilt April 2028 Index Fund Regular Plan-IDCW,10.3979
2026-09-04,148799,Axis IT ETF,338.4427
2026-09-04,148800,Nippon India ETF Nifty 5 yr Benchmark G-Sec,66.2851
2026-09-04,148805,Aditya Birla Sun Life Nifty Midcap 150 Index Fund-Regular Growth,25.3647
2026-09-04,148806,Aditya Birla Sun Life Nifty Midcap 150 Index Fund - Regular - Payout of IDCW,25.3608
2026-09-04,148807,Aditya Birla Sun Life Nifty Midcap 150 Index Fund-Direct Growth,26.2186
2026-09-04,148809,Aditya Birla Sun Life Nifty Midcap 150 Index Fund - Direct - Payout of IDCW,26.2182
2026-09-04,148811,Aditya Birla Sun Life Nifty Smallcap 50 Index Fund-Regular Growth,23.7584
2026-09-04,148812,Aditya Birla Sun Life Nifty Smallcap 50 Index Fund-Regular - Payout of IDCW,23.7607
2026-09-04,148814,Aditya Birla Sun Life Nifty Smallcap 50 Index Fund-Direct - Payout of IDCW,24.5445
2026-09-04,148815,Aditya Birla Sun Life Nifty Smallcap 50 Index Fund-Direct Growth,24.5488
2026-09-04,148821,ICICI Prudential Nifty 100 Low Volatility 30 ETF FOF - Growth,17.9077
2026-09-04,148822,ICICI Prudential Nifty 100 Low Volatility 30 ETF FOF - Direct Plan - Growth,18.3392
2026-09-04,148823,ICICI Prudential Nifty 100 Low Volatility 30 ETF FOF - Direct Plan - IDCW,18.3393
2026-09-04,148824,ICICI Prudential Nifty 100 Low Volatility 30 ETF FOF - IDCW,17.9078
2026-09-04,148833,TRUSTMF Liquid Fund-Regular Plan-Growth,1362.5419
2026-09-04,148834,TRUSTMF Liquid Fund-Regular Plan-Daily Income Distribution cum Capital Withdrawal,1222.6229
2026-09-04,148836,TRUSTMF Liquid Fund-Regular Plan-Weekly Income Distribution cum Capital Withdrawal,1197.5654
2026-09-04,148837,TRUSTMF Liquid Fund-Direct Plan-Weekly Income Distribution cum Capital Withdrawal,1251.0972
2026-09-04,148839,TRUSTMF Liquid Fund-Direct Plan-Monthly Income Distribution cum Capital Withdrawal,1223.4185
2026-09-04,148841,TRUSTMF Liquid Fund-Direct Plan-Growth,1373.6657
2026-09-04,148842,TRUSTMF Liquid Fund-Direct Plan-Daily Income Distribution cum Capital Withdrawal,1295.6318
2026-09-04,148843,TRUSTMF Liquid Fund-Regular Plan-Monthly Income Distribution cum Capital Withdrawal,1213.4760
2026-09-04,148882,Canara Robeco Focused Fund - Direct Plan - IDCW (Payout/Reinvestment),18.3100
2026-09-04,148883,Canara Robeco Focused Fund - Direct Plan - Growth Option,21.5300
2026-09-04,148884,Canara Robeco Focused Fund - Regular Plan - Growth Option,19.8400
2026-09-04,148885,Canara Robeco Focused Fund - Regular Plan - IDCW (Payout/Reinvestment),16.8000
2026-09-04,148900,HDFC Multi-Asset Active FOF - IDCW Option,19.681
2026-09-04,148901,HDFC Multi-Asset Active FOF - Growth Option,19.681
2026-09-04,148902,HDFC Multi-Asset Active FOF - IDCW Option - Direct Plan,20.917
2026-09-04,148903,HDFC Multi-Asset Active FOF - Growth Option -Direct Plan,20.917
2026-09-04,148906,ITI Ultra Short Term Fund - Regular Plan - Growth Option,1320.7920
2026-09-04,148907,ITI Ultra Short Term Fund - Regular Plan - Weekly IDCW Option,1002.5634
2026-09-04,148909,ITI Ultra Short Term Fund - Direct Plan - Annually IDCW Option,1381.0247
2026-09-04,148911,ITI Ultra Short Term Fund - Regular Plan - Fortnightly IDCW Option,1002.9488
2026-09-04,148912,ITI Ultra Short Term Fund - Regular Plan - Daily IDCW Option,1001.7189
2026-09-04,148913,ITI Ultra Short Term Fund - Direct Plan - Growth Option,1379.2674
2026-09-04,148914,ITI Ultra Short Term Fund - Regular Plan - Monthly IDCW Option,1002.9578
2026-09-04,148915,ITI Ultra Short Term Fund - Direct Plan - Weekly IDCW Option,1002.2282
2026-09-04,148916,ITI Ultra Short Term Fund - Direct Plan - Monthly IDCW Option,1003.1175
2026-09-04,148917,ITI Ultra Short Term Fund - Regular Plan - Annually IDCW Option,1320.8519
2026-09-04,148918,Aditya Birla Sun Life Multi-Cap Fund-Regular Growth,21.48
2026-09-04,148919,Aditya Birla Sun Life Multi-Cap Fund-Regular-IDCW Payout,17.68
2026-09-04,148920,Aditya Birla Sun Life Multi-Cap Fund-Direct IDCW Payout,18.98
2026-09-04,148921,Aditya Birla Sun Life Multi-Cap Fund-Direct Growth,23.07
2026-09-04,148922,quant Quantamental Fund - IDCW Option - Regular Plan,24.9255
2026-09-04,148923,quant Quantamental Fund - Growth Option - Regular Plan,24.8965
2026-09-04,148924,quant Quantamental Fund - IDCW Option - Direct Plan,27.143
2026-09-04,148925,quant Quantamental Fund - Growth Option - Direct Plan,26.9947
2026-09-04,148927,Mirae Asset NYSE FANG + ETF,173.6007
2026-09-04,148928,Mirae Asset NYSE FANG + ETF Fund of Fund - Direct Plan - Growth,44.067
2026-09-04,148929,Mirae Asset NYSE FANG + ETF Fund of Fund - Regular Plan - Growth,43.165
2026-09-04,148934,Axis NIFTY Healthcare ETF,167.0363
2026-09-04,148943,SBI Nifty Next 50 Index Fund - Regular Plan - Growth,19.7587
2026-09-04,148944,SBI Nifty Next 50 Index Fund - Regular Plan - Income Distribution cum Capital Withdrawal Option (IDCW),19.7590
2026-09-04,148945,SBI Nifty Next 50 Index Fund - Direct Plan - Growth,20.2473
2026-09-04,148946,SBI Nifty Next 50 Index Fund - Direct Plan - Income Distribution cum Capital Withdrawal Option (IDCW),20.2462
2026-09-04,148947,Tata Dividend Yield Fund-Direct Plan-Growth,21.7065
2026-09-04,148948,Tata Dividend Yield Fund-Regular Plan-Growth,19.8070
2026-09-04,148949,Tata Dividend Yield Fund-Regular Plan-IDCW Reinvestment,19.8070
2026-09-04,148950,Tata Dividend Yield Fund-Regular Plan-IDCW Payout,19.8070
2026-09-04,148951,Tata Dividend Yield Fund-Direct Plan-IDCW Reinvestment,21.7065
2026-09-04,148952,Tata Dividend Yield Fund-Direct Plan-IDCW Payout,21.7065
2026-09-04,148953,Axis Global Innovation Fund of Fund - Regular Plan - Growth,19.11
2026-09-04,148954,Axis Global Innovation Fund of Fund - Direct Plan - Growth,20.14
2026-09-04,148955,Axis Global Innovation Fund of Fund - Direct Plan - IDCW,20.13
2026-09-04,148956,Axis Global Innovation Fund of Fund - Regular Plan - IDCW,19.11
2026-09-04,148957,ICICI Prudential Nifty Healthcare ETF,168.4630
2026-09-04,148958,Parag Parikh Conservative Hybrid Fund - Direct Plan - Growth,16.1431
2026-09-04,148959,Parag Parikh Conservative Hybrid Fund - Regular Plan - Growth,15.8871
2026-09-04,148960,Parag Parikh Conservative Hybrid Fund - Regular Plan - Monthly IDCW,10.6938
2026-09-04,148961,Parag Parikh Conservative Hybrid Fund - Direct Plan - Monthly IDCW,10.9400
2026-09-04,148962,Aditya Birla Sun Life Nifty 50 Equal Weight Index Fund-Direct Growth,18.9321
2026-09-04,148963,Aditya Birla Sun Life Nifty 50 Equal Weight Index Fund-Direct-IDCW,18.9323
2026-09-04,148964,Aditya Birla Sun Life Nifty 50 Equal Weight Index Fund-Regular IDCW,18.3156
2026-09-04,148965,Aditya Birla Sun Life Nifty 50 Equal Weight Index Fund-Regular Growth,18.3158
2026-09-04,148970,ITI Value Fund - Direct Plan - IDCW Option,18.0721
2026-09-04,148971,ITI Value Fund - Regular Plan - IDCW Option,16.2165
2026-09-04,148972,ITI Value Fund - Direct Plan - Growth Option,19.0896
2026-09-04,148973,ITI Value Fund - Regular Plan - Growth Option,17.2240
2026-09-04,148974,Kotak Nifty 50 Index Fund - Regular Plan-Growth,15.646
2026-09-04,148976,Kotak Nifty 50 Index Fund - Direct Plan-IDCW Payout,15.894
2026-09-04,148978,Kotak Nifty 50 Index Fund - Direct Plan-Growth,15.898
2026-09-04,148979,Kotak Nifty 50 Index Fund - Regular Plan-IDCW Payout,15.646
2026-09-04,148980,BANK OF INDIA Large Cap Fund Direct Plan Growth,18.00
2026-09-04,148981,BANK OF INDIA Large Cap Fund Direct Plan IDCW,17.96
2026-09-04,148982,BANK OF INDIA Large Cap Fund Regular Plan Growth,16.82
2026-09-04,148983,BANK OF INDIA Large Cap Fund Regular Plan IDCW,16.82
2026-09-04,148984,HDFC Banking & Financial Services Fund - IDCW Option,15.746
2026-09-04,148985,HDFC Banking & Financial Services Fund - IDCW Option - Direct Plan,17.031
2026-09-04,148986,HDFC Banking & Financial Services Fund - Growth Option - Direct Plan,19.27
2026-09-04,148987,HDFC Banking & Financial Services Fund - Growth Option,17.938
2026-09-04,148988,ICICI Prudential Flexi Cap Fund - IDCW,17.25
2026-09-04,148989,ICICI Prudential Flexi Cap Fund - Growth,20.59
2026-09-04,148990,ICICI Prudential Flexi Cap Fund - Direct Plan - Growth,21.81
2026-09-04,148991,ICICI Prudential Flexi Cap Fund - Direct Plan - IDCW,18.45
2026-09-04,148992,Axis Quant Fund - Regular Plan - Growth,15.92
2026-09-04,148993,Axis Quant Fund - Direct Plan - Growth,17.28
2026-09-04,148994,Axis Quant Fund - Direct Plan - IDCW,15.93
2026-09-04,148995,Axis Quant Fund - Regular Plan - IDCW,14.68
2026-09-04,149000,Tata Floating Rate Fund-Direct Plan-IDCW Monthly Payout,13.9788
2026-09-04,149001,Tata Floating Rate Fund-Direct Plan-IDCW Quarterly Payout,13.9788
2026-09-04,149002,Tata Floating Rate Fund-Direct Plan-IDCW Periodic Payout,13.9788
2026-09-04,149003,Tata Floating Rate Fund-Regular Plan-Growth,13.6710
2026-09-04,149004,Tata Floating Rate Fund-Regular Plan-IDCW Monthly Payout,13.6710
2026-09-04,149005,Tata Floating Rate Fund-Regular Plan-IDCW Quarterly Payout,13.6710
2026-09-04,149006,Tata Floating Rate Fund-Regular Plan-IDCW Periodic Payout,13.6710
2026-09-04,149007,Tata Floating Rate Fund -Direct Plan-Growth,13.9788
2026-09-04,149008,Nippon India Nifty Pharma ETF,27.2300
2026-09-04,149009,Invesco India Medium Term Fund - Regular Plan - Quarterly IDCW (Payout / Reinvestment),1045.452
2026-09-04,149010,Invesco India Medium Term Fund - Regular Plan - Discretionary IDCW(Payout / Reinvestment)),1303.9541
2026-09-04,149011,Invesco India Medium Term Fund - Direct Plan - Growth,1361.2618
2026-09-04,149012,Invesco India Medium Term Fund - Regular Plan - Growth,1303.9465
2026-09-04,149013,Invesco India Medium Term Fund - Direct Plan - Discretionary IDCW (Payout/Reinvestment),1361.1622
2026-09-04,149014,Invesco India Medium Term Fund - Direct Plan - Quarterly IDCW (Payout / Reinvestment)),1047.8292
2026-09-04,149019,PGIM India Small Cap Fund - Direct Plan- Growth Option,20.38
2026-09-04,149020,PGIM India Small Cap Fund - Regular Plan - Growth Option,18.73
2026-09-04,149021,ITI Dynamic Term Fund - Regular Plan - Growth Option,12.7508
2026-09-04,149022,ITI Dynamic Term Fund - Regular Plan - Monthly IDCW Option,9.9434
2026-09-04,149023,ITI Dynamic Term Fund - Direct Plan - Monthly IDCWOption,10.0763
2026-09-04,149024,ITI Dynamic Term Fund - Regular Plan - Quarterly IDCW Option,12.7543
2026-09-04,149025,ITI Dynamic Term Fund - Direct Plan - Quarterly IDCW Option,13.4867
2026-09-04,149026,ITI Dynamic Term Fund - Regular Plan - Half Yearly IDCW Option,12.7553
2026-09-04,149027,ITI Dynamic Term Fund - Regular Plan - Annually IDCWOption,12.7519
2026-09-04,149028,ITI Dynamic Term Fund - Direct Plan - Half Yearly IDCW Option,11.1877
2026-09-04,149029,ITI Dynamic Term Fund - Direct Plan - Growth Option,13.4583
2026-09-04,149030,ITI Dynamic Term Fund - Direct Plan - Annually IDCW Option,13.4567
2026-09-04,149031,PGIM India Small Cap Fund - Direct Plan - IDCW Option,16.04
2026-09-04,149032,PGIM India Small Cap Fund - Regular Plan - IDCW Option,15.24
2026-09-04,149033,Tata Floating Rate Fund-Direct Plan-IDCW Periodic Dividend Reinvestment,13.9788
2026-09-04,149034,Tata Floating Rate Fund-Direct Plan-IDCW Quarterly Dividend Reinvestment,13.9788
2026-09-04,149035,Tata Floating Rate Fund-Regular Plan-IDCW Monthly Dividend Reinvestment,13.6710
2026-09-04,149036,Tata Floating Rate Fund-Regular Plan-IDCW Periodic Dividend Reinvestment,13.6710
2026-09-04,149037,Tata Floating Rate Fund-Direct Plan-IDCW Monthly Dividend Reinvestment,13.9788
2026-09-04,149038,Tata Floating Rate Fund-Regular Plan-IDCW Quarterly Dividend Reinvestment,13.6710
2026-09-04,149039,Navi Nifty 50 Index Fund-Direct Plan-Growth,15.7902
2026-09-04,149040,Navi Nifty 50 Index Fund-Regular Plan-Growth,15.6237
2026-09-04,149041,SBI Nifty Consumption ETF,119.9067
2026-09-04,149046,Axis Floater Fund - Regular Plan - Quarterly IDCW,1323.4703
2026-09-04,149047,Axis Floater Fund - Regular Plan - Annual IDCW,1365.7668
2026-09-04,149048,Axis Floater Fund - Regular Plan - Growth,1402.0120
2026-09-04,149049,Axis Floater Fund - Direct Plan - Growth,1427.3953
2026-09-04,149050,Axis Floater Fund - Direct Plan - Daily IDCW,1002.0173
2026-09-04,149051,Axis Floater Fund - Direct Plan - Monthly IDCW,1007.9422
2026-09-04,149052,Axis Floater Fund - Direct Plan - Quarterly IDCW,1346.3250
2026-09-04,149053,Axis Floater Fund - Regular Plan - Monthly IDCW,1008.6131
2026-09-04,149054,Axis Floater Fund - Regular Plan - Daily IDCW,1012.3912
2026-09-04,149055,Axis Floater Fund - Direct Plan - Annual IDCW,1388.9173
2026-09-04,149066,Tata Business Cycle Fund-Direct Plan-IDCW Payout,20.7329
2026-09-04,149067,Tata Business Cycle Fund-Direct Plan-IDCW Reinvestment,20.7329
2026-09-04,149068,Tata Business Cycle Fund-Regular Plan-Growth,19.1507
2026-09-04,149069,Tata Business Cycle Fund-Regular Plan-IDCW Reinvestment,19.1507
2026-09-04,149070,Tata Business Cycle Fund-Regular Plan-IDCW Payout,19.1507
2026-09-04,149071,Tata Business Cycle Fund-Direct Plan-Growth,20.7329
2026-09-04,149072,ICICI Prudential Nifty FMCG ETF,49.3448
2026-09-04,149073,TRUSTMF Short Duration Fund-Regular Plan-Growth,1328.3867
2026-09-04,149074,TRUSTMF Short Duration Fund-Regular Plan-Weekly Income Distribution Cum Capital Withdrawal,1119.5816
2026-09-04,149075,TRUSTMF Short Duration Fund-Regular Plan-Quarterly Income Distribution Cum Capital Withdrawal,1152.1582
2026-09-04,149076,TRUSTMF Short Duration Fund-Direct Plan-Growth,1362.5721
2026-09-04,149077,TRUSTMF Short Duration Fund-Direct Plan-Weekly Income Distribution Cum Capital Withdrawal,1140.1763
2026-09-04,149078,TRUSTMF Short Duration Fund-Direct Plan-Monthly Income Distribution Cum Capital Withdrawal,1164.4997
2026-09-04,149079,TRUSTMF Short Duration Fund-Direct Plan-Quarterly Income Distribution Cum Capital Withdrawal,1184.0719
2026-09-04,149080,TRUSTMF Short Duration Fund-Regular Plan-Monthly Income Distribution Cum Capital Withdrawal,1143.2110
2026-09-04,149085,Canara Robeco Value Fund - Direct Plan - Growth Option,19.4500
2026-09-04,149086,Canara Robeco Value Fund - Direct Plan - IDCW (Payout/Reinvestment),17.3700
2026-09-04,149087,Canara Robeco Value Fund - Regular Plan - IDCW (Payout/Reinvestment),16.0800
2026-09-04,149088,Canara Robeco Value Fund - Regular Plan - Growth Option,17.9900
2026-09-04,149089,Nippon India Flexi Cap Fund - Regular Plan - Growth Plan - Growth Option,16.7910
2026-09-04,149090,UTI Focused Fund (30 stocks) - Regular Plan - Growth Option,15.4988
2026-09-04,149091,UTI Focused Fund (30 stocks) - Direct Plan - Growth Option,16.6985
2026-09-04,149092,UTI Focused Fund (30 stocks) - Regular Plan - IDCW Payout Option,15.4989
2026-09-04,149093,UTI Focused Fund (30 stocks) - Direct Plan - IDCW Payout Option,16.6981
2026-09-04,149094,Nippon India Flexi Cap Fund - Direct Plan - Growth Plan - Growth Option,18.0088
2026-09-04,149095,Nippon India Flexi Cap Fund - Direct Plan - IDCW Option,18.0088
2026-09-04,149096,Nippon India Flexi Cap Fund - Regular Plan - IDCW Option,16.7910
2026-09-04,149097,Bandhan US specific Equity Active FOF - IDCW - REGULAR PLAN,19.338
2026-09-04,149098,Bandhan US specific Equity Active FOF - GROWTH - DIRECT PLAN,20.371
2026-09-04,149099,Bandhan US specific Equity Active FOF - IDCW - DIRECT PLAN,20.371
2026-09-04,149100,Bandhan US specific Equity Active FOF - GROWTH - REGULAR PLAN,19.338
2026-09-04,149101,Mahindra Manulife Flexi Cap Fund - Regular Plan -Growth,16.0453
2026-09-04,149102,Mahindra Manulife Flexi Cap Fund - Regular Plan -IDCW,12.7019
2026-09-04,149103,Mahindra Manulife Flexi Cap Fund - Direct Plan -IDCW,14.1302
2026-09-04,149104,Mahindra Manulife Flexi Cap Fund - Direct Plan -Growth,17.5511
2026-09-04,149105,Mirae Asset Nifty Financial Services ETF,27.1130
2026-09-04,149106,HDFC NIFTY50 Equal weight Index Fund - Growth Option,18.034
2026-09-04,149107,HDFC NIFTY50 Equal weight Index Fund - Direct Plan - Growth Option,18.5058
2026-09-04,149112,Mirae Asset Money Market Fund - Direct Plan - Growth,1380.0316
2026-09-04,149113,Mirae Asset Money Market Fund - Direct Plan - IDCW,1377.7623
2026-09-04,149114,Mirae Asset Money Market Fund - Regular Plan - IDCW,1355.6304
2026-09-04,149115,Mirae Asset Money Market Fund - Regular Plan - Growth,1355.6401
2026-09-04,149116,Union Money Market Fund - Regular Plan -  Growth Option,1322.5001
2026-09-04,149117,Union Money Market Fund - Direct Plan -  Growth Option,1370.0280
2026-09-04,149118,Union Money Market Fund - Regular Plan - Daily IDCW Option,1003.2031
2026-09-04,149123,Union Money Market Fund - Direct Plan -  Monthly IDCW Option,1012.8303
2026-09-04,149132,SBI Balanced Advantage Fund - Regular Plan - Growth,15.8233
2026-09-04,149133,SBI Balanced Advantage Fund - Regular Plan - Income Distribution cum Capital Withdrawal Option (IDCW),15.8235
2026-09-04,149134,SBI Balanced Advantage Fund - Direct Plan - Growth,16.5933
2026-09-04,149135,SBI Balanced Advantage Fund - Direct Plan - Income Distribution cum Capital Withdrawal Option (IDCW),16.5937
2026-09-04,149140,Baroda BNP Paribas Business Cycle Fund - Regular Plan - Growth,16.1733
2026-09-04,149141,Baroda BNP Paribas Business Cycle Fund - Direct Plan - Growth,17.3904
2026-09-04,149142,Baroda BNP Paribas Business Cycle Fund - Regular Plan - IDCW Option,13.5107
2026-09-04,149143,Baroda BNP Paribas Business Cycle Fund - Direct Plan - IDCW Option,14.5285
2026-09-04,149156,Axis NIFTY India Consumption ETF,119.5564
2026-09-04,149157,ICICI Prudential Nifty Alpha Low - Volatility 30 ETF FOF - Growth,14.7096
2026-09-04,149158,ICICI Prudential Nifty Alpha Low - Volatility 30 ETF FOF - Direct Plan - Growth,15.0408
2026-09-04,149159,ICICI Prudential Nifty Alpha Low - Volatility 30 ETF FOF - IDCW,14.7096
2026-09-04,149160,ICICI Prudential Nifty Alpha Low - Volatility 30 ETF FOF - Direct Plan - IDCW,15.0403
2026-09-04,149165,Axis Value Fund - Regular Plan - IDCW,17.07
2026-09-04,149166,Axis Value Fund - Direct Plan - Growth,21.75
2026-09-04,149167,Axis Value Fund - Regular Plan - Growth,20.29
2026-09-04,149168,Axis Value Fund - Direct Plan - IDCW,18.29
2026-09-04,149169,Mirae Asset S&P 500 Top 50 ETF,66.7667
2026-09-04,149170,Mirae Asset S&P 500 Top 50 ETF Fund of Fund - Direct Plan - Growth,28.464
2026-09-04,149171,Mirae Asset S&P 500 Top 50 ETF Fund of Fund - Regular Plan - Growth,27.897
2026-09-04,149172,SBI Fixed Maturity Plan (FMP) - Series 50 (1843 Days) - Regular Plan - Growth,13.2980
2026-09-04,149173,SBI Fixed Maturity Plan (FMP) - Series 50 (1843 Days) - Regular Plan -Income Distribution Capital Withdrawal Option (IDCW),13.2980
2026-09-04,149174,SBI Fixed Maturity Plan (FMP) - Series 50 (1843 Days) - Direct Plan - Growth,13.4061
2026-09-04,149175,SBI Fixed Maturity Plan (FMP) - Series 50 (1843 Days) - Direct Plan - Income Distribution Capital Withdrawal Option (IDCW),13.4062
2026-09-04,149182,Kotak Multi Cap Fund-Regular Plan-Growth,20.18
2026-09-04,149183,Kotak Multi Cap Fund- Regular Plan -IDCW Option,18.546
2026-09-04,149185,Kotak Multi Cap Fund-Direct Plan-Growth,21.629
2026-09-04,149187,Kotak Multi Cap Fund-Direct Plan-IDCW Option,19.878
2026-09-04,149188,DSP FMP Series - 264 - 60M - 17D - Regular Plan - Growth,13.3360
2026-09-04,149189,DSP FMP Series - 264 - 60M - 17D - Regular - IDCW,13.3354
2026-09-04,149190,DSP FMP Series - 264 - 60M - 17D - Direct - Growth,13.4366
2026-09-04,149191,DSP FMP Series - 264 - 60M - 17D - Direct - IDCW,13.4366
2026-09-04,149194,SBI Fixed Maturity Plan (FMP) - Series 51 (1846 Days) - Direct Plan - Income Distribution Capital Withdrawal Option (IDCW),13.3982
2026-09-04,149195,SBI Fixed Maturity Plan (FMP) - Series 51 (1846 Days) - Direct Plan - Growth,13.3978
2026-09-04,149196,SBI Fixed Maturity Plan (FMP) - Series 51 (1846 Days) - Regular Plan - Income Distribution Capital Withdrawal Option (IDCW),13.3102
2026-09-04,149197,SBI Fixed Maturity Plan (FMP) - Series 51 (1846 Days) - Regular Plan - Growth,13.3101
2026-09-04,149198,Aditya Birla Sun Life Nifty SDL Plus PSU Bond SEP 2026 60:40 Index Fund-Regular Growth,13.2129
2026-09-04,149199,Aditya Birla Sun Life Nifty SDL Plus PSU Bond SEP 2026 60:40 Index Fund-Direct Growth,13.3142
2026-09-04,149200,Aditya Birla Sun Life Nifty SDL Plus PSU Bond SEP 2026 60:40 Index Fund-Direct IDCW,13.3144
2026-09-04,149201,Aditya Birla Sun Life Nifty SDL Plus PSU Bond SEP 2026 60:40 Index Fund-Regular IDCW,13.2138
2026-09-04,149208,ICICI Prudential Nifty PSU Bond Plus SDL Sep 2027 40:60 Index Fund - Growth,13.2754
2026-09-04,149210,ICICI Prudential Nifty PSU Bond Plus SDL Sep 2027 40:60 Index Fund - Direct Plan Growth,13.4003
2026-09-04,149218,ICICI Prudential NASDAQ 100 Index Fund - Growth,23.7288
2026-09-04,149219,ICICI Prudential NASDAQ 100 Index Fund - Direct Plan - Growth,24.2824
2026-09-04,149220,ICICI Prudential NASDAQ 100 Index Fund - IDCW,23.7284
2026-09-04,149221,ICICI Prudential NASDAQ 100 Index Fund - Direct Plan - IDCW,24.2802
2026-09-04,149224,ICICI Prudential Nifty PSU Bond Plus SDL Sep 2027 40:60 Index Fund - Annual - IDCW,13.2752
2026-09-04,149227,ICICI Prudential Nifty PSU Bond Plus SDL Sep 2027 40:60 Index Fund - Direct Plan Annual - IDCW,13.4003
2026-09-04,149228,Mahindra Manulife Asia Pacific REITs FOF - Regular Plan - Growth,10.6166
2026-09-04,149229,Mahindra Manulife Asia Pacific REITs FOF - Regular Plan - IDCW,10.6166
2026-09-04,149230,Mahindra Manulife Asia Pacific REITs FOF - Direct Plan - Growth,11.1201
2026-09-04,149231,Mahindra Manulife Asia Pacific REITs FOF - Direct Plan - IDCW,11.1201
2026-09-04,149232,SBI Fixed Maturity Plan (FMP) - Series 52 (1848 Days) - Direct Plan - Growth,13.3772
2026-09-04,149233,SBI Fixed Maturity Plan (FMP) - Series 52 (1848 Days) - Regular Plan - Income Distribution Cum Withdrawal (IDCW),13.2925
2026-09-04,149234,SBI Fixed Maturity Plan (FMP) - Series 52 (1848 Days) - Direct Plan - Income Distribution Cum Withdrawal (IDCW),13.3772
2026-09-04,149235,SBI Fixed Maturity Plan (FMP) - Series 52 (1848 Days) - Regular Plan - Growth,13.2925
2026-09-04,149240,Motilal Oswal 5 Year G-Sec Fund Of Fund Direct -Growth,13.3708
2026-09-04,149241,Motilal Oswal 5 Year G-Sec Fund Of Fund Regular -Growth,13.3213
2026-09-04,149246,Edelweiss NIFTY PSU Bond Plus SDL Apr 2027 50:50 Index Fund - Direct Plan - IDCW,12.6092
2026-09-04,149247,Edelweiss NIFTY PSU Bond Plus SDL Apr 2027 50:50 Index Fund - Direct Plan Growth,13.4166
2026-09-04,149248,Edelweiss NIFTY PSU Bond Plus SDL Apr 2027 50:50 Index Fund - Regular Plan - IDCW,12.4858
2026-09-04,149249,Edelweiss NIFTY PSU Bond Plus SDL Apr 2027 50:50 Index Fund - Regular Plan - Growth,13.2907
2026-09-04,149250,Edelweiss Nifty 50 Index Fund Direct Plan Growth,14.1815
2026-09-04,149251,Edelweiss Nifty 50 Index Fund Direct Plan IDCW,13.9853
2026-09-04,149252,Edelweiss Nifty 50 Index Fund Regular Plan Growth,13.6803
2026-09-04,149253,Edelweiss Nifty 50 Index Fund Regular Plan IDCW,13.6801
2026-09-04,149254,Edelweiss Nifty 100 Quality 30 Index Fund Direct Plan Growth,14.7729
2026-09-04,149255,Edelweiss Nifty 100 Quality 30 Index Fund Direct Plan IDCW,14.5663
2026-09-04,149256,Edelweiss Nifty 100 Quality 30 Index Fund Regular Plan Growth,14.3219
2026-09-04,149257,Edelweiss Nifty 100 Quality 30 Index Fund Regular Plan IDCW,14.3209
2026-09-04,149258,LIC MF Balanced Advantage Fund-Regular Plan-IDCW,12.11
2026-09-04,149259,LIC MF Balanced Advantage Fund-Regular Plan-Growth,13.9586
2026-09-04,149260,LIC MF Balanced Advantage Fund-Direct Plan-IDCW,12.9588
2026-09-04,149261,LIC MF Balanced Advantage Fund-Direct Plan-Growth,15.0951
2026-09-04,149262,Aditya Birla Sun Life Nifty Healthcare ETF,16.8892
2026-09-04,149263,NJ Balanced Advantage Fund - Regular Plan - IDCW Payout Option,13.58
2026-09-04,149264,NJ Balanced Advantage Fund - Direct Plan - Growth Option,14.47
2026-09-04,149265,NJ Balanced Advantage Fund - Direct Plan - IDCW Payout Option,14.47
2026-09-04,149266,NJ Balanced Advantage Fund - Regular Plan - Growth Option,13.58
2026-09-04,149268,ITI Pharma and Healthcare Fund - Direct Plan - Growth Option,19.8534
2026-09-04,149269,ITI Pharma and Healthcare Fund - Regular Plan - IDCW Option,18.0390
2026-09-04,149270,ITI Pharma and Healthcare Fund - Regular Plan - Growth Option,18.0390
2026-09-04,149271,ITI Pharma and Healthcare Fund - Direct Plan - IDCW Option,19.8511
2026-09-04,149277,SBI Fixed Maturity Plan (FMP) - Series 53 (1839 Days) - Direct Plan - Income Distribution Cum Withdrawal Option (IDCW),13.3980
2026-09-04,149278,SBI Fixed Maturity Plan (FMP) - Series 53 (1839 Days) - Regular Plan - Growth,13.3260
2026-09-04,149279,SBI Fixed Maturity Plan (FMP) - Series 53 (1839 Days) - Direct Plan - Growth,13.3980
2026-09-04,149280,SBI Fixed Maturity Plan (FMP) - Series 53 (1839 Days) - Regular Plan - Income  Distribution Cum Withdrawal Option (IDCW),13.3261
2026-09-04,149281,ICICI Prudential Nifty Smallcap 250 Index Fund - Growth,18.4411
2026-09-04,149282,ICICI Prudential Nifty Smallcap 250 Index Fund - IDCW,18.4418
2026-09-04,149283,ICICI Prudential Nifty Smallcap 250 Index Fund - Direct Plan - Growth,18.9868
2026-09-04,149284,ICICI Prudential Nifty Smallcap 250 Index Fund - Direct Plan - IDCW,18.9862
2026-09-04,149285,ICICI Prudential Nifty India Consumption ETF,120.3725
2026-09-04,149286,DSP Nifty 50 Equal Weight ETF,340.4088
2026-09-04,149287,HDFC NIFTY Next 50 Index Fund - Growth Option,16.9064
2026-09-04,149288,HDFC NIFTY Next 50 Index Fund - Direct Plan - Growth Option,17.2576
2026-09-04,149289,Aditya Birla Sun Life US Equity Passive FOF-Direct IDCW,22.8671
2026-09-04,149290,Aditya Birla Sun Life US Equity Passive FOF-Regular Growth,22.4453
2026-09-04,149291,Aditya Birla Sun Life US Equity Passive FOF-Direct-Growth,22.8640
2026-09-04,149292,Aditya Birla Sun Life US Equity Passive FOF-Regular IDCW,22.4435
2026-09-04,149293,Aditya Birla Sun Life Nifty IT ETF,33.6295
2026-09-04,149294,Aditya Birla Sun Life Business Cycle Fund-Regular IDCW Payout,14.34
2026-09-04,149295,Aditya Birla Sun Life Business Cycle Fund-Direct Growth,17.40
2026-09-04,149296,Aditya Birla Sun Life Business Cycle Fund-Regular-Growth,16.39
2026-09-04,149297,Aditya Birla Sun Life Business Cycle Fund-Direct IDCW Payout,15.22
2026-09-04,149298,PGIM India Global Select Real Estate Securities Fund of Fund - Direct Plan - Growth Option,13.66
2026-09-04,149299,PGIM India Global Select Real Estate Securities Fund of Fund - Regular Plan - Growth Option,13.13
2026-09-04,149302,BANDHAN MULTI CAP FUND - IDCW - REGULAR PLAN,15.292
2026-09-04,149303,BANDHAN MULTI CAP FUND - GROWTH - DIRECT PLAN,18.852
2026-09-04,149304,BANDHAN MULTI CAP FUND - IDCW - DIRECT PLAN,16.611
2026-09-04,149305,BANDHAN MULTI CAP FUND - GROWTH - REGULAR PLAN,17.538
2026-09-04,149306,SBI Fixed Maturity Plan (FMP) - Series 54 (1842 Days) - Regular Plan - Income Distribution Cum Capital Withdrawal Option (IDCW),13.3068
2026-09-04,149307,SBI Fixed Maturity Plan (FMP) - Series 54 (1842 Days) - Direct Plan - Growth,13.3831
2026-09-04,149308,SBI Fixed Maturity Plan (FMP) - Series 54 (1842 Days) - Regular Plan - Growth,13.3068
2026-09-04,149309,SBI Fixed Maturity Plan (FMP) - Series 54 (1842 Days) - Direct Plan - Income Distribution Cum Withdrawal Option (IDCW),13.3837
2026-09-04,149310,Unclaimed Redemption - Upto 3 years (Invested in DSP Overnight Fund),13.1357
2026-09-04,149311,Unclaimed Redemption - Beyond 3 years (Invested in DSP Overnight Fund),10.0000
2026-09-04,149312,Unclaimed IDCW - Upto 3 years (Invested in DSP Overnight Fund),13.1357
2026-09-04,149313,Unclaimed IDCW - Beyond 3 years (Invested in DSP Overnight Fund),10.0000
2026-09-04,149316,360 ONE QUANT FUND REGULAR INCOME DISTRIBUTION CUM CAPITAL WITHDRAWAL,18.9147
2026-09-04,149317,360 ONE QUANT FUND REGULAR GROWTH,18.9147
2026-09-04,149318,360 ONE QUANT FUND DIRECT GROWTH,20.0903
2026-09-04,149319,360 ONE QUANT FUND DIRECT INCOME DISTRIBUTION CUM CAPITAL WITHDRAWAL,20.0903
2026-09-04,149321,ITI Banking and Financial Services Fund - Direct Plan - Growth Option,17.6858
2026-09-04,149322,ITI Banking and Financial Services Fund - Direct Plan - IDCW Option,16.6894
2026-09-04,149323,ITI Banking and Financial Services Fund - Regular Plan - IDCW Option,15.1247
2026-09-04,149324,ITI Banking and Financial Services Fund -Regular Plan - Growth Option,16.1099
2026-09-04,149325,Nippon India Taiwan Equity Fund- Regular Plan- IDCW option,34.6021
2026-09-04,149327,Nippon India Taiwan Equity Fund- Direct Plan- IDCW option,37.0497
2026-09-04,149328,Nippon India Taiwan Equity fund- Regular Plan- Growth Option,34.6021
2026-09-04,149329,Nippon India Taiwan Equity Fund- Direct Plan- Growth Option,37.0497
2026-09-04,149331,ICICI Prudential BSE 500 ETF FOF - Direct Plan - Growth,15.9671
2026-09-04,149332,ICICI Prudential BSE 500 ETF FOF - IDCW,15.6133
2026-09-04,149333,ICICI Prudential BSE 500 ETF FOF - Direct Plan - IDCW,15.9668
2026-09-04,149334,ICICI Prudential BSE 500 ETF FOF - Growth,15.6133
2026-09-04,149335,Quant Value Fund - Growth Option  - Direct Plan,24.3036
2026-09-04,149336,Quant Value Fund - IDCW Option- Regular Plan,22.6058
2026-09-04,149337,Quant Value Fund - Growth Option - Regular Plan,22.4826
2026-09-04,149338,Quant Value Fund - IDCW Option - Direct Plan,23.0914
2026-09-04,149339,Edelweiss NIFTY Large Midcap 250 Index Fund - Direct Plan Payout,16.4113
2026-09-04,149341,Edelweiss NIFTY Large Midcap 250 Index Fund - Regular Plan Growth,16.878
2026-09-04,149342,Edelweiss NIFTY Large Midcap 250 Index Fund - Regular Plan Payout,15.873
2026-09-04,149343,Edelweiss NIFTY Large Midcap 250 Index Fund - Direct Plan Growth,17.4161
2026-09-04,149345,SBI Fixed Maturity Plan (FMP) - Series 55 (1849 Days) - Direct Plan - Growth,13.3528
2026-09-04,149346,SBI Fixed Maturity Plan (FMP) - Series 55 (1849 Days) - Regular Plan - Income Distribution Cum Capital Withdrawal Option (IDCW),13.2780
2026-09-04,149347,SBI Fixed Maturity Plan (FMP) - Series 55 (1849 Days) - Regular Plan - Growth,13.2781
2026-09-04,149348,SBI Fixed Maturity Plan (FMP) - Series 55 (1849 Days) - Direct Plan - Income Distribution cum Capital Withdrawal Option (IDCW),13.3528
2026-09-04,149351,Tata Corporate Bond Fund-Regular Plan-Growth,13.0893
2026-09-04,149352,Tata Corporate Bond Fund-Regular Plan-IDCW Periodic Reinvestment,13.0893
2026-09-04,149353,Tata Corporate Bond Fund-Regular Plan-IDCW Monthly Payout,13.0893
2026-09-04,149354,Tata Corporate Bond Fund-Regular Plan-IDCW Quarterly Payout,13.0893
2026-09-04,149355,Tata Corporate Bond Fund-Direct Plan-IDCW Periodic Payout,13.4463
2026-09-04,149356,Tata Corporate Bond Fund-Direct Plan-IDCW Periodic Reinvestment,13.4463
2026-09-04,149357,Tata Corporate Bond Fund-Direct Plan-IDCW Monthly Reinvestment,13.4463
2026-09-04,149358,Tata Corporate Bond Fund-Direct Plan-IDCW Quarterly Reinvestment,13.4463
2026-09-04,149359,Tata Corporate Bond Fund-Regular Plan-IDCW Quarterly Reinvestment,13.0893
2026-09-04,149360,Tata Corporate Bond Fund-Regular Plan-IDCW Periodic Payout,13.0893
2026-09-04,149361,Tata Corporate Bond Fund-Direct Plan-Growth,13.4463
2026-09-04,149362,Tata Corporate Bond Fund-Direct Plan-IDCW Quarterly Payout,13.4463
2026-09-04,149363,Tata Corporate Bond Fund-Regular Plan-IDCW Monthly Reinvestment,13.0893
2026-09-04,149364,Tata Corporate Bond Fund-Direct Plan-IDCW Monthly Payout,13.4463
2026-09-04,149365,HDFC Multi Cap Fund - IDCW Option,17.075
2026-09-04,149366,HDFC Multi Cap Fund - Growth Option,18.849
2026-09-04,149367,HDFC Multi Cap Fund - IDCW Option - Direct Plan,18.189
2026-09-04,149368,HDFC Multi Cap Fund - Growth Option - Direct Plan,19.904
2026-09-04,149371,Axis Nifty 50 Index Fund - Regular Plan - Growth Option,14.3450
2026-09-04,149372,Axis Nifty 50 Index Fund - Regular Plan - IDCW,13.6069
2026-09-04,149373,Axis Nifty 50 Index Fund - Direct Plan - Growth,14.5454
2026-09-04,149374,Axis Nifty 50 Index Fund - Direct Plan - IDCW,13.7961
2026-09-04,149379,Mirae Asset Hang Seng TECH ETF,18.5442
2026-09-04,149380,Mirae Asset Hang Seng TECH ETF Fund of Fund - Regular Plan - Growth,11.213
2026-09-04,149381,Mirae Asset Hang Seng TECH ETF Fund of Fund - Direct Plan - Growth,11.457
2026-09-04,149382,Axis Multicap Fund - Regular Plan - Growth,19.88
2026-09-04,149383,Axis Multicap Fund - Direct Growth,21.09
2026-09-04,149384,Axis Multicap Fund - Direct Plan - IDCW,20.05
2026-09-04,149387,Axis Multicap Fund - Regular Plan - IDCW,18.91
2026-09-04,149388,ICICI Prudential Nifty Midcap 150 Index Fund - IDCW,20.0675
2026-09-04,149389,ICICI Prudential Nifty Midcap 150 Index Fund - Direct Plan - Growth,20.7420
2026-09-04,149390,ICICI Prudential Nifty Midcap 150 Index Fund - Growth,20.0679
2026-09-04,149391,ICICI Prudential Nifty Midcap 150 Index Fund - Direct Plan - IDCW,20.7416
2026-09-04,149392,DSP Nifty 50 ETF,252.0558
2026-09-04,149394,Groww Overnight Fund (formerly known as Indiabulls Overnight Fund)- Unclaimed Dividend < 3 years,1315.2588
2026-09-04,149395,Groww Overnight Fund (formerly known as Indiabulls Overnight Fund)- Unclaimed Redemption > 3 Years,1000
2026-09-04,149396,Groww Overnight Fund (formerly known as Indiabulls Overnight Fund)- Unclaimed Redemption < 3 Years,1301.1802
2026-09-04,149397,Kotak Nifty Alpha 50 ETF,54.0292
2026-09-04,149398,BHARAT Bond ETF - April 2032,1348.425
2026-09-04,149399,BHARAT Bond ETF FOF - April 2032 Regular Plan Growth,13.3787
2026-09-04,149400,BHARAT Bond ETF FOF - April 2032 Regular Plan Dividend,12.785
2026-09-04,149401,BHARAT Bond ETF FOF - April 2032 Direct Growth,13.3787
2026-09-04,149402,BHARAT Bond ETF FOF - April 2032 Direct Plan Dividend,12.785
2026-09-04,149403,DSP Nifty Midcap 150 Quality 50 ETF,24.9774
2026-09-04,149404,Mahindra Manulife Balanced Advantage Fund - Regular Plan - Growth,14.9892
2026-09-04,149405,Mahindra Manulife Balanced Advantage Fund - Regular Plan - IDCW,11.8706
2026-09-04,149406,Mahindra Manulife Balanced Advantage Fund - Direct Plan - Growth,16.2650
2026-09-04,149407,Mahindra Manulife Balanced Advantage Fund - Direct Plan - IDCW,13.0628
2026-09-04,149408,ICICI Prudential Overnight fund - Direct Plan - Unclaimed IDCW Transitory Scheme,1308.9180
2026-09-04,149409,ICICI Prudential Overnight fund - Direct Plan - Unclaimed Redemption Stable Scheme,1000.0000
2026-09-04,149410,ICICI Prudential Overnight fund - Direct Plan - Unclaimed Redemption Transitory Scheme,1308.9303
2026-09-04,149411,ICICI Prudential Overnight fund - Direct Plan - Unclaimed IDCW Stable Scheme,1000.0000
2026-09-04,149412,BANK OF INDIA Overnight Fund Unclaimed IDCW Plan - Greater than 3 Years,1000.0000
2026-09-04,149413,BANK OF INDIA Overnight Fund Unclaimed Redemption Plan - Upto 3 Years,1317.0805
2026-09-04,149414,BANK OF INDIA Overnight Fund Unclaimed IDCW Plan - Up to 3 Years,1316.8448
2026-09-04,149415,BANK OF INDIA Overnight Fund Unclaimed Redemption Plan - Greater than 3 Years,1000.0000
2026-09-04,149430,SBI Fixed Maturity Plan (FMP) - Series 57 (1835 Days) - Direct Plan - Income Distribution cum Capital Withdrawal Option (IDCW),13.2671
2026-09-04,149431,SBI Fixed Maturity Plan (FMP) - Series 57 (1835 Days) - Direct Plan - Growth,13.2668
2026-09-04,149432,SBI Fixed Maturity Plan (FMP) - Series 57 (1835 Days) - Regular Plan - Growth,13.1939
2026-09-04,149433,SBI Fixed Maturity Plan (FMP) - Series 57 (1835 Days) - Regular Plan - Income Distribution cum Capital Withdrawal Option (IDCW),13.1943
2026-09-04,149438,Motilal Oswal Nasdaq Q50 ETF,118.7371
2026-09-04,149439,ICICI Prudential Passive Multi-Asset Fund of Funds - Growth,16.8389
2026-09-04,149440,ICICI Prudential Passive Multi-Asset Fund of Funds - IDCW,16.839
2026-09-04,149441,ICICI Prudential Passive Multi-Asset Fund of Funds - Direct Plan - Growth,17.1786
2026-09-04,149442,ICICI Prudential Passive Multi-Asset Fund of Funds - Direct Plan - IDCW,17.1898
2026-09-04,149443,Franklin India Overnight Fund- Unclaimed IDCW Plan,13.0364
2026-09-04,149444,Franklin India Overnight Fund- Unclaimed Redemption Investor EducationPlan,10.0000
2026-09-04,149445,Franklin India Overnight Fund- Unclaimed IDCW Investor Education Plan,10.0000
2026-09-04,149446,Franklin India Overnight Fund- Unclaimed Redemption Plan,13.0364
2026-09-04,149447,Navi Nifty Next 50 Index Fund- Direct Plan- Growth,17.3894
2026-09-04,149448,Navi Nifty Next 50 Index Fund- Regular Plan- Growth,16.936
2026-09-04,149449,Samco Flexi Cap Fund - Regular Plan - Growth Option,9.71
2026-09-04,149450,Samco Flexi Cap Fund - Direct Plan - Growth Option,10.37
2026-09-04,149451,Union Overnight Fund - Unclaimed Amounts Plan - IDCW Beyond 3 years,1000.0000
2026-09-04,149452,Union Overnight Fund - Unclaimed Amounts Plan - IDCW Upto 3 years,1305.2998
2026-09-04,149453,Union Overnight Fund - Unclaimed Amounts Plan - Redemption Beyond 3 years,1000.0000
2026-09-04,149454,Union Overnight Fund - Unclaimed Amounts Plan - Redemption Upto 3 years,1305.2863
2026-09-04,149455,ICICI Prudential Strategic Metal and Energy Equity Fund of Fund - Direct Plan Growth,34.7932
2026-09-04,149456,ICICI Prudential Strategic Metal and Energy Equity Fund of Fund - Growth,33.3334
2026-09-04,149457,ICICI Prudential Strategic Metal and Energy Equity Fund of Fund - IDCW,33.3274
2026-09-04,149458,ICICI Prudential Strategic Metal and Energy Equity Fund of Fund - Direct Plan IDCW,34.7926
2026-09-04,149459,SBI Fixed Maturity Plan (FMP) - Series 58 (1842 Days) - Regular Plan - Growth,13.3114
2026-09-04,149460,SBI Fixed Maturity Plan (FMP) - Series 58 (1842 Days) - Direct Plan - Growth,13.3831
2026-09-04,149461,SBI Fixed Maturity Plan (FMP) - Series 58 (1842 Days) - Direct Plan - Income Distribution cum Capital withdrawal option (IDCW),13.3834
2026-09-04,149462,SBI Fixed Maturity Plan (FMP) - Series 58 (1842 Days) - Regular Plan - Income Distribution cum Capital withdrawal option (IDCW),13.3114
2026-09-04,149463,ICICI Prudential Nifty Auto ETF,28.7345
2026-09-04,149464,ICICI PRUDENTIAL SILVER ETF,233.0260
2026-09-04,149465,Nippon India Nifty Auto ETF,286.8571
2026-09-04,149466,Axis Nifty Next 50 Index Fund - Direct Plan - Growth,18.1176
2026-09-04,149467,Axis Nifty Next 50 Index Fund - Regular Plan - Growth,17.5457
2026-09-04,149468,Axis Nifty Next 50 Index Fund - Regular Plan - IDCW,16.6461
2026-09-04,149469,Axis Nifty Next 50 Index Fund - Direct Plan - IDCW,17.1919
2026-09-04,149470,Mahindra Manulife Overnight Fund - Unclaimed Redemption/IDCW upto 3 years,1306.6371
2026-09-04,149471,Mahindra Manulife Overnight Fund - Unclaimed Redemption/IDCW beyond 3 years,1000.0000
2026-09-04,149472,SBI CPSE Bond Plus SDL Sep 2026 50:50 Index Fund - Regular Plan - Growth,13.1181
2026-09-04,149473,SBI CPSE Bond Plus SDL Sep 2026 50:50 Index Fund - Regular Plan - Income Distribution cum Capital Withdrawal Option (IDCW),13.1184
2026-09-04,149474,SBI CPSE Bond Plus SDL Sep 2026 50:50 Index Fund - Direct Plan - Growth,13.2166
2026-09-04,149475,SBI CPSE Bond Plus SDL Sep 2026 50:50 Index Fund - Direct Plan - Income Distribution cum Capital Withdrawal Option (IDCW),13.2737
2026-09-04,149476,Edelweiss Overnight Fund - Unclaimed IDCW Plan - Above 3 years,1000
2026-09-04,149477,Edelweiss Overnight Fund - Unclaimed IDCW Plan - Upto 3 years,1302.9637
2026-09-04,149478,Edelweiss Overnight Fund - Unclaimed Redemption Plan - Upto 3 years,1302.9621
2026-09-04,149479,Edelweiss Overnight Fund - Unclaimed Redemption Plan - Above 3 years,1000
2026-09-04,149480,Sundaram Nifty 100 Equal Weight Fund (Formerly Known as Principal Nifty 100 Equal Weight Fund-Income Distribution CUM Capital Withdrawal,75.1187
2026-09-04,149481,Sundaram Nifty 100 Equal Weight Fund (Formerly Known as Principal Nifty 100 Equal Weight Fund)-Growth,184.0231
2026-09-04,149482,Sundaram Nifty 100 Equal Weight Fund (Formerly Known as Principal Nifty 100 Equal Weight Fund)- Direct Plan - Income Distribution CUM Capital Withdrawal Option,79.5917
2026-09-04,149483,Sundaram Nifty 100 Equal Weight Fund (Formerly Known as Principal Nifty 100 Equal Weight Fund) - Direct Plan - Growth Option,194.9236
2026-09-04,149519,Sundaram Ultra Short to Short Term Fund Regular Plan - Growth,3690.4021
2026-09-04,149521,Sundaram Ultra Short to Short Term Fund Regular Plan - IDCW,1098.8180
2026-09-04,149525,Sundaram Ultra Short to Short Term Fund Direct Plan - IDCW,1121.9762
2026-09-04,149526,Sundaram Ultra Short to Short Term Fund Direct Plan - Growth,3992.6222
2026-09-04,149531,Sundaram Focused Fund (Formerly Known as Principal Focused Multicap Fund)- Income Distribution CUM Capital Withdrawal Option (IDCW),39.8021
2026-09-04,149532,Sundaram Focused Fund (Formerly Known as Principal Focused Multicap Fund)-Growth Option,166.8869
2026-09-04,149533,Sundaram Focused Fund (Formerly Known as Principal Focused Multicap Fund)- Direct Plan - Growth Option,186.8844
2026-09-04,149534,Sundaram Focused Fund (Formerly Known as Principal Focused Multicap Fund)- Direct Plan - Income Distribution CUM Capital Withdrawal Option (IDCW),43.7980
2026-09-04,149535,Sundaram Ultra Short Term Fund Regular Plan - Growth,2857.9667
2026-09-04,149537,Sundaram Ultra Short Term Fund Regular Plan - IDCW,1072.7768
2026-09-04,149539,Sundaram Ultra Short Term Fund Direct Plan - Growth,3161.8016
2026-09-04,149540,Sundaram Ultra Short Term Fund Direct Plan - IDCW,1093.7342
2026-09-04,149549,Sundaram Arbitrage Fund( Formerly Known as Principal Arbitrage Fund) - Direct Plan- Monthly Income Distribution CUM Capital Withdrawal,13.3387
2026-09-04,149550,Sundaram Arbitrage Fund (Formerly Known as Prinicpal Arbitrage Fund) - Direct Plan - Growth,16.4068
2026-09-04,149551,Sundaram Arbitrage Fund (Formerly Known as Principal Arbitrage Fund)- Regular Plan - Monthly Income Distribution CUM Capital Withdrawal,12.7408
2026-09-04,149552,Sundaram Arbitrage Fund (Formerly Know as Principal Arbitrage Fund) - Regular Plan - Growth,15.4118
2026-09-04,149569,Sundaram ELSS Tax Saver Fund Regular Growth,494.8959
2026-09-04,149570,Sundaram ELSS Tax Saver Fund Direct Plan Growth,532.3891
2026-09-04,149571,Sundaram ELSS Tax Saver Fund Direct Plan - Income Distribution CUM Capital Withdrawal Option (IDCW),509.8327
2026-09-04,149572,Sundaram ELSS Tax Saver Fund Regular Plan - Income Distribution CUM Capital Withdrawal Option (IDCW),380.4323
2026-09-04,149585,Sundaram Short Duration Fund (Formerly Known as Principal Short Term Debt Fund)- Growth Plan,47.1391
2026-09-04,149586,Sundaram Short Duration Fund (Formerly Known as Principal Short Term Debt Fund)- Income Distribution CUM Capital Withdrawal Option (IDCW),13.0524
2026-09-04,149587,Sundaram Short Duration Fund (Formerly Known as Principal Short Term Debt Fund)- Direct Plan - Growth Option,51.3263
2026-09-04,149588,Sundaram Short Duration Fund (Formerly Known as Principal Short Term Debt Fund) - Direct Plan - Income Distribution CUM Capital Withdrawal Plan (IDCW),13.2021
2026-09-04,149599,Sundaram Aggressive Hybrid Fund (Formerly Known as Principal Hybrid Equity Fund)-Growth,161.6736
2026-09-04,149600,Sundaram Aggressive Hybrid Fund (Formerly Known as Principal Hybrid Equity Fund)- Monthly Income Distribution CUM Capital Withdrawal,24.8108
2026-09-04,149601,Sundaram Aggressive Hybrid Fund (Formerly Known as Principal Hybrid Equity Fund)- Direct Plan - Growth Option,187.5370
2026-09-04,149602,Sundaram Aggressive Hybrid Fund(Formerly Known as Principal Hybrid Equity Fund)-Direct Plan - Monthly Income Distribution CUM Capital Withdrawal Option,38.9957
2026-09-04,149660,Sundaram Liquid Fund (Formerly Known as Principal Cash Management Fund) - Regular Plan IDCW,1046.8853
2026-09-04,149661,Sundaram Liquid Fund (Formerly Known as Principal Cash Management Fund) -Growth Option,2474.9209
2026-09-04,149662,Sundaram Liquid Fund (Formerly Known as Principal Cash Management Fund) -Direct Plan - IDCW,1050.2156
2026-09-04,149664,Sundaram Liquid Fund (Formerly Known as Principal Cash Management Fund) - Direct Plan - Growth Option,2509.8614
2026-09-04,149666,Sundaram Multi Cap Fund (Formerly Known as Principal Multi Cap Growth Fund)- Income Distribution CUM Capital Withdrawal Option (IDCW),65.0680
2026-09-04,149667,Sundaram Multi Cap Fund (Formerly Known as Principal Multi Cap Growth Fund)-Growth Option,397.5139
2026-09-04,149668,Sundaram Multi Cap Fund (Formerly Known as Principal Multi Cap Growth Fund) - Direct Plan - Income Distribution CUM Capital Withdrawal Option (IDCW),88.8462
2026-09-04,149669,Sundaram Multi Cap Fund (Formerly Known as Principal Multi Cap Growth Fund)-Direct Plan - Growth Option,447.8414
2026-09-04,149674,Sundaram Equity Savings Fund (Formerly Known as Principal Equity Savings Fund) - Growth Option,71.5647
2026-09-04,149675,Sundaram Equity Savings Fund (Formerly Known as Principal Equity Savings Fund)- Income Distribution CUM Capital Withdrawal (IDCW),14.3587
2026-09-04,149677,Sundaram Equity Savings Fund (Formerly Known as  Principal Equity Savings Fund) - Direct Plan - Income Distribution CUM Capital Withdrawal Option (IDCW),15.6757
2026-09-04,149679,Sundaram Equity Savings Fund (Formerly Known as Principal Equity Savings Fund) - Direct Plan - Growth Option,84.4767
2026-09-04,149697,Sundaram Dividend Yield Fund (Formerly Known as Principal Dividend Yield Fund)-Growth Plan,130.5961
2026-09-04,149698,Sundaram Dividend Yield Fund (Formerly Known as Principal Dividend Yield Fund)- Income Distribution CUM Capital Withdrawal Plan,35.5100
2026-09-04,149699,Sundaram Dividend Yield Fund (Formerly Known as Principal Dividend Yield Fund)- Direct Plan - Income Distribution CUM Capital Withdrawal Option,60.2966
2026-09-04,149700,Sundaram Dividend Yield Fund (Formerly Known as Principal Dividend Yield Fund) - Direct Plan - Growth Option,144.4589
2026-09-04,149715,Sundaram Dynamic Asset Allocation Fund Regular Plan - Growth,35.5094
2026-09-04,149716,Sundaram Dynamic Asset Allocation Fund Regular Plan - Monthly IDCW,14.2565
2026-09-04,149717,Sundaram Dynamic Asset Allocation Fund Direct Plan - Growth,42.3407
2026-09-04,149718,Sundaram Dynamic Asset Allocation Fund Direct Plan - Monthly IDCW,17.7384
2026-09-04,149757,Kotak Nifty Midcap 50 ETF,18.5282
2026-09-04,149758,Nippon India Silver ETF,223.1792
2026-09-04,149759,Nippon India Silver ETF FOF-Regular Plan- Growth Option,34.8963
2026-09-04,149760,Nippon India Silver ETF FOF- Direct Plan-Growth Option,35.4961
2026-09-04,149761,Nippon India Silver ETF FOF- Regular Plan-IDCW Option,34.8963
2026-09-04,149762,Nippon India Silver ETF FOF- Direct Plan-IDCW Option,35.4961
2026-09-04,149763,Invesco India Flexi Cap Fund - Direct Plan - Growth,21.12
2026-09-04,149764,Invesco India Flexi Cap Fund - Regular Plan - IDCW,17.54
2026-09-04,149765,Invesco India Flexi Cap Fund - Direct Plan - IDCW,18.9
2026-09-04,149766,Invesco India Flexi Cap Fund - Regular Plan - Growth,19.73
2026-09-04,149775,ICICI Prudential Silver ETF FOF - Direct Plan - Growth,35.6601
2026-09-04,149776,ICICI Prudential Silver ETF FOF - Direct Plan - IDCW,35.6605
2026-09-04,149777,ICICI Prudential Silver ETF FOF - Growth,34.8650
2026-09-04,149778,ICICI Prudential Silver ETF FOF - IDCW,34.8643
2026-09-04,149779,Aditya Birla Sun Life Silver ETF,233.0698
2026-09-04,149780,Aditya Birla Sun Life Silver ETF FOF-Direct Growth,36.1956
2026-09-04,149781,Aditya Birla Sun Life Silver ETF FOF-Direct IDCW,36.1825
2026-09-04,149783,Aditya Birla Sun Life Silver ETF FOF-Regular Growth,35.4587
2026-09-04,149784,Aditya Birla Sun Life Silver ETF FOF-Regular IDCW,35.4519
2026-09-04,149786,Mirae Asset Nifty India Manufacturing ETF,165.1455
2026-09-04,149787,Mirae Asset Nifty India Manufacturing ETF FOF - Direct Plan - IDCW,20.714
2026-09-04,149788,Mirae Asset Nifty India Manufacturing ETF FOF - Regular Plan - Growth,20.349
2026-09-04,149789,Mirae Asset Nifty India Manufacturing ETF FOF - Regular Plan - IDCW,20.425
2026-09-04,149790,Mirae Asset Nifty India Manufacturing ETF FOF - Direct Plan - Growth,20.712
2026-09-04,149791,Aditya Birla Sun Life Nifty SDL Apr 2027 Index Fund-Regular-IDCW Payout,13.1432
2026-09-04,149792,Aditya Birla Sun Life Nifty SDL Apr 2027 Index Fund-Regular Growth,13.1432
2026-09-04,149793,Aditya Birla Sun Life Nifty SDL Apr 2027 Index Fund-Direct IDCW Payout,13.3271
2026-09-04,149794,Aditya Birla Sun Life Nifty SDL Apr 2027 Index Fund-Direct Growth,13.3273
2026-09-04,149795,TRUST MF OVERNIGHT FUND-REGULAR-GROWTH,1298.2729
2026-09-04,149796,TRUST MF OVERNIGHT FUND-DIRECT PLAN-DAILY IDCW REINVESTMENT,1273.4082
2026-09-04,149797,TRUST MF OVERNIGHT FUND-DIRECT PLAN-GROWTH,1301.3073
2026-09-04,149798,TRUST MF OVERNIGHT FUND-REGULAR PLAN-DAILY IDCW REINVESTMENT,1259.2437
2026-09-04,149799,Motilal Oswal Nifty 200 Momentum 30 Index Fund-Regular Plan,14.8612
2026-09-04,149800,Motilal Oswal Nifty 200 Momentum 30 Index Fund-Direct Plan,15.3305
2026-09-04,149801,Motilal Oswal Nifty 200 Momentum 30 ETF,62.1979
2026-09-04,149802,UTI BSE Sensex Index Fund - Regular Plan  -Growth Option,13.7833
2026-09-04,149803,UTI BSE Sensex Index Fund - Direct Plan - Growth Option,13.8452
2026-09-04,149804,Navi Nifty Bank Index Fund- Direct Plan- Growth,15.1443
2026-09-04,149805,Navi Nifty Bank Index Fund- Regular Plan- Growth,14.6405
2026-09-04,149826,JM Overnight Fund - (Direct) - Unclaimed Redemption I.E.F. - Growth Plan,1073.9936
2026-09-04,149827,JM Overnight Fund - (Direct) - Unclaimed IDCW I.E.F. - Growth Plan,1073.9936
2026-09-04,149828,JM Overnight Fund - (Direct) - Unclaimed IDCW - Growth Plan,1399.3686
2026-09-04,149829,JM Overnight Fund - (Direct) - Unclaimed Redemption - Growth Plan,1394.2526
2026-09-04,149830,Navi Total Stock Market US Specific Equity Passive FoF- Direct Plan- Growth,22.8027
2026-09-04,149831,Navi Total Stock Market US Specific Equity Passive FoF- Regular Plan- Growth,22.8027
2026-09-04,149832,BANDHAN NIFTY 100 INDEX FUND - DIRECT PLAN - GROWTH,15.0426
2026-09-04,149833,BANDHAN NIFTY 100 INDEX FUND - REGULAR PLAN - GROWTH,14.7095
2026-09-04,149834,BANDHAN NIFTY 100 INDEX FUND - REGULAR PLAN - IDCW,14.7118
2026-09-04,149835,BANDHAN NIFTY 100 INDEX FUND - DIRECT PLAN - IDCW,15.0393
2026-09-04,149836,Aditya Birla Sun Life Nifty Next 50 Index Fund-Regular IDCW,17.6678
2026-09-04,149837,Aditya Birla Sun Life Nifty Next 50 Index Fund-Regular Growth,17.6528
2026-09-04,149838,Aditya Birla Sun Life Nifty Next 50 Index Fund-Direct Growth,18.1525
2026-09-04,149839,Aditya Birla Sun Life Nifty Next 50 Index Fund-Direct IDCW,18.1413
2026-09-04,149840,Kotak Manufacture in India Fund - Regular Plan Growth,22.329
2026-09-04,149841,Kotak Manufacture in India Fund - Direct Plan Growth,23.945
2026-09-04,149842,Kotak Manufacture in India Fund - Direct Plan IDCW Option,23.945
2026-09-04,149843,Kotak Manufacture in India Fund - Regular Plan IDCW Option,22.329
2026-09-04,149844,Axis Multi Factor Passive FoF - Regular Plan - Growth Option,15.4419
2026-09-04,149845,Axis Multi Factor Passive FoF - Regular Plan - IDCW,15.4428
2026-09-04,149846,Axis Multi Factor Passive FoF - Direct Plan - IDCW,15.6663
2026-09-04,149847,Axis Multi Factor Passive FoF - Direct Plan - Growth Option,15.6666
2026-09-04,149852,Kotak Nifty SDL Apr  2027 Top 12 Equal Weight Index Fund-Regular Plan- Growth,13.1556
2026-09-04,149853,Kotak Nifty SDL Apr  2027 Top 12 Equal Weight Index Fund-Regular Plan-IDCW Option,13.1558
2026-09-04,149854,Kotak Nifty SDL Apr 2027 Top 12 Equal Weight Index Fund-Direct Plan-IDCW Option,13.2475
2026-09-04,149855,Kotak Nifty SDL Apr  2027 Top 12 Equal Weight Index Fund-Direct Plan-Growth,13.2482
2026-09-04,149858,ICICI Prudential Nifty Bank Index Fund - Direct Plan Growth,16.5732
2026-09-04,149859,ICICI Prudential Nifty Bank Index Fund - Growth,16.0939
2026-09-04,149860,ICICI Prudential Nifty Bank Index Fund - IDCW,16.0938
2026-09-04,149861,ICICI Prudential Nifty Bank Index Fund - Direct Plan IDCW,16.5730
2026-09-04,149862,Kotak Nifty SDL Apr 2032 Top 12 Equal Weight Index Fund-Regular Plan-Growth,13.4123
2026-09-04,149864,Kotak Nifty SDL Apr 2032 Top 12 Equal Weight Index Fund-Direct Plan-IDCW Option,13.5146
2026-09-04,149865,Kotak Nifty SDL Apr 2032 Top 12 Equal Weight Index Fund-Direct Plan- Growth,13.5162
2026-09-04,149866,Kotak Nifty SDL Apr 2032 Top 12 Equal Weight Index Fund-Regular Plan-IDCW Option,13.4164
2026-09-04,149868,HDFC NIFTY 100 Index Fund - Direct Plan - Growth Option,14.9547
2026-09-04,149869,HDFC NIFTY 100 Index Fund - Growth Option,14.626
2026-09-04,149870,HDFC Nifty 100 Equal Weight Index Fund - Direct Plan - Growth Option,17.5931
2026-09-04,149871,HDFC Nifty 100 Equal Weight Index Fund - Growth Option,17.2209
2026-09-04,149872,Axis CRISIL IBX SDL May 2027 Index Fund - Regular Plan - Growth,13.1625
2026-09-04,149873,Axis CRISIL IBX SDL May 2027 Index Fund - Direct Plan - Growth,13.2456
2026-09-04,149874,Axis CRISIL IBX SDL May 2027 Index Fund - Direct Plan - IDCW,13.2452
2026-09-04,149875,Axis CRISIL IBX SDL May 2027 Index Fund - Regular Plan - IDCW,13.1627
2026-09-04,149876,SBI Fixed Maturity Plan (FMP) - Series 60 (1878 Days) - Regular Plan - Growth,13.2297
2026-09-04,149877,SBI Fixed Maturity Plan (FMP) - Series 60 (1878 Days) - Regular Plan - Income Distribution cum Capital Withdrawal Option (IDCW),13.2297
2026-09-04,149878,SBI Fixed Maturity Plan (FMP) - Series 60 (1878 Days) - Direct Plan - Growth,13.3004
2026-09-04,149879,SBI Fixed Maturity Plan (FMP) - Series 60 (1878 Days) - Direct Plan - Income Distribution cum Capital Withdrwal Option (IDCW),13.3009
2026-09-04,149880,UTI BSE Low Volatility Index Fund - Regular Plan - Growth Option,15.7023
2026-09-04,149881,UTI BSE Low Volatility Index Fund - Direct Plan  - Growth Option,16.035
2026-09-04,149882,SBI Multicap Fund- Direct Plan- Growth option,18.0990
2026-09-04,149883,SBI Multicap Fund- Regular Plan- Income Distribution cum Capital Withdrawal Option (IDCW),17.3823
2026-09-04,149886,SBI Multicap Fund- Regular Plan- Growth Option,17.3795
2026-09-04,149887,SBI Multicap Fund- Direct Plan - Income Distribution cum Capital Withdrawal Option (IDCW),18.0991
2026-09-04,149892,Navi Nifty Midcap 150 Index Fund Direct Plan- Growth,21.9541
2026-09-04,149893,Navi Nifty Midcap 150 Index Fund Regular Plan- Growth,21.1392
2026-09-04,149894,Axis Nifty Smallcap 50 Index Fund - Direct Plan - Growth Option,21.3415
2026-09-04,149895,Axis Nifty Smallcap 50 Index Fund - Direct Plan - IDCW,21.3414
2026-09-04,149896,Axis Nifty Smallcap 50 Index Fund - Regular Plan - Growth Option,20.6490
2026-09-04,149897,Axis Nifty Smallcap 50 Index Fund - Regular Plan - IDCW,20.6492
2026-09-04,149910,Navi NASDAQ100 US Specific Equity Passive FOF- Direct- Growth,24.9035
2026-09-04,149911,Navi NASDAQ100 US Specific Equity Passive FOF- Regular- Growth,24.7086
2026-09-04,149914,Nippon India Fixed Maturity Plan-XLIII-Series 5- Direct Plan-Payout of IDCW,13.5742
2026-09-04,149915,Nippon India Fixed Maturity Plan-XLIII-Series 5- Regular Plan-Growth Option,13.4524
2026-09-04,149916,Nippon India Fixed Maturity Plan-XLIII-Series 5- Regular Plan-Payout of IDCW,13.4524
2026-09-04,149917,Nippon India Fixed Maturity Plan-XLIII-Series 5- Direct Plan-Growth Option,13.5742
2026-09-04,149918,Mirae Asset Nifty Midcap 150 ETF,23.7049
2026-09-04,149919,Motilal Oswal BSE Low Volatility Index Fund-Direct plan,15.9136
2026-09-04,149920,Motilal Oswal BSE Low Volatility Index Fund-Regular plan,15.4554
2026-09-04,149921,Motilal Oswal BSE Low Volatility ETF,36.0044
2026-09-04,149922,HDFC FMP 1861D March 2022 - Growth Option,13.2697
2026-09-04,149923,HDFC FMP 1861D March 2022 - Quarterly Dividend Option - Direct Plan,10.1225
2026-09-04,149924,HDFC FMP 1861D March 2022 - Growth Option - Direct Plan,13.3679
2026-09-04,149925,HDFC FMP 1861D March 2022 - IDCW Option,13.2697
2026-09-04,149926,HDFC FMP 1861D March 2022 - IDCW Option - Direct Plan,13.3679
2026-09-04,149927,HDFC FMP 1861D March 2022 - Quarterly Dividend Option,10.1189
2026-09-04,149928,ICICI Prudential Nifty 5 yr Benchmark G-SEC ETF,66.4111
2026-09-04,149935,Axis Nifty Midcap 50 Index Fund - Direct Plan - IDCW Option,22.0599
2026-09-04,149936,Axis Nifty Midcap 50 Index Fund - Direct Plan - Growth Option,22.0607
2026-09-04,149937,Axis Nifty Midcap 50 Index Fund - Regular Plan - IDCW Option,21.3426
2026-09-04,149938,Axis Nifty Midcap 50 Index Fund - Regular Plan - Growth Option,21.3426
2026-09-04,149959,Tata Nifty India Digital Exchange Traded Fund,91.4082
2026-09-04,149960,Invesco India - Invesco EQQQ Nasdaq-100 ETF Fund of Fund - Regular Plan - Growth,25.8002
2026-09-04,149961,Invesco India - Invesco EQQQ Nasdaq-100 ETF Fund of Fund - Direct Plan - Growth,26.069
2026-09-04,149962,HSBC CRISIL IBX 50:50 Gilt Plus SDL Apr 2028 Index Fund - Direct - Payout of IDCW,13.3679
2026-09-04,149963,HSBC CRISIL IBX 50:50 Gilt Plus SDL Apr 2028 Index Fund - Regular - Growth,13.2617
2026-09-04,149964,HSBC CRISIL IBX 50:50 Gilt Plus SDL Apr 2028 Index Fund - Regular - payout of IDCW,13.2616
2026-09-04,149966,HSBC CRISIL IBX 50:50 Gilt Plus SDL Apr 2028 Index Fund - Direct - Growth,13.3679
2026-09-04,149968,DSP Nifty SDL Plus G-Sec Jun 2028 30:70 Index Fund - Regular - Growth,13.2860
2026-09-04,149969,DSP Nifty SDL Plus G-Sec Jun 2028 30:70 Index Fund - Regular - IDCW,13.2860
2026-09-04,149970,DSP Nifty SDL Plus G-Sec Jun 2028 30:70 Index Fund - Direct - Growth,13.3756
2026-09-04,149971,DSP Nifty SDL Plus G-Sec Jun 2028 30:70 Index Fund - Direct - IDCW,13.3756
2026-09-04,149988,Baroda BNP Paribas Overnight Fund - Plan C - Unclaimed IDCW - Greater than 3 years,1000.0000
2026-09-04,149989,Baroda BNP Paribas Overnight Fund - Plan C - Unclaimed Redemption - Up to 3 years,1297.4850
2026-09-04,149990,Baroda BNP Paribas Overnight Fund - Plan C - Unclaimed Redemption - Greater than 3 years,1000.0000
2026-09-04,149991,Baroda BNP Paribas Overnight Fund - Plan C - Unclaimed IDCW - Up to 3 years,1297.5153
2026-09-04,149992,SBI Fixed Maturity Plan (FMP)- Series 61 (1927 Days)- Regular Plan- Income Distribution Cum Capital withdrawal option,13.2722
2026-09-04,149993,SBI Fixed Maturity Plan (FMP)- Series 61 (1927 Days)- Direct Plan- Growth option,13.3413
2026-09-04,149994,SBI Fixed Maturity Plan (FMP)- Series 61 (1927 Days)- Regular Plan- Growth option,13.2723
2026-09-04,149995,SBI Fixed Maturity Plan (FMP)- Series 61 (1927 Days)- Direct Plan- Income Distribution Cum Capital withdrawal option,13.3415
2026-09-04,149996,ICICI Prudential Nifty SDL Sep 2027 Index Fund - Annual IDCW,13.2074
2026-09-04,149997,ICICI Prudential Nifty SDL Sep 2027 Index Fund - Direct Plan - Annual IDCW,13.2946
2026-09-04,149998,ICICI Prudential Nifty SDL Sep 2027 Index Fund - Growth,13.2074
2026-09-04,149999,ICICI Prudential Nifty SDL Sep 2027 Index Fund - Direct Plan - Growth,13.2946
2026-09-04,150000,Kotak Nifty 100 Low Volatility 30 ETF,20.9737
2026-09-04,150001,HDFC FMP 1876D March 2022 - Growth Option,13.2311
2026-09-04,150002,HDFC FMP 1876D March 2022 - Growth Option - Direct Plan,13.3182
2026-09-04,150003,HDFC FMP 1876D March 2022 - IDCW Option - Direct Plan,13.3182
2026-09-04,150004,HDFC FMP 1876D March 2022 - IDCW Option,13.2311
2026-09-04,150005,HDFC FMP 1876D March 2022 - Quarterly Dividend Option,10.1168
2026-09-04,150006,HDFC FMP 1876D March 2022 - Quarterly Dividend Option - Direct Plan,10.12
2026-09-04,150008,Nippon India Nifty AAA CPSE Bond Plus SDL - Apr 2027 Maturity 60:40 Index Fund - Direct Plan - IDCW Option,12.8213
2026-09-04,150009,Nippon India Nifty AAA CPSE Bond Plus SDL - Apr 2027 Maturity 60:40 Index Fund - Regular Plan - IDCW Option,12.7473
2026-09-04,150011,Nippon India Nifty AAA CPSE Bond Plus SDL - Apr 2027 Maturity 60:40 Index Fund - Regular Plan - Growth Option,13.0702
2026-09-04,150012,Nippon India Nifty AAA CPSE Bond Plus SDL - Apr 2027 Maturity 60:40 Index Fund - Direct Plan - Growth Option,13.1722
2026-09-04,150156,BARODA BNP PARIBAS ELSS Tax Saver Fund - Regular - Growth Option,100.5741
2026-09-04,150157,BARODA BNP PARIBAS ELSS Tax Saver Fund- Regular - IDCW Option,22.1063
2026-09-04,150158,BARODA BNP PARIBAS ELSS Tax Saver Fund - Direct Plan - IDCW Option,28.4363
2026-09-04,150159,BARODA BNP PARIBAS ELSS Tax Saver Fund - Direct Plan - Growth Option,114.9215
2026-09-04,150160,BARODA BNP PARIBAS Ultra Short to Short Term Fund-Defunct Plan-Growth Option,42.9603
2026-09-04,150161,BARODA BNP PARIBAS Ultra Short to Short Term Fund-Defunct Plan-Weekly IDCW Option,10.0285
2026-09-04,150162,BARODA BNP PARIBAS Ultra Short to Short Term Fund-Defunct Plan-Monthly IDCW Option,10.4889
2026-09-04,150163,BARODA BNP PARIBAS Ultra Short to Short Term Fund-Defunct Plan- Daily IDCW Option,10.0499
2026-09-04,150164,BARODA BNP PARIBAS Ultra Short to Short Term FUND - Regular Plan - DAILY IDCW OPTION,10.0604
2026-09-04,150165,BARODA BNP PARIBAS Ultra Short to Short Term FUND - Regular Plan - GROWTH OPTION,42.8858
2026-09-04,150166,BARODA BNP PARIBAS Ultra Short to Short FUND - Regular Plan - WEEKLY IDCW OPTION,10.0285
2026-09-04,150167,BARODA BNP PARIBAS Ultra Short to Short Term FUND - Regular Plan - MONTHLY IDCW OPTION,10.2579
2026-09-04,150168,BARODA BNP PARIBAS Ultra Short to Short term Fund Direct Plan - Daily IDCW Option,10.0950
2026-09-04,150169,BARODA BNP PARIBAS Ultra Short to Short Term Fund - Direct Plan - Growth Option,47.3816
2026-09-04,150170,BARODA BNP PARIBAS Ultra Short to Short term Fund - Direct Plan - Monthly IDCW Option,10.4332
2026-09-04,150171,BARODA BNP PARIBAS Ultra Short to Short Term Fund - Direct Plan - Weekly IDCW Option,10.0291
2026-09-04,150172,Baroda BNP Paribas Dynamic Term Fund-Defunct Plan - Growth Option,32.8178
2026-09-04,150173,Baroda BNP Paribas Dynamic Term Fund - Regular Plan - Growth Option,46.6026
2026-09-04,150174,Baroda BNP Paribas Dynamic Term Fund - Regular Plan - Daily IDCW Option,10.0771
2026-09-04,150175,Baroda BNP Paribas Dynamic Term Fund - Regular Plan - Weekly IDCW Option,10.0622
2026-09-04,150176,Baroda BNP Paribas Dynamic Term Fund - Regular Plan - Monthly IDCW Option,10.0967
2026-09-04,150177,Baroda BNP Paribas Dynamic Term Fund - Regular Plan - Quarterly IDCW Option,10.1913
2026-09-04,150178,Baroda BNP Paribas Dynamic Term Fund - Regular Plan - Half Yearly IDCW Option,10.2266
2026-09-04,150179,Baroda BNP Paribas Dynamic Term Fund - Direct Plan - Daily IDCW Option,10.0827
2026-09-04,150180,Baroda BNP Paribas Dynamic Term Fund - Direct Plan - Growth Option,52.4931
2026-09-04,150182,Baroda BNP Paribas Dynamic Term Fund - Direct Plan - Monthly IDCW Option,10.3773
2026-09-04,150183,Baroda BNP Paribas Dynamic Term Fund - Direct Plan - Quarterly IDCW Option,10.3891
2026-09-04,150184,Baroda BNP Paribas Dynamic Term Fund - Direct Plan - Weekly IDCW Option,10.0687
2026-09-04,150185,BARODA BNP PARIBAS LARGE CAP Fund- Regular Plan - Growth Option,222.1761
2026-09-04,150186,BARODA BNP PARIBAS LARGE CAP Fund - Regular Plan - IDCW Option,21.6743
2026-09-04,150187,BARODA BNP PARIBAS LARGE CAP Fund - Direct Plan - Growth Option,259.8098
2026-09-04,150188,BARODA BNP PARIBAS LARGE CAP Fund - Direct Plan - IDCW Option,26.4004
2026-09-04,150203,BARODA BNP PARIBAS Conservative Hybrid Fund-Regular Plan-Growth Option,46.6153
2026-09-04,150204,BARODA BNP PARIBAS Conservative hybrid Fund-Regular Plan-Monthly IDCW Option,10.6084
2026-09-04,150205,BARODA BNP PARIBAS Conservative Hybrid Fund-Regular Plan-Quarterly IDCW Option,10.8372
2026-09-04,150206,BARODA BNP PARIBAS Conservative Hybrid Fund - Direct Plan - Growth Option,57.8014
2026-09-04,150207,BARODA BNP PARIBAS Conservative Hybrid Fund - Direct Plan - Monthly IDCW Option,13.1056
2026-09-04,150208,BARODA BNP PARIBAS Conservative Hybrid Fund - Direct Plan - Quarterly IDCW Option,12.7781
2026-09-04,150209,BARODA BNP PARIBAS Mid Cap Fund - Regular Plan - Growth Option,112.0037
2026-09-04,150210,BARODA BNP PARIBAS Mid Cap Fund - Regular Plan - IDCW Option,58.3010
2026-09-04,150211,BARODA BNP PARIBAS Mid Cap Fund - Direct Plan - IDCW Option,74.9040
2026-09-04,150212,BARODA BNP PARIBAS Mid Cap Fund - Direct Plan - Growth Option,135.4982
2026-09-04,150228,BARODA BNP PARIBAS Corporate Bond Fund - Defunct Plan - Quarterly-IDCW Option,10.4554
2026-09-04,150229,BARODA BNP PARIBAS Corporate Bond Fund - Defunct Plan - Growth Option,34.1316
2026-09-04,150230,BARODA BNP PARIBAS Corporate Bond Fund - Defunct Plan - Annual-IDCW Option,12.2861
2026-09-04,150231,BARODA BNP PARIBAS Corporate Bond Fund - Defunct Plan - Monthly-IDCW Option,10.3593
2026-09-04,150232,BARODA BNP PARIBAS CORPORATE BOND FUND - Regular Plan - QUARTERLY IDCW OPTION,10.4683
2026-09-04,150233,BARODA BNP PARIBAS CORPORATE BOND FUND - Regular Plan - ANNUAL IDCW OPTION,12.2066
2026-09-04,150234,BARODA BNP PARIBAS CORPORATE BOND FUND - Regular Plan - MONTHLY IDCW OPTION,10.4055
2026-09-04,150235,BARODA BNP PARIBAS CORPORATE BOND FUND - Regular Plan - GROWTH OPTION,29.4894
2026-09-04,150236,BARODA BNP PARIBAS Corporate Bond Fund - Direct Plan - Annual IDCW Option,12.5949
2026-09-04,150237,BARODA BNP PARIBAS Corporate Bond Fund - Direct Plan - Growth Option,31.4216
2026-09-04,150238,BARODA BNP PARIBAS Corporate Bond Fund - Direct Plan - Monthly IDCW Option,10.5813
2026-09-04,150239,BARODA BNP PARIBAS Corporate Bond Fund - Direct Plan - Quarterly IDCW Option,10.7145
2026-09-04,150250,BARODA BNP PARIBAS ARBITRAGE FUND- REGULAR PLAN- GROWTH OPTION,17.0848
2026-09-04,150251,BARODA BNP PARIBAS ARBITRAGE FUND-DIRECT PLAN-GROWTH OPTION,18.2158
2026-09-04,150252,BARODA BNP PARIBAS ARBITRAGE FUND -DIRECT PLAN - ADHOC IDCW OPTION,11.6398
2026-09-04,150253,BARODA BNP PARIBAS ARBITRAGE FUND-REGULAR PLAN- ADHOC IDCW OPTION,11.1500
2026-09-04,150254,BARODA BNP PARIBAS ARBITRAGE FUND REGULAR PLAN MONTHLY IDCW Option,10.6014
2026-09-04,150255,BARODA BNP PARIBAS ARBITRAGE FUND DIRECT PLAN MONTHLY IDCW Option,10.8227
2026-09-04,150256,BARODA BNP PARIBAS ARBITRAGE FUND DIRECT PLAN QUARTERLY IDCW Option,11.0063
2026-09-04,150257,BARODA BNP PARIBAS ARBITRAGE FUND REGULAR PLAN QUARTERLY IDCW Option,10.8280
2026-09-04,150258,Baroda BNP Paribas Aggressive Hybrid Fund- REGULAT PLAN -GROWTH OPTION,28.1426
2026-09-04,150259,Baroda BNP Paribas Aggressive Hybrid Fund -DIRECT PLAN- IDCW OPTION,17.9271
2026-09-04,150260,Baroda BNP Paribas Aggressive Hybrid Fund- DIRECT PLAN - GROWTH OPTION,32.7555
2026-09-04,150261,Baroda BNP Paribas Aggressive Hybrid Fund- REGULAR PLAN- IDCW OPTION,15.4064
2026-09-04,150262,BARODA BNP PARIBAS Focused Fund - Regular Plan - IDCW Option,13.9782
2026-09-04,150263,BARODA BNP PARIBAS Focused Fund - Regular Plan-Growth Option,21.2082
2026-09-04,150264,BARODA BNP PARIBAS Focused Fund - Direct Plan - Growth Option,24.5116
2026-09-04,150265,BARODA BNP PARIBAS Focused Fund - Direct Plan - IDCW Option,16.1199
2026-09-04,150266,BARODA BNP PARIBAS India Consumption Fund - Direct Plan - Growth Option,34.1324
2026-09-04,150267,BARODA BNP PARIBAS India Consumption Fund - Regular Plan - IDCW Option,18.7009
2026-09-04,150268,BARODA BNP PARIBAS India Consumption Fund - Regular Plan - Growth Option,30.3180
2026-09-04,150269,BARODA BNP PARIBAS India Consumption Fund - Direct Plan - IDCW Option,21.7196
2026-09-04,150308,ICICI PRUDENTIAL HOUSING OPPORTUNITIES FUND - Growth,17.31
2026-09-04,150309,ICICI PRUDENTIAL HOUSING OPPORTUNITIES FUND - IDCW,14.55
2026-09-04,150310,ICICI PRUDENTIAL HOUSING OPPORTUNITIES FUND - Direct Plan Growth,18.23
2026-09-04,150311,ICICI PRUDENTIAL HOUSING OPPORTUNITIES FUND - Direct Plan IDCW,15.46
2026-09-04,150312,UTI Nifty Midcap 150 Quality 50 Index Fund - Regular Plan - Growth Option,14.1091
2026-09-04,150313,UTI Nifty Midcap 150 Quality 50 Index Fund - Direct Plan - Growth Option,14.3946
2026-09-04,150314,Aditya Birla Sun Life Fixed Term Plan - Series TQ (1879 days) - Regular Plan - Growth Option,13.2461
2026-09-04,150315,Aditya Birla Sun Life Fixed Term Plan - Series TQ (1879 days) - Regular Plan - Payout of IDCW option,13.2460
2026-09-04,150316,Aditya Birla Sun Life Fixed Term Plan - Series TQ (1879 days) - Direct Plan - Growth Option,13.2933
2026-09-04,150326,Tata Nifty SDL Plus AAA PSU Bond Dec 6040 Index Fund- Direct Plan-Growth,13.3859
2026-09-04,150327,Tata Nifty SDL Plus AAA PSU Bond Dec 6040 Index Fund-Direct Plan-IDCW Payout,13.3859
2026-09-04,150328,Tata Nifty SDL Plus AAA PSU Bond Dec 6040 Index Fund-Direct Plan- IDCW Reinvestment,13.3859
2026-09-04,150329,Tata Nifty SDL Plus AAA PSU Bond Dec 6040 Index Fund-Regular Plan- IDCW Reinvestment,13.2284
2026-09-04,150330,Tata Nifty SDL Plus AAA PSU Bond Dec 6040 Index Fund-Regular Plan -Growth,13.2284
2026-09-04,150331,Tata Nifty SDL Plus AAA PSU Bond Dec 6040 Index Fund -Regular Plan-IDCW Payout,13.2284
2026-09-04,150340,Tata Nifty India Digital ETF Fund of Fund-Direct Plan-IDCW Payout,14.2237
2026-09-04,150341,Tata Nifty India Digital ETF Fund of Fund-Direct Plan- IDCW Reinvestment,14.2237
2026-09-04,150342,Tata Nifty India Digital ETF Fund of Fund-Regular Plan-IDCW Payout,13.9530
2026-09-04,150343,Tata Nifty India Digital ETF Fund of Fund-Regular Plan-IDCW Reinvestment,13.9530
2026-09-04,150344,Tata Nifty India Digital ETF Fund of Fund-Direct Plan-Growth,14.2237
2026-09-04,150345,Tata Nifty India Digital ETF Fund of Fund -Regular Plan-Growth,13.9530
2026-09-04,150346,WhiteOak Capital Flexi Cap Fund Direct Plan-Growth,19.326
2026-09-04,150347,WhiteOak Capital Flexi Cap Fund Regular Plan-Growth,18.221
2026-09-04,150348,WhiteOak Capital Flexi Cap Fund Regular Plan IDCW,18.221
2026-09-04,150349,WhiteOak Capital Flexi Cap Fund Direct Plan IDCW,19.326
2026-09-04,150350,Aditya Birla Sun Life Crisil IBX 60:40 SDL+AAA PSU-Apr 2027 Index Fund-Regular IDCW,13.0708
2026-09-04,150351,Aditya Birla Sun Life Crisil IBX 60:40 SDL+AAA PSU-Apr 2027 Index Fund-Regular Growth,13.0745
2026-09-04,150352,Aditya Birla Sun Life Crisil IBX 60:40 SDL+AAA PSU-Apr 2027 Index Fund-Direct IDCW,13.1735
2026-09-04,150353,Aditya Birla Sun Life Crisil IBX 60:40 SDL+AAA PSU-Apr 2027 Index Fund-Direct Growth,13.1713
2026-09-04,150358,Mirae Asset Nifty SDL Jun 2027 Index Fund - Direct Plan - Growth,13.2636
2026-09-04,150359,Mirae Asset Nifty SDL Jun 2027 Index Fund - Direct Plan - IDCW,13.2641
2026-09-04,150360,Mirae Asset Nifty SDL Jun 2027 Index Fund - Regular Plan - Growth,13.1690
2026-09-04,150361,Mirae Asset Nifty SDL Jun 2027 Index Fund - Regular Plan - IDCW,13.1696
2026-09-04,150366,NJ Arbitrage Fund - Regular Plan - Growth Option,12.7233
2026-09-04,150367,NJ Arbitrage Fund - Direct Plan - Growth Option,13.0930
2026-09-04,150368,NJ Overnight Fund - Regular Plan - Growth Option,1268.6417
2026-09-04,150369,NJ Overnight Fund - Direct Plan - Growth Option,1273.8479
2026-09-04,150376,Edelweiss Focused Fund - Direct Plan - Growth,17.814
2026-09-04,150382,Edelweiss Focused Fund - Regular Plan - Growth,16.674
2026-09-04,150383,Edelweiss Focused Fund - Direct Plan - IDCW,16.291
2026-09-04,150384,Edelweiss Focused Fund - Regular Plan - IDCW,15.156
2026-09-04,150385,Baroda BNP Paribas Flexi Cap Fund - Regular Plan - Growth Option,15.9937
2026-09-04,150386,Baroda BNP Paribas Flexi Cap Fund - Regular Plan - IDCW Option,13.3533
2026-09-04,150387,Baroda BNP Paribas Flexi Cap Fund - Direct Plan - Growth Option,16.9028
2026-09-04,150388,Baroda BNP Paribas Flexi Cap Fund - Direct Plan - IDCW Option,14.1163
2026-09-04,150389,Quantum Nifty 50 ETF FOF - Regular Plan - Growth,14.2211
2026-09-04,150390,Quantum Nifty 50 ETF FOF - Direct Plan - Growth,14.2911
2026-09-04,150391,LIC MF Money Market Fund-Direct Plan-IDCW,1301.8901
2026-09-04,150392,LIC MF Money Market Fund-Direct Plan-Growth,1301.8901
2026-09-04,150393,LIC MF Money Market Fund-Regular Plan-Growth,1281.9812
2026-09-04,150394,LIC MF Money Market Fund-Regular Plan-IDCW,1281.9812
2026-09-04,150401,BANDHAN MID CAP FUND - IDCW - DIRECT PLAN,20.632
2026-09-04,150402,BANDHAN MID CAP FUND - GROWTH - REGULAR PLAN,19.400
2026-09-04,150403,BANDHAN MID CAP FUND - IDCW - REGULAR PLAN,18.197
2026-09-04,150404,BANDHAN MID CAP FUND - GROWTH - DIRECT PLAN,20.651
2026-09-04,150405,Union Gilt Fund - Regular Plan - Growth Option,12.1792
2026-09-04,150406,Union Gilt Fund - Regular Plan - Annual IDCW Option,11.4565
2026-09-04,150407,Union Gilt Fund - Direct Plan - Growth Option,12.4221
2026-09-04,150408,Union Gilt Fund - Direct Plan - Annual IDCW Option,11.7335
2026-09-04,150409,UTI 10 year Constant Maturity Gilt Fund - Regular Plan - Growth Option,13.106
2026-09-04,150410,UTI 10 year Constant Maturity Gilt Fund - Direct Plan - Growth Option,13.3659
2026-09-04,150411,UTI 10 year Constant Maturity Gilt Fund - Regular Plan - Discontinued Quarterly IDCW Option,13.1061
2026-09-04,150412,UTI 10 year Constant Maturity Gilt Fund - Direct Plan - Discontinued Quarterly IDCW Option,13.3661
2026-09-04,150415,UTI 10 year Constant Maturity Gilt Fund - Direct Plan - Half Yearly IDCW Option,13.234
2026-09-04,150416,UTI 10 year Constant Maturity Gilt Fund - Regular Plan - Half Yearly IDCW Option,13.1058
2026-09-04,150419,UTI 10 year Constant Maturity Gilt Fund - Regular Plan - Annual IDCW Option,11.4075
2026-09-04,150420,UTI 10 year Constant Maturity Gilt Fund - Regular Plan - Discontinued Flexi IDCW Option,13.1055
2026-09-04,150423,UTI 10 year Constant Maturity Gilt Fund - Direct Plan - Annual IDCW Option,11.6525
2026-09-04,150424,UTI 10 year Constant Maturity Gilt Fund - Direct Plan - Discontinued Flexi IDCW Option,13.3659
2026-09-04,150427,DSP Nifty Midcap 150 Quality 50 Index Fund - Regular - Growth,14.4615
2026-09-04,150428,DSP Nifty Midcap 150 Quality 50 Index Fund - Direct - Growth,14.8468
2026-09-04,150429,DSP Nifty Midcap 150 Quality 50 Index Fund - Direct - IDCW,14.1041
2026-09-04,150430,DSP Nifty Midcap 150 Quality 50 Index Fund - Regular - IDCW,12.9921
2026-09-04,150439,quant Large Cap Fund - IDCW Option - Direct Plan,16.8718
2026-09-04,150440,quant Large Cap Fund - Growth Option - Direct Plan,16.8025
2026-09-04,150441,quant Large Cap Fund - Growth Option - Regular Plan,15.7668
2026-09-04,150442,quant Large Cap Fund - IDCW Option - Regular Plan,15.6795
2026-09-04,150443,Motilal Oswal BSE Financials ex Bank 30 Index Fund Direct Growth,18.1129
2026-09-04,150444,Motilal Oswal BSE Financials ex Bank 30 Index Fund Regular Growth,17.6126
2026-09-04,150445,Motilal Oswal BSE Healthcare ETF,51.6841
2026-09-04,150451,ICICI Prudential Nifty 200 Momentum 30 Index Fund - IDCW,16.2991
2026-09-04,150452,ICICI Prudential Nifty 200 Momentum 30 Index Fund - Direct Plan - Growth,16.7247
2026-09-04,150453,ICICI Prudential Nifty 200 Momentum 30 Index Fund - Direct Plan - IDCW,16.7222
2026-09-04,150454,ICICI Prudential Nifty 200 Momentum 30 Index Fund - Growth,16.2995
2026-09-04,150455,ICICI Prudential Nifty 200 Momentum 30 ETF,31.2891
2026-09-04,150456,Union Gilt Fund - Direct Plan - Half-yearly IDCW Option,12.0677
2026-09-04,150457,Union Gilt Fund - Regular Plan - Half-yearly IDCW Option,11.8229
2026-09-04,150466,ICICI Prudential Nifty IT Index Fund - Growth,10.6740
2026-09-04,150467,ICICI Prudential Nifty IT Index Fund - IDCW,10.6740
2026-09-04,150468,ICICI Prudential Nifty IT Index Fund - Direct Plan - Growth,10.9096
2026-09-04,150469,ICICI Prudential Nifty IT Index Fund - Direct Plan - IDCW,10.9149
2026-09-04,150470,Mirae Asset Balanced Advantage Fund - Direct Plan - Growth,15.559
2026-09-04,150471,Mirae Asset Balanced Advantage Fund - Direct Plan - IDCW,14.325
2026-09-04,150473,Mirae Asset Balanced Advantage Fund - Regular Plan - Growth,14.703
2026-09-04,150474,Mirae Asset Balanced Advantage Fund - Regular Plan - IDCW,13.547
2026-09-04,150476,HDFC NIFTY 100 ETF - Growth Option,25.9027
2026-09-04,150477,HDFC NIFTY NEXT 50 ETF - Growth Option,74.5762
2026-09-04,150478,Franklin India Balanced Advantage Fund- IDCW,13.4998
2026-09-04,150479,Franklin India Balanced Advantage Fund- IDCW- Direct,13.8149
2026-09-04,150480,Franklin India Balanced Advantage Fund- Growth,14.5153
2026-09-04,150481,Franklin India Balanced Advantage Fund- Growth- Direct,15.4765
2026-09-04,150482,Aditya Birla Sun Life Long Term Fund-Regular Growth,13.0769
2026-09-04,150483,Aditya Birla Sun Life Long Term Fund-Regular IDCW Payout,10.6715
2026-09-04,150484,Aditya Birla Sun Life Long Term Fund-Direct Growth,13.4150
2026-09-04,150485,Aditya Birla Sun Life Long Term Fund-Direct IDCW Payout,10.9524
2026-09-04,150487,Nippon India Nifty Alpha Low Volatility 30 Index Fund - Direct Plan - Growth Option,16.0957
2026-09-04,150488,Nippon India Nifty Alpha Low Volatility 30 Index Fund - Direct Plan - IDCW Option,16.0957
2026-09-04,150490,Nippon India Nifty Alpha Low Volatility 30 Index Fund - Regular Plan - Growth Option,15.7340
2026-09-04,150491,Nippon India Nifty Alpha Low Volatility 30 Index Fund - Regular Plan - IDCW Option,15.7340
2026-09-04,150492,Kotak Nifty India Consumption ETF,11.9558
2026-09-04,150497,Aditya Birla Sun Life Nifty 200 Quality 30 ETF,21.2326
2026-09-04,150498,Aditya Birla Sun Life Nifty 200 Momentum 30 ETF,31.1143
2026-09-04,150499,HSBC Overnight Fund - Unclaimed IDCW Below three years,1278.5694
2026-09-04,150500,HSBC Overnight Fund - Unclaimed Redemption above three years,1000
2026-09-04,150501,HSBC Overnight Fund - Unclaimed IDCW Above three years,1000
2026-09-04,150502,HSBC Overnight Fund - Unclaimed Redemption Below three years,1278.5893
2026-09-04,150503,Canara Robeco Banking and PSU Debt Fund- Regular Plan- Growth Option,12.7584
2026-09-04,150504,Canara Robeco Banking and PSU Debt Fund- Regular Plan- IDCW (Payout/ Reinvestment),10.7048
2026-09-04,150505,Canara Robeco Banking and PSU Debt Fund- Direct Plan- Growth Option,12.9159
2026-09-04,150507,Canara Robeco Banking and PSU Debt Fund- Direct Plan- IDCW Payout,10.8278
2026-09-04,150511,TRUSTMF MONEY MARKET FUND-REGULAR PLAN-GROWTH,1310.6986
2026-09-04,150512,TRUSTMF MONEY MARKET FUND-REGULAR PLAN-MONTHLY IDCW,1157.9791
2026-09-04,150513,TRUSTMF MONEY MARKET FUND-DIRECT PLAN-GROWTH,1321.9737
2026-09-04,150514,TRUSTMF MONEY MARKET FUND-DIRECT PLAN-MONTHLY IDCW,1168.4365
2026-09-04,150515,Navi Nifty India Manufacturing Index Fund- Direct Plan- Growth,19.7592
2026-09-04,150516,Navi Nifty India Manufacturing Index Fund- Regular Plan- Growth,19.1644
2026-09-04,150517,Motilal Oswal BSE Enhanced Value ETF,113.2395
2026-09-04,150518,Motilal Oswal BSE Enhanced Value Index Fund-Direct plan,27.4454
2026-09-04,150519,Motilal Oswal BSE Enhanced Value Index Fund-Regular plan,26.7059
2026-09-04,150520,Motilal Oswal BSE Quality ETF,198.4332
2026-09-04,150521,Motilal Oswal BSE Quality Index Fund-Direct plan,17.3972
2026-09-04,150522,Motilal Oswal BSE Quality Index Fund-Regular plan,16.9231
2026-09-04,150523,DSP Silver ETF,22.5066
2026-09-04,150526,ICICI Prudential Nifty Infrastructure ETF,94.7711
2026-09-04,150531,Kotak Nifty MNC ETF,33.1289
2026-09-04,150532,Tata Housing Opportunities Fund - Direct Plan - Growth,15.7939
2026-09-04,150533,Tata Housing Opportunities Fund - Direct Plan - IDCW Reinvestment,15.7939
2026-09-04,150534,Tata Housing Opportunities Fund - Direct Plan - IDCW Payout,15.7939
2026-09-04,150535,Tata Housing Opportunities Fund - Regular Plan - IDCW Payout,14.7532
2026-09-04,150536,Tata Housing Opportunities Fund - Regular Plan - IDCW Reinvestment,14.7532
2026-09-04,150537,Tata Housing Opportunities Fund - Regular Plan - Growth,14.7532
2026-09-04,150538,ICICI Prudential PSU Equity Fund - Growth,21.94
2026-09-04,150539,ICICI Prudential PSU Equity Fund - Direct Plan - Growth,23.15
2026-09-04,150540,ICICI Prudential PSU Equity Fund - IDCW,18.47
2026-09-04,150541,ICICI Prudential PSU Equity Fund - Direct Plan - IDCW,19.64
2026-09-04,150542,JM Short Term Fund (Regular) - Growth,12.7446
2026-09-04,150543,JM Short Term Fund (Regular) - IDCW,12.7452
2026-09-04,150544,JM Short Term Fund (Direct) - IDCW,13.1519
2026-09-04,150545,JM Short Term Fund (Direct) - Growth,13.1514
2026-09-04,150552,Union Retirement Fund - Regular Plan - Growth Option,16.61
2026-09-04,150553,Union Retirement Fund - Regular Plan - IDCW Option,16.61
2026-09-04,150554,Union Retirement Fund - Direct Plan - Growth Option,17.56
2026-09-04,150555,Union Retirement Fund - Direct Plan - IDCW Option,17.56
2026-09-04,150556,HDFC Silver ETF - Growth Option,223.1025
2026-09-04,150568,Sundaram Flexicap Fund Regular Growth,14.3340
2026-09-04,150569,Sundaram Flexicap Fund Regular Plan IDCW Payout,11.8506
2026-09-04,150570,Sundaram Flexicap Fund Regular Plan IDCW Reinvestment,11.8506
2026-09-04,150571,Sundaram Flexicap Fund Direct Growth,15.2243
2026-09-04,150572,Sundaram Flexicap Fund Direct Plan IDCW Reinvestment,12.5973
2026-09-04,150573,Sundaram Flexicap Fund Direct Plan IDCW Payout,12.5973
2026-09-04,150578,Edelweiss Gold and Silver ETF FOF - Direct Plan - IDCW,32.977
2026-09-04,150579,Edelweiss Gold and Silver ETF FOF - Regular Plan - Growth,34.128
2026-09-04,150580,Edelweiss Gold and Silver ETF FOF - Regular Plan - IDCW,32.435
2026-09-04,150581,Edelweiss Gold and Silver ETF FOF - Direct Plan - Growth,34.671
2026-09-04,150582,WhiteOak Capital Mid Cap Fund Direct Plan IDCW,23.628
2026-09-04,150583,WhiteOak Capital Mid Cap Fund Regular Plan Growth,22.225
2026-09-04,150584,WhiteOak Capital Mid Cap Fund Direct Plan Growth,23.628
2026-09-04,150585,WhiteOak Capital Mid Cap Fund Regular Plan IDCW,22.225
2026-09-04,150586,WhiteOak Capital ELSS Tax Saver Fund Direct Plan IDCW,19.438
2026-09-04,150587,WhiteOak Capital ELSS Tax Saver Fund Direct Plan Growth,19.438
2026-09-04,150588,WhiteOak Capital ELSS Tax Saver Fund Regular Plan IDCW,18.190
2026-09-04,150589,WhiteOak Capital ELSS Tax Saver Fund Regular Plan Growth,18.190
2026-09-04,150590,BANDHAN NIFTY200 MOMENTUM 30 INDEX FUND - IDCW - DIRECT PLAN,15.6704
2026-09-04,150591,BANDHAN NIFTY200 MOMENTUM 30 INDEX FUND - GROWTH - DIRECT PLAN,15.6970
2026-09-04,150592,BANDHAN NIFTY200 MOMENTUM 30 INDEX FUND - GROWTH - REGULAR PLAN,15.3110
2026-09-04,150593,BANDHAN NIFTY200 MOMENTUM 30 INDEX FUND - IDCW - REGULAR PLAN,15.3104
2026-09-04,150594,Mirae Asset Global Electric & Autonomous Vehicles Equity Passive FOF - Regular Plan - Growth,16.017
2026-09-04,150595,Mirae Asset Global Electric & Autonomous Vehicles Equity Passive FOF - Direct Plan - Growth,16.274
2026-09-04,150596,Mirae Asset Global X Artificial Intelligence & Technology ETF Fund of Fund - Regular Plan - Growth,35.461
2026-09-04,150597,Mirae Asset Global X Artificial Intelligence & Technology ETF Fund of Fund - Direct Plan- Growth,35.688
2026-09-04,150610,Axis Silver ETF,231.9844
2026-09-04,150615,Axis Silver Fund of Fund- Direct Plan-Growth Option,39.9713
2026-09-04,150616,Axis Silver Fund of Fund- Direct Plan - IDCW Option,39.9708
2026-09-04,150617,Axis Silver Fund of Fund -Regular Plan- Growth Option,39.1639
2026-09-04,150618,Axis Silver Fund of Fund - Regular Plan - IDCW Option,39.1625
2026-09-04,150619,HDFC NIFTY 50 VALUE 20 ETF - Growth Option,125.3858
2026-09-04,150620,HDFC NIFTY100 QUALITY 30 ETF - Growth Option,58.4789
2026-09-04,150621,HDFC NIFTY GROWTH SECTORS 15 ETF - Growth Option,118.4855
2026-09-04,150622,Kotak Business Cycle Fund-Regular Plan-IDCW option,16.216
2026-09-04,150624,Kotak Business Cycle - Direct Plan - Growth,18.503
2026-09-04,150625,Kotak Business Cycle Fund-Direct Plan-IDCW option,17.197
2026-09-04,150626,Kotak Business Cycle Fund-Regular Plan--Growth,17.447
2026-09-04,150627,Nippon India Fixed Maturity Plan-XLIV-Series 1-Direct Plan-Growth Option,13.4171
2026-09-04,150628,Nippon India Fixed Maturity Plan-XLIV-Series 1-Direct Plan-Payout of IDCW,13.4171
2026-09-04,150629,Nippon India Fixed Maturity Plan-XLIV-Series 1-Regular Plan-Growth Option,13.3113
2026-09-04,150630,Nippon India Fixed Maturity Plan-XLIV-Series 1-Regular Plan-Payout of IDCW,13.3113
2026-09-04,150631,Samco Overnight Fund - Direct Plan - Growth Option,1255.9401
2026-09-04,150632,Samco Overnight Fund - Regular Plan - Growth Option,1245.5362
2026-09-04,150633,BANDHAN NIFTY100 LOW VOLATILITY 30 INDEX FUND - GROWTH - REGULAR PLAN,15.2959
2026-09-04,150634,BANDHAN NIFTY100 LOW VOLATILITY 30 INDEX FUND - IDCW - DIRECT PLAN,15.6472
2026-09-04,150635,BANDHAN NIFTY100 LOW VOLATILITY 30 INDEX FUND - IDCW - REGULAR PLAN,15.2955
2026-09-04,150636,BANDHAN NIFTY100 LOW VOLATILITY 30 INDEX FUND - GROWTH - DIRECT PLAN,15.7251
2026-09-04,150637,ICICI Prudential Nifty50 Equal Weight Index Fund- Growth,16.6308
2026-09-04,150638,ICICI Prudential Nifty50 Equal Weight Index Fund- IDCW,16.6306
2026-09-04,150639,ICICI Prudential Nifty50 Equal Weight Index Fund- Direct Plan - Growth,17.0350
2026-09-04,150640,ICICI Prudential Nifty50 Equal Weight Index Fund- Direct Plan - IDCW,17.0347
2026-09-04,150641,Motilal Oswal Gold and Silver Passive Fund of Funds(Regular Plan),30.8435
2026-09-04,150642,Motilal Oswal Gold and Silver Passive Fund of Funds(Direct Plan),31.2663
2026-09-04,150643,ICICI Prudential Nifty Auto Index Fund - Direct Plan - Growth,22.4196
2026-09-04,150644,ICICI Prudential Nifty Auto Index Fund - Direct Plan - IDCW,22.4195
2026-09-04,150645,ICICI Prudential Nifty Auto Index Fund - Growth,21.9412
2026-09-04,150646,ICICI Prudential Nifty Auto Index Fund - IDCW,21.9416
2026-09-04,150657,HDFC NIFTY200 MOMENTUM 30 ETF - Growth Option,31.0124
2026-09-04,150658,HDFC NIFTY100 Low Volatility 30 ETF - Growth Option,20.4788
2026-09-04,150659,LIC MF Multi Cap Fund-Direct Plan-Growth,19.8186
2026-09-04,150660,LIC MF Multi Cap Fund-Direct Plan-IDCW,19.8186
2026-09-04,150661,LIC MF Multi Cap Fund-Regular Plan-Growth,18.6363
2026-09-04,150662,LIC MF Multi Cap Fund-Regular Plan-IDCW,18.6363
2026-09-04,150671,Edelweiss CRISIL IBX 50:50 Gilt Plus SDL April 2037 Index Fund - Direct Plan - Growth,13.468
2026-09-04,150672,SBI Nifty Midcap 150 Index Fund - Regular Plan - Growth,19.8103
2026-09-04,150673,SBI Nifty Midcap 150 Index Fund - Direct Plan - Growth,20.2066
2026-09-04,150674,SBI Nifty Midcap 150 Index Fund - Regular Plan - Income Distribution cum Capital Withdrawal Option (IDCW),19.8106
2026-09-04,150675,SBI Nifty Midcap 150 Index Fund - Direct Plan - Income Distribution cum Capital Withdrawal Option (IDCW),20.2059
2026-09-04,150676,SBI Nifty Smallcap 250 Index Fund - Regular Plan - Growth,19.7679
2026-09-04,150677,SBI Nifty Smallcap 250 Index Fund - Direct Plan - Growth,20.1714
2026-09-04,150678,SBI Nifty Smallcap 250 Index Fund - Direct Plan - Income Distribution cum Capital Withdrawal Option (IDCW),20.1709
2026-09-04,150679,SBI Nifty Smallcap 250 Index Fund - Regular Plan - Income Distribution cum Capital Withdrawal Option (IDCW),19.7685
2026-09-04,150680,SBI CRISIL IBX Gilt Index - June 2036 Fund - Regular Plan - Income Distribution cum Capital Withdrawal Option (IDCW),13.4120
2026-09-04,150681,SBI |CRISIL IBX Gilt Index - June 2036 Fund - Direct Plan - Growth,13.5389
2026-09-04,150682,SBI CRISIL IBX Gilt Index - June 2036 Fund - Direct Plan - Income Distribution cum Capital Withdrawal Option (IDCW),13.5389
2026-09-04,150683,SBI CRISIL IBX Gilt Index - June 2036 Fund - Regular Plan - Growth,13.4116
2026-09-04,150684,ICICI PRUDENTIAL TRANSPORTATION AND LOGISTICS FUND - Growth,22.31
2026-09-04,150685,ICICI PRUDENTIAL TRANSPORTATION AND LOGISTICS FUND - Direct Plan - Growth,23.39
2026-09-04,150686,ICICI PRUDENTIAL TRANSPORTATION AND LOGISTICS FUND - IDCW,18.92
2026-09-04,150687,ICICI PRUDENTIAL TRANSPORTATION AND LOGISTICS FUND - Direct Plan - IDCW,19.95
2026-09-04,150688,Aditya Birla Sun Life Multi-Asset Passive FOF-Direct Growth,17.8769
2026-09-04,150689,Aditya Birla Sun Life Multi-Asset Passive FOF-Direct IDCW,17.8777
2026-09-04,150690,Aditya Birla Sun Life Multi-Asset Passive FOF-Regular Growth,17.6526
2026-09-04,150691,Aditya Birla Sun Life Multi-Asset Passive FOF-Regular IDCW,17.6527
2026-09-04,150702,Aditya Birla Sun Life Crisil IBX 50:50 Gilt Plus SDL Apr 2028 Index Fund-Direct Growth,13.3732
2026-09-04,150703,Aditya Birla Sun Life Crisil IBX 50:50 Gilt Plus SDL Apr 2028 Index Fund-Regular Growth,13.2935
2026-09-04,150704,Aditya Birla Sun Life Crisil IBX 50:50 Gilt Plus SDL APR 2028 Index Fund-Direct IDCW,13.3709
2026-09-04,150705,Aditya Birla Sun Life Crisil IBX 50:50 Gilt Plus SDL Apr 2028 Index Fund-Regular IDCW,13.2947
2026-09-04,150706,SBI CRISIL IBX Gilt Index - April 2029 Fund - Direct Plan - Growth,13.4190
2026-09-04,150707,SBI CRISIL IBX Gilt Index - April 2029 Fund - Regular Plan - Growth,13.2982
2026-09-04,150708,SBI CRISIL IBX Gilt Index - April 2029 Fund - Direct Plan - Income Distribution cum Capital Withdrawal Option (IDCW),13.4191
2026-09-04,150709,SBI CRISIL IBX Gilt Index - April 2029 Fund - Regular Plan - Income Distribution cum Capital Withdrawal Option (IDCW),13.2991
2026-09-04,150710,SBI CRISIL IBX SDL Index - September 2027 Fund - Regular Plan - Income Distribution cum Capital Withdrawal Option (IDCW),13.2002
2026-09-04,150711,SBI CRISIL IBX SDL Index - September 2027 Fund - Direct Plan - Growth,13.2893
2026-09-04,150712,SBI CRISIL IBX SDL Index - September 2027 Fund - Regular Plan - Growth,13.1997
2026-09-04,150713,SBI CRISIL IBX SDL Index - September 2027 Fund - Direct Plan - Income Distribution cum Capital Withdrawal Option (IDCW),13.2953
2026-09-04,150714,UTI Gold ETF Fund of Fund - Direct Plan - Growth Option,29.5964
2026-09-04,150715,UTI Gold ETF Fund of Fund - Regular Plan - Growth Opton,29.1172
2026-09-04,150716,BANDHAN TRANSPORTATION AND LOGISTICS FUND - GROWTH - DIRECT PLAN,21.822
2026-09-04,150717,BANDHAN TRANSPORTATION AND LOGISTICS FUND - GROWTH - REGULAR PLAN,20.538
2026-09-04,150718,BANDHAN TRANSPORTATION AND LOGISTICS FUND - IDCW - REGULAR PLAN,19.226
2026-09-04,150719,BANDHAN TRANSPORTATION AND LOGISTICS FUND - IDCW - DIRECT PLAN,21.795
2026-09-04,150720,Edelweiss CRISIL IBX 50:50 Gilt Plus SDL April 2037 Index Fund - Regular Plan - Growth,13.3217
2026-09-04,150721,Edelweiss CRISIL IBX 50:50 Gilt Plus SDL April 2037 Index Fund - Regular Plan - IDCW Option,12.326
2026-09-04,150722,Edelweiss CRISIL IBX 50:50 Gilt Plus SDL April 2037 Index Fund - Direct Plan - IDCW Option,12.4717
2026-09-04,150723,Kotak Nifty SDL Plus AAA PSU Bond Jul 2028 60:40 Index Fund Regular Plan - Growth,13.1967
2026-09-04,150724,Kotak Nifty SDL Plus AAA PSU Bond Jul 2028 60:40 Index Fund Regular Plan - IDCW,13.1925
2026-09-04,150725,Kotak Nifty SDL Plus AAA PSU Bond Jul 2028 60:40 Index Fund Direct Plan - Growth,13.2965
2026-09-04,150726,Kotak Nifty SDL Plus AAA PSU Bond Jul 2028 60:40 Index Fund Direct Plan - IDCW,13.2966
2026-09-04,150727,Edelweiss CRISIL IBX 50:50 Gilt Plus SDL June 2027 Index Fund - Direct Plan - Growth,13.2459
2026-09-04,150728,ICICI Prudential Nifty SDL Dec 2028 Index Fund - Growth,13.3212
2026-09-04,150729,ICICI Prudential Nifty SDL Dec 2028 Index Fund - Direct Plan - Growth,13.4133
2026-09-04,150730,ICICI Prudential Nifty SDL Dec 2028 Index Fund - Direct Plan - Annual IDCW,13.4137
2026-09-04,150731,ICICI Prudential Nifty SDL Dec 2028 Index Fund - Annual IDCW,13.3212
2026-09-04,150732,ICICI Prudential Nifty G-Sec Dec 2030 Index Fund - Growth,13.3784
2026-09-04,150733,ICICI Prudential Nifty G-Sec Dec 2030 Index Fund - Direct Plan - Growth,13.4755
2026-09-04,150734,ICICI Prudential Nifty G-Sec Dec 2030 Index Fund - Annual IDCW,13.3785
2026-09-04,150735,ICICI Prudential Nifty G-Sec Dec 2030 Index Fund - Direct Plan - Annual IDCW,13.4747
2026-09-04,150736,HDFC Silver ETF Fund of Fund - Growth Option,37.9033
2026-09-04,150737,HDFC Silver ETF Fund of Fund - Growth Option - Direct Plan,38.4496
2026-09-04,150738,Tata Nifty Midcap 150 Momentum 50 Index Fund - Growth - Direct Plan,18.6930
2026-09-04,150739,Tata Nifty Midcap 150 Momentum 50 Index Fund - IDCW Reinvestment - Direct Plan,18.6930
2026-09-04,150740,Tata Nifty Midcap 150 Momentum 50 Index Fund - IDCW Payout - Direct Plan,18.6930
2026-09-04,150741,Tata Nifty Midcap 150 Momentum 50 Index Fund - Growth - Regular Plan,18.1841
2026-09-04,150742,Tata Nifty Midcap 150 Momentum 50 Index Fund - IDCW Payout - Regular Plan,18.1841
2026-09-04,150743,Tata Nifty Midcap 150 Momentum 50 Index Fund - IDCW Reinvestment - Regular Plan,18.1841
2026-09-04,150748,Axis NASDAQ 100 US Specific Equity Passive FOF - Regular Plan - IDCW,29.0709
2026-09-04,150749,Axis NASDAQ 100 US Specific Equity Passive FOF - Direct Plan - IDCW,29.4919
2026-09-04,150750,Axis NASDAQ 100 US Specific Equity Passive FOF - Regular Plan - Growth,29.0711
2026-09-04,150751,Axis NASDAQ 100 US Specific Equity Passive FOF - Direct Plan - Growth,29.4920
2026-09-04,150770,Edelweiss CRISIL IBX 50:50 Gilt Plus SDL June 2027 Index Fund - Direct Plan - IDCW,12.4413
2026-09-04,150771,Edelweiss CRISIL IBX 50:50 Gilt Plus SDL June 2027 Index Fund - Regular Plan - Growth,13.1206
2026-09-04,150772,Edelweiss CRISIL IBX 50:50 Gilt Plus SDL June 2027 Index Fund - Regular Plan - IDCW,12.3167
2026-09-04,150777,Aditya Birla Sun Life Crisil IBX Gilt-Apr 2029 Index Fund-Regular Growth,13.3832
2026-09-04,150778,Aditya Birla Sun Life Crisil IBX Gilt-Apr-2029 Index Fund-Direct Growth,13.4679
2026-09-04,150779,Aditya Birla Sun Life Crisil IBX Gilt-Apr 2029 Index Fund-Regular IDCW,10.6744
2026-09-04,150780,Aditya Birla Sun Life Crisil IBX Gilt-Apr 2029 Index Fund-Direct IDCW,10.7761
2026-09-04,150789,Mirae Asset CRISIL IBX Gilt Index - April 2033 Index Fund - Direct Plan - IDCW,13.5165
2026-09-04,150790,Mirae Asset CRISIL IBX Gilt Index - April 2033 Index Fund - Regular Plan - Growth,13.3707
2026-09-04,150791,Mirae Asset CRISIL IBX Gilt Index - April 2033 Index Fund - Regular Plan - IDCW,13.3716
2026-09-04,150792,Mirae Asset CRISIL IBX Gilt Index - April 2033 Index Fund - Direct Plan - Growth,13.5206
2026-09-04,150797,WhiteOak Capital Large Cap Fund Direct Plan Growth,15.906
2026-09-04,150798,WhiteOak Capital Large Cap Fund Direct Plan IDCW,15.906
2026-09-04,150799,WhiteOak Capital Large Cap Fund Regular Plan Growth,14.948
2026-09-04,150800,WhiteOak Capital Large Cap Fund Regular Plan IDCW,14.948
2026-09-04,150801,HDFC NIFTY IT ETF - Growth option,32.82
2026-09-04,150802,HDFC NIFTY Private Bank ETF - Growth Option,28.4006
2026-09-04,150803,HDFC Business Cycle Fund - Growth Option,15.465
2026-09-04,150804,HDFC Business Cycle Fund - IDCW Option - Direct Plan,16.185
2026-09-04,150805,HDFC Business Cycle Fund - Growth Option - Direct Plan,16.185
2026-09-04,150806,HDFC Business Cycle Fund - IDCW Option,15.465
2026-09-04,150807,Edelweiss CRISIL IBX 50:50 Gilt Plus SDL Sep 2028 Index Fund - Direct Plan - Growth,13.295
2026-09-04,150812,JM Mid Cap Fund (Regular) - Growth,21.3263
2026-09-04,150813,JM Mid Cap Fund (Regular) - IDCW,21.3263
2026-09-04,150814,JM Mid Cap Fund (Direct) - IDCW,22.7599
2026-09-04,150815,JM Mid Cap Fund (Direct) - Growth,22.76
2026-09-04,150816,Canara Robeco Mid Cap Fund- Regular Plan- Growth Option,18.5700
2026-09-04,150817,Canara Robeco Mid Cap Fund- Direct Plan- Growth Option,19.5600
2026-09-04,150818,Canara Robeco Mid Cap Fund- Direct Plan- IDCW,18.0100
2026-09-04,150819,Canara Robeco Mid Cap Fund- Regular Plan- IDCW,17.0800
2026-09-04,150820,Kotak Income Plus Arbitrage Omni  FOF-Regular Plan-Growth,13.1568
2026-09-04,150821,Kotak Income Plus Arbitrage Omni FOF-Regular Plan-IDCW,13.1565
2026-09-04,150822,Kotak Income Plus Arbitrage Omni FOF-Direct Plan-Growth,13.2339
2026-09-04,150823,Kotak Income Plus Arbitrage Omni FOF-Direct Plan-IDCW,13.234
2026-09-04,150824,Nippon India Nifty SDL Plus G-Sec - Jun 2028 Maturity 70:30 Index Fund-Direct Plan-Growth Option,13.1613
2026-09-04,150825,Nippon India Nifty SDL Plus G-Sec - Jun 2028 Maturity 70:30 Index Fund-Regular Plan-Growth Option,13.0623
2026-09-04,150826,Nippon India Nifty SDL Plus G-Sec - Jun 2028 Maturity 70:30 Index Fund-Direct Plan-IDCW Option,13.1613
2026-09-04,150827,Nippon India Nifty SDL Plus G-Sec - Jun 2028 Maturity 70:30 Index Fund-Regular Plan IDCW Option,13.0623
2026-09-04,150838,Samco ELSS Tax Saver Fund - Direct Plan - Growth Option,13.89
2026-09-04,150839,Samco ELSS Tax Saver Fund - Regular Plan - Growth Option,13.18
2026-09-04,150842,DSP FMP Series - 267 - 1172 Days - Direct - Growth,13.0459
2026-09-04,150843,DSP FMP Series - 267 - 1172 Days - Regular - Growth,12.9924
2026-09-04,150844,HDFC Nifty G-Sec Dec 2026 Index Fund - Growth Option,12.9643
2026-09-04,150845,HDFC Nifty G-Sec Dec 2026 Index Fund - Growth Option - Direct Plan,13.0396
2026-09-04,150846,HDFC Nifty G-Sec July 2031 Index Fund - Growth Option,13.3368
2026-09-04,150847,HDFC Nifty G-Sec July 2031 Index Fund - Growth Option - Direct Plan,13.4195
2026-09-04,150848,Edelweiss CRISIL IBX 50:50 Gilt Plus SDL Sep 2028 Index Fund - Regular Plan - Growth,13.1639
2026-09-04,150849,Edelweiss CRISIL IBX 50:50 Gilt Plus SDL Sep 2028 Index Fund - Regular Plan - IDCW,12.3607
2026-09-04,150850,Edelweiss CRISIL IBX 50:50 Gilt Plus SDL Sep 2028 Index Fund - Direct Plan - IDCW,12.492
2026-09-04,150851,Axis Nifty SDL September 2026 Debt Index Fund - Regular Plan - Growth,12.9606
2026-09-04,150852,Axis Nifty SDL September 2026 Debt Index Fund - Direct Plan - IDCW,13.0212
2026-09-04,150853,Axis Nifty SDL September 2026 Debt Index Fund - Regular Plan -  IDCW,12.9592
2026-09-04,150854,Axis Nifty SDL September 2026 Debt Index Fund - Direct Plan - Growth,13.0212
2026-09-04,150855,Union Multicap Fund - Regular Plan - Growth Option,17.69
2026-09-04,150856,Union Multicap Fund - Regular Plan - IDCW Option,17.69
2026-09-04,150857,Union Multicap Fund - Direct Plan - IDCW Option,18.55
2026-09-04,150858,Union Multicap Fund - Direct Plan - Growth Option,18.55
2026-09-04,150863,Baroda BNP Paribas Multi Asset Fund - Regular Plan - Growth Option,16.3331
2026-09-04,150864,Baroda BNP Paribas Multi Asset Fund - Regular Plan - IDCW Option,14.2750
2026-09-04,150865,Baroda BNP Paribas Multi Asset Fund - Direct Plan - Growth Option,17.1773
2026-09-04,150866,Baroda BNP Paribas Multi Asset Fund - Direct Plan - IDCW Option,15.2845
2026-09-04,150867,BANDHAN CRISIL IBX 90:10 SDL PLUS GILT - NOV 2026 INDEX FUND - DIRECT IDCW,10.6378
2026-09-04,150868,BANDHAN CRISIL IBX 90:10 SDL PLUS GILT - NOV 2026 INDEX FUND - DIRECT GROWTH,13.0670
2026-09-04,150869,BANDHAN CRISIL IBX 90:10 SDL PLUS GILT - NOV 2026 INDEX FUND - REGULAR GROWTH,12.9430
2026-09-04,150870,BANDHAN CRISIL IBX 90:10 SDL PLUS GILT - NOV 2026 INDEX FUND - REGULAR IDCW,10.4874
2026-09-04,150871,BANDHAN CRISIL IBX 90:10 SDL PLUS GILT APRIL 2032 INDEX FUND - DIRECT GROWTH,13.2593
2026-09-04,150872,BANDHAN CRISIL IBX 90:10 SDL PLUS GILT APRIL 2032 INDEX FUND - DIRECT IDCW,10.8606
2026-09-04,150873,BANDHAN CRISIL IBX 90:10 SDL PLUS GILT APRIL 2032 INDEX FUND - REGULAR GROWTH,13.1725
2026-09-04,150874,BANDHAN CRISIL IBX 90:10 SDL PLUS GILT APRIL 2032 INDEX FUND - REGULAR IDCW,10.7913
2026-09-04,150879,ICICI Prudential Nifty Financial Services Ex-BaNk ETF,32.9320
2026-09-04,150888,BANDHAN CRISIL IBX 90:10 SDL PLUS GILT - SEP27 INDEX FUND - DIRECT GROWTH,13.1772
2026-09-04,150889,BANDHAN CRISIL IBX 90:10 SDL PLUS GILT SEP27 INDEX FUND - DIRECT IDCW,10.5801
2026-09-04,150890,BANDHAN CRISIL IBX 90:10 SDL PLUS GILT SEP27 INDEX FUND - REGULAR GROWTH,13.0532
2026-09-04,150891,BANDHAN CRISIL IBX 90:10 SDL PLUS GILT SEP27 INDEX FUND - REGULAR IDCW,10.5656
2026-09-04,150892,Edelweiss Nifty Smallcap 250 Index Fund - Direct Plan - Growth,19.2779
2026-09-04,150893,Edelweiss Nifty Smallcap 250 Index Fund - Regular Plan - IDCW,17.5471
2026-09-04,150894,Edelweiss Nifty Smallcap 250 Index Fund - Regular Plan - Growth,18.792
2026-09-04,150895,Edelweiss Nifty Smallcap 250 Index Fund - Direct Plan - IDCW,18.0328
2026-09-04,150896,Edelweiss Nifty Next 50 Index Fund - Direct Plan - IDCW,17.0355
2026-09-04,150897,Edelweiss Nifty Next 50 Index Fund - Regular Plan - Growth,16.5859
2026-09-04,150898,Edelweiss Nifty Next 50 Index Fund - Regular Plan - IDCW,16.5858
2026-09-04,150899,Edelweiss Nifty Next 50 Index Fund - Direct Plan - Growth,17.0359
2026-09-04,150900,Edelweiss Nifty Midcap150 Momentum 50 Index Fund - Regular Plan - Growth,18.3045
2026-09-04,150901,Edelweiss Nifty Midcap150 Momentum 50 Index Fund - Regular Plan - IDCW,18.3046
2026-09-04,150902,Edelweiss Nifty Midcap150 Momentum 50 Index Fund - Direct Plan - Growth,18.791
2026-09-04,150903,Edelweiss Nifty Midcap150 Momentum 50 Index Fund - Direct Plan - IDCW,18.794
2026-09-04,150904,Nippon India Nifty G-Sec Sep 2027 Maturity Index Fund-Regular Plan-Growth Option,12.8829
2026-09-04,150905,Nippon India Nifty G-Sec Sep 2027 Maturity Index Fund-Regular Plan-IDCW Option,12.8829
2026-09-04,150906,Nippon India Nifty G-Sec Sep 2027 Maturity Index Fund-Direct Plan-Growth Option,12.9831
2026-09-04,150907,Nippon India Nifty G-Sec Sep 2027 Maturity Index Fund-Direct Plan-IDCW Option,12.9831
2026-09-04,150912,Mahindra Manulife Small Cap Fund - Regular Plan - Growth,22.8557
2026-09-04,150913,Mahindra Manulife Small Cap Fund - Direct Plan - IDCW,23.2654
2026-09-04,150914,Mahindra Manulife Small Cap Fund - Regular Plan - IDCW,21.9078
2026-09-04,150915,Mahindra Manulife Small Cap Fund - Direct Plan - Growth,24.2195
2026-09-04,150920,Nippon India Nifty G-Sec Jun 2036 Maturity Index Fund-Direct Plan-Growth Option,13.2566
2026-09-04,150921,Nippon India Nifty G-Sec Jun 2036 Maturity Index fund-Direct Plan-IDCW Option,13.2566
2026-09-04,150922,Nippon India Nifty G-Sec Jun 2036 Maturity Index Fund-Regular Plan-IDCW Option,13.1479
2026-09-04,150923,Nippon India Nifty G-Sec Jun 2036 Maturity Index Fund-Regular Plan-Growth Option,13.1479
2026-09-04,150928,ICICI Prudential Nifty Pharma Index Fund - Direct Plan - IDCW,20.5092
2026-09-04,150929,ICICI Prudential Nifty Pharma Index Fund - Growth,20.0274
2026-09-04,150930,ICICI Prudential Nifty Pharma Index Fund - Direct Plan - Growth,20.5082
2026-09-04,150931,ICICI Prudential Nifty Pharma Index Fund - IDCW,20.0274
2026-09-04,150948,Kotak Silver ETF,22.6464
2026-09-04,150987,BHARAT Bond ETF - April 2033,1309.1483
2026-09-04,150988,BHARAT Bond ETF FOF - April 2033 - Regular Plan - IDCW,13.1234
2026-09-04,150989,BHARAT Bond ETF FOF - April 2033 - Direct Plan - Growth,13.1235
2026-09-04,150990,BHARAT Bond ETF FOF - April 2033 - Direct Plan - IDCW,13.1235
2026-09-04,150991,BHARAT Bond ETF FOF - April 2033 - Regular Plan - Growth,13.1235
2026-09-04,150992,HSBC Corporate Bond Fund - Regular Growth,77.9893
2026-09-04,150993,HSBC Corporate Bond Fund - Regular Quarterly IDCW,10.9239
2026-09-04,150994,HSBC Corporate Bond Fund - Regular Semi Annual IDCW,16.79
2026-09-04,150995,HSBC Corporate Bond Fund -Regular Plan - Bonus,29.6245
2026-09-04,150996,HSBC Corporate Bond Fund - Direct Growth,83.3469
2026-09-04,150997,HSBC Corporate Bond Fund - Direct Semi Annual IDCW,20.1452
2026-09-04,150998,HSBC Corporate Bond Fund - Direct Quarterly IDCW,11.3493
2026-09-04,151000,HSBC Corporate Bond Fund - Direct Annual IDCW,11.8387
2026-09-04,151001,HSBC Corporate Bond Fund - Regular Annual IDCW,11.5443
2026-09-04,151012,HSBC Gilt Fund - Regular Quarterly IDCW,10.1881
2026-09-04,151013,HSBC Gilt Fund - Regular Growth,66.6338
2026-09-04,151014,HSBC Gilt Fund - Direct Growth,77.4058
2026-09-04,151015,HSBC Gilt Fund - Direct Quarterly IDCW,11.9506
2026-09-04,151033,HSBC Midcap Fund - Regular IDCW,82.2969
2026-09-04,151034,HSBC Midcap Fund - Regular Growth,476.4343
2026-09-04,151035,HSBC Midcap Fund - Direct IDCW,96.1501
2026-09-04,151036,HSBC Midcap Fund - Direct Growth,544.9462
2026-09-04,151037,HSBC Infrastructure Fund - Regular Growth,50.9663
2026-09-04,151038,HSBC Infrastructure Fund - Regular IDCW,36.9272
2026-09-04,151039,HSBC Infrastructure Fund - Direct IDCW,41.5639
2026-09-04,151040,HSBC Infrastructure Fund - Direct Growth,57.9734
2026-09-04,151041,HSBC Credit Risk Fund- Regular Plan - Bonus,34.0291
2026-09-04,151042,HSBC Credit Risk Fund - Regular IDCW,11.2065
2026-09-04,151043,HSBC Credit Risk Fund - Regular Growth,34.5762
2026-09-04,151044,HSBC Credit Risk Fund - Direct IDCW,12.3166
2026-09-04,151045,HSBC Credit Risk Fund - Direct Growth,37.7919
2026-09-04,151046,HSBC Credit Risk Fund - Regular Annual IDCW,12.5385
2026-09-04,151047,HSBC Credit Risk Fund - Direct Annual IDCW,13.7069
2026-09-04,151048,HSBC Money Market Fund - Regular Growth,28.4419
2026-09-04,151049,HSBC Money Market Fund - Regular Daily IDCW,10.8591
2026-09-04,151050,HSBC Money Market Fund - Regular Weekly IDCW,13.1111
2026-09-04,151051,HSBC Money Market Fund - Regular Monthly IDCW,11.5744
2026-09-04,151052,HSBC Money Market Fund - Direct Monthly IDCW,12.2264
2026-09-04,151053,HSBC Money Market Fund - Direct Weekly IDCW,13.1982
2026-09-04,151054,HSBC Money Market Fund - Direct Growth,29.8971
2026-09-04,151055,HSBC Money Market Fund - Direct Daily IDCW,10.8591
2026-09-04,151056,HSBC Equity Savings Fund - Regular Monthly IDCW,15.3676
2026-09-04,151057,HSBC Equity Savings Fund - Regular Quarterly IDCW,16.4901
2026-09-04,151058,HSBC Equity Savings Fund - Regular Growth,36.7544
2026-09-04,151059,HSBC Equity Savings Fund - Direct Quarterly IDCW,18.3967
2026-09-04,151060,HSBC Equity Savings Fund - Direct Growth,41.1693
2026-09-04,151061,HSBC Equity Savings Fund - Direct Monthly IDCW,17.5735
2026-09-04,151062,HSBC Short Duration Fund - Bonus,28.1788
2026-09-04,151063,HSBC Short Duration Fund -  Regular Plan - Monthly IDCW,11.069
2026-09-04,151064,HSBC Short Duration Fund - Regular Quarterly IDCW,10.4217
2026-09-04,151065,HSBC Short Duration Fund - Regular Growth,28.1799
2026-09-04,151067,HSBC Short Duration Fund - Direct Growth,29.9902
2026-09-04,151068,HSBC Short Duration Fund - Direct Plan -  Monthly IDCW,11.7405
2026-09-04,151069,HSBC Short Duration Fund - Direct Quarterly IDCW,11.2866
2026-09-04,151070,HSBC Short Duration Fund - Direct Annual IDCW,12.2613
2026-09-04,151071,HSBC Short Duration Fund - Regular Annual IDCW,11.6697
2026-09-04,151076,HSBC ELSS Tax saver Fund - Regular Growth,142.8655
2026-09-04,151077,HSBC ELSS Tax saver Fund - Regular IDCW Payout,27.5186
2026-09-04,151078,HSBC ELSS Tax saver Fund - Direct Growth,157.0479
2026-09-04,151079,HSBC ELSS Tax saver Fund - Direct IDCW Payout,40.6403
2026-09-04,151084,HSBC Dynamic Bond Fund - Regular Growth,30.6861
2026-09-04,151085,HSBC Dynamic Bond Fund - Regular Monthly IDCW,10.6311
2026-09-04,151086,HSBC Dynamic Bond Fund - Direct Monthly IDCW,12.6664
2026-09-04,151087,HSBC Dynamic Bond Fund - Direct Growth,33.4107
2026-09-04,151088,HSBC Dynamic Bond Fund - Direct Annual IDCW,10.8152
2026-09-04,151089,HSBC Dynamic Bond Fund - Regular Annual IDCW,10.2574
2026-09-04,151102,HSBC Banking and PSU Debt Fund - Regular Daily IDCW,11.1038
2026-09-04,151103,HSBC Banking and PSU Debt Fund - Regular Weekly IDCW,10.3139
2026-09-04,151104,HSBC Banking and PSU Debt Fund - Regular Growth,25.7699
2026-09-04,151105,HSBC Banking and PSU Debt Fund - Regular Monthly IDCW,10.3214
2026-09-04,151106,HSBC Banking and PSU Debt Fund - Direct Monthly IDCW,11.1387
2026-09-04,151107,HSBC Banking and PSU Debt Fund - Direct Growth,27.2502
2026-09-04,151108,HSBC Banking and PSU Debt Fund - Direct Daily IDCW,11.1806
2026-09-04,151109,HSBC Banking and PSU Debt Fund - Direct Weekly IDCW,10.3431
2026-09-04,151110,HSBC Value Fund - Regular Growth,114.7786
2026-09-04,151111,HSBC Value Fund - Regular IDCW,49.7418
2026-09-04,151112,HSBC Value Fund - Direct IDCW,64.0983
2026-09-04,151113,HSBC Value Fund - Direct Growth,129.5255
2026-09-04,151114,HSBC Low Duration Fund - Regular Growth,30.7904
2026-09-04,151115,HSBC Low Duration Fund - Regular Monthly IDCW,10.3702
2026-09-04,151116,HSBC Low Duration Fund - Direct Monthly IDCW,11.084
2026-09-04,151117,HSBC Low Duration Fund - Direct Growth,32.6614
2026-09-04,151118,HSBC Low Duration Fund - Direct Annual IDCW,10.6285
2026-09-04,151119,HSBC Low Duration Fund - Regular Annual IDCW,10.4326
2026-09-04,151120,HSBC Aggressive Hybrid Fund - Regular Growth,59.8794
2026-09-04,151121,HSBC Aggressive Hybrid Fund - Regular IDCW,28.0597
2026-09-04,151122,HSBC Aggressive Hybrid Fund - Direct Growth,68.8393
2026-09-04,151123,HSBC Aggressive Hybrid Fund - Direct IDCW,33.8983
2026-09-04,151124,HSBC Aggressive Hybrid Fund - Regular Annual IDCW,17.4873
2026-09-04,151125,HSBC Aggressive Hybrid Fund - Direct Annual IDCW,19.8571
2026-09-04,151126,HSBC Balanced Advantage Fund - Regular IDCW,18.2674
2026-09-04,151127,HSBC Balanced Advantage Fund - Regular Growth,44.2503
2026-09-04,151128,HSBC Balanced Advantage Fund - Direct IDCW,22.0288
2026-09-04,151129,HSBC Balanced Advantage Fund - Direct Growth,52.0281
2026-09-04,151130,HSBC Small Cap Fund - Direct Growth,103.5164
2026-09-04,151131,HSBC Small Cap Fund - Regular IDCW,41.6764
2026-09-04,151132,HSBC Small Cap Fund - Direct IDCW,49.1553
2026-09-04,151133,HSBC Small Cap Fund - Regular Growth,92.0976
2026-09-04,151134,HSBC Arbitrage Fund - Regular Growth,20.2743
2026-09-04,151135,HSBC Arbitrage Fund - Direct Monthly IDCW,10.2268
2026-09-04,151136,HSBC Arbitrage Fund - Direct Quarterly IDCW,10.8591
2026-09-04,151137,HSBC Arbitrage Fund - Regular Quarterly IDCW,10.721
2026-09-04,151138,HSBC Arbitrage Fund - Direct Growth,21.8488
2026-09-04,151140,HSBC Arbitrage Fund - Regular Monthly IDCW,10.2246
2026-09-04,151142,HSBC Business Cycles Fund - Direct Growth,49.2331
2026-09-04,151143,HSBC Business Cycles Fund - Regular IDCW,23.409
2026-09-04,151144,HSBC Business Cycles Fund - Regular Growth,44.1392
2026-09-04,151145,HSBC Business Cycles Fund - Direct IDCW,26.1058
2026-09-04,151146,HSBC Medium Duration Fund - Direct Growth,23.9029
2026-09-04,151147,HSBC Medium Duration Fund - Regular IDCW,10.5479
2026-09-04,151148,HSBC Medium Duration Fund - Direct IDCW,11.4943
2026-09-04,151149,HSBC Medium Duration Fund - Regular Growth,21.7311
2026-09-04,151150,HSBC Medium Duration Fund - Direct Annual IDCW,11.7132
2026-09-04,151151,HSBC Medium Duration Fund - Regular Annual IDCW,10.6035
2026-09-04,151156,HSBC NIFTY 50 INDEX FUND - Direct IDCW,28.3146
2026-09-04,151157,HSBC NIFTY 50 INDEX FUND - Direct Growth,28.3147
2026-09-04,151158,HSBC NIFTY 50 INDEX FUND - Regular Growth,27.7889
2026-09-04,151159,HSBC NIFTY 50 INDEX FUND - Regular IDCW,27.7889
2026-09-04,151160,HSBC NIFTY NEXT 50 INDEX FUND - Direct Growth,32.0041
2026-09-04,151161,HSBC NIFTY NEXT 50 INDEX FUND - Regular IDCW,31.1262
2026-09-04,151162,HSBC NIFTY NEXT 50 INDEX FUND - Regular Growth,31.1261
2026-09-04,151163,HSBC NIFTY NEXT 50 INDEX FUND - Direct IDCW,32.0042
2026-09-04,151164,360 ONE ELSS Tax Saver Nifty 50 Index Fund - Regular Plan - Growth,13.4747
2026-09-04,151165,360 ONE ELSS Tax Saver Nifty 50 Index Fund - Direct Plan - Growth,13.5995
2026-09-04,151166,360 ONE ELSS Tax Saver Nifty 50 Index Fund - Direct Plan - IDCW Payout,13.5995
2026-09-04,151167,360 ONE ELSS Tax Saver Nifty 50 Index Fund - Regular Plan - IDCW Payout,13.4747
2026-09-04,151176,Axis Long Duration Fund - Direct Plan -Daily IDCW,989.0743
2026-09-04,151177,Axis Long Duration Fund - Regular Plan - Daily IDCW,988.7517
2026-09-04,151178,Axis Long Duration Fund - Regular Plan - Growth,1240.2450
2026-09-04,151179,Axis Long Duration Fund - Direct Plan - Growth,1260.3663
2026-09-04,151180,HDFC Nifty G-Sec Jun 2027 Index Fund - Growth Option,12.9408
2026-09-04,151181,HDFC Nifty G-Sec Jun 2027 Index Fund - Growth Option - Direct Plan,13.015
2026-09-04,151182,HDFC Nifty G-Sec Sep 2032 Index Fund - Growth Option,13.1909
2026-09-04,151183,HDFC Nifty G-Sec Sep 2032 Index Fund - Growth Option - Direct Plan,13.2756
2026-09-04,151184,UTI CRISIL SDL Maturity April 2033 Index Fund - Regular Plan - Growth Option,12.9801
2026-09-04,151185,UTI CRISIL SDL Maturity April 2033 Index Fund - Direct Plan - Growth Option,13.1024
2026-09-04,151190,quant Overnight Fund - Growth Option - Direct Plan,12.5728
2026-09-04,151191,quant Overnight Fund - IDCW Option - Regular Plan,12.5142
2026-09-04,151193,quant Overnight Fund - IDCW Option - Direct Plan,12.5779
2026-09-04,151195,quant Overnight Fund - Growth Option - Regular Plan,12.5258
2026-09-04,151196,ICICI Prudential Nifty 10 yr Benchmark G-sec ETF,263.2294
2026-09-04,151201,Axis Long Duration Fund - Regular Plan - Monthly IDCW,1010.0699
2026-09-04,151202,Axis Long Duration Fund - Direct Plan - Monthly IDCW,1009.3886
2026-09-04,151203,Axis Long Duration Fund - Regular Plan - Quarterly IDCW,1202.2830
2026-09-04,151204,Axis Long Duration Fund - Direct Plan - Quarterly IDCW,1222.3410
2026-09-04,151205,Axis Long Duration Fund - Direct Plan - Annual IDCW,1249.2251
2026-09-04,151206,Axis Long Duration Fund - Regular Plan - Annual IDCW,1229.1480
2026-09-04,151207,ICICI Prudential Nifty Commodities ETF,100.0558
2026-09-04,151208,ICICI Prudential Nifty SDL Sep 2026 Index Fund - Growth,12.8125
2026-09-04,151209,ICICI Prudential Nifty SDL Sep 2026 Index Fund - Annual IDCW,12.8123
2026-09-04,151210,ICICI Prudential Nifty SDL Sep 2026 Index Fund - Direct Plan - Annual IDCW,12.9079
2026-09-04,151211,ICICI Prudential Nifty SDL Sep 2026 Index Fund - Direct Plan - Growth,12.9079
2026-09-04,151212,SBI Long Term Fund - Regular Plan - Growth,12.5357
2026-09-04,151213,SBI Long Term Fund - Regular Plan - Income Distribution cum Capital Withdrawal Option (IDCW),12.5359
2026-09-04,151214,SBI Long Term Fund - Direct Plan - Growth,12.7273
2026-09-04,151215,SBI Long Term Fund - Direct Plan - Income Distribution cum Capital Withdrawal Option (IDCW),12.7276
2026-09-04,151228,quant Gilt Fund - Growth Option - Direct Plan,12.5782
2026-09-04,151229,quant Gilt Fund - IDCW Option - Direct Plan,12.5633
2026-09-04,151230,quant Gilt Fund - Growth Option - Regular Plan,12.1381
2026-09-04,151231,quant Gilt Fund - IDCW Option - Regular Plan,12.1486
2026-09-04,151232,Tata Multicap Fund - Direct Plan - Growth,16.2139
2026-09-04,151233,Tata Multicap Fund - Direct Plan - IDCW Reinvestment,16.2139
2026-09-04,151234,Tata Multicap Fund - Direct Plan - IDCW Payout,16.2139
2026-09-04,151235,Tata Multicap Fund - Regular Plan - Growth,15.3441
2026-09-04,151236,Tata Multicap Fund - Regular Plan - IDCW Reinvestment,15.3441
2026-09-04,151237,Tata Multicap Fund - Regular Plan - IDCW Payout,15.3441
2026-09-04,151238,UTI CRISIL SDL Maturity June 2027 Index Fund - Regular Plan - Growth Option,12.8831
2026-09-04,151239,UTI CRISIL SDL Maturity June 2027 Index Fund - Direct Plan - Growth Option,12.9992
2026-09-04,151262,DSP Nifty Bank ETF,58.8158
2026-09-04,151267,WhiteOak Capital Balanced Advantage Fund Direct Plan Growth,15.775
2026-09-04,151268,WhiteOak Capital Balanced Advantage Fund Regular Plan Growth,14.920
2026-09-04,151273,Tata Nifty G-Sec Dec 2029 Index Fund - Direct Plan - Growth,13.1263
2026-09-04,151274,Tata Nifty G-Sec Dec 2029 Index Fund - Direct Plan - IDCW Payout,13.1263
2026-09-04,151275,Tata Nifty G-Sec Dec 2029 Index Fund - Regular Plan - Growth,12.9684
2026-09-04,151276,Tata Nifty G-Sec Dec 2029 Index Fund - Regular Plan - IDCW Reinvestment,12.9684
2026-09-04,151277,Tata Nifty G-Sec Dec 2029 Index Fund - Regular Plan - IDCW Payout,12.9684
2026-09-04,151278,Tata Nifty G-Sec Dec 2029 Index Fund - Direct Plan - IDCW Reinvestment,13.1263
2026-09-04,151285,Kotak FMP Series 304-Regular Plan-Growth Option,13.302
2026-09-04,151286,Kotak FMP Series 304-Direct Plan-Growth Option,13.3178
2026-09-04,151287,Kotak FMP Series 304-Direct Plan-Payout of IDCW,13.3165
2026-09-04,151288,Kotak FMP Series 304-Regular Plan-Payout of IDCW,13.3021
2026-09-04,151289,HSBC Multi Cap Fund - Regular - Growth,20.402
2026-09-04,151290,HSBC Multi Cap Fund - Direct - Growth,21.3792
2026-09-04,151291,HSBC Multi Cap Fund - Direct - IDCW,20.6503
2026-09-04,151292,HSBC Multi Cap Fund - Regular - IDCW,16.7716
2026-09-04,151297,Axis CRISIL IBX 50:50 Gilt Plus SDL June 2028 Index Fund - Regular Plan - Growth,12.8833
2026-09-04,151298,Axis CRISIL IBX 50:50 Gilt Plus SDL June 2028 Index Fund - Regular Plan - IDCW,12.8833
2026-09-04,151299,Axis CRISIL IBX 50:50 Gilt Plus SDL June 2028 Index Fund - Direct Plan - IDCW,12.9761
2026-09-04,151300,Axis CRISIL IBX 50:50 Gilt Plus SDL June 2028 Index Fund - Direct Plan - Growth,12.9705
2026-09-04,151301,Tata Nifty G Sec Dec 2026 Index Fund-Direct Plan-Growth,12.8523
2026-09-04,151302,Tata Nifty G Sec Dec 2026 Index Fund-Direct Plan-IDCW Payout,12.8523
2026-09-04,151303,Tata Nifty G SEc Dec 2026 Index Fund-Regular Plan-IDCW Reinvestment,12.7025
2026-09-04,151304,Tata Nifty G Sec Dec 2026 Index Fund-Regular Plan-IDCW Payout,12.7025
2026-09-04,151305,Tata Nifty G Sec Dec 2026 Index Fund-Direct Plan-IDCW Reinvestment,12.8523
2026-09-04,151306,Tata Nifty G Sec Dec 2026 Index Fund-Regular Plan-Growth,12.7025
2026-09-04,151307,Aditya Birla Sun Life Multi Asset Allocation Fund-Direct Growth,17.9174
2026-09-04,151308,Aditya Birla Sun Life Multi Asset Allocation Fund-Direct IDCW,16.1974
2026-09-04,151309,Aditya Birla Sun Life Multi Asset Allocation Fund-Regular Growth,17.0465
2026-09-04,151310,Aditya Birla Sun Life Multi Asset Allocation Fund-Regular IDCW,14.3535
2026-09-04,151311,HDFC Long Term Fund - IDCW Option,10.6574
2026-09-04,151312,HDFC Long Term Fund - IDCW Option - Direct Plan,10.4259
2026-09-04,151313,HDFC Long Term Fund - Growth Option - Direct Plan,12.5129
2026-09-04,151314,HDFC Long Term Fund - Growth Option,12.3564
2026-09-04,151319,TRUSTMF CORPORATE BOND FUND-REGULAR PLAN-MONTHLY IDCW,1168.4238
2026-09-04,151320,TRUSTMF CORPORATE BOND FUND-DIRECT PLAN-GROWTH,1277.8505
2026-09-04,151321,TRUSTMF CORPORATE BOND FUND-DIRECT PLAN-MONTHLY IDCW,1188.6792
2026-09-04,151322,TRUSTMF CORPORATE BOND FUND-REGULAR PLAN-GROWTH,1259.4941
2026-09-04,151327,DSP CRISIL-IBX 50:50 Gilt Plus SDL - April 2033 Index Fund - Regular - Growth,13.0227
2026-09-04,151328,DSP CRISIL-IBX 50:50 Gilt Plus SDL - April 2033 Index Fund - Direct - IDCW,13.1430
2026-09-04,151329,DSP CRISIL-IBX 50:50 Gilt Plus SDL - April 2033 Index Fund - Direct - Growth,13.1430
2026-09-04,151330,DSP CRISIL-IBX 50:50 Gilt Plus SDL - April 2033 Index Fund - Regular - IDCW,13.0227
2026-09-04,151358,Kotak Nifty 1D Rate Liquid ETF,1121.1709
2026-09-04,151365,Edelweiss CRISIL IBX 50:50 Gilt Plus SDL Short Duration Index fund - Direct Plan - Growth,12.9189
2026-09-04,151366,Axis Business Cycles Fund - Regular Plan - Growth,17.44
2026-09-04,151367,Axis Business Cycles Fund - Regular Plan - IDCW,16.09
2026-09-04,151368,Axis Business Cycles Fund - Direct Plan - Growth,18.26
2026-09-04,151369,Axis Business Cycles Fund - Direct Plan - IDCW,16.83
2026-09-04,151370,DSP Nifty SDL Plus G-Sec Sep 2027 50:50 Index Fund - Regular - Growth,12.9064
2026-09-04,151371,DSP Nifty SDL Plus G-Sec Sep 2027 50:50 Index Fund - Direct - IDCW,12.9864
2026-09-04,151372,DSP Nifty SDL Plus G-Sec Sep 2027 50:50 Index Fund - Regular - IDCW,12.9064
2026-09-04,151373,DSP Nifty SDL Plus G-Sec Sep 2027 50:50 Index Fund - Direct - Growth,12.9864
2026-09-04,151374,HDFC NIFTY Midcap 150 ETF - Growth Option,23.4737
2026-09-04,151375,HDFC NIFTY Smallcap 250 ETF - Growth Option,186.3797
2026-09-04,151376,HDFC BSE 500 ETF - Growth Option,37.3991
2026-09-04,151377,ITI Flexi Cap Fund- Regular Plan- Growth,20.0585
2026-09-04,151378,ITI Flexi Cap Fund- Regular Plan- IDCW,19.3953
2026-09-04,151379,ITI Flexi Cap Fund- Direct Plan- Growth,21.3018
2026-09-04,151380,ITI Flexi Cap Fund- Direct Plan- IDCW,20.6328
2026-09-04,151381,Kotak Banking & Financial Services Fund - Regular Plan - Growth,16.239
2026-09-04,151382,Kotak Banking & Financial Services Fund - Regular Plan - IDCW Payout,16.239
2026-09-04,151383,Kotak Banking & Financial Services Fund - Direct Plan - IDCW Payout,17.143
2026-09-04,151384,Kotak Banking & Financial Services Fund - Direct Plan - Growth,17.146
2026-09-04,151389,Nippon India Nifty SDL Plus G-Sec - Jun 2029 Maturity 70:30 Index Fund-Regular Plan-IDCW Option,12.9159
2026-09-04,151390,Nippon India Nifty SDL Plus G-Sec-Jun 2029 Maturity 70:30 Index Fund-Direct Plan-Growth Option,13.0032
2026-09-04,151391,Nippon India Nifty SDL Plus G-Sec-Jun 2029 Maturity 70:30 Index Fund-Direct Plan-IDCW Option,13.0032
2026-09-04,151392,Nippon India Nifty SDL Plus G-Sec-Jun 2029 Maturity 70:30 Index Fund-Regular Plan- Growth Option,12.9159
2026-09-04,151397,Edelweiss CRISIL IBX 50:50 Gilt Plus SDL Short Duration Index fund - Direct Plan - IDCW,12.1164
2026-09-04,151398,Edelweiss CRISIL IBX 50:50 Gilt Plus SDL Short Duration Index fund - Regular Plan - Growth,12.7269
2026-09-04,151399,Edelweiss CRISIL IBX 50:50 Gilt Plus SDL Short Duration Index fund - Regular Plan - IDCW,11.9252
2026-09-04,151404,"PGIM India CRISIL IBX Gilt Index - Apr 2028 Fund - Regular Plan, Growth Option",12.8206
2026-09-04,151405,"PGIM India CRISIL IBX Gilt Index - Apr 2028 Fund - Regular Plan, IDCW Option",10.5998
2026-09-04,151406,"PGIM India CRISIL IBX Gilt Index - Apr 2028 Fund - Direct Plan, IDCW Option",10.6645
2026-09-04,151407,"PGIM India CRISIL IBX Gilt Index - Apr 2028 Fund - Direct Plan, Growth Option",12.8954
2026-09-04,151408,BANDHAN CRISIL IBX GILT APRIL 2032 INDEX FUND - DIRECT GROWTH,13.1765
2026-09-04,151409,BANDHAN CRISIL IBX GILT APRIL 2032 INDEX FUND - REGULAR GROWTH,13.0581
2026-09-04,151410,BANDHAN CRISIL IBX GILT APRIL 2032 INDEX FUND - REGULAR IDCW,10.9906
2026-09-04,151411,BANDHAN CRISIL IBX GILT APRIL 2032 INDEX FUND - DIRECT IDCW,11.1689
2026-09-04,151412,Mirae Asset Flexi Cap Fund - Direct Plan - Growth,17.173
2026-09-04,151413,Mirae Asset Flexi Cap Fund - Direct Plan -  IDCW,17.122
2026-09-04,151414,Mirae Asset Flexi Cap Fund - Regular Plan - Growth,16.305
2026-09-04,151415,Mirae Asset Flexi Cap Fund - Regular Plan - IDCW,16.311
2026-09-04,151416,Mirae Asset Gold ETF,149.3066
2026-09-04,151417,Kotak Nifty SDL Jul 2033 Index Fund Regular Plan Growth Option,12.9159
2026-09-04,151418,Kotak Nifty SDL Jul 2033 Index Fund Direct Plan IDCW,12.6407
2026-09-04,151419,Kotak Nifty SDL Jul 2033 Index Fund Regular Plan IDCW,12.9122
2026-09-04,151420,Kotak Nifty SDL Jul 2033 Index Fund Direct Plan Growth Option,13.0239
2026-09-04,151425,Aditya Birla Sun Life CRISIL IBX SDL Jun 2032 INDEX FUND - Direct IDCW Payout,13.0872
2026-09-04,151426,Aditya Birla Sun Life CRISIL IBX SDL Jun 2032 INDEX FUND - Regular IDCW Payout,12.9199
2026-09-04,151427,Aditya Birla Sun Life CRISIL IBX SDL Jun 2032 INDEX FUND - Direct Growth,13.0848
2026-09-04,151428,Aditya Birla Sun Life CRISIL IBX SDL Jun 2032 INDEX FUND - Regular Growth,12.9197
2026-09-04,151433,AXIS CRISIL IBX 50:50 Gilt Plus SDL September 2027 Index Fund- REGULAR PLAN-GROWTH,12.8691
2026-09-04,151434,AXIS CRISIL IBX 50:50 Gilt Plus SDL September 2027 Index Fund- REGULAR PLAN-IDCW,12.8651
2026-09-04,151435,AXIS CRISIL IBX 50:50 Gilt Plus SDL September 2027 Index Fund- DIRECT PLAN-GROWTH,12.9560
2026-09-04,151436,AXIS CRISIL IBX 50:50 Gilt Plus SDL September 2027 Index Fund- DIRECT PLAN- IDCW,12.9559
2026-09-04,151439,Nippon India Nifty G-Sec Oct 2028 Maturity Index Fund-Regular Plan-Growth Option,12.9241
2026-09-04,151440,Nippon India Nifty G-Sec Oct 2028 Maturity Index Fund-Direct Plan-Growth Option,13.0029
2026-09-04,151441,Nippon India Nifty G-Sec Oct 2028 Maturity Index Fund-Regular Plan-IDCW Option,12.9241
2026-09-04,151442,Nippon India Nifty G-Sec Oct 2028 Maturity Index Fund-Direct Plan-IDCW Option,13.0029
2026-09-04,151443,Bank of India Multi Cap Fund Direct Plan - Growth,20.83
2026-09-04,151444,Bank of India Multi Cap Fund Direct Plan - IDCW,20.80
2026-09-04,151445,Bank of India Multi Cap Fund Regular Plan - Growth,20.01
2026-09-04,151446,Bank of India Multi Cap Fund Regular Plan - IDCW,20.01
2026-09-04,151447,DSP FMP Series - 270 - 1172 Days - Regular - Growth,12.7573
2026-09-04,151449,DSP FMP Series - 270 - 1172 Days - Direct - Growth,12.8026
2026-09-04,151450,DSP FMP Series - 270 - 1172 Days - Direct - IDCW,12.8037
2026-09-04,151455,HDFC Nifty SDL Oct 2026 Index Fund - Growth Option,12.7868
2026-09-04,151456,HDFC Nifty SDL Oct 2026 Index Fund - Growth Option - Direct Plan,12.8572
2026-09-04,151457,HDFC MNC Fund - Growth Option,13.967
2026-09-04,151458,HDFC MNC Fund - Growth Option - Direct Plan,14.552
2026-09-04,151459,HDFC MNC Fund - IDCW Option,13.967
2026-09-04,151460,HDFC MNC Fund - IDCW Option - Direct Plan,14.552
2026-09-04,151465,HDFC FMP 2638D February 2023 - Growth Option,13.1582
2026-09-04,151467,HDFC FMP 2638D February 2023 - Quarterly IDCW Option,10.1707
2026-09-04,151468,HDFC FMP 2638D February 2023 - IDCW Option,13.1582
2026-09-04,151469,HDFC FMP 2638D February 2023 - Quarterly IDCW Option - Direct Plan,10.1766
2026-09-04,151470,HDFC FMP 2638D February 2023 - Growth Option - Direct Plan,13.2763
2026-09-04,151471,NAVI ELSS TAX SAVER NIFTY 50 INDEX FUND - DIRECT PLAN GROWTH,14.5464
2026-09-04,151472,NAVI ELSS TAX SAVER NIFTY 50 INDEX FUND - REGULAR PLAN GROWTH,14.0803
2026-09-04,151473,NAVI ELSS TAX SAVER NIFTY 50 INDEX FUND - DIRECT PLAN IDCW PAYOUT,14.5529
2026-09-04,151474,NAVI ELSS TAX SAVER NIFTY 50 INDEX FUND - REGULAR PLAN IDCW PAYOUT,14.1359
2026-09-04,151475,SBI Dividend Yield Fund - Direct Plan - Income Distribution cum Capital Withdrawal (IDCW) Option,16.2810
2026-09-04,151476,SBI Dividend Yield Fund - Regular Plan - Growth,15.7159
2026-09-04,151477,SBI Dividend Yield Fund - Regular Plan - Income Distribution cum Capital Withdrawal (IDCW) Option,15.7157
2026-09-04,151478,SBI Dividend Yield Fund - Direct Plan - Growth,16.2799
2026-09-04,151479,HSBC CRISIL IBX Gilt June 2027 Index Fund - Direct - Growth,12.7857
2026-09-04,151480,HSBC CRISIL IBX Gilt June 2027 Index Fund - Regular - Growth,12.675
2026-09-04,151481,HSBC CRISIL IBX Gilt June 2027 Index Fund - Regular - IDCW,12.6751
2026-09-04,151482,HSBC CRISIL IBX Gilt June 2027 Index Fund - Direct - IDCW,12.7859
2026-09-04,151483,UTI Fixed Term Income Fund Series XXXVI - I (1574 Days) - Regular Plan - Growth Option,12.8681
2026-09-04,151484,UTI Fixed Term Income Fund Series XXXVI - I (1574 Days) - Direct Plan - Payout of IDCW Option,12.4791
2026-09-04,151485,UTI Fixed Term Income Fund Series XXXVI - I (1574 Days) - Direct Plan - Growth Option,13.0486
2026-09-04,151486,UTI Fixed Term Income Fund Series XXXVI - I (1574 Days) - Regular Plan - Payout of IDCW Option,12.3041
2026-09-04,151487,UTI NIFTY SDL Plus AAA PSU Bond Apr 2028- 75:25 Index Fund - Direct Plan - Growth Option,12.9763
2026-09-04,151488,UTI NIFTY SDL Plus AAA PSU Bond Apr 2028- 75:25 Index Fund - Regular Plan - Growth Option,12.8776
2026-09-04,151489,HDFC Nifty G-Sec Jun 2036 Index Fund - Growth Option - Direct Plan,13.1494
2026-09-04,151490,HDFC Nifty G-Sec Jun 2036 Index Fund - Growth Option,13.0656
2026-09-04,151491,ICICI Prudential Fixed Maturity Plan - Series 88 - 1303 Days Plan S - Growth,12.7204
2026-09-04,151492,ICICI Prudential Fixed Maturity Plan - Series 88 - 1303 Days Plan S - Direct Plan - IDCW,12.8307
2026-09-04,151493,ICICI Prudential Fixed Maturity Plan - Series 88 - 1303 Days Plan S - Direct Plan - Growth,12.8309
2026-09-04,151494,ICICI Prudential Fixed Maturity Plan - Series 88 - 1303 Days Plan S - IDCW,12.7203
2026-09-04,151495,HDFC Nifty G-Sec Apr 2029 Index Fund - Growth Option - Direct Plan,13.055
2026-09-04,151496,HDFC Nifty G-Sec Apr 2029 Index Fund - Growth Option,12.9825
2026-09-04,151523,UTI Long Term Fund - Direct Plan - Growth Option,12.2711
2026-09-04,151524,UTI Long Term Fund - Direct Plan - Quarterly IDCW Option,12.2711
2026-09-04,151525,UTI Long Term Fund - Direct Plan - Annual IDCW Option,11.3133
2026-09-04,151526,UTI Long Term Fund - Direct Plan - Flexi IDCW Option,12.1157
2026-09-04,151527,UTI Long Term Fund - Regular Plan - Growth Option,11.8826
2026-09-04,151528,UTI Long Term Fund - Regular Plan - Quarterly IDCW Option,11.8826
2026-09-04,151529,UTI Long Term Fund - Regular Plan - Half Yearly IDCW Option,11.8827
2026-09-04,151530,UTI Long Term Fund - Direct Plan - Half Yearly IDCW Option,12.2711
2026-09-04,151531,UTI Long Term Fund - Regular Plan - Annual IDCW Option,10.9419
2026-09-04,151532,UTI Long Term Fund - Regular Plan - Flexi IDCW Option,11.8826
2026-09-04,151533,Aditya Birla Sun Life CRISIL Liquid Overnight ETF - IDCW Daily Reinvestment with Weekly Payout,1000.0000
2026-09-04,151546,Bandhan US Treasury Bond 0-1 year specific Debt Passive FOF - REGULAR PLAN - GROWTH,13.2650
2026-09-04,151547,Bandhan US Treasury Bond 0-1 year specific Debt Passive FOF- REGULAR PLAN- IDCW,13.2650
2026-09-04,151548,Bandhan US Treasury Bond 0-1 year specific Debt Passive FOF - DIRECT PLAN - GROWTH,13.2921
2026-09-04,151549,Bandhan US Treasury Bond 0-1 year specific Debt Passive FOF - DIRECT PLAN - IDCW,13.2921
2026-09-04,151560,Aditya Birla Sun Life Nifty SDL SEP 2027 Index Fund-Regular Growth,12.8758
2026-09-04,151561,Aditya Birla Sun Life Nifty SDL SEP 2027 Index Fund-Regular IDCW,12.8757
2026-09-04,151562,Aditya Birla Sun Life Nifty SDL SEP 2027 Index Fund-Direct Growth,12.9788
2026-09-04,151563,Aditya Birla Sun Life Nifty SDL SEP 2027 Index Fund-Direct IDCW,12.9775
2026-09-04,151564,HDFC FMP 1269D March 2023 - Growth Option,12.5853
2026-09-04,151565,HDFC FMP 1269D March 2023 - Growth Option - Direct Plan,12.6954
2026-09-04,151566,HDFC FMP 1269D March 2023 - IDCW Option,12.5853
2026-09-04,151567,HDFC FMP 1269D March 2023 - IDCW Option - Direct Plan,12.6954
2026-09-04,151568,HDFC FMP 1269D March 2023 - Quarterly IDCW Option,10.1253
2026-09-04,151569,HDFC FMP 1269D March 2023 - Quarterly IDCW Option - Direct Plan,10.1308
2026-09-04,151570,HDFC NIFTY SDL Plus G-Sec Jun 2027 40:60 Index Fund - Growth Option - Direct Plan,12.7954
2026-09-04,151571,HDFC NIFTY SDL Plus G-Sec Jun 2027 40:60 Index Fund - Growth Option,12.7312
2026-09-04,151572,ICICI Prudential Nifty PSU Bank ETF,86.3981
2026-09-04,151573,Baroda BNP Paribas NIFTY SDL December 2028 Index Fund - Regular Plan - IDCW Option,11.9315
2026-09-04,151574,Baroda BNP Paribas NIFTY SDL December 2028 Index Fund - Direct Plan - Growth Option,12.9284
2026-09-04,151575,Baroda BNP Paribas NIFTY SDL December 2028 Index Fund - Direct Plan - IDCW Option,12.1314
2026-09-04,151576,Baroda BNP Paribas NIFTY SDL December 2028 Index Fund - Regular Plan - Growth Option,12.7961
2026-09-04,151577,Aditya Birla Sun Life Crisil IBX Gilt Apr 2028 Index Fund-Direct Growth,12.7003
2026-09-04,151578,ICICI Prudential Innovation Fund - Direct Plan - IDCW,17.18
2026-09-04,151579,ICICI Prudential Innovation Fund - Growth,19.53
2026-09-04,151580,ICICI Prudential Innovation Fund - Direct Plan - Growth,20.29
2026-09-04,151581,ICICI Prudential Innovation Fund - IDCW,16.46
2026-09-04,151582,Aditya Birla Sun Life Crisil IBX Gilt Apr 2028 Index Fund-Regular IDCW,12.5866
2026-09-04,151583,Aditya Birla Sun Life Crisil IBX Gilt Apr 2028 Index Fund-Regular Growth,12.5872
2026-09-04,151584,Aditya Birla Sun Life Crisil IBX Gilt Apr 2028 Index Fund-Direct IDCW,12.7037
2026-09-04,151585,Axis BSE Sensex ETF,79.4827
2026-09-04,151590,Invesco India Nifty G-sec Jul 2027 Index Fund - Regular Plan - Growth,1271.7448
2026-09-04,151591,Invesco India Nifty G-sec Jul 2027 Index Fund - Regular Plan - IDCW Payout,1271.7565
2026-09-04,151592,Invesco India Nifty G-sec Jul 2027 Index Fund - Direct Plan - IDCW Payout,1278.2276
2026-09-04,151593,Invesco India Nifty G-sec Jul 2027 Index Fund - Direct Plan - Growth,1278.2281
2026-09-04,151594,Invesco India Nifty G-sec Sep 2032 Index Fund - Regular Plan - Growth,1294.3028
2026-09-04,151595,Invesco India Nifty G-sec Sep 2032 Index Fund - Regular Plan - IDCW Payout,1294.2877
2026-09-04,151596,Invesco India Nifty G-sec Sep 2032 Index Fund - Direct Plan - IDCW Payout,1300.8377
2026-09-04,151597,Invesco India Nifty G-sec Sep 2032 Index Fund - Direct Plan - Growth,1300.8366
2026-09-04,151602,Kotak Silver ETF Fund of Fund - Regular Plan - Growth Option,30.6276
2026-09-04,151603,Kotak Silver ETF Fund of Fund - Direct Plan - Growth Option,31.1
2026-09-04,151604,Mirae Asset Nifty 100 Low Volatility 30 ETF,204.9896
2026-09-04,151609,NJ ELSS Tax Saver Fund Regular Growth,14.06
2026-09-04,151610,NJ ELSS Tax Saver Fund Regular IDCW,14.06
2026-09-04,151611,NJ ELSS Tax Saver Fund Direct Growth,14.90
2026-09-04,151612,NJ ELSS Tax Saver Fund Direct IDCW,14.90
2026-09-04,151647,Kotak Nifty Smallcap 50 Index Fund - Regular Plan - Growth,22.945
2026-09-04,151648,Kotak Nifty Smallcap 50 Index Fund - Regular Plan - IDCW,22.945
2026-09-04,151649,Kotak Nifty Smallcap 50 Index Fund - Direct Plan - Growth,23.442
2026-09-04,151650,Kotak Nifty Smallcap 50 Index Fund - Direct Plan - IDCW,23.455
2026-09-04,151691,Mirae Asset Nifty SDL June 2028 Index Fund - Direct Plan - Growth,12.8763
2026-09-04,151692,Mirae Asset Nifty SDL June 2028 Index Fund - Direct Plan - IDCW,12.8755
2026-09-04,151693,Mirae Asset Nifty SDL June 2028 Index Fund - Regular Plan - IDCW,12.7128
2026-09-04,151694,Mirae Asset Nifty SDL June 2028 Index Fund - Regular Plan - Growth,12.7125
2026-09-04,151695,Mirae Asset Nifty 8-13 yr G-Sec ETF,30.3694
2026-09-04,151708,Nippon India Fixed Maturity Plan-XLV-Series 5-Direct Plan-Growth Option,13.3503
2026-09-04,151710,Nippon India Fixed Maturity Plan-XLV-Series 5-Regular Plan-Growth Option,13.2192
2026-09-04,151712,quant Dynamic Asset Allocation Fund - IDCW Option - Direct Plan,17.1456
2026-09-04,151713,quant Dynamic Asset Allocation Fund - Growth Option - Direct Plan,17.1518
2026-09-04,151714,quant Dynamic Asset Allocation Fund - Growth Option - Regular Plan,16.2969
2026-09-04,151715,quant Dynamic Asset Allocation Fund - IDCW Option - Regular Plan,16.2985
2026-09-04,151724,HDFC NIFTY Midcap 150 Index Fund - Growth Option - Direct Plan,19.8014
2026-09-04,151725,HDFC NIFTY Midcap 150 Index Fund - Growth Option,19.4313
2026-09-04,151726,HDFC NIFTY Smallcap 250 Index Fund - Growth Option,19.7904
2026-09-04,151727,HDFC NIFTY Smallcap 250 Index Fund - Growth Option - Direct Plan,20.1576
2026-09-04,151728,HDFC BSE 500 Index Fund - Growth Option - Direct Plan,15.7328
2026-09-04,151729,HDFC BSE 500 Index Fund - Regular Plan - Growth Option,15.4369
2026-09-04,151730,UTI Silver Exchange Traded Fund,225.307
2026-09-04,151731,UTI Silver ETF Fund of Fund - Direct Plan - Growth Option,29.7722
2026-09-04,151732,UTI Silver ETF Fund of Fund - Regular Plan - Growth Option,29.4111
2026-09-04,151737,DSP Gold ETF,14.9215
2026-09-04,151738,UTI Nifty 500 Value 50 Index Fund - Regular Plan - Growth Option,21.9196
2026-09-04,151739,UTI Nifty 500 Value 50 Index Fund - Direct Plan - Growth Option,22.2668
2026-09-04,151745,WhiteOak Capital Multi Asset Allocation Fund Direct Plan Growth,16.827
2026-09-04,151746,WhiteOak Capital Multi Asset Allocation Fund Regular Plan Growth,16.185
2026-09-04,151747,Baroda BNP Paribas Value Fund - Regular Plan - Growth option,13.7193
2026-09-04,151748,HDFC Defence Fund - IDCW Option,30.431
2026-09-04,151749,HDFC Defence Fund - IDCW Option - Direct Plan,31.547
2026-09-04,151750,HDFC Defence Fund - Growth Option - Direct Plan,31.547
2026-09-04,151751,HDFC Defence Fund - Growth Option,30.431
2026-09-04,151752,Samco Active Momentum Fund - Regular Plan - Growth Option,15.49
2026-09-04,151753,Samco Active Momentum Fund - Direct Plan - Growth Option,16.19
2026-09-04,151754,Baroda BNP Paribas Value Fund - Regular Plan - IDCW option,12.5088
2026-09-04,151755,Baroda BNP Paribas Value Fund - Direct Plan - Growth option,14.3007
2026-09-04,151756,Baroda BNP Paribas Value Fund - Direct Plan - IDCW option,13.0396
2026-09-04,151757,quant Business Cycle Fund - Growth Option - Direct Plan,17.3299
2026-09-04,151758,quant Business Cycle Fund - Growth Option - Regular Plan,16.4739
2026-09-04,151759,quant Business Cycle Fund - IDCW Option - Direct Plan,17.317
2026-09-04,151760,quant Business Cycle Fund - IDCW Option - Regular Plan,16.4897
2026-09-04,151761,UTI Nifty50 Equal Weight Index Fund - Regular Plan - Growth Option,14.8984
2026-09-04,151762,UTI Nifty50 Equal Weight Index Fund - Direct Plan - Growth Option,15.1173
2026-09-04,151763,UTI BSE Housing Index Fund - Regular Plan - Growth Option,13.8364
2026-09-04,151764,UTI BSE Housing Index Fund - Direct Plan - Growth Option,14.0365
2026-09-04,151765,SBI BSE Sensex Index Fund - Regular Plan - Growth,12.5424
2026-09-04,151766,SBI BSE Sensex Index Fund - Regular Plan - IDCW,12.5423
2026-09-04,151769,SBI BSE Sensex Index Fund - Direct Plan - Growth,12.6329
2026-09-04,151770,SBI BSE Sensex Index Fund - Direct Plan - IDCW,12.6335
2026-09-04,151775,ITI Focused Fund - Regular Plan - IDCW,15.5910
2026-09-04,151776,ITI Focused Fund - Direct Plan - IDCW,16.5919
2026-09-04,151777,ITI Focused Fund - Direct Plan - Growth,17.6585
2026-09-04,151778,ITI Focused Fund - Regular Plan - Growth,16.6470
2026-09-04,151779,Mirae Asset Silver ETF,227.1672
2026-09-04,151780,Kotak Nifty 200 Momentum 30 Index Fund - Regular Plan - IDCW Payout,14.453
2026-09-04,151781,Kotak Nifty 200 Momentum 30 Index Fund - Direct Plan - Growth Option,14.681
2026-09-04,151782,Kotak Nifty 200 Momentum 30 Index Fund - Direct Plan - IDCW Payout,14.681
2026-09-04,151783,Kotak Nifty 200 Momentum 30 Index Fund - Regular Plan - Growth Option,14.453
2026-09-04,151784,Axis Nifty IT Index Fund - Regular Plan - IDCW,10.5661
2026-09-04,151785,Axis Nifty IT Index Fund - Direct Plan - Growth,10.7941
2026-09-04,151786,Axis Nifty IT Index Fund - Direct Plan - IDCW,10.7941
2026-09-04,151787,Axis Nifty IT Index Fund - Regular Plan - Growth,10.5660
2026-09-04,151788,quant BFSI Fund - Growth Option - Regular Plan,20.8345
2026-09-04,151789,quant BFSI Fund - IDCW Option - Regular Plan,20.8329
2026-09-04,151790,quant BFSI Fund - IDCW Option - Direct Plan,21.9611
2026-09-04,151791,quant BFSI Fund - Growth Option - Direct Plan,21.9368
2026-09-04,151792,Edelweiss Multi Asset Allocation Fund - Direct Plan - Growth,12.6462
2026-09-04,151793,Edelweiss Multi Asset Allocation Fund - Direct Plan - IDCW Option,12.2414
2026-09-04,151794,Edelweiss Multi Asset Allocation Fund - Regular Plan - IDCW Option,12.1114
2026-09-04,151795,Edelweiss Multi Asset Allocation Fund - Regular Plan - Growth,12.5153
2026-09-04,151796,360 ONE FLEXICAP FUND-DIRECT PLAN- GROWTH,17.2308
2026-09-04,151797,360 ONE FLEXICAP FUND-REGULAR PLAN- IDCW,16.3995
2026-09-04,151798,360 ONE FLEXICAP FUND-DIRECT PLAN- IDCW,17.2308
2026-09-04,151799,360 ONE FLEXICAP FUND-REGULAR PLAN- GROWTH,16.3995
2026-09-04,151802,HDFC Consumption Fund - IDCW Option,13.691
2026-09-04,151803,HDFC Consumption Fund - Growth Option,13.691
2026-09-04,151804,HDFC Consumption Fund - Growth Option - Direct Plan,14.219
2026-09-04,151805,HDFC Consumption Fund - IDCW Option - Direct Plan,14.219
2026-09-04,151810,Mirae Asset Multicap Fund - Direct Plan - Growth,15.640
2026-09-04,151811,Mirae Asset Multicap Fund - Direct Plan - IDCW,15.638
2026-09-04,151812,Mirae Asset Multicap Fund - Regular Plan - Growth,14.954
2026-09-04,151813,Mirae Asset Multicap Fund - Regular Plan - IDCW,14.942
2026-09-04,151814,Motilal Oswal Nifty Microcap 250 Index Fund- Direct- Growth Option,19.3458
2026-09-04,151815,Motilal Oswal Nifty Microcap 250 Index Fund- Regular- Growth Option,18.9636
2026-09-04,151816,BANDHAN FINANCIAL SERVICES FUND - DIRECT PLAN - GROWTH,15.907
2026-09-04,151817,BANDHAN FINANCIAL SERVICES FUND - DIRECT PLAN - IDCW,13.876
2026-09-04,151818,BANDHAN FINANCIAL SERVICES FUND - REGULAR PLAN - GROWTH,15.132
2026-09-04,151819,BANDHAN FINANCIAL SERVICES FUND - REGULAR PLAN - IDCW,13.209
2026-09-04,151820,DSP Nifty IT ETF,32.5739
2026-09-04,151821,Canara Robeco Multi Cap Fund - Regular Plan - Growth Option,15.0400
2026-09-04,151822,Canara Robeco Multi Cap Fund - Direct Plan - IDCW Option,14.0500
2026-09-04,151823,Canara Robeco Multi Cap Fund - Regular Plan - IDCW Option,13.4400
2026-09-04,151824,Canara Robeco Multi Cap Fund - Direct Plan - Growth Option,15.7200
2026-09-04,151833,Bajaj Finserv Liquid Fund - Direct Plan - Growth,1238.8667
2026-09-04,151834,Bajaj Finserv Liquid Fund - Direct Plan - Weekly - IDCW,1035.8652
2026-09-04,151835,Bajaj Finserv Liquid Fund - Direct Plan - Daily - IDCW,1034.6939
2026-09-04,151836,Bajaj Finserv Liquid Fund - Direct Plan - Monthly - IDCW,1038.2972
2026-09-04,151837,Bajaj Finserv Liquid Fund - Regular Plan - Growth,1231.9301
2026-09-04,151838,Bajaj Finserv Liquid Fund - Direct Plan - Fortnightly - IDCW,1037.1925
2026-09-04,151839,Bajaj Finserv Liquid Fund - Regular Plan - Daily - IDCW,1033.8241
2026-09-04,151840,Bajaj Finserv Liquid Fund - Regular Plan - Weekly - IDCW,1034.9771
2026-09-04,151841,Bajaj Finserv Liquid Fund - Regular Plan - Fortnightly - IDCW,1036.2519
2026-09-04,151842,Bajaj Finserv Liquid Fund - Regular Plan - Monthly - IDCW,1037.3221
2026-09-04,151843,Bajaj Finserv Overnight Fund - Direct Plan - Daily - IDCW,1033.1412
2026-09-04,151844,Bajaj Finserv Overnight Fund - Direct Plan - Weekly - IDCW,1033.6892
2026-09-04,151845,Bajaj Finserv Overnight Fund - Direct Plan - Monthly - IDCW,1035.6954
2026-09-04,151846,Bajaj Finserv Overnight Fund - Regular Plan - Weekly - IDCW,1033.4147
2026-09-04,151847,Bajaj Finserv Overnight Fund - Regular Plan - Fortnightly - IDCW,1034.4260
2026-09-04,151848,Bajaj Finserv Overnight Fund - Regular Plan - Monthly - IDCW,1035.4245
2026-09-04,151849,Bajaj Finserv Overnight Fund - Direct Plan - Growth,1208.0456
2026-09-04,151850,Bajaj Finserv Overnight Fund - Direct Plan - Fortnightly - IDCW,1034.6951
2026-09-04,151851,Bajaj Finserv Overnight Fund - Regular Plan - Growth,1206.1330
2026-09-04,151852,Bajaj Finserv Overnight Fund - Regular Plan - Daily - IDCW,1032.8859
2026-09-04,151853,quant Healthcare Fund - Growth Option - Direct Plan,19.1846
2026-09-04,151854,quant Healthcare Fund - IDCW Option - Direct Plan,19.1826
2026-09-04,151855,quant Healthcare Fund - Growth Option - Regular Plan,18.2274
2026-09-04,151856,quant Healthcare Fund - IDCW Option - Regular Plan,18.2264
2026-09-04,151857,Mirae Asset Nifty Bank ETF,585.3868
2026-09-04,151862,HDFC Charity Fund for Cancer Cure - IDCW Option - Direct Plan - 50% IDCW Donation Option,10.1926
2026-09-04,151863,HDFC Charity Fund for Cancer Cure - IDCW Option - 75% IDCW Donation Option,10.1926
2026-09-04,151864,HDFC Charity Fund for Cancer Cure - IDCW Option - Direct Plan - 75% IDCW Donation Option,10.1926
2026-09-04,151865,HDFC Charity Fund for Cancer Cure - IDCW Option - 50% IDCW Donation Option,10.1926
2026-09-04,151878,Kotak Quant Fund - Regular Plan - Growth Option,15.228
2026-09-04,151879,Kotak Quant Fund - Regular Plan - IDCW Payout,15.112
2026-09-04,151880,Kotak Quant Fund - Direct plan - IDCW Payout,15.42
2026-09-04,151881,Kotak Quant Fund - Direct Plan - Growth Option,15.42
2026-09-04,151882,UTI Balanced Advantage Fund - Regular Plan - Growth Option,12.5661
2026-09-04,151883,UTI Balanced Advantage Fund - Direct Plan - Payout of IDCW Option,13.1038
2026-09-04,151884,UTI Balanced Advantage Fund - Regular Plan - Payout of IDCW Option,12.5662
2026-09-04,151885,UTI Balanced Advantage Fund - Direct Plan - Growth Option,13.1038
2026-09-04,151886,DSP BSE Sensex ETF,78.9960
2026-09-04,151887,DSP Nifty Private Bank ETF,28.2994
2026-09-04,151888,DSP Nifty PSU Bank ETF,86.1307
2026-09-04,151889,Bajaj Finserv Money Market Fund-Direct Plan-Growth,1254.4675
2026-09-04,151890,Bajaj Finserv Money Market Fund-Direct Plan-IDCW,1254.4675
2026-09-04,151891,Bajaj Finserv Money Market Fund-Regular Plan-IDCW,1231.1268
2026-09-04,151892,Bajaj Finserv Money Market Fund-Regular Plan-Monthly-IDCW,1048.0344
2026-09-04,151893,Bajaj Finserv Money Market Fund-Regular Plan-Growth,1231.1268
2026-09-04,151894,Bajaj Finserv Money Market Fund-Direct Plan-Monthly-IDCW,1038.2833
2026-09-04,151895,Bajaj Finserv Flexi Cap Fund-Direct Plan-Growth,16.414
2026-09-04,151896,Bajaj Finserv Flexi Cap Fund-Direct Plan-IDCW,16.414
2026-09-04,151897,Bajaj Finserv Flexi Cap Fund-Regular Plan-IDCW,15.735
2026-09-04,151898,Bajaj Finserv Flexi Cap Fund -Regular Plan-Growth,15.735
2026-09-04,151899,HDFC Transportation and Logistics Fund - IDCW Option - Direct Plan,20.441
2026-09-04,151900,HDFC Transportation and Logistics Fund - Growth Option,19.72
2026-09-04,151901,HDFC Transportation and Logistics Fund - Growth Option - Direct Plan,20.441
2026-09-04,151902,HDFC Transportation and Logistics Fund - IDCW Option,19.72
2026-09-04,151903,Union Innovation & Opportunities Fund - Regular Plan - Growth Option,16.22
2026-09-04,151904,Union Innovation & Opportunities Fund - Direct Plan - IDCW Option,16.94
2026-09-04,151905,Union Innovation & Opportunities Fund - Direct Plan - Growth Option,16.94
2026-09-04,151906,Union Innovation & Opportunities Fund - Regular Plan - IDCW Option,16.22
2026-09-04,151907,ICICI Prudential Nifty 200 Quality 30 ETF,21.0212
2026-09-04,151908,Mirae Asset Nifty 1D Rate Liquid ETF-IDCW,1000.0000
2026-09-04,151909,Kotak Nifty Financial Services Ex-Bank Index Fund - Regular Plan - Growth option,16.521
2026-09-04,151910,Kotak Nifty Financial Services Ex-Bank Index Fund - Regular Plan - IDCW option,16.521
2026-09-04,151911,Kotak Nifty Financial Services Ex-Bank Index Fund - Direct Plan - Growth option,16.798
2026-09-04,151912,Kotak Nifty Financial Services Ex-Bank Index Fund - Direct Plan - IDCW option,16.797
2026-09-04,151913,quant Manufacturing Fund - Growth Option - Regular Plan,16.6968
2026-09-04,151914,quant Manufacturing Fund - IDCW Option - Direct Plan,17.4881
2026-09-04,151915,quant Manufacturing Fund - IDCW Option - Regular Plan,16.8242
2026-09-04,151916,quant Manufacturing Fund - Growth Option - Direct Plan,17.4931
2026-09-04,151917,NJ Flexi Cap Fund - Direct Plan - Growth Option,13.54
2026-09-04,151918,NJ Flexi Cap Fund - Direct Plan - IDCW Option,13.54
2026-09-04,151919,NJ Flexi Cap Fund - Regular Plan - IDCW Option,12.92
2026-09-04,151920,NJ Flexi Cap Fund - Regular Plan - Growth Option,12.92
2026-09-04,151927,LIC MF Liquid Fund-Regular Plan-Weekly IDCW,1002.8714
2026-09-04,151928,LIC MF Liquid Fund-Regular Plan-Monthly IDCW,1228.915
2026-09-04,151930,LIC MF Liquid Fund-Direct Plan-Monthly IDCW,1250.3391
2026-09-04,151932,LIC MF Liquid Fund-Direct Plan-Weekly IDCW,1117.0889
2026-09-04,151935,LIC MF Nifty Next 50 Index Fund-Regular Plan-Growth,54.2899
2026-09-04,151936,LIC MF Nifty Next 50 Index Fund-Regular Plan-IDCW,54.2899
2026-09-04,151937,LIC MF Nifty Next 50 Index Fund-Direct Plan-Growth,59.9203
2026-09-04,151938,LIC MF Nifty Next 50 Index Fund-Direct Plan-IDCW,59.9202
2026-09-04,151949,LIC MF Equity Savings Fund-Regular Plan-Monthly IDCW,22.2511
2026-09-04,151950,LIC MF Equity Savings Fund-Regular Plan-Growth,28.6271
2026-09-04,151951,LIC MF Equity Savings Fund-Regular Plan-Quarterly IDCW,21.068
2026-09-04,151952,LIC MF Equity Savings Fund-Direct Plan-Growth,32.6932
2026-09-04,151953,LIC MF Equity Savings Fund-Direct Plan-Monthly IDCW,21.7784
2026-09-04,151954,LIC MF Equity Savings Fund-Direct Plan-Quarterly IDCW,17.9556
2026-09-04,151955,LIC MF Short Term Fund-Regular Plan-Monthly IDCW,15.1554
2026-09-04,151956,LIC MF Short Term Fund-Regular Plan-Weekly IDCW,12.8116
2026-09-04,151959,LIC MF Short Term Fund-Direct Plan-Monthly IDCW,16.6776
2026-09-04,151960,LIC MF Short Term Fund-Direct Plan-Weekly IDCW,16.6779
2026-09-04,151961,LIC MF Gold Exchange Traded Fund,138.4064
2026-09-04,151973,LIC MF Gold ETF Fund of Fund-Regular Plan-Growth,39.6605
2026-09-04,151974,LIC MF Gold ETF Fund of Fund-Direct Plan-Growth,41.9569
2026-09-04,151986,LIC MF Medium to Long Term Fund-Regular Plan-Quarterly IDCW,16.3354
2026-09-04,151988,LIC MF Medium to Long Term Fund-Direct Plan-Quarterly IDCW,19.8586
2026-09-04,151989,LIC MF Medium to Long Term Fund-Regular Plan-Annual IDCW,16.5857
2026-09-04,151990,LIC MF Medium to Long Term Fund-Direct Plan-Annual IDCW,19.8584
2026-09-04,151999,LIC MF Mid Cap Fund-Direct Plan-IDCW,33.3654
2026-09-04,152000,LIC MF Mid Cap Fund-Regular Plan-IDCW,29.4524
2026-09-04,152001,LIC MF Mid Cap Fund-Regular Plan-Growth,31.3818
2026-09-04,152002,LIC MF Mid Cap Fund-Direct Plan-Growth,35.5182
2026-09-04,152003,LIC MF Small Cap Fund-Regular Plan-Growth,35.8385
2026-09-04,152004,LIC MF Small Cap Fund-Direct Plan-Growth,40.7336
2026-09-04,152005,LIC MF Small Cap Fund-Direct Plan-IDCW,40.7246
2026-09-04,152006,LIC MF Small Cap Fund-Regular Plan-IDCW,35.8381
2026-09-04,152007,LIC MF Focused Fund-Regular Plan-IDCW,22.155
2026-09-04,152008,LIC MF Focused Fund-Direct Plan-IDCW,24.6188
2026-09-04,152009,LIC MF Focused Fund-Regular Plan-Growth,22.1552
2026-09-04,152010,LIC MF Focused Fund-Direct Plan-Growth,24.6493
2026-09-04,152015,LIC MF Value Fund-Direct Plan-IDCW,31.4533
2026-09-04,152016,LIC MF Value Fund-Regular Plan-Growth,28.8559
2026-09-04,152017,LIC MF Value Fund-Regular Plan-IDCW,28.8561
2026-09-04,152018,LIC MF Value Fund-Direct Plan-Growth,31.4869
2026-09-04,152019,LIC MF Dividend Yield Fund-Regular Plan-Growth,32.7788
2026-09-04,152020,LIC MF Dividend Yield Fund-Regular Plan-IDCW,32.778
2026-09-04,152021,LIC MF Dividend Yield Fund-Direct Plan-IDCW,36.1636
2026-09-04,152022,LIC MF Dividend Yield Fund-Direct Plan-Growth,36.1828
2026-09-04,152023,LIC MF Healthcare Fund-Direct Plan-IDCW,37.7742
2026-09-04,152024,LIC MF Healthcare Fund-Direct Plan-Growth,37.7866
2026-09-04,152025,LIC MF Healthcare Fund-Regular Plan-Growth,34.1109
2026-09-04,152026,LIC MF Healthcare Fund-Regular Plan-IDCW,34.1114
2026-09-04,152027,HSBC Consumption Fund - Regular Growth,15.4267
2026-09-04,152028,HSBC Consumption Fund - Direct IDCW,14.7857
2026-09-04,152030,HSBC Consumption Fund - Regular IDCW,14.2484
2026-09-04,152032,HSBC Consumption Fund - Direct Growth,16.0627
2026-09-04,152033,Nippon India Innovation Fund-Direct Plan-Growth Option,15.6435
2026-09-04,152034,Nippon India Innovation Fund-Regular Plan-Growth Option,15.0376
2026-09-04,152035,Nippon India Innovation Fund-Direct Plan-IDCW Option,15.6435
2026-09-04,152036,Nippon India Innovation Fund-Regular Plan-IDCW Option,15.0376
2026-09-04,152037,Kotak BSE Housing Index Fund - Direct Plan - IDCW Option,13.073
2026-09-04,152038,Kotak  BSE Housing Index Fund - Regular Plan - Growth Option,12.865
2026-09-04,152039,Kotak BSE Housing Index Fund - Direct Plan - Growth Option,13.074
2026-09-04,152040,Kotak  BSE Housing Index Fund - Regular Plan - IDCW Option,12.865
2026-09-04,152041,Bandhan Nifty IT Index Fund - Direct Plan - Growth,10.4528
2026-09-04,152042,Bandhan Nifty IT Index Fund - Direct Plan - IDCW,10.4562
2026-09-04,152043,Bandhan Nifty IT Index Fund - Regular Plan - Growth,10.2506
2026-09-04,152044,Bandhan Nifty IT Index Fund - Regular Plan - IDCW,10.2497
2026-09-04,152045,Mahindra Manulife Business Cycle Fund - Direct Plan - Growth,16.6376
2026-09-04,152046,Mahindra Manulife Business Cycle Fund-  Regular Plan - Growth,15.8206
2026-09-04,152047,Mahindra Manulife Business Cycle Fund - Regular Plan - IDCW,13.5109
2026-09-04,152048,Mahindra Manulife Business Cycle Fund - Direct Plan - IDCW,14.2896
2026-09-04,152050,UTI Nifty Midcap 150 Exchange Traded Fund,234.3115
2026-09-04,152051,Shriram Multi Asset Allocation Fund - Direct Growth,13.9648
2026-09-04,152052,Shriram Multi Asset Allocation Fund - Regular Growth,13.2332
2026-09-04,152053,DSP Multi Asset Allocation Fund - Regular - Growth,16.2302
2026-09-04,152054,DSP Multi Asset Allocation Fund - Regular - IDCW,14.6255
2026-09-04,152055,DSP Multi Asset Allocation Fund - Direct - IDCW,16.0573
2026-09-04,152056,DSP Multi Asset Allocation Fund - Direct - Growth,16.8596
2026-09-04,152057,HDFC Technology Fund - IDCW Option,11.811
2026-09-04,152058,HDFC Technology Fund - Growth Option,11.811
2026-09-04,152059,HDFC Technology Fund - Growth Option - Direct Plan,12.238
2026-09-04,152060,HDFC Technology Fund - IDCW Option - Direct Plan,12.238
2026-09-04,152061,NAVI BSE SENSEX INDEX FUND - REGULAR PLAN - GROWTH,11.6967
2026-09-04,152062,NAVI BSE SENSEX INDEX FUND - DIRECT PLAN - GROWTH,11.9355
2026-09-04,152063,Kotak Multi Asset Allocation Fund - Direct Plan - IDCW Option,15.637
2026-09-04,152064,Kotak Multi Asset Allocation Fund - Direct Plan - Growth Option,16.617
2026-09-04,152065,Kotak Multi Asset Allocation Fund - Regular Plan - Growth Option,15.972
2026-09-04,152066,Kotak Multi Asset Allocation Fund - Regular Plan - IDCW Option,15.032
2026-09-04,152067,quant Teck Fund - Growth Option - Direct Plan,11.6765
2026-09-04,152068,quant Teck Fund - IDCW Option - Direct Plan,11.6702
2026-09-04,152069,quant Teck Fund - IDCW Option - Regular Plan,11.1382
2026-09-04,152070,quant Teck Fund - Growth Option - Regular Plan,11.1366
2026-09-04,152071,WhiteOak Capital Multi Cap Fund Direct Plan Growth,17.082
2026-09-04,152072,WhiteOak Capital Multi Cap Fund Regular Plan Growth,16.319
2026-09-04,152073,360 ONE Balanced Hybrid Fund - Direct Plan - IDCW,13.8542
2026-09-04,152074,360 ONE Balanced Hyrbrid fund - Regular Plan - IDCW,13.2552
2026-09-04,152075,360 ONE Balanced Hybrid Fund - Regular Plan - Growth,13.2552
2026-09-04,152076,360 ONE Balanced Hybrid Fund- Direct Plan - Growth,13.8542
2026-09-04,152077,Bajaj Finserv Arbitrage Fund-Direct Plan-Growth,12.212
2026-09-04,152078,Bajaj Finserv Arbitrage Fund- Regular Plan-Growth,11.960
2026-09-04,152079,Bajaj Finserv Arbitrage Fund-Regular Plan-IDCW,11.960
2026-09-04,152080,Bajaj Finserv Arbitrage Fund- Direct Plan-IDCW,12.212
2026-09-04,152081,HDFC Pharma and Healthcare Fund - IDCW Option - Direct Plan,22.406
2026-09-04,152082,HDFC Pharma and Healthcare Fund - Growth Option - Direct Plan,22.406
2026-09-04,152083,HDFC Pharma and Healthcare Fund - IDCW Option,21.643
2026-09-04,152084,HDFC Pharma and Healthcare Fund - Growth Option,21.643
2026-09-04,152086,UTI Innovation Fund - Regular Plan - Growth Option,11.7404
2026-09-04,152087,UTI Innovation Fund - Direct Plan - Growth Option,12.2288
2026-09-04,152088,UTI Innovation Fund - Regular Plan - Payout of IDCW Optioni,11.7404
2026-09-04,152089,UTI Innovation Fund - Direct Plan - Payout of IDCW Option,12.2288
2026-09-04,152090,Motilal Oswal Developed Market Ex US ETFs Fund of Funds Direct Plan Growth,19.0113
2026-09-04,152091,Motilal Oswal Developed Market Ex US ETFs Fund of Funds Regular Plan Growth,18.7267
2026-09-04,152092,Groww Nifty Total Market Index Fund - Direct Plan - Growth,14.0399
2026-09-04,152093,Edelweiss Multi Cap Fund - Direct Plan - IDCW,16.1969
2026-09-04,152094,Edelweiss Multi Cap Fund - Direct Plan - Growth,16.7138
2026-09-04,152095,Edelweiss Multi Cap Fund - Regular Plan - Growth,15.9917
2026-09-04,152096,Edelweiss Multi Cap Fund - Regular Plan - IDCW,15.4762
2026-09-04,152097,Mirae Asset BSE Sensex ETF,79.0402
2026-09-04,152098,Kotak Nifty G-Sec July 2033 Index Fund - Direct Plan - Growth,12.5393
2026-09-04,152099,Kotak Nifty G-Sec July 2033 Index Fund - Direct Plan - IDCW Payout,12.5394
2026-09-04,152100,Kotak Nifty G-Sec July 2033 Index Fund - Regular Plan - Growth,12.4489
2026-09-04,152101,Kotak Nifty G-Sec July 2033 Index Fund - Regular Plan - IDCW Payout,12.4488
2026-09-04,152102,Bandhan Retirement Fund - Direct Plan - Growth,13.142
2026-09-04,152103,Bandhan Retirement Fund - Regular Plan - Growth,12.528
2026-09-04,152104,Bandhan Retirement Fund - Direct Plan - IDCW,13.132
2026-09-04,152105,Bandhan Retirement Fund - Regular Plan - IDCW,12.529
2026-09-04,152106,Motilal Oswal Nifty 500 ETF,23.8063
2026-09-04,152107,QUANTUM SMALL CAP FUND - DIRECT PLAN GROWTH OPTION,14.38
2026-09-04,152108,QUANTUM SMALL CAP FUND - REGULAR PLAN GROWTH OPTION,13.78
2026-09-04,152109,Parag Parikh Arbitrage Fund - Direct Plan Growth,12.1003
2026-09-04,152110,Parag Parikh Arbitrage Fund - Regular Plan Growth,11.9786
2026-09-04,152116,NJ Overnight Fund - Unclaimed Redemption Plan - Upto 3 Years,1106.5139
2026-09-04,152125,Groww Nifty Total Market Index Fund - Direct Plan - IDCW,14.0395
2026-09-04,152126,Groww Nifty Total Market Index Fund - Regular Plan - IDCW,13.7759
2026-09-04,152127,Groww Nifty Total Market Index Fund - Regular Plan - Growth,13.7752
2026-09-04,152128,Baroda BNP Paribas Small Cap Fund - Direct Plan - Growth option,14.8098
2026-09-04,152129,Baroda BNP Paribas Small Cap Fund - Direct Plan - IDCW option,14.4518
2026-09-04,152130,Baroda BNP Paribas Small Cap Fund - Regular Plan - Growth option,14.2348
2026-09-04,152131,Baroda BNP Paribas Small Cap Fund - Regular Plan - IDCW option,13.8711
2026-09-04,152132,WhiteOak Capital Balanced Hybrid Fund Direct Plan Growth,13.990
2026-09-04,152133,WhiteOak Capital Balanced Hybrid Fund Regular Plan Growth,13.401
2026-09-04,152134,Mirae Asset Nifty 200 Alpha 30 ETF,26.5887
2026-09-04,152135,Helios Flexi Cap Fund - Direct Plan - Growth Option,16.21
2026-09-04,152136,Helios Flexi Cap Fund - Regular Plan - Growth Option,15.57
2026-09-04,152137,Helios Flexi Cap Fund - Regular Plan - IDCW Option,15.57
2026-09-04,152138,Helios Flexi Cap Fund - Direct Plan - IDCW Option,16.21
2026-09-04,152139,Aditya Birla Sun Life US Treasury 1-3 Year Bond ETFs Fund Of Funds-Direct IDCW Payout,12.7677
2026-09-04,152140,Aditya Birla Sun Life US Treasury 1-3 Year Bond ETFs Fund Of Funds-Direct Growth,12.7677
2026-09-04,152142,Aditya Birla Sun Life US Treasury 1-3 Year Bond ETFs Fund Of Funds-Regular Growth,12.7509
2026-09-04,152144,Aditya Birla Sun Life US Treasury 1-3 Year Bond ETFs Fund Of Funds-Regular IDCW,12.7497
2026-09-04,152145,Aditya Birla Sun Life US Treasury 3-10 Year Bond ETFs Fund Of Funds-Direct IDCW,12.8708
2026-09-04,152147,Aditya Birla Sun Life US Treasury 3-10 Year Bond ETFs Fund Of Funds-Regular Growth,12.8520
2026-09-04,152149,Aditya Birla Sun Life US Treasury 3-10 Year Bond ETFs Fund Of Funds-Regular IDCW,12.8521
2026-09-04,152150,Aditya Birla Sun Life US Treasury 3-10 Year Bond ETFs Fund Of Funds-Direct Growth,12.8708
2026-09-04,152151,Helios Overnight Fund - Direct Plan - Daily IDCW Option,1000.0000
2026-09-04,152152,Helios Overnight Fund - Direct Plan - Growth Option,1180.2224
2026-09-04,152153,Helios Overnight Fund - Regular Plan - Growth Option,1178.5492
2026-09-04,152154,Helios Overnight Fund - Regular Plan - Daily IDCW Option,1000.0000
2026-09-04,152155,Mirae Asset Nifty IT ETF,32.5630
2026-09-04,152156,Zerodha Nifty LargeMidcap 250 Index Fund - Direct Plan - Growth option,14.4127
2026-09-04,152157,Zerodha ELSS Tax Saver Nifty LargeMidcap 250 Index Fund - Direct Plan - Growth option,14.4431
2026-09-04,152158,Aditya Birla Sun Life Transportation and Logistics Fund-Direct Growth,17.85
2026-09-04,152159,Aditya Birla Sun Life Transportation and Logistics Fund-Direct IDCW,17.85
2026-09-04,152160,Aditya Birla Sun Life Transportation and Logistics Fund-Regular IDCW,17.16
2026-09-04,152161,Aditya Birla Sun Life Transportation and Logistics Fund-Regular Growth,17.16
2026-09-04,152162,Bajaj Finserv Banking and PSU Debt Fund-Direct Plan- Growth,12.2438
2026-09-04,152163,Bajaj Finserv Banking and PSU Debt Fund- Direct Plan- IDCW,12.2438
2026-09-04,152164,Bajaj Finserv Banking and PSU Debt Fund-  Direct Plan-Monthly- IDCW,10.9796
2026-09-04,152165,Bajaj Finserv Banking and PSU Debt Fund- Regular Plan- Growth,12.0562
2026-09-04,152166,Bajaj Finserv Banking and PSU Debt Fund- Regular Plan- IDCW,12.0562
2026-09-04,152167,Bajaj Finserv Banking and PSU Debt Fund-Regular Plan-Monthly-IDCW,10.9081
2026-09-04,152168,SBI NIFTY 1D Rate Liquid ETF - IDCW,1000.0000
2026-09-04,152169,Kotak Consumption Fund - Direct plan - Growth Option,14.564
2026-09-04,152170,Kotak Consumption Fund - Regular plan - Growth Option,13.934
2026-09-04,152171,Kotak Consumption Fund - Regular plan - IDCW Option,13.932
2026-09-04,152172,Kotak Consumption Fund - Direct plan - IDCW Option,14.561
2026-09-04,152177,Bandhan Nifty Alpha 50 Index Fund - Direct Plan - Growth,14.8499
2026-09-04,152178,Bandhan Nifty Alpha 50 Index Fund - Direct Plan - IDCW,14.8407
2026-09-04,152179,Bandhan Nifty Alpha 50 Index Fund - Regular Plan - Growth,14.5707
2026-09-04,152180,Bandhan Nifty Alpha 50 Index Fund - Regular Plan - IDCW,14.5704
2026-09-04,152181,DSP Gold ETF Fund of Fund - Regular - IDCW,23.9804
2026-09-04,152182,DSP Gold ETF Fund of Fund - Regular - Growth,23.9804
2026-09-04,152183,DSP Gold ETF Fund of Fund - Direct - Growth,24.2309
2026-09-04,152184,DSP Gold ETF Fund of Fund - Direct - IDCW,24.2309
2026-09-04,152185,Samco Dynamic Asset Allocation Fund - Regular Plan - IDCW Option,10.22
2026-09-04,152186,Samco Dynamic Asset Allocation Fund - Direct Plan - IDCW Option,10.67
2026-09-04,152187,Samco Dynamic Asset Allocation Fund - Regular Plan - Growth Option,10.22
2026-09-04,152188,Samco Dynamic Asset Allocation Fund - Direct Plan - Growth Option,10.68
2026-09-04,152189,quant Momentum Fund - Growth Option - Direct Plan,15.9441
2026-09-04,152190,quant Momentum Fund - Growth Option - Regular Plan,15.3872
2026-09-04,152191,quant Momentum Fund - IDCW Option - Regular Plan,15.3384
2026-09-04,152192,quant Momentum Fund - IDCW Option - Direct Plan,15.9278
2026-09-04,152193,Edelweiss Gold ETF,153.4436
2026-09-04,152194,Bajaj Finserv Balanced Advantage Fund-Direct Plan-Growth,12.277
2026-09-04,152195,Bajaj Finserv Balanced Advantage Fund-Direct Plan-IDCW,12.277
2026-09-04,152196,Bajaj Finserv Balanced Advantage Fund-Regular Plan-Growth,11.770
2026-09-04,152197,Bajaj Finserv Balanced Advantage Fund-Regular Plan-IDCW,11.770
2026-09-04,152199,Franklin India Money Market Fund Wkly IDCW R,10.0973
2026-09-04,152200,Franklin India Money Market Fund - DP - Wkly IDCW R,10.1085
2026-09-04,152202,Axis India Manufacturing Fund - Direct Plan - Growth,16.88
2026-09-04,152203,Axis India Manufacturing Fund - Regular Plan - IDCW,16.26
2026-09-04,152204,Axis India Manufacturing Fund - Direct Plan - IDCW,16.88
2026-09-04,152205,Axis India Manufacturing Fund - Regular Plan - Growth,16.26
2026-09-04,152206,DSP Banking & Financial Services Fund - Direct - Growth,15.7960
2026-09-04,152207,DSP Banking & Financial Services Fund - Direct - IDCW,13.3070
2026-09-04,152208,DSP Banking & Financial Services Fund - Regular - Growth,15.1680
2026-09-04,152209,DSP Banking & Financial Services Fund - Regular - IDCW,13.8950
2026-09-04,152212,Edelweiss Silver ETF,233.0196
2026-09-04,152213,Kotak Healthcare Fund - Regular Plan - IDCW Option,16.912
2026-09-04,152214,Kotak Healthcare Fund - Direct Plan - Growth Option,17.676
2026-09-04,152215,Kotak Healthcare Fund - Direct Plan - IDCW Option,17.674
2026-09-04,152216,Kotak Healthcare Fund - Regular Plan - Growth Option,16.906
2026-09-04,152217,Union Children's Fund - Regular Plan - Growth Option,12.91
2026-09-04,152218,Union Children's Fund - Regular Plan - IDCW Option,11.23
2026-09-04,152219,Union Children's Fund - Direct Plan - Growth Option,13.37
2026-09-04,152220,Union Children's Fund - Direct Plan - IDCW Option,13.37
2026-09-04,152225,Whiteoak Capital Large & Mid Cap Fund Regular Plan Growth,13.941
2026-09-04,152226,Whiteoak Capital Large & Mid Cap Fund Direct Plan Growth,14.548
2026-09-04,152231,Baroda BNP Paribas Gold ETF,148.6676
2026-09-04,152232,Motilal Oswal Small Cap Fund - Regular - Growth,17.0954
2026-09-04,152234,Motilal Oswal Small Cap Fund - Regular - IDCW,17.0958
2026-09-04,152235,Motilal Oswal Small Cap Fund - Direct IDCW,17.7130
2026-09-04,152237,Motilal Oswal Small Cap Fund - Direct - Growth,17.7130
2026-09-04,152238,Axis US Specific Treasury Dynamic Debt Passive FOF - Regular Plan - IDCW Option,12.0463
2026-09-04,152239,Axis US Specific Treasury Dynamic Debt Passive FOF - Regular Plan - Growth Option,12.0463
2026-09-04,152240,Axis US Specific Treasury Dynamic Debt Passive FOF - Direct Plan - Growth Option,12.0626
2026-09-04,152241,Axis US Specific Treasury Dynamic Debt Passive FOF - Direct Plan - IDCW Option,12.0615
2026-09-04,152242,DSP Nifty Smallcap250 Quality 50 Index Fund - Regular - IDCW,10.4393
2026-09-04,152243,DSP Nifty Smallcap250 Quality 50 Index Fund - Direct - Growth,11.2501
2026-09-04,152244,DSP Nifty Smallcap250 Quality 50 Index Fund - Direct - IDCW,11.2501
2026-09-04,152245,DSP Nifty Smallcap250 Quality 50 Index Fund - Regular - Growth,11.0384
2026-09-04,152254,Groww Banking & Financial Services Fund - Direct Plan - Growth,13.8041
2026-09-04,152255,quant Commodities Fund - Growth Option - Direct Plan,15.1056
2026-09-04,152256,quant Commodities Fund - Growth Option - Regular Plan,14.5068
2026-09-04,152257,quant Commodities Fund - IDCW Option - Direct Plan,15.1007
2026-09-04,152258,quant Commodities Fund - IDCW Option - Regular Plan,14.5046
2026-09-04,152263,BANDHAN Nifty Smallcap 250 Index Fund - Direct Plan - IDCW,13.4173
2026-09-04,152264,BANDHAN Nifty Smallcap 250 Index Fund - Direct Plan - Growth,13.4172
2026-09-04,152265,BANDHAN Nifty Smallcap 250 Index Fund - Regular Plan - IDCW,13.1691
2026-09-04,152266,BANDHAN Nifty Smallcap 250 Index Fund - Regular Plan - Growth,13.1686
2026-09-04,152267,Aditya Birla Sun Life Crisil IBX Gilt Apr 2033 Index Fund-Direct Growth,12.2778
2026-09-04,152268,Aditya Birla Sun Life Crisil IBX Gilt Apr 2033 Index Fund-Regular Growth,12.1986
2026-09-04,152269,Aditya Birla Sun Life Crisil IBX Gilt Apr 2033 Index Fund-Regular IDCW payout,12.1989
2026-09-04,152270,Aditya Birla Sun Life Crisil IBX Gilt Apr 2033 Index Fund-Direct IDCW Payout,12.2774
2026-09-04,152273,Groww Banking & Financial Services Fund-IDCW,13.8032
2026-09-04,152274,Groww Banking & Financial Services Fund - Regular - Growth,13.1352
2026-09-04,152276,Groww Banking & Financial Services Fund - Regular Plan - IDCW,13.1352
2026-09-04,152284,Tata Gold Exchange Traded Fund,14.9234
2026-09-04,152285,Tata Silver Exchange Traded Fund,22.6587
2026-09-04,152286,Tata Gold ETF Fund of Fund Regular Plan IDCW Payout Option,23.2968
2026-09-04,152287,Tata Gold ETF Fund of Fund Direct Plan Growth Option,23.6040
2026-09-04,152288,Tata Gold ETF Fund of Fund Direct Plan IDCW Payout Option,23.6040
2026-09-04,152289,Tata Gold ETF Fund of Fund Direct Plan IDCW Reinvestment Option,23.6040
2026-09-04,152290,Tata Gold ETF Fund of Fund Regular Plan Growth Option,23.2968
2026-09-04,152291,Tata Gold ETF Fund of Fund Regular Plan IDCW Reinvestment Option,23.2968
2026-09-04,152292,Tata Silver ETF Fund of Fund Regular Plan IDCW Reinvestment Option,30.1584
2026-09-04,152293,Tata Silver ETF Fund of Fund Direct Plan Growth Option,30.5394
2026-09-04,152294,Tata Silver ETF Fund of Fund Direct Plan IDCW Payout Option,30.5394
2026-09-04,152295,Tata Silver ETF Fund of Fund Direct Plan IDCW Reinvestment Option,30.5394
2026-09-04,152296,Tata Silver ETF Fund of Fund Regular Plan IDCW Payout Option,30.1584
2026-09-04,152297,Tata Silver ETF Fund of Fund Regular Plan Growth Option,30.1584
2026-09-04,152298,Quantum Liquid Fund - Unclaimed IDCW Plan Below 3 years,11.8549
2026-09-04,152299,Quantum Liquid Fund - Unclaimed IDCW Plan Above 3 years,10.0000
2026-09-04,152300,Quantum Liquid Fund - Unclaimed Redemption Plan Below 3 years,11.3786
2026-09-04,152301,Quantum Liquid Fund - Unclaimed Redemption Plan Above 3 years,10.0000
2026-09-04,152306,DSP Nifty Healthcare ETF,16.5723
2026-09-04,152307,DSP Multi Cap Fund - Regular - Growth,12.3290
2026-09-04,152308,DSP Multi Cap Fund - Regular - IDCW,11.3780
2026-09-04,152309,DSP Multi Cap Fund - Direct - IDCW,11.7470
2026-09-04,152310,DSP Multi Cap Fund - Direct - Growth,12.8100
2026-09-04,152311,Sundaram Multi Asset Allocation Fund Regular Plan Growth,13.4414
2026-09-04,152312,Sundaram Multi Asset Allocation Fund Direct Plan IDCW Reinvestment,13.9791
2026-09-04,152313,Sundaram Multi Asset Allocation Fund Regular Plan IDCW Reinvestment,13.4414
2026-09-04,152314,Sundaram Multi Asset Allocation Fund Direct Plan Growth,13.9791
2026-09-04,152315,Sundaram Multi Asset Allocation Fund Regular Plan IDCW Payout,13.4414
2026-09-04,152316,Sundaram Multi Asset Allocation Fund Direct Plan IDCW Payout,13.9791
2026-09-04,152321,WhiteOak Capital Banking & Financial Services Fund - Direct Growth,13.699
2026-09-04,152322,WhiteOak Capital Banking & Financial Services Fund - Regular Growth,13.107
2026-09-04,152323,Bandhan Multi Asset Allocation Fund - Direct Plan - IDCW,13.9775
2026-09-04,152324,Bandhan Multi Asset Allocation Fund - Direct Plan - Growth,14.9023
2026-09-04,152325,Bandhan Multi Asset Allocation Fund - Regular Plan - IDCW,13.4391
2026-09-04,152326,Bandhan Multi Asset Allocation Fund - Regular Plan - Growth,14.3280
2026-09-04,152327,Zerodha Nifty 1D Rate Liquid ETF - Growth Option,115.7701
2026-09-04,152328,Baroda BNP Paribas Nifty 50 Index Fund - Regular Plan - IDCW option,11.1798
2026-09-04,152329,Baroda BNP Paribas Nifty 50 Index Fund - Direct Plan - Growth option,11.2915
2026-09-04,152330,Baroda BNP Paribas Nifty 50 Index Fund - Direct Plan - IDCW option,11.2915
2026-09-04,152331,Baroda BNP Paribas Nifty 50 Index Fund - Regular Plan - Growth option,11.1798
2026-09-04,152336,quant Consumption Fund - Growth Option - Direct Plan,10.6515
2026-09-04,152337,quant Consumption Fund - IDCW Option - Regular Plan,10.2351
2026-09-04,152338,quant Consumption Fund - Growth Option - Regular Plan,10.2311
2026-09-04,152339,quant Consumption Fund - IDCW Option - Direct Plan,10.6562
2026-09-04,152344,Mirae Asset Multi Asset Allocation Fund - Direct Plan - Growth,14.185
2026-09-04,152345,Mirae Asset Multi Asset Allocation Fund - Direct Plan - IDCW,14.182
2026-09-04,152346,Mirae Asset Multi Asset Allocation Fund - Regular Plan - IDCW,13.608
2026-09-04,152347,Mirae Asset Multi Asset Allocation Fund - Regular Plan - Growth,13.615
2026-09-04,152348,WhiteOak Capital Pharma and Heathcare Fund Regular Plan Growth,16.781
2026-09-04,152349,WhiteOak Capital Pharma and Heathcare Fund Direct Plan Growth,17.549
2026-09-04,152350,HDFC NIFTY PSU BANK ETF,86.1714
2026-09-04,152351,Motilal Oswal Large Cap Direct Plan IDCW,12.7404
2026-09-04,152352,Motilal Oswal Large Cap Regular Plan Growth,13.6824
2026-09-04,152353,Motilal Oswal Large Cap Regular Plan IDCW,12.1871
2026-09-04,152354,Motilal Oswal Large Cap Direct Plan Growth,14.1345
2026-09-04,152355,UTI Nifty IT ETF,323.0474
2026-09-04,152356,Bajaj Finserv Nifty 50 ETF,246.1939
2026-09-04,152357,Bajaj Finserv Nifty Bank ETF,58.4000
2026-09-04,152358,Old Bridge Focused Fund - Direct Growth,13.97
2026-09-04,152359,Old Bridge Focused Fund - Direct IDCW,13.97
2026-09-04,152361,Old Bridge Focused Fund - Regular Growth,13.59
2026-09-04,152363,Old Bridge Focused Fund - Regular IDCW,13.59
2026-09-04,152364,ICICI Prudential Nifty50 Value 20 Index Fund - IDCW,9.9888
2026-09-04,152365,ICICI Prudential Nifty50 Value 20 Index Fund - Direct Plan - Growth,10.1035
2026-09-04,152366,ICICI Prudential Nifty50 Value 20 Index Fund - Growth,9.9889
2026-09-04,152367,ICICI Prudential Nifty50 Value 20 Index Fund - Direct Plan - IDCW,10.1034
2026-09-04,152368,UTI Nifty 5 yr Benchmark G-Sec ETF,66.4709
2026-09-04,152369,UTI Nifty 10 yr Benchmark G-Sec ETF,26.4928
2026-09-04,152370,SBI Nifty50 Equal Weight Index Fund - Direct Plan - Growth,12.1863
2026-09-04,152371,SBI Nifty50 Equal Weight Index Fund - Direct Plan - Income Distribution Cum Capital Withdrawal Option,12.1855
2026-09-04,152372,SBI Nifty50 Equal Weight Index Fund - Regular Plan - Growth,12.0321
2026-09-04,152373,SBI Nifty50 Equal Weight Index Fund - Regular Plan - Income Distribution Cum Capital Withdrawal Option,12.0320
2026-09-04,152378,HSBC Multi Asset Allocation Fund - Regular - Growth,14.0001
2026-09-04,152379,HSBC Multi Asset Allocation Fund - Regular - IDCW,12.781
2026-09-04,152380,HSBC Multi Asset Allocation Fund - Direct - Growth,14.4873
2026-09-04,152381,HSBC Multi Asset Allocation Fund - Direct - IDCW,14.121
2026-09-04,152382,PGIM India Large and Midcap Fund - Direct Plan - Growth Option,13.27
2026-09-04,152383,PGIM India Large and Midcap Fund - Regular Plan - Growth Option,12.7
2026-09-04,152384,PGIM India Large and Midcap Fund - Direct Plan - IDCW option,12.04
2026-09-04,152385,PGIM India Large and Midcap Fund - Regular Plan - IDCW Option,11.77
2026-09-04,152386,Nippon India Nifty Bank Index Fund - Direct Plan - IDCW Option,12.3985
2026-09-04,152387,Nippon India Nifty Bank Index Fund - Regular Plan - Growth Option,12.2126
2026-09-04,152388,Nippon India Nifty Bank Index Fund - Regular Plan - IDCW Option,12.2126
2026-09-04,152389,Nippon India Nifty Bank Index Fund - Direct Plan - Growth Option,12.3985
2026-09-04,152390,Nippon India Nifty IT Index Fund - Direct Plan - IDCW Option,8.4257
2026-09-04,152391,Nippon India Nifty IT Index Fund - Regular Plan - Growth Option,8.2924
2026-09-04,152392,Nippon India Nifty IT Index Fund - Direct Plan - Growth Option,8.4257
2026-09-04,152393,Nippon India Nifty IT Index Fund - Regular Plan - IDCW Option,8.2924
2026-09-04,152395,Bank of India Multi Asset Allocation Fund-Regular Plan-IDCW,12.9331
2026-09-04,152396,Bank of India Multi Asset Allocation Fund-Direct Plan-Growth,13.2764
2026-09-04,152398,Bank of India Multi Asset Allocation Fund-Regular Plan-Growth,12.9319
2026-09-04,152399,Bank of India Multi Asset Allocation Fund-Direct Plan-IDCW,13.2705
2026-09-04,152404,LIC MF Nifty Midcap 100 ETF,63.5274
2026-09-04,152405,Bajaj Finserv Large & Mid Cap Fund- Direct Plan- IDCW,12.833
2026-09-04,152406,Bajaj Finserv Large & Mid Cap Fund- Regular Plan- Growth,12.372
2026-09-04,152407,Bajaj Finserv Large & Mid Cap Fund- Regular Plan- IDCW,12.372
2026-09-04,152408,Bajaj Finserv Large & Mid Cap Fund- Direct Plan- Growth,12.833
2026-09-04,152409,Union Business Cycle Fund - Direct Plan - Growth Option,12.25
2026-09-04,152410,Union Business Cycle Fund - Direct Plan - IDCW Option,12.25
2026-09-04,152411,Union Business Cycle Fund - Regular Plan - Growth Option,11.85
2026-09-04,152412,Union Business Cycle Fund - Regular Plan - IDCW Option,11.85
2026-09-04,152413,quant PSU Fund - Growth Option - Regular Plan,10.6394
2026-09-04,152414,quant PSU Fund - IDCW Option - Regular Plan,10.6393
2026-09-04,152415,quant PSU Fund - Growth Option - Direct Plan,11.0264
2026-09-04,152416,quant PSU Fund - IDCW Option - Direct Plan,11.0327
2026-09-04,152417,SBI Energy Opportunities Fund - Direct Plan - Growth,11.3360
2026-09-04,152418,SBI Energy Opportunities Fund - Regular Plan - Growth,11.0340
2026-09-04,152419,SBI Energy Opportunities Fund - Regular Plan - Income Distribution Cum Capital Withdrawal Option,11.0342
2026-09-04,152420,SBI Energy Opportunities Fund - Direct Plan - Income Distribution Cum Capital Withdrawal Option,11.3358
2026-09-04,152421,Axis BSE Sensex Index Fund - Regular Plan - Growth,10.6250
2026-09-04,152422,Axis BSE Sensex Index Fund - Direct Plan - Growth,10.7796
2026-09-04,152423,Axis BSE Sensex Index Fund - Regular Plan - IDCW,10.6247
2026-09-04,152424,Axis BSE Sensex Index Fund - Direct Plan - IDCW,10.7796
2026-09-04,152429,HDFC NIFTY200 Momentum 30 Index Fund - Regular Plan,10.1714
2026-09-04,152430,HDFC NIFTY200 Momentum 30 Index Fund - Direct Plan,10.297
2026-09-04,152431,Groww Nifty Smallcap 250 Index Fund - Direct Plan - Growth,12.3434
2026-09-04,152433,Groww Nifty Smallcap 250 Index Fund - Regular Plan - Growth,12.1779
2026-09-04,152434,Groww Nifty Smallcap 250 Index Fund - Regular Plan - Regular Plan - IDCW,12.1633
2026-09-04,152436,Groww Nifty Smallcap 250 Index Fund - Direct Plan - IDCW,12.3485
2026-09-04,152437,Edelweiss Technology Fund - Direct Plan - Growth,13.3624
2026-09-04,152438,Edelweiss Technology Fund - Direct Plan - IDCW,13.3624
2026-09-04,152439,Edelweiss Technology Fund - Regular Plan - Growth,12.8048
2026-09-04,152440,Edelweiss Technology Fund - Regular Plan - IDCW,12.8048
2026-09-04,152441,Mahindra Manulife Multi Asset Allocation Fund- Regular Plan - Growth,14.0194
2026-09-04,152443,Mahindra Manulife Multi Asset Allocation Fund- Direct Plan - Growth,14.5872
2026-09-04,152444,Mahindra Manulife Multi Asset allocation Fund - Regular Plan - IDCW,13.1697
2026-09-04,152445,Mahindra Manulife Multi Asset Allocation Fund - Direct Plan - IDCW,13.7251
2026-09-04,152447,Canara Robeco Manufacturing Fund - Regular Plan - Growth Option,14.1400
2026-09-04,152448,Canara Robeco Manufacturing Fund -Regular Plan - IDWC Option,14.1300
2026-09-04,152449,Canara Robeco Manufacturing Fund - Direct Plan - IDWC Option,14.6200
2026-09-04,152450,Canara Robeco Manufacturing Fund - Direct Plan - Growth Option,14.6300
2026-09-04,152455,Mirae Asset Nifty Smallcap 250 Momentum Quality 100 ETF,49.1774
2026-09-04,152456,Mirae Asset Nifty Smallcap 250 Momentum Quality 100 ETF Fund of Fund - Direct Plan - IDCW,10.847
2026-09-04,152457,Mirae Asset Nifty Smallcap 250 Momentum Quality 100 ETF Fund of Fund - Regular Plan - Growth,10.715
2026-09-04,152458,Mirae Asset Nifty Smallcap 250 Momentum Quality 100 ETF Fund of Fund - Regular Plan - IDCW,10.717
2026-09-04,152459,Mirae Asset Nifty Smallcap 250 Momentum Quality 100 ETF Fund of Fund - Direct Plan - Growth,10.850
2026-09-04,152460,Kotak Technology Fund - Regular Plan - Growth Option,10.521
2026-09-04,152461,Kotak Technology Fund - Regular Plan - IDCW Option,10.521
2026-09-04,152462,Kotak Technology Fund - Direct Plan - Growth Option,10.911
2026-09-04,152463,Kotak Technology Fund - Direct Plan - IDCW Option,10.91
2026-09-04,152464,Parag Parikh Dynamic Asset Allocation Fund - Regular Plan Growth,11.7534
2026-09-04,152467,Parag Parikh Dynamic Asset Allocation Fund - Regular Plan - Monthly IDCW Reinvestment,10.0428
2026-09-04,152468,Parag Parikh Dynamic Asset Allocation Fund - Direct Plan Growth,11.8460
2026-09-04,152469,Parag Parikh Dynamic Asset Allocation Fund - Direct Plan - Monthly IDCW Reinvestment,10.2976
2026-09-04,152470,Baroda BNP Paribas Innovation Fund Direct plan - Growth Option,14.2249
2026-09-04,152471,Baroda BNP Paribas Innovation Fund Direct plan - IDCW Option,14.2249
2026-09-04,152472,Baroda BNP Paribas Innovation Fund Regular plan - Growth Option,13.7200
2026-09-04,152473,Baroda BNP Paribas Innovation Fund Regular plan - IDCW Option,13.5819
2026-09-04,152474,Quantum Multi Asset Allocation Fund - Direct Plan Growth Option,12.39
2026-09-04,152475,Quantum Multi Asset Allocation Fund - Regular Plan Growth Option,11.91
2026-09-04,152476,Zerodha Gold ETF,24.1768
2026-09-04,152481,ICICI Prudential Nifty LargeMidcap 250 Index Fund - Growth,12.3676
2026-09-04,152482,ICICI Prudential Nifty LargeMidcap 250 Index Fund - Direct Plan - Growth,12.5313
2026-09-04,152483,ICICI Prudential Nifty LargeMidcap 250 Index Fund - Direct Plan - IDCW,12.5313
2026-09-04,152484,ICICI Prudential Nifty LargeMidcap 250 Index Fund - IDCW,12.3671
2026-09-04,152489,Kotak Long Term Fund - Regular Plan - Growth,11.1452
2026-09-04,152490,Kotak Long Term Fund - Regular Plan - IDCW,11.1452
2026-09-04,152491,Kotak Long Term Fund - Direct Plan - Growth,11.2262
2026-09-04,152492,Kotak Long Term Fund - Direct Plan - IDCW,11.2255
2026-09-04,152509,Helios Balanced Advantage Fund- Direct Plan- Growth Option,11.96
2026-09-04,152510,Helios Balanced Advantage Fund- Regular Plan-IDCW Option,11.45
2026-09-04,152511,Helios Balanced Advantage Fund- Direct Plan-IDCW Option,11.88
2026-09-04,152512,Helios Balanced Advantage Fund- Regular Plan- Growth Option,11.52
2026-09-04,152517,Bandhan Long Term Fund - Regular Plan - IDCW,10.3174
2026-09-04,152518,Bandhan Long Term Fund - Regular Plan - Growth,11.2997
2026-09-04,152519,Bandhan Long Term Fund - Direct Plan - IDCW,10.5166
2026-09-04,152520,Bandhan Long Term Fund - Direct Plan - Growth,11.4142
2026-09-04,152521,HDFC NIFTY Realty Index Fund - Direct Plan,10.1977
2026-09-04,152522,HDFC NIFTY Reality Index Fund - Regular Plan,10.0792
2026-09-04,152527,DSP US Specific Debt Passive FoF - Regular - Growth,12.3565
2026-09-04,152528,DSP US Specific Debt Passive FoF - Direct - Growth,12.3718
2026-09-04,152529,DSP US Specific Debt Passive FoF - Direct - IDCW,12.3718
2026-09-04,152530,DSP US Specific Debt Passive FoF - Regular - IDCW,12.3565
2026-09-04,152535,Navi NiftyIT Index Fund - Direct Plan- Growth,9.1573
2026-09-04,152536,Navi NiftyIT Index Fund - Regular Plan -Growth,8.9993
2026-09-04,152537,PGIM India Retirement Fund - Direct Plan - Growth Option,12.91
2026-09-04,152538,PGIM India Retirement Fund - Regular Plan - Growth Option,12.42
2026-09-04,152539,PGIM India Retirement Fund - Direct Plan - IDCW Payout Option,12.91
2026-09-04,152540,PGIM India Retirement Fund - Regular Plan - IDCW Payout Option,12.42
2026-09-04,152541,Motilal Oswal Nifty Realty ETF,91.1279
2026-09-04,152546,Motilal Oswal Nifty Smallcap 250 ETF,18.5823
2026-09-04,152555,DSP BSE Liquid Rate ETF,1143.2533
2026-09-04,152556,Tata Nifty Auto Index Fund - Regular Plan - IDCW Reinvestment,12.4543
2026-09-04,152557,Tata Nifty Auto Index Fund - Direct Plan - Growth,12.6476
2026-09-04,152558,Tata Nifty Auto Index Fund - Direct Plan - IDCW Reinvestment,12.6476
2026-09-04,152559,Tata Nifty Auto Index Fund - Direct Plan - IDCW payout,12.6476
2026-09-04,152560,Tata Nifty Auto Index Fund - Regular Plan - Growth,12.4543
2026-09-04,152561,Tata Nifty Auto Index Fund - Regular Plan - IDCW Payout,12.4543
2026-09-04,152562,Tata Nifty MidSmall Healthcare Index Fund - Regular Plan - IDCW Payout,15.0228
2026-09-04,152563,Tata Nifty MidSmall Healthcare Index Fund - Regular Plan - IDCW Reinvestment,15.0228
2026-09-04,152564,Tata Nifty MidSmall Healthcare Index Fund - Direct Plan - Growth,15.2547
2026-09-04,152565,Tata Nifty MidSmall Healthcare Index Fund - Direct Plan - IDCW Payout,15.2547
2026-09-04,152566,Tata Nifty MidSmall Healthcare Index Fund - Direct Plan - IDCW Reinvestment,15.2547
2026-09-04,152567,Tata Nifty MidSmall Healthcare Index Fund - Regular Plan - Growth,15.0228
2026-09-04,152568,Tata Nifty Realty Index Fund - Regular Plan - IDCW Payout,9.1838
2026-09-04,152569,Tata Nifty Realty Index Fund - Regular Plan - IDCW Reinvestment,9.1838
2026-09-04,152570,Tata Nifty Realty Index Fund - Direct Plan - Growth,9.3315
2026-09-04,152571,Tata Nifty Realty Index Fund - Direct Plan - IDCW Payout,9.3315
2026-09-04,152572,Tata Nifty Realty Index Fund - Direct Plan - IDCW Reinvestment,9.3315
2026-09-04,152573,Tata Nifty Realty Index Fund - Regular Plan - Growth,9.1838
2026-09-04,152574,Tata Nifty Financial Services Index Fund - Regular Plan - Growth,12.0801
2026-09-04,152575,Tata Nifty Financial Services Index Fund - Regular Plan - IDCW Payout,12.0801
2026-09-04,152576,Tata Nifty Financial Services Index Fund - Regular Plan - IDCW Reinvestment,12.0801
2026-09-04,152577,Tata Nifty Financial Services Index Fund - Direct Plan - Growth,12.2685
2026-09-04,152578,Tata Nifty Financial Services Index Fund - Direct Plan - IDCW Reinvestment,12.2685
2026-09-04,152579,Tata Nifty Financial Services Index Fund - Direct Plan - IDCW Payout,12.2685
2026-09-04,152580,Invesco India Money Market Fund - Weekly IDCW (Payout / Reinvestment),1001.8422
2026-09-04,152582,TRUSTMF Flexi Cap Fund-Regular Plan- Growth,12.42
2026-09-04,152583,TRUSTMF Flexi Cap Fund-Regular Plan- IDCW,12.42
2026-09-04,152584,TRUSTMF Flexi Cap Fund-Direct Plan- Growth,12.91
2026-09-04,152585,TRUSTMF Flexi Cap Fund-Direct Plan- IDCW,12.90
2026-09-04,152586,Samco Special Opportunities Fund - Direct Plan - Growth,9.32
2026-09-04,152587,Samco Special Opportunities Fund - Regular Plan - Growth,8.99
2026-09-04,152588,Tata Nifty500 Multicap India Manufacturing 50:30:20 Index Fund -Direct Plan-Growth,12.4699
2026-09-04,152589,Tata Nifty500 Multicap India Manufacturing 50:30:20 Index Fund -Direct Plan-IDCW-Payout,12.4699
2026-09-04,152590,Tata Nifty500 Multicap India Manufacturing 50:30:20 Index Fund -Regular Plan-Growth,12.2807
2026-09-04,152591,Tata Nifty500 Multicap India Manufacturing 50:30:20 Index Fund -Regular Plan-IDCW Payout,12.2807
2026-09-04,152592,Tata Nifty500 Multicap India Manufacturing 50:30:20 Index Fund -Regular Plan -IDCW-Reinvestment,12.2807
2026-09-04,152593,Tata Nifty500 Multicap India Manufacturing 50:30:20 Index Fund -Direct Plan-IDCW-Reinvestment,12.4699
2026-09-04,152594,Tata Nifty500 Multicap Infrastructure 50:30:20 Index Fund - Direct Plan - IDCW Reinvestment,11.0768
2026-09-04,152595,Tata Nifty500 Multicap Infrastructure 50:30:20 Index Fund - Direct Plan - Growth,11.0768
2026-09-04,152596,Tata Nifty500 Multicap Infrastructure 50:30:20 Index Fund - Regular Plan - Growth,10.9038
2026-09-04,152597,Tata Nifty500 Multicap Infrastructure 50:30:20 Index Fund - Regular Plan - IDCW Payout,10.9038
2026-09-04,152598,Tata Nifty500 Multicap Infrastructure 50:30:20 Index Fund - Direct Plan - IDCW Payout,11.0768
2026-09-04,152599,Tata Nifty500 Multicap Infrastructure 50:30:20 Index Fund - Regular Plan - IDCW Reinvestment,10.9038
2026-09-04,152600,HDFC Manufacturing fund - Growth Option - Direct Plan,12.279
2026-09-04,152601,HDFC Manufacturing fund - IDCW - Regular Plan,11.975
2026-09-04,152602,HDFC Manufacturing fund - Growth Option - Regular Plan,11.975
2026-09-04,152603,HDFC Manufacturing fund - IDCW - Direct Plan,12.279
2026-09-04,152604,Bandhan Innovation Fund - Direct Plan - IDCW,15.149
2026-09-04,152605,Bandhan Innovation Fund - Regular Plan - IDCW,14.621
2026-09-04,152606,Bandhan Innovation Fund - Regular Plan - Growth,15.581
2026-09-04,152607,Bandhan Innovation Fund - Direct Plan - Growth,16.144
2026-09-04,152612,JM Small Cap Fund (Regular) - Growth Option,11.6189
2026-09-04,152613,JM Small Cap Fund (Regular) - IDCW Option,11.6189
2026-09-04,152614,JM Small Cap Fund (Direct) - Growth Option,12.0545
2026-09-04,152615,JM Small Cap Fund (Direct) - IDCW Option,12.0547
2026-09-04,152616,Edelweiss Nifty Alpha Low Volatility 30 Index Fund - Direct Plan - Growth,10.0492
2026-09-04,152617,Edelweiss Nifty Alpha Low Volatility 30 Index Fund - Regular Plan - Growth,9.8828
2026-09-04,152618,Edelweiss Nifty Alpha Low Volatility 30 Index Fund - Regular Plan - IDCW Payout,9.8828
2026-09-04,152619,Edelweiss Nifty Alpha Low Volatility 30 Index Fund - Direct Plan - IDCW Payout,10.0492
2026-09-04,152620,Aditya Birla Sun Life Nifty PSE ETF,10.1346
2026-09-04,152625,Baroda BNP Paribas Retirement Fund - Regular plan - Growth option,11.6421
2026-09-04,152626,Baroda BNP Paribas Retirement Fund - Direct plan - IDCW option,12.0864
2026-09-04,152627,Baroda BNP Paribas Retirement Fund - Regular plan - IDCW option,11.6421
2026-09-04,152628,Baroda BNP Paribas Retirement Fund - Direct plan - Growth option,12.0864
2026-09-04,152629,Axis Nifty Bank Index Fund - Direct Plan - Growth Option,11.8688
2026-09-04,152630,Axis Nifty Bank Index Fund - Regular Plan - IDCW Option,11.6420
2026-09-04,152631,Axis Nifty Bank Index Fund - Direct Plan - IDCW Option,11.8689
2026-09-04,152632,Axis Nifty Bank Index Fund - Regular Plan - Growth Option,11.6424
2026-09-04,152633,Groww Nifty Non-Cyclical Consumer Index Fund - Regular Plan - Growth,10.0964
2026-09-04,152634,Mirae Asset Nifty MidSmallcap400 Momentum Quality 100 ETF,51.7734
2026-09-04,152635,Groww Nifty Non-Cyclical Consumer Index Fund - IDCW,10.0952
2026-09-04,152636,Groww Nifty Non-Cyclical Consumer Index Fund - Direct Plan - IDCW,10.2285
2026-09-04,152637,Groww Nifty Non-Cyclical Consumer Index Fund - Direct Plan Growth,10.2286
2026-09-04,152638,Bajaj Finserv Nifty 1D Rate Liquid ETF,1097.4038
2026-09-04,152639,Bajaj Finserv Multi Asset Allocation Fund - Direct Growth,12.7242
2026-09-04,152640,Bajaj Finserv Multi Asset Allocation Fund - Regular IDCW,12.3003
2026-09-04,152641,Bajaj Finserv Multi Asset Allocation Fund - Direct IDCW,12.7242
2026-09-04,152642,Bajaj Finserv Multi Asset Allocation Fund - Regular Growth,12.3003
2026-09-04,152643,WhiteOak Capital Special Opportunities Fund - Regular Growth,14.714
2026-09-04,152644,WhiteOak Capital Special Opportunities Fund - Direct Growth,15.318
2026-09-04,152645,Mirae Asset Nifty MidSmallcap400 Momentum Quality 100 ETF Fund of Fund - Direct Plan - Growth,10.455
2026-09-04,152646,Mirae Asset Nifty MidSmallcap400 Momentum Quality 100 ETF Fund of Fund - Direct Plan - IDCW,10.455
2026-09-04,152647,Mirae Asset Nifty MidSmallcap400 Momentum Quality 100 ETF Fund of Fund - Regular Plan - Growth,10.327
2026-09-04,152648,Mirae Asset Nifty MidSmallcap400 Momentum Quality 100 ETF Fund of Fund - Regular Plan - IDCW,10.333
2026-09-04,152649,Motilal Oswal Multi Cap Fund Regular Plan IDCW,14.7784
2026-09-04,152650,Motilal Oswal Multi Cap Fund Regular Plan Growth,15.0037
2026-09-04,152651,Motilal Oswal Multi Cap Fund-Direct Plan Growth,15.4367
2026-09-04,152652,Motilal Oswal Multi Cap Fund-Direct Plan IDCW,15.2102
2026-09-04,152653,DSP Nifty Bank Index Fund - Regular - Growth,11.6595
2026-09-04,152654,DSP Nifty Bank Index Fund - Direct - Growth,11.8339
2026-09-04,152655,SBI Automotive Opportunities Fund - Direct Plan - Income Distribution Cum Capital Withdrawal Option,13.6426
2026-09-04,152656,SBI Automotive Opportunities Fund - Regular Plan - Income Distribution Cum Capital Withdrawal Option,13.3078
2026-09-04,152657,SBI Automotive Opportunities Fund - Direct Plan - Growth,13.6430
2026-09-04,152658,SBI Automotive Opportunities Fund - Regular Plan - Growth,13.3076
2026-09-04,152659,Aditya Birla Sun Life Crisil IBX Gilt June 2027 Index Fund-Direct Growth,11.6906
2026-09-04,152660,Aditya Birla Sun Life Crisil IBX Gilt June 2027 Index Fund-Regular Growth,11.6218
2026-09-04,152661,Aditya Birla Sun Life Crisil IBX Gilt June 2027 Index Fund-Regular IDCW Payout,11.6218
2026-09-04,152662,Aditya Birla Sun Life Crisil Ibx Gilt June 2027 Index Fund-Direct IDCW Payout,11.6912
2026-09-04,152663,Kotak NIFTY 100 Low Volatility 30 Index Fund - Direct plan - Growth option,10.8022
2026-09-04,152664,Kotak NIFTY 100 Low Volatility 30 Index Fund - Regular plan - Growth option,10.6505
2026-09-04,152665,Kotak NIFTY 100 Low Volatility 30 Index Fund - Direct plan - IDCW option,10.8022
2026-09-04,152666,Kotak NIFTY 100 Low Volatility 30 Index Fund - Regular plan - IDCW option,10.6505
2026-09-04,152667,Zerodha Nifty 100 ETF,10.5235
2026-09-04,152668,Zerodha Nifty Midcap 150 ETF,11.6702
2026-09-04,152669,Mahindra Manulife Manufacturing Fund - Regular Plan - IDCW,10.8852
2026-09-04,152670,Mahindra Manulife Manufacturing Fund - Direct Plan - IDCW,11.2659
2026-09-04,152671,Mahindra Manulife Manufacturing Fund - Regular Plan - Growth,10.8852
2026-09-04,152672,Mahindra Manulife Manufacturing Fund - Direct Plan - Growth,11.2659
2026-09-04,152673,Sundaram Business Cycle Fund Direct Plan IDCW Reinvestment,11.8879
2026-09-04,152674,Sundaram Business Cycle Fund Regular Plan IDCW Payout,11.4901
2026-09-04,152675,Sundaram Business Cycle Fund Regular Plan IDCW Reinvestment,11.4901
2026-09-04,152676,Sundaram Business Cycle Fund Direct Plan IDCW Payout,11.8879
2026-09-04,152677,Sundaram Business Cycle Fund Direct Plan Growth,11.8879
2026-09-04,152678,Sundaram Business Cycle Fund Regular Plan Growth,11.4901
2026-09-04,152679,Helios Financial Services Fund - Direct Plan - Growth Option,12.05
2026-09-04,152680,Helios Financial Services Fund - Direct Plan - IDCW Option,12.05
2026-09-04,152681,Helios Financial Services Fund - Regular Plan - IDCW Option,11.64
2026-09-04,152682,Helios Financial Services Fund - Regular Plan - Growth Option,11.64
2026-09-04,152683,Baroda BNP Paribas Nifty Bank ETF,57.8882
2026-09-04,152684,Aditya Birla Sun Life Quant Fund - Direct Growth,10.50
2026-09-04,152685,Aditya Birla Sun Life Quant Fund - Direct IDCW Payout,10.49
2026-09-04,152686,Aditya Birla Sun Life Quant Fund - Regular Growth,10.18
2026-09-04,152687,Aditya Birla Sun Life Quant Fund - Regular IDCW Payout,10.17
2026-09-04,152688,Canara Robeco Balanced Advantage Fund - Direct Plan - Growth Option,10.5800
2026-09-04,152689,Canara Robeco Balanced Advantage Fund - Direct Plan - IDCW Option,10.4800
2026-09-04,152690,Canara Robeco Balanced Advantage Fund - Regular Plan - Growth Option,10.2800
2026-09-04,152691,Canara Robeco Balanced Advantage Fund - Regular Plan - IDCW Option,10.1700
2026-09-04,152692,Motilal Oswal Quant Fund - Regular - Growth,9.8455
2026-09-04,152693,Motilal Oswal Quant Fund - Regular - IDCW,9.0773
2026-09-04,152694,Motilal Oswal Quant Fund - Direct - Growth,10.4326
2026-09-04,152695,Motilal Oswal Quant Fund - Direct - IDCW,9.8106
2026-09-04,152696,Baroda BNP Paribas Manufacturing Fund - Regular Plan - Growth Option,11.1087
2026-09-04,152697,Baroda BNP Paribas Manufacturing Fund - Direct Plan - Growth Option,11.4465
2026-09-04,152698,Baroda BNP Paribas Manufacturing Fund - Direct Plan - IDCW Option,11.4465
2026-09-04,152699,Baroda BNP Paribas Manufacturing Fund - Regular Plan - IDCW Option,11.1087
2026-09-04,152700,Kotak Special Opportunities Fund - Regular Plan - IDCW Option,11.322
2026-09-04,152702,Kotak Special Opportunities Fund - Direct Plan - Growth Option,11.668
2026-09-04,152703,Kotak Special Opportunities Fund - Regular Plan - Growth Option,11.323
2026-09-04,152704,Kotak Special Opportunities Fund - Direct Plan - IDCW Payout Option,11.668
2026-09-04,152710,Edelweiss Business Cycle Fund - Direct Plan - Growth,9.4743
2026-09-04,152711,Motilal Oswal Nifty India Defence Index Fund Regular Plan Growth,12.5422
2026-09-04,152712,Motilal Oswal Nifty India Defence Index Fund Direct Plan Growth,12.7302
2026-09-04,152713,HDFC NIFTY100 Low Volatility 30 Index Fund - Direct Plan,10.3493
2026-09-04,152714,HDFC NIFTY100 Low Volatility 30 Index Fund - Regular Plan,10.2377
2026-09-04,152715,Mirae Asset Nifty EV and New Age Automotive ETF,32.4301
2026-09-04,152716,Bandhan Nifty Total Market Index Fund - Direct Plan - Growth,10.2643
2026-09-04,152717,Bandhan Nifty Total Market Index Fund - Regular Plan - Growth,10.1211
2026-09-04,152718,Mirae Asset Nifty200 Alpha 30 ETF Fund of Fund - Direct Plan - Growth,9.291
2026-09-04,152719,Mirae Asset Nifty200 Alpha 30 ETF Fund of Fund - Direct Plan - IDCW,9.296
2026-09-04,152720,Mirae Asset Nifty200 Alpha 30 ETF Fund of Fund - Regular Plan - Growth,9.200
2026-09-04,152721,Mirae Asset Nifty200 Alpha 30 ETF Fund of Fund - Regular Plan - IDCW,9.193
2026-09-04,152722,Edelweiss Business Cycle Fund - Regular Plan - IDCW Option,9.1625
2026-09-04,152723,Edelweiss Business Cycle Fund - Direct Plan - IDCW Option,9.4743
2026-09-04,152724,Edelweiss Business Cycle Fund - Regular Plan - Growth,9.1625
2026-09-04,152725,SBI Silver ETF,228.6708
2026-09-04,152726,ICICI PRUDENTIAL ENERGY OPPORTUNITIES FUND - Growth,11.57
2026-09-04,152727,ICICI PRUDENTIAL ENERGY OPPORTUNITIES FUND - IDCW,11.57
2026-09-04,152728,ICICI PRUDENTIAL ENERGY OPPORTUNITIES FUND - Direct Plan - Growth,11.87
2026-09-04,152729,ICICI PRUDENTIAL ENERGY OPPORTUNITIES FUND - Direct Plan - IDCW,11.87
2026-09-04,152730,Axis Nifty 500 Index Fund - Regular Plan - Growth Option,10.0309
2026-09-04,152731,Axis Nifty 500 Index Fund - Direct Plan - Growth Option,10.2275
2026-09-04,152732,ADITYA BIRLA SUN LIFE CRISIL BROAD BASED GILT ETF,114.0639
2026-09-04,152733,SBI Silver ETF Fund of Fund- Regular Plan - Growth,24.6768
2026-09-04,152734,SBI Silver ETF FOF- Regular Plan - Income Distribution Cum Capital Withdrawal Option (IDCW),24.6800
2026-09-04,152735,SBI Silver ETF Fund of Fund- Direct Plan - Growth,24.8638
2026-09-04,152736,SBI Silver ETF Fund of Fund- Direct Plan - Income Distribution Cum Capital Withdrawal Option (IDCW),24.8637
2026-09-04,152737,Franklin India Multi Cap Fund - Direct - IDCW,11.3775
2026-09-04,152738,Franklin India Multi Cap Fund - Growth,11.0393
2026-09-04,152739,Franklin India Multi Cap Fund - Direct - Growth,11.3775
2026-09-04,152740,Franklin India Multi Cap Fund - IDCW,11.0393
2026-09-04,152741,Shriram Nifty 1D Rate Liquid ETF - Growth,1120.0693
2026-09-04,152742,Tata Nifty India Tourism Index Fund - Direct - Growth,8.9534
2026-09-04,152743,Tata Nifty India Tourism Index Fund - Direct - IDCW Reinvestment,8.9534
2026-09-04,152744,Tata Nifty India Tourism Index Fund - Direct - IDCW Payout,8.9534
2026-09-04,152745,Tata Nifty India Tourism Index Fund - Regular - IDCW Payout,8.8264
2026-09-04,152746,Tata Nifty India Tourism Index Fund - Regular - Growth,8.8264
2026-09-04,152747,Tata Nifty India Tourism Index Fund - Regular - IDCW Reinvestment,8.8264
2026-09-04,152748,ICICI Prudential Nifty Oil & Gas ETF,11.3713
2026-09-04,152749,SBI Nifty50 Equal Weight ETF,33.1144
2026-09-04,152750,NAVI NIFTY 500 MULTICAP 50-25-25 REGULAR PLAN,10.106
2026-09-04,152751,NAVI NIFTY 500 MULTICAP 50-25-25 DIRECT PLAN,10.2512
2026-09-04,152752,Kotak BSE PSU Index Fund - Regular Plan - Growth,9.261
2026-09-04,152753,Kotak BSE PSU Index Fund - Regular Plan - IDCW Payout and Reinvestment,9.261
2026-09-04,152754,Kotak BSE PSU Index Fund - Direct Plan - IDCW Payout and Reinvestment,9.387
2026-09-04,152755,Kotak BSE PSU Index Fund - Direct Plan - Growth,9.387
2026-09-04,152756,Invesco India Manufacturing Fund - Direct Plan - Growth,12.19
2026-09-04,152757,Invesco India Manufacturing Fund - Direct Plan - IDCW,12.19
2026-09-04,152758,Invesco India Manufacturing Fund - Regular Plan - Growth,11.81
2026-09-04,152759,Invesco India Manufacturing Fund - Regular Plan - IDCW,11.82
2026-09-04,152760,Motilal Oswal Manufacturing Fund - Direct Plan- Growth,12.0313
2026-09-04,152761,Motilal Oswal Manufacturing Fund - Regular Plan - IDCW,11.6829
2026-09-04,152762,Motilal Oswal Manufacturing Fund - Direct Plan - IDCW,12.0306
2026-09-04,152763,Motilal Owsal Manufacturing Fund - Regular Plan - Growth,11.6831
2026-09-04,152764,GROWW NIFTY EV & NEW AGE AUTOMOTIVE ETF,32.3026
2026-09-04,152765,KOTAK NIFTY MIDCAP 50 INDEX FUND-REGULAR PLAN-GROWTH,11.019
2026-09-04,152766,KOTAK NIFTY MIDCAP 50 INDEX FUND-REGULAR PLAN-IDCW PAYOUT AND REINVESTMENT,11.019
2026-09-04,152767,KOTAK NIFTY MIDCAP 50 INDEX FUND-DIRECT PLAN- GROWTH,11.158
2026-09-04,152768,KOTAK NIFTY MIDCAP 50 INDEX FUND-DIRECT PLAN-IDCW PAYOUT AND REINVESTMENT,11.158
2026-09-04,152769,ICICI Prudential Nifty Metal ETF,13.4018
2026-09-04,152770,Groww Nifty EV & New Age Automotive ETF FOF- Direct Plan - Growth,9.9059
2026-09-04,152771,Groww Nifty EV & New Age Automotive ETF FOF - Direct Plan - IDCW,9.9064
2026-09-04,152772,Groww Nifty EV & New Age Automotive ETF FOF - Regular Plan - IDCW,9.8239
2026-09-04,152773,Groww Nifty EV & New Age Automotive ETF FOF - Regular Plan - Growth,9.8238
2026-09-04,152774,SBI Innovative Opportunities Fund - Regular Plan - Growth,10.7021
2026-09-04,152775,SBI Innovative Opportunities Fund - Regular Plan - Income Distribution Cum Capital Withdrawal Option,10.7026
2026-09-04,152776,SBI Innovative Opportunities Fund - Direct Plan - Growth,10.9410
2026-09-04,152777,SBI Innovative Opportunities Fund - Direct Plan - Income Distribution Cum Capital Withdrawal Option,10.9410
2026-09-04,152778,HDFC NIFTY500 Multicap 50:25:25 Index Fund - Direct Plan,10.1868
2026-09-04,152779,HDFC NIFTY500 Multicap 50:25:25 index Fund - Regular Plan,10.0874
2026-09-04,152780,BAJAJ FINSERV LARGE CAP FUND - REGULAR PLAN - GROWTH,10.094
2026-09-04,152781,BAJAJ FINSERV LARGE CAP FUND - DIRECT PLAN - IDCW,10.408
2026-09-04,152782,BAJAJ FINSERV LARGE CAP FUND - REGULAR PLAN - IDCW,10.094
2026-09-04,152783,BAJAJ FINSERV LARGE CAP FUND - DIRECT PLAN - GROWTH,10.408
2026-09-04,152784,Union Multi Asset Allocation Fund- Direct Plan - IDCW Option,12.57
2026-09-04,152785,Union Multi Asset Allocation Fund- Regular Plan - IDCW Option,12.28
2026-09-04,152786,Union Multi Asset Allocation Fund- Regular Plan - Growth Option,12.28
2026-09-04,152787,Union Multi Asset Allocation Fund- Direct Plan - Growth Option,12.57
2026-09-04,152788,Bank of India Business Cycle Fund - Direct Plan - Dividend,9.99
2026-09-04,152789,Bank of India Business Cycle Fund - Direct Plan - Growth,10.00
2026-09-04,152790,Bank of India Business Cycle Fund - Regular Plan - Growth,9.75
2026-09-04,152791,Bank of India Business Cycle Fund - Regular Plan - Dividend,9.75
2026-09-04,152792,Bandhan Nifty Bank Index Fund - Regular Plan - Growth,11.1023
2026-09-04,152793,Bandhan Nifty Bank Index Fund - Direct Plan - Growth,11.2836
2026-09-04,152794,Motilal Oswal Business Cycle Fund-Regular Plan-Growth,12.7612
2026-09-04,152795,Motilal Oswal Business Cycle Fund-Regular Plan-IDCW,12.7613
2026-09-04,152796,Motilal Oswal Business Cycle Fund - Direct Plan- Growth,13.1126
2026-09-04,152797,Motilal Oswal Business Cycle Fund - Direct Plan- IDCW,13.1118
2026-09-04,152798,Aditya Birla Sun Life Nifty India Defence Index Fund-Direct Growth,13.9007
2026-09-04,152799,Aditya Birla Sun Life Nifty India Defence Index Fund-Direct IDCW Payout,13.9013
2026-09-04,152800,Aditya Birla Sun Life Nifty India Defence Index Fund-Regular-Growth,13.6980
2026-09-04,152801,Aditya Birla Sun Life Nifty India Defence Index Fund-Regular IDCW Payout,13.6954
2026-09-04,152802,Aditya Birla Sun Life Crisil 10 Year Gilt ETF,112.1601
2026-09-04,152803,Axis Consumption Fund Direct Plan - IDCW,9.43
2026-09-04,152804,Axis Consumption Fund Regular Plan - Growth,9.17
2026-09-04,152805,Axis Consumption Fund Direct Plan - Growth,9.43
2026-09-04,152806,Axis Consumption Fund Regular Plan - IDCW,9.17
2026-09-04,152807,Baroda BNP Paribas Dividend Yield Fund - Regular Plan - Growth Option,9.7481
2026-09-04,152808,Baroda BNP Paribas Dividend Yield Fund - Regular Plan - IDCW Option,9.7481
2026-09-04,152809,Baroda BNP Paribas Dividend Yield Fund - Direct Plan - IDCW Option,10.0431
2026-09-04,152810,Baroda BNP Paribas Dividend Yield Fund - Direct Plan - Growth Option,10.0431
2026-09-04,152811,Mirae Asset Nifty500 Multicap 50:25:25 ETF,16.7605
2026-09-04,152812,DSP Nifty Top 10 Equal Weight ETF,87.7869
2026-09-04,152813,DSP Nifty Top 10 Equal Weight Index Fund - Regular - Growth,8.8794
2026-09-04,152814,DSP Nifty Top 10 Equal Weight Index Fund - Direct - Growth,9.0034
2026-09-04,152815,PGIM India Multi Cap Fund - Direct Plan - Growth Option,11.08
2026-09-04,152816,PGIM India Multi Cap Fund - Regular Plan - Growth Option,10.71
2026-09-04,152817,PGIM India Multi Cap Fund - Direct Plan - IDCW Option,11.08
2026-09-04,152818,PGIM India Multi Cap Fund - Regular Plan - IDCW Option,10.71
2026-09-04,152821,ITI Large & Midcap Fund - Direct Plan - Growth,10.4455
2026-09-04,152822,ITI Large & Midcap Fund - Regular Plan - IDCW Option,10.1039
2026-09-04,152823,ITI Large & Midcap Fund - Direct Plan - IDCW Option,10.4455
2026-09-04,152824,ITI Large & Midcap Fund - Regular Plan - Growth,10.1039
2026-09-04,152825,Franklin India Ultra Short Duration Fund - Direct - Growth,11.5186
2026-09-04,152826,Franklin India Ultra Short Duration Fund - IDCW,10.7627
2026-09-04,152827,Franklin India Ultra Short Duration Fund - Direct - IDCW,10.8435
2026-09-04,152828,Franklin India Ultra Short Duration Fund - Growth,11.4150
2026-09-04,152829,HSBC India Export Opportunities Fund - Direct Growth,12.0485
2026-09-04,152830,HSBC India Export Opportunities Fund - Regular Growth,11.7329
2026-09-04,152831,HSBC India Export Opportunities Fund - Direct IDCW,12.0484
2026-09-04,152832,HSBC India Export Opportunities Fund - Regular IDCW,11.7329
2026-09-04,152833,Tata Nifty200 Alpha 30 Index Fund - Direct - IDCW Reinvestment,9.0689
2026-09-04,152834,Tata Nifty200 Alpha 30 Index Fund - Regular -Growth,8.9503
2026-09-04,152835,Tata Nifty200 Alpha 30 Index Fund - Regular - IDCW Payout,8.9503
2026-09-04,152836,Tata Nifty200 Alpha 30 Index Fund - Direct -Growth,9.0689
2026-09-04,152837,Tata Nifty200 Alpha 30 Index Fund - Direct - IDCW Payout,9.0689
2026-09-04,152838,Tata Nifty200 Alpha 30 Index Fund - Regular - IDCW Reinvestment,8.9503
2026-09-04,152839,Nippon India Nifty 500 Equal Weight Index Fund - Direct Plan - IDCW Option,9.9518
2026-09-04,152840,Nippon India Nifty 500 Equal Weight Index Fund - Regular Plan - Growth Option,9.8428
2026-09-04,152841,Nippon India Nifty 500 Equal Weight Index Fund - Regular Plan - IDCW Option,9.8428
2026-09-04,152842,Nippon India Nifty 500 Equal Weight Index Fund - Direct Plan - Growth Option,9.9518
2026-09-04,152843,Bandhan BSE Healthcare Index Fund Regular Plan - Growth,11.5719
2026-09-04,152844,Bandhan BSE Healthcare Index Fund Direct Plan - Growth,11.7583
2026-09-04,152845,Groww Nifty India Defence ETF,96.9519
2026-09-04,152846,Motilal Oswal Nifty India Defence ETF,106.6509
2026-09-04,152847,Samco Multi Cap Fund - Direct Plan - Growth,9.24
2026-09-04,152848,Samco Multi Cap Fund - Regular Plan - Growth,8.98
2026-09-04,152849,WhiteOak Capital Arbitrage Fund Direct Plan Growth,11.484
2026-09-04,152850,WhiteOak Capital Arbitrage Fund Regular Plan Growth,11.315
2026-09-04,152851,Franklin India Medium to Long Duration Fund - Direct Growth,11.3208
2026-09-04,152852,Franklin India Medium to Long Duration Fund - Direct - IDCW,10.7072
2026-09-04,152853,Franklin India Medium to Long Duration Fund - Growth,11.2085
2026-09-04,152854,Franklin India Medium to Long Duration Fund - IDCW,10.6179
2026-09-04,152855,Bandhan Nifty Midcap 150 Index Fund-Direct Plan-Growth,10.5511
2026-09-04,152856,Bandhan Nifty Midcap 150 Index Fund-Regular Plan-Growth,10.4053
2026-09-04,152857,Edelweiss Nifty Bank ETF - Growth,57.9269
2026-09-04,152858,UTI Nifty 200 Quality 30 Index Fund - Regular Plan - Growth Option,8.8254
2026-09-04,152859,UTI Nifty 200 Quality 30 Index Fund - Direct Plan - Growth Option,8.9133
2026-09-04,152860,Invesco India Technology Fund - Direct Plan - IDCW,10.24
2026-09-04,152861,Invesco India Technology Fund - Regular Plan - IDCW,9.93
2026-09-04,152862,Invesco India Technology Fund - Regular Plan - Growth,9.93
2026-09-04,152863,Invesco India Technology Fund - Direct Plan - Growth,10.24
2026-09-04,152864,UTI Nifty Private Bank Index Fund - Direct Plan - Growth Option,10.3385
2026-09-04,152865,UTI Nifty Private Bank Index Fund - Regular Plan - Growth Option,10.2369
2026-09-04,152866,Kotak CRISIL -IBX AAA Financial Services Index Sep-2027 Fund-REGULAR PLAN-GROWTH,11.5464
2026-09-04,152867,Kotak CRISIL-IBX AAA Financial Services Index Sep-2027 Fund-REGULAR PLAN-IDCW,11.5464
2026-09-04,152868,Kotak CRISIL -IBX AAA Financial Services Index Sep-2027 Fund-DIRECT PLAN-IDCW,11.5923
2026-09-04,152869,Kotak CRISIL -IBX AAA Financial Services Index Sep-2027 Fund-DIRECT PLAN-GROWTH Option,11.5945
2026-09-04,152870,Kotak Nifty India Tourism Index Fund-Direct-Growth Option,8.432
2026-09-04,152871,Kotak Nifty India Tourism Index Fund-Regular Plan-IDCW Option,8.328
2026-09-04,152872,Kotak Nifty India Tourism Index Fund-Regular plan-Growth,8.328
2026-09-04,152873,Kotak Nifty India Tourism Index Fund-Direct Plan-IDCW Option,8.434
2026-09-04,152874,Motilal Oswal Nifty 500 Momentum 50 ETF,54.1508
2026-09-04,152875,Motilal Oswal Nifty 500 Momentum 50 Index Fund-Direct Plan-Growth,8.4790
2026-09-04,152876,Motilal Oswal Nifty 500 Momentum 50 Index Fund-Regular Plan-Growth,8.3672
2026-09-04,152877,Bandhan Business Cycle Fund - Regular Plan - Growth,9.844
2026-09-04,152878,Bandhan Business Cycle Fund - Direct Plan - Growth,10.138
2026-09-04,152879,Bandhan Business Cycle Fund - Direct Plan - IDCW,10.138
2026-09-04,152880,Bandhan Business Cycle Fund - Regular Plan - IDCW,9.844
2026-09-04,152881,Nippon India Nifty 500 Momentum 50 Index Fund - Direct Plan - Growth Option,8.5690
2026-09-04,152882,Nippon India Nifty 500 Momentum 50 Index Fund - Regular Plan - IDCW Option,8.4664
2026-09-04,152883,Nippon India Nifty 500 Momentum 50 Index Fund - Regular Plan - Growth Option,8.4664
2026-09-04,152884,Nippon India Nifty 500 Momentum 50 Index Fund - Direct Plan - IDCW Option,8.5690
2026-09-04,152885,Axis CRISIL-IBX AAA Bond NBFC - Jun 2027 Index Fund - Regular Plan - IDCW Option,11.4975
2026-09-04,152886,Axis CRISIL-IBX AAA Bond NBFC - Jun 2027 Index Fund - Regular Plan - Growth Option,11.4975
2026-09-04,152887,Axis CRISIL-IBX AAA Bond NBFC - Jun 2027 Index Fund - Direct Plan - Growth Option,11.5709
2026-09-04,152888,Axis CRISIL-IBX AAA Bond NBFC - Jun 2027 Index Fund - Direct Plan - IDCW Option,11.5709
2026-09-04,152889,HDFC NIFTY LargeMidcap 250 Index Fund - Growth Option - Direct,10.1997
2026-09-04,152890,HDFC NIFTY LargeMidcap 250 Index Fund - Growth Option,10.1065
2026-09-04,152891,Groww Nifty 1D Rate Liquid ETF,110.6154
2026-09-04,152906,SBI Nifty 500 Index Fund- Regular Plan- Growth,9.6155
2026-09-04,152907,SBI Nifty 500 Index Fund- Regular Plan- Income Distribution Cum Capital Withdrawal (IDCW),9.6152
2026-09-04,152908,SBI Nifty 500 Index Fund- Direct Plan- Growth,9.7060
2026-09-04,152909,SBI Nifty 500 Index Fund- Direct Plan- Income Distribution Cum Capital Withdrawal (IDCW),9.7060
2026-09-04,152910,Kotak MNC Fund-Direct Plan-Growth,12.832
2026-09-04,152911,Kotak MNC Fund-Direct Plan-IDCW Option,12.832
2026-09-04,152912,KotaK MNC Fund-Regular Plan-IDCW OPTION,12.495
2026-09-04,152913,Kotak MNC Fund-Regular Plan- Growth,12.495
2026-09-04,152914,WhiteOak Capital Digital Bharat Fund Regular Plan Growth,10.366
2026-09-04,152915,WhiteOak Capital Digital Bharat Fund Direct Plan Growth,10.714
2026-09-04,152916,Kotak Nifty Midcap 150 Momentum 50 Index Fund-Direct Plan-Growth,9.62
2026-09-04,152917,Kotak Nifty Midcap 150 Momentum 50 Index Fund-Direct Plan-IDCW option,9.62
2026-09-04,152918,Kotak Nifty Midcap 150 Momentum 50 Index Fund-Regular Plan-Growth,9.502
2026-09-04,152919,Kotak Nifty Midcap 150 Momentum 50 Index Fund-Regular plan-IDCW option,9.501
2026-09-04,152920,LIC MF Manufacturing Fund-Direct Plan-Growth,11.9252
2026-09-04,152921,LIC MF Manufacturing Fund-Direct Plan-IDCW,11.9252
2026-09-04,152922,LIC MF Manufacturing Fund-Regular Plan-Growth,11.5715
2026-09-04,152923,LIC MF Manufacturing Fund-Regular Plan-IDCW,11.5715
2026-09-04,152924,Mirae Asset Nifty Metal ETF,13.4496
2026-09-04,152925,Groww Nifty India Defence ETF FOF - Direct Growth,14.351
2026-09-04,152926,Groww Nifty India Defence ETF FOF - Direct - IDCW,14.3513
2026-09-04,152927,Groww Nifty India Defence ETF FOF - Regular - Growth,14.2439
2026-09-04,152928,Groww Nifty India Defence ETF FOF - Regular - IDCW,14.2423
2026-09-04,152929,Mirae Asset Nifty PSU Bank ETF,85.9071
2026-09-04,152930,Baroda BNP Paribas Nifty200 Momentum 30 Index Fund - Regular Plan - Growth Option,8.0262
2026-09-04,152931,Baroda BNP Paribas Nifty200 Momentum 30 Index Fund - Direct Plan - Growth Option,8.1213
2026-09-04,152932,ICICI Prudential Nifty200 Value 30 ETF,15.1691
2026-09-04,152933,ICICI Prudential Nifty200 Value 30 Index Fund - Direct Plan - IDCW,10.9855
2026-09-04,152934,ICICI Prudential Nifty200 Value 30 Index Fund - Growth,10.8716
2026-09-04,152935,ICICI Prudential Nifty200 Value 30 Index Fund - IDCW,10.8715
2026-09-04,152936,ICICI Prudential Nifty200 Value 30 Index Fund - Direct Plan - Growth,10.9856
2026-09-04,152937,TRUSTMF SMALL CAP FUND -DIRECT PLAN-IDCW,14.04
2026-09-04,152938,TRUSTMF SMALL CAP FUND -REGULAR PLAN- IDCW,13.62
2026-09-04,152939,TRUSTMF SMALL CAP FUND -DIRECT PLAN-GROWTH,14.03
2026-09-04,152940,TRUSTMF SMALL CAP FUND -REGULAR PLAN-GROWTH,13.61
2026-09-04,152941,Helios Large & Mid Cap Fund - Direct Plan - Growth Option,11.68
2026-09-04,152942,Helios Large & Mid Cap Fund - Direct Plan - IDCW Option,11.69
2026-09-04,152943,Helios Large & Mid Cap Fund - Regular Plan - Growth Option,11.34
2026-09-04,152944,Helios Large & Mid Cap Fund - Regular Plan - IDCW Option,11.34
2026-09-04,152945,Aditya Birla Sun Life Crisil-IBX AAA NBFC-HFC Index-Sep 2026 Fund-Regular Growth,11.4504
2026-09-04,152946,Aditya Birla Sun Life Crisil-IBX AAA NBFC-HFC Index-Sep 2026 Fund-Regular IDCW Payout,11.4505
2026-09-04,152947,Aditya Birla Sun Life Crisil-IBX AAA NBFC-HFC Index-Sep 2026 Fund-Direct Growth,11.5124
2026-09-04,152948,Aditya Birla Sun Life Crisil-IBX AAA NBFC-HFC INDEX-Sep 2026 Fund-Direct IDCW Payout,11.5124
2026-09-04,152949,Axis Nifty500 Value 50 Index Fund - Direct Plan - Growth Option,11.4589
2026-09-04,152950,Axis Nifty500 Value 50 Index Fund - Regular Plan - Growth Option,11.2727
2026-09-04,152951,Tata Nifty Capital Markets Index Fund - Direct Plan Growth Option,14.7557
2026-09-04,152952,Tata Nifty Capital Markets Index Fund - Direct Plan IDCW Reinvestment Option,14.7557
2026-09-04,152953,Tata Nifty Capital Markets Index Fund - Direct Plan IDCW Payout Option,14.7557
2026-09-04,152954,Tata Nifty Capital Markets Index Fund - Regular Plan Growth Option,14.5835
2026-09-04,152955,Tata Nifty Capital Markets Index Fund - Regular Plan IDCW Reinvestment Option,14.5835
2026-09-04,152956,Tata Nifty Capital Markets Index Fund - Regular Plan IDCW Payout Option,14.5835
2026-09-04,152957,Groww Gold ETF,14.9998
2026-09-04,152962,WhiteOak Capital ESG Best-In-Class Strategy Fund Direct Plan Growth,10.490
2026-09-04,152963,WhiteOak Capital ESG Best-In-Class Strategy Fund Regular Plan Growth,10.160
2026-09-04,152964,Motilal Oswal Digital India Fund - Direct Plan - Growth,10.8099
2026-09-04,152965,Motilal Oswal Digital India Fund - Direct Plan- IDCW,10.8096
2026-09-04,152966,Motilal Oswal Digital India Fund - Regular Plan- Growth,10.5256
2026-09-04,152967,Motilal Oswal Digital India Fund - Regular Plan - IDCW,10.5257
2026-09-04,152968,Mirae Asset Nifty Total Market Index Fund - Direct Plan - Growth,10.4524
2026-09-04,152969,Mirae Asset Nifty Total Market Index Fund - Direct Plan - IDCW,10.4521
2026-09-04,152970,Mirae Asset Nifty Total Market Index Fund - Regular Plan - Growth,10.3203
2026-09-04,152971,Mirae Asset Nifty Total Market Index Fund - Regular Plan - IDCW,10.3199
2026-09-04,152972,Mirae Asset Nifty 50 Index Fund - Direct Plan - Growth,9.9774
2026-09-04,152973,Mirae Asset Nifty 50 Index Fund - Direct Plan - IDCW,9.9776
2026-09-04,152974,Mirae Asset Nifty 50 Index Fund - Regular Plan - Growth,9.8607
2026-09-04,152975,Mirae Asset Nifty 50 Index Fund - Regular Plan - IDCW,9.8625
2026-09-04,152976,Mirae Asset Nifty LargeMidcap 250 Index Fund - Direct Plan - Growth,10.5916
2026-09-04,152977,Mirae Asset Nifty LargeMidcap 250 Index Fund - Direct Plan - IDCW,10.5925
2026-09-04,152978,Mirae Asset Nifty LargeMidcap 250 Index Fund - Regular Plan - Growth,10.4662
2026-09-04,152979,Mirae Asset Nifty LargeMidcap 250 Index Fund - Regular Plan - IDCW,10.4656
2026-09-04,152980,Groww Gold ETF FOF - DIRECT - GROWTH,18.8521
2026-09-04,152981,Edelweiss Nifty500 Multicap Momentum Quality 50 ETF - Growth,41.8757
2026-09-04,152982,Edelweiss Nifty500 Multicap Momentum Quality 50 Index Fund - Direct - IDCW - Payout,9.1684
2026-09-04,152983,Edelweiss Nifty500 Multicap Momentum Quality 50 Index Fund - Regular - IDCW - Payout,9.055
2026-09-04,152985,Edelweiss Nifty500 Multicap Momentum Quality 50 Index Fund - Direct - Growth,9.1684
2026-09-04,152988,Edelweiss Nifty500 Multicap Momentum Quality 50 Index Fund - Regular - Growth,9.055
2026-09-04,152990,Bandhan Nifty 500 Value 50 Index Fund Direct Plan - Growth,11.3301
2026-09-04,152991,Bandhan Nifty 500 Value 50 Index Fund Regular Plan - Growth,11.1945
2026-09-04,152992,Nippon India CRISIL - IBX AAA Financial Services - Dec 2026 Index Fund - Direct Plan - Growth Option,11.4722
2026-09-04,152993,Nippon India CRISIL - IBX AAA Financial Services - Dec 2026 Index Fund - Direct Plan - IDCW Option,11.4722
2026-09-04,152994,Nippon India CRISIL - IBX AAA Financial Services - Dec 2026 Index Fund - Regular Plan - Growth Option,11.4295
2026-09-04,152995,Nippon India CRISIL - IBX AAA Financial Services - Dec 2026 Index Fund - Regular Plan - IDCW Option,11.4295
2026-09-04,152996,Nippon India CRISIL - IBX AAA Financial Services - Jan 2028 Index Fund - Direct Plan - Growth Option,11.4576
2026-09-04,152997,Nippon India CRISIL - IBX AAA Financial Services - Jan 2028 Index Fund - Direct Plan - IDCW Option,11.4576
2026-09-04,152998,Nippon India CRISIL - IBX AAA Financial Services - Jan 2028 Index Fund - Regular Plan - Growth Option,11.4110
2026-09-04,152999,Nippon India CRISIL - IBX AAA Financial Services - Jan 2028 Index Fund - Regular Plan - IDCW Option,11.4110
2026-09-04,153000,Baroda BNP Paribas Nifty Midcap 150 Index Fund - Direct Plan - Growth Option,11.1618
2026-09-04,153001,Baroda BNP Paribas Nifty Midcap 150 Index Fund - Regular Plan - Growth Option,11.0220
2026-09-04,153002,Bandhan Nifty 500 Momentum 50 Index Fund Regular Plan-Growth,9.0409
2026-09-04,153003,Bandhan Nifty 500 Momentum 50 Index Fund Direct Plan-Growth,9.1503
2026-09-04,153004,Groww Gold ETF FOF - DIRECT - IDCW,18.8521
2026-09-04,153005,Groww Gold ETF FOF - REGULAR - IDCW,18.7481
2026-09-04,153006,Groww Gold ETF FOF - REGULAR - GROWTH,18.7477
2026-09-04,153007,Mirae Asset Gold ETF Fund of Fund - Direct Plan - Growth,19.383
2026-09-04,153008,Mirae Asset Gold ETF Fund of Fund - Direct Plan - IDCW,19.381
2026-09-04,153009,Mirae Asset Gold ETF Fund of Fund - Regular Plan - Growth,19.196
2026-09-04,153010,Mirae Asset Gold ETF Fund of Fund - Regular Plan - IDCW,19.185
2026-09-04,153011,Zerodha Gold ETF FoF-Direct Plan - Growth Option,20.0963
2026-09-04,153012,SBI Nifty India Consumption Index Fund- Regular Plan- Growth,10.0447
2026-09-04,153013,SBI Nifty India Consumption Index Fund- Regular Plan- IDCW Payout,10.0447
2026-09-04,153014,SBI Nifty India Consumption Index Fund- Direct Plan- IDCW Payout,10.1344
2026-09-04,153015,SBI Nifty India Consumption Index Fund- Direct Plan- Growth,10.1344
2026-09-04,153021,Samco Overnight Fund - Unclaimed Redemption Upto 3 years,1098.7426
2026-09-04,153022,Motilal Oswal Nifty MidSmall Healthcare Index Fund-Regular Plan-Growth,12.4426
2026-09-04,153023,Motilal Oswal Nifty MidSmall Healthcare Index Fund- Direct Plan-Growth,12.5469
2026-09-04,153024,Motilal Oswal Nifty MidSmall India Consumption Index Fund-Regular Plan-Growth,9.6589
2026-09-04,153025,Motilal Oswal Nifty MidSmall India Consumption Index Fund - Direct Plan- Growth,9.7406
2026-09-04,153026,Motilal Oswal Nifty MidSmall Financial Services Index Fund-Regular Plan-Growth,14.8029
2026-09-04,153027,Motilal Oswal Nifty MidSmall Financial Services Index Fund - Direct Plan- Growth,14.9284
2026-09-04,153028,Motilal Oswal Nifty MidSmall IT and Telecom Index Fund-Regular Plan-Growth,9.8117
2026-09-04,153029,Motilal Oswal Nifty MidSmall IT and Telecom Index Fund - Direct Plan- Growth,9.8955
2026-09-04,153030,Aditya Birla Sun Life Crisil-IBX AAA Financial Services Index-Sep 2027 Fund-Direct Growth,11.4222
2026-09-04,153031,Aditya Birla Sun Life Crisil-IBX AAA Financial Services Index-Sep 2027 Fund-Direct IDCW Payout,11.4223
2026-09-04,153032,Aditya Birla Sun Life Crisil-IBX AAA Financial Services Index-Sep 2027 Fund-Regular IDCW Payout,11.3782
2026-09-04,153033,Aditya Birla Sun Life Crisil-IBX AAA Financial Services Index-Sep 2027 Fund-Regular Growth,11.3782
2026-09-04,153034,Groww Multicap Fund - Direct - Growth,12.5944
2026-09-04,153035,Shriram Liquid Fund - Direct Plan Growth Option,1120.6283
2026-09-04,153036,Shriram Liquid Fund - Regular Plan Growth Option,1117.7915
2026-09-04,153037,PGIM India Healthcare Fund - Direct Plan - IDCW Option,12.47
2026-09-04,153038,PGIM India Healthcare Fund - Regular Plan - IDCW Option,12.1
2026-09-04,153039,PGIM India Healthcare Fund - Direct Plan - Growth Option,12.47
2026-09-04,153040,PGIM India Healthcare Fund - Regular Plan - Growth Option,12.1
2026-09-04,153041,Franklin India Arbitrage Fund - Direct - IDCW,11.2855
2026-09-04,153042,Franklin India Arbitrage Fund - Growth,11.1409
2026-09-04,153043,Franklin India Arbitrage Fund - Direct - Growth,11.2855
2026-09-04,153044,Franklin India Arbitrage Fund - IDCW,11.1409
2026-09-04,153045,Mirae Asset Nifty 1D Rate Liquid ETF - Growth,1101.7437
2026-09-04,153046,Invesco India Multi Asset Allocation Fund - Regular Plan - Growth,12.53
2026-09-04,153047,Invesco India Multi Asset Allocation Fund - Direct Plan - Growth,12.82
2026-09-04,153048,Invesco India Multi Asset Allocation Fund - Regular Plan - IDCW,12.54
2026-09-04,153049,Invesco India Multi Asset Allocation Fund - Direct Plan - IDCW,12.8
2026-09-04,153050,Axis CRISIL-IBX AAA Bond Financial Services - Sep 2027 Index Fund - Regular Plan - Growth Option,11.3476
2026-09-04,153051,Axis CRISIL-IBX AAA Bond Financial Services - Sep 2027 Index Fund - Direct Plan - Growth Option,11.3672
2026-09-04,153052,Axis CRISIL-IBX AAA Bond Financial Services - Sep 2027 Index Fund - Direct Plan - IDCW Option,11.3672
2026-09-04,153053,Axis CRISIL-IBX AAA Bond Financial Services - Sep 2027 Index Fund - Regular Plan - IDCW Option,11.3473
2026-09-04,153054,Tata India Innovation Fund- Regular IDCW payout,10.2029
2026-09-04,153055,Tata India Innovation Fund- Direct Growth,10.4776
2026-09-04,153056,Tata India Innovation Fund- Direct IDCW Reinvestment,10.4776
2026-09-04,153057,Tata India Innovation Fund- Direct IDCW payout,10.4776
2026-09-04,153058,Tata India Innovation Fund- Regular IDCW Reinvestment,10.2029
2026-09-04,153059,Tata India Innovation Fund- Regular Growth,10.2029
2026-09-04,153060,Nippon India Nifty Realty Index Fund-Direct Plan- Growth Option,8.4214
2026-09-04,153061,Nippon India Nifty Realty Index Fund-Regular Plan- Growth Option,8.3397
2026-09-04,153062,Nippon India Nifty Realty Index Fund-Regular Plan- IDCW Option,8.3397
2026-09-04,153063,Nippon India Nifty Realty Index Fund-Direct Plan- IDCW Option,8.4214
2026-09-04,153064,Nippon India Nifty Auto Index Fund - Direct Plan- Growth Option,11.9020
2026-09-04,153065,Nippon India Nifty Auto Index Fund - Regular Plan- IDCW Option,11.7909
2026-09-04,153066,Nippon India Nifty Auto Index Fund - Regular Plan- Growth Option,11.7909
2026-09-04,153067,Nippon India Nifty Auto Index Fund - Direct Plan- IDCW Option,11.9020
2026-09-04,153068,ICICI Prudential Equity Minimum Variance Fund - IDCW,10.48
2026-09-04,153069,ICICI Prudential Equity Minimum Variance Fund - Growth,10.48
2026-09-04,153070,ICICI Prudential Equity Minimum Variance Fund - Direct Plan - Growth,10.70
2026-09-04,153071,ICICI Prudential Equity Minimum Variance Fund - Direct Plan - IDCW,10.70
2026-09-04,153072,BAJAJ FINSERV CONSUMPTION FUND - REGULAR - GROWTH,9.365
2026-09-04,153073,BAJAJ FINSERV CONSUMPTION FUND - REGULAR - IDCW,9.365
2026-09-04,153074,BAJAJ FINSERV CONSUMPTION FUND - DIRECT - IDCW,9.640
2026-09-04,153075,BAJAJ FINSERV CONSUMPTION FUND - DIRECT - GROWTH,9.640
2026-09-04,153076,Shriram Multi Sector Rotation Fund - Direct Plan Growth Option,8.291
2026-09-04,153077,Shriram Multi Sector Rotation Fund - Regular Plan Growth Option,8.0487
2026-09-04,153078,Aditya Birla Sun Life BSE India Infrastructure Index Fund-Direct IDCW Payout,9.0403
2026-09-04,153079,Aditya Birla Sun Life BSE India Infrastructure Index Fund-Regular IDCW Payout,8.9489
2026-09-04,153080,Aditya Birla Sun Life BSE India Infrastructure Index Fund-Regular Growth,8.9485
2026-09-04,153081,Aditya Birla Sun Life BSE India Infrastructure Index Fund-Direct Growth,9.0404
2026-09-04,153082,Axis Momentum Fund - Regular Plan - IDCW Option,8.94
2026-09-04,153083,Axis Momentum Fund - Direct Plan - Growth Option,9.18
2026-09-04,153084,Axis Momentum Fund - Direct Plan - IDCW Option,9.18
2026-09-04,153085,Axis Momentum Fund - Regular Plan - Growth Option,8.94
2026-09-04,153086,UTI Nifty Alpha Low-Volatility 30 Index Fund - Direct Plan - Growth Option,9.7398
2026-09-04,153087,UTI Nifty Alpha Low-Volatility 30 Index Fund - Regular Plan - Growth Option,9.6569
2026-09-04,153088,UTI Nifty Midcap 150 Index Fund - Regular Plan - Growth Option,11.027
2026-09-04,153089,UTI Nifty Midcap 150 Index Fund - Direct Plan - Growth Option,11.1224
2026-09-04,153090,Samco Arbitrage Fund - Direct Plan - Growth,10.92
2026-09-04,153091,Samco Arbitrage Fund - Regular Plan - Growth,10.70
2026-09-04,153092,Samco Multi Asset Allocation Fund - Direct Plan - Growth,12.58
2026-09-04,153093,Samco Multi Asset Allocation Fund - Regular Plan - Growth,12.24
2026-09-04,153094,Quantum Ethical Fund - Direct Plan Growth Option,10.24
2026-09-04,153095,Quantum Ethical Fund - Regular Plan Growth Option,10.00
2026-09-04,153096,HDFC Nifty India Digital Index Fund - Growth Option - Regular,8.7826
2026-09-04,153097,HDFC Nifty India Digital Index Fund - Growth Option - Direct,8.8564
2026-09-04,153098,Groww Multicap Fund - Direct - IDCW,12.5943
2026-09-04,153099,Groww Multicap Fund - Regular - IDCW,12.2102
2026-09-04,153100,Groww Multicap Fund - Regular - Growth,12.2018
2026-09-04,153101,Franklin India Long Duration Fund - IDCW,10.4954
2026-09-04,153102,Franklin India Long Duration Fund - Direct - Growth,10.8890
2026-09-04,153103,Franklin India Long Duration Fund - Direct - IDCW,10.5225
2026-09-04,153104,Franklin India Long Duration Fund - Growth,10.7980
2026-09-04,153105,Mirae Asset Long Term Fund - Direct Plan - Growth,10.4945
2026-09-04,153106,Mirae Asset Long Term Fund - Direct Plan - IDCW,10.4872
2026-09-04,153107,Mirae Asset Long Term Fund - Regular Plan - Growth,10.4004
2026-09-04,153108,Mirae Asset Long Term Fund - Regular Plan - IDCW,10.4004
2026-09-04,153109,Union Active Momentum Fund - Direct Plan - Growth Option,10.25
2026-09-04,153110,Union Active Momentum Fund - Direct Plan - IDCW Option,10.25
2026-09-04,153111,Union Active Momentum Fund - Regular Plan - Growth Option,10.02
2026-09-04,153112,Union Active Momentum Fund - Regular Plan - IDCW Option,10.02
2026-09-04,153113,Bandhan Nifty 200 Quality 30 Index Fund - Regular Plan - Growth,9.5104
2026-09-04,153114,Bandhan Nifty 200 Quality 30 Index Fund - Direct Plan - Growth,9.6195
2026-09-04,153115,Edelweiss CRISIL IBX AAA Financial Services - Jan 2028 Index Fund - Direct - Growth,11.389
2026-09-04,153116,Kotak Transportation & Logistics Fund-Regular-Growth,11.871
2026-09-04,153117,Kotak Transportation & Logistics Fund-Direct -IDCW-PAYOUT & REINVESTMENT,12.196
2026-09-04,153118,Kotak Transportation & Logistics Fund-Direct Growth,12.196
2026-09-04,153119,Kotak Transportation & Logistics Fund-Regular-IDCW Payout & Reinvestment,11.871
2026-09-04,153120,DSP Business Cycle Fund - Regular - IDCW,10.2680
2026-09-04,153121,DSP Business Cycle Fund - Direct - Growth,10.5380
2026-09-04,153122,DSP Business Cycle Fund - Regular - Growth,10.2680
2026-09-04,153123,DSP Business Cycle Fund - Direct - IDCW,10.5380
2026-09-04,153124,Aditya Birla Sun Life Conglomerate Fund-Direct Growth,11.22
2026-09-04,153125,Aditya Birla Sun Life Conglomerate Fund-Direct IDCW Payout,11.22
2026-09-04,153126,Aditya Birla Sun Life Conglomerate Fund-Regular IDCW Payout,10.96
2026-09-04,153127,Aditya Birla Sun Life Conglomerate Fund-Regular Growth,10.96
2026-09-04,153128,Edelweiss CRISIL IBX AAA Financial Services - Jan 2028 Index Fund - Direct - IDCW - Payout,10.886
2026-09-04,153129,Edelweiss CRISIL IBX AAA Financial Services - Jan 2028 Index Fund - Regular - IDCW - Payout,10.844
2026-09-04,153130,Edelweiss CRISIL IBX AAA Financial Services - Jan 2028 Index Fund - Regular - Growth,11.347
2026-09-04,153131,Tata BSE Select Business Groups Index Fund - Direct IDCW Payout,10.3022
2026-09-04,153132,Tata BSE Select Business Groups Index Fund - Direct Growth,10.3022
2026-09-04,153133,Tata BSE Select Business Groups Index Fund - Regular IDCW Payout,10.1629
2026-09-04,153134,Tata BSE Select Business Groups Index Fund - Regular Growth,10.1629
2026-09-04,153135,Tata BSE Select Business Groups Index Fund - Direct IDCW Reinvestment,10.3022
2026-09-04,153136,Tata BSE Select Business Groups Index Fund - Regular IDCW Reinvestment,10.1629
2026-09-04,153137,Motilal Oswal Nifty Capital Market Index Fund - Regular Plan - Growth,12.7545
2026-09-04,153138,Motilal Oswal Nifty Capital Market Index Fund - Direct Plan - Growth,12.8964
2026-09-04,153139,Bank of India Consumption Fund - Direct - Growth,11.36
2026-09-04,153140,Bank of India Consumption Fund - Regular - Growth,11.13
2026-09-04,153141,Bank of India Consumption Fund - Regular - IDCW,11.13
2026-09-04,153142,Bank of India Consumption Fund - Direct - IDCW,11.36
2026-09-04,153143,Kotak Nifty 100 Equal Weight index Fund - Direct Plan - IDCW Option,11.117
2026-09-04,153144,Kotak Nifty 100 Equal Weight Index Fund - Regular Plan - IDCW Option,11.024
2026-09-04,153145,Kotak Nifty 100 Equal Weight Index Fund - Regular Plan - Growth,11.024
2026-09-04,153146,Kotak Nifty 100 Equal Weight Index Fund - Direct Plan - Growth,11.118
2026-09-04,153147,Kotak Nifty 50 Equal Weight Index Fund - Direct Plan - IDCW Option,11.152
2026-09-04,153148,Kotak Nifty 50 Equal Weight Index Fund - Regular Plan - Growth,11.056
2026-09-04,153149,Kotak Nifty 50 Equal Weight Index Fund - Regular Plan - IDCW Option,11.056
2026-09-04,153150,Kotak Nifty 50 Equal Weight Index Fund - Direct Plan - Growth,11.151
2026-09-04,153151,SBI Quant Fund- Direct Plan- Income Distribution cum Capital Withdrawal Option (IDCW),9.8087
2026-09-04,153152,SBI Quant Fund- Regular Plan- Income Distribution Cum Capital Withdrawal Option (IDCW),9.6231
2026-09-04,153153,SBI Quant Fund- Regular Plan- Growth,9.6230
2026-09-04,153154,SBI Quant Fund- Direct Plan- Growth,9.8089
2026-09-04,153155,BAJAJ FINSERV HEALTHCARE FUND - REGULAR - GROWTH,11.795
2026-09-04,153156,BAJAJ FINSERV HEALTHCARE FUND - DIRECT - IDCW,12.135
2026-09-04,153157,BAJAJ FINSERV HEALTHCARE FUND - DIRECT - GROWTH,12.135
2026-09-04,153158,BAJAJ FINSERV HEALTHCARE FUND - REGULAR - IDCW,11.795
2026-09-04,153159,ICICI Prudential Nifty 500 Index Fund - Direct Plan - IDCW,10.5159
2026-09-04,153160,ICICI Prudential Nifty 500 Index Fund - IDCW,10.4142
2026-09-04,153161,ICICI Prudential Nifty 500 Index Fund - Direct Plan - Growth,10.5162
2026-09-04,153162,ICICI Prudential Nifty 500 Index Fund - Growth,10.4141
2026-09-04,153169,Baroda BNP Paribas Children's Fund - Regular Plan - IDCW Option,11.1784
2026-09-04,153170,Baroda BNP Paribas Children's Fund - Regular Plan - Growth Option,11.1784
2026-09-04,153171,Baroda BNP Paribas Children's Fund - Direct Plan - Growth Option,11.5263
2026-09-04,153172,Axis CRISIL-IBX AAA Bond NBFC-HFC - Jun 2027 Index Fund - Direct Plan - Growth option,11.3226
2026-09-04,153173,Axis CRISIL-IBX AAA Bond NBFC-HFC - Jun 2027 Index Fund - Direct Plan - IDCW option,11.3331
2026-09-04,153174,Axis CRISIL-IBX AAA Bond NBFC-HFC - Jun 2027 Index Fund - Regular Plan - Growth option,11.2967
2026-09-04,153175,Axis CRISIL-IBX AAA Bond NBFC-HFC - Jun 2027 Index Fund - Regular Plan - IDCW option,11.2968
2026-09-04,153176,Aditya Birla Sun Life Crisil-IBX Financial Services 3 to 6 months Debt Index Fund-Direct IDCW Payout,11.2988
2026-09-04,153177,Aditya Birla Sun Life Crisil-IBX Financial Services 3 to 6 Months Debt Index Fund-Regular Growth,11.2565
2026-09-04,153178,Aditya Birla Sun Life Crisil-IBX Financial Services 3 to 6 Months  Debt Index Fund-Regular IDCW Payout,11.2565
2026-09-04,153179,Aditya Birla Sun Life Crisil-IBX financial Services 3 to 6 months Debt Index Fund-Direct Growth,11.2987
2026-09-04,153180,Edelweiss BSE Capital Markets & Insurance  ETF - Growth,23.8948
2026-09-04,153181,ICICI Prudential Rural Opportunities Fund - Growth,10.85
2026-09-04,153182,ICICI Prudential Rural Opportunities Fund - Direct Plan - IDCW,11.05
2026-09-04,153183,ICICI Prudential Rural Opportunities Fund - IDCW,10.85
2026-09-04,153184,ICICI Prudential Rural Opportunities Fund - Direct Plan - Growth,11.05
2026-09-04,153185,Motilal Oswal Arbitrage Fund-Direct Plan-IDCW,11.0770
2026-09-04,153186,Motilal Oswal Arbitrage Fund-Regular Plan-IDCW,10.9003
2026-09-04,153187,Motilal Oswal Arbitrage Fund-Direct Plan-Growth,11.2414
2026-09-04,153188,Motilal Oswal Arbitrage Fund-Regular Plan-Growth,11.0638
2026-09-04,153189,WhiteOak Capital Quality Equity Fund Direct Plan Growth,10.631
2026-09-04,153190,WhiteOak Capital Quality Equity Fund Regular Plan Growth,10.345
2026-09-04,153191,Mirae Asset Nifty India New Age Consumption ETF,12.0188
2026-09-04,153192,Mirae Asset Nifty India New Age Consumption ETF Fund of Fund - Direct Plan - Growth,9.895
2026-09-04,153193,Mirae Asset Nifty India New Age Consumption ETF Fund of Fund - Direct Plan - IDCW,9.894
2026-09-04,153194,Mirae Asset Nifty India New Age Consumption ETF Fund of Fund - Regular Plan - Growth,9.830
2026-09-04,153195,Mirae Asset Nifty India New Age Consumption ETF Fund of Fund - Regular Plan - IDCW,9.831
2026-09-04,153196,Mirae Asset Small Cap Fund - Direct Plan - Growth,13.102
2026-09-04,153197,Mirae Asset Small Cap Fund - Direct Plan - IDCW,13.101
2026-09-04,153198,Mirae Asset Small Cap Fund - Regular Plan - Growth,12.777
2026-09-04,153199,Mirae Asset Small Cap Fund - Regular Plan - IDCW,12.780
2026-09-04,153200,BAJAJ FINSERV ELSS - TAX SAVER FUND - REGULAR - IDCW,11.656
2026-09-04,153201,BAJAJ FINSERV ELSS - TAX SAVER FUND - DIRECT - GROWTH,11.985
2026-09-04,153202,BAJAJ FINSERV ELSS - TAX SAVER FUND - REGULAR - GROWTH,11.656
2026-09-04,153203,BAJAJ FINSERV ELSS - TAX SAVER FUND - DIRECT - IDCW,11.985
2026-09-04,153204,UTI Quant Fund - Direct Plan - Growth Option,10.6684
2026-09-04,153205,UTI Quant Fund - Regular Plan - Growth Option,10.3867
2026-09-04,153206,Bajaj Finserv Gilt Fund - Direct - Growth,1076.2540
2026-09-04,153207,Bajaj Finserv Gilt Fund - Direct - IDCW,1076.2540
2026-09-04,153209,Bajaj Finserv Gilt Fund - Regular - IDCW,1061.8748
2026-09-04,153211,Bajaj Finserv Gilt Fund - Regular - Growth,1061.8748
2026-09-04,153212,Bandhan Nifty Alpha Low Volatility 30 Index Fund - Regular Plan - Growth,10.0972
2026-09-04,153213,Bandhan Nifty Alpha Low Volatility 30 Index Fund - Direct Plan - Growth,10.2203
2026-09-04,153214,Edelweiss Consumption Fund - Direct - Growth,11.297
2026-09-04,153215,Edelweiss Consumption Fund - Regular - IDCW - Payout,11.0106
2026-09-04,153216,DSP BSE SENSEX Next 30 Index Fund - Regular - Growth,12.0822
2026-09-04,153217,DSP BSE SENSEX Next 30 Index Fund - Regular - IDCW,12.0822
2026-09-04,153218,DSP BSE SENSEX Next 30 Index Fund - Direct - IDCW,12.2051
2026-09-04,153219,DSP BSE SENSEX Next 30 Index Fund - Direct - Growth,12.2051
2026-09-04,153220,Kotak Nifty SmallCap 250 Index Fund - Direct - IDCW,12.019
2026-09-04,153221,Kotak Nifty SmallCap 250 Index Fund- Regular - Growth,11.926
2026-09-04,153222,Kotak Nifty SmallCap 250 Index Fund- Regular - IDCW,11.926
2026-09-04,153223,Kotak Nifty SmallCap 250 Index Fund- Direct - Growth,12.019
2026-09-04,153224,Baroda BNP Paribas Energy Opportunities Fund - Regular Plan - ICDW Option,11.5505
2026-09-04,153225,Baroda BNP Paribas Energy Opportunities Fund - Direct Plan - Growth Option,11.8111
2026-09-04,153226,Baroda BNP Paribas Energy Opportunities Fund - Regular Plan - Growth Option,11.5505
2026-09-04,153227,Baroda BNP Paribas Energy Opportunities Fund - Direct Plan - IDCW Option,11.8111
2026-09-04,153228,DSP BSE SENSEX Next 30 ETF,42.5854
2026-09-04,153229,Groww Nifty India Railways PSU ETF,28.0803
2026-09-04,153230,Groww Nifty India Railways PSU Index Fund - Direct Plan - Growth,7.6383
2026-09-04,153231,Groww Nifty India Railways PSU Index Fund - Direct Plan - IDCW,7.638
2026-09-04,153232,Groww Nifty India Railways PSU Index Fund - Regular Plan - Growth,7.5732
2026-09-04,153233,Groww Nifty India Railways PSU Index Fund - Regular Plan - IDCW,7.5707
2026-09-04,153238,Samco Large Cap Fund - Regular Plan - Growth Option,8.86
2026-09-04,153239,Samco Large Cap Fund - Direct Plan - Growth Option,9.07
2026-09-04,153240,Union Short Term Fund - Regular Plan - Growth Option,11.0040
2026-09-04,153241,Union Short Term Fund - Regular Plan - IDCW Option,11.0040
2026-09-04,153242,Union Short Term Fund - Direct Plan - Growth Option,11.0723
2026-09-04,153243,Union Short Term Fund - Direct Plan - IDCW Option,11.0723
2026-09-04,153244,Axis Nifty500 Momentum 50 Index Fund - Direct Plan - Growth Option,11.3055
2026-09-04,153245,Axis Nifty500 Momentum 50 Index Fund - Regular Plan - Growth Option,11.1505
2026-09-04,153246,LIC MF Multi Asset Allocation Fund-Direct Plan-Growth,12.6809
2026-09-04,153247,LIC MF Multi Asset Allocation Fund-Direct Plan-IDCW,12.6809
2026-09-04,153248,LIC MF Multi Asset Allocation Fund-Regular Plan-Growth,12.3879
2026-09-04,153249,LIC MF Multi Asset Allocation Fund-Regular Plan-IDCW,12.3879
2026-09-04,153250,SBI Nifty Bank Index Fund-Direct Plan- Growth,11.5205
2026-09-04,153251,SBI Nifty Bank Index Fund- Regular Plan- Income Distribution Cum Capital Withdrawal Option,11.4350
2026-09-04,153252,SBI Nifty Bank Index Fund-Direct Plan- Income Distribution Cum Capital Withdrawal Option,11.5204
2026-09-04,153253,SBI Nifty Bank Index Fund-Regular Plan- Growth,11.4349
2026-09-04,153254,Edelweiss Consumption Fund - Direct - IDCW - Payout,11.297
2026-09-04,153255,Edelweiss Consumption Fund - Regular - Growth,11.0106
2026-09-04,153256,Motilal Oswal Innovation Opportunities Fund- Regular Plan- Growth,14.7926
2026-09-04,153257,Motilal Oswal Innovation Opportunities Fund- Regular Plan- IDCW,14.7928
2026-09-04,153258,Motilal Oswal Innovation Opportunities Fund - Direct Plan- Growth,15.1174
2026-09-04,153259,Motilal Oswal Innovation Opportunities Fund - Direct Plan- IDCW,15.1164
2026-09-04,153260,ITI Bharat Consumption Fund - Direct Plan - Growth,11.9454
2026-09-04,153261,ITI Bharat Consumption Fund - Direct Plan - IDCW Option,11.3110
2026-09-04,153262,ITI Bharat Consumption Fund - Regular Plan - IDCW Option,11.0048
2026-09-04,153263,ITI Bharat Consumption Fund - Regular Plan Plan - Growth,11.6333
2026-09-04,153264,HDFC Nifty100 Quality 30 Index Fund - Direct Plan,10.8734
2026-09-04,153265,HDFC Nifty100 Quality 30 Index Fund - Regular Plan,10.7942
2026-09-04,153266,HSBC Financial Services Fund - Direct Growth,12.9301
2026-09-04,153267,HSBC Financial Services Fund - Regular Growth,12.6493
2026-09-04,153268,HSBC Financial Services Fund - Regular IDCW,12.6493
2026-09-04,153269,HSBC Financial Services Fund - Direct IDCW,12.9298
2026-09-04,153270,UTI Nifty India Manufacturing Index Fund - Direct Plan - Growth Option,12.6312
2026-09-04,153271,UTI Nifty India Manufacturing Index Fund - Regular Plan - Growth Option,12.5417
2026-09-04,153272,UTI Nifty Midsmallcap 400 Momentum Quality 100 Index Fund - Direct Plan - Growth Option,11.8239
2026-09-04,153273,UTI Nifty Midsmallcap 400 Momentum Quality 100 Index Fund - Regular Plan - Growth Option,11.7329
2026-09-04,153274,Nippon India Active Momentum Fund-Direct Plan - Growth Option,13.2430
2026-09-04,153276,Nippon India Active Momentum Fund - Regular Plan- Growth Option,13.0486
2026-09-04,153277,Nippon India Active Momentum Fund- Direct Plan IDCW Option,13.2430
2026-09-04,153278,Nippon India Active Momentum Fund- Regular Plan- IDCW Option,13.0486
2026-09-04,153280,Shriram Unclaimed Redemption Liquid Fund,1105.5964
2026-09-04,153281,Shriram Unclaimed Redemption Stable Scheme Liquid Fund,1000
2026-09-04,153282,Shriram Unclaimed IDCW Liquid Fund,1093.3075
2026-09-04,153283,Shriram Unclaimed IDCW Stable Scheme Liquid Fund,1000
2026-09-04,153284,Kotak BSE Sensex Index Fund - Regular - Growth,10.203
2026-09-04,153285,Kotak BSE Sensex Index Fund - Regular - IDCW,10.203
2026-09-04,153286,Kotak BSE Sensex Index Fund- Direct - Growth,10.23
2026-09-04,153287,Kotak BSE Sensex Index Fund- Direct - IDCW,10.23
2026-09-04,153288,Invesco India Business Cycle Fund - Regular Plan - Growth,14.42
2026-09-04,153289,Invesco India Business Cycle Fund - Regular Plan - IDCW,14.42
2026-09-04,153290,Invesco India Business Cycle Fund - Direct Plan - IDCW,14.78
2026-09-04,153291,Invesco India Business Cycle Fund - Direct Plan - Growth,14.77
2026-09-04,153292,Bank of India Money Market Fund - Direct - Weekly IDCW,10.0648
2026-09-04,153293,Bank of India Money Market Fund - Regular - Growth,11.0975
2026-09-04,153294,Bank of India Money Market Fund - Direct - Growth,11.1809
2026-09-04,153295,Bank of India Money Market Fund - Direct - Monthly IDCW,10.0761
2026-09-04,153296,Bank of India Money Market Fund - Direct - Daily IDCW,10.0500
2026-09-04,153298,Bank of India Money Market Fund - Regular - Daily IDCW,10.0500
2026-09-04,153299,Bank of India Money Market Fund - Regular - Monthly IDCW,10.0754
2026-09-04,153301,Bank of India Money Market Fund - Regular - Weekly IDCW,10.0682
2026-09-04,153302,Mahindra Manulife Value Fund - Regular Plan - IDCW,12.7331
2026-09-04,153303,Mahindra Manulife Value Fund - Direct Plan - Growth,13.0758
2026-09-04,153304,Mahindra Manulife Value Fund - Regular Plan - Growth,12.7331
2026-09-04,153305,Mahindra Manulife Value Fund - Direct Plan - IDCW,13.0758
2026-09-04,153306,BAJAJ FINSERV MULTI CAP FUND - DIRECT - IDCW,12.608
2026-09-04,153307,BAJAJ FINSERV MULTI CAP FUND - REGULAR - GROWTH,12.319
2026-09-04,153308,BAJAJ FINSERV MULTI CAP FUND - REGULAR - IDCW,12.319
2026-09-04,153309,BAJAJ FINSERV MULTI CAP FUND - DIRECT - GROWTH,12.608
2026-09-04,153310,Kotak CRISIL - IBX AAA Bond Financial Services Index Dec 2026 Fund - Regular - IDCW,11.1635
2026-09-04,153311,Kotak CRISIL - IBX AAA Bond Financial Services Index Dec 2026 Fund - Regular - Growth,11.1635
2026-09-04,153312,Kotak CRISIL - IBX AAA Bond Financial Services Index Dec 2026 Fund - Direct - IDCW,11.1976
2026-09-04,153313,Kotak CRISIL - IBX AAA Bond Financial Services Index Dec 2026 Fund - Direct - Growth,11.1979
2026-09-04,153314,Kotak MSCI India ETF,29.724
2026-09-04,153315,Kotak Nifty 100 Equal Weight ETF,34.991
2026-09-04,153320,SBI Nifty IT Index Fund - Direct Plan - Growth,7.7740
2026-09-04,153321,SBI Nifty IT Index Fund - Direct Plan - Income Distribution Cum Withdrawal Option (IDCW),7.7741
2026-09-04,153322,SBI Nifty IT Index Fund - Regular Plan - Income Distribution Cum Capital Withdrawal Option (IDCW),7.7180
2026-09-04,153323,SBI Nifty IT Index Fund - Regular Plan - Growth,7.7181
2026-09-04,153324,Helios Mid Cap Fund - Direct Plan - IDCW Option,14.28
2026-09-04,153325,Helios Mid Cap Fund - Regular Plan - IDCW Option,13.97
2026-09-04,153326,Helios Mid Cap Fund - Direct Plan - Growth Option,14.28
2026-09-04,153327,Helios Mid Cap Fund - Regular Plan - Growth Plan,13.96
2026-09-04,153328,Groww Nifty 200 ETF FOF - Direct - Growth,11.6341
2026-09-04,153329,Groww Nifty 200 ETF,11.3038
2026-09-04,153330,ANGEL ONE NIFTY TOTAL MARKET INDEX FUND DIRECT PLAN GROWTH OPTION,11.8918
2026-09-04,153331,ANGEL ONE NIFTY TOTAL MARKET INDEX FUND REGULAR PLAN GROWTH OPTION,11.758
2026-09-04,153332,ANGEL ONE NIFTY TOTAL MARKET ETF,11.9041
2026-09-04,153333,Edelweiss CRISIL IBX AAA Bond NBFC HFC Jun 2027 Index Fund - Direct Plan - IDCW Option,10.5283
2026-09-04,153334,Edelweiss CRISIL IBX AAA Bond NBFC HFC Jun 2027 Index Fund - Regular Plan - Growth Option,11.2005
2026-09-04,153335,Edelweiss CRISIL IBX AAA Bond NBFC HFC Jun 2027 Index Fund - Direct Plan - Growth Option,11.2343
2026-09-04,153336,Edelweiss CRISIL IBX AAA Bond NBFC HFC Jun 2027 Index Fund - Regular Plan - IDCW Option,10.4945
2026-09-04,153337,Union Gold ETF,150.2907
2026-09-04,153338,Union Gold ETF Fund of Fund - Regular Plan - Growth Option,17.4464
2026-09-04,153339,Union Gold ETF Fund of Fund - Direct Plan - IDCW Option,17.5181
2026-09-04,153340,Union Gold ETF Fund of Fund - Direct Plan - Growth Option,17.5181
2026-09-04,153341,Union Gold ETF Fund of Fund - Regular Plan - IDCW Option,17.4464
2026-09-04,153342,Groww Nifty 200 ETF FOF - Regular - Growth,11.5404
2026-09-04,153343,Groww Nifty 200 ETF FOF - Direct - IDCW,11.634
2026-09-04,153344,Groww Nifty 200 ETF FOF - Regular - IDCW,11.5404
2026-09-04,153345,DSP Nifty Private Bank Index Fund - Direct - IDCW,10.8843
2026-09-04,153346,DSP Nifty Private Bank Index Fund - Regular - IDCW,10.7640
2026-09-04,153347,DSP Nifty Private Bank Index Fund - Regular - Growth,11.3443
2026-09-04,153348,DSP Nifty Private Bank Index Fund - Direct - Growth,11.4671
2026-09-04,153349,Bandhan Nifty Next 50 Index Fund - Regular Plan - Growth,12.7248
2026-09-04,153350,Bandhan Nifty Next 50 Index Fund - Direct Plan - Growth,12.8764
2026-09-04,153351,KOTAK NIFTY COMMODITIES INDEX FUND-REGULAR GROWTH,12.252
2026-09-04,153352,KOTAK NIFTY COMMODITIES INDEX FUND-REGULAR-IDCW-PAYOUT & REINVESTMENT,12.252
2026-09-04,153353,Kotak Nifty Commodities Index Fund-Direct Growth,12.3
2026-09-04,153354,KOTAK NIFTY COMMODITIES INDEX FUND-DIRECT-IDCW-PAYOUT & REINVESTMENT,12.301
2026-09-04,153355,WhiteOak Capital Equity Savings Fund Direct Plan Growth,11.823
2026-09-04,153356,WhiteOak Capital Equity Savings Fund Regular Plan Growth,11.566
2026-09-04,153357,360 ONE Gold ETF,149.9161
2026-09-04,153362,Navi Nifty Smallcap 250 Momentum quality index fund- Direct Plan,12.3707
2026-09-04,153363,Navi Nifty Smallcap 250 Momentum quality index fund- Regular Plan,12.2468
2026-09-04,153364,Motilal Oswal Active Momentum Fund- Direct-Growth,14.3172
2026-09-04,153365,Motilal Oswal Active Momentum Fund- Regular- Growth,14.2958
2026-09-04,153366,Motilal Oswal Active Momentum Fund - Regular- IDCW,14.2962
2026-09-04,153367,Motilal Oswal Active Momentum Fund- Direct-IDCW,14.3169
2026-09-04,153368,Franklin India Low Duration Fund-Direct-Growth,11.1430
2026-09-04,153369,Franklin India Low Duration Fund-Direct-IDCW,10.6869
2026-09-04,153370,Franklin India Low Duration Fund-IDCW,10.6212
2026-09-04,153371,Franklin India Low Duration Fund-Growth,11.0559
2026-09-04,153372,Kotak CRISIL-IBX Financial Services 3-6 Months Debt Index Fund-Direct-Growth,11.0977
2026-09-04,153373,Kotak CRISIL-IBX Financial Services 3-6 Months Debt Index Fund-Direct-IDCW,11.0966
2026-09-04,153374,Kotak CRISIL-IBX Financial Services 3-6 Months Debt Index Fund-Regular-IDCW,11.0593
2026-09-04,153375,Kotak CRISIL-IBX Financial Services 3-6 Months Debt Index Fund-Regular-Growth,11.0594
2026-09-04,153376,Unifi Dynamic Asset Allocation Fund - Direct Growth,11.2815
2026-09-04,153377,Unifi Dynamic Asset Allocation Fund - Regular Growth,11.1831
2026-09-04,153378,ICICI Prudential BSE Liquid Rate ETF - Growth,1078.1019
2026-09-04,153379,Mirae Asset BSE 200 Equal Weight ETF,13.8122
2026-09-04,153380,Mirae Asset BSE 200 Equal Weight ETF Fund of Fund - Direct Plan - Growth,11.801
2026-09-04,153381,Mirae Asset BSE 200 Equal Weight ETF Fund of Fund - Direct Plan - IDCW,11.798
2026-09-04,153382,Mirae Asset BSE 200 Equal Weight ETF Fund of Fund - Regular Plan - Growth,11.713
2026-09-04,153383,Mirae Asset BSE 200 Equal Weight ETF Fund of Fund - Regular Plan - IDCW,11.710
2026-09-04,153384,Mirae Asset BSE Select IPO ETF,48.6374
2026-09-04,153385,Mirae Asset BSE Select IPO ETF Fund of Fund - Direct Plan - Growth,11.944
2026-09-04,153386,Mirae Asset BSE Select IPO ETF Fund of Fund - Direct Plan - IDCW,11.941
2026-09-04,153387,Mirae Asset BSE Select IPO ETF Fund of Fund - Regular Plan - Growth,11.871
2026-09-04,153388,Mirae Asset BSE Select IPO ETF Fund of Fund - Regular Plan - IDCW,11.852
2026-09-04,153389,Bandhan CRISIL-IBX 10:90 Gilt Plus SDL Index - Dec 2029 Fund-Direct Plan-Growth,11.0365
2026-09-04,153390,Bandhan CRISIL-IBX 10:90 Gilt Plus SDL Index - Dec 2029 Fund-Direct Plan-IDCW,10.4659
2026-09-04,153391,Bandhan CRISIL-IBX 10:90 Gilt Plus SDL Index - Dec 2029 Fund-Regular Plan-Growth,10.9925
2026-09-04,153392,Bandhan CRISIL-IBX 10:90 Gilt Plus SDL Index - Dec 2029 Fund-Regular Plan-IDCW,10.3306
2026-09-04,153393,ICICI Prudential Nifty EV & New Age Automotive ETF FOF - IDCW,12.1821
2026-09-04,153394,ICICI Prudential Nifty EV & New Age Automotive ETF FOF - Direct Plan - Growth,12.2401
2026-09-04,153395,ICICI Prudential Nifty EV & New Age Automotive ETF FOF - Direct Plan - IDCW,12.2402
2026-09-04,153396,ICICI Prudential Nifty EV & New Age Automotive ETF FOF - Growth,12.1821
2026-09-04,153397,ICICI Prudential Nifty EV & New Age Automotive ETF,32.3823
2026-09-04,153398,Kotak Nifty Midcap 150 ETF,23.561
2026-09-04,153399,KOTAK NIFTY MIDCAP 150 INDEX FUND-REGULAR PLAN-GROWTH,11.835
2026-09-04,153400,KOTAK NIFTY MIDCAP 150 INDEX FUND-REGULAR PLAN-IDCW PAYOUT AND REINVESTMENT,11.835
2026-09-04,153401,KOTAK NIFTY MIDCAP 150 INDEX FUND-DIRECT PLAN-GROWTH,11.92
2026-09-04,153402,KOTAK NIFTY MIDCAP 150 INDEX FUND-DIRECT PLAN-IDCW-PAYOUT AND REINVESTMENT,11.919
2026-09-04,153403,HDFC NIFTY 1D RATE LIQUID ETF GROWTH,1076.5025
2026-09-04,153404,HDFC Nifty Top 20 Equal Weight Index Fund - Regular Growth,10.0477
2026-09-04,153405,HDFC Nifty Top 20 Equal Weight Index Fund - Direct,10.1251
2026-09-04,153406,Motilal Oswal Nifty Capital Market ETF,54.4750
2026-09-04,153407,Bandhan CRISIL-IBX Financial Services 3-6 Months Debt Index Fund - Direct Plan - Growth,11.1007
2026-09-04,153408,Bandhan CRISIL-IBX Financial Services 3-6 Months Debt Index Fund - Regular Plan - Growth,10.9886
2026-09-04,153409,ICICI Prudential CRISIL-IBX Financial Services 3-6 Months Debt Index Fund - Growth,11.0643
2026-09-04,153410,ICICI Prudential CRISIL-IBX Financial Services 3-6 Months Debt Index Fund - Direct Plan - Annual IDCW,11.0871
2026-09-04,153411,ICICI Prudential CRISIL-IBX Financial Services 3-6 Months Debt Index Fund - Direct Plan - Growth,11.0871
2026-09-04,153412,ICICI Prudential CRISIL-IBX Financial Services 3-6 Months Debt Index Fund - Annual IDCW,11.0643
2026-09-04,153413,Zerodha Silver ETF,23.6555
2026-09-04,153414,Axis Nifty500 Value 50 ETF,32.8345
2026-09-04,153415,360 ONE Silver ETF,229.6003
2026-09-04,153416,Edelweiss Ultra Short to Short Term Fund - Direct Plan Growth,1105.3385
2026-09-04,153417,Edelweiss Ultra Short to Short Term Fund - Regular Plan IDCW Payout,1027.6005
2026-09-04,153418,Edelweiss Ultra Short to Short Term Fund - Direct Plan IDCW Payout,1039.8325
2026-09-04,153419,Edelweiss Ultra Short to Short Term Fund - Regular Plan Growth,1093.0307
2026-09-04,153420,Tata BSE Quality Index Fund Direct plan Growth Option,11.3361
2026-09-04,153421,Tata BSE Quality Index Fund Direct plan IDCW Payout Option,11.3361
2026-09-04,153422,Tata BSE Quality Index Fund Direct plan IDCW Reinvestment Option,11.3361
2026-09-04,153423,Tata BSE Quality Index Fund Regular plan IDCW Reinvestment Option,11.2152
2026-09-04,153424,Tata BSE Quality Index Fund Regular plan IDCW Payout Option,11.2152
2026-09-04,153425,Tata BSE Quality Index Fund Regular plan Growth Option,11.2152
2026-09-04,153426,quant Arbitrage Fund - Growth Option - Direct Plan,11.0546
2026-09-04,153427,quant Arbitrage Fund - IDCW Option - Direct Plan,11.043
2026-09-04,153428,quant Arbitrage Fund - Growth Option - Regular Plan,10.9609
2026-09-04,153429,quant Arbitrage Fund - IDCW Option - Regular Plan,10.9612
2026-09-04,153431,SBI BSE PSU BANK INDEX FUND- Regular Plan- Income Distribution Cum Capital Withdrawal Option (IDCW),13.6339
2026-09-04,153432,SBI BSE PSU BANK INDEX FUND- Direct Plan- Growth,13.7259
2026-09-04,153433,SBI BSE PSU BANK INDEX FUND- Direct Plan- Income Distribution Cum Capital Withdrawal Option (IDCW),13.7258
2026-09-04,153434,SBI BSE PSU BANK INDEX FUND- Regular Plan- Growth,13.6321
2026-09-04,153435,SBI BSE PSU BANK ETF,49.5131
2026-09-04,153436,Zerodha Overnight Fund - Direct Plan - Growth Option,10.7693
2026-09-04,153437,Bajaj Finserv Overnight Fund - Direct - Unclaimed less than 3 years IDCW Plan,1073.7069
2026-09-04,153438,Bajaj Finserv Overnight Fund - Direct - Unclaimed less than 3 years Redemption Plan,1079.6229
2026-09-04,153441,UTI Income Plus Arbitrage Active Fund of Fund - Regular Plan - Growth Option,10.835
2026-09-04,153442,UTI Income Plus Arbitrage Active Fund of Fund - Direct Plan - Growth Option,10.8889
2026-09-04,153443,Aditya Birla Sun Life Crisil-IBX Financial Services 9-12 Months Debt Index Fund-Direct Growth,11.0665
2026-09-04,153444,Aditya Birla Sun Life Crisil-IBX Financial Services 9-12 Months Debt Index Fund-Direct IDCW Payout,11.0673
2026-09-04,153445,Aditya Birla Sun Life Crisil-IBX Financial Services 9-12 Months Debt Index Fund-Regular Growth,11.0346
2026-09-04,153447,Kotak Energy Opportunities Fund-Direct-Growth,10.874
2026-09-04,153448,Kotak Energy Opportunities Fund-Direct-IDCW-Payout & Reinvestment,10.873
2026-09-04,153449,Kotak Energy Opportunities Fund-Regular-Growth,10.652
2026-09-04,153450,Kotak Energy Opportunities Fund-Regular-IDCW-Payout & Reinvestment,10.652
2026-09-04,153451,ANGEL ONE NIFTY 1D RATE LIQUID ETF - GROWTH,1075.423
2026-09-04,153452,Groww Nifty 500 Momentum 50 ETF,10.9592
2026-09-04,153453,Groww Nifty 500 Momentum 50 ETF FOF - Direct Plan - Growth,10.8753
2026-09-04,153454,Groww Nifty 500 Momentum 50 ETF FOF - Direct Plan - IDCW,10.8873
2026-09-04,153455,Groww Nifty 500 Momentum 50 ETF FOF - Regular Plan - IDCW,10.8095
2026-09-04,153456,Groww Nifty 500 Momentum 50 ETF FOF - Regular Plan- Growth,10.8096
2026-09-04,153457,ICICI Prudential Quality Fund - IDCW,10.71
2026-09-04,153458,ICICI Prudential Quality Fund - Direct Plan - Growth,10.87
2026-09-04,153459,ICICI Prudential Quality Fund - Growth,10.71
2026-09-04,153460,ICICI Prudential Quality Fund - Direct Plan - IDCW,10.87
2026-09-04,153461,Kotak Nifty Top 10 Equal Weight Index Fund-Direct Plan-Growth,9.12
2026-09-04,153462,Kotak Nifty Top 10 Equal Weight Index Fund-Direct Plan-IDCW-Payout and Reinvestment,9.119
2026-09-04,153463,Kotak Nifty Top 10 Equal Weight Index Fund-Regular Plan-Growth,9.034
2026-09-04,153464,Kotak Nifty Top 10 Equal Weight Index Fund-Regular Plan-IDCW Payout and Reinvestment,9.034
2026-09-04,153465,Canara Robeco Multi Asset Allocation Fund - Direct Plan - Growth,11.5600
2026-09-04,153466,Canara Robeco Multi Asset Allocation Fund - Regular Plan - Growth,11.3400
2026-09-04,153467,Canara Robeco Multi Asset Allocation Fund - Regular Plan - IDCW,11.3400
2026-09-04,153468,Canara Robeco Multi Asset Allocation Fund - Direct Plan - IDCW,11.5600
2026-09-04,153469,Nippon India Nifty 500 Quality 50 Index Fund - Regular Plan - IDCW Option,10.9345
2026-09-04,153470,Nippon India Nifty 500 Quality 50 Index Fund - Direct Plan - Growth Option,11.0162
2026-09-04,153471,Nippon India Nifty 500 Quality 50 Index Fund - Direct Plan - IDCW Option,11.0162
2026-09-04,153472,Nippon India Nifty 500 Quality 50 Index Fund - Regular Plan - Growth Option,10.9345
2026-09-04,153473,Nippon India Nifty 500 Low Volatility 50 Index Fund - Direct Plan - IDCW Plan,10.6283
2026-09-04,153474,Nippon India Nifty 500 Low Volatility 50 Index Fund - Direct Plan - Growth Option,10.6283
2026-09-04,153475,Nippon India Nifty 500 Low Volatility 50 Index Fund - Regular Plan - Growth Option,10.5469
2026-09-04,153476,Nippon India Nifty 500 Low Volatility 50 Index Fund - Regular Pan - IDCW Option,10.5469
2026-09-04,153477,Groww Gilt Fund - Direct - Growth,10.0287
2026-09-04,153478,Bajaj Finserv Nifty Next 50 Index Fund - Direct - IDCW,11.6200
2026-09-04,153479,Bajaj Finserv Nifty Next 50 Index Fund - Direct - Growth,11.6200
2026-09-04,153480,Bajaj Finserv Nifty Next 50 Index Fund - Regular - Growth,11.5179
2026-09-04,153481,Bajaj Finserv Nifty Next 50 Index Fund - Regular - IDCW,11.5179
2026-09-04,153482,Motilal Oswal Infrastructure Fund-Regular-Growth,12.5348
2026-09-04,153483,Motilal Oswal Infrastructure Fund-Direct-IDCW,12.2350
2026-09-04,153484,Motilal Oswal Infrastructure Fund-Direct-Growth,12.6746
2026-09-04,153485,Motilal Oswal Infrastructure Fund-Regular-IDCW,12.0981
2026-09-04,153486,DSP Silver ETF Fund of Fund - Regular - Growth,24.0690
2026-09-04,153487,DSP Silver ETF Fund of Fund - Direct - Growth,24.2062
2026-09-04,153488,DSP Silver ETF Fund of Fund - Regular - IDCW,24.0690
2026-09-04,153489,DSP Silver ETF Fund of Fund - Direct - IDCW,24.2062
2026-09-04,153494,Edelweiss BSE Internet Economy Index Fund - Direct Plan - IDCW,11.8347
2026-09-04,153495,Edelweiss BSE Internet Economy Index Fund - Regular Plan - Growth,11.733
2026-09-04,153496,Edelweiss BSE Internet Economy Index Fund - Regular Plan - IDCW,11.733
2026-09-04,153497,Edelweiss BSE Internet Economy Index Fund - Direct Plan - Growth,11.8347
2026-09-04,153498,SBI Income Plus Arbitrage Active FOF- Direct Plan- Growth,10.7561
2026-09-04,153499,SBI Income Plus Arbitrage Active FOF- Regular Plan- Income Distribution Cum Capital Withdrawal Option,10.7335
2026-09-04,153500,SBI Income Plus Arbitrage Active FOF- Regular Plan- Growth,10.7335
2026-09-04,153501,SBI Income Plus Arbitrage Active FOF- Direct Plan- Income Distribution Cum Capital Withdrawal Option,10.7560
2026-09-04,153502,Groww Gilt Fund - Direct - IDCW,10.0267
2026-09-04,153503,Groww Gilt Fund - Regular - Growth,9.8913
2026-09-04,153504,Groww Gilt Fund - Regular - IDCW,9.8914
2026-09-04,153505,Bajaj Finserv Nifty 50 Index Fund - Direct - IDCW,9.7685
2026-09-04,153506,Bajaj Finserv Nifty 50 Index Fund - Direct - Growth,9.7685
2026-09-04,153507,Bajaj Finserv Nifty 50 Index Fund - Regular - IDCW,9.6808
2026-09-04,153508,Bajaj Finserv Nifty 50 Index Fund - Regular - Growth,9.6808
2026-09-04,153509,Tata Income Plus Arbitrage Active FOF - Direct Plan IDCW Reinvestment Option,10.7092
2026-09-04,153510,Tata Income Plus Arbitrage Active FOF - Regular Plan IDCW Payout Option,10.6363
2026-09-04,153511,Tata Income Plus Arbitrage Active FOF - Regular Plan Growth Option,10.6363
2026-09-04,153512,Tata Income Plus Arbitrage Active FOF - Direct Plan IDCW Payout Option,10.7092
2026-09-04,153513,Tata Income Plus Arbitrage Active FOF - Direct Plan Growth Option,10.7092
2026-09-04,153514,Tata Income Plus Arbitrage Active FOF - Regular Plan IDCW Reinvestment Option,10.6363
2026-09-04,153515,UTI Multi Cap Fund - Direct Plan - Growth Option,10.985
2026-09-04,153516,UTI Multi Cap Fund - Regular Plan - Growth Option,10.7712
2026-09-04,153517,HDFC CRISIL-IBX Financial Services 3-6 Months Debt Index Fund - Direct Growth Plan,10.9757
2026-09-04,153518,HDFC CRISIL-IBX Financial Services 3-6 Months Debt Index Fund - Regular Growth Plan,10.9497
2026-09-04,153519,Mirae Asset Nifty 50 Equal Weight ETF,329.5339
2026-09-04,153520,TRUSTMF OVERNIGHT FUND - UNCLAIMED REDEMPTION PLAN GROWTH,1004.8233
2026-09-04,153524,Groww Silver ETF,22.8722
2026-09-04,153525,Groww Silver ETF FOF - Direct - Growth,22.634
2026-09-04,153526,Groww Silver ETF FOF - Direct - IDCW,22.6387
2026-09-04,153527,Groww Silver ETF FOF - Regular - Growth,22.5175
2026-09-04,153528,Groww Silver ETF FOF - Regular - IDCW,22.5174
2026-09-04,153529,ANGEL ONE NIFTY 50 INDEX FUND-DIRECT-GROWTH,9.8506
2026-09-04,153530,ANGEL ONE NIFTY 50 INDEX FUND-REGULAR-GROWTH,9.7878
2026-09-04,153531,ANGEL ONE NIFTY 50 ETF,9.88
2026-09-04,153532,MOTILAL OSWAL NIFTY 50 EQUAL WEIGHT ETF,33.0468
2026-09-04,153533,Samco Large & Mid Cap Fund - Regular Plan - Growth Option,8.80
2026-09-04,153534,Samco Large & Mid Cap Fund - Direct Plan - Growth Option,8.97
2026-09-04,153535,MOTILAL OSWAL NIFTY NEXT 50 ETF,72.8499
2026-09-04,153536,Baroda BNP Paribas Income Plus Arbitrage Active FOF Direct Growth,10.7660
2026-09-04,153538,Baroda BNP Paribas Income Plus Arbitrage Active FOF Regular IDCW Payout,10.7398
2026-09-04,153540,Baroda BNP Paribas Income Plus Arbitrage Active FOF Direct IDCW Payout,10.7660
2026-09-04,153541,Baroda BNP Paribas Income Plus Arbitrage Active FOF Regular Growth,10.7398
2026-09-04,153542,Unifi Flexi Cap Fund - Regular Growth,10.6968
2026-09-04,153543,Unifi Flexi Cap Fund - Direct Growth,10.8714
2026-09-04,153544,ICICI Prudential Nifty200 Quality 30 Index Fund - Growth,9.7865
2026-09-04,153545,ICICI Prudential Nifty200 Quality 30 Index Fund - IDCW,9.7861
2026-09-04,153546,ICICI Prudential Nifty200 Quality 30 Index Fund - Direct Plan - Growth,9.8435
2026-09-04,153547,ICICI Prudential Nifty200 Quality 30 Index Fund - Direct Plan - IDCW,9.8431
2026-09-04,153548,Baroda BNP Paribas Multi Asset Active FOF Regular Growth,11.4200
2026-09-04,153549,Baroda BNP Paribas Multi Asset Active FOF Regular ICDW Payout,11.4200
2026-09-04,153550,Baroda BNP Paribas Multi Asset Active FOF Direct IDCW Payout,11.5466
2026-09-04,153552,Baroda BNP Paribas Multi Asset Active FOF Direct Growth,11.5466
2026-09-04,153554,SBI Nifty200 Quality 30 Index Fund-Regular Plan- Growth,9.9513
2026-09-04,153555,SBI Nifty200 Quality 30 Index Fund-Direct Plan- Growth,9.9992
2026-09-04,153556,SBI Nifty200 Quality 30 Index Fund- Regular Plan- Income Cum Distribution Withdrawal Option,9.9513
2026-09-04,153557,SBI Nifty200 Quality 30 Index Fund- Direct Plan- Income Distribution Cum Capital Withdrawal Option,9.9993
2026-09-04,153558,Motilal Oswal Services Fund - Direct Plan - Growth,11.9177
2026-09-04,153561,Motilal Oswal Services Fund - Regular Plan - Growth,11.7891
2026-09-04,153562,Motilal Oswal Services Fund - Regular Plan - IDCW,11.7891
2026-09-04,153563,Motilal Oswal Services Fund - Direct Plan - IDCW,11.9177
2026-09-04,153564,Motilal Oswal BSE India Infrastructure ETF,58.6845
2026-09-04,153565,Nippon India BSE Sensex Next 30 Index -Direct Plan - IDCW Payout,10.9697
2026-09-04,153566,Nippon India BSE Sensex Next 30 Index Fund - Regular Plan-Growth Option,10.9262
2026-09-04,153567,Nippon India BSE Sensex Next 30 Index Fund- Direct Plan- Growth Option,10.9697
2026-09-04,153568,Nippon India BSE Sensex Next 30 Index Fund -Regular Plan- IDCW Payout,10.9262
2026-09-04,153569,Nippon India BSE Sensex Next 30 ETF,42.4665
2026-09-04,153570,Unifi Liquid Fund- Direct Growth,1074.3347
2026-09-04,153571,Unifi Liquid Fund- Regular Growth,1073.4766
2026-09-04,153572,Motilal Oswal Nifty India Manufacturing ETF,161.9276
2026-09-04,153573,Union Income Plus Arbitrage Active FOF - Regular Plan - Growth Option,10.4501
2026-09-04,153574,Union Income Plus Arbitrage Active FOF - Regular Plan - IDCW Option,10.4501
2026-09-04,153575,Union Income Plus Arbitrage Active FOF - Direct Plan - Growth Option,10.5071
2026-09-04,153576,Union Income Plus Arbitrage Active FOF - Direct Plan - IDCW Option,10.5071
2026-09-04,153577,Tata Nifty Midcap 150 Index Fund - Direct Plan - IDCW Reinvestment Option,11.0342
2026-09-04,153578,Tata Nifty Midcap 150 Index Fund - Regular Plan - IDCW Reinvestment Option,10.9071
2026-09-04,153579,Tata Nifty Midcap 150 Index Fund - Direct Plan - IDCW Payout Option,11.0342
2026-09-04,153580,Tata Nifty Midcap 150 Index Fund - Regular Plan - Growth Option,10.9071
2026-09-04,153581,Tata Nifty Midcap 150 Index Fund - Direct Plan - Growth Option,11.0342
2026-09-04,153582,Tata Nifty Midcap 150 Index Fund - Regular Plan - IDCW Payout Option,10.9071
2026-09-04,153583,Groww Nifty 500 Low Volatility 50 ETF,10.2725
2026-09-04,153585,Kotak Liquid Fund - Direct Plan - Weekly - Reinvestment & Payout of Income Distribution cum capital withdrawal option,1011.0792
2026-09-04,153586,Kotak Liquid Fund - Regular Plan - Weekly - Reinvestment & Payout of Income Distribution cum capital withdrawal option,1045.1867
2026-09-04,153588,DSP Nifty IT Index Fund - Regular - Growth,7.9852
2026-09-04,153589,DSP Nifty IT Index Fund - Regular - IDCW,7.9852
2026-09-04,153590,DSP Nifty IT Index Fund - Direct - Growth,8.0547
2026-09-04,153591,DSP Nifty IT Index Fund - Direct - IDCW,8.0547
2026-09-04,153592,DSP Nifty Healthcare Index Fund - Regular - Growth,11.5870
2026-09-04,153593,DSP Nifty Healthcare Index Fund - Direct - IDCW,11.6821
2026-09-04,153594,DSP Nifty Healthcare Index Fund - Direct- Growth,11.6821
2026-09-04,153595,DSP Nifty Healthcare Index Fund - Regular - IDCW,11.5870
2026-09-04,153596,Motilal Oswal BSE 1000 Index Fund - Direct Plan - Growth,10.1179
2026-09-04,153597,Motilal Oswal BSE 1000 Index Fund - Regular Plan - Growth,10.0324
2026-09-04,153598,Nippon India Income Plus Arbitrage Active Fund of Fund - Direct Plan-IDCW Payout,10.7119
2026-09-04,153599,Nippon India Income Plus Arbitrage Active Fund of Fund - Regular Plan- IDCW Payout,10.6815
2026-09-04,153600,Nippon India Income Plus Arbitrage Active Fund of Fund- Direct Plan- Growth Option,10.7119
2026-09-04,153601,Nippon India Income Plus Arbitrage Active Fund of Fund -Regular Plan- Growth Option,10.6815
2026-09-04,153602,Baroda BNP Paribas Health and Wellness Fund Regular Growth,10.6721
2026-09-04,153604,Baroda BNP Paribas Health and Wellness Fund Direct Growth,10.8970
2026-09-04,153605,Baroda BNP Paribas Health and Wellness Fund Direct IDCWPayout,10.8970
2026-09-04,153607,Baroda BNP Paribas Health and Wellness Fund Regular IDCWPayout,10.6721
2026-09-04,153608,Motilal Oswal Nifty PSE ETF,99.1113
2026-09-04,153609,BAJAJ FINSERV SMALL CAP FUND - REGULAR - GROWTH,11.298
2026-09-04,153610,BAJAJ FINSERV SMALL CAP FUND - REGULAR - IDCW,11.298
2026-09-04,153611,BAJAJ FINSERV SMALL CAP FUND - DIRECT - IDCW,11.495
2026-09-04,153612,BAJAJ FINSERV SMALL CAP FUND - DIRECT - GROWTH,11.495
2026-09-04,153613,ICICI Prudential Nifty Top 15 Equal Weight Index Fund - Growth,9.2778
2026-09-04,153614,ICICI Prudential Nifty Top 15 Equal Weight Index Fund - Direct Plan - Growth,9.3399
2026-09-04,153615,ICICI Prudential Nifty Top 15 Equal Weight Index Fund - IDCW,9.2778
2026-09-04,153616,ICICI Prudential Nifty Top 15 Equal Weight Index Fund - Direct Plan - IDCW,9.3403
2026-09-04,153617,ICICI Prudential Nifty Top 15 Equal Weight ETF,9.7790
2026-09-04,153618,Motilal Oswal Nifty India Tourism ETF,77.6702
2026-09-04,153619,HDFC INNOVATION FUND - REGULAR PLAN - GROWTH OPTION,11.87
2026-09-04,153620,HDFC INNOVATION FUND - DIRECT PLAN - GROWTH OPTION,12.034
2026-09-04,153621,Axis Services Opportunities Fund - Regular Plan - Growth Option,9.85
2026-09-04,153622,Axis Services Opportunities Fund - Direct Plan - IDCW Option,10.00
2026-09-04,153623,Axis Services Opportunities Fund - Regular Plan - IDCW Option,9.85
2026-09-04,153624,Axis Services Opportunities Fund - Direct Plan - Growth Option,10.00
2026-09-04,153625,Groww Nifty India Internet ETF,10.8117
2026-09-04,153626,Groww Nifty India Internet ETF FOF - Direct - Growth,10.8088
2026-09-04,153627,JM Large & Mid Cap Fund (Regular) - Growth Option,10.7806
2026-09-04,153628,JM Large & Mid Cap Fund (Regular) - IDCW,10.7806
2026-09-04,153629,JM Large & Mid Cap Fund (Direct) - Growth Option,10.9875
2026-09-04,153630,JM Large & Mid Cap Fund (Direct) - IDCW,10.9874
2026-09-04,153631,Groww Nifty India Internet ETF FOF - Regular - IDCW,10.7513
2026-09-04,153632,Groww Nifty India Internet ETF FOF - Direct - IDCW,10.8088
2026-09-04,153633,Groww Nifty India Internet ETF FOF - Regular - Growth,10.7514
2026-09-04,153634,Mirae Asset CRISIL-IBX Financial Services 9-12 Months Debt Index Fund - Direct Plan - Growth,10.7812
2026-09-04,153635,Mirae Asset CRISIL-IBX Financial Services 9-12 Months Debt Index Fund - Direct Plan - IDCW,10.7801
2026-09-04,153636,Mirae Asset CRISIL-IBX Financial Services 9-12 Months Debt Index Fund - Regular Plan - Growth,10.7563
2026-09-04,153637,Mirae Asset CRISIL-IBX Financial Services 9-12 Months Debt Index Fund - Regular Plan - IDCW,10.7565
2026-09-04,153638,Mirae Asset Income plus Arbitrage Active FOF - Direct Plan - Growth,10.648
2026-09-04,153639,Mirae Asset Income plus Arbitrage Active FOF - Direct Plan - IDCW,10.647
2026-09-04,153640,Mirae Asset Income plus Arbitrage Active FOF - Regular Plan - Growth,10.618
2026-09-04,153641,Mirae Asset Income plus Arbitrage Active FOF - Regular Plan - IDCW,10.618
2026-09-04,153642,Mirae Asset Nifty India Internet ETF,14.6049
2026-09-04,153643,HDFC INNOVATION FUND - IDCW - DIRECT PLAN,12.034
2026-09-04,153644,TRUSTMF MULTI CAP FUND -DIRECT PLAN-GROWTH,12.12
2026-09-04,153645,TRUSTMF MULTI CAP FUND -REGULAR PLAN-GROWTH,11.88
2026-09-04,153647,HDFC INNOVATION FUND - IDCW - REGULAR PLAN,11.87
2026-09-04,153649,JioBlackRock Money Market Fund - Direct Plan - Growth Option,1076.0480
2026-09-04,153650,JioBlackRock Overnight Fund - Direct Plan - Growth Option,1063.0533
2026-09-04,153651,JioBlackRock Liquid Fund - Direct Plan - Growth Option,1076.5816
2026-09-04,153652,Union Ultra Short to Short Term Fund - Regular Plan - Growth Option,10.6046
2026-09-04,153653,Union Ultra Short to Short Term Fund - Regular Plan - IDCW Option,10.1539
2026-09-04,153654,Union Ultra Short to Short Term Fund - Direct Plan - Growth Option,10.6922
2026-09-04,153655,Union Ultra Short to Short Term Fund - Direct Plan - IDCW Option,10.2395
2026-09-04,153656,Zerodha Silver ETF FoF - Direct Growth,21.2329
2026-09-04,153657,Kotak Nifty200 Quality 30 ETF,20.61
2026-09-04,153658,KOTAK NIFTY 200 QUALITY 30 INDEX FUND - DIRECT PLAN - IDCW - PAYOUT AND REINVESTMENT,9.879
2026-09-04,153659,KOTAK NIFTY 200 QUALITY 30 INDEX FUND - REGULAR PLAN - GROWTH,9.836
2026-09-04,153660,KOTAK NIFTY 200 QUALITY 30 INDEX FUND - DIRECT PLAN - GROWTH,9.879
2026-09-04,153661,KOTAK NIFTY 200 QUALITY 30 INDEX FUND - REGULAR PLAN - IDCW - PAYOUT AND REINVESTMENT,9.836
2026-09-04,153662,SBI Nifty200 Momentum 30 Index Fund- Direct Plan- Growth,9.7529
2026-09-04,153663,SBI Nifty200 Momentum 30 Index Fund- Regular Plan- Growth,9.7097
2026-09-04,153664,SBI Nifty200 Momentum 30 Index Fund- Regular Plan- Income Distribution Cum Capital Withdrawal Option (IDCW),9.7098
2026-09-04,153665,SBI Nifty200 Momentum 30 Index Fund- Direct Plan- Income Cum Distribution Capital Withdrawal Option (IDCW),9.7529
2026-09-04,153666,Sundaram Multi-Factor Fund - Direct - IDCW Reinvestment,9.9126
2026-09-04,153667,Sundaram Multi-Factor Fund - Regular - Growth,9.7369
2026-09-04,153668,Sundaram Multi-Factor Fund - Regular - IDCW Reinvestment,9.7369
2026-09-04,153669,Sundaram Multi-Factor Fund - Direct - Growth,9.9126
2026-09-04,153670,Sundaram Multi-Factor Fund - Direct - IDCW Payout,9.9126
2026-09-04,153671,Sundaram Multi-Factor Fund - Regular - IDCW Payout,9.7369
2026-09-04,153672,Mahindra Manulife Banking & Financial Services Fund - Direct - IDCW,11.0689
2026-09-04,153673,Mahindra Manulife Banking & Financial Services Fund - Regular - IDCW,10.8486
2026-09-04,153674,Mahindra Manulife Banking & Financial Services Fund - Direct - Growth,11.0689
2026-09-04,153675,Mahindra Manulife Banking & Financial Services Fund - Regular - Growth,10.8486
2026-09-04,153676,ICICI Prudential Nifty Private Bank Index Fund - Growth,9.9431
2026-09-04,153679,ICICI Prudential Nifty Private Bank Index Fund - Direct Plan - Growth,10.0058
2026-09-04,153680,Kotak Nifty AAA Bond Financial Services Mar 2028 Index Fund - Direct Plan - Growth,10.6889
2026-09-04,153681,Kotak Nifty AAA Bond Financial Services Mar 2028 Index Fund - Direct Plan - IDCW - Payout & Reinvestment,10.6885
2026-09-04,153682,Kotak Nifty AAA Bond Financial Services Mar 2028 Index Fund - Regular Plan - IDCW - Payout & Reinvestment,10.6635
2026-09-04,153683,Kotak Nifty AAA Bond Financial Services Mar 2028 Index Fund - Regular Plan - Growth,10.6633
2026-09-04,153684,ICICI Prudential Active Momentum Fund - Direct Plan - Growth,11.01
2026-09-04,153685,ICICI Prudential Active Momentum Fund - Growth,10.87
2026-09-04,153688,Tata Liquid Fund - Regular Plan - Weekly IDCW Reinvestment,1066.3006
2026-09-04,153689,Tata Liquid Fund - Direct Plan - Weekly IDCW Reinvestment,1071.4124
2026-09-04,153690,Nippon India MNC Fund- Direct Plan-IDCW Payout,10.8339
2026-09-04,153691,Nippon India MNC Fund- Regular Plan-Growth Option,10.6812
2026-09-04,153692,Nippon India MNC Fund- Regular Plan- IDCW Payout,10.6812
2026-09-04,153693,Nippon India MNC Fund- Direct Plan- Growth Option,10.8339
2026-09-04,153694,Motilal Oswal Nifty Midcap150 Momentum 50 ETF,64.4181
2026-09-04,153695,Invesco India Income Plus Arbitrage Active Fund of Fund - Regular Plan - Growth Plan,1057.7008
2026-09-04,153696,Invesco India Income Plus Arbitrage Active Fund of Fund - Regular Plan - IDCW (Payout / Reinvestment),1057.7022
2026-09-04,153697,Invesco India Income Plus Arbitrage Active Fund of Fund - Direct Plan - Growth,1062.2469
2026-09-04,153698,Invesco India Income Plus Arbitrage Active Fund of Fund - Direct Plan - IDCW (Payout / Reinvestment),1062.2427
2026-09-04,153699,Groww Nifty 50 ETF,9.6674
2026-09-04,153700,360 ONE Overnight Fund - Regular Plan - Growth,1061.3442
2026-09-04,153701,360 ONE Overnight Fund- Direct Plan - IDCW,1062.3251
2026-09-04,153702,360 ONE Overnight Fund - Regular Plan - IDCW,1061.3442
2026-09-04,153703,360 ONE Overnight Fund - Direct Plan - Growth,1062.3251
2026-09-04,153704,Groww Nifty 50 Index Fund Direct Growth,9.5926
2026-09-04,153705,quant Equity Savings Fund - Growth Option - Direct Plan,11.0905
2026-09-04,153706,quant Equity Savings Fund - IDCW Option - Direct Plan,11.058
2026-09-04,153707,quant Equity Savings Fund - Growth Option - Regular Plan,10.8796
2026-09-04,153708,quant Equity Savings Fund - IDCW Option - Regular Plan,10.8791
2026-09-04,153709,Groww Nifty 50 Index Fund Direct IDCW,9.5926
2026-09-04,153710,Groww Nifty 50 Index Fund Regular Growth,9.518
2026-09-04,153711,Groww Nifty 50 Index Fund Regular IDCW,9.518
2026-09-04,153712,Edelweiss Income Plus Arbitrage Active Fund of Funds - Direct Plan Growth,10.6311
2026-09-04,153713,Edelweiss Income Plus Arbitrage Active Fund of Funds - Regular-Growth,10.6016
2026-09-04,153714,Edelweiss Income Plus Arbitrage Active Fund of Fund - Regular - Dividend- Payout,10.4207
2026-09-04,153715,Edelweiss Income Plus Arbitrage Active Fund of Funds - Direct-Dividend-Payout,10.4501
2026-09-04,153716,SBI Nifty100 Low Volatility 30 Index Fund- Regular Plan- Growth,10.0704
2026-09-04,153717,SBI Nifty100 Low Volatility 30 Index Fund- Regular Plan- Income Cum Distribution Capital Withdrawal Option (IDCW),10.0704
2026-09-04,153718,SBI Nifty100 Low Volatility 30 Index Fund- Direct Plan- Growth,10.1140
2026-09-04,153719,SBI Nifty100 Low Volatility 30 Index Fund-Direct  Plan- Income Cum Distribution Capital Withdrawal Option (IDCW),10.1140
2026-09-04,153720,Bandhan Multi-Factor Fund - Direct Plan - IDCW,9.831
2026-09-04,153721,Bandhan Multi-Factor Fund - Regular Plan - Growth,9.662
2026-09-04,153722,Bandhan Multi-Factor Fund - Direct Plan - Growth,9.831
2026-09-04,153723,Bandhan Multi-Factor Fund - Regular Plan - IDCW,9.662
2026-09-04,153724,Motilal Oswal Nifty Alpha 50 ETF,56.0783
2026-09-04,153725,Nippon India Nifty 1D Rate Liquid ETF-Growth,1054.2417
2026-09-04,153726,Bank of India Mid Cap Fund - Regular Plan Growth,10.56
2026-09-04,153727,Bank of India Mid Cap Fund - Regular Plan IDCW,10.56
2026-09-04,153728,Bank of India Mid Cap Fund - Direct Plan Growth,10.68
2026-09-04,153729,Bank of India Mid Cap Fund - Direct Plan IDCW,10.68
2026-09-04,153730,Franklin India Multi Asset Allocation Fund- IDCW,11.0409
2026-09-04,153731,Franklin India Multi Asset Allocation Fund- Direct-Growth,11.2403
2026-09-04,153732,Franklin India Multi Asset Allocation Fund- Direct- IDCW,11.2403
2026-09-04,153733,Franklin India Multi Asset Allocation Fund- Growth,11.0409
2026-09-04,153734,Aditya Birla Sun Life BSE 500 Momentum 50 Index Fund-Regular IDCW Payout,10.9010
2026-09-04,153735,Aditya Birla Sun Life BSE 500 Momentum 50 Index Fund- Regular Growth,10.9010
2026-09-04,153736,Aditya Birla Sun Life BSE 500 Momentum 50 Index Fund-Direct Growth,10.9879
2026-09-04,153737,Aditya Birla Sun Life BSE 500 Momentum 50 Index Fund-Direct IDCW Payout,10.9890
2026-09-04,153738,CAPITALMIND FLEXI CAP FUND DIRECT GROWTH,10.4229
2026-09-04,153739,CAPITALMIND FLEXI CAP FUND REGULAR GROWTH,10.2643
2026-09-04,153740,Aditya Birla Sun Life BSE 500 Quality 50 Index Fund - Direct Growth,10.8168
2026-09-04,153741,Aditya Birla Sun Life BSE 500 Quality 50 Index Fund - Direct IDCW Payout,10.8168
2026-09-04,153742,Aditya Birla Sun Life BSE 500 Quality 50 Index Fund - Regular Growth,10.7296
2026-09-04,153743,Aditya Birla Sun Life BSE 500 Quality 50 Index Fund - Regular IDCW Payout,10.7296
2026-09-04,153744,Groww BSE Power ETF,11.2802
2026-09-04,153745,Groww BSE Power ETF FOF Direct Growth,11.5161
2026-09-04,153746,Groww BSE Power ETF FOF Direct IDCW,11.5162
2026-09-04,153747,Groww BSE Power ETF FOF Regular IDCW,11.4616
2026-09-04,153748,Groww BSE Power ETF FOF Regular Growth,11.4616
2026-09-04,153749,Motilal Oswal Special Opportunities Fund - Direct - Growth,12.6334
2026-09-04,153750,Motilal Oswal Special Opportunities Fund - Direct- IDCW,12.6334
2026-09-04,153751,Motilal Oswal Special Opportunities Fund-Regular Plan-Growth,12.6191
2026-09-04,153752,Motilal Oswal Special Opportunities Fund-Regular Plan- IDCW,12.6191
2026-09-04,153753,Kotak Active Momentum Fund - Direct Plan - Growth option,11.119
2026-09-04,153754,Kotak Active Momentum Fund - Direct Plan - IDCW - Payout and Reinvestment,11.119
2026-09-04,153755,Kotak Active Momentum Fund - Regular Plan - Growth,10.962
2026-09-04,153756,Kotak Active Momentum Fund - Regular Plan - IDCW - Payout & Reinvestment,10.962
2026-09-04,153757,Zerodha Multi Asset Passive FoF - Direct - Growth,11.6127
2026-09-04,153758,BAJAJ FINSERV EQUITY SAVINGS FUND - DIRECT - GROWTH,10.541
2026-09-04,153769,BAJAJ FINSERV EQUITY SAVINGS FUND - REGULAR - GROWTH,10.424
2026-09-04,153770,BAJAJ FINSERV EQUITY SAVINGS FUND -  DIRECT - IDCW,10.541
2026-09-04,153771,BAJAJ FINSERV EQUITY SAVINGS FUND - REGULAR - IDCW,10.424
2026-09-04,153772,360 ONE Multi Asset Allocation Fund - Regular Plan - Growth,12.3358
2026-09-04,153773,360 ONE Multi Asset Allocation Fund - Direct Plan - IDCW,12.5430
2026-09-04,153774,360 ONE Multi Asset Allocation Fund - Direct Plan - Growth,12.5430
2026-09-04,153775,360 ONE Multi Asset Allocation Fund - Regular Plan - IDCW,12.3358
2026-09-04,153776,Edelweiss Multi Asset Omni Fund of Fund- Direct Plan - Growth,11.753
2026-09-04,153777,Edelweiss Multi Asset Omni Fund of Fund- Direct Plan - IDCW,11.753
2026-09-04,153778,Edelweiss Multi Asset Omni Fund of Fund- Regular Plan - IDCW,11.5957
2026-09-04,153779,Edelweiss Multi Asset Omni Fund of Fund- Regular Plan - Growth,11.5957
2026-09-04,153780,Motilal Oswal Gold ETF,151.8590
2026-09-04,153781,Kotak Nifty Alpha 50 Index Fund - Direct Plan - Growth,10.947
2026-09-04,153782,Kotak Nifty Alpha 50 Index Fund - Direct Plan - IDCW - Payout & Reinvestment,10.947
2026-09-04,153783,Kotak Nifty Alpha 50 Index Fund - Regular Plan - IDCW - Payout & Reinvestment,10.88
2026-09-04,153784,Kotak Nifty Alpha 50 Index Fund - Regular Plan - Growth,10.88
2026-09-04,153785,Groww Nifty Next 50 ETF,73.2522
2026-09-04,153786,Groww Nifty Next 50 Index Fund Direct Growth,10.8026
2026-09-04,153787,JioBlackRock Nifty 50 Index Fund - Direct Plan - Growth Option,9.6974
2026-09-04,153788,JioBlackRock Nifty Midcap 150 Index Fund - Direct Plan - Growth Option,10.9238
2026-09-04,153789,JioBlackRock Nifty Next 50 Index Fund - Direct Plan - Growth Option,10.8846
2026-09-04,153790,JioBlackRock Nifty Smallcap 250 Index Fund - Direct Plan - Growth Option,10.9687
2026-09-04,153791,JioBlackRock Nifty 8-13 yr G-Sec Index Fund - Direct Plan - Growth Option,10.3995
2026-09-04,153794,Baroda BNP Paribas Gold ETF Fund of Funds Regular Growth,15.2554
2026-09-04,153795,Baroda BNP Paribas Gold ETF Fund of Funds Direct Growth,15.3023
2026-09-04,153796,SBI Nifty 1D Rate Liquid ETF - Growth,1054.5556
2026-09-04,153797,Groww Nifty Next 50 Index Fund Direct IDCW,10.8026
2026-09-04,153798,Groww Nifty Next 50 Index Fund Regular Growth,10.7259
2026-09-04,153799,Groww Nifty Next 50 Index Fund Regular IDCW,10.7258
2026-09-04,153800,DSP Nifty500 Flexicap Quality 30 Index Fund - Direct - IDCW,9.7113
2026-09-04,153801,DSP Nifty500 Flexicap Quality 30 Index Fund - Direct - Growth,9.7113
2026-09-04,153802,DSP Nifty500 Flexicap Quality 30 Index Fund - Regular - Growth,9.6439
2026-09-04,153803,DSP Nifty500 Flexicap Quality 30 Index Fund - Regular - IDCW,9.6439
2026-09-04,153804,TRUSTMF ARBITRAGE FUND -DIRECT PLAN-GROWTH,10.6324
2026-09-04,153805,TRUSTMF ARBITRAGE FUND -REGULAR PLAN-GROWTH,10.5468
2026-09-04,153806,Nippon India Nifty India Manufacturing Index Fund- Direct Plan- Growth Option,11.3360
2026-09-04,153807,Nippon India Nifty India Manufacturing Index - Direct Plan- IDCW Option,11.3360
2026-09-04,153808,Nippon India Nifty India Manufacturing Index- Regular Plan-IDCW Option,11.2715
2026-09-04,153809,Nippon India Nifty India Manufacturing Index-Regular Plan-Growth Option,11.2715
2026-09-04,153810,Nippon India Nifty India Manufacturing ETF,163.0286
2026-09-04,153811,Zerodha Nifty 8-13 Yr G-Sec ETF,30.3970
2026-09-04,153812,Mirae Asset Gold Silver Passive FoF - Direct Plan - Growth,17.135
2026-09-04,153813,Mirae Asset Gold Silver Passive FoF - Direct Plan - IDCW,17.134
2026-09-04,153814,Mirae Asset Gold Silver Passive FoF - Regular Plan - Growth,17.032
2026-09-04,153815,Mirae Asset Gold Silver Passive FoF - Regular Plan - IDCW,17.028
2026-09-04,153816,Mirae Asset Multi Factor Passive FOF - Direct Plan - Growth,10.861
2026-09-04,153817,Mirae Asset Multi Factor Passive FOF - Direct Plan - IDCW,10.859
2026-09-04,153818,Mirae Asset Multi Factor Passive FOF - Regular Plan - Growth,10.803
2026-09-04,153819,Mirae Asset Multi Factor Passive FOF - Regular Plan - IDCW,10.785
2026-09-04,153820,Motilal Oswal Silver ETF,230.6392
2026-09-04,153821,Groww Multi Asset Allocation Fund Direct Growth,10.4196
2026-09-04,153822,Union Diversified Equity All Cap Active FOF - Regular Plan - Growth Option,10.9338
2026-09-04,153823,Union Diversified Equity All Cap Active FOF - Regular Plan - IDCW Option,10.9338
2026-09-04,153824,Union Diversified Equity All Cap Active FOF - Direct Plan - Growth Option,11.0355
2026-09-04,153825,Union Diversified Equity All Cap Active FOF - Direct Plan - IDCW Option,11.0355
2026-09-04,153826,ANGEL ONE GOLD ETF,14.3447
2026-09-04,153827,ANGEL ONE GOLD ETF FOF- DIRECT GROWTH,13.9853
2026-09-04,153828,ANGEL ONE GOLD ETF FOF - REGULAR GROWTH,13.9167
2026-09-04,153829,Axis Nifty500 Quality 50 Index Fund - Direct Plan - Growth Option,10.1955
2026-09-04,153830,Axis Nifty500 Quality 50 Index Fund - Regular Plan - Growth Option,10.1109
2026-09-04,153831,SBI Dynamic Asset Allocation Active FoF - Regular Plan - Growth,10.2980
2026-09-04,153832,SBI Dynamic Asset Allocation Active FoF - Direct Plan - Growth,10.4026
2026-09-04,153833,SBI Dynamic Asset Allocation Active FoF- Direct Plan- Income Cum Distribution Capital Withdrawal Option,10.4019
2026-09-04,153834,SBI Dynamic Asset Allocation Active FoF - Regular Plan - Income Distribution Cum Capital Withdrawal Option,10.2980
2026-09-04,153837,Zerodha Nifty Smallcap 100 ETF,11.4279
2026-09-04,153838,Bandhan BSE India Sector Leaders Index Fund - Direct Plan - Growth,9.6394
2026-09-04,153839,Bandhan BSE India Sector Leaders Index Fund - Regular Plan - Growth,9.5716
2026-09-04,153841,Edelweiss Nifty LargeMidcap 250 ETF - Growth,16.5963
2026-09-04,153844,Baroda BNP Paribas Business Conglomerates Fund Regular Growth Option,10.1135
2026-09-04,153845,Baroda BNP Paribas Business Conglomerates Fund Direct IDCW Payout Option,10.2742
2026-09-04,153846,Baroda BNP Paribas Business Conglomerates Fund Regular IDCW Payout Option,10.1135
2026-09-04,153847,Baroda BNP Paribas Business Conglomerates Fund Direct Growth Option,10.2742
2026-09-04,153850,Groww Multi Asset Allocation Fund Regular IDCW,10.2452
2026-09-04,153851,Groww Multi Asset Allocation Fund Regular Growth,10.245
2026-09-04,153852,Groww Multi Asset Allocation Fund Direct IDCW,10.4165
2026-09-04,153853,Tata Nifty Next 50 Index Fund - Direct Plan IDCW Reinvestment Option,10.7570
2026-09-04,153854,Tata Nifty Next 50 Index Fund - Direct Plan IDCW Payout Option,10.7570
2026-09-04,153855,Tata Nifty Next 50 Index Fund - Regular Plan Growth Option,10.6715
2026-09-04,153856,Tata Nifty Next 50 Index Fund - Regular Plan IDCW Reinvestment Option,10.6715
2026-09-04,153857,Tata Nifty Next 50 Index Fund - Regular Plan IDCW Payout Option,10.6715
2026-09-04,153858,Tata Nifty Next 50 Index Fund - Direct Plan Growth Option,10.7570
2026-09-04,153859,JioBlackRock Flexi Cap Fund - Direct Plan - Growth Option,10.0242
2026-09-04,153860,HDFC Diversified Equity All Cap Active FOF - Direct Plan - Growth Plan,10.2213
2026-09-04,153861,HDFC Diversified Equity All Cap Active FOF - Regular Plan - Growth Plan,10.1255
2026-09-04,153862,HDFC Diversified Equity All Cap Active FOF - IDCW - Direct Plan,10.2213
2026-09-04,153863,HDFC Diversified Equity All Cap Active FOF - IDCW - Regular Plan,10.1255
2026-09-04,153864,ICICI Prudential Conglomerate Fund - IDCW,10.36
2026-09-04,153865,ICICI Prudential Conglomerate Fund - Growth,10.36
2026-09-04,153866,ICICI Prudential Conglomerate Fund - Direct Plan - IDCW,10.46
2026-09-04,153867,ICICI Prudential Conglomerate Fund - Direct Plan - Growth,10.46
2026-09-04,153868,Samco Small Cap Fund - Direct Plan,12.30
2026-09-04,153869,Samco Small Cap Fund - Regular Plan,12.16
2026-09-04,153870,THE WEALTH COMPANY FLEXI CAP FUND - REGULAR GROWTH,10.0122
2026-09-04,153871,THE WEALTH COMPANY FLEXI CAP FUND - REGULAR IDCW,10.0121
2026-09-04,153872,THE WEALTH COMPANY FLEXI CAP FUND - DIRECT GROWTH,10.1935
2026-09-04,153873,THE WEALTH COMPANY FLEXI CAP FUND - DIRECT IDCW,10.193
2026-09-04,153874,DSP Nifty500 Flexicap Quality 30 ETF,10.0433
2026-09-04,153875,Kotak CRISIL-IBX Financial Services 9 to 12 Months Debt Index Fund - Direct - Growth,10.6235
2026-09-04,153876,Kotak CRISIL-IBX Financial Services 9 to 12 Months Debt Index Fund - Direct - IDCW,10.6235
2026-09-04,153877,Kotak CRISIL-IBX Financial Services 9 to 12 Months Debt Index Fund - Regular - Growth,10.6033
2026-09-04,153878,Kotak CRISIL-IBX Financial Services 9 to 12 Months Debt Index Fund - Regular - IDCW,10.6012
2026-09-04,153879,Axis CRISIL-IBX Financial Services 3-6 Months Debt Index Fund - Direct Plan - Growth option,10.6601
2026-09-04,153880,Axis CRISIL-IBX Financial Services 3-6 Months Debt Index Fund - Regular Plan - Growth option,10.6490
2026-09-04,153881,Axis CRISIL-IBX Financial Services 3-6 Months Debt Index Fund - Regular Plan - IDCW option,10.6481
2026-09-04,153882,Axis CRISIL-IBX Financial Services 3-6 Months Debt Index Fund - Direct Plan - IDCW option,10.6601
2026-09-04,153883,THE WEALTH COMPANY LIQUID FUND DIRECT GROWTH,1059.8207
2026-09-04,153884,THE WEALTH COMPANY LIQUID FUND DIRECT MONTHLY IDCW,1004.3207
2026-09-04,153885,THE WEALTH COMPANY LIQUID FUND REGULAR WEEKLY IDCW,1003.1691
2026-09-04,153886,THE WEALTH COMPANY LIQUID FUND REGULAR DAILY IDCW,1002
2026-09-04,153887,THE WEALTH COMPANY LIQUID FUND DIRECT DAILY ICDW,1002
2026-09-04,153888,THE WEALTH COMPANY LIQUID FUND REGULAR GROWTH,1058.2796
2026-09-04,153889,THE WEALTH COMPANY LIQUID FUND DIRECT WEEKLY,1003.197
2026-09-04,153890,THE WEALTH COMPANY LIQUID FUND REGULAR MONTHLY IDCW,1004.2664
2026-09-04,153891,THE WEALTH COMPANY ARBITRAGE FUND DIRECT GROWTH,10.5549
2026-09-04,153892,THE WEALTH COMPANY ARBITRAGE FUND REGULAR GROWTH,10.4925
2026-09-04,153893,THE WEALTH COMPANY ARBITRAGE FUND DIRECT IDCW,10.5535
2026-09-04,153894,THE WEALTH COMPANY ARITRAGE FUND REGULAR IDCW,10.4921
2026-09-04,153895,THE WEALTH COMPANY ETHICAL FUND DIRECT GROWTH,9.9538
2026-09-04,153896,THE WEALTH COMPANY ETHICAL FUND REGULAR IDCW,9.8189
2026-09-04,153897,THE WEALTH COMPANY ETHICAL FUND REGULAR GROWTH,9.8194
2026-09-04,153898,THE WEALTH COMPANY ETHICAL FUND DIRECT IDCW,9.9544
2026-09-04,153899,Groww Nifty Realty ETF,10.1831
2026-09-04,153900,Invesco India Consumption Fund - Direct Plan - Growth,11.06
2026-09-04,153901,Invesco India Consumption Fund - Direct Plan - IDCW,11.06
2026-09-04,153902,Invesco India Consumption Fund - Regular Plan - Growth Plan,10.91
2026-09-04,153903,Invesco India Consumption Fund - Regular Plan - IDCW Plan,10.91
2026-09-04,153904,Kotak Nifty 200 Momentum 30 ETF,30.724
2026-09-04,153905,Zerodha Nifty 50 ETF,9.6040
2026-09-04,153906,Zerodha Nifty 50 Index Fund - Direct Plan - Growth,9.5687
2026-09-04,153907,Groww Nifty Capital Markets ETF,11.4342
2026-09-04,153908,Groww Nifty Capital Markets ETF FOF Direct Growth,11.5807
2026-09-04,153909,Helios Small Cap Fund - Regular Plan - Growth Option,11.57
2026-09-04,153910,Helios Small Cap Fund - Direct Plan - IDCW Option,11.71
2026-09-04,153911,Helios Small Cap Fund - Regular Plan - IDCW Option,11.57
2026-09-04,153912,Helios Small Cap Fund - Direct Plan - Growth Option,11.71
2026-09-04,153913,Motilal Oswal Consumption Fund-Direct-Growth,11.2772
2026-09-04,153914,Motilal Oswal Consumption Fund-Direct-IDCW,11.2772
2026-09-04,153915,Motilal Oswal Consumption Fund-Regular-IDCW,11.1193
2026-09-04,153916,Motilal Oswal Consumption Fund-Regular-Growth,11.1193
2026-09-04,153917,Groww Nifty Capital Markets ETF FOF Direct IDCW,11.5807
2026-09-04,153918,Groww Nifty Capital Markets ETF FOF Regular Growth,11.5394
2026-09-04,153919,Groww Nifty Capital Markets ETF FOF Regular IDCW,11.5395
2026-09-04,153920,Edelweiss Nifty 1D Rate Liquid ETF - Growth,1046.3584
2026-09-04,153921,Kotak Gold Silver Passive FOF - Direct Plan - Growth,15.434
2026-09-04,153922,Kotak Gold Silver Passive FOF - Regular Plan - Growth,15.394
2026-09-04,153923,Groww Nifty Smallcap250 ETF,10.6735
2026-09-04,153924,Axis Income Plus Arbitrage Passive FOF - Direct Plan - Growth Option,10.5190
2026-09-04,153925,Axis Income Plus Arbitrage Passive FOF - Direct Plan - IDCW Option,10.5190
2026-09-04,153926,Axis Income Plus Arbitrage Passive FOF - Regular Plan - IDCW Option,10.4898
2026-09-04,153927,Axis Income Plus Arbitrage Passive FOF - Regular Plan - Growth Option,10.4937
2026-09-04,153928,Motilal Oswal Nifty 100 ETF,25.2036
2026-09-04,153929,Bandhan Silver ETF,233.8773
2026-09-04,153930,Bandhan Gold ETF,153.3650
2026-09-04,153931,Motilal Oswal Nifty Energy ETF,38.3134
2026-09-04,153932,Zerodha BSE SENSEX Index Fund,9.2368
2026-09-04,153933,Choice Gold ETF,152.4689
2026-09-04,153934,Kotak Nifty Chemicals ETF,30.212
2026-09-04,153935,Bajaj Finserv Banking and Financial Services Fund - Regular - Growth,9.875
2026-09-04,153936,Bajaj Finserv Banking and Financial Services Fund - Regular - IDCW,9.875
2026-09-04,153937,Bajaj Finserv Banking and Financial Services Fund - Direct - Growth,10.000
2026-09-04,153938,Bajaj Finserv Banking and Financial Services Fund - Direct - IDCW,10.000
2026-09-04,153939,Groww Nifty Midcap 150 Index Fund Direct Growth,10.386
2026-09-04,153940,Groww Nifty Midcap 150 ETF,232.4167
2026-09-04,153941,Franklin India Multi-Factor Fund- IDCW,9.4460
2026-09-04,153942,Franklin India Multi-Factor Fund- Direct- Growth,9.5634
2026-09-04,153943,Franklin India Multi-Factor Fund- Growth,9.4460
2026-09-04,153944,Franklin India Multi-Factor Fund- Direct- IDCW,9.5634
2026-09-04,153945,Mirae Asset Nifty Energy ETF,38.3898
2026-09-04,153946,Mirae Asset Nifty Smallcap 250 ETF,18.5464
2026-09-04,153947,Edelweiss BSE Sensex ETF - Growth,77.0953
2026-09-04,153948,LIC MF Consumption Fund-Direct Plan-Growth,9.8261
2026-09-04,153949,LIC MF Consumption Fund-Direct Plan-IDCW,9.8261
2026-09-04,153950,LIC MF Consumption Fund-Regular Plan-Growth,9.707
2026-09-04,153951,LIC MF Consumption Fund-Regular Plan-IDCW,9.707
2026-09-04,153952,Groww Nifty Midcap 150 Index fund Direct IDCW,10.3859
2026-09-04,153953,Groww Nifty Midcap 150 Index Fund Regular Growth,10.3316
2026-09-04,153954,Groww Nifty Midcap 150 Index Fund Regular IDCW,10.3316
2026-09-04,153955,ANGEL ONE NIFTY TOTAL MARKET MOMENTUM QUALITY 50 INDEX FUND - REGULAR GROWTH,10.2239
2026-09-04,153956,ANGEL ONE NIFTY TOTAL MARKET MOMENTUM QUALITY 50 INDEX FUND - DIRECT GROWTH,10.2799
2026-09-04,153957,ANGEL ONE NIFTY TOTAL MARKET MOMENTUM QUALITY 50 ETF,10.2873
2026-09-04,153958,HDFC BSE India Sector Leaders Index Fund - Regular Plan - Growth Option,9.4157
2026-09-04,153959,HDFC BSE India Sector Leaders India Fund - Direct Plan - Growth Option,9.4527
2026-09-04,153964,Parag Parikh Flexi Cap Fund - Direct Plan - IDCW,90.5289
2026-09-04,153965,Parag Parikh Flexi Cap Fund - Regular Plan - IDCW,82.4827
2026-09-04,153966,Edelweiss Nifty 50 ETF - Growth,24.1027
2026-09-04,153967,Kotak Rural Opportunities Fund - Direct Plan - IDCW Divdend - Payouout & Reinvestment,9.627
2026-09-04,153968,Kotak Rural Opportunities Fund - Regular Plan - IDCW Dividend - Payout & Reinvestment,9.512
2026-09-04,153969,Kotak Rural Opportunities Fund - Regular Plan - Growth,9.512
2026-09-04,153970,Kotak Rural Opportunities Fund - Direct Plan - Growth,9.627
2026-09-04,153971,Bandhan Healthcare Fund - Direct Plan - IDCW,11.364
2026-09-04,153972,Bandhan Healthcare Fund - Direct Plan - Growth,11.364
2026-09-04,153973,Bandhan Healthcare Fund - Regular Plan - IDCW,11.223
2026-09-04,153974,Bandhan Healthcare Fund - Regular Plan - Growth,11.223
2026-09-04,153975,DSP MSCI INDIA ETF,29.4210
2026-09-04,153977,Old Bridge Arbitrage Fund Regular Growth,10.4257
2026-09-04,153979,Old Bridge Arbitrage Fund Direct Growth,10.4981
2026-09-04,153980,Old Bridge Arbitrage Fund Regular IDCW,10.4257
2026-09-04,153981,Old Bridge Arbitrage Fund - Direct - IDCW,10.4981
2026-09-04,153982,Groww Money Market Fund Direct Growth,10.4769
2026-09-04,153983,Mirae Asset Infrastructure Fund - Direct Plan - Growth,11.544
2026-09-04,153984,Mirae Asset Infrastructure Fund - Direct Plan - IDCW,11.543
2026-09-04,153985,Mirae Asset Infrastructure Fund - Regular Plan - Growth,11.403
2026-09-04,153986,Mirae Asset Infrastructure Fund - Regular Plan - IDCW,11.405
2026-09-04,153987,PGIM India Multi Asset Allocation Fund - Direct Plan - Growth Option,10.74
2026-09-04,153988,PGIM India Multi Asset Allocation Fund - Regular Plan - Growth Option,10.6
2026-09-04,153989,PGIM India Multi Asset Allocation Fund - Regular Plan - IDCW Option,10.6
2026-09-04,153990,PGIM India Multi Asset Allocation Fund - Direct Plan - IDCW Option,10.74
2026-09-04,153991,Groww Money Market Fund Direct IDCW,10.4768
2026-09-04,153992,Groww Money Market Fund Regular Growth,10.4284
2026-09-04,153993,Groww Money Market Fund Regular IDCW,10.4286
2026-09-04,153999,The Wealth Company Multi Asset Allocation Fund - Direct Growth,11.0327
2026-09-04,154000,The Wealth Company Multi Asset Allocation Fund - Direct IDCW,11.031
2026-09-04,154001,The Wealth Company Multi Asset Allocation Fund - Regular IDCW,10.8924
2026-09-04,154002,The Wealth Company Multi Asset Allocation Fund - Regular Growth,10.9013
2026-09-04,154003,Motilal Oswal BSE Select IPO ETF,48.6654
2026-09-04,154005,Mahindra Manulife Income Plus Arbitrage Active FOF - Regular - IDCW,10.4205
2026-09-04,154006,Mahindra Manulife Income Plus Arbitrage Active FOF - Regular - Growth,10.4205
2026-09-04,154007,Mahindra Manulife Income Plus Arbitrage Active FOF  - Direct - Growth,10.4606
2026-09-04,154008,Mahindra Manulife Income Plus Arbitrage Active FOF - Direct - IDCW,10.4606
2026-09-04,154010,Capitalmind Liquid Fund - Regular-Growth,1050.6437
2026-09-04,154011,Capitalmind Liquid Fund - Direct-Growth,1052.2689
2026-09-04,154012,DSP Nifty Midcap 150 Index Fund - Regular - Growth,10.5337
2026-09-04,154013,DSP Nifty Midcap 150 Index Fund - Regular - IDCW,10.5337
2026-09-04,154014,DSP Nifty Midcap 150 Index Fund - Direct - Growth,10.5897
2026-09-04,154015,DSP Nifty Midcap 150 Index Fund - Direct - IDCW,10.5897
2026-09-04,154016,DSP Nifty Smallcap 250 Index Fund - Regular - Growth,11.3100
2026-09-04,154017,DSP Nifty Smallcap 250 Index Fund - Regular - IDCW,11.3100
2026-09-04,154018,DSP Nifty Smallcap 250 Index Fund - Direct - Growth,11.3684
2026-09-04,154019,DSP Nifty Smallcap 250 Index Fund - Direct - IDCW,11.3684
2026-09-04,154020,Union Consumption Fund - Direct Plan - Growth Option,9.88
2026-09-04,154021,Union Consumption Fund - Direct Plan - IDCW Option,9.88
2026-09-04,154022,Union Consumption Fund - Regular Plan - Growth Option,9.79
2026-09-04,154023,Union Consumption Fund - Regular Plan - IDCW Option,9.79
2026-09-04,154024,DSP Nifty Smallcap 250 ETF,18.5928
2026-09-04,154025,DSP Nifty Midcap 150 ETF,23.2349
2026-09-04,154026,Navi Nifty Midsmall 400 Index Fund - Regular - Growth,10.8207
2026-09-04,154027,Navi Nifty midsmallcap 400 Index Fund- Direct - Growth,10.8887
2026-09-04,154028,Groww Multi Asset Omni FOF Direct Growth,10.5256
2026-09-04,154029,Kotak Nifty500 Momentum 50 Index Fund - Direct Plan - IDCW - Payout & Investment,10.34
2026-09-04,154030,Kotak Nifty500 Momentum 50 Index Fund - Regular Plan - Growth,10.315
2026-09-04,154031,Kotak Nifty500 Momentum 50 Index Fund - Regular Plan - IDCW - Payout & Reinvestment,10.315
2026-09-04,154032,Kotak Nifty500 Momentum 50 Index Fund - Direct Plan - Growth,10.34
2026-09-04,154033,Motilal Oswal Nifty Services Sector ETF,30.7640
2026-09-04,154034,Groww Nifty Metal ETF,12.6942
2026-09-04,154041,Abakkus Flexi Cap Fund - Regular - Growth,11.2890
2026-09-04,154042,Abakkus Flexi Cap Fund - Regular - IDCW,11.2890
2026-09-04,154043,Abakkus Flexi Cap Fund - Direct - Growth,11.3980
2026-09-04,154045,Abakkus Flexi Cap Fund - Direct - IDCW,11.4030
2026-09-04,154047,Abakkus Liquid Fund - Regular Plan - Growth,104.3315
2026-09-04,154048,Abakkus Liquid Fund - Regular Plan - Monthly IDCW Reinvestment,100.4017
2026-09-04,154049,Abakkus Liquid Fund - Direct Plan - Daily IDCW Reinvestment,100.0881
2026-09-04,154050,Abakkus Liquid Fund - Direct Plan - Weekly IDCW Reinvestment,100.1788
2026-09-04,154051,Abakkus Liquid Fund - Direct Plan - Growth,104.3930
2026-09-04,154052,Abakkus Liquid Fund - Direct Plan - Quarterly IDCW Reinvestment,101.1976
2026-09-04,154053,Abakkus Liquid Fund - Regular Plan - Daily IDCW Reinvestment,100.0881
2026-09-04,154054,Abakkus Liquid Fund - Regular Plan - Quarterly IDCW Reinvestment,101.1388
2026-09-04,154055,Abakkus Liquid Fund - Direct Plan - Monthly IDCW Reinvestment,100.4056
2026-09-04,154056,Abakkus Liquid Fund - Regular Plan - Weekly IDCW Reinvestment,100.1780
2026-09-04,154057,Groww Multi Asset Omni FOF Regular Growth,10.4435
2026-09-04,154058,Groww Multi Asset Omni FOF Direct IDCW,10.5256
2026-09-04,154059,Groww Multi Asset Omni FOF Regular IDCW,10.4435
2026-09-04,154060,Mirae Asset Nifty Top 20 Equal Weight ETF,8.8617
2026-09-04,154061,Mirae Asset BSE 500 Dividend Leaders 50 ETF,35.5854
2026-09-04,154062,Motilal Oswal Nifty MNC ETF,32.0824
2026-09-04,154063,Groww Small Cap Fund-Direct-Growth,12.9049
2026-09-04,154064,Tata BSE Multicap Consumption 50:30:20 Index Fund - Regular Plan Growth Option,9.7249
2026-09-04,154065,Tata BSE Multicap Consumption 50:30:20 Index Fund - Regular Plan IDCW Payout Option,9.7249
2026-09-04,154066,Tata BSE Multicap Consumption 50:30:20 Index Fund - Direct Plan Growth Option,9.7782
2026-09-04,154067,Tata BSE Multicap Consumption 50:30:20 Index Fund - Regular Plan IDCW Reinvestment Option,9.7249
2026-09-04,154068,Tata BSE Multicap Consumption 50:30:20 Index Fund - Direct Plan IDCW Reinvestment Option,9.7782
2026-09-04,154069,Tata BSE Multicap Consumption 50:30:20 Index Fund - Direct Plan IDCW Payout Option,9.7782
2026-09-04,154070,JioBlackRock Overnight Fund - Unclaimed Redemption - Upto 3 years - Growth Option,1039.5112
2026-09-04,154072,Edelweiss Silver ETF Fund of Fund - Direct Plan Growth Option,10.162
2026-09-04,154075,Edelweiss Silver ETF Fund of Fund - Regular Plan Growth Option,10.131
2026-09-04,154076,JioBlackRock Arbitrage Fund - Direct Plan - Growth Option,10.4703
2026-09-04,154077,Axis Gold and Silver Passive FOF - Regular Plan - Growth,11.1047
2026-09-04,154078,Axis Gold and Silver Passive FOF - Direct Plan - Growth,11.1366
2026-09-04,154079,JioBlackRock Short Term Fund - Direct Plan - Growth Option,1039.3329
2026-09-04,154081,JioBlackRock Ultra Short to Short Term Fund- Direct Plan - Growth Option,1041.8407
2026-09-04,154082,JioBlackRock Sector Rotation Fund - Direct Plan - Growth Option,9.9628
2026-09-04,154083,quant Overnight Fund - Unclaimed IDCW Greater than 3 years,10
2026-09-04,154084,quant Overnight Fund - Unclaimed Redemption Less than 3 years,10.3554
2026-09-04,154085,quant Overnight Fund - Unclaimed Redemption Greater than 3 years,10
2026-09-04,154086,quant Overnight Fund - Unclaimed IDCW Less than 3 years,10.3598
2026-09-04,154087,DSP Nifty Next 50 ETF,73.3048
2026-09-04,154088,DSP Nifty 500 Index Fund - Direct - Growth,9.7139
2026-09-04,154089,DSP Nifty 500 Index Fund - Direct - IDCW,9.7139
2026-09-04,154090,DSP Nifty 500 Index Fund - Regular - Growth,9.6663
2026-09-04,154091,DSP Nifty 500 Index Fund - Regular - IDCW,9.6663
2026-09-04,154092,The Wealth Company Gold ETF,152.7559
2026-09-04,154093,Bank of India Banking & Financial Services Fund - Direct Plan - Growth,9.82
2026-09-04,154094,Bank of India Banking & Financial Services Fund - Direct Plan - IDCW,9.82
2026-09-04,154095,Bank of India Banking & Financial Services Fund - Regular Plan - Growth,9.75
2026-09-04,154096,Bank of India Banking & Financial Services Fund - Regular Plan - IDCW,9.75
2026-09-04,154097,Kotak Dividend Yield Fund - Direct - Growth,9.727
2026-09-04,154098,Kotak Dividend Yield Fund - Regular IDCW,9.64
2026-09-04,154099,Kotak Dividend Yield Fund - Regular -Growth,9.64
2026-09-04,154100,Kotak Dividend Yield Fund - Direct - IDCW,9.726
2026-09-04,154101,Kotak Nifty Next 50 ETF,73.472
2026-09-04,154102,Groww Small Cap Fund-Regular-Growth,12.7671
2026-09-04,154103,Groww Small Cap Fund-Regular-IDCW,12.7673
2026-09-04,154104,Groww Small Cap Fund - Direct-IDCW,12.9048
2026-09-04,154105,Edelweiss Financial Services Fund - Direct Plan - IDCW Option,9.5758
2026-09-04,154106,Edelweiss Financial Services Fund - Regular Plan - IDCW Option,9.4935
2026-09-04,154107,Edelweiss Financial Services Fund - Regular Plan - Growth Option,9.4935
2026-09-04,154108,Edelweiss Financial Services Fund - Direct Plan - Growth Option,9.5758
2026-09-04,154109,Zerodha Nifty Short Duration G-Sec Index Fund - Direct Plan - Growth Option,1029.7307
2026-09-04,154111,Groww Nifty Chemicals ETF,30.1351
2026-09-04,154112,Motilal Oswal Diversified Equity Flexicap Passive Fund of Funds- Direct - Growth,10.8240
2026-09-04,154113,Motilal Oswal Diversified Equity Flexicap Passive Fund of funds- Regular Growth,10.7853
2026-09-04,154114,Samco Mid Cap Fund - Direct Plan,10.12
2026-09-04,154115,Samco Mid Cap Fund - Regular Plan,10.03
2026-09-04,154119,Mahindra Manulife Innovation Opportunities Fund - Regular - IDCW,11.0802
2026-09-04,154120,Mahindra Manulife Innovation Opportunities Fund - Regular - Growth,11.0802
2026-09-04,154121,Mahindra Manulife Innovation Opportunities Fund - Direct - Growth,11.1982
2026-09-04,154122,Mahindra Manulife Innovation Opportunities Fund - Direct - IDCW,11.1982
2026-09-04,154123,Sundaram Income Plus Arbitrage Active FoF Fund-Direct-Growth,10.3939
2026-09-04,154124,Sundaram Income Plus Arbitrage Active FoF Fund-Direct-IDCW Payout,10.3939
2026-09-04,154125,Sundaram Income Plus Arbitrage Active FoF Fund-Regular-IDCW Payout,10.3762
2026-09-04,154127,Sundaram Income Plus Arbitrage Active FoF Fund-Regular-Growth,10.3762
2026-09-04,154129,Bandhan Gold ETF FOF-Direct-Growth,10.0699
2026-09-04,154130,Bandhan Gold ETF FOF-Regular-Growth,10.0404
2026-09-04,154131,THE WEALTH COMPANY GOLD ETF FOF DIRECT GROWTH,9.7374
2026-09-04,154132,THE WEALTH COMPANY GOLD ETF FOF DIRECT IDCW,9.7373
2026-09-04,154133,THE WEALTH COMPANY GOLD ETF FOF REGULAR GROWTH,9.7121
2026-09-04,154134,THE WEALTH COMPANY GOLD ETF FOF REGULAR IDCW,9.7118
2026-09-04,154135,Bandhan Silver ETF FOF-Regular-Growth,7.6100
2026-09-04,154136,Bandhan Silver ETF FOF-Direct-Growth,7.6324
2026-09-04,154137,Motilal Oswal Financial Services Fund- Regular-Growth,10.7526
2026-09-04,154139,Motilal Oswal Financial Services Fund- Regular-IDCW-,10.7526
2026-09-04,154140,Motilal Oswal Financial Services Fund- Direct- IDCW,10.8418
2026-09-04,154142,Motilal Oswal Financial Services Fund- Direct Growth,10.8418
2026-09-04,154143,Shriram Money Market Fund - Regular Plan Growth Option,1039.9859
2026-09-04,154144,Shriram Money Market Fund - Direct Plan Growth Option,1041.4707
2026-09-04,154145,Kotak Nifty200 Value 30 Index Fund - Direct - Growth,9.604
2026-09-04,154146,Kotak Nifty200 Value 30 Index Fund - Direct - IDCW,9.604
2026-09-04,154147,Kotak Nifty200 Value 30 Index Fund - Regular - IDCW,9.587
2026-09-04,154148,Kotak Nifty200 Value 30 Index Fund - Regular - Growth,9.587
2026-09-04,154149,Kotak Services Fund - Direct - Growth,10.573
2026-09-04,154150,Kotak Services Fund - Direct - IDCW,10.572
2026-09-04,154151,Kotak Services Fund - Regular - Growth,10.495
2026-09-04,154152,Kotak Services Fund - Regular - IDCW,10.495
2026-09-04,154153,Parag Parikh Large Cap Fund - Regular Plan - IDCW,9.5751
2026-09-04,154154,Parag Parikh Large Cap Fund - Regular Plan - Growth,9.5751
2026-09-04,154155,Parag Parikh Large Cap Fund - Direct Plan - Growth,9.5969
2026-09-04,154156,Parag Parikh Large Cap Fund - Direct Plan - IDCW,9.6043
2026-09-04,154157,ITI Business Cycle Fund- Direct Plan- Growth,10.7676
2026-09-04,154158,ITI Business Cycle Fund- Direct Plan-IDCW,10.7676
2026-09-04,154159,ITI Business Cycle Fund- Regular Plan- Growth,10.6731
2026-09-04,154160,ITI Business Cycle Fund- Regular Plan- IDCW,10.6731
2026-09-04,154161,WhiteOak Capital Consumption Opportunities Fund Direct Plan Growth,10.447
2026-09-04,154162,WhiteOak Capital Consumption Opportunities Fund Regular Plan Growth,10.351
2026-09-04,154163,Groww Nifty PSE ETF,97.9176
2026-09-04,154164,Groww Nifty PSE ETF FOF Direct Growth,9.4624
2026-09-04,154165,DSP Multi Asset Omni Fund of Funds - Regular - Growth,10.1199
2026-09-04,154166,DSP Multi Asset Omni Fund of Funds - Direct - IDCW,10.1610
2026-09-04,154167,DSP Multi Asset Omni Fund of Funds - Direct - Growth,10.1610
2026-09-04,154168,DSP Multi Asset Omni Fund of Funds - Regular - IDCW,10.1199
2026-09-04,154169,Mirae Asset Nifty 500 Healthcare ETF,21.5069
2026-09-04,154170,Axis BSE India Sectors Leaders Index Fund- Regular Plan- Growth Option,9.5119
2026-09-04,154171,Axis BSE India Sectors Leaders Index Fund- Direct Plan- Growth Option,9.5567
2026-09-04,154172,Groww Nifty PSE ETF FOF Direct IDCW,9.4624
2026-09-04,154173,Groww Nifty PSE ETF FOF Regular Growth,9.4471
2026-09-04,154174,Groww Nifty PSE ETF FOF Regular IDCW,9.4471
2026-09-04,154175,SBI Quality Fund - Regular Plan - Growth,10.8230
2026-09-04,154176,SBI Quality Fund - Regular Plan - Income Distribution Cum Capital Withdrawal,10.8230
2026-09-04,154177,SBI Quality Fund - Direct Plan - Growth,10.8909
2026-09-04,154178,SBI Quality Fund - Direct Plan - Income Distribution Cum Capital Withdrawal,10.8910
2026-09-04,154179,HDFC Nifty India Consumption Index Fund - Direct Growth Plan,9.7643
2026-09-04,154180,HDFC Nifty India Consumption Index  Fund - Regular Growth Plan,9.7401
2026-09-04,154181,Mirae Asset Nifty India Infrastructure & Logistics ETF,12.0168
2026-09-04,154182,Mirae Asset BSE India Defence ETF,81.7345
2026-09-04,154183,The Wealth Company Balanced Advantage Fund - Regular Growth,10.0046
2026-09-04,154184,The Wealth Company Balanced Advantage Fund - Regular IDCW,10.0033
2026-09-04,154185,The Wealth Company Balanced Advantage Fund - Direct Growth,10.116
2026-09-04,154186,The Wealth Company Balanced Advantage Fund - Direct IDCW,10.1152
2026-09-04,154187,Mirae Asset BSE India Defence ETF FOF - Direct Plan - Growth,12.130
2026-09-04,154188,Mirae Asset BSE India Defence ETF FOF - Direct Plan - IDCW,12.127
2026-09-04,154189,Mirae Asset BSE India Defence ETF FOF - Regular Plan - Growth,12.091
2026-09-04,154190,Mirae Asset BSE India Defence ETF FOF - Regular Plan - IDCW,12.092
2026-09-04,154191,Baroda BNP Paribas Best-in-Class Strategy Fund - Regular - IDCW Payout Option,10.4263
2026-09-04,154193,Baroda BNP Paribas Best-in-Class Strategy Fund - Direct - IDCW Payout Option,10.5155
2026-09-04,154194,Baroda BNP Paribas Best-in-Class Strategy Fund - Regular - Growth Option,10.4263
2026-09-04,154195,Baroda BNP Paribas Best-in-Class Strategy Fund - Direct - Growth Option,10.5155
2026-09-04,154197,UTI Nifty500 Shariah Index Fund - Direct Plan Growth Option,10.1136
2026-09-04,154198,UTI Nifty500 Shariah Index Fund - Regular Plan Growth Option,10.0898
2026-09-04,154199,Groww BSE Hospitals ETF,51.7404
2026-09-04,154200,Groww BSE Hospitals ETF FOF Direct Growth,10.802
2026-09-04,154201,Bajaj Finserv Ultra Short to Short Term Fund - Regular - IDCW,1031.6529
2026-09-04,154202,Bajaj Finserv Ultra Short to Short Term Fund - Direct - IDCW,1036.0002
2026-09-04,154203,Bajaj Finserv Ultra Short to Short Term Fund - Regular - Growth,1031.6529
2026-09-04,154204,Bajaj Finserv Ultra Short to Short Term Fund - Direct - Growth,1036.0002
2026-09-04,154205,ANGEL ONE SILVER ETF,8.9153
2026-09-04,154206,ANGEL ONE SILVER ETF FOF -DIRECT GROWTH,8.0648
2026-09-04,154207,ANGEL ONE SILVER ETF FOF -REGULAR GROWTH,8.0441
2026-09-04,154208,Edelweiss Gold ETF Fund of Fund Direct Plan Growth Option,9.5325
2026-09-04,154209,Edelweiss Gold ETF Fund of Fund Regular Plan Growth Option,9.509
2026-09-04,154210,TRUSTMF MID CAP FUND -DIRECT -GROWTH,12.40
2026-09-04,154211,TRUSTMF MID CAP FUND -REGULAR-GROWTH,12.30
2026-09-04,154212,Capitalmind Multi Asset Allocation Fund-Direct-IDCW,10.0721
2026-09-04,154213,Capitalmind Multi Asset Allocation Fund-Regular-IDCW,10.0014
2026-09-04,154214,Abakkus Small Cap Fund - Regular  Plan - Growth,12.6630
2026-09-04,154215,Abakkus Small Cap Fund - Direct Plan - Growth,12.7440
2026-09-04,154216,Mirae Asset Nifty Metal ETF FOF - Direct Plan - Growth,10.751
2026-09-04,154217,Mirae Asset Nifty Metal ETF FOF - Direct Plan - IDCW,10.813
2026-09-04,154218,Mirae Asset Nifty Metal ETF FOF - Regular Plan - Growth,10.717
2026-09-04,154219,Mirae Asset Nifty Metal ETF FOF - Regular Plan - IDCW,10.717
2026-09-04,154220,Aditya Birla Sun Life MSCI India ETF,29.4008
2026-09-04,154221,Groww BSE Hospitals ETF FOF Direct IDCW,10.8023
2026-09-04,154222,Groww BSE Hospitals ETF FOF Regular IDCW,10.7811
2026-09-04,154223,Groww BSE Hospitals ETF FOF Regular Growth,10.7811
2026-09-04,154224,Aditya Birla Sun Life BSE Top 10 Banks ETF,168.7019
2026-09-04,154225,Old Bridge Flexi Cap Fund Direct Growth,11.40
2026-09-04,154226,Old Bridge Flexi Cap Fund Regular Growth,11.31
2026-09-04,154227,Old Bridge Flexi Cap Fund Regular IDCW,11.31
2026-09-04,154228,Old Bridge Flexi Cap Fund Direct IDCW,11.40
2026-09-04,154231,Capitalmind Multi Asset Allocation Fund-Regular-Growth,10.0014
2026-09-04,154232,Capitalmind Multi Asset Allocation Fund-Direct-Growth,10.0721
2026-09-04,154233,Capitalmind Arbitrage Fund-regular-Growth,10.2219
2026-09-04,154234,Capitalmind Arbitrage Fund-Direct-IDCW,10.2601
2026-09-04,154235,Capitalmind Arbitrage Fund-Regular-IDCW,10.2221
2026-09-04,154236,Capitalmind Arbitrage Fund-Direct-Growth,10.2601
2026-09-04,154237,SBI Nifty Midcap 150 Momentum 50 ETF,63.6007
2026-09-04,154238,Motilal Oswal Multi Factor Passive Fund of Funds - Regular,10.3027
2026-09-04,154239,Motilal Oswal Multi Factor Passive Fund of Funds - Direct,10.3332
2026-09-04,154244,LIC MF Technology Fund-Direct Plan-Growth,11.3945
2026-09-04,154245,LIC MF Technology Fund-Direct Plan-IDCW,11.3941
2026-09-04,154246,LIC MF Technology Fund-Regular Plan-IDCW,11.3051
2026-09-04,154247,LIC MF Technology Fund-Regular Plan-Growth,11.3051
2026-09-04,154248,Canara Robeco Banking and Financials Services Fund - Regular Plan - Growth,11.0200
2026-09-04,154249,Canara Robeco Banking and Financials Services Fund - Regular Plan - IDCW,11.0200
2026-09-04,154250,Canara Robeco Banking and Financials Services Fund - Direct Plan - Growth,11.1000
2026-09-04,154251,Canara Robeco Banking and Financials Services Fund - Direct Plan - IDCW,11.1000
2026-09-04,154252,Nippon India CRISIL-IBX Financial Services 9-12 Months Debt Index Fund -Direct Plan - Growth Option,10.3721
2026-09-04,154253,Nippon India CRISIL-IBX Financial Services 9-12 Months Debt Index Fund -Direct Plan-IDCW Option,10.3721
2026-09-04,154254,Nippon India CRISIL-IBX Financial Services 9-12 Months Debt Index Fund -Regular Plan - IDCW Option,10.3623
2026-09-04,154255,Nippon India CRISIL-IBX Financial Services 9-12 Months Debt Index Fund -Regular Plan - Growth Option,10.3623
2026-09-04,154256,DSP BSE Top 10 Banks ETF,16.8782
2026-09-04,154257,Helios Arbitrage Fund - Direct Growth,10.25
2026-09-04,154258,Helios Arbitrage Fund - Regular Growth,10.21
2026-09-04,154259,Helios Arbitrage Fund - Direct IDCW,10.25
2026-09-04,154260,Helios Arbitrage Fund - Regular IDCW,10.21
2026-09-04,154261,HDFC INCOME PLUS ARBITRAGE OMNI FOF - GROWTH OPTION -REGULAR PLAN,10.3706
2026-09-04,154262,HDFC INCOME PLUS ARBITRAGE OMNI FOF - GROWTH OPTION - DIRECT PLAN,10.3868
2026-09-04,154263,HDFC INCOME PLUS ARBITRAGE OMNI FOF - IDCW OPTION - DIRECT PLAN,10.3868
2026-09-04,154264,HDFC INCOME PLUS ARBITRAGE OMNI FOF - IDCW OPTION - REGULAR PLAN,10.3706
2026-09-04,154265,ICICI Prudential Diversified Equity All Cap Active FOF - Growth,10.8597
2026-09-04,154266,ICICI Prudential Diversified Equity All Cap Active FOF - Direct Plan - Growth,10.9137
2026-09-04,154267,The Wealth Company Small Cap Fund- Regular-IDCW,11.8355
2026-09-04,154268,The Wealth Company Small Cap Fund- Regular-Growth,11.8361
2026-09-04,154269,The Wealth Company Small Cap Fund- Direct-Growth,11.9363
2026-09-04,154270,The Wealth Company Small Cap Fund- Direct-IDCW,11.9378
2026-09-04,154271,Nippon India CRISIL-IBX Financial Services 3-6 Months Debt Index Fund- Direct Plan- Growth Option,10.3893
2026-09-04,154272,Nippon India CRISIL-IBX Financial Services 3-6 Months Debt Index Fund- Direct Plan-IDCW Option,10.3893
2026-09-04,154273,Nippon India CRISIL-IBX Financial Services 3-6 Months Debt Index Fund- Regular Plan- IDCW Option,10.3801
2026-09-04,154274,Nippon India CRISIL-IBX Financial Services 3-6 Months Debt Index Fund- Regular Plan- Growth Option,10.3801
2026-09-04,154275,Kotak Multi Factor Passive FOF - Direct- Growth,10.983
2026-09-04,154276,Kotak Multi Factor Passive FOF - Regular- Growth,10.972
2026-09-04,154277,Groww Nifty PSU Bank ETF,85.407
2026-09-04,154278,Groww Nifty PSU Bank Index Fund Direct Growth,10.1173
2026-09-04,154279,Mirae Asset Silver ETF FOF - Direct Plan - Growth,10.392
2026-09-04,154280,Mirae Asset Silver ETF FOF - Direct Plan - IDCW,10.392
2026-09-04,154281,Mirae Asset Silver ETF FOF - Regular Plan - Growth,10.365
2026-09-04,154282,Mirae Asset Silver ETF FOF - Regular Plan - IDCW,10.364
2026-09-04,154283,Groww Nifty PSU Bank Index Fund Direct IDCW,10.116
2026-09-04,154284,Groww Nifty PSU Bank Index Fund Regular Growth,10.0928
2026-09-04,154285,Groww Nifty PSU Bank Index Fund Regular IDCW,10.0928
2026-09-04,154286,Kotak Quality Overseas Equity Active FOF - Regular Plan - Growth,11.392
2026-09-04,154287,Kotak Quality Overseas Equity Active FOF - Direct Plan - Growth-,11.426
2026-09-04,154288,Kotak Quality Overseas Equity Active FOF - Direct Plan - IDCW,11.426
2026-09-04,154289,Kotak Quality Overseas Equity Active FOF - Regular Plan - IDCW,11.392
2026-09-04,154294,HSBC Gold ETF,133.5981
2026-09-04,154295,HSBC Gold ETF Fund of fund - Direct Growth,10.5618
2026-09-04,154296,HSBC Gold ETF Fund of fund - Regular IDCW,10.5438
2026-09-04,154297,HSBC Gold ETF Fund of fund - Direct IDCW,10.5617
2026-09-04,154298,HSBC Gold ETF Fund of fund - Regular Growth,10.5438
2026-09-04,154299,Mirae Asset Nifty 500 Value 50 ETF,16.1272
2026-09-04,154301,Choice Nifty 50 Index Fund - Direct Plan Growth,10.3440
2026-09-04,154302,Choice Nifty 50 Index Fund - Regular Plan Growth,10.3313
2026-09-04,154303,Choice Nifty Next 50 Index Fund - Regular Plan Growth,11.3171
2026-09-04,154304,Choice Nifty Next 50 Index Fund - Direct Plan Growth,11.3359
2026-09-04,154305,SBI Nifty Midcap 150 ETF,23.2318
2026-09-04,154306,Zerodha Nifty MidSmallcap400 50:50 Index Fund - Direct Plan - Growth Option,11.4774
2026-09-04,154307,JioBlackRock Large Cap Fund - Direct Plan - Growth Option,9.9431
2026-09-04,154308,HDFC CRISIL-IBX Financial Services 9-12 Months Debt Index Fund - Direct Growth Plan,10.365
2026-09-04,154309,HDFC CRISIL-IBX Financial Services 9-12 Months Debt Index Fund - Regular Growth Plan,10.3555
2026-09-04,154310,Edelweiss Nifty LargeMidcap 250 Plus 8-13 yr G-Sec 70-30 Index Fund Direct Plan Growth,10.8324
2026-09-04,154311,Edelweiss Nifty LargeMidcap250 Plus 8-13 yr G-Sec 70-30 Index Fund Direct Plan Monthly IDCW,10.8323
2026-09-04,154312,Edelweiss Nifty LargeMidcap 250 Plus 8-13 yr G-Sec 70-30 Index Fund Regular Plan Growth,10.8016
2026-09-04,154313,Edelweiss Nifty LargeMidcap250 Plus 8-13 yr G-Sec 70-30 Index Fund Regular Plan Monthly IDCW,10.8016
2026-09-04,154314,Edelweiss Nifty LargeMidcap250 Plus 8-13 yr G-Sec 70-30 Index Fund - Direct Plan - Quarterly IDCW,10.8325
2026-09-04,154315,Edelweiss Nifty LargeMidcap250 Plus 8-13 yr G-Sec 70-30 Index Fund - Regular Plan - Quarterly IDCW,10.8017
2026-09-04,154316,Kotak Multi Asset Active FOF - Direct - Growth,10.318
2026-09-04,154317,Kotak Multi Asset Active FOF - Direct - IDCW,10.318
2026-09-04,154318,Kotak Multi Asset Active FOF - Regular- IDCW,10.291
2026-09-04,154319,Kotak Multi Asset Active FOF - Regular - Growth,10.29
2026-09-04,154320,Groww Arbitrage Fund Direct Growth,10.1943
2026-09-04,154321,Zerodha Nifty LargeMidcap250 Plus 8-13 Yr G-Sec 70:30 Index Fund - Direct Plan - Growth Option,10.2183
2026-09-04,154322,Motilal Oswal BSE Top 10 Banks ETF,16.8829
2026-09-04,154323,Groww Arbitrage Fund Direct IDCW,10.1943
2026-09-04,154324,Groww Arbitrage Fund Regular IDCW,10.1677
2026-09-04,154325,Groww Arbitrage Fund Regular Growth,10.1677
2026-09-04,154326,Axis Nifty India Defence Index Fund - Direct Plan - Growth,10.7667
2026-09-04,154327,Axis Nifty India Defence Index Fund - Regular Plan - Growth,10.7361
2026-09-04,154328,SBI CRISIL - IBX Financial Services 9-12 Months Debt Index Fund - Regular Plan - Growth,10.2581
2026-09-04,154329,SBI CRISIL - IBX Financial Services 3-6 Months Debt Index Fund - Regular Plan - Growth,10.2707
2026-09-04,154330,SBI CRISIL - IBX Financial Services 3-6 Months Debt Index Fund - Regular Plan - IDCW,10.2708
2026-09-04,154331,SBI CRISIL - IBX Financial Services 3-6 Months Debt Index Fund - Direct Plan - Growth,10.2746
2026-09-04,154332,SBI CRISIL - IBX Financial Services 3-6 Months Debt Index Fund - Direct Plan - IDCW,10.2746
2026-09-04,154333,SBI CRISIL - IBX Financial Services 9-12 Months Debt Index Fund - Regular Plan - IDCW,10.2582
2026-09-04,154334,SBI CRISIL - IBX Financial Services 9-12 Months Debt Index Fund - Direct Plan - Growth,10.2658
2026-09-04,154335,SBI CRISIL - IBX Financial Services 9-12 Months Debt Index Fund - Direct Plan - IDCW,10.2659
2026-09-04,154336,Motilal Oswal Contra Fund – Direct – IDCW,10.7144
2026-09-04,154337,Motilal Oswal Contra Fund - Direct – Growth,10.7144
2026-09-04,154338,Motilal Oswal Contra Fund - Regular – Growth,10.6666
2026-09-04,154339,Motilal Oswal Contra Fund - Regular - IDCW,10.6666
2026-09-04,154340,Invesco India BSE Sensex Index Fund - Direct Plan - Growth,10.0538
2026-09-04,154342,Invesco India BSE Sensex Index Fund - Regular Plan - Growth,10.0382
2026-09-04,154343,Invesco India Nifty Bank Index Fund - Direct Plan - Growth,10.6018
2026-09-04,154344,Invesco India Nifty Bank Index Fund - Regular Plan - Growth,10.5817
2026-09-04,154345,Groww Nifty Private Bank ETF,27.9513
2026-09-04,154346,Groww Nifty Private Bank Index Fund Direct Growth,10.3698
2026-09-04,154347,Edelweiss Nifty Next 50 ETF,72.6744
2026-09-04,154348,Axis Nifty Capital Markets Index Fund- Direct Plan,9.6896
2026-09-04,154349,Axis Nifty Capital Markets Index Fund- Regular Plan,9.6664
2026-09-04,154350,Groww Nifty Private Bank Index Fund Regular Growth,10.3502
2026-09-04,154351,Groww Nifty Private Bank Index Fund Regular IDCW,10.3502
2026-09-04,154352,Groww Nifty Private Bank Index Fund Direct IDCW,10.3698
2026-09-04,154353,SBI Nifty Smallcap 250 ETF,18.5061
2026-09-04,154354,SBI Nifty200 Value 30 ETF,14.7241
2026-09-04,154355,HDFC GOLD SILVER PASSIVE FOF - GROWTH OPTION - DIRECT PLAN,10.1662
2026-09-04,154356,HDFC GOLD SILVER PASSIVE FOF - GROWTH OPTION - REGULAR PLAN,10.1657
2026-09-04,154357,DSP Nifty FMCG ETF,46.0988
2026-09-04,154358,Kotak Ultra Short to Short Term Fund - Direct Plan - Weekly - Reinvestment & Payout of Income Distribution cum Capital Withdrawal Option,1064.7724
2026-09-04,154359,Kotak Ultra Short to Short Term Fund - Regular Plan - Monthly - Reinvestment & Payout of Income Distribution cum Capital Withdrawal Option,1009.7312
2026-09-04,154361,Kotak Ultra Short to Short Term Fund - Direct Plan - Monthly - Reinvestment & Payout of Income Distribution cum Capital Withdrawal Option,1017.0336
2026-09-04,154362,SBI Nifty G-sec Jul 2031 Index Fund - REGULAR - GROWTH,10.3122
2026-09-04,154363,SBI CRISIL-IBX 10:90 Gilt + SDL Index - Dec 2029 Index Fund - Regular - Growth,10.2604
2026-09-04,154364,Motilal Oswal BSE Clean Environment Index Fund - Direct,9.2959
2026-09-04,154365,Motilal Oswal BSE Clean Environment Index Fund - Growth,9.2840
2026-09-04,154366,360 ONE MSCI India ETF,10.0576
2026-09-04,154367,SBI CRISIL-IBX 10:90 GLIT + SDL INDEX DEC 2029 INDEX FUND - REGULAR - IDCW,10.2604
2026-09-04,154369,SBI CRISIL-IBX 10:90 GLIT + SDL INDEX DEC 2029 INDEX FUND - DIRECT IDCW,10.2662
2026-09-04,154370,SBI CRISIL-IBX 10:90 GILT + SDL INDEX DEC 2029 INDEX FUND - DIRECT - GROWTH,10.2662
2026-09-04,154372,SBI NIFTY G-SEC JUL 2031 INDEX FUND - DIRECT - GROWTH,10.3179
2026-09-04,154373,SBI NIFTY G-SEC JUL 2031 INDEX FUND - REGULAR - IDCW,10.3122
2026-09-04,154375,SBI NIFTY G-SEC JUL 2031 INDEX FUND - DIRECT - IDCW,10.3180
2026-09-04,154377,Motilal Oswal BSE Midcap 150 Momentum 30 Index Fund-Direct,10.4506
2026-09-04,154378,Motilal Oswal BSE Midcap 150 Momentum 30 Index Fund-Regular,10.4431
2026-09-04,154379,The Wealth Company Large & Mid Cap Fund Regular IDCW,10.4729
2026-09-04,154380,The Wealth Company Large & Mid Cap Fund Direct IDCW,10.5226
2026-09-04,154381,The Wealth Company Large & Mid Cap Fund Direct Growth,10.5233
2026-09-04,154382,The Wealth Company Large & Mid Cap Fund Regular Growth,10.4728
2026-09-04,154383,Groww Nifty Smallcap 250 Momentum Quality 100 Index Fund Direct Growth,10.724
2026-09-04,154384,Groww Nifty Smallcap 250 Momentum Quality 100 ETF,49.2361
2026-09-04,154385,Groww Nifty Smallcap 250 Momentum Quality 100 Index Fund Direct IDCW,10.724
2026-09-04,154386,Groww Nifty Smallcap 250 Momentum Quality 100 Index Fund Regular IDCW,10.7106
2026-09-04,154387,Groww Nifty Smallcap 250 Momentum Quality 100 Index Fund Regular Growth,10.7106
2026-09-04,154388,Kotak Nifty Alpha Low Volatility 30 Index Fund - Direct- Growth,10.185
2026-09-04,154389,Kotak Nifty Alpha Low Volatility 30 Index Fund - Regular - Growth,10.172
2026-09-04,154390,Kotak Nifty Alpha Low Volatility 30 Index Fund - Regular - IDCW,10.172
2026-09-04,154391,Kotak Nifty Alpha Low Volatility 30 Index Fund - Direct- IDCW,10.185
2026-09-04,154392,WhiteOak Capital Aggressive Hybrid Fund Direct Plan Growth,10.459
2026-09-04,154393,WhiteOak Capital Aggressive Hybrid Fund Regular Plan Growth,10.422
2026-09-04,154394,Shriram Overnight Fund- Direct Growth,1271.2851
2026-09-04,154395,Shriram Overnight Fund- Direct Daily IDCW,1000.0189
2026-09-04,154396,Shriram Overnight Fund- Direct Monthly IDCW,1002.4166
2026-09-04,154398,Shriram Overnight Fund- Regular Daily IDCW,1000.01
2026-09-04,154399,Shriram Overnight Fund- Regular Growth,1267.1432
2026-09-04,154402,Shriram Overnight Fund- Regular Monthly IDCW,1002.4212
2026-09-04,154404,ICICI Prudential Nifty Smallcap 250 ETF,18.5180
2026-09-04,154405,Tata Multi Sector Passive FOF Regular Plan Growth Option,9.9346
2026-09-04,154406,Tata Multi Sector Passive FOF Regular Plan IDCW Payout Option,9.9346
2026-09-04,154407,Tata Multi Sector Passive FOF Regular Plan IDCW Reinvestment Option,9.9346
2026-09-04,154408,Tata Multi Sector Passive FOF Direct Plan IDCW Reinvestment Option,9.9415
2026-09-04,154409,Tata Multi Sector Passive FOF Direct Plan Growth Option,9.9415
2026-09-04,154410,Tata Multi Sector Passive FOF Direct Plan IDCW Payout Option,9.9415
2026-09-04,154413,Choice Overnight Fund - Growth Option - Direct Plan,100.8663
2026-09-04,154414,Choice Overnight Fund - Daily IDCW Option - Regular Plan,100.1000
2026-09-04,154415,Choice Overnight Fund - Growth Option - Regular Plan,100.8478
2026-09-04,154416,Choice Overnight Fund - Daily IDCW Option - Direct Plan,100.1000
2026-09-04,154417,ICICI Prudential Balanced Hybrid Fund - Direct Plan - Growth,10.16
2026-09-04,154418,ICICI Prudential Balanced Hybrid Fund - Growth,10.15
2026-09-04,154419,ICICI Prudential Balanced Hybrid Fund - IDCW,10.15
2026-09-04,154420,ICICI Prudential Balanced Hybrid Fund - Direct Plan - IDCW,10.17
2026-09-04,154421,JM Multi Asset Allocation Fund (Direct) - IDCW,10.3152
2026-09-04,154422,JM Multi Asset Allocation Fund (Regular) - IDCW,10.2901
2026-09-04,154423,JM Multi Asset Allocation Fund (Direct) - Growth Option,10.3152
2026-09-04,154424,JM Multi Asset Allocation Fund (Regular) - Growth Option,10.2901
2026-09-04,154426,DSP Money Market Fund - Direct Plan - IDCW Weekly,10.0182
2026-09-04,154427,HDFC Nifty Auto Index Fund- Direct Plan- Growth Option,10.1607
2026-09-04,154428,HDFC Nifty Auto Index Fund- Growth Option,10.1511
2026-09-04,154431,Invesco India Ultra Short Term Fund - Regular Plan - Weekly IDCW (Payout / Reinvestment),1147.6599
2026-09-04,154432,Invesco India Ultra Short Term Fund - Direct Plan - Weekly IDCW (Payout / Reinvestment),1148.2549
2026-09-04,154433,TRUSTMF LARGE & MIDCAP FUND - DIRECT PLAN - GROWTH,10.25
2026-09-04,154434,TRUSTMF LARGE & MIDCAP FUND - REGULAR PLAN - GROWTH,10.22
2026-09-04,154436,Zerodha Life Cycle Fund 2036 - Direct - Growth,10.0287
2026-09-04,154437,Zerodha Life Cycle Fund 2041 - Direct - Growth,10.0246
2026-09-04,154438,ALPHAGREP MULTI ASSET ALLOCATION FUND-DIRECT-GROWTH,10.3385
2026-09-04,154440,ALPHAGREP MULTI ASSET ALLOCATION FUND-REGULAR-GROWTH,10.3165
2026-09-04,154442,ALPHAGREP MULTI ASSET ALLOCATION FUND-REGULAR-IDCW,10.3165
2026-09-04,154443,ALPHAGREP MULTI ASSET ALLOCATION FUND-DIRECT-IDCW,10.3385
2026-09-04,154449,ICICI Prudential Multi-Asset Active FOF - Direct Plan - Growth,10.1653
2026-09-04,154450,ICICI Prudential Multi-Asset Active FOF - Growth,10.1507
2026-09-04,154451,NJ Momentum Fund - Direct Growth,10.16
2026-09-04,154452,NJ Momentum Fund - Regular Growth,10.14
2026-09-04,154453,NJ Momentum Fund - Regular IDCW,10.14
2026-09-04,154454,NJ Momentum Fund - Direct IDCW,10.16
2026-09-04,154455,NJ Value Fund - Regular IDCW,9.69
2026-09-04,154456,NJ Value Fund - Direct Growth,9.71
2026-09-04,154457,NJ Value Fund - Direct IDCW,9.71
2026-09-04,154458,NJ Value Fund - Regular Growth,9.69
2026-09-04,154459,Axis Nifty50 Equal Weight Index Fund-Regular Plan- Growth Option,9.9936
2026-09-04,154460,Axis Nifty50 Equal Weight Index Fund-Direct Plan- Growth Option,10.0035
2026-09-04,154461,Edelweiss Nifty Metal ETF,13.3058
2026-09-04,154462,Mirae Asset Money Market Fund - Direct Plan - Weekly IDCW,1364.6049
2026-09-04,154466,UTI Nifty 1D Rate Liquid ETF - Growth,1006.8071
2026-09-04,154467,SBI Crisil - IBX SDL Index - June 2034 Index Fund - Direct Plan - Growth,9.9872
2026-09-04,154468,SBI Crisil - IBX SDL Index - June 2034 Index Fund - Regular Plan - Growth,9.9843
2026-09-04,154469,SBI Crisil - IBX SDL Index - June 2034 Index Fund - Regular Plan - IDCW,9.9843
2026-09-04,154470,SBI Crisil - IBX SDL Index - June 2034 Index Fund - Direct Plan - IDCW,9.9872
2026-09-04,154471,Mirae Asset BSE Midcap 150 Momentum 30 ETF,12.9946
2026-09-04,154473,Mirae Asset BSE Midcap 150 Momentum 30 ETF FOF - Regular Plan - Growth,10.483
2026-09-04,154474,Mirae Asset BSE Midcap 150 Momentum 30 ETF FOF - Direct Plan - Growth,10.489
2026-09-04,154476,Groww Nifty Cements ETF,14.6508
2026-09-04,154477,Abakkus Large & Mid Cap Fund - Direct  Plan - Growth,9.9940
2026-09-04,154478,Abakkus Large & Mid Cap Fund - Regular Plan - Growth,9.9800
2026-09-04,154479,The Wealth Company Mid Cap Fund- Regular-Growth,9.862
2026-09-04,154481,The Wealth Company Mid Cap Fund- Direct-Growth,9.8757
2026-09-04,154483,The Wealth Company Mid Cap Fund- Direct- IDCW,9.8791
2026-09-04,154484,The Wealth Company Mid Cap Fund-Regular-IDCW,9.8624
2026-09-04,154485,Baroda BNP Paribas Services Fund - Direct IDCW Payout option,9.9682
2026-09-04,154486,Baroda BNP Paribas Services Fund - Regular Growth option,9.9512
2026-09-04,154487,Baroda BNP Paribas Services Fund - Regular IDCW Payout,9.9512
2026-09-04,154490,Baroda BNP Paribas Services Fund - Direct Growth Option,9.9682
2026-09-04,154491,Kotak Nifty Private Bank ETF,27.913
2026-09-04,154492,Bajaj Finserv BSE Top 10 Banks ETF,20.7716
2026-09-04,154493,Mirae Asset Nifty200 Momentum 30 Plus 8-13yr G-Sec 75:25 Index Fund - Direct Plan - Growth,10.1755
2026-09-04,154494,Mirae Asset Nifty200 Momentum 30 Plus 8-13yr G-Sec 75:25 Index Fund - Direct Plan - IDCW,10.1755
2026-09-04,154495,Mirae Asset Nifty200 Momentum 30 Plus 8-13yr G-Sec 75:25 Index Fund - Regular Plan - Growth,10.1678
2026-09-04,154496,Mirae Asset Nifty200 Momentum 30 Plus 8-13yr G-Sec 75:25 Index Fund - Regular Plan - IDCW,10.1678
2026-09-04,154497,Mirae Asset Nifty200 Momentum 30 Plus 8-13 yr G-Sec 50:50 ETF,10.0425
2026-09-04,154503,ICICI Prudential BSE Insurance ETF,15.3016
2026-09-04,154504,HDFC Nifty Metal ETF - Growth Option,133.1068
2026-09-04,154505,HDFC Nifty Metal ETF FOF - Direct Plan - Growth Option,10.1597
2026-09-04,154506,HDFC Nifty Metal ETF FOF - Growth Option,10.1538
2026-09-04,154507,Kotak Money Market Fund - Direct - IDCW Weekly,1002.3731
2026-09-04,154509,Kotak Short Term Fund - Regular - IDCW Weekly,10.0212
2026-09-04,154510,Kotak Short Term Fund - Direct - IDCW Weekly,10.0138
2026-09-04,154511,Kotak Corporate Bond Fund - Regular - IDCW Weekly,1000.8966
2026-09-04,154513,Kotak Ultra Short Term Fund - Direct - IDCW Weekly,10.0134
2026-09-04,154514,Kotak Ultra Short Term Fund - Regular - IDCW Weekly,10.0121
2026-09-04,154517,AlphaGrep Flexi Cap Fund - Regular- IDCW,10.1539
2026-09-04,154518,AlphaGrep Flexi Cap Fund - Direct - Growth,10.1674
2026-09-04,154519,AlphaGrep Flexi Cap Fund - Regular - Growth,10.1539
2026-09-04,154520,AlphaGrep Flexi Cap Fund - Direct-IDCW,10.1674
2026-09-04,154521,Abakkus Liquid Fund - Unclaimed Redemption Less than 3 Years,100.8273
2026-09-04,154523,SBI Nifty Midcap 150 Momentum 50 ETF FOF - Regular - Growth,9.9726
2026-09-04,154524,Edelweiss BSE Top 10 Bank ETF,16.7533
2026-09-04,154525,SBI Nifty Midcap 150 Momentum 50 ETF FOF - Regular - IDCW,9.9725
2026-09-04,154526,SBI Nifty Midcap 150 Momentum 50 ETF FOF - Direct - Growth,9.9763
2026-09-04,154527,SBI Nifty Midcap 150 Momentum 50 ETF FOF - Direct - IDCW,9.9763
2026-09-04,154528,DSP BSE MidSmall Private Banks ETF,17.4622
2026-09-04,154535,Edelweiss BSE LargeMid (60:40) Stable Dividend 50 ETF,36.2979
2026-09-04,154536,Invesco India Nifty Bank ETF,57.3221
2026-09-04,154537,Invesco India BSE Sensex ETF,76.5553
2026-09-04,154538,Franklin India Short Term Fund - Direct - IDCW,10.0459
2026-09-04,154539,Franklin India Short Term Fund- IDCW,10.0420
2026-09-04,154540,Franklin India Short Term Fund- Growth,10.0420
2026-09-04,154541,Franklin India Short Term Fund - Direct - Growth,10.0459
2026-09-04,154548,Edelweiss Nifty REITs & Realty Index Fund - Direct Growth,9.9901
2026-09-04,154549,Edelweiss Nifty REITs & Realty Index Fund - Direct IDCW,9.9901
2026-09-04,154550,JioBlackRock Nifty 50 ETF,12.2548
2026-09-04,154551,Motilal Oswal Nifty Metal ETF,13.3167
2026-09-04,154552,Motilal Oswal Nifty Oil & Gas ETF,11.2044
2026-09-04,154553,WhiteOak Capital Dividend Yield Fund Regular Plan Growth,10.039
2026-09-04,154554,WhiteOak Capital Dividend Yield Fund Direct Plan IDCW,10.042
2026-09-04,154555,WhiteOak Capital Dividend Yield Fund Regular Plan IDCW,10.039
2026-09-04,154556,WhiteOak Capital Dividend Yield Fund Direct Plan Growth,10.042
2026-09-04,154559,Edelweiss Nifty REITs & Realty Index Fund - Regular IDCW Payout,9.988
2026-09-04,154561,Edelweiss Nifty REITs & Realty Index Fund - Regular Growth,9.988
2026-09-04,154565,AlphaGrep Liquid Omni FoF- Direct Growth,1005.2667
2026-09-04,154566,AlphaGrep Liquid Omni FoF- Direct IDCW,1005.2667
2026-09-04,154567,AlphaGrep Liquid Omni FoF- Regular Growth,1005.1380
2026-09-04,154568,AlphaGrep Liquid Omni FoF- Regular IDCW,1005.1380
2026-09-04,154569,Kotak Nifty Bank Index Fund - Direct - IDCW,9.945
2026-09-04,154570,Kotak Nifty Bank Index Fund - Regular - Growth,9.943
2026-09-04,154571,Kotak Nifty Bank Index Fund - Direct - Growth,9.945
2026-09-04,154572,Kotak Nifty Bank Index Fund - Regular - IDCW,9.943
2026-09-04,154573,Kotak Diversified Equity All Cap Omni FOF - Regular - IDCW,10.019
2026-09-04,154574,Kotak Diversified Equity All Cap Omni FOF - Direct - Growth,10.023
2026-09-04,154575,Kotak Diversified Equity All Cap Omni FOF - Direct - IDCW,10.023
2026-09-04,154576,Kotak Diversified Equity All Cap Omni FOF - Regular - Growth,10.019
2026-09-04,154581,ASK Liquid Fund Regular Growth,1002.0343
2026-09-04,154583,ASK Liquid Fund Direct Weekly IDCW,1002.0032
2026-09-04,154586,ASK Liquid Fund Regular Daily IDCW,1000.0192
2026-09-04,154587,ASK Liquid Fund Regular Weekly IDCW,1001.9945
2026-09-04,154589,ASK Liquid Fund Direct Growth,1002.0520
2026-09-04,154590,ASK Liquid Fund Regular Monthly IDCW,1001.9832
2026-09-04,154591,ASK Liquid Fund Direct Daily IDCW,1000.0190
2026-09-04,154592,ASK Liquid Fund Direct Monthly IDCW,1002.0020
2026-09-04,154593,DSP NIFTY 10 YR BENCHMARK G-SEC ETF,26.6191
2026-09-04,154594,Axis Nifty Energy Index Fund - Direct Plan - Growth,10.0166
2026-09-04,154597,Axis Nifty Energy Index Fund - Regular Plan - Growth,10.0145
2026-09-04,154598,Bandhan Contra Fund-Regular Plan-Growth,9.9696
2026-09-04,154599,Bandhan Contra Fund-Direct Plan-Annual IDCW,9.9732
2026-09-04,154600,Bandhan Contra Fund-Direct Plan-Growth,9.9732
2026-09-04,154601,Bandhan Contra Fund-Regular Plan-Annual IDCW,9.9696
2026-09-04,154602,UTI Nifty 500 Exchange Traded Fund,37.4135
2026-09-04,154603,UTI Nifty 500 Index Fund Regular Plan - Growth Option,9.8836
2026-09-04,154604,UTI Nifty 500 Index Fund Direct Plan Growth Option,9.8853
2026-09-04,154605,Kotak Liquid Fund - Regular- IDCW,1000.5757
2026-09-04,154606,Kotak Liquid Fund - Direct - IDCW,1004.8641
2026-09-04,154608,Kotak Ultra Short Term Fund - Direct - IDCW,10.0572
2026-09-04,154609,Kotak Corporate Bond Fund - Direct -IDCW,1000.2186
2026-09-04,154612,Kotak Money Market Fund - Direct - IDCW,1005.8763
2026-09-04,154613,Bajaj Finserv Money Market Fund-Regular Plan-Weekly-IDCW,1052.1572
2026-09-04,154614,Bajaj Finserv Money Market Fund-Direct Plan-Weekly-IDCW,1044.4477
2026-09-04,154615,SBI Balanced Hybrid Fund - Regular Plan - Growth,10.0111
2026-09-04,154616,SBI Balance Hybrid Fund - Regular Plan - IDCW,10.0111
2026-09-04,154617,SBI Balance Hybrid Fund - Direct Plan - IDCW,10.0126
2026-09-04,154618,SBI Balance Hybrid Fund - Direct Plan - Growth,10.0126
2026-09-04,154619,Zerodha Arbitrage Fund - Direct - Growth,10.0152
2026-09-04,154620,Edelweiss Ultra Short Term Fund Regular IDCW Plan,1002.982
2026-09-04,154621,Edelweiss Ultra Short Term Fund Direct Growth Plan,1003.1247
2026-09-04,154622,Edelweiss Ultra Short Term Fund Regular Growth Plan,1002.982
2026-09-04,154623,Edelweiss Ultra Short Term Fund Direct IDCW Plan,1003.1247
2026-09-04,154624,Choice Overnight Fund -Direct -Unclaimed Less than 3 years Redemption Plan,100.3130
2026-09-04,154625,quant Silver ETF,23.5652
2026-09-04,154626,Mirae Asset BSE LargeMid (60:40) Stable Dividend 50 ETF,36.3040
2026-09-04,154627,Axis Nifty Energy ETF,19.0806
2026-09-04,154632,JioBlackRock Large Cap Fund - Regular Plan - Growth Option,9.8005
2026-09-04,154633,JioBlackRock Nifty 50 Index Fund - Regular Plan - Growth Option,9.8395
2026-09-04,154634,JioBlackRock Nifty Smallcap 250 Index Fund - Regular Plan - Growth Option,10.0710
2026-09-04,154635,JioBlackRock Short Term Fund - Regular Plan - Growth Option,1001.7217
2026-09-04,154636,JioBlackRock Ultra Short to Short Term Fund - Regular Plan - Growth Option,1002.0620
2026-09-04,154637,JioBlackRock Sector Rotation Fund- Regular Plan - Growth Option,9.8969
2026-09-04,154638,JioBlackRock Arbitrage Fund - Regular Plan - Growth Option,9.9819
2026-09-04,154639,JioBlackRock Money Market Fund - Regular Plan - Growth Option,1004.4663
2026-09-04,154640,JioBlackRock Overnight Fund - Regular Plan - Growth Option,1001.6098
2026-09-04,154641,JioBlackRock Flexi Cap Fund - Regular Plan - Growth Option,9.8663
2026-09-04,154642,JioBlackRock Nifty 8-13 yr G-Sec Index Fund - Regular Plan - Growth Option,9.9385
2026-09-04,154643,JioBlackRock Nifty Midcap 150 Index Fund - Regular Plan - Growth Option,9.9138
2026-09-04,154644,JioBlackRock Nifty Next 50 Index Fund - Regular Plan - Growth Option,9.8230
2026-09-04,154645,JioBlackRock Liquid Fund - Regular Plan - Growth Option,1003.0930
2026-09-04,154646,Nippon India Income Plus Arbitrage Omni Fund of Fund - Direct Plan- Growth Option,10.0057
2026-09-04,154647,Nippon India Income Plus Arbitrage Omni Fund of Fund - Direct Plan- IDCW Option,10.0057
2026-09-04,154648,Nippon India Income Plus Arbitrage Omni Fund of Fund - Regular Plan- IDCW Option,10.0057
2026-09-04,154649,Nippon India Income Plus Arbitrage Omni Fund of Fund - Regular Plan- Growth Option,10.0057
2026-09-04,154652,DSP Financial Services Sectoral Debt Fund - Regular - IDCW,10.0322
2026-09-04,154653,DSP Financial Services Sectoral Debt Fund - Direct - IDCW,10.0327
2026-09-04,154654,DSP Financial Services Sectoral Debt Fund - Direct - Growth,10.0327
2026-09-04,154655,DSP Financial Services Sectoral Debt Fund - Regular - Growth,10.0322
