date,scheme_code,scheme_name,nav
2026-09-10,100033,Aditya Birla Sun Life Large & Mid Cap Fund - Regular Growth,952.77
2026-09-10,100034,Aditya Birla Sun Life Large & Mid Cap Fund -Regular - IDCW,138.76
2026-09-10,100037,Aditya Birla Sun Life Medium to Long Term Fund - Regular - Quarterly IDCW,13.0610
2026-09-10,100038,Aditya Birla Sun Life Medium to Long Term Fund - Growth - Regular Plan,129.7169
2026-09-10,100046,Aditya Birla Sun Life Liquid Fund -Daily IDCW,100.1950
2026-09-10,100047,Aditya Birla Sun Life Liquid Fund - Growth,452.8902
2026-09-10,100051,Aditya Birla Sun Life Liquid Fund -weekly IDCW,100.3159
2026-09-10,100057,Aditya Birla Sun Life Gilt Fund -Regular - Quarterly IDCW,10.7376
2026-09-10,100058,Aditya Birla Sun Life Gilt Fund  - Growth - Regular Plan,81.3888
2026-09-10,100077,DSP Medium Term Fund - IDCW,11.6958
2026-09-10,100078,DSP Medium Term Fund - Growth,86.7536
2026-09-10,100079,DSP Medium Term Fund - IDCW - Monthly,11.1815
2026-09-10,100080,DSP Flexi Cap Fund - Regular Plan - IDCW,57.5800
2026-09-10,100081,DSP Aggressive Hybrid Fund- Regular Plan - Growth,341.7440
2026-09-10,100082,DSP Aggressive Hybrid Fund- Regular Plan - IDCW,25.7970
2026-09-10,100084,DSP Gilt Fund - Regular Plan - Growth,98.6300
2026-09-10,100085,DSP Gilt Fund - Regular Plan - IDCW,12.7828
2026-09-10,100086,DSP Gilt Fund - Regular Plan - IDCW - Monthly,10.7893
2026-09-10,100087,DSP Money Market Fund - Regular Plan - Growth,56.7708
2026-09-10,100088,DSP Money Market Fund - Regular Plan - IDCW,12.6362
2026-09-10,100089,DSP Money Market Fund - Regular Plan - IDCW - Monthly,11.0400
2026-09-10,100119,HDFC Balanced Advantage Fund - Growth Plan,517.376
2026-09-10,100120,HDFC Balanced Advantage Fund - IDCW Plan,35.636
2026-09-10,100123,HDFC Medium to Long Term Fund - Quarterly IDCW Option,11.5105
2026-09-10,100124,HDFC Income Fund - Growth Option,60.5499
2026-09-10,100174,quant ELSS Tax Saver Fund - IDCW Option - Regular Plan,56.7037
2026-09-10,100175,quant ELSS Tax Saver Fund - Growth Option - Regular Plan,408.348
2026-09-10,100176,quant Small Cap Fund - IDCW Option - Regular Plan,234.4235
2026-09-10,100177,quant Small Cap Fund - Growth - Regular Plan,294.7783
2026-09-10,100218,JM Large Cap Fund (Regular) - IDCW,29.6062
2026-09-10,100219,JM Large Cap Fund (Regular) - Growth Option,152.512
2026-09-10,100220,JM Aggressive Hybrid Fund (Regular) - IDCW,33.7225
2026-09-10,100221,JM Aggressive Hybrid Fund (Regular) -Growth Option,120.5706
2026-09-10,100222,JM Medium to Long Term Fund (Regular) - Quarterly IDCW,21.965
2026-09-10,100223,JM Medium to Long Term Fund (Regular) - Growth Option,64.6019
2026-09-10,100233,JM Liquid Fund (Regular) - Weekly IDCW,11.007
2026-09-10,100234,JM Liquid Fund - Growth Option,76.5761
2026-09-10,100244,JM Liquid Fund (Regular) - Quarterly IDCW,43.3429
2026-09-10,100247,JM Liquid Fund (Regular) - Super Institutional Plan - Growth Option,44.0304
2026-09-10,100254,JM Value Fund (Regular) - Growth Option,96.9469
2026-09-10,100264,Kotak Gilt Fund -Investment Regular-Payout of Income Distribution cum capital withdrawal option,18.9528
2026-09-10,100265,Kotak Gilt Fund -Investment Regular-Growth,96.9937
2026-09-10,100280,Kotak Gilt Fund -Investment  Provident Fund and Trust-Payout of Income Distribution cum capital withdrawal option,11.785
2026-09-10,100281,Kotak Gilt Fund -Investment  Provident Fund and Trust-Growth,99.2315
2026-09-10,100286,Kotak Aggressive Hybrid Fund - Regular Plan - IDCW - Payout & Reinvestment of Income Distribution cum capital withdrawal option,38.336
2026-09-10,100299,Kotak Medium to Long Term Fund - Regular Plan Growth,79.9784
2026-09-10,100300,Kotak Medium to Long Term Fund - Regular Plan - Standard IDCW Option,49.0004
2026-09-10,100312,LIC MF Flexi Cap Fund-Regular Plan-IDCW,33.7879
2026-09-10,100313,LIC MF Flexi Cap Fund-Regular Plan-Growth,107.0724
2026-09-10,100314,LIC MF Medium to Long Term Fund-Regular Plan-IDCW,16.5944
2026-09-10,100315,LIC MF Medium to Long Term Fund-Regular Plan-Growth,75.7057
2026-09-10,100316,LIC MF Gilt Fund-Regular Plan-IDCW,17.3464
2026-09-10,100317,LIC MF Gilt Fund-Regular Plan-Growth,60.1781
2026-09-10,100318,LIC MF Gilt Fund-PF Plan-IDCW,22.4912
2026-09-10,100319,LIC MF Gilt Fund-PF Plan-Growth,34.7568
2026-09-10,100321,LIC MF Aggressive Hybrid Fund-Regular Plan-IDCW,15.134
2026-09-10,100323,LIC MF Aggressive Hybrid Fund-Regular Plan-Growth,203.193
2026-09-10,100325,LIC MF ULIS (5 Yrs. Single Premium)-Regular Plan-IDCW Reinvestment,36.8365
2026-09-10,100332,LIC MF Large Cap Fund-Regular Plan-IDCW,31.9092
2026-09-10,100348,ICICI Prudential Large & Mid Cap Fund - IDCW,30.37
2026-09-10,100349,ICICI Prudential Large & Mid Cap Fund - Growth,1035.05
2026-09-10,100351,ICICI Prudential FMCG Fund - IDCW,72.17
2026-09-10,100352,ICICI Prudential FMCG Fund - Growth,390.49
2026-09-10,100353,ICICI Prudential ELSS - Tax Saver Fund - IDCW,20.96
2026-09-10,100354,ICICI Prudential ELSS - Tax Saver Fund - Growth,920.18
2026-09-10,100355,ICICI Prudential Aggressive Hybrid Fund - Monthly IDCW,42.41
2026-09-10,100356,ICICI Prudential Aggressive Hybrid Fund - Growth,400.35
2026-09-10,100365,ICICI Prudential Long Term Fund - Growth,91.8204
2026-09-10,100367,ICICI Prudential Long Term Fund - Quarterly IDCW,12.1969
2026-09-10,100368,ICICI Prudential Gilt Fund - IDCW,17.6716
2026-09-10,100369,ICICI Prudential Gilt Fund - Growth,107.8705
2026-09-10,100375,NIPPON INDIA GROWTH MID CAP FUND - IDCW Option,120.4751
2026-09-10,100376,Nippon India Growth Mid Cap Fund-Growth Plan-Bonus Option,745.7537
2026-09-10,100377,Nippon India Growth Mid Cap Fund-Growth Plan-Growth Option,4479.7803
2026-09-10,100378,Nippon India Vision Large & Midcap Fund - IDCW Option,61.5331
2026-09-10,100379,Nippon India Vision Large & Midcap Fund-GROWTH PLAN-Bonus Option,249.3609
2026-09-10,100380,Nippon India Vision Large & Midcap Fund-GROWTH PLAN-Growth Option,1480.5209
2026-09-10,100383,NIPPON INDIA MEDIUM TO LONG TERM FUND - MONTHLY IDCW Option,10.7319
2026-09-10,100384,NIPPON INDIA MEDIUM TO LONG TERM  FUND - QUARTERLY IDCW Option,13.2509
2026-09-10,100385,NIPPON INDIA MEDIUM TO LONG TERM  FUND - HALF YEARLY IDCW Option,12.7552
2026-09-10,100386,NIPPON INDIA MEDIUM TO LONG TERM  FUND - ANNUAL IDCW Option,13.0528
2026-09-10,100387,Nippon India Medium to Long Term  Fund - Growth Plan Growth Option,92.8506
2026-09-10,100388,Nippon India Medium to Long Term  Fund - Growth Plan Bonus Option,26.6939
2026-09-10,100414,Tata Aggressive Hybrid Fund- Regular Plan - Growth Option,434.8025
2026-09-10,100415,Tata Ethical Fund-Regular Plan - Growth Option,352.8813
2026-09-10,100470,Franklin India Large Cap Fund - IDCW,41.9963
2026-09-10,100471,Franklin India Large Cap Fund-Growth,1000.1220
2026-09-10,100472,Franklin India Mid Cap Fund - IDCW,86.5941
2026-09-10,100473,Franklin India Mid Cap Fund-Growth,2815.3710
2026-09-10,100474,Tata ELSS Fund- Regular Plan - Payout of IDCW Option,96.0610
2026-09-10,100475,Tata Large Cap Fund -Regular Plan - Growth Option,499.3734
2026-09-10,100476,Taurus Flexi Cap Fund - Regular Plan - Growth,239.56
2026-09-10,100477,Taurus Mid Cap Fund - Regular Plan - Growth,127.65
2026-09-10,100480,Taurus ELSS Tax Saver Fund - Regular Plan - Growth,183.28
2026-09-10,100484,Franklin India Index Fund- NSE Nifty 50 Index Fund - Growth,190.4808
2026-09-10,100493,Franklin India Government Securities Fund - Growth,61.6348
2026-09-10,100494,Franklin India Government Securities Fund - IDCW,10.7878
2026-09-10,100496,Templeton India Value Fund - Growth Plan,675.5775
2026-09-10,100497,Templeton India Value Fund - IDCW,88.9548
2026-09-10,100519,Franklin India Flexi Cap Fund - IDCW,61.0519
2026-09-10,100520,Franklin India Flexi Cap Fund - Growth,1577.8608
2026-09-10,100525,Franklin India ELSS Tax Saver Fund - IDCW,59.4952
2026-09-10,100526,Franklin India ELSS Tax Saver Fund-Growth,1407.9819
2026-09-10,100527,Franklin India Corporate Debt Fund - Plan A - Annual - IDCW,17.0596
2026-09-10,100528,Franklin India Corporate Debt Fund - Growth,106.8855
2026-09-10,100529,Franklin India Corporate Debt Fund - Plan B - Monthly - IDCW,15.2383
2026-09-10,100530,Franklin India Corporate Debt Fund - Plan B - Quarterly - IDCW,12.1154
2026-09-10,100531,Franklin India Corporate Debt Fund - Plan B - Half yearly - IDCW,12.7205
2026-09-10,100535,Franklin India Retirement Fund - IDCW,16.5902
2026-09-10,100536,Franklin India Retirement Fund - Growth,218.5021
2026-09-10,100537,Franklin India Liquid Fund - Regular Plan - Weekly - IDCW,1244.8914
2026-09-10,100538,Franklin India Liquid Fund - Regular Plan - Growth,6316.4884
2026-09-10,100541,Franklin India Liquid Fund - Regular Plan - Daily - IDCW,1508.9895
2026-09-10,100546,Franklin India Liquid Fund - Super Institutional Plan - Growth,4233.0621
2026-09-10,100547,Franklin India Liquid Fund - Super Institutional Plan - Daily - IDCW,1000.0000
2026-09-10,100548,Franklin India Liquid Fund - Super Institutional Plan - Weekly - IDCW,1039.0645
2026-09-10,100549,Franklin India Aggressive Hybrid Fund - IDCW,27.8130
2026-09-10,100550,Franklin India Aggressive Hybrid Fund - Growth Plan,265.4445
2026-09-10,100593,CANARA ROBECO ELSS - TAX SAVER FUND  - REGULAR PLAN -IDCW (Payout),47.0800
2026-09-10,100596,CANARA ROBECO GILT FUND - REGULAR PLAN - IDCW (Payout/Reinvestment),14.7850
2026-09-10,100597,CANARA ROBECO GILT FUND - REGULAR PLAN - GROWTH OPTION,76.9794
2026-09-10,100600,CANARA ROBECO CONSERVATIVE HYBRID FUND - REGULAR PLAN - MONTHLY IDCW (Payout/Reinvestment),12.2330
2026-09-10,100601,CANARA ROBECO CONSERVATIVE HYBRID FUND - REGULAR PLAN - GROWTH OPTION,99.6870
2026-09-10,100602,Sundaram Medium Term Fund Regular Plan - (IDCW),13.2457
2026-09-10,100603,Sundaram Medium Term Fund Regular Plan - Growth,71.7626
2026-09-10,100614,Sundaram Value Fund Regular Plan - Income Distribution cum Capital Withdrawal (IDCW),14.8156
2026-09-10,100630,quant Multi Cap Fund-IDCW Option - Regular Plan,75.8747
2026-09-10,100631,quant Multi Cap Fund-GROWTH OPTION - Regular Plan,663.4577
2026-09-10,100638,SBI Medium to Long Term Fund - Regular Plan - Half Yearly - Income Distribution cum Capital Withdrawal Option (IDCW),19.3307
2026-09-10,100639,SBI Medium to Long Term Fund-REGULAR PLAN-Growth,73.9047
2026-09-10,100640,SBI Medium to Long Term Fund-REGULAR PLAN-Bonus,44.7796
2026-09-10,100641,SBI ULTRA SHORT TERM FUND - REGULAR PLAN - GROWTH,6431.7321
2026-09-10,100644,SBI Healthcare Opportunities Fund - Regular Plan - Income Distribution cum Capital Withdrawal Option (IDCW),330.4344
2026-09-10,100645,SBI Consumption Opportunities Fund - Regular Plan - Income Distribution cum Capital Withdrawal Option (IDCW),166.2448
2026-09-10,100646,UTI - Unit Linked Insurance Plan,42.8735
2026-09-10,100650,UTI Large Cap Fund - Regular Plan - IDCW,51.3618
2026-09-10,100651,UTI Large Cap Fund - Regular Plan - Growth Option,260.649
2026-09-10,100663,UTI Large & Mid Cap Fund - Regular Plan - IDCW,88.9258
2026-09-10,100664,UTI Large & Mid Cap Fund - Regular Plan - Growth Option,182.5405
2026-09-10,100668,UTI Flexi Cap Fund - Regular Plan - IDCW,213.5462
2026-09-10,100669,UTI - Flexi Cap Fund-Growth Option,322.9988
2026-09-10,100678,UTI Children's Hybrid Fund - Regular Plan,40.2233
2026-09-10,100682,UTI Retirement Fund - Regular Plan,50.2831
2026-09-10,100684,UTI Aggressive Hybrid Fund - Regular Plan - Growth,401.3981
2026-09-10,100685,UTI Aggressive Hybrid Fund - Regular Plan - IDCW,39.3538
2026-09-10,100723,UTI MMF-Discontinued - Regular Plan -Growth,7698.7618
2026-09-10,100724,UTI MMF- Discontinued - Regular Plan - Flexi Dividend Option,4154.1336
2026-09-10,100725,UTI MMF- Discontinued - Regular Plan - Periodic Dividend Option,2653.8021
2026-09-10,100739,UTI MNC Fund - Regular Plan - IDCW,204.8633
2026-09-10,100740,UTI - MNC Fund - Regular Plan - Growth Option,397.3417
2026-09-10,100741,UTI Medium to Long Term Fund- Regular Plan - Growth,76.2782
2026-09-10,100742,UTI Medium to Long Term Fund - Regular Plan - Discontinued Quarterly IDCW,19.591
2026-09-10,100784,Sundaram Banking and PSU Debt Fund Regular Plan - Growth,45.8377
2026-09-10,100786,Sundaram Corporate Bond Fund Regular Plan - Income Distribution cum Capital Withdrawal (IDCW ),19.0601
2026-09-10,100789,Sundaram Corporate Bond Fund Regular Plan- Growth,42.6241
2026-09-10,100793,Sundaram Banking and PSU Debt Fund Regular Plan - IDCW,11.6162
2026-09-10,100794,Sundaram Small Cap Fund Regular Plan - Income Distribution cum Capital Withdrawal (IDCW),36.0059
2026-09-10,100795,Sundaram Small Cap Fund Regular Plan - Growth,300.3911
2026-09-10,100806,UTI Healthcare Fund - Regular Plan - IDCW,264.9683
2026-09-10,100807,UTI Healthcare Fund - Regular Plan - Growth Option,342.8411
2026-09-10,100813,UTI Overnight Fund - Regular Plan - Periodic IDCW,1920.7331
2026-09-10,100814,UTI - Overnight  Fund - Regular Plan - Growth Option,3728.3828
2026-09-10,100820,UTI ELSS Tax Saver Fund - Regular Plan - IDCW,37.7431
2026-09-10,100821,UTI ELSS Tax Saver Fund - Regular Plan - Growth Option,197.5657
2026-09-10,100822,UTI Nifty 50 Index Fund - Regular Plan - Growth Option,162.8363
2026-09-10,100823,UTI Nifty 50 Index Fund - Regular Plan - IDCW,82.0367
2026-09-10,100833,Kotak Liquid Fund - Regular  - Daily Reinvestment of Income Distribution cum capital withdrawal option,1283.5466
2026-09-10,100835,Kotak Liquid Fund - Regular Plan - Growth,5677.2387
2026-09-10,100837,Nippon India Liquid Fund - Retail Option - Growth Plan,6075.0986
2026-09-10,100838,NIPPON INDIA LIQUID FUND - RETAIL Plan - WEEKLY IDCW OPTION,1034.3143
2026-09-10,100842,NIPPON INDIA LIQUID FUND - RETAIL Plan - DAILY IDCW OPTION,1524.2800
2026-09-10,100843,NIPPON INDIA LIQUID FUND - RETAIL plan - MONTHLY IDCW OPTION,1330.5645
2026-09-10,100844,NIPPON INDIA LIQUID FUND - RETAIL Plan - QUARTERLY IDCW OPTION,1230.8093
2026-09-10,100851,Nippon India Liquid Fund -Growth Plan,6857.1259
2026-09-10,100852,NIPPON INDIA LIQUID FUND - DAILY IDCW OPTION,1528.7400
2026-09-10,100853,NIPPON INDIA LIQUID FUND - WEEKLY IDCW OPTION,1530.5314
2026-09-10,100855,NIPPON INDIA LIQUID FUND - MONTHLY IDCW OPTION,1588.7663
2026-09-10,100856,Nippon India Corporate Bond Fund - Growth Plan - Growth Option,63.8936
2026-09-10,100857,NIPPON INDIA CORPORATE BOND FUND - MONTHLY IDCW Option,11.6844
2026-09-10,100858,NIPPON INDIA CORPORATE BOND FUND - QUARTERLY IDCW Option,12.1053
2026-09-10,100859,Nippon India Corporate Bond Fund - Growth Plan - Bonus Option,45.6324
2026-09-10,100864,LIC MF ELSS Tax Saver Fund-Regular Plan-IDCW,30.8435
2026-09-10,100865,LIC MF ELSS Tax Saver Fund-Regular Plan-Growth,147.3347
2026-09-10,100868,HDFC Liquid Fund - Growth Plan,5512.2088
2026-09-10,100874,HDFC Liquid Fund - IDCW Plan Weekly,1031.5245
2026-09-10,100875,HDFC Liquid Fund - IDCW Daily,1019.82
2026-09-10,100876,HDFC Liquid Fund - IDCW Monthly,1028.41
2026-09-10,100900,HDFC Childrens Fund - Growth Plan,288.469
2026-09-10,100927,SBI Conservative Hybrid Fund - Regular Plan - Monthly Income Distribution cum Capital Withdrawal Option (IDCW),21.2557
2026-09-10,100928,SBI Conservative Hybrid Fund - Regular Plan - Quarterly Income Distribution cum Capital Withdrawal Option (IDCW),22.1398
2026-09-10,100929,SBI Conservative Hybrid Fund - Regular Plan - Annual Income Distribution cum Capital Withdrawal Option (IDCW),27.0776
2026-09-10,100948,Franklin India Conservative Hybrid Fund - Growth,92.8515
2026-09-10,100949,Franklin India Conservative Hybrid Fund - Plan A - Monthly - IDCW,12.5453
2026-09-10,100950,Franklin India Conservative Hybrid Fund - Plan A - Quarterly - IDCW,11.7056
2026-09-10,100968,SBI Conservative Hybrid Fund - Regular Plan - Growth,76.7642
2026-09-10,100999,SBI Gilt Fund - Regular Plan - Income Distribution cum Capital Withdrawal Option (IDCW),20.9959
2026-09-10,101001,SBI GILT FUND - REGULAR PLAN - GROWTH,68.2799
2026-09-10,101002,SBI 10 YEAR CONSTANT MATURITY GILT FUND - REGULAR PLAN - GROWTH,66.4504
2026-09-10,101003,SBI 10 Year Constant Maturity Gilt Fund - Regular Plan - Income Distribution cum Capital Withdrawal Option (IDCW),21.6119
2026-09-10,101042,Tata Gilt Securities Fund -Regular Plan- Growth Option,79.9798
2026-09-10,101044,Franklin India Floating Rate Fund - IDCW,10.1555
2026-09-10,101048,Franklin India Floating Rate Fund - Growth Plan,43.7770
2026-09-10,101049,Tata Gilt Securities Fund - Regular Plan - Payout of IDCW Option,22.1711
2026-09-10,101065,quant Mid Cap Fund - Growth Option - Regular Plan,219.5096
2026-09-10,101066,quant Mid Cap Fund - IDCW Option - Regular Plan,78.0364
2026-09-10,101069,quant Aggressive Hybrid Fund-IDCW Option - Regular Plan,63.461
2026-09-10,101070,quant Aggressive Hybrid Fund - Growth Option - Regular Plan,460.1062
2026-09-10,101071,quant Multi Asset Allocation Fund - IDCW Option - Regular Plan,153.0412
2026-09-10,101072,quant Multi Asset Allocation Fund-GROWTH OPTION - Regular Plan,166.9496
2026-09-10,101078,JM Liquid Fund (Regular) - Daily IDCW,10.4302
2026-09-10,101083,HDFC Gilt Fund - Growth Plan,57.0614
2026-09-10,101084,HDFC Gilt Fund - IDCW Plan,12.19
2026-09-10,101127,ICICI Prudential Children's Fund - Regular Plan,324.37
2026-09-10,101161,Nippon India Multi Cap Fund-Growth Plan-Growth Option,298.2576
2026-09-10,101162,Nippon India Multi Cap Fund-Growth Plan-Bonus Option,298.2576
2026-09-10,101163,NIPPON INDIA MULTI CAP FUND - IDCW Option,58.7542
2026-09-10,101165,ICICI Prudential Short Term Fund - Monthly IDCW,12.0991
2026-09-10,101169,SBI Children's Fund - Savings Plan - REGULAR PLAN - GROWTH,120.2806
2026-09-10,101181,JM Medium to Long Term Fund (Regular) - Bonus Option- Principal Units,26.4305
2026-09-10,101184,LIC MF Liquid Fund-Regular Plan-Daily IDCW,1000.1751
2026-09-10,101185,LIC MF Liquid Fund-Regular Plan-Growth,5078.2255
2026-09-10,101187,Baroda BNP Paribas GILT FUND - Regular Plan - Growth Option,43.9044
2026-09-10,101188,Baroda BNP Paribas GILT FUND - Regular Plan - IDCW Option,26.0595
2026-09-10,101198,LIC MF BSE Sensex Index Fund-Regular Plan-IDCW,48.0847
2026-09-10,101199,LIC MF BSE Sensex Index Fund-Regular Plan-Growth,140.288
2026-09-10,101200,LIC MF Nifty 50 Index Fund-Regular Plan-IDCW,47.8917
2026-09-10,101201,LIC MF Nifty 50 Index Fund-Regular Plan-Growth,129.8239
2026-09-10,101206,SBI OVERNIGHT FUND - REGULAR PLAN - GROWTH,4418.1703
2026-09-10,101209,Taurus Large Cap Fund - Regular Plan - Growth,166.92
2026-09-10,101222,Tata Aggressive Hybrid Fund- Regular Plan - Periodic Payout of IDCW Option,77.4231
2026-09-10,101228,ICICI Prudential Multi Cap Fund - Growth,857.63
2026-09-10,101262,Nippon India Power & Infra Fund-Growth Plan -Growth Option,379.1540
2026-09-10,101263,Nippon India Power & Infra Fund-Growth Plan-Bonus Option,379.1540
2026-09-10,101264,NIPPON INDIA POWER & INFRA FUND - IDCW Option,65.9315
2026-09-10,101271,LIC MF Children's Fund-Regular Plan-Growth,34.5187
2026-09-10,101281,HDFC BSE Sensex Index Fund - Growth Plan,698.9897
2026-09-10,101295,SBI ESG Exclusionary Strategy Fund - Regular Plan - Income Distribution cum Capital Withdrawal Option (IDCW),73.4084
2026-09-10,101303,DSP Short Term Fund - Regular Plan - Regular Plan - IDCW - Weekly,10.1880
2026-09-10,101304,DSP Short Term Fund - Regular Plan - Growth,49.4302
2026-09-10,101305,DSP Short Term Fund - Regular Plan - IDCW,12.3648
2026-09-10,101306,DSP Short Term Fund - IDCW - Monthly,11.6597
2026-09-10,101313,Aditya Birla Sun Life Nifty 50 Index Fund -REGULAR - IDCW,23.9576
2026-09-10,101314,Aditya Birla Sun Life Nifty 50 Index Fund - Growth - Regular Plan,239.2570
2026-09-10,101317,Aditya Birla Sun Life Ultra Short Term Fund - Growth - Regular Plan,591.8301
2026-09-10,101349,ICICI Prudential Nifty 50 Index Fund - Cumulative Option,238.0364
2026-09-10,101351,ICICI Prudential Dynamic Term Fund - Weekly IDCW,10.9202
2026-09-10,101356,Franklin India Money Market Fund Retail Option - Quarterly - IDCW,11.2758
2026-09-10,101357,Franklin India Money Market Fund - Growth Option,54.1664
2026-09-10,101373,Kotak Short Term Fund - Regular Plan- Growth,55.3217
2026-09-10,101407,Baroda BNP Paribas LIQUID FUND-Defunct Plan- IDCW Option,3921.6099
2026-09-10,101408,Baroda BNP Paribas LIQUID FUND- Defunct Plan -Growth Option,4752.9680
2026-09-10,101491,Tata Childrens Fund -Regular Plan-Growth Option,54.8531
2026-09-10,101525,HDFC Nifty 50 Index Fund - Growth Plan,224.412
2026-09-10,101538,Sundaram Mid Cap Fund Regular Plan - Income Distribution cum Capital Withdrawal (IDCW),64.3669
2026-09-10,101539,Sundaram Mid Cap Fund Regular Plan - Growth,1491.4111
2026-09-10,101547,Tata Short Term Bond Fund- Regular Plan - Monthly Payout of IDCW Option,22.8694
2026-09-10,101548,Tata Short Term Bond Fund -Regular Plan- Growth Option,50.6402
2026-09-10,101549,JM Liquid Fund (Regular) - Bonus Option - Principal Units,24.5199
2026-09-10,101551,SBI Aggresive Hybrid Fund - Regular Plan - Income Distribution cum Capital Withdrawal Option (IDCW),66.7619
2026-09-10,101585,HDFC Equity Savings Fund - GROWTH PLAN,67.692
2026-09-10,101586,HDFC Equity Savings Fund - IDCW PLAN,12.359
2026-09-10,101587,CANARA ROBECO MEDIUM TO LONG TERM FUND - REGULAR PLAN - QUARTERLY IDCW (Payout/Reinvestment),14.6535
2026-09-10,101588,CANARA ROBECO MEDIUM TO LONG TERM FUND - REGULAR PLAN - GROWTH OPTION,56.9671
2026-09-10,101591,Aditya Birla Sun Life Midcap Fund -REGULAR - IDCW,59.14
2026-09-10,101592,Aditya Birla Sun Life MIDCAP Fund-Growth,848.06
2026-09-10,101593,HSBC Large Cap Fund - Regular IDCW,41.7354
2026-09-10,101594,HSBC Large Cap Fund - Regular Growth,471.138
2026-09-10,101617,ICICI Prudential Ultra Short to Short Term Fund - Weekly IDCW,105.4597
2026-09-10,101618,ICICI Prudential Ultra Short to Short Term Fund - Daily IDCW,105.7178
2026-09-10,101619,ICICI Prudential Ultra Short to Short Term Fund - Growth,587.1435
2026-09-10,101635,DSP Large Cap Fund - Regular Plan - Growth,443.6620
2026-09-10,101636,DSP Large Cap Fund - Regular Plan - IDCW,22.6210
2026-09-10,101659,Tata Nifty 50 Index Fund -Regular Plan,146.7991
2026-09-10,101665,Nippon India Short Term Fund-Growth Plan,56.3623
2026-09-10,101667,NIPPON INDIA SHORT TERM FUND - MONTHLY IDCW Option,11.5559
2026-09-10,101669,NIPPON INDIA SHORT TERM FUND - QUARTERLY IDCW OPTION,15.0403
2026-09-10,101672,Tata Value Fund - Regular Plan -Growth Option,349.6339
2026-09-10,101685,HSBC Medium to Long Duration Fund - Regular Growth,43.6854
2026-09-10,101686,HSBC Medium to Long Duration Fund - Regular Quarterly IDCW,10.6476
2026-09-10,101705,ICICI Prudential BSE Sensex ETF,862.2047
2026-09-10,101706,ICICI Prudential Multi Cap Fund - IDCW,34.54
2026-09-10,101714,Tata Liquid Fund- Regular Plan - Daily Reinvestment of IDCW Option,1001.5157
2026-09-10,101746,Tata S&P BSE Sensex Index Fund -Regular Plan,189.0083
2026-09-10,101758,ICICI Prudential Short Term Fund - Growth Option,64.5266
2026-09-10,101762,HDFC Flexi Cap Fund - Growth Plan,2041.965
2026-09-10,101763,HDFC Flexi Cap Fund - IDCW Plan,73.788
2026-09-10,101764,HDFC Value Fund - Growth Plan,785.097
2026-09-10,101765,HDFC Value Fund - IDCW Plan,36.559
2026-09-10,101766,Tata Infrastructure Fund-Regular Plan- Growth Option,179.3913
2026-09-10,101802,ICICI Prudential Floating Interest Rates Fund - Growth,457.1361
2026-09-10,101804,ICICI Prudential Floating Interest Rates Fund - Daily IDCW,100.8436
2026-09-10,101805,JM Dynamic Term Fund (Regular) - IDCW,43.5362
2026-09-10,101806,JM Dynamic Term Fund (Regular) - Growth Option,43.4001
2026-09-10,101816,Aditya Birla Sun Life Conservative Hybrid Fund - REGULAR - MONTHLY IDCW,16.4049
2026-09-10,101818,Aditya Birla Sun Life Conservative Hybrid Fund - Growth / Payment - Regular Plan,70.2735
2026-09-10,101823,Tata Large & Mid Cap Fund Regular Plan - Payout of IDCW Option,72.9436
2026-09-10,101824,Tata Large & Mid Cap Fund- Regular Plan - Growth Option,491.6640
2026-09-10,101829,LIC MF Ultra Short to Short Term Fund-Regular Plan-Monthly IDCW,14.4586
2026-09-10,101830,LIC MF Ultra Short to Short Term Fund-Regular Plan-Growth,42.4565
2026-09-10,101833,Tata Ethical Fund- Regular Plan - Payout of IDCW Option,138.0237
2026-09-10,101834,UTI - Master Equity Plan Unit Scheme,219.3555
2026-09-10,101837,DSP Credit Risk Fund - Regular Plan -Growth,55.2674
2026-09-10,101838,DSP Credit Risk Fund - Regular Plan - IDCW - Weekly,11.1235
2026-09-10,101839,DSP Credit Risk Fund - Regular Plan - IDCW,12.6645
2026-09-10,101840,DSP Credit Risk Fund - Regular Plan - IDCW - Daily,11.1213
2026-09-10,101843,Aditya Birla Sun Life Short Term Fund - REGULAR - IDCW,15.1700
2026-09-10,101844,Aditya Birla Sun Life Short Term Fund - Growth - Regular Plan,50.7797
2026-09-10,101847,Tata Money Market Fund-Regular Plan - Growth Option,5099.5462
2026-09-10,101852,TATA Infrastructure Fund Regular Plan - Payout of IDCW Option,78.3137
2026-09-10,101853,Sundaram Value Fund Regular Plan - Growth,207.7898
2026-09-10,101862,Nippon India Banking & Financial Services Fund-Growth Plan-Growth Option,637.1217
2026-09-10,101863,Nippon India Banking & Financial Services Fund-Growth Plan-Bonus Option,637.1217
2026-09-10,101864,Nippon India Banking & Financial Services Fund - IDCW Option,67.5542
2026-09-10,101866,LIC MF Conservative Hybrid Fund-Regular Plan-Monthly IDCW,12.7177
2026-09-10,101867,LIC MF Conservative Hybrid Fund-Regular Plan-Quarterly IDCW,14.6751
2026-09-10,101868,LIC MF Conservative Hybrid Fund-Regular Plan-Yearly IDCW,11.955
2026-09-10,101869,LIC MF Conservative Hybrid Fund-Regular Plan-Growth,84.5762
2026-09-10,101872,HDFC Dynamic Term Fund - Growth Option,93.0976
2026-09-10,101873,HDFC Dynamic Term Fund - Quarterly IDCW Option,12.7371
2026-09-10,101874,HDFC Dynamic Term Fund - Half Yearly IDCW Option,11.9342
2026-09-10,101875,HDFC Dynamic Term Fund - Yearly IDCW Option,13.7793
2026-09-10,101892,Kotak Money market Fund - (Monthly Payout of Income Distribution cum capital withdrawal option),1052.1533
2026-09-10,101893,Kotak Money Market Fund - (Growth),4848.5539
2026-09-10,101922,CANARA ROBECO FLEXI CAP FUND - REGULAR PLAN - GROWTH OPTION,338.9800
2026-09-10,101923,CANARA ROBECO FLEXI CAP FUND - REGULAR PLAN - IDCW (Payout/Reinvestment),59.0300
2026-09-10,101932,SBI GILT FUND -  GROWTH - PF (Regular) Option,43.8444
2026-09-10,101934,SBI GILT FUND -  GROWTH - PF (Fixed Period - 3 Yrs) Option,40.9553
2026-09-10,101950,SBI Gilt Fund - Income Distribution cum Capital Withdrawal Option (IDCW) - PF (Fixed Period - 1 Yr),21.0941
2026-09-10,101951,SBI Gilt Fund - Income Distribution cum Capital Withdrawal Option (IDCW) - PF (Fixed Period - 2 Yrs),21.3473
2026-09-10,101952,SBI Gilt Fund - Income Distribution cum Capital Withdrawal Option (IDCW) - PF (Fixed Period - 3 Yrs),20.6979
2026-09-10,101973,Aditya Birla Sun Life Money Market Fund - Daily IDCW,100.0936
2026-09-10,101974,Aditya Birla Sun Life Money Market Fund - WEEKLY IDCW,100.2024
2026-09-10,101976,Aditya Birla Sun Life Money Market Fund - Growth,399.6930
2026-09-10,101979,HDFC ELSS - Tax Saver Fund - Growth Plan,1349.565
2026-09-10,101980,HDFC ELSS - Tax Saver Fund - IDCW Plan,65.499
2026-09-10,101986,Tata Money Market Fund- Regular Plan - Daily Reinvestment of IDCW Option,1114.4614
2026-09-10,101989,HDFC Medium Term Fund - Growth Option,60.4274
2026-09-10,101990,HDFC Medium Term Fund - Fornightly IDCW Option,10.1104
2026-09-10,101993,HDFC Money Market Fund - Growth Option,6170.3253
2026-09-10,101994,HDFC Money Market Fund - Daily IDCW Option,1063.5804
2026-09-10,101995,HDFC Money Market Fund - Weekly IDCW Option,1062.6243
2026-09-10,101996,HDFC Overnight Fund - Growth Option,4040.0407
2026-09-10,101997,HDFC Overnight Fund - IDCW Option (Daily),1042.66
2026-09-10,102000,HDFC Large Cap Fund - Growth Option - Regular Plan,1112.241
2026-09-10,102001,HDFC Large Cap Fund - IDCW Option - Regular Plan,50.936
2026-09-10,102007,UTI Liquid Fund - Discontinued -Regular Plan Periodic Dividend Option,113.3677
2026-09-10,102008,UTI Liquid Fund - Discontinued - Regular Plan - Monthly Dividend Option,106.4932
2026-09-10,102009,UTI Liquid Fund - Discontinued - Regular Plan -Growth,418.3985
2026-09-10,102010,UTI Liquid Fund - Regular Plan - Daily IDCW (Reinvestment),121.3706
2026-09-10,102011,UTI Liquid Fund - Regular Plan - Monthly IDCW,109.2175
2026-09-10,102012,UTI Liquid Fund - Regular Plan - Growth Option,461.0756
2026-09-10,102013,UTI Liquid Fund - Regular Plan - Weekly IDCW,105.3877
2026-09-10,102020,Baroda BNP Paribas MULTI CAP FUND - Regular Plan - Growth Option,294.7926
2026-09-10,102021,Baroda BNP Paribas MULTI CAP FUND - Regular Plan - IDCW Option,51.1828
2026-09-10,102036,Tata Large Cap Fund- Regular Plan - Payout of IDCW Option,100.1091
2026-09-10,102053,SBI MEDIUM TERM FUND - REGULAR PLAN - GROWTH,55.0274
2026-09-10,102054,SBI Medium Term Fund - Regular Plan - Income Distribution cum Capital Withdrawal Option (IDCW),21.3302
2026-09-10,102133,ICICI Prudential Multi Sector Passive FOF - Growth,167.2211
2026-09-10,102134,ICICI Prudential Multi Sector Passive FOF - IDCW,130.2863
2026-09-10,102139,ICICI Prudential Income Plus Arbitrage Omni FOF - Growth,67.0702
2026-09-10,102140,ICICI Prudential Income plus Arbitrage Omni FOF - IDCW,51.4656
2026-09-10,102141,ICICI Prudential Diversified Debt Strategy Active FOF - Growth,47.9222
2026-09-10,102142,Sundaram Consumption Fund(Formerly Known as Sundaram Rural and Consumption Fund Regular Plan - Growth),94.4957
2026-09-10,102143,ICICI Prudential Diversified Debt Strategy Active FOF - IDCW,41.8005
2026-09-10,102147,HDFC Conservative Hybrid Fund - Growth Plan,83.4195
2026-09-10,102148,HDFC Conservative Hybrid Fund - IDCW Monthly,13.207
2026-09-10,102149,HDFC Conservative Hybrid Fund - IDCW Quarterly,14.1013
2026-09-10,102172,Nippon India Conservative Hybrid  Fund-Growth Plan,62.1548
2026-09-10,102173,NIPPON INDIA CONSERVATIVE HYBRID  FUND - MONTHLY IDCW Option,11.2408
2026-09-10,102174,NIPPON INDIA CONSERVATIVE HYBRID  FUND - QUARTERLY IDCW Option,12.3538
2026-09-10,102205,SBI Dynamic Term Fund - REGULAR PLAN - Growth,37.5923
2026-09-10,102206,SBI Dynamic Term Fund - Regular Plan - Income Distribution cum Capital Withdrawal Option (IDCW),19.7080
2026-09-10,102251,HSBC Flexi Cap Fund - Regular IDCW,43.821
2026-09-10,102252,HSBC Flexi Cap Fund - Regular Growth,234.4804
2026-09-10,102260,HSBC Conservative Hybrid Fund - Regular Monthly IDCW,12.7181
2026-09-10,102261,HSBC Conservative Hybrid Fund - Regular Quarterly IDCW,16.8744
2026-09-10,102262,HSBC Conservative Hybrid Fund - Regular Growth,63.3925
2026-09-10,102266,UTI Children's Equity Fund - Regular Plan - IDCW,79.3692
2026-09-10,102267,UTI Children's Equity Fund - Regular Plan - Growth Option,79.3643
2026-09-10,102272,SBI NIFTY INDEX FUND - REGULAR PLAN - GROWTH,208.9580
2026-09-10,102273,SBI Nifty Index Fund - Regular Plan - Income Distribution cum Capital Withdrawal Option (IDCW),107.2078
2026-09-10,102326,Tata Mid Cap Fund-Regular Plan - IDCW Option,122.0200
2026-09-10,102328,Tata Mid Cap Fund Regular Plan- Growth Option,460.3513
2026-09-10,102330,ICICI Prudential Conservative Hybrid Fund - Plan - Growth,78.7415
2026-09-10,102331,ICICI Prudential Conservative Hybrid Fund - Plan - Monthly IDCW,13.6408
2026-09-10,102393,UTI Mid Cap Fund - Regular Plan - IDCW,149.4213
2026-09-10,102394,UTI Mid Cap Fund-Growth Option,315.7618
2026-09-10,102395,UTI Infrastructure Fund-Growth Option,143.4571
2026-09-10,102396,UTI Infrastructure Fund - Regular Plan - IDCW,74.9769
2026-09-10,102397,UTI Transportation and Logistics Fund - Regular Plan - IDCW,136.7545
2026-09-10,102398,UTI-Transportation and Logistics  Fund-Growth Option,296.5771
2026-09-10,102401,UTI Banking and Financial Services Fund - Regular Plan - Growth Option,192.9789
2026-09-10,102402,UTI Banking and Financial Services Fund - Regular Plan - IDCW,75.1064
2026-09-10,102428,Tata Value Fund Regular Plan - Payout of IDCW-Option B(10%),117.0315
2026-09-10,102431,Nippon India Pharma Fund-Growth Plan-Growth Option,568.6008
2026-09-10,102432,Nippon India Pharma Fund-Growth Plan-Bonus Option,568.6008
2026-09-10,102433,NIPPON INDIA PHARMA FUND - IDCW Option,122.7860
2026-09-10,102434,DSP India T.I.G.E.R. Fund - Regular Plan - Growth,361.5440
2026-09-10,102435,DSP India T.I.G.E.R. Fund - Regular Plan - IDCW,31.3350
2026-09-10,102442,Franklin India Liquid Fund - Institutional Plan - Weekly - IDCW,1055.2512
2026-09-10,102443,Franklin India Liquid Fund - Institutional Plan - Daily - IDCW,1000.0000
2026-09-10,102448,DSP Conservative Hybrid Fund- Regular Plan - Growth,60.7545
2026-09-10,102450,DSP Conservative Hybrid Fund - Regular Plan - IDCW - Monthly,10.8435
2026-09-10,102451,DSP Conservative Hybrid Fund - Regular Plan - IDCW - Quarterly,11.2432
2026-09-10,102452,HDFC Ultra Short to Short Term Fund - Growth,61.9214
2026-09-10,102453,HDFC Ultra Short to Short Term Fund - Weekly IDCW,10.0636
2026-09-10,102503,SBI Money Market Fund - Regular Plan - Growth,44.5553
2026-09-10,102504,SBI Money Market Fund - Regular Plan - Income Distribution cum Capital Withdrawal Option (IDCW),17.5683
2026-09-10,102505,SBI CREDIT RISK FUND - REGULAR PLAN - GROWTH,49.8709
2026-09-10,102506,SBI Credit Risk Fund - Regular Plan - Income Distribution cum Capital Withdrawal Option (IDCW),22.5458
2026-09-10,102509,UTI Gilt Fund - Regular Plan - IDCW,39.3357
2026-09-10,102510,UTI - GILT FUND - Regular Plan - Growth Option,65.6145
2026-09-10,102511,UTI - GILT FUND -Discontinued PF Plan -Dividend Option,26.8522
2026-09-10,102512,UTI - GILT FUND - Discontinued PF Plan - Growth Option,48.7865
2026-09-10,102514,UTI - GILT FUND - Discontinued PF Plan Prescribed Date Auto Redemption Option,48.8137
2026-09-10,102528,ICICI Prudential Mid Cap Fund - Growth,343.37
2026-09-10,102529,ICICI Prudential Mid Cap Fund - IDCW,44.50
2026-09-10,102531,UTI Ultra Short Term Fund - Regular Plan - Weekly IDCW (Reinvestment),1439.8395
2026-09-10,102532,UTI Ultra Short Term Fund - Regular Plan - Growth Option,4549.7167
2026-09-10,102533,UTI Conservative Hybrd Fund - Regular Plan - Monthly Payment Option,70.5576
2026-09-10,102534,UTI Conservative Hybrid Fund - Regular Plan - Flexi IDCW,44.6063
2026-09-10,102535,UTI Conservative Hybrid Fund - Regular Plan - Growth Option,70.5215
2026-09-10,102536,UTI Conservative Hybrid Fund - Regular Plan - Monthly IDCW,16.7185
2026-09-10,102538,UTI Ultra Short to Short Term Fund - Discontinued - Annaul Dividend Option,3633.0814
2026-09-10,102539,UTI Ultra Short to Short Term Fund - Discontinued Bonus Option,4507.1468
2026-09-10,102540,UTI Ultra Short to Short Term Fund - Discontinued Growth Option,6761.4866
2026-09-10,102541,UTI Ultra Short to Short Term Fund - Discontinued - Quarterly Dividend Option,2390.7746
2026-09-10,102544,UTI Ultra Short to Short Term Fund - Regular Plan - Growth Option,3822.9608
2026-09-10,102545,UTI Ultra Short to Short Term Fund - Regular Plan - Bonus Option,3195.1818
2026-09-10,102591,Kotak Ultra Short Term Fund -Growth,46.0606
2026-09-10,102592,Kotak Ultra Short Term Fund -Monthly Payout of Income Distribution cum capital withdrawal option,10.7701
2026-09-10,102594,ICICI Prudential Value Fund (erstwhile Value Discovery Fund) - Growth,447.66
2026-09-10,102595,ICICI Prudential Value Fund (erstwhile Value Discovery Fund) - IDCW,33.86
2026-09-10,102672,Tata Liquid Fund -Regular Plan - Growth Option,4424.9117
2026-09-10,102673,Nippon India Floating Interest Rates  Fund - Growth Plan-Growth Option,48.3191
2026-09-10,102675,NIPPON INDIA FLOATING INTEREST RATES  FUND - MONTHLY IDCW Option,11.1355
2026-09-10,102676,NIPPON INDIA FLOATING INTEREST RATES FUND - DAILY IDCW REINVESTMENT Option,10.2489
2026-09-10,102677,NIPPON INDIA FLOATING INTEREST RATES  FUND - WEEKLY IDCW Option,10.2533
2026-09-10,102741,ICICI Prudential Medium Term Fund - Growth,48.6555
2026-09-10,102751,Nippon India Consumption Fund-Growth Plan-Growth Option,190.1955
2026-09-10,102752,Nippon India Consumption Fund-Growth Plan-Bonus Option,190.1955
2026-09-10,102753,NIPPON INDIA CONSUMPTION FUND - IDCW Option,34.3731
2026-09-10,102760,HDFC Focused Fund - GROWTH PLAN,230.377
2026-09-10,102761,HDFC Focused Fund - IDCW PLAN,23.423
2026-09-10,102766,Aditya Birla Sun Life Dynamic Term Fund -Regular - Quarterly IDCW,10.8054
2026-09-10,102767,Aditya Birla Sun Life Dynamic Term Fund - Growth - Regular Plan,49.0867
2026-09-10,102823,SBI HEALTHCARE OPPORTUNITIES FUND - REGULAR PLAN -GROWTH,524.5428
2026-09-10,102846,Nippon India Balanced Advantage Fund-Growth Plan-Growth Option,182.3569
2026-09-10,102847,Nippon India Balanced Advantage Fund-Growth Plan-Bonus Option,182.3569
2026-09-10,102848,NIPPON INDIA BALANCED ADVANTAGE FUND - IDCW Option,31.2868
2026-09-10,102849,Nippon India Dynamic Term Fund-Growth Plan-Growth Option,39.3770
2026-09-10,102851,NIPPON INDIA DYNAMIC TERM FUND - IDCW Option,26.4858
2026-09-10,102860,SBI Money Market Fund - Regular Plan Weekly Income Distribution cum Capital Withdrawal Option (IDCW),16.2064
2026-09-10,102874,Kotak-Small Cap Fund - Payout of Income Distribution cum capital withdrawal option,119.962
2026-09-10,102875,Kotak-Small Cap Fund - Growth,274.974
2026-09-10,102883,Franklin India Large & Mid Cap Fund - Growth Plan,189.6971
2026-09-10,102884,Franklin India Large & Mid Cap Fund - IDCW,19.6812
2026-09-10,102885,SBI AGGRESIVE HYBRID FUND - REGULAR PLAN -Growth,315.0546
2026-09-10,102913,CANARA ROBECO ULTRA SHORT TO SHORT TERM FUND - REGULAR PLAN - GROWTH OPTION,45.3336
2026-09-10,102914,CANARA ROBECO ULTRA SHORT TO SHORT TERM FUND - REGULAR PLAN - IDCW (Payout/Reinvestment),37.7701
2026-09-10,102915,CANARA ROBECO ULTRA SHORT TO SHORT TERM FUND - REGULAR PLAN - WEEKLY IDCW (Payout/Reinvestment),10.2582
2026-09-10,102920,CANARA ROBECO LARGE AND MID CAP FUND - REGULAR PLAN - GROWTH OPTION,255.9100
2026-09-10,102921,CANARA ROBECO LARGE AND MID CAP FUND - REGULAR PLAN - IDCW (Payout/Reinvestment),83.1200
2026-09-10,102941,SBI MIDCAP FUND - REGULAR PLAN - GROWTH,239.7304
2026-09-10,102942,SBI Midcap Fund - Regular Plan - Income Distribution cum Capital Withdrawal Option (IDCW),97.9572
2026-09-10,102947,HDFC Aggressive Hybrid Fund - IDCW Plan,15.039
2026-09-10,102948,HDFC Aggressive Hybrid Fund - Growth Plan,112.953
2026-09-10,103025,UTI Dividend Yield Fund - Regular Plan - IDCW,32.5622
2026-09-10,103026,UTI-Dividend Yield Fund.-Growth,173.0065
2026-09-10,103034,SBI MNC FUND - REGULAR PLAN -GROWTH,413.5261
2026-09-10,103039,Kotak Contra Fund - Regular Plan - IDCW - Payout & Re-investment of Income Distribution cum capital withdrawal option,52.405
2026-09-10,103040,Kotak Contra Fund - Regular Plan - Growth,152.033
2026-09-10,103048,Nippon India Money Market Fund-Growth Plan-Growth Option,4481.2389
2026-09-10,103050,NIPPON INDIA MONEY MARKET FUND - DAILY IDCW Option,1007.3051
2026-09-10,103051,NIPPON INDIA MONEY MARKET FUND - WEEKLY IDCW Option,1008.8871
2026-09-10,103052,NIPPON INDIA MONEY MARKET FUND - MONTHLY IDCW Option,1028.2818
2026-09-10,103085,Nippon India Value Fund- Growth Plan,220.0626
2026-09-10,103086,NIPPON INDIA VALUE FUND - IDCW Option,40.8551
2026-09-10,103097,UTI Value Fund - Regular Plan - IDCW,47.4831
2026-09-10,103098,UTI Value Fund - Regular Plan - Growth Option,162.9333
2026-09-10,103110,Aditya Birla Sun Life Consumption Fund -Regular - IDCW,35.39
2026-09-10,103111,Aditya Birla Sun Life Consumption Fund-Growth Option,203.96
2026-09-10,103114,SBI MNC Fund - Regular Plan - Income Distribution cum Capital Withdrawal Option (IDCW),126.3290
2026-09-10,103130,HDFC Multi Asset Allocation Fund - IDCW Option,16.97
2026-09-10,103131,HDFC Multi Asset Allocation Fund - Growth Option,74.564
2026-09-10,103140,SBI Overnight Fund - Regular Plan - Weekly Income Distribution cum Capital Withdrawal Option (IDCW),1412.9149
2026-09-10,103145,SBI COMMA Fund - REGULAR PLAN - Growth,118.7452
2026-09-10,103146,SBI Comma Fund - Regular Plan - Income Distribution cum Capital Withdrawal Option (IDCW),67.4008
2026-09-10,103149,ICICI Prudential Infrastructure Fund - Growth,202.43
2026-09-10,103150,ICICI Prudential Infrastructure Fund - IDCW,28.50
2026-09-10,103154,Aditya Birla Sun Life Aggressive Hybrid Fund -Regular - IDCW,168.34
2026-09-10,103155,Aditya Birla Sun Life Aggressive Hybrid Fund - Regular Plan-Growth,1536.13
2026-09-10,103158,Tata Treasury Advantage Fund Regular Plan - Weekly Payout of IDCW Option,1008.1973
2026-09-10,103159,Tata Treasury Advantage Fund - Regular Plan - Growth Option,4227.9825
2026-09-10,103160,Tata Treasury Advantage Fund Regular Plan - Daily Reinvestment of IDCW Option,1003.4467
2026-09-10,103164,Aditya Birla Sun Life ELSS Tax Saver Fund-Regular - IDCW,187.36
2026-09-10,103165,Aditya Birla Sun Life Flexi Cap Fund -Regular - IDCW,167.39
2026-09-10,103166,Aditya Birla Sun Life Flexi Cap Fund - Growth - Regular Plan,1942.97
2026-09-10,103173,Aditya Birla Sun Life Large Cap Fund-Regular - IDCW,37.90
2026-09-10,103174,Aditya Birla Sun Life Large Cap Fund-Growth,509.19
2026-09-10,103178,Aditya Birla Sun Life Corporate Bond Fund - Growth - Regular Plan,119.6363
2026-09-10,103183,Aditya Birla Sun Life Corporate Bond Fund -REGULAR - MONTHLY IDCW,12.6088
2026-09-10,103192,Aditya Birla Sun Life Ultra Short to Short Term Fund -Regular- Growth Plan,701.6108
2026-09-10,103193,Aditya Birla Sun Life Ultra Short to Short Term Fund -REGULAR - WEEKLY IDCW,100.5423
2026-09-10,103196,Nippon India ELSS Tax Saver Fund-Growth Plan-Growth Option,128.5654
2026-09-10,103197,NIPPON INDIA ELSS TAX SAVER FUND - IDCW Option,33.3944
2026-09-10,103225,quant Liquid Fund - Growth Option - Regular Plan,44.1687
2026-09-10,103226,quant Liquid Fund-Daily IDCW Option - Regular Plan,12.6173
2026-09-10,103227,quant Liquid Fund - Weekly IDCW Option - Regular Plan,14.5212
2026-09-10,103228,quant Liquid Fund - Monthly IDCW Option - Regular Plan,15.1914
2026-09-10,103233,Kotak Large & Mid Cap Fund - IDCW-Regular,60.595
2026-09-10,103234,Kotak Large & Mid Cap Fund - Growth-Regular,347.323
2026-09-10,103308,Aditya Birla Sun Life Focused Fund -Regular - IDCW,22.9086
2026-09-10,103309,Aditya Birla Sun Life Focused Fund -Growth Option,144.3145
2026-09-10,103312,ICICI Prudential Exports & Services Fund - Growth,169.23
2026-09-10,103313,ICICI Prudential Exports & Services Fund - IDCW,38.14
2026-09-10,103338,Kotak ELSS Tax Saver Fund-Payout of Income Distribution cum capital withdrawal option,43.547
2026-09-10,103339,Kotak ELSS Tax Saver Fund-Growth,116.36
2026-09-10,103340,ICICI Prudential Liquid Fund - Growth,415.8109
2026-09-10,103342,ICICI Prudential Liquid Fund - Weekly IDCW,100.2073
2026-09-10,103343,ICICI Prudential Liquid Fund - Daily IDCW,100.1482
2026-09-10,103347,DSP Liquid Fund - Regular Plan - Growth,4013.1181
2026-09-10,103348,DSP Liquid Fund - Regular Plan - IDCW - Weekly,1001.4509
2026-09-10,103349,DSP Liquid Fund- Regular Plan - IDCW - Daily,1001.4663
2026-09-10,103360,Franklin India Small Cap Fund-Growth,180.2173
2026-09-10,103361,Franklin India Small Cap Fund - IDCW,45.0499
2026-09-10,103389,CANARA ROBECO INFRASTRUCTURE FUND - REGULAR PLAN - IDCW (Payout/Reinvestment),60.7900
2026-09-10,103390,CANARA ROBECO INFRASTRUCTURE FUND - REGULAR PLAN - GROWTH OPTION,166.7500
2026-09-10,103400,SBI Multi Asset Allocation Fund - Regular Plan - Monthly Income Distribution cum Capital Withdrawal Option (IDCW),29.9248
2026-09-10,103401,SBI Multi Asset Allocation Fund - Regular Plan - Quarterly Income Distribution cum Capital Withdrawal Option (IDCW),29.8956
2026-09-10,103408,SBI MULTI ASSET ALLOCATION FUND - REGULAR PLAN - GROWTH,66.9219
2026-09-10,103409,SBI Multi Asset Allocation Fund - Regular Plan - Annual Income Distribution cum Capital Withdrawal Option (IDCW),37.8431
2026-09-10,103475,Aditya Birla Sun Life Infrastructure Fund -  Regular - IDCW,29.72
2026-09-10,103476,Aditya Birla Sun Life Infrastructure Fund-Growth,108.23
2026-09-10,103490,Quantum Value Fund - Direct Plan Growth Option,122.22
2026-09-10,103491,Quantum Value Fund - Direct Plan IDCW,122.47
2026-09-10,103504,SBI Large Cap FUND-REGULAR PLAN GROWTH,91.0451
2026-09-10,103616,SBI Large Cap Fund - Regular Plan - Income Distribution cum Capital Withdrawal Option (IDCW),51.7941
2026-09-10,103633,ICICI Prudential Money Market Fund Option - Growth,409.7385
2026-09-10,103634,ICICI Prudential Money Market Fund Option - Daily IDCW,100.1267
2026-09-10,103635,ICICI Prudential Money Market Fund Option - Weekly IDCW,100.7219
2026-09-10,103734,Quantum Liquid Fund - Direct Plan Growth Option,37.7384
2026-09-10,103735,Quantum Liquid Fund - Direct Plan Monthly IDCW,10.0467
2026-09-10,103736,Quantum Liquid Fund - Direct Plan Daily IDCW,10.0168
2026-09-10,103743,Sundaram Consumption Fund (Formerly Known as Sundaram Rural and Consumption Fund Regular Plan - Income Distribution cum Capital Withdrawal (IDCW),24.6972
2026-09-10,103780,JM Arbitrage Fund (Regular) - Growth Option,34.8303
2026-09-10,103781,JM Arbitrage Fund (Regular) - IDCW,16.166
2026-09-10,103819,DSP Large & Mid Cap Fund - Regular Plan - Growth,605.9950
2026-09-10,103820,DSP Large & Mid Cap Fund - Regular Plan - IDCW,35.4620
2026-09-10,103883,SBI ELSS Tax Saver Fund - Regular Plan - Income Distribution cum Capital Withdrawal Option (IDCW),85.9518
2026-09-10,103884,SBI Ultra Short Term Fund - Regular Plan - Weekly Income Distribution cum Capital Withdrawal Option (IDCW),1265.6640
2026-09-10,103885,Aditya Birla Sun Life Liquid Fund -Regular - IDCW,104.9950
2026-09-10,104074,UTI Arbitrage Fund - Regular Plan - IDCW,21.2469
2026-09-10,104075,UTI Arbitrage Fund - Regular Plan - Growth Option,37.6099
2026-09-10,104138,DSP Ultra Short Term Fund - Regular Plan - Growth,3653.5983
2026-09-10,104139,DSP Ultra Short Term Fund - Regular Plan - IDCW - Weekly Reinvest,1005.0453
2026-09-10,104140,DSP Ultra Short Term Fund - Regular Plan - IDCW - Daily Reinvest,1005.4396
2026-09-10,104457,SBI Arbitrage Fund - Regular Plan - Gr,36.2898
2026-09-10,104458,SBI Arbitrage Fund - Regular Plan - Income Distribution cum Capital Withdrawal Option (IDCW),19.0845
2026-09-10,104481,DSP Midcap Fund - Regular Plan - Growth,154.3870
2026-09-10,104482,DSP Midcap Fund - Regular Plan - IDCW,29.4070
2026-09-10,104484,Invesco India Liquid Fund - Daily IDCW (Reinvestment),1002.7594
2026-09-10,104485,Invesco India Liquid Fund - Weekly IDCW (Reinvestment),1019.0896
2026-09-10,104486,Invesco India Liquid Fund - Growth,3863.1357
2026-09-10,104488,Invesco India Liquid Fund - Regular - Growth,3400.4926
2026-09-10,104489,Invesco India Liquid Fund - Regular - Weekly IDCW (Reinvestment),1004.555
2026-09-10,104492,Invesco India Liquid Fund - Monthly IDCW (Payout / Reinvestment),1005.7776
2026-09-10,104513,quant Large & Mid Cap Fund - Growth Option,123.9072
2026-09-10,104514,quant Large & Mid Cap Fund - IDCW Option - Regular Plan,75.6328
2026-09-10,104523,SBI ESG Exclusionary Strategy Fund - Regular Plan - Growth,234.7229
2026-09-10,104559,CANARA ROBECO ULTRA SHORT TO SHORT TERM FUND - REGULAR PLAN - DAILY IDCW (Reinvestment),10.2582
2026-09-10,104635,Invesco India ELSS Tax Saver Fund - Regular Plan - IDCW Payout,24.92
2026-09-10,104636,Invesco India ELSS Tax Saver Fund - Regular Plan - Growth,127.36
2026-09-10,104637,Nippon India Focused Fund -Growth Plan -Growth Option,120.9685
2026-09-10,104638,NIPPON INDIA FOCUSED  FUND - IDCW OPTION,32.3856
2026-09-10,104681,ICICI Prudential Arbitrage Fund - IDCW,15.4595
2026-09-10,104683,ICICI Prudential Arbitrage Fund - Growth,36.8243
2026-09-10,104685,ICICI Prudential Balanced Advantage Fund - Growth,78.18
2026-09-10,104686,ICICI Prudential Balanced Advantage Fund - IDCW,18.25
2026-09-10,104722,Invesco India Ultra Short to Short Term Fund - Regular - Weekly IDCW (Reinvestment),1445.2181
2026-09-10,104723,Invesco India Ultra Short to Short Term Fund - Regular - Monthly IDCW (Reinvestment),1448.6137
2026-09-10,104725,Invesco India Ultra Short to Short Term Fund - Weekly IDCW (Payout / Reinvestment),1357.5259
2026-09-10,104726,Invesco India Ultra Short to Short Term Fund - Growth,4060.9183
2026-09-10,104728,Invesco India Ultra Short to Short Term Fund - Regular - Growth,3590.7963
2026-09-10,104729,Invesco India Ultra Short to Short Term Fund - Monthly IDCW (Payout / Reinvestment),1479.9845
2026-09-10,104772,DSP ELSS Tax Saver Fund - Regular Plan - Growth,135.6870
2026-09-10,104773,DSP ELSS Tax Saver Fund - Regular Plan - IDCW,21.0180
2026-09-10,104907,Kotak Mid Cap Fund - Regular Plan - IDCW -Payout & Re-investment of Income Distribution cum capital withdrawal option,79.987
2026-09-10,104908,Kotak Mid Cap Fund - Regular Plan - Growth,145.636
2026-09-10,105000,Sundaram Large and Midcap Regular Plan - Income Distribution cum Capital Withdrawal (IDCW),31.5529
2026-09-10,105001,Sundaram Large and Midcap Fund Regular Plan - Growth,93.4912
2026-09-10,105024,Invesco India Ultra Short to Short Term Fund - Regular Daily IDCW (Reinvestment),1785.9552
2026-09-10,105025,Invesco India Ultra Short to Short Term Fund - Daily IDCW (Reinvestment),1017.9197
2026-09-10,105067,Franklin India INDEX FUND- NSE NIFTY 50 INDEX FUND - IDCW,164.7182
2026-09-10,105080,SBI Ultra Short Term Fund - Regular Plan - Daily Income Distribution cum Capital Withdrawal Option (IDCW),2422.5493
2026-09-10,105185,Invesco India Short Term Fund - Regular Plan - Growth,3779.0096
2026-09-10,105187,Invesco India Short Term Fund - Plan B - Monthly IDCW (Payout / Reinvestment),2461.4348
2026-09-10,105189,Invesco India Short Term Fund - Plan B - Growth,3753.6631
2026-09-10,105190,Invesco India Short Term Fund - Regular Plan - Weekly IDCW (Reinvestment),1017.9428
2026-09-10,105191,Invesco India Short Term Fund - Regular Plan - Monthly IDCW (Payout / Reinvestment),1051.3892
2026-09-10,105192,Invesco India Short Term Fund - Plan B - Weekly IDCW (Reinvestment),1014.3622
2026-09-10,105274,SBI Liquid Fund - Institutional - Growth,4431.7594
2026-09-10,105275,SBI Liquid Fund - Institutional Daily Income Distribution cum Capital Withdrawal Option (IDCW),1423.7658
2026-09-10,105280,SBI Liquid Fund - REGULAR PLAN -Growth,4390.2537
2026-09-10,105281,SBI Liquid Fund - Regular Plan - Daily Income Distribution cum Capital Withdrawal Option (IDCW),1140.7391
2026-09-10,105282,SBI Liquid Fund - Regular Plan - Weekly Income Distribution cum Capital Withdrawal Option (IDCW),1379.7717
2026-09-10,105283,SBI Liquid Fund - Regular Plan - Fortnightly Income Distribution cum Capital Withdrawal Option (IDCW),1440.7991
2026-09-10,105417,Taurus Infrastructure Fund - Regular Plan - Growth,61.82
2026-09-10,105418,Taurus Infrastructure Fund - Regular Plan - Payout of Income Distribution cum Capital Withdrawal option,58.07
2026-09-10,105459,Invesco India Contra Fund - Regular Plan - IDCW (Payout / Reinvestment),49.32
2026-09-10,105460,Invesco India Contra Fund - Regular Plan - Growth,134.64
2026-09-10,105463,UTI GOLD Exchange Traded Fund,127.8883
2026-09-10,105503,Invesco India Mid Cap Fund - Regular Plan - Growth Option,199.18
2026-09-10,105504,Invesco India Mid Cap Fund - Regular Plan - IDCW (Payout / Reinvestment),62.08
2026-09-10,105543,HDFC Ultra Short to Short Term Fund - Monthly IDCW,10.1748
2026-09-10,105548,HDFC Ultra Short to Short Term Fund - Daily IDCW,10.1423
2026-09-10,105578,UTI Ultra Short to Short Term Fund - Discontinued - Periodic Dividend Plan,1076.7159
2026-09-10,105603,Invesco India Arbitrage Fund - Regular Plan - Growth Option,34.2642
2026-09-10,105604,Invesco India Arbitrage Fund - Regular Plan - IDCW (Payout / Reinvestment),18.2862
2026-09-10,105605,UTI Ultra Short to Short Term Fund - Regular Plan - Daily IDCW (Reinvestment),1473.4519
2026-09-10,105627,UTI Ultra Short to Short Term Fund - Regular Plan - Weekly IDCW,1477.1794
2026-09-10,105628,SBI ELSS Tax Saver FUND - REGULAR PLAN- GROWTH,423.9503
2026-09-10,105637,JM Dynamic Term Fund (Regular) - Weekly IDCW,10.5455
2026-09-10,105639,JM Dynamic Term Fund (Regular) - Daily IDCW,10.0441
2026-09-10,105658,UTI Ultra Short to Short Term Fund - Regular Plan - Monthly IDCW,1502.9516
2026-09-10,105659,UTI Ultra Short to Short Term Fund - Discontinued Flexi Dividend Plan,1087.5666
2026-09-10,105667,DSP Dynamic Term Fund - Regular Plan - IDCW - Monthly,1066.6625
2026-09-10,105668,DSP Dynamic Term Fund - Regular Plan - IDCW,1271.5221
2026-09-10,105669,DSP Dynamic Term Fund - Regular Plan - Growth,3445.5262
2026-09-10,105670,UTI Ultra Short to Short Term Fund - Discontinued Monthly Dividend Option,1012.226
2026-09-10,105689,Nippon India Interval Fund-Quarterly Interval Fund Series-II-Growth Option,38.5468
2026-09-10,105692,NIPPON INDIA QUARTERLY INTERVAL FUND - SERIES II - IDCW Option,13.5163
2026-09-10,105757,HDFC Mid Cap Fund - IDCW Plan,52.407
2026-09-10,105758,HDFC Mid Cap Fund - Growth Plan,208.884
2026-09-10,105804,Aditya Birla Sun Life Small Cap Fund - GROWTH,102.0609
2026-09-10,105805,Aditya Birla Sun Life Small Cap Fund -Regular - IDCW,39.2858
2026-09-10,105816,Franklin India Focused Equity Fund - IDCW,30.5216
2026-09-10,105817,Franklin India Focused Equity Fund - Growth Plan,98.9909
2026-09-10,105822,LIC MF Banking & PSU Debt Fund-Regular Plan-Daily IDCW,11.8717
2026-09-10,105823,LIC MF Banking & PSU Debt Fund-Regular Plan-Growth,37.0023
2026-09-10,105856,LIC MF Banking & PSU Debt Fund-Regular Plan-Monthly IDCW,13.8486
2026-09-10,105857,LIC MF Banking & PSU Debt Fund-Regular Plan-Weekly IDCW,10.385
2026-09-10,105875,DSP Flexi Cap Fund - Regular Plan - Growth,101.4820
2026-09-10,105878,DSP Dynamic Term Fund - Regular Plan - IDCW - Weekly,1044.6800
2026-09-10,105887,Aditya Birla Sun Life Ultra Short Term Fund-Regular - weekly IDCW,100.5294
2026-09-10,105888,Aditya Birla Sun Life Ultra Short Term Fund-Regular - DAILY IDCW,100.1146
2026-09-10,105967,Kotak Arbitrage Fund - Regular Plan - IDCW - Payout & Re-investment of Income Distribution cum capital withdrawal option,10.7736
2026-09-10,105968,Kotak Arbitrage Fund - Regular Plan - Growth,40.2294
2026-09-10,105989,DSP Small Cap Fund - Regular - Growth,232.5020
2026-09-10,106095,SBI Infrastructure Fund - Regular Plan - Income Distribution cum Capital Withdrawal Option (IDCW),44.4888
2026-09-10,106096,SBI INFRASTRUCTURE FUND -  REGULAR PLAN - GROWTH,50.0109
2026-09-10,106143,Invesco India Large & Mid Cap Fund - Regular Plan - IDCW (Payout / Reinvestment),44.69
2026-09-10,106144,Invesco India Large & Mid Cap Fund - Regular Plan - Growth,110.47
2026-09-10,106166,CANARA ROBECO AGGRESSIVE HYBRID FUND - REGULAR PLAN - GROWTH OPTION,364.9000
2026-09-10,106167,CANARA ROBECO AGGRESSIVE HYBRID FUND - REGULAR PLAN - MONTHLY IDCW (Payout/Reinvestment),90.4200
2026-09-10,106168,JM Value Fund (Regular) - IDCW,67.6969
2026-09-10,106169,quant Infrastructure Fund - IDCW Option - Regular Plan,41.5581
2026-09-10,106170,quant Infrastructure Fund - Growth Option,41.6513
2026-09-10,106171,Invesco India Corporate Bond Fund - Regular Plan - Monthly IDCW (Payout / Reinvestment),1931.2652
2026-09-10,106172,Invesco India Corporate Bond Fund - Regular Plan - Quarterly IDCW (Payout / Reinvestment),1170.2161
2026-09-10,106177,Invesco India Corporate Bond Fund - Regular Plan - Growth,3369.4492
2026-09-10,106179,Invesco India Corporate Bond Fund - Regular Plan - Annual IDCW (Payout / Reinvestment),1341.3189
2026-09-10,106183,UTI Annual Interval Fund - I - Regular Plan - Growth Option,36.5045
2026-09-10,106185,UTI Annual Interval Fund - I - ( Instn Growth Option ),37.9725
2026-09-10,106186,UTI Annual Interval Fund - I - Regular Plan - IDCW,10.9569
2026-09-10,106193,KOTAK GOLD ETF,126.8347
2026-09-10,106212,SBI Ultra Short to Short Term Fund - Regular Plan - Growth,3736.9534
2026-09-10,106213,SBI Ultra Short to Short Term Fund - Regular Plan - Daily Income Distribution cum Capital Withdrawal Option (IDCW),1455.5966
2026-09-10,106214,SBI Ultra Short to Short Term Fund - Regular Plan - Weekly Income Distribution cum Capital Withdrawal Option (IDCW),1455.5832
2026-09-10,106215,SBI Ultra Short to Short Term Fund - Regular Plan - Fornightly Income Distribution cum Capital Withdrawal Option (IDCW),1481.0752
2026-09-10,106216,SBI Ultra Short to Short Term Fund - Regular Plan - Monthly Income Distribution cum Capital Withdrawal Option (IDCW),1638.9788
2026-09-10,106217,SBI Ultra Short to Short Term Fund - Ultra Short Term Fund - Institutional Plan - Growth,3802.8579
2026-09-10,106221,SBI Ultra Short to Short Term Fund - Ultra Short Term Fund - Institutional Plan - Daily Income Distribution cum Capital Withdrawal Option (IDCW),1455.9393
2026-09-10,106222,SBI Ultra Short to Short Term Fund - Ultra Short Term Fund- Institutional Plan - Weekly Income Distribution cum Capital Withdrawal Option (IDCW),1452.3250
2026-09-10,106227,SBI SHORT TERM FUND-SHORT TERM FUND - RETAIL - GROWTH,38.6766
2026-09-10,106228,SBI Short Term Fund - Short Term Fund - Retail Dividend - Weekly Income Distribution cum Capital Withdrawal Option (IDCW),16.0437
2026-09-10,106229,SBI Short Term Fund - Short Term Fund - Retail Dividend - Monthly Income Distribution cum Capital Withdrawal Option (IDCW),17.7150
2026-09-10,106230,SBI Short Term Fund - Short Term Fund - Retail Dividend - Fortnightly Income Distribution cum Capital Withdrawal Option (IDCW),16.0680
2026-09-10,106231,SBI SHORT TERM FUND - REGULAR PLAN -GROWTH,34.1842
2026-09-10,106232,SBI Short Term Fund - Regular Plan Weekly Income Distribution cum Capital Withdrawal Option (IDCW),15.4994
2026-09-10,106233,SBI Short Term Fund - Regular Plan - Monthly Income Distribution cum Capital Withdrawal Option (IDCW),18.8990
2026-09-10,106234,SBI Short Term Fund - Regular Plan Fortnightly Income Distribution cum Capital Withdrawal Option (IDCW),15.4841
2026-09-10,106235,Nippon India Large Cap  Fund- Growth Plan -Growth Option,87.5826
2026-09-10,106236,NIPPON INDIA LARGE CAP FUND - IDCW Option,25.6064
2026-09-10,106240,Nippon India Large Cap Fund- Growth Plan Bonus Option,87.5826
2026-09-10,106260,NIPPON INDIA GROWTH MID CAP FUND - INSTITUTIONAL Plan - IDCW Option,1367.4065
2026-09-10,106316,Invesco India Balanced Advantage Fund - Regular Plan - IDCW (Payout / Reinvestment),16.91
2026-09-10,106317,Invesco India Balanced Advantage Fund - Regular Plan - Growth,51.99
2026-09-10,106383,UTI Short Term Fund - Discontinued Regular Option - Dividend Sub Option,25.1328
2026-09-10,106384,UTI Short Term Fund - Discontinued Regular Option -Growth Sub Option,47.5417
2026-09-10,106425,UTI India Consumer Fund - Regular Plan - Growth Option,57.0174
2026-09-10,106426,UTI India Consumer Fund - Regular Plan - IDCW,49.8411
2026-09-10,106624,UTI Short Term Fund - Regular Plan - Growth Option,33.7735
2026-09-10,106653,Invesco India Infrastructure Fund - Regular Plan - IDCW (Payout / Reinvestment),43.03
2026-09-10,106654,Invesco India Infrastructure Fund - Regular Plan - Growth Option,66.94
2026-09-10,106793,HDFC ARBITRAGE FUND - Regular Plan -Growth Option,32.888
2026-09-10,106822,ICICI Prudential Small Cap Fund - IDCW,34.03
2026-09-10,106823,ICICI Prudential Small Cap Fund - Growth,91.66
2026-09-10,106838,HDFC Floating Interest Rates Fund - Daily IDCW Option,10.0789
2026-09-10,106839,HDFC Floating Interest Rates Fund - Monthly IDCW Option,10.1774
2026-09-10,106840,HDFC Floating Interest Rates Fund - Weekly IDCW Option,10.0394
2026-09-10,106841,HDFC Floating Interest Rates Fund - Growth Option,53.7154
2026-09-10,106871,LIC MF Large Cap Fund-Regular Plan-Growth,52.8353
2026-09-10,106929,Kotak Nifty PSU Bank ETF,84.1227
2026-09-10,106978,Franklin Asian Equity Fund - IDCW,21.5054
2026-09-10,106979,Franklin Asian Equity Fund - Growth Plan,45.5605
2026-09-10,106980,UTI Short Term Fund - Regular Plan - Discontinued Quarterly IDCW,17.4767
2026-09-10,107287,JM ELSS - Tax Saver Fund (Regular) - IDCW,52.6846
2026-09-10,107288,JM ELSS - Tax Saver Fund (Regular) - Growth option,52.6854
2026-09-10,107352,Invesco India Multi Cap Fund - Regular Plan - IDCW (Payout / Reinvestment),120.37
2026-09-10,107353,Invesco India Multi Cap Fund - Regular Plan - Growth Option,132.75
2026-09-10,107409,JM Focused Fund (Regular) - IDCW,20.2872
2026-09-10,107410,JM Focused Fund (Regular) - Growth Option,20.288
2026-09-10,107471,Invesco India Gilt Fund - Regular Plan - Monthly IDCW (Reinvestment),1633.3138
2026-09-10,107472,Invesco India Gilt Fund - Regular Plan - Quarterly IDCW (Payout / Reinvestment),1322.0759
2026-09-10,107476,Invesco India Gilt Fund - Regular Plan - Annual IDCW (Payout / Reinvestment),1167.2461
2026-09-10,107477,Invesco India Gilt Fund - Regular Plan - Growth,2899.6904
2026-09-10,107524,HDFC Infrastructure Fund - Growth Plan,46.808
2026-09-10,107525,HDFC Infrastructure Fund - IDCW Plan,20.074
2026-09-10,107578,Mirae Asset Large Cap Fund - Regular Plan - Growth,109.777
2026-09-10,107579,Mirae Asset Large Cap Fund - Regular Plan - IDCW,28.118
2026-09-10,107693,Quantum Gold ETF,125.9204
2026-09-10,107700,Mirae Asset Ultra Short to Short Term Fund - Regular Plan - Daily IDCW,1005.0766
2026-09-10,107701,Mirae Asset Ultra Short to Short Term Fund - Regular Plan - Weekly IDCW,1106.5440
2026-09-10,107702,Mirae Asset Ultra Short to Short Term Fund - Regular Plan - Quarterly IDCW,1010.9079
2026-09-10,107704,Mirae Asset Ultra Short to Short Term Fund - Regular Plan - Monthly IDCW,1091.6896
2026-09-10,107705,Mirae Asset Ultra Short to Short Term Fund - Regular Plan - Growth,2422.2066
2026-09-10,107745,Aditya Birla Sun Life ELSS Tax Saver Fund - Growth Option,61.07
2026-09-10,107763,LIC MF Infrastructure Fund-Regular Plan-Growth,54.5659
2026-09-10,107764,LIC MF Infrastructure Fund-Regular Plan-IDCW,54.5674
2026-09-10,108166,Aditya Birla Sun Life Value Fund - Regular - IDCW,42.3054
2026-09-10,108167,Aditya Birla Sun Life Value Fund - Growth Option,138.3017
2026-09-10,108249,Nippon India Quant Fund -Growth Plan - Growth Option,72.0176
2026-09-10,108252,NIPPON INDIA QUANT FUND - IDCW Option,38.3921
2026-09-10,108258,Nippon India Quant Fund -Growth Plan -Bonus Option,72.0176
2026-09-10,108272,Aditya Birla Sun Life Banking & PSU Debt Fund  - REGULAR - IDCW,149.9805
2026-09-10,108273,Aditya Birla Sun Life Banking & PSU Debt Fund - Regular Plan-Growth,388.5323
2026-09-10,108274,Aditya Birla Sun Life Banking & PSU Debt Fund  - REGULAR - Quarterly IDCW,102.7586
2026-09-10,108377,Invesco India Financial Services Fund - Regular Plan -  IDCW (Payout / Reinvestment),74.13
2026-09-10,108378,Invesco India Financial Services Fund - Regular Plan - Growth,145.37
2026-09-10,108402,Taurus ELSS Tax Saver Fund - Regular Plan - Payout of Income Distribution cum Capital Withdrawal option,85.86
2026-09-10,108403,Taurus Large Cap Fund - Regular Plan - Payout of Income Distribution cum Capital Withdrawal option,73.12
2026-09-10,108465,ICICI Prudential Large Cap Fund (erstwhile Bluechip Fund)  - IDCW,28.49
2026-09-10,108466,ICICI Prudential Large Cap Fund (erstwhile Bluechip Fund)  - Growth,105.66
2026-09-10,108479,Quantum Nifty 50 ETF,258.7107
2026-09-10,108511,Kotak Dynamic Term Fund Regular Plan Growth,39.6018
2026-09-10,108544,Bandhan Income Plus Arbitrage Active FOF - Regular Plan - Quarterly IDCW,12.9358
2026-09-10,108545,Bandhan Income Plus Arbitrage Active FOF - Regular Plan - Growth,46.8172
2026-09-10,108546,Bandhan Income Plus Arbitrage Active FOF - Regular Plan - Half Yearly IDCW,13.2621
2026-09-10,108547,Bandhan Income Plus Arbitrage Active FOF - Regular Plan - Annual IDCW,14.8609
2026-09-10,108557,Bandhan Gilt Fund - Regular Plan - Quarterly IDCW,11.9492
2026-09-10,108558,Bandhan Gilt Fund - Regular - Plan B - Half Yearly IDCW,11.6715
2026-09-10,108559,Bandhan Gilt Fund - Regular Plan - Annual IDCW,11.5554
2026-09-10,108561,BANDHAN Dynamic Term Fund - Regular Plan B - Quarterly IDCW,11.6107
2026-09-10,108592,Bandhan Focused Fund - Regular Plan - Growth,91.782
2026-09-10,108593,Bandhan Focused Fund - Regular Plan - IDCW,19.654
2026-09-10,108594,BANDHAN Flexi Cap Fund - Regular Plan - Growth,206.720
2026-09-10,108595,BANDHAN Flexi Cap Fund - Regular Plan - IDCW,46.267
2026-09-10,108596,Bandhan Large & Mid Cap Fund - Regular Plan - Growth,140.084
2026-09-10,108597,Bandhan Large & Mid Cap Fund - Regular Plan - IDCW,27.705
2026-09-10,108632,BANDHAN Ultra Short to Short Term Fund - Regular Plan - Growth,41.4062
2026-09-10,108633,BANDHAN Ultra Short to Short Term Fund - Regular Plan - Daily IDCW,10.1015
2026-09-10,108634,BANDHAN Ultra Short to Short Term Fund - Regular Plan - Weekly IDCW,10.1180
2026-09-10,108635,BANDHAN Ultra Short to Short Term Fund - Regular Plan - Monthly IDCW,10.1390
2026-09-10,108644,Bandhan 10 year Constant Maturity Gilt Fund - Regular Plan - Monthly IDCW,10.3845
2026-09-10,108646,Bandhan 10 year Constant Maturity Gilt Fund - Regular Plan - Quarterly IDCW,11.5882
2026-09-10,108650,BANDHAN Money Market Fund - Regular Plan - Daily IDCW,10.0990
2026-09-10,108675,BANDHAN Dynamic Term Fund - Regular Plan B - Annual IDCW,11.5724
2026-09-10,108690,BANDHAN LIQUID Fund - Regular Plan - Growth,3390.9138
2026-09-10,108691,BANDHAN LIQUID Fund - Regular Plan - Weekly IDCW,1002.2201
2026-09-10,108692,BANDHAN LIQUID Fund - Regular Plan - Daily IDCW,1001.4161
2026-09-10,108693,BANDHAN LIQUID Fund - Regular Plan - Monthly IDCW,1003.3184
2026-09-10,108701,Bandhan Money Market Fund - Regular Plan - Weekly IDCW,10.1293
2026-09-10,108713,Bandhan Short Term Fund - Regular Plan - Fortnightly IDCW,10.4150
2026-09-10,108727,Bandhan Medium Term Fund - Regular Plan - Monthly IDCW,10.2512
2026-09-10,108728,Bandhan Medium Term Fund - Regular Plan - Growth,48.5415
2026-09-10,108729,Bandhan Medium Term Fund - Regular Plan - Fortnightly IDCW,10.2604
2026-09-10,108730,Bandhan Medium Term Fund - Regular Plan - Bi-Monthly IDCW,10.2997
2026-09-10,108731,Bandhan Medium Term Fund - Regular Plan - Daily IDCW,10.2681
2026-09-10,108753,Bandhan 10 year Constant Maturity Gilt Fund - Regular Plan - Growth,48.3733
2026-09-10,108756,BANDHAN Money Market Fund - Regular Plan - Growth,43.5100
2026-09-10,108757,BANDHAN Money Market Fund - Regular Plan - Monthly IDCW,10.2841
2026-09-10,108763,Bandhan Medium to Long Term Fund - Regular Plan - Half-yearly IDCW,12.2065
2026-09-10,108764,Bandhan Medium to Long Term Fund - Regular Plan - Quarterly IDCW,12.1740
2026-09-10,108765,Bandhan Medium to Long Term Fund - Regular Plan - Growth,67.9320
2026-09-10,108766,Bandhan Medium to Long Term Fund - Regular Plan - Annual IDCW,11.9590
2026-09-10,108767,Bandhan Short Term Fund - Regular Plan - Monthly IDCW,10.3897
2026-09-10,108768,Bandhan Short Term Fund - Regular Plan - Growth,61.2037
2026-09-10,108799,BANDHAN Large Cap Fund - Regular Plan - Growth,77.593
2026-09-10,108800,BANDHAN Large Cap Fund - Regular Plan - IDCW,21.388
2026-09-10,108845,BANDHAN Arbitrage Fund - Regular Plan - Growth,34.6951
2026-09-10,108847,BANDHAN Arbitrage Fund - Regular Plan - Monthly IDCW,10.7230
2026-09-10,108908,Bandhan Value Fund - Regular Plan - IDCW,36.233
2026-09-10,108909,Bandhan Value Fund - Regular Plan - Growth,144.958
2026-09-10,108992,BANDHAN Equity Savings Fund - Regular Plan - Monthly IDCW,10.822
2026-09-10,108995,BANDHAN Equity Savings Fund - Regular Plan - Growth,32.467
2026-09-10,109010,Kotak BSE Sensex ETF,82.2519
2026-09-10,109058,Sundaram Financial Services Opportunities Fund Regular Plan - Income Distribution cum Capital Withdrawal (IDCW),29.0732
2026-09-10,109059,Sundaram Financial Services Opportunities Fund Regular Plan - Growth,108.4835
2026-09-10,109254,BANK OF INDIA Liquid Fund- Regular Plan- Growth,3238.2831
2026-09-10,109255,BANK OF INDIA Liquid Fund- Regular Plan- Weekly IDCW,1005.5052
2026-09-10,109264,BANK OF INDIA Ultra Short Duration Fund- Regular Plan- Weekly IDCW,1005.2645
2026-09-10,109269,BANK OF INDIA Ultra Short Duration Fund- Regular Plan- Growth,3391.6063
2026-09-10,109274,quant Focused Fund - IDCW Option - Regular Plan,68.9643
2026-09-10,109275,quant Focused Fund - Growth Option - Regular Plan,92.7501
2026-09-10,109349,CANARA ROBECO LIQUID FUND - REGULAR PLAN - DAILY IDCW (Reinvestment),1005.5000
2026-09-10,109350,CANARA ROBECO LIQUID FUND - REGULAR PLAN - WEEKLY IDCW (Payout/Reinvestment),1000.8010
2026-09-10,109351,CANARA ROBECO LIQUID FUND - REGULAR PLAN - MONTHLY IDCW (Payout/Reinvestment),1003.2022
2026-09-10,109353,CANARA ROBECO LIQUID FUND - REGULAR PLAN - GROWTH OPTION,3381.7007
2026-09-10,109366,CANARA ROBECO ULTRA SHORT TERM FUND - REGULAR PLAN - WEEKLY IDCW (Payout/Reinvestment),1240.5247
2026-09-10,109370,CANARA ROBECO ULTRA SHORT TERM FUND - REGULAR PLAN - MONTHLY IDCW (Payout/Reinvestment),1004.1161
2026-09-10,109371,CANARA ROBECO ULTRA SHORT TERM FUND - REGULAR PLAN - GROWTH OPTION,4072.6621
2026-09-10,109372,CANARA ROBECO ULTRA SHORT TERM FUND - REGULAR PLAN - DAILY IDCW (Reinvestment),1240.5247
2026-09-10,109445,ICICI Prudential Banking and Financial Services Fund -  Growth,129.49
2026-09-10,109446,ICICI Prudential Banking and Financial Services Fund -  IDCW,24.72
2026-09-10,109472,NIPPON INDIA CORPORATE BOND FUND - DAILY IDCW Option,17.0900
2026-09-10,109473,NIPPON INDIA CORPORATE BOND FUND - WEEKLY IDCW Option,17.0948
2026-09-10,109501,UTI Ultra Short Term Fund - Regular Plan - Daily IDCW (Reinvestment),1053.0734
2026-09-10,109522,JM Flexi Cap Fund (Regular) - Growth option,99.7004
2026-09-10,109523,JM Flexi Cap Fund (Regular) - IDCW,76.8268
2026-09-10,109716,Nippon India Gilt  Fund -P F Option-Automatic Annual Reinvest Option,32.6751
2026-09-10,109717,Nippon India Gilt  Fund - Institutional Plan-Growth Plan -Growth Option,39.7403
2026-09-10,109720,Nippon India Gilt  Fund -Growth Plan - Growth Option,38.9657
2026-09-10,109721,Nippon India Gilt  Fund -P F Option-Defined Maturity Date Option,38.9657
2026-09-10,109723,NIPPON INDIA GILT  FUND - MONTHLY IDCW Option,10.7057
2026-09-10,109724,Nippon India Gilt  Fund-P F Option-Automatic Capital Appreciation Payout Option,38.9657
2026-09-10,109740,ICICI Prudential Medium to Long Term Fund - Growth,42.2619
2026-09-10,109741,ICICI Prudential Medium to Long Term Fund - IDCW Monthly,11.2996
2026-09-10,109743,ICICI Prudential Medium to Long Term Fund - IDCW Quarterly,11.5010
2026-09-10,109830,quant Flexi Cap Fund - Growth Option - Regular Plan,107.7592
2026-09-10,109831,quant Flexi Cap Fund - IDCW Option - Regular Plan,77.0175
2026-09-10,110282,Aditya Birla Sun Life Banking & PSU Debt Fund  - REGULAR - MONTHLY IDCW,112.3391
2026-09-10,110598,BANK OF INDIA Large & Mid Cap Fund Regular Plan- Quarterly IDCW,33.71
2026-09-10,110599,BANK OF INDIA Large & Mid Cap Fund Eco Plan- Growth,102.61
2026-09-10,110601,BANK OF INDIA Large & Mid Cap Fund Eco Plan-Bonus,102.62
2026-09-10,110603,BANK OF INDIA Large & Mid Cap Fund Regular Plan- Growth,92.57
2026-09-10,110604,BANK OF INDIA Large & Mid Cap Fund Eco Plan-Quarterly IDCW,28.95
2026-09-10,110606,BANK OF INDIA Large & Mid Cap Fund Regular Plan-Bonus,92.56
2026-09-10,110607,BANK OF INDIA Large & Mid Cap Fund Regular Plan- Regular IDCW,27.63
2026-09-10,110608,BANK OF INDIA Large & Mid Cap Fund Eco Plan-Regular IDCW,28.73
2026-09-10,111343,Bandhan 10 year Constant Maturity Gilt Fund - Regular Plan - Weekly IDCW,10.2334
2026-09-10,111521,Aditya Birla Sun Life Dynamic Term Fund -REGULAR - MONTHLY IDCW,10.6856
2026-09-10,111523,BANDHAN Dynamic Term Fund - Regular Plan B - IDCW,13.6776
2026-09-10,111524,BANDHAN Dynamic Term Fund - Regular Plan B - Growth,35.7714
2026-09-10,111525,Bandhan Gilt Fund - Regular Plan - Growth,37.4473
2026-09-10,111527,Bandhan Gilt Fund - Regular Plan - IDCW,14.1121
2026-09-10,111545,ICICI Prudential Floating Interest Rates Fund - Weekly IDCW,102.2928
2026-09-10,111549,Quantum ELSS Tax Saver Fund - Direct Plan Growth Option,122.16
2026-09-10,111550,Quantum ELSS Tax Saver Fund - Direct Plan IDCW,121.37
2026-09-10,111569,BANDHAN ELSS - Tax Saver Fund - Regular Plan - Growth,151.922
2026-09-10,111570,BANDHAN ELSS - Tax Saver Fund - Regular Plan - IDCW,30.685
2026-09-10,111585,BANK OF INDIA Short Term Income Fund-Regular Plan- Growth,28.4431
2026-09-10,111589,BANK OF INDIA Short Term Income Fund-Regular Plan- Monthly IDCW,14.5957
2026-09-10,111590,BANK OF INDIA Short Term Income Fund-Regular Plan- Quarterly IDCW,14.3834
2026-09-10,111599,UTI Multi Asset Allocation Fund - Regular Plan - Growth Option,78.2933
2026-09-10,111602,UTI Multi Asset Allocation Fund - Regular Plan - IDCW,29.2859
2026-09-10,111638,Edelweiss ELSS Tax Saver Fund - Regular Plan - Growth Option,115.01
2026-09-10,111639,Edelweiss ELSS Tax Saver Fund - Regular Plan - IDCW Option,30.78
2026-09-10,111640,Taurus Flexi Cap Fund - Regular Plan - Payout of Income Distribution cum Capital Withdrawal option,116.25
2026-09-10,111642,Taurus Mid Cap Fund - Regular Plan - Payout of Income Distribution cum Capital Withdrawal option,113.78
2026-09-10,111644,Mirae Asset Liquid Fund - Regular Plan - Weekly IDCW,1152.7428
2026-09-10,111645,Mirae Asset Liquid Fund - Regular Plan - Monthly IDCW,1156.1107
2026-09-10,111646,Mirae Asset Liquid Fund - Regular Plan - Growth,2944.1802
2026-09-10,111647,Mirae Asset Liquid Fund - Regular Plan - Daily IDCW,1066.4347
2026-09-10,111675,LIC MF Ultra Short to Short Term Fund-Regular Plan-Weekly IDCW,14.5595
2026-09-10,111676,LIC MF Ultra Short to Short Term Fund-Regular Plan-Daily IDCW,11.2072
2026-09-10,111704,Baroda BNP Paribas LIQUID FUND - Regular Plan - GROWTH OPTION,3228.4070
2026-09-10,111705,Baroda BNP Paribas LIQUID FUND - Regular Plan - WEEKLY IDCW OPTION,1000.9988
2026-09-10,111707,Baroda BNP Paribas LIQUID FUND - Regular Plan - DAILY IDCW OPTION,1001.1996
2026-09-10,111708,BANK OF INDIA ELSS Tax Saver -Regular Plan-IDCW,31.75
2026-09-10,111709,BANK OF INDIA ELSS Tax Saver -ECO Plan-Growth,178.88
2026-09-10,111710,BANK OF INDIA ELSS Tax Saver -Regular Plan- Growth,164.83
2026-09-10,111711,BANK OF INDIA ELSS Tax Saver -ECO Plan-IDCW,29.69
2026-09-10,111712,BANK OF INDIA Conservative Hybrid Fund-Regular Plan-Growth,35.2421
2026-09-10,111713,BANK OF INDIA Conservative Hybrid Fund-Regular Plan-Quarterly IDCW,18.8058
2026-09-10,111714,BANK OF INDIA Conservative Hybrid Fund-Regular Plan-Annual IDCW,17.1079
2026-09-10,111715,BANK OF INDIA Conservative Hybrid Fund-ECO Plan-Growth,36.6312
2026-09-10,111716,BANK OF INDIA Conservative Hybrid Fund-Regular Plan-Monthly IDCW,18.1441
2026-09-10,111717,BANK OF INDIA Conservative Hybrid Fund-ECO Plan-Monthly IDCW,27.7486
2026-09-10,111722,CANARA ROBECO ELSS - TAX SAVER FUND - REGULAR PLAN - GROWTH OPTION,176.0400
2026-09-10,111743,Nippon India Ultra Short to Short Term  Fund - Retail Plan - Growth Plan -Bonus Option,2854.0973
2026-09-10,111744,NIPPON INDIA ULTRA SHORT TO SHORT TERM  FUND - RETAIL Plan - DAILY IDCW Option,1012.2048
2026-09-10,111745,NIPPON INDIA ULTRA SHORT TO SHORT TERM FUND - RETAIL Plan - WEEKLY IDCW Option,1012.3948
2026-09-10,111746,Nippon India Ultra Short to Short Term  Fund -Growth Plan -Bonus Option,2334.0710
2026-09-10,111747,NIPPON INDIA ULTRA SHORT To SHORT TERM FUND - DAILY IDCW Option,1012.2008
2026-09-10,111748,Nippon India Ultra Short to Short Term  Fund - Retail Plan - Growth Plan - Growth Option,3831.1275
2026-09-10,111749,NIPPON INDIA ULTRA SHORT TO SHORT TERM  FUND - MONTHLY IDCW Option,1034.8018
2026-09-10,111750,NIPPON INDIA ULTRA SHORT TO SHORT TERM  FUND - QUARTERLY IDCW Option,1032.0803
2026-09-10,111751,NIPPON ULTRA SHORT TO SHORT TERM  FUND - RETAIL Plan - MONTHLY IDCW Option,1036.7462
2026-09-10,111752,NIPPON INDIA ULTRA SHORT TO SHORT TERM  FUND - RETAIL Plan - QUARTERLY IDCW Option,1032.2035
2026-09-10,111753,Nippon India Ultra Short to Short Term  Fund- Growth Plan - Growth Option,4020.0022
2026-09-10,111754,NIPPON INDIA ULTRA SHORT TO SHORT TERM  FUND - WEEKLY IDCW Option,1012.2029
2026-09-10,111786,DSP Dynamic Term Fund - Regular Plan - IDCW - Daily,1057.1504
2026-09-10,111787,Taurus Ethical Fund - Regular Plan - Growth,125.18
2026-09-10,111788,Taurus Ethical Fund - Regular Plan - Payout of Income Distribution cum Capital Withdrawal option,84.62
2026-09-10,111803,Aditya Birla Sun Life Medium Term Fund- Growth - Regular Plan,43.8342
2026-09-10,111809,Aditya Birla Sun Life Medium Term Fund- REGULAR - Quarterly IDCW,13.7712
2026-09-10,111811,Aditya Birla Sun Life Medium Term Fund- REGULAR - HALFYEARLY IDCW,14.1531
2026-09-10,111812,Aditya Birla Sun Life Medium Term Fund - Regular - IDCW,16.6417
2026-09-10,111903,Taurus Ethical Fund -  Regular Plan - Bonus Option,125.16
2026-09-10,111935,Edelweiss Large Cap Fund -Plan B - Growth option,82.97
2026-09-10,111936,Edelweiss Large Cap Fund - Regular Plan - IDCW Option,25.99
2026-09-10,111937,Edelweiss Large Cap Fund -Plan C - Growth option,81.89
2026-09-10,111938,Edelweiss Large Cap Fund - Plan B - IDCW Option,75.96
2026-09-10,111939,Edelweiss Large Cap Fund - Plan C - IDCW Option,61.95
2026-09-10,111940,Edelweiss Large Cap Fund - Regular Plan - Growth Option,82.47
2026-09-10,111954,SBI Gold ETF,129.5523
2026-09-10,111957,ICICI Prudential Focused Fund - Growth,93.43
2026-09-10,111958,ICICI Prudential Focused Fund - IDCW,27.52
2026-09-10,111962,CANARA ROBECO DYNAMIC TERM FUND - REGULAR PLAN - GROWTH OPTION,29.7439
2026-09-10,111963,CANARA ROBECO DYNAMIC TERM FUND - REGULAR PLAN - IDCW (Payout/Reinvestment),13.2715
2026-09-10,111970,BANK OF INDIA Ultra Short Duration Fund- Regular Plan- Daily IDCW,1004.8953
2026-09-10,111971,BANK OF INDIA Liquid Fund- Regular Plan- Daily IDCW,1005.0000
2026-09-10,111987,ICICI Prudential Corporate Bond Fund - Growth,31.9955
2026-09-10,111991,ICICI Prudential Corporate Bond Fund - Monthly IDCW,10.4039
2026-09-10,111992,ICICI Prudential Corporate Bond Fund -Quarterly IDCW,11.2508
2026-09-10,112012,Edelweiss Aggressive Hybrid Fund- Plan B-Growth Option,64.24
2026-09-10,112013,Edelweiss Aggressive Hybrid Fund  - Plan B - IDCW Option,64.24
2026-09-10,112076,UTI Money Market Fund - Regular Plan - Daily IDCW (Reinvestment),1067.3033
2026-09-10,112077,UTI MMF - Regular Plan - Growth Option,3331.7278
2026-09-10,112083,UTI Ultra Short Term Fund - Discontinued - INSTN GROWTH OPTION,3260.0319
2026-09-10,112087,Aditya Birla Sun Life Arbitrage Fund-Regular - IDCW,11.0598
2026-09-10,112088,Aditya BIRLA SUN LIFE ARBITRAGE FUND - REGULAR PLAN - GROWTH,28.4849
2026-09-10,112089,Kotak Flexi Cap Fund - Payout of Income Distribution cum capital withdrawal option,50.75
2026-09-10,112090,Kotak Flexi Cap Fund - Growth,84.044
2026-09-10,112092,Franklin Build India Fund Growth Plan,140.6753
2026-09-10,112093,Franklin Build India Fund - IDCW,40.0465
2026-09-10,112096,ICICI Prudential Dynamic Term Fund - Growth,39.1627
2026-09-10,112097,ICICI Prudential Dynamic Term Fund - IDCW,24.3535
2026-09-10,112098,Invesco India Large Cap Fund - Regular Plan - Growth,71.64
2026-09-10,112099,Invesco India Large Cap Fund - Regular Plan - IDCW (Payout / Reinvestment),26.54
2026-09-10,112108,Edelweiss Aggressive Hybrid Fund - Regular Plan - Growth Option,64.92
2026-09-10,112109,Edelweiss Aggressive Hybrid Fund - Regular Plan - IDCW Option,25.56
2026-09-10,112117,Edelweiss Balanced Advantage Fund - Regular Plan - Growth Option,53.14
2026-09-10,112118,Edelweiss Balanced Advantage Fund - Regular Plan - Quarterly - IDCW Option,21.35
2026-09-10,112120,Invesco India Money Market Fund - Regular - Growth,2875.8542
2026-09-10,112122,Invesco India Money Market Fund - Regular - Monthly IDCW (Payout / Reinvestment),1527.449
2026-09-10,112123,Invesco India Money Market Fund - Growth,3281.825
2026-09-10,112125,Invesco India Money Market Fund - Monthly IDCW (Payout / Reinvestment),1020.9927
2026-09-10,112152,CANARA ROBECO CONSUMPTION FUND - REGULAR PLAN - GROWTH OPTION,106.0400
2026-09-10,112153,CANARA ROBECO CONSUMPTION FUND - REGULAR PLAN - IDCW (Payout/Reinvestment),43.3200
2026-09-10,112171,Invesco India PSU Equity Fund - Regular Plan - Growth,63.93
2026-09-10,112173,Invesco India PSU Equity Fund - Regular Plan - IDCW (Payout / Reinvestment),39.17
2026-09-10,112210,Axis Liquid Fund - Regular Plan - Growth Option,3130.9453
2026-09-10,112211,Axis Liquid Fund - Regular Plan - Daily IDCW,1001.3998
2026-09-10,112212,Axis Liquid Fund - Regular Plan - Weekly IDCW,1002.5381
2026-09-10,112213,Axis Liquid Fund - Regular Plan - Monthly IDCW,1004.3833
2026-09-10,112214,Axis Treasury Advantage Fund - Regular Plan - Growth Option,3330.1681
2026-09-10,112215,Axis Treasury Advantage Fund - Regular Plan - Daily IDCW,1013.2293
2026-09-10,112216,Axis Treasury Advantage Fund - Regular Plan - Weekly IDCW,1011.9110
2026-09-10,112217,Axis Treasury Advantage Fund - Regular Plan - Monthly IDCW,1013.6778
2026-09-10,112218,Tata Value Fund - Regular Plan - Payout of IDCW-Option A(5%),130.0568
2026-09-10,112277,Axis Large Cap Fund - Regular Plan - Growth,59.23
2026-09-10,112278,Axis Large Cap Fund - Regular Plan - IDCW,17.34
2026-09-10,112322,Axis ELSS Tax Saver Fund - Regular Plan - IDCW,23.7686
2026-09-10,112323,Axis ELSS Tax Saver Fund - Regular Plan - Growth,97.0770
2026-09-10,112327,Bandhan Conservative Hybrid Passive FOF - Regular Plan - Growth,34.8420
2026-09-10,112328,Bandhan Conservative Hybrid Passive FOF - Regular Plan - IDCW,16.8961
2026-09-10,112329,Bandhan Multi-Asset Passive FOF - Regular Plan - Growth,42.0819
2026-09-10,112330,Bandhan Multi-Asset Passive FOF - Regular Plan - IDCW,20.6205
2026-09-10,112331,Bandhan Aggressive Hybrid Passive FOF - Regular Plan - IDCW,27.0761
2026-09-10,112332,Bandhan Aggressive Hybrid Passive FOF - Regular Plan - Growth,49.6134
2026-09-10,112340,NIPPON INDIA LIQUID FUND - QUARTERLY IDCW OPTION,1018.5494
2026-09-10,112341,NIPPON INDIA MONEY MARKET FUND - QUARTERLY IDCW Option,1030.0470
2026-09-10,112342,ICICI Prudential Banking and PSU Debt Fund - Growth,34.9359
2026-09-10,112351,Kotak Nifty 50 ETF,260.8559
2026-09-10,112352,BANDHAN Conservative Hybrid Fund - Regular Plan - IDCW,11.1500
2026-09-10,112353,BANDHAN Conservative Hybrid Fund - Regular Plan - Growth,32.9017
2026-09-10,112354,Axis Short Duration Fund - Regular Plan - Growth Option,33.0930
2026-09-10,112355,Axis Short Duration Fund - Regular Plan - Monthly IDCW,10.0589
2026-09-10,112356,Aditya Birla Sun Life Short Term Fund - REGULAR - Quarterly IDCW,10.4863
2026-09-10,112359,BANK OF INDIA Manufacturing & Infrastructure Fund-Growth,66.51
2026-09-10,112360,BANK OF INDIA Manufacturing & Infrastructure Fund-Quarterly IDCW,43.17
2026-09-10,112361,BANK OF INDIA Manufacturing & Infrastructure Fund-Regular IDCW,42.39
2026-09-10,112368,Invesco India Gold Exchange Traded Fund,132.1297
2026-09-10,112369,Axis Short Duration Fund - Regular Plan - Weekly IDCW,10.3956
2026-09-10,112378,CANARA ROBECO CONSERVATIVE HYBRID FUND - REGULAR PLAN - QUARTERLY IDCW (Payout/Reinvestment),13.4987
2026-09-10,112635,UTI Money Market Fund - Regular Plan - Weekly IDCW,1108.9171
2026-09-10,112636,Navi Liquid Fund-Regular Plan-Growth Option,30.3401
2026-09-10,112645,Navi Liquid Fund - Regular Plan Daily IDCW,10.1104
2026-09-10,112646,Navi Liquid Fund - Regular Plan Weekly IDCW,10.0097
2026-09-10,112647,Navi Liquid Fund - Regular Plan Monthly IDCW,10.0329
2026-09-10,112712,Axis Liquid Fund - Retail Plan - Daily IDCW,1000.9559
2026-09-10,112713,Axis Liquid Fund - Retail Plan - Growth Option,2850.1259
2026-09-10,112714,Axis Liquid Fund - Retail Plan - Monthly IDCW,1003.5394
2026-09-10,112715,Axis Liquid Fund - Retail Plan - Weekly IDCW,1001.3725
2026-09-10,112717,Axis Treasury Advantage Fund - Retail Plan - Growth Option,3122.2192
2026-09-10,112718,Axis Treasury Advantage Fund - Retail Plan - Monthly IDCW,1013.6765
2026-09-10,112719,Axis Treasury Advantage Fund - Retail Plan - Weekly IDCW,1011.9104
2026-09-10,112720,Axis Treasury Advantage Fund - Retail Plan - Daily IDCW,1012.4546
2026-09-10,112721,Axis Short Duration Fund - Retail Plan - Growth Option,32.7103
2026-09-10,112722,Axis Short Duration Fund - Retail Plan - Weekly IDCW,10.2259
2026-09-10,112723,Axis Short Duration Fund - Retail Plan - Monthly IDCW,10.0362
2026-09-10,112868,Sundaram Conservative Hybrid Fund (Formerly Known as Sundaram Debt Oriented Hybrid Fund) Regular Plan - Growth,29.3626
2026-09-10,112870,Sundaram Conservative Hybrid Fund (Formerly Known as Sundaram Debt Oriented Hybrid Fund) Regular Plan -Income Distribution cum Capital Withdrawal (IDCW),18.3363
2026-09-10,112877,BANDHAN Nifty 50 Index Fund - Regular Plan - Growth,50.8070
2026-09-10,112878,BANDHAN Nifty 50 Index Fund - Regular Plan - IDCW,46.1135
2026-09-10,112901,DSP Focused Fund - Regular Plan - Growth,54.5610
2026-09-10,112923,SBI PSU Fund - Regular Plan - Income Distribution cum Capital Withdrawal Option (IDCW),34.0553
2026-09-10,112924,Axis Conservative Hybrid Fund - Regular Plan - Growth Option,30.4425
2026-09-10,112925,Axis Conservative Hybrid Fund - Regular Plan - Quarterly IDCW,10.3771
2026-09-10,112926,Axis Conservative Hybrid Fund - Regular Plan - Half Yearly IDCW,12.7288
2026-09-10,112927,Axis Conservative Hybrid Fund - Regular Plan - Annual IDCW,13.6855
2026-09-10,112931,Mirae Asset Large & Midcap Fund - Regular Plan - IDCW,47.989
2026-09-10,112932,Mirae Asset Large & Midcap Fund - Regular Plan - Growth,156.023
2026-09-10,112936,Nippon India Aggressive Hybrid Fund - Growth Plan,105.8050
2026-09-10,112937,NIPPON INDIA AGGRESSIVE HYBRID FUND - IDCW Option,26.4374
2026-09-10,112938,Nippon India Credit Risk Fund  - Growth Plan,38.1570
2026-09-10,112939,Nippon India Credit Risk Fund  - Institutional Growth Plan,40.2155
2026-09-10,112941,NIPPON INDIA CREDIT RISK FUND - QUARTERLY IDCW Option,13.2168
2026-09-10,112942,NIPPON INDIA FLOATING INTEREST RATES  FUND - QUARTERLY IDCW Option,11.0975
2026-09-10,112948,Taurus Nifty 50 Index Fund - Regular Plan - Growth,44.6624
2026-09-10,112949,Taurus Nifty 50 Index Fund - Regular Plan - Payout of Income Distribution cum Capital Withdrawal option,28.4759
2026-09-10,112957,ICICI Prudential Nifty Next 50 Index Fund - Growth,63.7908
2026-09-10,112958,ICICI Prudential Nifty Next 50 Index Fund -IDCW,63.7900
2026-09-10,113032,DSP Focused Fund - Regular Plan - IDCW,20.1370
2026-09-10,113036,Baroda BNP Paribas Short Term Fund - Regular Plan - Growth Option,31.0968
2026-09-10,113037,Baroda BNP Paribas Short Term Fund - Regular Plan - Monthly IDCW Option,10.1718
2026-09-10,113047,HDFC Short Term Fund - Growth Option,34.2276
2026-09-10,113048,HDFC Short Term Fund - Fortnightly IDCW Option,10.2062
2026-09-10,113049,HDFC Gold ETF - Growth Option,129.8157
2026-09-10,113064,Axis Multi Asset Allocation Fund - Regular Plan - Growth Option,45.1701
2026-09-10,113065,Axis Multi Asset Allocation Fund - Regular Plan - Monthly IDCW,19.5017
2026-09-10,113069,Motilal Oswal Nifty 50 ETF,246.0929
2026-09-10,113070,HDFC Corporate Bond Fund - Growth Option,34.4334
2026-09-10,113071,HDFC Corporate Bond Fund - Quarterly IDCW Option,10.5964
2026-09-10,113076,ICICI Prudential Gold ETF,130.1219
2026-09-10,113077,UTI Dynamic Term Fund - Regular Plan - Growth Option,32.4555
2026-09-10,113078,UTI Dynamic Term Fund - Regular Plan - Discontinued Quarterly IDCW,17.6717
2026-09-10,113097,ICICI Prudential Conservative Hybrid Fund - Plan - Quarterly IDCW,11.9660
2026-09-10,113098,ICICI Prudential Conservative Hybrid Fund - Plan - Half Yearly IDCW,12.7251
2026-09-10,113099,SBI PSU Fund - REGULAR PLAN -Growth,34.0593
2026-09-10,113134,Tata Aggressive Hybrid Fund- Regular Plan - Monthly Payout of IDCW Option,79.4684
2026-09-10,113137,ICICI Prudential Medium Term Fund - Quarterly IDCW,11.0632
2026-09-10,113144,CANARA ROBECO ULTRA SHORT TO SHORT TERM FUND - REGULAR PLAN - MONTHLY IDCW (Payout/Reinvestment),10.2961
2026-09-10,113153,DSP Small Cap Fund - Regular - IDCW,63.7060
2026-09-10,113169,Bandhan Medium Term Fund - Regular Plan - Quarterly IDCW,11.2506
2026-09-10,113177,Nippon India Small Cap Fund - Growth Plan - Growth Option,185.3413
2026-09-10,113178,Nippon India Small Cap Fund - Growth Plan - Bonus Option,185.3413
2026-09-10,113179,NIPPON INDIA SMALL CAP FUND - IDCW Option,95.2710
2026-09-10,113218,ICICI Prudential Dynamic Term Fund - Annual IDCW,10.9838
2026-09-10,113221,CANARA ROBECO LARGE CAP FUND - REGULAR PLAN - GROWTH OPTION,60.5600
2026-09-10,113222,CANARA ROBECO LARGE CAP FUND - REGULAR PLAN - IDCW (Payout/Reinvestment),27.9700
2026-09-10,113269,Nippon India Index Fund - BSE Sensex Plan - Growth Plan - Growth Option,38.3484
2026-09-10,113270,Nippon India Index Fund - BSE Sensex Plan - Growth Plan - Bonus Option,38.3484
2026-09-10,113271,NIPPON INDIA INDEX FUND - BSE SENSEX PLAN - QUARTERLY - IDCW Option,30.2307
2026-09-10,113294,NIPPON INDIA INDEX FUND - BSE SENSEX PLAN - HALF YEARLY - IDCW Option,30.2374
2026-09-10,113295,NIPPON INDIA INDEX FUND - BSE SENSEX PLAN - ANNUAL - IDCW Option,30.2270
2026-09-10,113296,Nippon India Index Fund - Nifty 50 Plan - Growth Plan - Growth Option,40.1240
2026-09-10,113297,Nippon India Index Fund - Nifty 50 Plan - Growth Plan - Bonus Option,40.1240
2026-09-10,113298,NIPPON INDIA INDEX FUND - NIFTY 50 PLAN - QUARTERLY - IDCW Option,31.6427
2026-09-10,113299,NIPPON INDIA INDEX FUND - NIFTY 50 PLAN - HALF YEARLY - IDCW Option,31.6441
2026-09-10,113300,NIPPON INDIA INDEX FUND - NIFTY 50 PLAN - ANNUAL - IDCW Option,31.5390
2026-09-10,113307,Aditya Birla Sun Life Ultra Short to Short Term Fund -Regular - DAILY IDCW,99.9947
2026-09-10,113345,Nippon India Arbitrage Fund - Growth Plan - Growth Option,28.4564
2026-09-10,113346,NIPPON INDIA ARBITRAGE FUND - IDCW Option,17.0538
2026-09-10,113361,BANDHAN Conservative Hybrid Fund - Regular Plan - Quarterly IDCW,13.5253
2026-09-10,113403,ICICI Prudential Dynamic Term Fund - Quarterly IDCW,11.9532
2026-09-10,113434,Axis Gold ETF,126.5597
2026-09-10,114239,ICICI Prudential Credit Risk Fund - Growth,34.8863
2026-09-10,114240,ICICI Prudential Credit Risk Fund - Quarterly IDCW,11.2073
2026-09-10,114297,SBI Overnight Fund - Regular Plan - Daily Income Distribution cum Capital Withdrawal Option (IDCW),1383.7621
2026-09-10,114348,SBI Money Market Fund - Regular Plan Daily Income Distribution cum Capital Withdrawal Option (IDCW),14.5237
2026-09-10,114359,Invesco India Ultra Short Term Fund - Regular Plan - Growth,2901.1553
2026-09-10,114360,Invesco India Ultra Short Term Fund - Regular Plan - Quarterly IDCW (Payout / Reinvestment),1126.1884
2026-09-10,114361,Invesco India Ultra Short Term Fund - Regular Plan - Annual IDCW (Payout / Reinvestment),1159.5488
2026-09-10,114362,Invesco India Ultra Short Term Fund - Regular Plan - Monthly IDCW (Payout / Reinvestment),1014.1232
2026-09-10,114456,Motilal Oswal Nifty Midcap 100 ETF,67.3372
2026-09-10,114457,Kotak Large Cap Fund - Payout of Income Distribution cumcapital withdrawal option,71.895
2026-09-10,114458,Kotak Large Cap Fund - Growth,556.967
2026-09-10,114476,BANDHAN Infrastructure Fund - Regular Plan - Growth,48.508
2026-09-10,114477,BANDHAN Infrastructure Fund - Regular Plan - IDCW,36.152
2026-09-10,114564,Axis Midcap Fund - Regular Plan - Growth,122.29
2026-09-10,114565,Axis Midcap Fund - Regular Plan - IDCW,41.69
2026-09-10,114616,Nippon India Gold Savings Fund-Growth plan- Growth Option,58.0269
2026-09-10,114617,NIPPON INDIA GOLD SAVINGS FUND - IDCW Option,58.0269
2026-09-10,114757,Kotak Gold Fund Payout of Income Distribution cum capital withdrawal option,58.2665
2026-09-10,114758,Kotak Gold Fund Growth,58.2676
2026-09-10,114858,Kotak Conservative Hybrid Fund - Monthly Payout of Income Distribution cum capital withdrawal option,12.1502
2026-09-10,114859,Kotak Conservative Hybrid Fund - Growth,59.7112
2026-09-10,114930,Mirae Asset Great Consumer Fund - Regular Plan - IDCW,25.773
2026-09-10,114931,Mirae Asset Great Consumer Fund - Regular Plan - Growth,91.990
2026-09-10,115068,Axis Dynamic Bond Fund - Regular Plan - Growth Option,31.5700
2026-09-10,115069,Axis Dynamic Bond Fund - Regular Plan - Quarterly IDCW,11.5702
2026-09-10,115077,CANARA ROBECO SHORT TERM FUND - REGULAR PLAN - GROWTH OPTION,26.9642
2026-09-10,115078,CANARA ROBECO SHORT TERM FUND - REGULAR PLAN - MONTHLY IDCW (Payout/Reinvestment),15.8108
2026-09-10,115079,CANARA ROBECO SHORT TERM FUND - REGULAR PLAN - QUARTERLY IDCW (Payout/Reinvestment),15.5361
2026-09-10,115091,ICICI Prudential Ultra Short Term Fund - Quarterly IDCW,10.9557
2026-09-10,115092,ICICI Prudential Ultra Short Term Fund - Growth,29.8481
2026-09-10,115094,ICICI Prudential Ultra Short Term Fund - Monthly IDCW,10.6799
2026-09-10,115127,Aditya Birla Sun Life Gold ETF,133.6662
2026-09-10,115131,Axis Dynamic Bond Fund - Regular Plan - Half Yearly IDCW,12.0034
2026-09-10,115132,Quantum Gold ETF FOF - Direct Plan Growth Option,58.4144
2026-09-10,115270,Union Flexi Cap Fund - Growth Option,52.52
2026-09-10,115284,Invesco India Nifty 50 Exchange Traded Fund,269.5523
2026-09-10,115290,Union Flexi Cap Fund - IDCW Option,29.27
2026-09-10,115398,Union Liquid Fund - Growth Option,2703.7877
2026-09-10,115399,Union Liquid Fund - Fortnightly IDCW Option,1004.1712
2026-09-10,115400,Union Liquid Fund - Monthly IDCW Option,1003.6550
2026-09-10,115401,Union Liquid Fund - Daily IDCW Option,1001.4576
2026-09-10,115402,Union Liquid Fund - Weekly IDCW Option,1001.9550
2026-09-10,115458,Invesco India Ultra Short to Short Term Fund - Discretionary IDCW (Payout / Reinvestment),4156.0871
2026-09-10,115464,Tata Treasury Advantage Fund Regular Plan - Periodic Payout of IDCW Option,2679.8047
2026-09-10,115483,UTI Ultra Short to Short Term Fund - Regular Plan - Quarterly IDCW,1456.708
2026-09-10,115489,BANDHAN LIQUID Fund - Regular Plan - Periodic IDCW,1463.9907
2026-09-10,115505,ICICI Prudential Liquid Fund - IDCW Others,193.2473
2026-09-10,115510,ICICI Prudential Floating Interest Rates Fund - IDCW Others,201.7920
2026-09-10,115511,ICICI Prudential Ultra Short to Short Term Fund - IDCW Others,196.8012
2026-09-10,115512,Aditya Birla Sun Life Nifty 50 ETF,27.5566
2026-09-10,115515,Invesco India Money Market Fund - Daily IDCW (Reinvestment),1000.2353
2026-09-10,115676,SBI GOLD FUND REGULAR PLAN - GROWTH,44.4660
2026-09-10,115677,SBI Gold Fund - Regular Plan - Income Distribution cum Capital Withdrawal Option (IDCW),44.4727
2026-09-10,115833,ICICI Prudential Gold ETF FOF - Growth,46.9588
2026-09-10,115834,ICICI Prudential Gold ETF FOF - IDCW,46.9597
2026-09-10,115874,Bandhan Income Plus Arbitrage Active FOF - Regular Plan - Fortnightly IDCW,12.1483
2026-09-10,115897,Axis Gold Fund - Regular Plan - Growth Option,44.0988
2026-09-10,115898,Axis Gold Fund - Regular Plan - IDCW,44.1538
2026-09-10,115934,HDFC Gold ETF Fund of Fund - Growth Option,45.3238
2026-09-10,115942,Tata Retirement Savings Fund - Progressive Plan -Regular Plan-Growth Option,69.3385
2026-09-10,115943,Tata Retirement Savings Fund- Moderate Plan-Regular Plan-Growth Option,68.3684
2026-09-10,115944,Tata Retirement Savings Fund- Conservative Plan-Regular Plan-Growth Option,32.9914
2026-09-10,115991,Groww Liquid Fund (formerly known as Indiabulls Liquid Fund) - Regular Plan - Growth Option,2717.1194
2026-09-10,115992,Groww Liquid Fund (formerly known as Indiabulls Liquid Fund)- Regular Plan- - Income Distribution cum capital withdrawal Option (Reinvestment),1002.0894
2026-09-10,115993,Groww Liquid Fund (formerly known as Indiabulls Liquid Fund)- Regular Plan- Weekly - Income Distribution cum capital withdrawal Option (Payout & Reinvestment),1002.2312
2026-09-10,115994,Groww Liquid Fund (formerly known as Indiabulls Liquid) Fund- Regular Plan- Fortnightly - Income Distribution cum capital withdrawal Option (Payout & Reinvestment),1001.7664
2026-09-10,115995,Groww Liquid Fund (formerly known as Indiabulls Liquid Fund)- Regular Plan- Monthly - Income Distribution cum capital withdrawal Option (Payout & Reinvestment),1003.4074
2026-09-10,116020,BANDHAN Ultra Short to Short Term Fund - Regular Plan - Periodic IDCW,13.7489
2026-09-10,116051,Union ELSS Tax Saver Fund - Growth Option,65.43
2026-09-10,116052,Union ELSS Tax Saver Fund - IDCW Option,36.58
2026-09-10,116075,Invesco India Gold ETF Fund of Fund - Regular Plan - IDCW (Payout / Reinvestment),42.6669
2026-09-10,116077,Invesco India Gold ETF Fund of Fund - Regular Plan - Growth,42.6621
2026-09-10,116109,Invesco India Corporate Bond Fund - Regular Plan - Discretionary IDCW (Payout / Reinvestment),3539.985
2026-09-10,116110,Invesco India Short Term Fund- Regular Plan - Discretionary IDCW (Payout / Reinvestment),2818.981
2026-09-10,116174,ICICI Prudential Banking and PSU Debt Fund - Quarterly IDCW,11.0450
2026-09-10,116413,BANDHAN Ultra Short to Short Term Fund - Regular Plan - Quarterly IDCW,11.2959
2026-09-10,116470,Axis Gilt Fund - Regular Plan - Regular IDCW,9.9503
2026-09-10,116471,Axis Gilt Fund - Regular Plan - Growth Option,26.5979
2026-09-10,116472,Axis Gilt Fund - Regular Plan - Half Yearly IDCW,12.0384
2026-09-10,116484,PGIM India Dynamic Term Fund - Dividend Option - Quarterly,1043.8256
2026-09-10,116485,PGIM India Dynamic Term Fund - Growth Option,2703.935
2026-09-10,116488,Invesco India Money Market Fund - Regular Plan - Daily IDCW (Reinvestment),1008.5322
2026-09-10,116547,Groww Largecap Fund (formerly known as Indiabulls Blue Chip Fund) - Regular Plan- Growth Option,42.34
2026-09-10,116548,Groww Largecap Fund (formerly known as Indiabulls Bluechip Fund)- Regular Plan- - Income Distribution cum capital withdrawal Option (Payout & Reinvestment),23.86
2026-09-10,116555,Union Dynamic Term Fund - Growth Option,23.4579
2026-09-10,116556,Union Dynamic Term Fund - IDCW Option,15.6394
2026-09-10,116653,Invesco India Money Market Fund - Discretionary IDCW (Payout / Reinvestment),3285.1608
2026-09-10,116795,Aditya Birla Sun Life Gold Fund-REGULAR - IDCW,44.1165
2026-09-10,116796,Aditya Birla Sun Life Gold Fund-Growth,44.1186
2026-09-10,116894,Axis Strategic Bond Fund - Regular Plan - Growth Option,30.1760
2026-09-10,116895,Axis Strategic Bond Fund - Regular Plan - Quarterly IDCW,10.2757
2026-09-10,116896,Axis Strategic Bond Fund - Regular Plan - Half Yearly IDCW,10.6197
2026-09-10,117061,DSP Credit Risk Fund - Regular Plan - IDCW - Monthly,11.2838
2026-09-10,117062,DSP Credit Risk Fund - Regular Plan - IDCW - Quarterly,11.5960
2026-09-10,117063,DSP Ultra Short Term Fund - Regular Plan - IDCW - Monthly,1083.1685
2026-09-10,117312,Taurus Banking & Financial Services Fund - Regular Plan - Growth,52.13
2026-09-10,117313,Taurus Banking & Financial Services Fund - Regular Plan - Payout of Income Distribution cum Capital Withdrawal option,46.67
2026-09-10,117446,Axis Banking & PSU Debt Fund - Regular Plan - Growth option,2802.1020
2026-09-10,117447,Axis Banking & PSU Debt Fund - Regular Plan - Daily IDCW,1038.0583
2026-09-10,117448,Axis Banking & PSU Debt Fund - Regular Plan - Weekly IDCW,1037.6556
2026-09-10,117449,Axis Banking & PSU Debt Fund - Regular Plan - Monthly IDCW,1035.0722
2026-09-10,117547,Baroda BNP Paribas Banking and Financial Services Fund - Regular - IDCW Option,20.2881
2026-09-10,117549,Baroda BNP Paribas Banking and Financial Services Fund - Regular - Growth Option,49.4731
2026-09-10,117559,Axis Focused Fund - Regular Plan - IDCW,18.53
2026-09-10,117560,Axis Focused Fund - Regular Plan - Growth Option,56.19
2026-09-10,117715,Kotak Credit Risk Fund - Regular Plan - Standard Income Distribution cum capital withdrawal option,13.8999
2026-09-10,117716,Kotak Credit Risk Fund - Growth,31.9621
2026-09-10,117867,Bandhan Income Plus Arbitrage Active FOF - Regular Plan - Weekly IDCW,12.4040
2026-09-10,117868,Bandhan Income Plus Arbitrage Active FOF - Regular Plan - Daily IDCW,12.3727
2026-09-10,117973,Invesco India Short Term Fund - Regular Plan - Daily IDCW (Reinvestment),1035.3873
2026-09-10,117974,NIPPON INDIA DYNAMIC TERM FUND - QUARTERLY IDCW Option,10.3647
2026-09-10,117981,UTI Credit Risk Fund  - Regular Plan - Growth Option,18.3502
2026-09-10,117982,UTI Credit Risk Fund - Regular Plan - Discontinued Quarterly IDCW,13.0345
2026-09-10,117995,DSP Ultra Short Term Fund - Regular Plan - IDCW - Payout,1134.7985
2026-09-10,117998,Kotak Dynamic Term Fund Regular Plan - Standard Income Distribution cum capital withdrawal option,14.9197
2026-09-10,118211,SBI Credit Risk Fund - Regular Plan - Daily Income Distribution cum Capital Withdrawal Option (IDCW),16.5061
2026-09-10,118232,Invesco India Banking and PSU Debt Fund - Regular Plan - Growth Option,2404.9039
2026-09-10,118233,Invesco India Banking and PSU Debt Fund - Regular Plan - Monthly IDCW (Payout / Reinvestment),1064.4888
2026-09-10,118234,Invesco India Banking and PSU Debt Fund - Regular Plan - Daily IDCW (Reinvestment),1050.6661
2026-09-10,118267,CANARA ROBECO INFRASTRUCTURE FUND - DIRECT PLAN - GROWTH OPTION,190.2200
2026-09-10,118268,CANARA ROBECO INFRASTRUCTURE FUND - DIRECT PLAN - IDCW (Payout/Reinvestment),86.2600
2026-09-10,118269,CANARA ROBECO LARGE CAP FUND - DIRECT PLAN - GROWTH OPTION,70.9000
2026-09-10,118270,CANARA ROBECO LARGE CAP FUND - DIRECT PLAN - IDCW (Payout/Reinvestment),51.6700
2026-09-10,118271,CANARA ROBECO AGGRESSIVE HYBRID FUND - DIRECT PLAN - MONTHLY IDCW (Payout/Reinvestment),129.2500
2026-09-10,118272,CANARA ROBECO AGGRESSIVE HYBRID FUND - DIRECT PLAN - GROWTH OPTION,418.2000
2026-09-10,118273,CANARA ROBECO CONSUMPTION FUND - DIRECT PLAN - GROWTH OPTION,123.6700
2026-09-10,118274,CANARA ROBECO CONSUMPTION FUND - DIRECT PLAN - IDCW (Payout/Reinvestment),80.2600
2026-09-10,118275,CANARA ROBECO FLEXI CAP FUND - DIRECT PLAN - GROWTH OPTION,385.1700
2026-09-10,118276,CANARA ROBECO FLEXI CAP FUND - DIRECT PLAN - IDCW (Payout/Reinvestment),90.9200
2026-09-10,118277,CANARA ROBECO LARGE AND MID CAP FUND - DIRECT PLAN - IDCW (Payout/Reinvestment),127.9500
2026-09-10,118278,CANARA ROBECO LARGE AND MID CAP FUND - DIRECT PLAN - GROWTH OPTION,296.4800
2026-09-10,118281,CANARA ROBECO MEDIUM TO LONG TERM FUND - DIRECT PLAN - QUARTERLY IDCW (Payout/Reinvestment),16.9214
2026-09-10,118282,CANARA ROBECO MEDIUM TO LONG TERM FUND - DIRECT PLAN - GROWTH OPTION,64.7369
2026-09-10,118283,CANARA ROBECO DYNAMIC TERM FUND - DIRECT PLAN - IDCW (Payout/Reinvestment),14.9943
2026-09-10,118284,CANARA ROBECO DYNAMIC TERM FUND - DIRECT PLAN - GROWTH OPTION,33.2225
2026-09-10,118285,CANARA ROBECO ELSS - TAX SAVER FUND - DIRECT PLAN - GROWTH OPTION,199.2900
2026-09-10,118286,CANARA ROBECO ELSS - TAX SAVER FUND - DIRECT PLAN - IDCW (Payout),77.2700
2026-09-10,118291,CANARA ROBECO ULTRA SHORT TO SHORT TERM FUND - DIRECT PLAN - GROWTH OPTION,46.7359
2026-09-10,118292,CANARA ROBECO ULTRA SHORT TO SHORT TERM FUND - DIRECT PLAN - IDCW (Payout/Reinvestment),38.8310
2026-09-10,118293,CANARA ROBECO ULTRA SHORT TO SHORT TERM FUND - DIRECT PLAN - DAILY IDCW (Reinvestment),10.2583
2026-09-10,118294,CANARA ROBECO ULTRA SHORT TO SHORT TERM  FUND - DIRECT PLAN - WEEKLY IDCW (Payout/Reinvestment),10.2582
2026-09-10,118295,CANARA ROBECO ULTRA SHORT TO SHORT TERM FUND - DIRECT PLAN - MONTHLY IDCW (Payout/Reinvestment),10.2971
2026-09-10,118298,CANARA ROBECO GILT FUND - DIRECT PLAN - IDCW (Payout/Reinvestment),16.2683
2026-09-10,118299,CANARA ROBECO GILT FUND - DIRECT PLAN - GROWTH OPTION,83.6389
2026-09-10,118304,CANARA ROBECO LIQUID FUND - DIRECT PLAN - IDCW (Payout/Reinvestment),2265.9197
2026-09-10,118305,CANARA ROBECO LIQUID FUND - DIRECT PLAN - GROWTH OPTION,3404.3802
2026-09-10,118306,CANARA ROBECO LIQUID FUND - DIRECT PLAN - MONTHLY IDCW (Payout/Reinvestment),1003.4423
2026-09-10,118307,CANARA ROBECO LIQUID FUND - DIRECT PLAN - DAILY IDCW (Reinvestment),1005.5000
2026-09-10,118308,CANARA ROBECO LIQUID FUND - DIRECT PLAN - WEEKLY IDCW (Payout/Reinvestment),1000.8036
2026-09-10,118309,CANARA ROBECO CONSERVATIVE HYBRID FUND - DIRECT PLAN - GROWTH OPTION,115.9057
2026-09-10,118310,CANARA ROBECO CONSERVATIVE HYBRID FUND - DIRECT PLAN - QUARTERLY IDCW (Payout/Reinvestment),16.2352
2026-09-10,118311,CANARA ROBECO CONSERVATIVE HYBRID FUND - DIRECT PLAN - MONTHLY IDCW (Payout/Reinvestment),15.9817
2026-09-10,118315,CANARA ROBECO ULTRA SHORT TERM FUND - DIRECT PLAN - DAILY IDCW (Reinvestment),1240.5441
2026-09-10,118316,CANARA ROBECO ULTRA SHORT TERM FUND - DIRECT PLAN - WEEKLY IDCW (Payout/Reinvestment),1240.5441
2026-09-10,118317,CANARA ROBECO ULTRA SHORT TERM FUND - DIRECT PLAN - GROWTH OPTION,4362.4794
2026-09-10,118318,CANARA ROBECO ULTRA SHORT TERM FUND - DIRECT PLAN - MONTHLY IDCW (Payout/Reinvestment),1004.3358
2026-09-10,118319,CANARA ROBECO ULTRA SHORT TERM FUND - DIRECT PLAN - IDCW (Payout/Reinvestment),2321.9151
2026-09-10,118320,CANARA ROBECO SHORT TERM FUND - DIRECT PLAN - GROWTH OPTION,29.6374
2026-09-10,118321,CANARA ROBECO SHORT TERM FUND - DIRECT PLAN - MONTHLY IDCW (Payout/Reinvestment),18.5141
2026-09-10,118322,CANARA ROBECO SHORT TERM FUND - DIRECT PLAN - QUARTERLY IDCW (Payout/Reinvestment),17.3874
2026-09-10,118363,BANDHAN LIQUID Fund -Direct Plan-Periodic IDCW,1381.8052
2026-09-10,118364,BANDHAN LIQUID Fund -Direct Plan-Growth,3429.9325
2026-09-10,118365,BANDHAN LIQUID Fund -Direct Plan -Monthly IDCW,1009.5409
2026-09-10,118366,BANDHAN LIQUID Fund -Direct Plan-Daily IDCW,1001.6663
2026-09-10,118367,BANDHAN LIQUID Fund -Direct Plan -Weekly IDCW,1007.9868
2026-09-10,118368,BANDHAN Ultra Short to Short Term Fund-Direct Plan-Daily IDCW,10.1111
2026-09-10,118369,BANDHAN Ultra Short to Short Term Fund-Direct Plan-Quarterly IDCW,11.2436
2026-09-10,118370,BANDHAN Ultra Short to Short Term Fund-Direct Plan-Periodic IDCW,13.9451
2026-09-10,118371,BANDHAN Ultra Short to Short Term Fund-Direct Plan-Growth,42.5728
2026-09-10,118372,BANDHAN Ultra Short to Short Term Fund-Direct Plan-Monthly IDCW,10.1534
2026-09-10,118373,BANDHAN Ultra Short to Short Term Fund-Direct Plan-Weekly IDCW,10.1067
2026-09-10,118383,Bandhan Money Market Fund -Direct Plan-Daily IDCW,10.0990
2026-09-10,118384,Bandhan Money Market Fund -Direct Plan-Growth,47.2571
2026-09-10,118385,Bandhan Money Market Fund -Direct Plan-Monthly IDCW,10.2206
2026-09-10,118386,Bandhan Money Market Fund -Direct Plan-Weekly IDCW,10.1071
2026-09-10,118387,Bandhan 10 year Constant Maturity Gilt Fund - Direct Plan - Growth,49.3110
2026-09-10,118388,Bandhan 10 year Constant Maturity Gilt Fund - Direct Plan - Quarterly IDCW,11.8932
2026-09-10,118389,Bandhan 10 year Constant Maturity Gilt Fund - Direct Plan - Weekly IDCW,17.8082
2026-09-10,118390,Bandhan 10 year Constant Maturity Gilt Fund - Direct Plan - Monthly IDCW,10.4244
2026-09-10,118393,Bandhan Medium to Long Term Fund - Direct Plan - Annual IDCW,16.4071
2026-09-10,118394,Bandhan Medium to Long Term Fund - Direct Plan - Growth,74.9768
2026-09-10,118395,Bandhan Medium to Long Term Fund - Direct Plan - Half Yearly IDCW,13.1631
2026-09-10,118396,Bandhan Medium to Long Term Fund - Direct Plan - Quarterly IDCW,12.7774
2026-09-10,118399,Bandhan Medium Term Fund - Direct Plan - Bi Monthly IDCW,10.6254
2026-09-10,118400,Bandhan Medium Term Fund - Direct Plan - Daily IDCW,10.4165
2026-09-10,118401,Bandhan Medium Term Fund - Direct Plan - Growth,53.3523
2026-09-10,118402,Bandhan Medium Term Fund - Direct Plan - Monthly IDCW,10.4858
2026-09-10,118403,Bandhan Medium Term Fund - Direct Plan - Quarterly IDCW,11.4672
2026-09-10,118405,Bandhan Short Term Fund - Direct Plan - Fortnightly IDCW,10.3717
2026-09-10,118406,Bandhan Short Term Fund - Direct Plan - Monthly IDCW,10.4038
2026-09-10,118407,Bandhan Short Term Fund - Direct Plan - Growth,65.9105
2026-09-10,118408,Bandhan Income Plus Arbitrage Active FOF - Direct Plan - Annual IDCW,15.1623
2026-09-10,118409,Bandhan Income Plus Arbitrage Active FOF - Direct Plan - Daily IDCW,12.4404
2026-09-10,118410,Bandhan Income Plus Arbitrage Active FOF - Direct Plan - Growth,49.3742
2026-09-10,118411,Bandhan Income Plus Arbitrage Active FOF - Direct Plan - Half Yearly IDCW,16.3897
2026-09-10,118412,Bandhan Income Plus Arbitrage Active FOF - Direct Plan - Weekly IDCW,12.4695
2026-09-10,118413,Bandhan Income Plus Arbitrage Active FOF - Direct Plan - Quarterly IDCW,13.0443
2026-09-10,118414,Bandhan Income Plus Arbitrage Active FOF - Direct Plan - Fortnightly IDCW,12.3863
2026-09-10,118415,BANDHAN Dynamic Term Fund-Direct Plan-Annual IDCW,12.1262
2026-09-10,118416,BANDHAN Dynamic Term Fund-Direct Plan-Growth,40.1694
2026-09-10,118417,BANDHAN Dynamic Term Fund-Direct Plan-IDCW,17.2456
2026-09-10,118418,BANDHAN Dynamic Term Fund-Direct Plan-Quarterly IDCW,13.6321
2026-09-10,118419,Bandhan Large & Mid Cap Fund - Direct Plan - Growth,165.447
2026-09-10,118420,Bandhan Large & Mid Cap Fund - Direct Plan - IDCW,36.805
2026-09-10,118421,Bandhan Focused Fund - Direct Plan - Growth,109.670
2026-09-10,118422,Bandhan Focused Fund - Direct Plan - IDCW,35.121
2026-09-10,118423,BANDHAN Flexi Cap Fund-Direct Plan-IDCW,50.818
2026-09-10,118424,BANDHAN Flexi Cap Fund-Direct Plan-Growth,227.894
2026-09-10,118462,Franklin India Large Cap Fund - Direct - IDCW,49.0875
2026-09-10,118463,Bandhan Gilt Fund - Direct Plan - IDCW,15.7248
2026-09-10,118464,Bandhan Gilt Fund - Direct Plan - Growth,40.7836
2026-09-10,118465,Bandhan Gilt Fund - Direct Plan - Half Yearly IDCW,12.6908
2026-09-10,118466,Bandhan Gilt Fund - Direct Plan - Quarterly IDCW,11.6646
2026-09-10,118467,Bandhan Gilt Fund - Direct Plan - Annual IDCW,12.6916
2026-09-10,118468,BANDHAN Infrastructure Fund-Direct Plan-IDCW,44.720
2026-09-10,118469,BANDHAN Infrastructure Fund-Direct Plan-Growth,57.493
2026-09-10,118472,BANDHAN ELSS - Tax Saver Fund - Direct Plan - IDCW,40.888
2026-09-10,118473,BANDHAN ELSS - Tax Saver Fund - Direct Plan - Growth,176.687
2026-09-10,118474,BANDHAN Arbitrage Fund-Direct Plan- Growth,37.8756
2026-09-10,118475,BANDHAN Arbitrage Fund-Direct Plan-Monthly IDCW,10.7861
2026-09-10,118476,BANDHAN Equity Savings Fund-Direct Plan-Monthly IDCW,11.485
2026-09-10,118477,BANDHAN Equity Savings Fund-Direct Plan-Growth,36.419
2026-09-10,118478,BANDHAN Large Cap Fund-Direct Plan-IDCW,28.424
2026-09-10,118479,BANDHAN Large Cap Fund-Direct Plan-Growth,90.305
2026-09-10,118480,Bandhan Value Fund - Direct Plan - IDCW,48.051
2026-09-10,118481,Bandhan Value Fund - Direct Plan - Growth,166.372
2026-09-10,118482,BANDHAN Nifty 50 Index Fund-Direct Plan-Growth,52.6130
2026-09-10,118483,BANDHAN Nifty 50 Index Fund-Direct Plan-IDCW,47.8194
2026-09-10,118484,Bandhan Aggressive Hybrid Passive FOF - Direct Plan - IDCW,37.1286
2026-09-10,118485,Bandhan Aggressive Hybrid Passive FOF - Direct Plan - Growth,53.9343
2026-09-10,118486,Bandhan Conservative Hybrid Passive FOF - Direct Plan - Growth,37.4876
2026-09-10,118487,Bandhan Conservative Hybrid Passive FOF - Direct Plan - IDCW,17.7157
2026-09-10,118488,Bandhan Multi-Asset Passive FOF - Direct Plan - IDCW,21.7346
2026-09-10,118489,Bandhan Multi-Asset Passive FOF - Direct Plan - Growth,45.2474
2026-09-10,118490,BANDHAN Conservative Hybrid Fund-Direct Plan-IDCW,13.1835
2026-09-10,118491,BANDHAN Conservative Hybrid Fund-Direct Plan-Growth,37.2477
2026-09-10,118492,BANDHAN Conservative Hybrid Fund-Direct Plan-Quarterly IDCW,16.2660
2026-09-10,118493,Templeton India Value Fund - Direct - IDCW,103.5493
2026-09-10,118494,Templeton India Value Fund - Direct - Growth,763.4313
2026-09-10,118497,Franklin India Government Securities Fund - Direct - IDCW,11.9686
2026-09-10,118498,Franklin India Government Securities Fund - Direct - Growth,67.9846
2026-09-10,118505,Franklin India Money Market Fund Retail Option - Direct - Quarterly - IDCW,11.8149
2026-09-10,118506,Franklin India Money Market Fund - Direct - Growth,56.0674
2026-09-10,118507,Franklin India Floating Rate Fund - Direct - IDCW,10.0546
2026-09-10,118508,Franklin India Floating Rate Fund - Direct - Growth,48.1851
2026-09-10,118509,Franklin India Large & Mid cap Fund - Direct - IDCW,22.7300
2026-09-10,118510,Franklin India Large & Mid Cap Fund - Direct - Growth,210.0406
2026-09-10,118524,Franklin India Small Cap Fund - Direct - IDCW,53.5079
2026-09-10,118525,Franklin India Small Cap Fund - Direct - Growth,205.8835
2026-09-10,118531,Franklin India Large Cap Fund- Direct - Growth,1116.3922
2026-09-10,118532,Franklin India Mid Cap Fund - Direct - IDCW,105.0123
2026-09-10,118533,Franklin India Mid Cap Fund - Direct - Growth,3193.1641
2026-09-10,118534,Franklin India Flexi Cap Fund - Direct - IDCW,68.5337
2026-09-10,118535,Franklin India Flexi Cap Fund - Direct - Growth,1772.4485
2026-09-10,118540,Franklin India ELSS Tax Saver Fund - Direct - Growth,1583.6554
2026-09-10,118541,Franklin India ELSS Tax Saver Fund - Direct - IDCW,69.3451
2026-09-10,118546,Franklin India Aggressive Hybrid Fund - Direct - Growth,307.2979
2026-09-10,118547,Franklin India Aggressive Hybrid Fund - Direct - IDCW,33.3560
2026-09-10,118548,Franklin India Retirement Fund - Direct - Growth,241.5334
2026-09-10,118549,Franklin India Retirement Fund - Direct - IDCW,18.3722
2026-09-10,118556,Franklin Build India Fund - Direct - IDCW,48.9105
2026-09-10,118557,Franklin Build India Fund - Direct - Growth,163.6194
2026-09-10,118558,Franklin Asian Equity Fund - Direct - IDCW,23.0405
2026-09-10,118559,Franklin Asian Equity Fund - Direct - Growth,50.3193
2026-09-10,118563,Franklin India Focused Equity Fund - Direct - IDCW,36.1866
2026-09-10,118564,Franklin India Focused Equity Fund - Direct - Growth,112.4997
2026-09-10,118569,Franklin India Corporate Debt Fund - Direct - GROWTH,116.4723
2026-09-10,118570,Franklin India Corporate Debt Fund - Plan A - Direct - Annual - IDCW,19.1682
2026-09-10,118571,Franklin India Corporate Debt Fund - Plan A - Direct - Monthly - IDCW,16.9707
2026-09-10,118572,Franklin India Corporate Debt Fund - Plan A - Direct - Quarterly - IDCW,13.7355
2026-09-10,118573,Franklin India Corporate Debt Fund - Plan A - Direct - Half yearly - IDCW,15.0285
2026-09-10,118574,Franklin India Conservative Hybrid Fund - Direct - GROWTH,102.7999
2026-09-10,118575,Franklin India Conservative Hybrid Fund - Plan A - Direct - Monthly - IDCW,14.2830
2026-09-10,118576,Franklin India Conservative Hybrid Fund - Plan A - Direct - Quarterly - IDCW,13.5722
2026-09-10,118577,Franklin India Liquid Fund - Super Institutional - Direct - Growth,4271.2728
2026-09-10,118578,Franklin India Liquid Fund - Super Institutional Plan - Direct - Daily - IDCW,1002.8152
2026-09-10,118579,Franklin India Liquid Fund - Super Institutional Plan - Direct - Weekly - IDCW,1022.5394
2026-09-10,118580,Franklin India INDEX FUND- NSE Nifty 50 Index Fund - Direct - IDCW,175.0429
2026-09-10,118581,Franklin India INDEX FUND- NSE NIFTY 50 INDEX FUND- Direct - Growth,200.9381
2026-09-10,118585,Nippon India Arbitrage Fund - Direct Plan Growth Plan - Growth Option,31.0034
2026-09-10,118587,NIPPON INDIA ARBITRAGE FUND - DIRECT Plan - IDCW Option,19.0894
2026-09-10,118588,Nippon India Banking & Financial Services Fund - Direct Plan Growth Plan - Bonus Option,703.0090
2026-09-10,118589,Nippon India Banking & Financial Services Fund - Direct Plan Growth Plan - Growth Option,703.0090
2026-09-10,118591,Nippon India Banking & Financial Services Fund- DIRECT Plan - IDCW Option,102.1072
2026-09-10,118614,Edelweiss Balanced Advantage Fund - Direct Plan - Quarterly - IDCW Option,29.38
2026-09-10,118615,Edelweiss Balanced Advantage Fund -Direct Plan-Growth Option,61.22
2026-09-10,118616,Edelweiss Large Cap Fund - Direct Plan - IDCW Option,38.01
2026-09-10,118617,Edelweiss Large Cap Fund - Direct Plan-Growth option,96.3
2026-09-10,118619,Edelweiss ELSS Tax Saver Fund - Direct Plan - IDCW Option,46.86
2026-09-10,118620,Edelweiss ELSS Tax Saver Fund - Direct Plan-Growth Option,138.57
2026-09-10,118624,Edelweiss Aggressive Hybrid Fund-Direct Plan-Growth Option,76.03
2026-09-10,118625,Edelweiss Aggressive Hybrid Fund  - Direct Plan - IDCW Option,32.56
2026-09-10,118632,Nippon India Large Cap Fund - Direct Plan Growth Plan - Growth Option,98.6004
2026-09-10,118633,Nippon India Large Cap Fund - Direct Plan Growth Plan - Bonus Option,98.6004
2026-09-10,118634,NIPPON INDIA LARGE CAP FUND - DIRECT Plan - IDCW Option,39.2172
2026-09-10,118650,Nippon India Multi Cap Fund - Direct Plan Growth Plan - Growth Option,330.1222
2026-09-10,118651,Nippon India Multi Cap Fund - Direct Plan Growth Plan - Bonus Option,330.1222
2026-09-10,118652,NIPPON INDIA MULTI CAP FUND - DIRECT Plan - IDCW Option,85.4192
2026-09-10,118654,NIPPON INDIA FLOATING INTEREST RATES  FUND - DIRECT Plan - DAILY IDCW Option,10.2707
2026-09-10,118655,NIPPON INDIA FLOATING INTEREST RATES  FUND - DIRECT Plan - MONTHLY IDCW Option,11.3389
2026-09-10,118656,Nippon India Floating Interest Rates  Fund  - Direct Plan Growth Plan - Growth Option,51.0205
2026-09-10,118660,NIPPON INDIA FLOATING INTEREST RATES   FUND - DIRECT Plan - WEEKLY IDCW Option,10.2568
2026-09-10,118661,NIPPON INDIA FLOATING INTEREST RATES  FUND - DIRECT Plan - QUARTERLY IDCW Option,11.0015
2026-09-10,118662,NIPPON INDIA GOLD SAVINGS FUND - Direct Plan - IDCW Option,60.8173
2026-09-10,118663,Nippon India Gold Savings Fund - Direct Plan Growth Plan - Growth Option,60.8173
2026-09-10,118665,Nippon India Growth Mid Cap Fund - Direct Plan Growth Plan - Bonus Option,822.6465
2026-09-10,118666,NIPPON INDIA GROWTH MID CAP FUND - DIRECT Plan - IDCW Option,192.0651
2026-09-10,118668,Nippon India Growth Mid Cap Fund - Direct Plan Growth Plan - Growth Option,4951.6301
2026-09-10,118669,Nippon India Gilt  Fund - Direct Plan - P F Option - Automatic Capital Appreciation Payout Option,44.2190
2026-09-10,118670,NIPPON INDIA GILT  FUND - Direct Plan - MONTHLY IDCW Option,11.6800
2026-09-10,118672,Nippon India Gilt  Fund - Direct Plan Growth Plan - Growth Option,44.3339
2026-09-10,118673,Nippon India Gilt  Fund - Direct Plan - P F Option - Defined Maturity Date Option,44.4537
2026-09-10,118674,Nippon India Gilt Fund - Direct Plan - P F Option - Automatic Annual Reinvest Option,23.9961
2026-09-10,118675,Nippon India Vision Large & Mid Cap Fund - Direct Plan Growth Plan - Bonus Option,271.9697
2026-09-10,118676,NIPPON INDIA VISION LARGE & MID CAP  FUND - DIRECT Plan - IDCW Option,70.2822
2026-09-10,118678,Nippon India Vision Large & Mid Cap Fund - Direct Plan Growth Plan - Growth Option,1604.1455
2026-09-10,118679,Nippon India Medium to Long Term  Fund - Direct Plan Growth Plan-Bonus Option,29.9735
2026-09-10,118680,NIPPON INDIA MEDIUM TO LONG TERM  FUND - Direct Plan - ANNUAL IDCW Option,14.3607
2026-09-10,118681,NIPPON INDIA MEDIUM TO LONG TERM  FUND - Direct Plan - HALF YEARLY IDCW Option,13.7716
2026-09-10,118683,NIPPON INDIA MEDIUM TO LONG TERM  FUND - Direct Plan - MONTHLY IDCW Option,11.3624
2026-09-10,118684,NIPPON INDIA MEDIUM TO LONG TERM FUND - Direct Plan - QUARTERLY IDCW Option,14.0022
2026-09-10,118687,Nippon India Medium to Long Term Fund - Direct Plan Growth Plan - Growth Option,104.8907
2026-09-10,118689,NIPPON INDIA QUARTERLY INTERVAL FUND - SERIES II - Direct Plan - IDCW Option,13.5676
2026-09-10,118691,Nippon India Quarterly Interval Fund - Series II - Direct Plan Growth Plan - Growth,39.1528
2026-09-10,118692,Nippon India Focused Fund - Direct Plan Growth Plan - Growth Option,134.1409
2026-09-10,118693,NIPPON INDIA FOCUSED  FUND - DIRECT Plan - IDCW Option,44.7289
2026-09-10,118695,NIPPON INDIA LIQUID FUND - DIRECT Plan - DAILY IDCW OPTION,1528.7400
2026-09-10,118696,NIPPON INDIA LIQUID FUND - DIRECT Plan - MONTHLY IDCW OPTION,1592.2014
2026-09-10,118698,NIPPON INDIA LIQUID FUND - DIRECT Plan - QUARTERLY IDCW OPTION,1019.2019
2026-09-10,118700,NIPPON INDIA LIQUID FUND - DIRECT Plan - WEEKLY IDCW OPTION,1530.5371
2026-09-10,118701,Nippon India Liquid Fund - Direct Plan Growth Plan - Growth Option,6956.2976
2026-09-10,118702,Nippon India Ultra Short to Short Term Fund - Direct Plan Growth Plan - Bonus Option,2493.7816
2026-09-10,118703,NIPPON INDIA ULTRA SHORT TO SHORT TERM FUND - DIRECT Plan - DAILY IDCW Option,1012.3345
2026-09-10,118704,NIPPON INDIA ULTRA SHORT TO SHORT TERM FUND - DIRECT Plan - MONTHLY IDCW Option,1043.2559
2026-09-10,118705,NIPPON INDIA ULTRA SHORT TO SHORT TERM  FUND - DIRECT Plan - QUARTERLY IDCW Option,1033.5084
2026-09-10,118706,NIPPON INDIA ULTRA SHORT TO SHORT TERM  FUND - DIRECT Plan - WEEKLY IDCW Option,1012.3763
2026-09-10,118709,Nippon India Ultra Short to Short Term Fund - Direct Plan Growth Plan - Growth Option,4292.9968
2026-09-10,118715,Nippon India Money Market Fund - Direct Plan Growth Plan - Bonus Option,2674.3813
2026-09-10,118716,NIPPON INDIA MONEY MARKET FUND - DIRECT Plan - QUARTERLY IDCW Option,1030.3697
2026-09-10,118717,NIPPON INDIA MONEY MARKET FUND - DIRECT Plan - WEEKLY IDCW Option,1008.8879
2026-09-10,118718,NIPPON INDIA MONEY MARKET FUND - DIRECT Plan - DAILY IDCW Option,1007.2114
2026-09-10,118719,Nippon India Money Market Fund - Direct Plan Growth Plan - Growth Option,4548.1026
2026-09-10,118720,NIPPON INDIA MONEY MARKET FUND - DIRECT Plan - MONTHLY IDCW Option,1028.6646
2026-09-10,118722,Nippon India Consumption Fund - Direct Plan Growth Plan - Bonus,216.9783
2026-09-10,118724,Nippon India Consumption Fund - Direct Plan Growth Plan - Growth Option,216.9783
2026-09-10,118725,NIPPON INDIA CONSUMPTION FUND - DIRECT Plan - IDCW Option,53.1454
2026-09-10,118726,Nippon India Conservative Hybrid  Fund - Direct Plan Growth Plan - Growth Option,69.2294
2026-09-10,118727,NIPPON INDIA CONSERVATIVE HYBRID  FUND - DIRECT Plan - MONTHLY IDCW Option,11.6855
2026-09-10,118729,NIPPON INDIA CONSERVATIVE HYBRID  FUND - DIRECT Plan - QUARTERLY IDCW Option,13.0239
2026-09-10,118736,Nippon India Balanced Advantage Fund - Direct Plan Growth Plan - Growth Option,209.3127
2026-09-10,118738,NIPPON INDIA BALANCED ADVANTAGE FUND - DIRECT Plan - IDCW Option,45.6095
2026-09-10,118740,NIPPON INDIA INDEX FUND - NIFTY 50 PLAN - DIRECT Plan - QUARTERLY - IDCW Option,34.5544
2026-09-10,118741,Nippon India Index Fund - Nifty 50 Plan - Direct Plan Growth Plan - Growth Option,43.3801
2026-09-10,118742,Nippon India Index Fund - Nifty 50 Plan - Direct Plan Growth Plan - Bonus Option,43.3801
2026-09-10,118743,NIPPON INDIA INDEX FUND - NIFTY 50 PLAN - DIRECT Plan - ANNUAL - IDCW Option,34.6120
2026-09-10,118745,NIPPON INDIA INDEX FUND - NIFTY 50 PLAN - DIRECT Plan - HALF YEARLY - IDCW Option,34.5622
2026-09-10,118747,Nippon India Dynamic Term Fund - Direct Plan Growth Plan - Growth Option,42.4448
2026-09-10,118749,NIPPON INDIA DYNAMIC TERM FUND - Direct Plan - QUARTERLY IDCW Option,10.4736
2026-09-10,118750,NIPPON INDIA DYNAMIC TERM FUND - Direct Plan - IDCW Option,30.6654
2026-09-10,118756,NIPPON INDIA PHARMA FUND - DIRECT Plan - IDCW Option,175.0908
2026-09-10,118758,Nippon India Pharma Fund - Direct Plan Growth Plan - Bonus Option,639.7674
2026-09-10,118759,Nippon India Pharma Fund - Direct Plan Growth Plan - Growth Option,639.7674
2026-09-10,118760,NIPPON INDIA POWER & INFRA FUND - DIRECT Plan - IDCW Option,75.9835
2026-09-10,118762,Nippon India Power & Infra Fund - Direct Plan Growth Plan - Bonus Option,414.5279
2026-09-10,118763,Nippon India Power & Infra Fund - Direct Plan Growth Plan - Growth Option,414.5279
2026-09-10,118767,NIPPON INDIA QUANT FUND - DIRECT Plan - IDCW Option,44.9886
2026-09-10,118769,Nippon India Quant Fund - Direct Plan Growth Plan - Growth Option,78.4248
2026-09-10,118770,Nippon India Quant Fund - Direct Plan Growth Plan - Bonus Option,78.4248
2026-09-10,118775,NIPPON INDIA SMALL CAP FUND - Direct Plan - IDCW Option,111.3875
2026-09-10,118777,Nippon India Small Cap Fund - Direct Plan Growth Plan - Bonus Option,209.4440
2026-09-10,118778,Nippon India Small Cap Fund - Direct Plan Growth Plan - Growth Option,209.4440
2026-09-10,118780,Nippon India Credit Risk Fund - Direct Plan - Growth Plan,42.3763
2026-09-10,118781,NIPPON INDIA CREDIT RISK FUND - DIRECT Plan - QUARTERLY IDCW Option,13.8457
2026-09-10,118782,NIPPON INDIA VALUE FUND - DIRECT Plan - IDCW Option,64.1619
2026-09-10,118784,Nippon India Value Fund - Direct Plan Growth Plan,242.9544
2026-09-10,118785,Nippon India Index Fund - BSE Sensex Plan - Direct Plan Growth Plan - Bonus Option,40.7756
2026-09-10,118786,NIPPON INDIA INDEX FUND - BSE SENSEX PLAN - DIRECT Plan - ANNUAL - IDCW Option,32.4353
2026-09-10,118788,NIPPON INDIA INDEX FUND - BSE SENSEX PLAN - DIRECT Plan - HALF YEARLY - IDCW Option,32.3933
2026-09-10,118790,NIPPON INDIA INDEX FUND - BSE SENSEX PLAN - DIRECT Plan - QUARTERLY - IDCW Option,32.4377
2026-09-10,118791,Nippon India Index Fund - BSE Sensex Plan - Direct Plan Growth Plan - Growth Option,40.7756
2026-09-10,118793,NIPPON INDIA AGGRESSIVE HYBRID FUND - DIRECT Plan - IDCW Option,37.6260
2026-09-10,118794,Nippon India Aggressive Hybrid Fund  - Direct Plan Growth Plan,120.4262
2026-09-10,118796,Nippon India Short Term Fund - Direct Plan Growth Plan - Growth Option,61.6527
2026-09-10,118797,NIPPON INDIA SHORT TERM FUND - Direct Plan - MONTHLY IDCW Option,11.7776
2026-09-10,118800,NIPPON INDIA SHORT TERM FUND - Direct Plan - QUARTERLY IDCW OPTION,15.4207
2026-09-10,118801,NIPPON INDIA ELSS TAX SAVER FUND - DIRECT Plan - IDCW Option,45.0093
2026-09-10,118803,Nippon India ELSS Tax Saver Fund - Direct Plan Growth Plan - Growth Option,142.2115
2026-09-10,118807,Nippon India Corporate Bond Fund - Direct Plan Growth Plan - Bonus,48.0973
2026-09-10,118808,NIPPON INDIA CORPORATE BOND FUND - DIRECT Plan - DAILY IDCW Option,17.0912
2026-09-10,118809,NIPPON INDIA CORPORATE BOND FUND - DIRECT Plan - MONTHLY IDCW Option,11.8183
2026-09-10,118811,NIPPON INDIA CORPORATE BOND FUND - DIRECT Plan - QUARTERLY IDCW Option,12.2749
2026-09-10,118812,NIPPON INDIA CORPORATE BOND FUND - DIRECT Plan - WEEKLY IDCW Option,17.0951
2026-09-10,118814,Nippon India Corporate Bond Fund - Direct Plan Growth Plan - Growth Option,67.3681
2026-09-10,118825,Mirae Asset Large Cap Fund - Direct Plan - Growth,125.117
2026-09-10,118826,Mirae Asset Large Cap Fund - Direct Plan - IDCW,65.310
2026-09-10,118834,Mirae Asset Large & Midcap Fund - Direct Plan - Growth,177.455
2026-09-10,118835,Mirae Asset Large & Midcap Fund - Direct Plan - IDCW,83.211
2026-09-10,118837,Mirae Asset Great Consumer Fund - Direct Plan - Growth,111.419
2026-09-10,118838,Mirae Asset Great Consumer Fund - Direct Plan - IDCW,66.898
2026-09-10,118840,Mirae Asset Ultra Short to Short Term Fund - Direct Plan - Growth,2657.9097
2026-09-10,118841,Mirae Asset Ultra Short to Short Term Fund - Direct Plan - Monthly IDCW,1164.7898
2026-09-10,118842,Mirae Asset Ultra Short to Short Term Fund - Direct Plan - Quarterly IDCW,1011.9462
2026-09-10,118843,Mirae Asset Ultra Short to Short Term Fund - Direct Plan - Daily IDCW,1208.8499
2026-09-10,118844,Mirae Asset Ultra Short to Short Term Fund - Direct Plan - Weekly IDCW,1454.2849
2026-09-10,118859,Mirae Asset Liquid Fund - Direct Plan - Growth,2998.7984
2026-09-10,118860,Mirae Asset Liquid Fund - Direct Plan - Monthly IDCW,1138.4531
2026-09-10,118861,Mirae Asset Liquid Fund - Direct Plan - Daily IDCW,1075.8332
2026-09-10,118862,Mirae Asset Liquid Fund - Direct Plan - Weekly IDCW,1216.4148
2026-09-10,118866,Taurus ELSS Tax Saver Fund - Direct Plan - Growth,201.20
2026-09-10,118867,Taurus ELSS Tax Saver Fund - Direct Plan - Payout of Income Distribution cum Capital Withdrawal option,92.73
2026-09-10,118868,Taurus Banking & Financial Services Fund - Direct Plan - Growth,58.76
2026-09-10,118869,Taurus Banking & Financial Services Fund - Direct Plan - Payout of Income Distribution cum Capital Withdrawal option,58.08
2026-09-10,118870,Taurus Large Cap Fund - Direct Plan - Growth,177.01
2026-09-10,118871,Taurus Large Cap Fund - Direct Plan - Payout of Income Distribution cum Capital Withdrawal option,77.96
2026-09-10,118872,Taurus Mid Cap Fund - Direct Plan - Growth,135.47
2026-09-10,118873,Taurus Mid Cap Fund - Direct Plan - Payout of Income Distribution cum Capital Withdrawal option,120.34
2026-09-10,118876,Taurus Ethical Fund - Direct Plan - Growth,143.33
2026-09-10,118877,Taurus Ethical Fund - Direct Plan - Payout of Income Distribution cum Capital Withdrawal option,96.21
2026-09-10,118878,Taurus Ethical Fund-Direct Plan-Bonus Option #,46.97
2026-09-10,118879,Taurus Infrastructure Fund - Direct Plan - Growth,66.76
2026-09-10,118880,Taurus Infrastructure Fund - Direct Plan - Payout of Income Distribution cum Capital Withdrawal option,62.17
2026-09-10,118881,Taurus Nifty 50 Index Fund - Direct Plan - Growth,47.7181
2026-09-10,118882,Taurus Nifty 50 Index Fund - Direct Plan - Payout of Income Distribution cum Capital Withdrawal option,44.6587
2026-09-10,118883,Taurus Flexi Cap Fund - Direct Plan - Growth,249.42
2026-09-10,118884,Taurus Flexi Cap Fund - Direct Plan -  Payout of Income Distribution cum Capital Withdrawal option,125.84
2026-09-10,118901,HSBC Liquid Fund - Regular Daily IDCW,1001.3789
2026-09-10,118902,HSBC Liquid Fund - Regular Growth,2801.1592
2026-09-10,118903,HSBC Liquid Fund - Regular Monthly IDCW,1005.4683
2026-09-10,118904,HSBC Liquid Fund - Regular Weekly IDCW,1107.8147
2026-09-10,118906,HSBC Liquid Fund - IDCW,1019.3
2026-09-10,118907,HSBC Liquid Fund - Growth,4041.5244
2026-09-10,118908,HSBC Liquid Fund - Weekly IDCW,1001.6201
2026-09-10,118909,HSBC Liquid Fund - Institutional Daily IDCW,1562.8262
2026-09-10,118921,DSP Medium Term Fund - Direct Plan - IDCW - Monthly,11.2872
2026-09-10,118922,DSP Medium Term Fund - Direct Plan - IDCW,11.8271
2026-09-10,118924,DSP Medium Term Fund - Direct Plan - Growth,92.5212
2026-09-10,118934,HDFC Value Fund - IDCW Option - Direct Plan,45.788
2026-09-10,118935,HDFC Value Fund - Growth Option - Direct Plan,885.135
2026-09-10,118942,HDFC Ultra Short to Short Term Fund - Direct Plan - Growth,67.6331
2026-09-10,118943,HDFC Ultra Short to Short Term Fund - Direct Plan - Monthly IDCW,10.179
2026-09-10,118944,HDFC Ultra Short to Short Term Fund - Direct Plan - Weekly IDCW,10.064
2026-09-10,118945,HDFC Ultra Short to Short Term Fund - Direct Plan - Daily IDCW,10.0652
2026-09-10,118949,HDFC Focused Fund - IDCW Option - Direct Plan,31.411
2026-09-10,118950,HDFC Focused Fund - Growth Option - Direct Plan,264.126
2026-09-10,118954,HDFC Flexi Cap Fund - IDCW Option - Direct Plan,90.939
2026-09-10,118955,HDFC Flexi Cap Fund - Growth Option - Direct Plan,2249.067
2026-09-10,118959,HDFC Floating Interest Rates Fund - Direct Plan - Daily IDCW,10.079
2026-09-10,118960,HDFC Floating Interest Rates Fund - Direct Plan - Monthly IDCW,10.1781
2026-09-10,118961,HDFC Floating Interest Rates Fund - Direct Plan - Growth Option,54.9466
2026-09-10,118962,HDFC Floating Interest Rates Fund - Direct Plan - Weekly IDCW,10.0395
2026-09-10,118968,HDFC Balanced Advantage Fund - Growth Plan - Direct Plan,562.868
2026-09-10,118969,HDFC Balanced Advantage Fund - IDCW Plan - Direct Plan,42.471
2026-09-10,118978,HDFC Infrastructure Fund - IDCW Option - Direct Plan,31.993
2026-09-10,118979,HDFC Infrastructure Fund - Growth Option - Direct Plan,52.28
2026-09-10,118986,HDFC Corporate Bond Fund - Quarterly IDCW Option - Direct Plan,10.4942
2026-09-10,118987,HDFC Corporate Bond Fund - Growth Option - Direct Plan,35.2913
2026-09-10,118988,HDFC Mid Cap Fund - IDCW Option - Direct Plan,82.251
2026-09-10,118989,HDFC Mid Cap Fund - Growth Option - Direct Plan,231.64
2026-09-10,118992,DSP Conservative Hybrid Fund - Direct Plan - IDCW - Monthly,14.0223
2026-09-10,118993,DSP Conservative Hybrid Fund - Direct Plan - IDCW - Quarterly,13.9248
2026-09-10,118994,DSP Conservative Hybrid Fund - Direct Plan - Growth,68.9373
2026-09-10,119015,HDFC Short Term Fund - Fortnightly IDCW - Direct Plan,10.3154
2026-09-10,119016,HDFC Short Term Fund - Growth Option - Direct Plan,35.4598
2026-09-10,119017,HDFC Large Cap Fund - IDCW Option - Direct Plan,61.331
2026-09-10,119018,HDFC Large Cap Fund - Growth Option - Direct Plan,1210.982
2026-09-10,119019,DSP Aggressive Hybrid Fund - Direct Plan - Growth,388.9330
2026-09-10,119020,DSP Aggressive Hybrid Fund - Direct Plan - IDCW,68.6760
2026-09-10,119053,Tata Aggressive Hybrid Fund -Direct Plan- Growth Option,493.4378
2026-09-10,119057,Tata Aggressive Hybrid Fund- Direct Plan - Monthly Payout of IDCW Option,96.5257
2026-09-10,119058,Tata Aggressive Hybrid Fund- Direct Plan - Periodic Payout of IDCW Option,96.8763
2026-09-10,119059,HDFC ELSS - Tax Saver Fund- IDCW Option - Direct Plan,91.724
2026-09-10,119060,HDFC ELSS - Tax Saver Fund - Growth Option - Direct Plan,1467.431
2026-09-10,119061,HDFC Aggressive Hybrid Fund - IDCW Option - Direct Plan,17.531
2026-09-10,119062,HDFC Aggressive Hybrid Fund - Growth Option - Direct Plan,123.35
2026-09-10,119063,HDFC Nifty 50 Index Fund - Direct Plan,229.826
2026-09-10,119065,HDFC BSE Sensex Index Fund - Direct Plan,717.1776
2026-09-10,119066,HDFC Childrens Fund - Direct Plan,322.886
2026-09-10,119068,HDFC Medium to Long Term Fund - Quarterly IDCW- Direct Plan,12.9194
2026-09-10,119069,HDFC Medium to Long Term Fund - Growth Option - Direct Plan,67.4564
2026-09-10,119070,DSP Midcap Fund - Direct Plan - IDCW,69.2890
2026-09-10,119071,DSP Midcap Fund - Direct Plan - Growth,173.5120
2026-09-10,119072,HDFC Dynamic Term Fund - Half Yearly IDCW - Direct Plan,14.0588
2026-09-10,119073,HDFC Dynamic Term Fund - Quarterly IDCW - Direct Plan,14.2733
2026-09-10,119074,HDFC Dynamic Term Fund - Yearly IDCW - Direct Plan,15.4459
2026-09-10,119075,HDFC Dynamic Term Fund - Growth Option - Direct Plan,103.5933
2026-09-10,119076,DSP Flexi Cap Fund - Direct Plan - Growth,114.1870
2026-09-10,119077,DSP Flexi Cap Fund - Direct Plan - IDCW,83.9440
2026-09-10,119080,HDFC Medium Term Fund - Fortnightly IDCW Opt - Direct Plan,10.1156
2026-09-10,119081,HDFC Medium Term Fund - Growth Option - Direct Plan,66.0821
2026-09-10,119082,DSP Credit Risk Fund - Direct Plan - Growth,60.9018
2026-09-10,119083,DSP Credit Risk Fund - Direct Plan - IDCW,12.7662
2026-09-10,119084,DSP Credit Risk Fund - Direct Plan -  IDCW - Monthly,11.2239
2026-09-10,119085,DSP Credit Risk Fund - Direct Plan - IDCW - Quarterly,11.6829
2026-09-10,119086,DSP Credit Risk Fund - Direct Plan - IDCW - Weekly,11.1237
2026-09-10,119087,DSP Credit Risk Fund - Direct Plan - IDCW - Daily,11.1216
2026-09-10,119088,HDFC Liquid Fund - IDCW Weekly - Direct Plan,1031.5326
2026-09-10,119089,HDFC Liquid Fund - IDCW Daily - Direct Plan,1019.82
2026-09-10,119090,HDFC Liquid Fund - IDCW Monthly - Direct Plan,1028.4349
2026-09-10,119091,HDFC Liquid Fund - Growth Option - Direct Plan,5577.9708
2026-09-10,119092,HDFC Money Market Fund - Growth Option - Direct Plan,6306.6268
2026-09-10,119093,HDFC Money Market Fund - Daily IDCW Option - Direct Plan,1063.5859
2026-09-10,119094,HDFC Money Market Fund - Weekly IDCW Option -Direct Plan,1062.6309
2026-09-10,119095,DSP Focused Fund - Direct Plan - IDCW,39.8780
2026-09-10,119096,DSP Focused Fund - Direct Plan - Growth,61.6730
2026-09-10,119099,DSP Gilt Fund - Direct Plan - Growth,105.8372
2026-09-10,119100,DSP Gilt Fund - Direct Plan - IDCW - Monthly,10.8471
2026-09-10,119101,DSP Gilt Fund - Direct Plan - IDCW,12.9345
2026-09-10,119106,DSP Money Market Fund - Direct Plan - Growth,58.6676
2026-09-10,119107,DSP Money Market Fund - Direct Plan - IDCW - Monthly,11.0755
2026-09-10,119108,DSP Money Market Fund - Direct Plan - IDCW,12.6836
2026-09-10,119109,HDFC Overnight Fund - Daily IDCW Option - Direct Plan,1042.66
2026-09-10,119110,HDFC Overnight Fund - Growth Option - Direct Plan,4083.6926
2026-09-10,119115,HDFC Gilt Fund - IDCW Option - Direct Plan,13.0187
2026-09-10,119116,HDFC Gilt Fund - Growth Option - Direct Plan,60.3763
2026-09-10,119118,HDFC Conservative Hybrid Fund - Growth Option - Direct Plan,89.3155
2026-09-10,119119,HDFC Conservative Hybrid Fund - IDCW Monthly - Direct Plan,14.9462
2026-09-10,119120,HDFC Conservative Hybrid Fund - IDCW Quarterly - Direct Plan,15.936
2026-09-10,119123,DSP Liquid Fund - Direct Plan - IDCW - Weekly,1001.4509
2026-09-10,119124,DSP Liquid Fund - Direct Plan - IDCW - Daily,1001.4663
2026-09-10,119125,DSP Liquid Fund - Direct Plan - Growth,4063.6265
2026-09-10,119128,HDFC Equity Savings Fund - Growth Option - Direct Plan,76.591
2026-09-10,119129,HDFC Equity Savings Fund - IDCW Option - Direct Plan,15.079
2026-09-10,119130,HDFC Multi Asset Allocation Fund - IDCW Option - Direct Plan,21.458
2026-09-10,119131,HDFC Multi Asset Allocation Fund - Growth Option - Direct Plan,84.209
2026-09-10,119132,HDFC Gold ETF Fund of Fund - Direct Plan,47.6193
2026-09-10,119133,Groww Largecap Fund (formerly known as Indiabulls Blue Chip Fund) - Direct Plan - Growth Option,51.54
2026-09-10,119134,Groww Largecap Fund (formerly known as Indiabulls Bluechip Fund)- Direct Plan- - Income Distribution cum capital withdrawal Option (Payout & Reinvestment),29.85
2026-09-10,119135,Groww Liquid Fund ( formerly known as Indiabulls Liquid )Fund - Direct Plan - Growth Option,2753.6767
2026-09-10,119136,Groww Liquid Fund (formerly known as Indiabulls Liquid Fund) - Direct Plan- - Income Distribution cum capital withdrawal Option ( Reinvestment),1002.0907
2026-09-10,119137,Groww Liquid Fund (formerly known as Indiabulls Liquid Fund)- Direct Plan- Weekly - Income Distribution cum capital withdrawal Option (Payout & Reinvestment),1002.2388
2026-09-10,119138,Groww Liquid Fund (formerly known as Indiabulls Liquid Fund)- Direct Plan- Fortnightly - Income Distribution cum capital withdrawal Option (Payout & Reinvestment),1001.7666
2026-09-10,119139,Groww Liquid Fund (formerly known as Indiabulls Liquid Fund)- Direct Plan- Monthly - Income Distribution cum capital withdrawal Option (Payout & Reinvestment),1031.1333
2026-09-10,119159,Tata Large Cap Fund- Direct Plan - Payout of IDCW Option,123.0174
2026-09-10,119160,Tata Large Cap Fund -Direct Plan Growth Option,579.9419
2026-09-10,119161,Navi Liquid Fund - Direct Plan Monthly IDCW - Payout,10.0332
2026-09-10,119162,Navi Liquid Fund - Direct Plan Weekly IDCW - Payout,10.0092
2026-09-10,119163,Navi Liquid Fund - Direct Plan Daily IDCW - ReInvestment,10.0129
2026-09-10,119164,Navi Liquid Fund-Direct Plan-Growth Option,30.6297
2026-09-10,119171,Tata Ethical Fund- Direct Plan - Payout of IDCW Option,218.4611
2026-09-10,119172,Tata Ethical Fund -Direct Plan- Growth Option,408.5798
2026-09-10,119177,Tata Mid Cap Fund - Direct Plan- IDCW Option,170.1143
2026-09-10,119178,Tata Mid Cap Fund - Direct Plan- Growth Option,530.7045
2026-09-10,119201,Tata Large & Mid Cap Fund Direct Plan - Payout of IDCW Option,104.8899
2026-09-10,119202,Tata Large & MId Cap Fund -Direct Plan- Growth Option,567.6805
2026-09-10,119203,DSP Ultra Short Term Fund - Direct Plan - IDCW - Daily,1005.3630
2026-09-10,119204,DSP Ultra Short Term Fund - Direct Plan - IDCW - Monthly,1091.6500
2026-09-10,119205,DSP Ultra Short Term Fund - Direct Plan - Growth,4006.7531
2026-09-10,119206,DSP Ultra Short Term Fund - Direct Plan - IDCW,1148.3379
2026-09-10,119207,DSP Ultra Short Term Fund - Direct Plan - IDCW - Weekly,1005.0460
2026-09-10,119212,DSP Small Cap Fund - Direct Plan - Growth,258.1120
2026-09-10,119213,DSP Small Cap Fund - Direct Plan - IDCW,70.8460
2026-09-10,119218,DSP Large & Mid Cap Fund - Direct Plan - Growth,685.1560
2026-09-10,119219,DSP Large & Mid Cap Fund - Direct Plan - IDCW,102.1900
2026-09-10,119222,DSP Short Term Fund - Direct Plan - IDCW,12.3522
2026-09-10,119223,DSP Short Term Fund - Direct Plan - IDCW - Weekly,10.1910
2026-09-10,119224,DSP Short Term Fund - Direct Plan - IDCW - Monthly,11.7579
2026-09-10,119226,DSP Short Term Fund - Direct Plan - Growth,54.0992
2026-09-10,119231,Tata Value Fund -Direct Plan Growth Option,398.1622
2026-09-10,119232,Tata Value Fund- Direct Plan -Payout of IDCW-Option A(5%),146.3030
2026-09-10,119233,Tata Value Fund- Direct Plan - Payout of IDCW -Option B(10%),135.3115
2026-09-10,119236,DSP Dynamic Term Fund - Direct Plan - IDCW - Monthly,1077.1949
2026-09-10,119238,DSP Dynamic Term Fund - Direct Plan - IDCW,2521.6724
2026-09-10,119239,DSP Dynamic Term Fund - Direct Plan - Growth,3701.1280
2026-09-10,119241,DSP ELSS Tax Saver Fund - Direct Plan - IDCW,89.7410
2026-09-10,119242,DSP ELSS Tax Saver Fund - Direct Plan - Growth,152.2990
2026-09-10,119243,Tata Infrastructure Fund -Direct Plan -Growth Option,197.0937
2026-09-10,119244,Tata Infrastructure Fund- Direct Plan - Payout of IDCW Option,96.5360
2026-09-10,119247,DSP India T.I.G.E.R. Fund - Direct Plan - Growth,397.8650
2026-09-10,119248,DSP India T.I.G.E.R. Fund - Direct Plan - IDCW,58.5400
2026-09-10,119249,DSP Large Cap Fund - Direct Plan - IDCW,26.1950
2026-09-10,119250,DSP Large Cap Fund - Direct Plan - Growth,490.1890
2026-09-10,119251,Tata Retirement Savings Fund- Progressive Plan -Direct Plan-Growth Option,85.5939
2026-09-10,119255,Tata Retirement Savings Fund- Moderate Plan -Direct Plan-Growth Option,82.7125
2026-09-10,119256,Tata Retirement Savings Fund- Conservative Plan-Direct Plan-Growth Option,39.1535
2026-09-10,119281,Tata ELSS Fund- Direct Plan - Payout of IDCW Option,235.2784
2026-09-10,119287,Tata S&P BSE Sensex Index Fund - Direct Plan,200.7030
2026-09-10,119288,Tata Nifty 50 Index Fund -Direct Plan,159.7874
2026-09-10,119292,Union Flexi Cap Fund - Direct Plan - Growth Option,59.20
2026-09-10,119293,Union Flexi Cap Fund - Direct Plan - IDCW Option,47.82
2026-09-10,119300,BANK OF INDIA Large & Mid Cap Fund Direct Plan- Bonus,55.72
2026-09-10,119301,Union Liquid Fund - Direct Plan - Daily IDCW Option,1002.0510
2026-09-10,119302,Union Liquid Fund - Direct Plan - Monthly IDCW Option,1004.1211
2026-09-10,119303,Union Liquid Fund - Direct Plan - Growth Option,2740.1153
2026-09-10,119304,Union Liquid Fund - Direct Plan - Weekly IDCW Option,1001.7001
2026-09-10,119305,Union Liquid Fund - Direct Plan - Fortnightly IDCW Option,1004.2205
2026-09-10,119306,Union ELSS Tax Saver Fund - Direct Plan - IDCW Option,71.80
2026-09-10,119307,Union ELSS Tax Saver Fund - Direct Plan - Growth Option,71.80
2026-09-10,119310,Union Dynamic Term Fund - Direct Plan - IDCW Option,16.6544
2026-09-10,119311,Union Dynamic Term Fund - Direct Plan - Growth Option,24.8636
2026-09-10,119312,Tata Childrens Fund-Direct Plan-Growth Option,61.4262
2026-09-10,119333,Baroda BNP Paribas Banking and Financial Services Fund - Direct - Growth Option,56.4439
2026-09-10,119334,Baroda BNP Paribas Banking and Financial Services Fund - Direct - IDCW Option,23.6577
2026-09-10,119340,Baroda BNP Paribas GILT FUND - Direct Plan - IDCW Option,35.4912
2026-09-10,119341,Baroda BNP Paribas GILT FUND - Direct Plan - Growth Option,48.3453
2026-09-10,119346,BANK OF INDIA Large & Mid Cap Fund Direct Plan-Regular IDCW,29.51
2026-09-10,119349,BANK OF INDIA Large & Mid Cap Fund Direct  Plan- Quarterly IDCW,29.96
2026-09-10,119350,BANK OF INDIA Large & Mid Cap Fund Direct Plan-Growth,107.91
2026-09-10,119351,BANK OF INDIA ELSS Tax Saver -Direct Plan- Growth,194.53
2026-09-10,119352,BANK OF INDIA ELSS Tax Saver -Direct Plan-IDCW,77.69
2026-09-10,119353,Baroda BNP Paribas MULTI CAP FUND - Direct Plan - IDCW Option,55.0283
2026-09-10,119354,Baroda BNP Paribas MULTI CAP FUND - Direct Plan - Growth Option,334.8944
2026-09-10,119363,BANK OF INDIA Manufacturing & Infrastructure Fund-Direct Plan-Regular IDCW,74.78
2026-09-10,119364,BANK OF INDIA Manufacturing & Infrastructure Fund-Direct Plan-Growth,79.25
2026-09-10,119365,BANK OF INDIA Manufacturing & Infrastructure Fund-Direct Plan-Quarterly IDCW,77.90
2026-09-10,119368,BANK OF INDIA Liquid Fund- Direct Plan- Daily IDCW,1005.0000
2026-09-10,119369,BANK OF INDIA Liquid Fund- Direct Plan- Growth,3272.0627
2026-09-10,119370,BANK OF INDIA Liquid Fund- Direct Plan- Weekly IDCW,1005.5100
2026-09-10,119379,BANK OF INDIA Ultra Short Duration Fund- Direct Plan- Growth,3530.0848
2026-09-10,119380,BANK OF INDIA Ultra Short Duration Fund- Direct Plan- Daily IDCW,1004.9107
2026-09-10,119381,BANK OF INDIA Ultra Short Duration Fund- Direct Plan- Weekly IDCW,1005.3590
2026-09-10,119382,BANK OF INDIA Short Term Income Fund-Direct Plan- Growth,31.1342
2026-09-10,119383,BANK OF INDIA Short Term Income Fund-Direct Plan- Monthly IDCW,15.1370
2026-09-10,119384,BANK OF INDIA Short Term Income Fund-Direct Plan- Quarterly IDCW,14.3529
2026-09-10,119393,BANK OF INDIA Conservative Hybrid Fund Fund-Direct Plan-Growth,38.1136
2026-09-10,119394,BANK OF INDIA Conservative Hybrid Fund-Direct Plan-Monthly IDCW,16.9769
2026-09-10,119395,BANK OF INDIA Conservative Hybrid  Fund-Direct Plan-Quarterly IDCW,18.7253
2026-09-10,119396,BANK OF INDIA Conservative Hybrid Fund-Direct Plan-Annual IDCW,17.3664
2026-09-10,119399,Baroda BNP Paribas Short Term Fund - Direct Plan - Monthly IDCW Option,10.4730
2026-09-10,119400,Baroda BNP Paribas Short Term Fund - Direct Plan - Growth Option,34.0040
2026-09-10,119414,Baroda BNP Paribas LIQUID FUND - DIRECT PLAN - DAILY IDCW OPTION,1002.0849
2026-09-10,119415,Baroda BNP Paribas LIQUID FUND - DIRECT PLAN - GROWTH OPTION,3273.3418
2026-09-10,119416,Baroda BNP Paribas LIQUID FUND - DIRECT PLAN - WEEKLY IDCW OPTION,1220.9708
2026-09-10,119421,Tata Money Market Fund- Direct Plan - Daily Reinvestment of IDCW Option,1114.4693
2026-09-10,119424,Tata Money Market Fund- Direct Plan- Growth Option,5210.3338
2026-09-10,119433,Aditya Birla Sun Life Large & Mid Cap Fund -Direct - IDCW,215.17
2026-09-10,119436,Aditya Birla Sun Life Large & Mid Cap Fund - Growth - Direct Plan,1069.22
2026-09-10,119496,Aditya Birla Sun Life Short Term Fund - DIRECT - IDCW,11.1323
2026-09-10,119497,Aditya Birla Sun Life Short Term Fund-Quarterly-IDCW-Direct,11.0143
2026-09-10,119498,Aditya Birla Sun Life Short Term Fund - Growth - Direct Plan,55.3472
2026-09-10,119499,Aditya Birla Sun Life Ultra Short Term Fund-DIRECT - WEEKLY IDCW,100.6075
2026-09-10,119500,Aditya Birla Sun Life Ultra Short Term Fund-DIRECT - DAILY IDCW,100.1146
2026-09-10,119501,Aditya Birla Sun Life Ultra Short Term Fund - Growth - Direct Plan,604.2756
2026-09-10,119502,Aditya Birla Sun Life Dynamic Term Fund -Direct - Quarterly IDCW,11.1359
2026-09-10,119503,Aditya Birla Sun Life Dynamic Term Fund -DIRECT - MONTHLY IDCW,11.2013
2026-09-10,119505,Aditya Birla Sun Life Dynamic Term Fund - Growth - Direct Plan,53.0255
2026-09-10,119511,Aditya Birla Sun Life Money Market Fund - Growth - Direct Plan,405.5819
2026-09-10,119512,Aditya Birla Sun Life Money Market Fund - Direct - weekly IDCW,100.1561
2026-09-10,119513,Aditya Birla Sun Life Money Market Fund - Direct - daily IDCW,100.0936
2026-09-10,119514,Aditya Birla Sun Life Infrastructure Fund - Growth - Direct Plan,120.57
2026-09-10,119515,Aditya Birla Sun Life Infrastructure Fund -  Direct - IDCW,50.53
2026-09-10,119522,Aditya Birla Sun Life Ultra Short to Short Term Fund -Direct - weekly IDCW,100.6877
2026-09-10,119523,Aditya Birla Sun Life Ultra Short to Short Term Fund - Growth - Direct Plan,784.6576
2026-09-10,119524,Aditya Birla Sun Life Ultra Short to Short Term Fund -Direct - daily IDCW,99.9968
2026-09-10,119525,Aditya Birla Sun Life Arbitrage Fund-DIRECT - IDCW,11.5103
2026-09-10,119526,Aditya Birla Sun Life Arbitrage Fund - Growth - Direct Plan,30.9673
2026-09-10,119527,Aditya Birla Sun Life Large Cap Fund-DIRECT - IDCW,91.18
2026-09-10,119528,Aditya Birla Sun Life Large Cap Fund - Growth - Direct Plan,566.93
2026-09-10,119532,Aditya Birla Sun Life Corporate Bond Fund -DIRECT - MONTHLY IDCW,12.8344
2026-09-10,119533,Aditya Birla Sun Life Corporate Bond Fund - Growth - Direct Plan,121.9380
2026-09-10,119538,Aditya Birla Sun Life Medium Term Fund- Direct - IDCW,18.3193
2026-09-10,119539,Aditya Birla Sun Life Medium Term Fund - Growth - Direct Plan,48.0878
2026-09-10,119540,Aditya Birla Sun Life Medium Term Fund- DIRECT - HALF YEARLY IDCW,15.1528
2026-09-10,119541,Aditya Birla Sun Life Medium Term Fund - DIRECT - Quarterly IDCW,14.5473
2026-09-10,119543,Aditya Birla Sun Life ELSS Tax Saver Fund-DIRECT - IDCW,431.89
2026-09-10,119544,Aditya Birla Sun Life ELSS Tax Saver Fund - Growth - Direct Plan,68.72
2026-09-10,119548,Sundaram Value Fund Direct Plan - Income Distribution cum Capital Withdrawal (IDCW),18.1195
2026-09-10,119549,Sundaram Value Fund Direct Plan - Growth,221.4650
2026-09-10,119550,Aditya Birla Sun Life Banking & PSU Debt Fund- Direct Plan-Growth,404.8768
2026-09-10,119551,Aditya Birla Sun Life Banking & PSU Debt Fund  - DIRECT - IDCW,107.2071
2026-09-10,119552,Aditya Birla Sun Life Banking & PSU Debt Fund  - DIRECT - MONTHLY IDCW,117.1090
2026-09-10,119553,Aditya Birla Sun Life Banking & PSU Debt Fund  - Direct - Quarterly IDCW,105.2335
2026-09-10,119556,Aditya Birla Sun Life Small Cap Fund - Growth - Direct Plan,117.2074
2026-09-10,119557,Aditya Birla Sun Life Small Cap Fund -Direct - IDCW,76.5248
2026-09-10,119563,Aditya Birla Sun Life Focused Fund -Direct - IDCW,54.5328
2026-09-10,119564,Aditya Birla Sun Life Focused Fund - Growth - Direct Plan,164.2873
2026-09-10,119565,Sundaram Large and Midcap Direct Plan - Income Distribution cum Capital Withdrawal (IDCW),36.7164
2026-09-10,119566,Sundaram Large and Midcap Fund Direct Plan - Growth,106.4345
2026-09-10,119567,SBI Arbitrage Fund - Direct Plan - Income Distribution cum Capital Withdrawal Option (IDCW),20.9720
2026-09-10,119568,Aditya Birla Sun Life Liquid Fund - Growth - Direct Plan,459.0945
2026-09-10,119569,Aditya Birla Sun Life Liquid Fund -Direct - daily IDCW,100.1950
2026-09-10,119570,Aditya Birla Sun Life Liquid Fund -Direct - weekly IDCW,100.3182
2026-09-10,119571,Aditya Birla Sun Life Liquid Fund -DIRECT - IDCW,138.0697
2026-09-10,119574,SBI Arbitrage Fund - Direct Plan - Gr,38.8145
2026-09-10,119581,Sundaram Mid Cap Fund Direct Plan - Growth,1644.0435
2026-09-10,119582,Sundaram Mid Cap Fund Direct Plan - Income Distribution cum Capital Withdrawal (IDCW),71.9988
2026-09-10,119585,SBI Large Cap Fund - Direct Plan - Income Distribution cum Capital Withdrawal Option (IDCW),65.9540
2026-09-10,119588,Sundaram Small Cap Fund Direct Plan - Income Distribution cum Capital Withdrawal (IDCW),41.4931
2026-09-10,119589,Sundaram Small Cap Fund Direct Plan - Growth,336.6778
2026-09-10,119590,Aditya Birla Sun Life Consumption Fund -DIRECT - IDCW,45.41
2026-09-10,119591,Aditya Birla Sun Life Consumption Fund - Growth - Direct Plan,236.02
2026-09-10,119594,Sundaram Consumption Fund (Formerly Known asSundaram Rural and Consumption Fund Direct Plan - Income Distribution cum Capital Withdrawal (IDCW),27.8299
2026-09-10,119595,Sundaram Consumption Fund (Formerly Known as Sundaram Rural and Consumption Fund Direct Plan - Growth),104.6521
2026-09-10,119596,Sundaram Financial Services Opportunities Fund Direct Plan - Income Distribution cum Capital Withdrawal (IDCW),33.8885
2026-09-10,119597,Sundaram Financial Services Opportunities Fund Direct Plan - Growth,124.2707
2026-09-10,119598,SBI Large Cap FUND-DIRECT PLAN -GROWTH,101.6248
2026-09-10,119604,SBI Aggresive Hybrid Fund - Direct Plan - Income Distribution cum Capital Withdrawal Option (IDCW),102.5994
2026-09-10,119605,Aditya Birla Sun Life Gilt Fund - Growth - Direct Plan,88.1153
2026-09-10,119606,Aditya Birla Sun Life Gilt Fund -DIRECT - Quarterly IDCW,11.5384
2026-09-10,119609,SBI AGGRESIVE HYBRID FUND - DIRECT PLAN - Growth,350.6244
2026-09-10,119613,SBI Comma Fund - Direct Plan - Income Distribution cum Capital Withdrawal Option (IDCW),73.6685
2026-09-10,119619,Aditya Birla Sun Life Midcap Fund -DIRECT - IDCW,101.83
2026-09-10,119620,Aditya Birla Sun Life Midcap Fund - Growth - Direct Plan,953.70
2026-09-10,119621,Sundaram Corporate Bond Fund Direct Plan - Growth,44.2078
2026-09-10,119625,Sundaram Banking and PSU Debt Fund Direct Plan - Growth,46.5735
2026-09-10,119626,Sundaram Banking and PSU Debt Fund Direct Plan - IDCW,11.5946
2026-09-10,119630,Sundaram Corporate Bond Fund Direct Plan-Income Distribution cum Capital Withdrawal(IDCW),19.7342
2026-09-10,119635,Sundaram Conservative Hybrid Fund (Formerly Known as Sundaram Debt Oriented Hybrid Fund) Direct Plan - Growth,32.6590
2026-09-10,119637,Sundaram Conservative Hybrid Fund (Formerly Known as Sundaram Debt Oriented Hybrid Fund) Direct Plan -Income Distribution cum Capital Withdrawal (IDCW),20.5183
2026-09-10,119648,Aditya Birla Sun Life Nifty 50 Index Fund - Growth - Direct Plan,245.3661
2026-09-10,119649,Aditya Birla Sun Life Nifty 50 Index Fund -DIRECT - IDCW,24.8563
2026-09-10,119655,Aditya Birla Sun Life Medium to Long Term Fund - Direct - Quarterly IDCW,14.0966
2026-09-10,119657,Aditya Birla Sun Life Medium to Long Term Fund - Growth - Direct Plan,140.6053
2026-09-10,119658,Aditya Birla Sun Life Value Fund - Direct - IDCW,77.9518
2026-09-10,119659,Aditya Birla Sun Life Value Fund - Growth - Direct Plan,157.1962
2026-09-10,119670,SBI Dynamic Term Fund - Direct Plan - Income Distribution cum Capital Withdrawal Option (IDCW),23.1790
2026-09-10,119671,SBI Dynamic Term Fund - DIRECT PLAN - Growth,41.4977
2026-09-10,119672,Sundaram Medium Term Fund Direct Plan-IDCW,27.2057
2026-09-10,119675,Sundaram Medium Term Fund Direct Plan - Growth,80.8984
2026-09-10,119695,SBI Infrastructure Fund - Direct Plan - Income Distribution cum Capital Withdrawal Option (IDCW),48.2705
2026-09-10,119700,SBI INFRASTRUCTURE FUND -  DIRECT PLAN - GROWTH,54.5421
2026-09-10,119705,SBI COMMA Fund - DIRECT PLAN - Growth,129.4596
2026-09-10,119706,SBI Gilt Fund - Direct Plan - Income Distribution cum Capital Withdrawal Option (IDCW),23.2139
2026-09-10,119707,SBI GILT FUND - DIRECT PLAN - GROWTH,72.7354
2026-09-10,119708,SBI ESG Exclusionary Strategy Fund - Direct Plan - Income Distribution cum Capital Withdrawal Option (IDCW),92.9475
2026-09-10,119709,SBI ESG Exclusionary Strategy Fund - Direct Plan -Growth,258.9098
2026-09-10,119710,SBI MNC Fund - Direct Plan - Income Distribution cum Capital Withdrawal Option (IDCW),163.8643
2026-09-10,119711,SBI MNC FUND - DIRECT PLAN -GROWTH,459.0492
2026-09-10,119712,SBI Medium to Long Term Fund-DIRECT PLAN - Bonus,48.7636
2026-09-10,119713,SBI Medium to Long Term Fund - Direct Plan - Half Yearly - Income Distribution cum Capital Withdrawal Option (IDCW),22.8162
2026-09-10,119714,SBI Medium to Long Term Fund-DIRECT PLAN -Growth,80.4171
2026-09-10,119715,SBI Midcap Fund - Direct Plan - Income Distribution cum Capital Withdrawal Option (IDCW),153.7551
2026-09-10,119716,SBI MIDCAP FUND - DIRECT PLAN - GROWTH,271.1966
2026-09-10,119719,SBI Children's Fund - Savings Plan - DIRECT PLAN - GROWTH,131.6711
2026-09-10,119722,SBI ELSS Tax Saver Fund - Direct Plan - Income Distribution cum Capital Withdrawal Option (IDCW),114.3031
2026-09-10,119723,SBI ELSS Tax Saver FUND - DIRECT PLAN -GROWTH,461.4786
2026-09-10,119730,SBI Consumption Opportunities Fund - Direct Plan - Income Distribution cum Capital Withdrawal Option (IDCW),224.4199
2026-09-10,119732,SBI PSU Fund - DIRECT PLAN - GROWTH,37.9349
2026-09-10,119733,SBI PSU Fund - Direct Plan - Income Distribution cum Capital Withdrawal Option (IDCW),37.8794
2026-09-10,119734,Kotak Medium to Long Term Fund - Direct Plan - Standard IDCW option,30.2312
2026-09-10,119735,Kotak Medium to Long Term Fund - Growth - Direct,90.8303
2026-09-10,119739,Kotak Short Term Fund -(Growth) - Direct,61.4282
2026-09-10,119740,Kotak Credit Risk Fund - Direct Plan - Standard Income Distribution cum capital withdrawal option,27.3015
2026-09-10,119741,Kotak Credit Risk Fund - Growth - Direct,36.3501
2026-09-10,119746,Kotak Money Market Fund - (Growth) - Direct,4903.6833
2026-09-10,119747,Kotak Money Market Fund - (Monthly Payout of Income Distribution cum capital withdrawal option) - Direct,1304.1415
2026-09-10,119750,Kotak Ultra Short Term Fund -Growth - Direct,48.5186
2026-09-10,119751,Kotak Ultra Short Term Fund -Monthly Payout of Income Distribution cum capital withdrawal option - Direct,20.9193
2026-09-10,119753,Kotak Dynamic Term Fund - Direct Plan - Standard Income Distribution cum capital withdrawal option,15.2964
2026-09-10,119755,Kotak Dynamic Term Fund - Growth - Direct,43.5851
2026-09-10,119757,Kotak Gilt Fund -Investment  Provident Fund and Trust-Growth - Direct,114.1115
2026-09-10,119758,Kotak Gilt Fund -Investment Regular-Payout of Income Distribution cum capital withdrawal option - Direct,24.5163
2026-09-10,119759,Kotak Gilt Fund -Investment Regular-Growth - Direct,111.4117
2026-09-10,119764,Kotak Liquid Fund - Direct Plan - Daily Reinvestment of Income Distribution cum capital withdrawal option,1222.81
2026-09-10,119766,Kotak Liquid Fund - Direct Plan - Growth,5739.4539
2026-09-10,119767,Kotak Aggressive Hybrid Fund - Direct Plan - IDCW - Payout & Reinvestment of Income Distribution cum  capital withdrawal option,47.652
2026-09-10,119768,Kotak Contra Fund - Direct Plan - IDCW -Payout & Re-investment of Income Distribution cum capital withdrawal option- Direct,64.732
2026-09-10,119769,Kotak Contra Fund - Direct Plan - Growth,181.909
2026-09-10,119770,Kotak  Arbitrage Fund - Direct Plan - IDCW -Payout &  Reinvestment of Income Distribution cum capital withdrawal option,11.2608
2026-09-10,119771,Kotak Arbitrage Fund - Direct Plan - Growth,43.302
2026-09-10,119772,Kotak ELSS Tax Saver Fund-Payout of Income Distribution cum capital withdrawal option - Direct,57.844
2026-09-10,119773,Kotak ELSS Tax Saver Fund-Growth - Direct,138.088
2026-09-10,119774,Kotak Mid Cap Fund  - Direct Plan - IDCW - Payout & Re-investment of Income Distribution cum capital withdrawal option,101.597
2026-09-10,119775,Kotak Mid Cap Fund - Direct Plan - Growth,170.526
2026-09-10,119780,Kotak Gold Fund Payout of Income Distribution cum capital withdrawal option- Direct,61.618
2026-09-10,119781,Kotak Gold Fund Growth - Direct,61.6185
2026-09-10,119782,SBI Healthcare Opportunities Fund - Direct Plan - Income Distribution cum Capital Withdrawal Option (IDCW),422.1477
2026-09-10,119783,SBI HEALTHCARE OPPORTUNITIES FUND - DIRECT PLAN -GROWTH,607.6073
2026-09-10,119784,SBI Ultra Short Term Fund - Direct Plan - Daily Income Distribution cum Capital Withdrawal Option (IDCW),2453.4124
2026-09-10,119788,SBI GOLD FUND- DIRECT PLAN - GROWTH,46.6303
2026-09-10,119789,SBI Gold Fund - Direct Plan - Income Distribution cum Capital Withdrawal Option (IDCW),46.5632
2026-09-10,119792,SBI Credit Risk Fund - Direct Plan - Daily Income Distribution cum Capital Withdrawal Option (IDCW),17.2216
2026-09-10,119793,SBI Credit Risk Fund - Direct Plan - Income Distribution cum Capital Withdrawal Option (IDCW),25.2564
2026-09-10,119798,SBI CREDIT RISK FUND - DIRECT PLAN -GROWTH,54.2731
2026-09-10,119799,SBI Liquid Fund - Direct Plan - Weekly Income Distribution cum Capital Withdrawal Option (IDCW),1386.7010
2026-09-10,119800,SBI Liquid Fund - DIRECT PLAN -Growth,4440.4318
2026-09-10,119804,SBI Liquid Fund - Direct Paln - Fortnightly Income Distribution cum Capital Withdrawal Option (IDCW),1450.0242
2026-09-10,119805,SBI Liquid Fund - Direct Plan - Daily Income Distribution cum Capital Withdrawal Option (IDCW),1144.0484
2026-09-10,119810,SBI Ultra Short to Short Term Fund,1507.3763
2026-09-10,119811,SBI Ultra Short to Short Term Fund - Direct Plan - Fortnightly Income Distribution cum Capital Withdrawal Option (IDCW),1533.7285
2026-09-10,119812,SBI Ultra Short to Short Term Fund - Direct Plan - Growth,3910.3038
2026-09-10,119813,SBI Short Term Fund - Direct Plan - Monthly Income Distribution cum Capital Withdrawal Option (IDCW),20.3561
2026-09-10,119815,SBI Short Term Fund - Direct Plan Fortnightly Income Distribution cum Capital Withdrawal Option (IDCW),24.5880
2026-09-10,119816,SBI SHORT TERM FUND - DIRECT PLAN -GROWTH,36.5055
2026-09-10,119817,SBI Short Term Fund - Direct Plan Weekly Income Distribution cum Capital Withdrawal Option (IDCW),15.9905
2026-09-10,119818,SBI Ultra Short to Short Term Fund - Direct Plan - Monthly Income Distribution cum Capital Withdrawal Option (IDCW),1737.6530
2026-09-10,119819,SBI Ultra Short to Short Term Fund - Direct Plan - Weekly Income Distribution cum Capital Withdrawal Option (IDCW),1509.5838
2026-09-10,119820,SBI Money Market Fund - Direct Plan - Income Distribution cum Capital Withdrawal Option (IDCW),19.0385
2026-09-10,119821,SBI Money Market Fund - Direct Plan - Growth,48.0322
2026-09-10,119822,SBI Money Market Fund - Direct Plan Daily Income Distribution cum Capital Withdrawal Option (IDCW),14.9983
2026-09-10,119823,SBI Money Market Fund - Direct Plan Weekly Income Distribution cum Capital Withdrawal Option (IDCW),16.9282
2026-09-10,119824,SBI MEDIUM TERM FUND - DIRECT PLAN - GROWTH,59.8288
2026-09-10,119825,SBI Medium Term Fund - Direct Plan - Income Distribution cum Capital Withdrawal Option (IDCW),23.2565
2026-09-10,119826,SBI Nifty Index Fund - Direct Plan - Income Distribution cum Capital Withdrawal Option (IDCW),112.8530
2026-09-10,119827,SBI NIFTY INDEX FUND - DIRECT PLAN - GROWTH,219.7139
2026-09-10,119828,SBI ULTRA SHORT TERM FUND - DIRECT PLAN - GROWTH,6561.2015
2026-09-10,119829,SBI Ultra Short Term Fund - Direct Plan - Weekly Income Distribution cum Capital Withdrawal Option (IDCW),1273.6700
2026-09-10,119831,SBI Overnight Fund - Direct Plan - Daily Income Distribution cum Capital Withdrawal Option (IDCW),1390.3005
2026-09-10,119832,SBI Overnight Fund - Direct Plan - Weekly Income Distribution cum Capital Withdrawal Option (IDCW),1419.6933
2026-09-10,119833,SBI OVERNIGHT FUND - DIRECT PLAN - GROWTH,4479.2307
2026-09-10,119836,SBI Conservative Hybrid Fund  - Direct Plan - Quarterly Income Distribution cum Capital Withdrawal Option (IDCW),25.7645
2026-09-10,119837,SBI Conservative Hybrid Fund - Direct Plan - Annual Income Distribution cum Capital Withdrawal Option (IDCW),33.6275
2026-09-10,119838,SBI Conservative Hybrid Fund - Direct Plan - Monthly Income Distribution cum Capital Withdrawal Option (IDCW),27.9165
2026-09-10,119839,SBI Conservative Hybrid Fund - Direct Plan - Growth,84.3253
2026-09-10,119840,SBI Multi Asset Allocation Fund - Direct Plan - Annual Income Distribution cum Capital Withdrawal Option (IDCW),42.6590
2026-09-10,119841,SBI Multi Asset Allocation Fund - Direct Plan - Monthly Income Distribution cum Capital Withdrawal Option (IDCW),33.6204
2026-09-10,119842,SBI Multi Asset Allocation Fund - Direct Plan - Quarterly Income Distribution cum Capital Withdrawal Option (IDCW),35.5653
2026-09-10,119843,SBI MULTI ASSET ALLOCATION FUND - DIRECT PLAN - GROWTH,74.8759
2026-09-10,119861,Tata Liquid Fund- Direct Plan-Growth Option,4484.3440
2026-09-10,119862,Tata Liquid Fund- Direct Plan - Daily Reinvestment of IDCW Option,1001.5187
2026-09-10,119863,Tata Treasury Advantage Fund - Direct Plan - Growth Option,4365.4349
2026-09-10,119864,Tata Treasury Advantage Fund Direct Plan - Daily Reinvestment of IDCW Option,1003.4591
2026-09-10,119865,Tata Treasury Advantage Fund Direct Plan - Weekly Payout of IDCW Option,1008.2167
2026-09-10,119949,Tata Short Term Bond Fund - Direct Plan - Growth Option,56.5895
2026-09-10,119950,Tata Short Term Bond Fund Direct Plan - Monthly Payout of IDCW Option,25.7039
2026-09-10,119953,Tata Gilt Securities Fund- Direct Plan - Growth Option,90.7188
2026-09-10,119954,Tata Gilt Securities Fund - Direct Plan - Payout of IDCW Option,25.5449
2026-09-10,119957,Tata Treasury Advantage Fund Direct Plan - Periodic Payout of IDCW Option,2768.9909
2026-09-10,120029,HSBC Large Cap Fund - Direct IDCW,39.5405
2026-09-10,120030,HSBC Large Cap Fund - Direct Growth,528.4625
2026-09-10,120037,HSBC Liquid Fund - Direct Daily IDCW,1001.576
2026-09-10,120038,HSBC Liquid Fund -  Growth Direct,2830.3968
2026-09-10,120039,HSBC Liquid Fund - Direct Monthly IDCW,1041.2088
2026-09-10,120040,HSBC Liquid Fund - Direct Weekly IDCW,1195.5376
2026-09-10,120045,HSBC Flexi Cap Fund - Direct IDCW,48.0573
2026-09-10,120046,HSBC Flexi Cap Fund - Direct Growth,263.837
2026-09-10,120059,HSBC Medium to Long Duration Fund - Direct Growth,48.8928
2026-09-10,120073,HSBC Conservative Hybrid Fund - Direct Growth,71.7299
2026-09-10,120074,HSBC Conservative Hybrid Fund - Direct Monthly IDCW,17.1716
2026-09-10,120075,HSBC Conservative Hybrid Fund - Direct Quarterly IDCW,14.9639
2026-09-10,120084,PGIM India Dynamic Term Fund - Direct Plan-Growth Option,3115.9127
2026-09-10,120086,PGIM India Dynamic Term Fund - Direct Plan-Quarterly Dividend Option,1165.2374
2026-09-10,120101,HSBC Medium to Long Duration Fund - Direct Quarterly IDCW,10.5005
2026-09-10,120136,SBI 10 Year Constant Maturity Gilt Fund - Direct Plan - Income Distribution cum Capital Withdrawal Option (IDCW),22.5595
2026-09-10,120137,SBI 10 YEAR CONSTANT MATURITY GILT FUND - DIRECT PLAN - GROWTH,69.3533
2026-09-10,120152,Kotak Large Cap  Fund - Growth - Direct,648.813
2026-09-10,120153,Kotak Large Cap Fund - Payout of Income Distribution cum capital withdrawal option - Direct,85.807
2026-09-10,120154,Kotak Conservative Hybrid Fund - Growth - Direct,69.885
2026-09-10,120155,Kotak Conservative Hybrid Fund - Monthly Payout of Income Distribution cum capital withdrawal option - Direct,13.3792
2026-09-10,120157,Kotak Large & Mid Cap Fund - IDCW-Direct,71.185
2026-09-10,120158,Kotak Large & Mid Cap Fund - Direct- Growth,403.412
2026-09-10,120163,Kotak-Small Cap Fund - Payout of Income Distribution cum capital withdrawal option - Direct,143.525
2026-09-10,120164,Kotak-Small Cap Fund - Growth - Direct,326.766
2026-09-10,120165,Kotak Flexi Cap Fund - Payout of Income Distribution cum capital withdrawal option- Direct,58.379
2026-09-10,120166,Kotak Flexi Cap Fund - Growth - Direct,95.592
2026-09-10,120188,ICICI Prudential Liquid Fund - Direct Plan - Daily IDCW,100.1082
2026-09-10,120190,ICICI Prudential Liquid Fund - Direct Plan - Weekly IDCW,100.2332
2026-09-10,120191,ICICI Prudential Liquid Fund - Direct Plan -  IDCW Others,194.9630
2026-09-10,120197,ICICI Prudential Liquid Fund - Direct Plan - Growth,420.3616
2026-09-10,120209,ICICI Prudential Money Market Fund Option - Direct Plan -  Daily IDCW,100.1410
2026-09-10,120211,ICICI Prudential Money Market Fund Option - Direct Plan -  Growth,415.3853
2026-09-10,120212,ICICI Prudential Money Market Fund Option - Direct Plan -  Weekly IDCW,100.7855
2026-09-10,120216,ICICI Prudential Money Market Fund Option - Direct Plan -  IDCW Others,190.3275
2026-09-10,120242,ICICI Prudential Multi Sector Passive FOF - Direct Plan - Growth,175.3873
2026-09-10,120243,ICICI Prudential Multi Sector Passive FOF - Direct Plan -  IDCW,138.1084
2026-09-10,120244,ICICI Prudential Banking and Financial Services Fund - Direct Plan -  Growth,147.07
2026-09-10,120245,ICICI Prudential Banking and Financial Services Fund - Direct Plan -  IDCW,67.57
2026-09-10,120248,LIC MF Liquid Fund-Direct Plan-Daily IDCW,1035.2975
2026-09-10,120249,LIC MF Liquid Fund-Direct Plan-Growth,5156.509
2026-09-10,120251,ICICI Prudential Aggressive Hybrid Fund - Direct Plan - Growth,447.12
2026-09-10,120252,ICICI Prudential Aggressive Hybrid Fund - Direct Plan - Monthly IDCW,69.57
2026-09-10,120256,ICICI Prudential Banking and PSU Debt Fund - Direct Plan - Growth,36.5653
2026-09-10,120258,ICICI Prudential Banking and PSU Debt Fund - Direct Plan -  Quarterly IDCW,13.0485
2026-09-10,120259,LIC MF ULIS (5 Yrs. Single Premium)-Direct Plan-IDCW Reinvestment,41.4345
2026-09-10,120260,LIC MF Aggressive Hybrid Fund-Direct Plan-IDCW,22.7434
2026-09-10,120261,LIC MF Aggressive Hybrid Fund-Direct Plan-Growth,233.5636
2026-09-10,120263,LIC MF Flexi Cap Fund-Direct Plan-IDCW,40.1309
2026-09-10,120264,LIC MF Flexi Cap Fund-Direct Plan-Growth,119.2791
2026-09-10,120267,LIC MF Large Cap Fund-Direct Plan-Growth,60.8207
2026-09-10,120268,LIC MF Large Cap Fund-Direct Plan-IDCW,38.2987
2026-09-10,120269,LIC MF ELSS Tax Saver Fund-Direct Plan-IDCW,37.6422
2026-09-10,120270,LIC MF ELSS Tax Saver Fund-Direct Plan-Growth,170.4737
2026-09-10,120274,LIC MF Conservative Hybrid Fund-Direct Plan-Quarterly IDCW,18.8686
2026-09-10,120275,LIC MF Conservative Hybrid Fund-Direct Plan-Yearly IDCW,14.4471
2026-09-10,120276,LIC MF Conservative Hybrid Fund-Direct Plan-Growth,94.7729
2026-09-10,120277,LIC MF Conservative Hybrid Fund-Direct Plan-Monthly IDCW,13.1927
2026-09-10,120278,LIC MF Medium to Long Term Fund-Direct Plan-IDCW,19.87
2026-09-10,120279,LIC MF Medium to Long Term Fund-Direct Plan-Growth,82.2418
2026-09-10,120282,LIC MF Gilt Fund-Direct Plan-Growth,66.7589
2026-09-10,120283,LIC MF Gilt Fund-Direct Plan-IDCW,19.2307
2026-09-10,120285,LIC MF Children's Fund-Direct Plan-Growth,38.8453
2026-09-10,120299,UTI MMF - Direct Plan - Growth Option,3375.52
2026-09-10,120304,UTI Liquid Fund - Direct Plan - Growth Option,465.7996
2026-09-10,120307,LIC MF Nifty 50 Index Fund-Direct Plan-Growth,140.7254
2026-09-10,120308,LIC MF BSE Sensex Index Fund-Direct Plan-Growth,151.1713
2026-09-10,120309,LIC MF Nifty 50 Index Fund-Direct Plan-IDCW,51.8492
2026-09-10,120312,LIC MF BSE Sensex Index Fund-Direct Plan-IDCW,50.6798
2026-09-10,120313,ICICI Prudential Income plus Arbitrage Omni FOF - Direct Plan - Growth,72.1889
2026-09-10,120314,ICICI Prudential Income plus Arbitrage Omni FOF - Direct Plan - IDCW,55.8228
2026-09-10,120315,LIC MF Ultra Short to Short Term Fund-Direct Plan-Growth,46.3283
2026-09-10,120316,LIC MF Ultra Short to Short Term Fund-Direct Plan-Daily IDCW,10.05
2026-09-10,120317,LIC MF Ultra Short to Short Term Fund-Direct Plan-Monthly IDCW,24.1936
2026-09-10,120318,LIC MF Ultra Short to Short Term Fund-Direct Plan-Weekly IDCW,16.1364
2026-09-10,120322,ICICI Prudential Value Fund (erstwhile Value Discovery Fund) - Direct Plan - IDCW,111.69
2026-09-10,120323,ICICI Prudential Value Fund (erstwhile Value Discovery Fund) - Direct Plan - Growth,494.70
2026-09-10,120332,Invesco India Balanced Advantage Fund - Direct Plan - IDCW (Payout / Reinvestment),21.44
2026-09-10,120333,Invesco India Balanced Advantage Fund - Direct Plan - Growth,62.54
2026-09-10,120336,LIC MF Banking & PSU Debt Fund-Direct Plan-Weekly IDCW,10.0537
2026-09-10,120337,LIC MF Banking & PSU Debt Fund-Direct Plan-Daily IDCW,14.3144
2026-09-10,120338,LIC MF Banking & PSU Debt Fund-Direct Plan-Growth,40.1157
2026-09-10,120339,LIC MF Banking & PSU Debt Fund-Direct Plan-Monthly IDCW,15.1081
2026-09-10,120348,Invesco India Contra Fund - Direct Plan - Growth,159.8
2026-09-10,120349,Invesco India Contra Fund - Direct Plan - IDCW (Payout / Reinvestment),66.54
2026-09-10,120350,LIC MF Infrastructure Fund-Direct Plan-IDCW,62.1978
2026-09-10,120351,LIC MF Infrastructure Fund-Direct Plan-Growth,63.3466
2026-09-10,120356,Invesco India Large & Mid Cap Fund - Direct Plan - IDCW (Payout / Reinvestment),56.42
2026-09-10,120357,Invesco India Large & Mid Cap Fund - Direct Plan - Growth,132.46
2026-09-10,120364,ICICI Prudential Arbitrage Fund - Direct Plan - Growth,39.7341
2026-09-10,120365,ICICI Prudential Arbitrage Fund - Direct Plan - IDCW,17.9080
2026-09-10,120376,ICICI Prudential Balanced Advantage Fund - Direct Plan -  IDCW,29.80
2026-09-10,120377,ICICI Prudential Balanced Advantage Fund - Direct Plan -  Growth,87.77
2026-09-10,120380,ICICI Prudential Mid Cap Fund - Direct Plan -  IDCW,71.92
2026-09-10,120381,ICICI Prudential Mid Cap Fund - Direct Plan -  Growth,388.25
2026-09-10,120384,Invesco India Financial Services Fund - Direct Plan - IDCW (Payout / Reinvestment),90.74
2026-09-10,120385,Invesco India Financial Services Fund - Direct Plan - Growth,176.3
2026-09-10,120388,Axis Liquid Fund - Direct Plan - Daily IDCW,1000.9560
2026-09-10,120389,Axis Liquid Fund - Direct Plan - Growth Option,3161.3455
2026-09-10,120390,Axis Liquid Fund - Direct Plan - Weekly IDCW,1002.5458
2026-09-10,120391,Axis Liquid Fund - Direct Plan - Monthly IDCW,1003.8329
2026-09-10,120392,Invesco India Large Cap Fund - Direct Plan - Growth,87.24
2026-09-10,120393,Invesco India Large Cap Fund - Direct Plan - IDCW (Payout / Reinvestment),35.41
2026-09-10,120394,Invesco India PSU Equity Fund - Direct Plan - IDCW (Payout / Reinvestment),48.75
2026-09-10,120395,Invesco India PSU Equity Fund - Direct Plan - Growth,76.91
2026-09-10,120396,ICICI Prudential Ultra Short to Short Term Fund - Direct Plan - Weekly IDCW,105.5072
2026-09-10,120397,ICICI Prudential Ultra Short to Short Term Fund - Direct Plan - Daily IDCW,105.7182
2026-09-10,120398,ICICI Prudential Ultra Short to Short Term Fund - Direct Plan - Growth,596.1172
2026-09-10,120399,ICICI Prudential Ultra Short to Short Term Fund - Direct Plan - IDCW Others,200.0184
2026-09-10,120400,Invesco India Arbitrage Fund - Direct Plan - IDCW (Payout / Reinvestment),20.281
2026-09-10,120401,Invesco India Arbitrage Fund - Direct Plan - Growth Option,37.3488
2026-09-10,120402,Invesco India Mid Cap Fund - Direct Plan - IDCW (Payout / Reinvestment),84.7
2026-09-10,120403,Invesco India Mid Cap Fund - Direct Plan - Growth Option,242.6
2026-09-10,120404,Invesco India Infrastructure Fund - Direct Plan - IDCW (Payout / Reinvestment),54.6
2026-09-10,120405,Invesco India Infrastructure Fund - Direct Plan - Growth Option,81.6
2026-09-10,120406,JM Liquid Fund (Direct) - Growth Option,77.4882
2026-09-10,120407,JM Liquid Fund (Direct) - Weekly IDCW,11.0096
2026-09-10,120408,JM Liquid Fund (Direct) - Quarterly IDCW,43.9932
2026-09-10,120411,JM Liquid Fund (Direct) - Daily IDCW,10.4302
2026-09-10,120412,Invesco India Multi Cap Fund - Direct Plan - IDCW (Payout / Reinvestment),144.87
2026-09-10,120413,Invesco India Multi Cap Fund - Direct Plan - Growth Option,160.1
2026-09-10,120416,Invesco India ELSS Tax Saver Fund - Direct Plan - Growth,152.57
2026-09-10,120417,Invesco India ELSS Tax Saver Fund - Direct Plan - IDCW Payout,33.17
2026-09-10,120423,ICICI Prudential Floating Interest Rates Fund - Direct Plan - Daily IDCW,100.1397
2026-09-10,120424,ICICI Prudential Floating Interest Rates Fund - Direct Plan - Weekly IDCW,102.2978
2026-09-10,120425,ICICI Prudential Floating Interest Rates Fund - Direct Plan - Growth,502.7982
2026-09-10,120426,ICICI Prudential Floating Interest Rates Fund - Direct Plan - IDCW Others,214.9634
2026-09-10,120430,JM Medium to Long Term Fund (Direct) - Growth Option,72.3919
2026-09-10,120431,JM Medium to Long Term Fund (Direct) - Quarterly IDCW,25.5801
2026-09-10,120432,JM Dynamic Term Fund (Direct) - Daily IDCW,10.1024
2026-09-10,120433,JM Dynamic Term Fund (Direct) - Weekly IDCW,10.5544
2026-09-10,120434,JM Dynamic Term Fund (Direct) - IDCW,46.8439
2026-09-10,120435,JM Dynamic Term Fund - (Direct) - Growth Option,46.5935
2026-09-10,120436,Axis Banking & PSU Debt Fund - Direct Plan - Weekly IDCW,1037.8514
2026-09-10,120437,Axis Banking & PSU Debt Fund - Direct Plan - Daily IDCW,1038.2769
2026-09-10,120438,Axis Banking & PSU Debt Fund - Direct Plan - Growth Option,2899.2192
2026-09-10,120439,Axis Banking & PSU Debt Fund - Direct Plan - Monthly IDCW,1035.2094
2026-09-10,120443,Invesco India Banking and PSU Debt Fund - Direct Plan - Daily IDCW (Reinvestment),1063.8655
2026-09-10,120444,Invesco India Banking and PSU Debt Fund - Direct Plan -  Growth Option,2586.3552
2026-09-10,120445,Invesco India Banking and PSU Debt Fund - Direct Plan - Monthly IDCW (Payout / Reinvestment),1013.4923
2026-09-10,120447,Axis Gilt Fund - Direct Plan - Growth Option,28.4726
2026-09-10,120448,Axis Gilt Fund - Direct Plan - Half Yearly IDCW,12.5956
2026-09-10,120449,Axis Gilt Fund - Direct Plan - Regular IDCW,9.9529
2026-09-10,120450,Axis Dynamic Bond Fund - Direct Plan - Half Yearly IDCW,13.2088
2026-09-10,120451,Axis Dynamic Bond Fund - Direct Plan - Growth Option,34.7965
2026-09-10,120452,Axis Dynamic Bond Fund - Direct Plan - Quarterly IDCW,11.5582
2026-09-10,120465,Axis Large Cap Fund - Direct Plan - Growth,68.80
2026-09-10,120466,Axis Large Cap Fund - Direct Plan - IDCW,24.93
2026-09-10,120467,Axis Focused Fund - Direct Plan - IDCW,33.34
2026-09-10,120468,Axis Focused Fund - Direct Plan - Growth Option,65.52
2026-09-10,120472,Axis Gold Fund - Direct Plan - IDCW,48.1620
2026-09-10,120473,Axis Gold Fund - Direct Plan - Growth option,48.1172
2026-09-10,120474,Axis Strategic Bond Fund - Direct Plan - Half Yearly IDCW,12.1359
2026-09-10,120475,Axis Strategic Bond Fund - Direct Plan - Growth Option,33.4026
2026-09-10,120476,Axis Strategic Bond Fund - Direct Plan - Quarterly IDCW,10.4979
2026-09-10,120477,Axis Conservative Hybrid Fund - Direct Plan - Annual IDCW,16.4292
2026-09-10,120478,Axis Conservative Hybrid Fund - Direct Plan - Half Yearly,13.4259
2026-09-10,120479,Axis Conservative Hybrid Fund - Direct Plan - Quarterly,12.7940
2026-09-10,120480,Axis Conservative Hybrid Fund - Direct Plan - Growth Option,36.0683
2026-09-10,120481,JM Arbitrage Fund (Direct)- IDCW,17.6449
2026-09-10,120482,JM Arbitrage Fund (Direct) - Growth Option,37.4438
2026-09-10,120483,JM Aggressive Hybrid Fund (Direct) - IDCW,77.3045
2026-09-10,120484,JM Aggressive Hybrid Fund (Direct) - Growth Option,140.2167
2026-09-10,120485,JM Value Fund (Direct) - IDCW,75.1974
2026-09-10,120486,JM Value Fund (Direct) - Growth Option,110.367
2026-09-10,120487,JM Focused Fund (Direct) -  IDCW,23.6358
2026-09-10,120488,JM Focused Fund (Direct)  - Growth Option,24.1175
2026-09-10,120489,JM Large Cap Fund (Direct) - IDCW,71.2996
2026-09-10,120490,JM Large Cap Fund (Direct) - Growth Option,177.5882
2026-09-10,120491,JM Flexi Cap Fund (Direct) - IDCW,104.572
2026-09-10,120492,JM Flexi Cap Fund (Direct) - Growth Option,115.047
2026-09-10,120493,JM ELSS - Tax Saver Fund (Direct) - IDCW,59.5861
2026-09-10,120494,JM ELSS - Tax Saver Fund (Direct) - Growth Option,61.0923
2026-09-10,120496,Invesco India Corporate Bond Fund - Direct Plan - Monthly IDCW (Payout / Reinvestment),1258.2614
2026-09-10,120497,Invesco India Corporate Bond Fund - Direct Plan - Growth,3628.0596
2026-09-10,120499,Invesco India Corporate Bond Fund - Direct Plan - Discretionary IDCW (Payout / Reinvestment),3629.2157
2026-09-10,120500,Invesco India Corporate Bond Fund - Direct Plan - Annual IDCW (Payout / Reinvestment),1246.3707
2026-09-10,120501,Invesco India Corporate Bond Fund - Direct Plan - Quarterly IDCW (Payout / Reinvestment),1176.2961
2026-09-10,120502,Axis ELSS Tax Saver Fund - Direct Plan - IDCW,51.1499
2026-09-10,120503,Axis ELSS Tax Saver Fund - Direct Plan - Growth Option,110.5455
2026-09-10,120504,Axis Midcap Fund - Direct Plan - IDCW,55.72
2026-09-10,120505,Axis Midcap Fund - Direct Plan - Growth,143.77
2026-09-10,120506,Invesco India Money Market Fund - Direct Plan - Daily IDCW (Reinvestment),1012.1543
2026-09-10,120507,Invesco India Money Market Fund - Direct Plan - Growth,3405.23
2026-09-10,120508,Invesco India Money Market Fund - Direct Plan - Discretionary IDCW (Payout / Reinvestment),3050.5759
2026-09-10,120509,Invesco India Money Market Fund - Direct Plan - Monthly IDCW (Payout / Reinvestment),1241.8394
2026-09-10,120510,Axis Short Duration Fund - Direct Plan - Growth Option,36.3307
2026-09-10,120511,Axis Short Duration Fund - Direct Plan - Monthly IDCW,10.0396
2026-09-10,120512,Axis Short Duration Fund - Direct Plan - Weekly IDCW,10.2443
2026-09-10,120513,Axis Treasury Advantage Fund - Direct Plan - Growth Option,3505.5306
2026-09-10,120514,Axis Treasury Advantage Fund - Direct Plan - Weekly IDCW,1011.9410
2026-09-10,120515,Axis Treasury Advantage Fund - Direct Plan - Daily IDCW,1012.4645
2026-09-10,120516,Axis Treasury Advantage Fund - Direct Plan - Monthly IDCW,1013.8377
2026-09-10,120517,Aditya Birla Sun Life Aggressive Hybrid Fund - Direct Plan-Growth,1735.29
2026-09-10,120518,Aditya Birla Sun Life Aggressive Hybrid Fund -DIRECT - IDCW,290.12
2026-09-10,120519,Invesco India Gilt Fund - Direct Plan - Annual IDCW (Payout / Reinvestment),1211.2873
2026-09-10,120520,Invesco India Gilt Fund - Direct  Plan - Growth,3234.507
2026-09-10,120521,Invesco India Gilt Fund - Direct Plan - Monthly IDCW (Reinvestment),2524.0067
2026-09-10,120522,Invesco India Gilt Fund - Direct Plan - Quarterly IDCW (Payout / Reinvestment),1120.8785
2026-09-10,120523,Axis Multi Asset Allocation Fund - Direct Plan - Monthly IDCW,27.4776
2026-09-10,120524,Axis Multi Asset Allocation Fund - Direct Plan - Growth Option,53.0307
2026-09-10,120530,Invesco India Gold ETF Fund of Fund - Direct Plan - IDCW (Payout / Reinvestment),44.3971
2026-09-10,120531,Invesco India Gold ETF Fund of Fund - Direct Plan - Growth,44.4652
2026-09-10,120534,Invesco India Liquid Fund - Direct Plan- Daily IDCW (Reinvestment),1005.8604
2026-09-10,120535,Invesco India Liquid Fund - Direct Plan - Weekly IDCW (Reinvestment),1072.9136
2026-09-10,120536,Invesco India Liquid Fund - Direct Plan - Monthly IDCW (Payout / Reinvestment),1084.9825
2026-09-10,120537,Invesco India Liquid Fund - Direct Plan - Growth,3899.1031
2026-09-10,120541,Invesco India Ultra Short Term Fund - Direct Plan - Growth,3115.6219
2026-09-10,120542,Invesco India Ultra Short Term Fund - Direct Plan - Monthly IDCW (Payout / Reinvestment),1355.4336
2026-09-10,120543,Invesco India Ultra Short Term Fund - Direct Plan - Annual IDCW (Payout / Reinvestment),2218.5381
2026-09-10,120544,Invesco India Ultra Short Term Fund - Direct Plan - Quarterly IDCW (Payout / Reinvestment),1046.3309
2026-09-10,120545,Aditya Birla Sun Life Gold Fund-DIRECT - IDCW,46.0207
2026-09-10,120546,Aditya Birla Sun Life Gold Fund - Growth - Direct Plan,46.0224
2026-09-10,120550,Aditya Birla Sun Life Conservative Hybrid Fund - DIRECT - MONTHLY IDCW,27.0614
2026-09-10,120558,UTI Liquid Fund - Direct Plan - Daily IDCW (Reinvestment),106.5304
2026-09-10,120559,Invesco India Short Term Fund - Direct Plan - Daily IDCW (Reinvestment),1022.5639
2026-09-10,120560,Invesco India Short Term Fund - Direct Plan - Growth,4205.5645
2026-09-10,120561,Invesco India Short Term Fund - Direct Plan - Monthly IDCW (Payout / Reinvestment),2767.4129
2026-09-10,120562,Invesco India Short Term Fund - Direct Plan -Weekly IDCW (Reinvestment),1021.8034
2026-09-10,120563,Invesco India Short Term Fund - Direct Plan -Discretionary IDCW (Payout / Reinvestment),2967.024
2026-09-10,120564,Aditya Birla Sun Life Flexi Cap Fund - Growth - Direct Plan,2190.92
2026-09-10,120565,Aditya Birla Sun Life Flexi Cap Fund -DIRECT - IDCW,238.54
2026-09-10,120566,Invesco India Ultra Short to Short Term Fund - Direct Plan -Daily IDCW (Reinvestment),1018.9419
2026-09-10,120567,Invesco India Ultra Short to Short Term Fund - Direct Plan - Discretionary IDCW (Payout / Reinvestment),4246.407
2026-09-10,120568,Invesco India Ultra Short to Short Term Fund - Direct Plan - Weekly IDCW (Payout / Reinvestment),1206.2202
2026-09-10,120570,Invesco India Ultra Short to Short Term Fund - Direct Plan - Growth,4244.4963
2026-09-10,120571,Invesco India Ultra Short to Short Term Fund - Direct Plan - Monthly IDCW (Payout / Reinvestment),1088.9542
2026-09-10,120575,SBI CONSUMPTION OPPORTUNITIES FUND - DIRECT PLAN - GROWTH,318.7828
2026-09-10,120576,SBI CONSUMPTION OPPORTUNITIES FUND - REGULAR - GROWTH,276.1227
2026-09-10,120579,ICICI Prudential Children's Fund - Direct Plan,359.67
2026-09-10,120585,ICICI Prudential Large Cap Fund (erstwhile Bluechip Fund)  - Direct Plan - IDCW,59.06
2026-09-10,120586,ICICI Prudential Large Cap Fund (erstwhile Bluechip Fund) - Direct Plan - Growth,116.74
2026-09-10,120587,ICICI Prudential FMCG Fund - Direct Plan -  Growth,434.53
2026-09-10,120588,ICICI Prudential FMCG Fund - Direct Plan -  IDCW,142.66
2026-09-10,120589,ICICI Prudential Gilt Fund - Direct Plan - IDCW,18.6632
2026-09-10,120590,ICICI Prudential Gilt Fund - Direct Plan - Growth,116.9496
2026-09-10,120591,ICICI Prudential Small Cap Fund - Direct Plan - Growth,104.08
2026-09-10,120592,ICICI Prudential ELSS - Tax Saver Fund - Direct Plan - Growth,1028.58
2026-09-10,120593,ICICI Prudential ELSS - Tax Saver Fund - Direct Plan - IDCW,44.17
2026-09-10,120596,ICICI Prudential Large & Mid Cap Fund - Direct Plan - Growth,1167.47
2026-09-10,120597,ICICI Prudential Large & Mid Cap Fund - Direct Plan - IDCW,54.54
2026-09-10,120598,ICICI Prudential Multi Cap Fund - Direct Plan -  IDCW,64.55
2026-09-10,120599,ICICI Prudential Multi Cap Fund - Direct Plan -  Growth,965.60
2026-09-10,120600,ICICI Prudential Dynamic Term Fund - Direct Plan - IDCW,27.6753
2026-09-10,120601,ICICI Prudential Dynamic Term Fund - Direct Plan - Annual IDCW,10.9549
2026-09-10,120602,ICICI Prudential Dynamic Term Fund - Direct Plan - Quarterly IDCW,12.2802
2026-09-10,120603,ICICI Prudential Dynamic Term Fund - Direct Plan - Growth,42.6476
2026-09-10,120604,ICICI Prudential Dynamic Term Fund - Direct Plan - Weekly IDCW,10.5124
2026-09-10,120613,ICICI Prudential Conservative Hybrid Fund - Direct Plan - Half Yearly IDCW,16.3012
2026-09-10,120614,ICICI Prudential Conservative Hybrid Fund - Direct Plan - Quarterly IDCW,14.7538
2026-09-10,120615,ICICI Prudential Conservative Hybrid Fund - Direct Plan - Monthly IDCW,16.1521
2026-09-10,120616,ICICI Prudential Conservative Hybrid Fund - Direct Plan - Growth,87.3724
2026-09-10,120617,ICICI Prudential Medium to Long Term Fund - Direct Plan - IDCW Monthly,11.5148
2026-09-10,120618,ICICI Prudential Medium to Long Term Fund - Direct Plan - IDCW Quarterly,11.8870
2026-09-10,120619,ICICI Prudential Medium to Long Term Fund - Direct Plan - Growth,44.9737
2026-09-10,120620,ICICI Prudential Nifty 50 Index Fund - Direct Plan Cumulative Option,248.5488
2026-09-10,120621,ICICI Prudential Infrastructure Fund - Direct Plan -  Growth,221.31
2026-09-10,120622,ICICI Prudential Infrastructure Fund - Direct Plan -  IDCW,48.35
2026-09-10,120656,UTI Large Cap Fund - Direct Plan - Growth Option,288.3653
2026-09-10,120657,UTI Large Cap Fund - Direct Plan - IDCW,61.2899
2026-09-10,120662,UTI - Flexi Cap Fund-Growth Option - Direct,348.9246
2026-09-10,120663,UTI Flexi Cap Fund - Direct Plan - IDCW,232.2037
2026-09-10,120664,UTI Large & Mid Cap Fund - Direct Plan - IDCW,97.0964
2026-09-10,120665,UTI Large & Mid Cap Fund - Direct Plan - Growth Option,197.5878
2026-09-10,120670,ICICI Prudential Medium Term Fund - Direct Plan - Growth,53.8308
2026-09-10,120671,ICICI Prudential Medium Term Fund - Direct Plan - Quarterly IDCW,11.6767
2026-09-10,120673,UTI Aggressive Hybrid Fund - Direct Plan - IDCW,44.7343
2026-09-10,120674,UTI Aggressive Hybrid Fund -Direct Plan - Growth,434.8794
2026-09-10,120675,ICICI Prudential Ultra Short Term Fund - Direct Plan -  Quarterly IDCW,11.1644
2026-09-10,120676,ICICI Prudential Ultra Short Term Fund - Direct Plan -  Growth,32.4296
2026-09-10,120677,ICICI Prudential Ultra Short Term Fund - Direct Plan -  Monthly IDCW,10.8105
2026-09-10,120681,UTI MNC Fund - Direct Plan - IDCW,231.6299
2026-09-10,120682,UTI - MNC Fund - Growth Option - Direct,446.5303
2026-09-10,120683,ICICI Prudential Nifty Next 50 Index Fund - Direct Plan -  IDCW,67.4922
2026-09-10,120684,ICICI Prudential Nifty Next 50 Index Fund - Direct Plan -  Growth,67.5175
2026-09-10,120685,ICICI Prudential Gold ETF FOF - Direct Plan - Growth,48.7947
2026-09-10,120686,ICICI Prudential Gold ETF FOF - Direct Plan - IDCW,48.7992
2026-09-10,120687,ICICI Prudential Exports & Services Fund - Direct Plan - IDCW,78.91
2026-09-10,120688,ICICI Prudential Exports & Services Fund - Direct Plan - Growth,185.52
2026-09-10,120689,UTI Medium to Long Term Fund-Growth - Direct,83.4778
2026-09-10,120690,UTI Medium to Long Term Fund - Direct Plan - Discontinued Quarterly IDCW,26.3443
2026-09-10,120692,ICICI Prudential Corporate Bond Fund - Direct Plan - Growth,33.6011
2026-09-10,120694,ICICI Prudential Corporate Bond Fund - Direct Plan - Quarterly IDCW,15.5650
2026-09-10,120697,ICICI Prudential Corporate Bond Fund - Direct Plan - Monthly IDCW,10.2495
2026-09-10,120702,ICICI Prudential Diversified Debt Strategy Active FOF  - Direct Plan - Growth,49.9697
2026-09-10,120703,ICICI Prudential Diversified Debt Strategy Active FOF - Direct Plan -  IDCW,43.9930
2026-09-10,120705,Aditya Birla Sun Life Conservative Hybrid Fund - Growth / Payment - Direct Plan,79.3203
2026-09-10,120709,ICICI Prudential Credit Risk Fund - Direct Plan - Quarterly IDCW,11.8950
2026-09-10,120711,ICICI Prudential Credit Risk Fund - Direct Plan - Growth,38.7377
2026-09-10,120714,UTI ELSS Tax Saver Fund - Direct Plan - IDCW,52.6761
2026-09-10,120715,UTI ELSS Tax Saver Fund - Direct Plan - Growth Option,223.5227
2026-09-10,120716,UTI Nifty 50 Index Fund - Growth Option- Direct,165.3512
2026-09-10,120717,UTI Nifty 50 Index Fund - Direct Plan - IDCW,83.3063
2026-09-10,120718,UTI Short Term Fund - Direct Plan - Growth Option,36.1277
2026-09-10,120719,UTI Short Term Fund - Direct Plan - Discontinued Quarterly IDCW,20.4276
2026-09-10,120722,ICICI Prudential Focused Fund - Direct Plan - Growth,108.42
2026-09-10,120723,ICICI Prudential Focused Fund - Direct Plan - IDCW,63.12
2026-09-10,120724,UTI Children's Equity Fund - Direct Plan - Growth Option,89.1783
2026-09-10,120725,UTI Children's Equity Fund - Direct Plan - IDCW,89.3323
2026-09-10,120726,UTI Mid Cap Fund-Growth Option- Direct,355.1359
2026-09-10,120727,UTI Mid Cap Fund - Direct Plan - IDCW,174.7634
2026-09-10,120728,UTI Infrastructure Fund-Growth Option- Direct,151.1774
2026-09-10,120729,UTI Infrastructure Fund - Direct Plan - IDCW,79.1116
2026-09-10,120730,UTI Transportation and Logistics Fund - Direct Plan - IDCW,159.1308
2026-09-10,120731,UTI-Transportation and Logistics  Fund-Growth Option- Direct,344.0679
2026-09-10,120732,UTI Banking and Financial Services Fund - Direct Plan - IDCW,87.0945
2026-09-10,120733,UTI Banking and Financial Services Fund - Direct Plan - Growth Option,222.5303
2026-09-10,120734,UTI Ultra Short to Short Term Fund - Direct Plan - Quarterly IDCW,2084.7069
2026-09-10,120735,UTI Ultra Short to Short Term Fund - Direct Plan - Growth Option,3888.1433
2026-09-10,120736,UTI Ultra Short to Short Term Fund - Direct Plan - Monthly IDCW,1518.0429
2026-09-10,120737,UTI Ultra Short to Short Term Fund - Direct Plan - Daily IDCW (Reinvestment),1484.4762
2026-09-10,120739,UTI Ultra Short to Short Term Fund - Direct Plan - Weekly IDCW,1023.1295
2026-09-10,120743,ICICI Prudential Long Term Fund - Direct Plan - Growth,101.0964
2026-09-10,120744,UTI Ultra Short Term Fund - Direct Plan - Daily IDCW (Reinvestment),1635.99
2026-09-10,120745,UTI Ultra Short Term Fund - Direct Plan - Weekly IDCW (Reinvestment),1084.4804
2026-09-10,120746,UTI Ultra Short Term Fund - Direct Plan - Growth Option,4917.5593
2026-09-10,120747,ICICI Prudential Long Term Fund - Direct Plan - Quarterly IDCW,12.5412
2026-09-10,120749,UTI-Dividend Yield Fund.-Growth-Direct,187.8894
2026-09-10,120750,UTI Dividend Yield Fund - Direct Plan - IDCW,39.4372
2026-09-10,120751,UTI Value Fund - Direct Plan - Growth Option,179.6392
2026-09-10,120752,UTI Value Fund - Direct Plan - IDCW,58.5868
2026-09-10,120754,ICICI Prudential Short Term Fund - Direct Plan - Growth Option,70.8797
2026-09-10,120755,ICICI Prudential Short Term Fund - Direct Plan - Monthly IDCW,12.7149
2026-09-10,120760,UTI Multi Asset Allocation Fund - Direct Plan - Growth Option,87.9114
2026-09-10,120761,UTI Multi Asset Allocation Fund - Direct Plan - IDCW,34.507
2026-09-10,120762,UTI Dynamic Term Fund - Direct Plan - Growth Option,35.6228
2026-09-10,120763,UTI Dynamic Term Fund - Direct Plan - Discontinued Quarterly IDCW,27.4132
2026-09-10,120764,UTI Credit Risk Fund - Direct Plan - Growth Option,20.9046
2026-09-10,120765,UTI Credit Risk Fund - Direct Plan - Discontinued Quarterly IDCW,14.7514
2026-09-10,120766,UTI Retirement Fund- Direct Plan,54.6113
2026-09-10,120771,UTI Children's Hybrid Fund - Direct Plan,41.2036
2026-09-10,120772,UTI Money Market Fund - Direct Plan - Daily IDCW (Reinvestment),1030.8104
2026-09-10,120777,UTI Liquid Fund - Direct Plan - Weekly IDCW,105.9334
2026-09-10,120778,UTI Conservative Hybrid Fund - Direct Plan - Monthly IDCW,19.084
2026-09-10,120779,UTI Conservative Hybrid Fund - Direct Plan - Growth Option,76.8394
2026-09-10,120780,UTI India Consumer Fund - Direct Plan - Growth Option,62.305
2026-09-10,120781,UTI India Consumer Fund - Direct Plan - IDCW,54.6967
2026-09-10,120782,UTI Healthcare Fund - Direct Plan - Growth Option,390.8579
2026-09-10,120783,UTI Healthcare Fund - Direct Plan - IDCW,302.1046
2026-09-10,120784,UTI - Unit Linked Insurance Plan- Direct,46.699
2026-09-10,120785,UTI - Overnight Fund - Direct Plan - Growth Option,3771.1868
2026-09-10,120786,UTI Overnight Fund - Direct Plan - Periodic IDCW,1979.1714
2026-09-10,120789,UTI Conservative Hybrid Fund - Direct Plan - Flexi IDCW,49.9159
2026-09-10,120790,UTI Conservative Hybrid Fund - Direct Plan - Monthly Payment Option,75.5871
2026-09-10,120791,UTI Gilt Fund - Direct Plan - IDCW,31.5656
2026-09-10,120792,UTI - GILT FUND - Direct Plan - Growth Option,68.2077
2026-09-10,120793,UTI Money Market Fund - Direct Plan - Weekly IDCW,1134.3636
2026-09-10,120794,UTI Liquid Fund - Direct Plan - Monthly IDCW,104.5439
2026-09-10,120795,UTI Arbitrage Fund - Direct Plan - Growth Option,40.277
2026-09-10,120796,UTI Arbitrage Fund - Direct Plan - IDCW,23.46
2026-09-10,120818,quant Aggressive Hybrid Fund-IDCW Option-Direct Plan,70.4481
2026-09-10,120819,quant Aggressive Hybrid Fund-Growth Option-Direct Plan,508.6396
2026-09-10,120820,quant Multi Asset Allocation Fund - IDCW Option - Direct Plan,167.3674
2026-09-10,120821,quant Multi Asset Allocation Fund-GROWTH OPTION-Direct Plan,181.6072
2026-09-10,120822,quant Multi Cap Fund-IDCW Option - Direct Plan,84.8222
2026-09-10,120823,quant Multi Cap Fund-GROWTH OPTION-Direct Plan,732.4333
2026-09-10,120825,quant Large & Mid Cap Fund - IDCW Option - Direct Plan,64.0506
2026-09-10,120826,quant Large & Mid Cap Fund - Growth Option-Direct Plan,137.5596
2026-09-10,120827,quant Small Cap Fund - IDCW Option - Direct Plan,252.8167
2026-09-10,120828,quant Small Cap Fund - Growth Option - Direct Plan,323.4234
2026-09-10,120832,quant Infrastructure Fund - IDCW Option - Direct Plan,46.308
2026-09-10,120833,quant Infrastructure Fund - Growth Option-Direct Plan,46.3455
2026-09-10,120834,quant Focused Fund - Growth Option-Direct Plan,104.6444
2026-09-10,120835,quant Focused Fund - IDCW Option - Direct Plan,61.1713
2026-09-10,120836,quant Liquid Fund-Daily IDCW Option - Direct Plan,13.1611
2026-09-10,120837,quant Liquid Fund - Growth Option - Direct Plan,45.4824
2026-09-10,120838,quant Liquid Fund - Monthly IDCW Option - Direct Plan,15.8037
2026-09-10,120839,quant Liquid Fund - Weekly IDCW Option - Direct Plan,14.7131
2026-09-10,120840,quant Mid Cap Fund - IDCW Option - Direct Plan,87.5298
2026-09-10,120841,quant Mid Cap Fund - Growth Option - Direct Plan,249.2025
2026-09-10,120842,quant Flexi Cap Fund - IDCW Option - Direct Plan,82.4772
2026-09-10,120843,quant Flexi Cap Fund - Growth Option-Direct Plan,121.3359
2026-09-10,120846,quant ELSS Tax Saver Fund - IDCW Option - Direct Plan,61.6052
2026-09-10,120847,quant ELSS Tax Saver Fund - Growth Option - Direct Plan,462.1398
2026-09-10,120870,ICICI Prudential Small Cap Fund - Direct Plan - IDCW,72.02
2026-09-10,121109,SBI BSE SENSEX ETF,835.7429
2026-09-10,121146,Nippon India ETF Nifty 100,261.6919
2026-09-10,121279,Bandhan Banking and PSU Debt Fund - Direct Growth,27.1625
2026-09-10,121280,Bandhan Banking and PSU Debt Fund - Regular Growth,26.2982
2026-09-10,121281,Bandhan Banking and PSU Debt Fund - Direct IDCW,14.2880
2026-09-10,121282,Bandhan Banking and PSU Debt Fund - Regular IDCW,14.2009
2026-09-10,121366,ICICI Prudential Nifty 50 ETF,266.4222
2026-09-10,121891,UTI Ultra Short Term Fund - Regular Plan - Flexi IDCW,1756.3439
2026-09-10,121892,UTI Ultra Short Term Fund - Direct Plan - Flexi IDCW,2385.8781
2026-09-10,121931,Bandhan Banking and PSU Debt Fund - Regular Fortnightly IDCW,10.6098
2026-09-10,121932,Bandhan Banking and PSU Debt Fund - Regular Monthly IDCW,10.7021
2026-09-10,121933,Bandhan Banking and PSU Debt Fund - Regular Annual IDCW,11.4308
2026-09-10,121934,Bandhan Banking and PSU Debt Fund - Direct Fortnightly IDCW,10.4541
2026-09-10,121935,Bandhan Banking and PSU Debt Fund - Direct Monthly IDCW,10.4584
2026-09-10,121936,Bandhan Banking and PSU Debt Fund - Direct Annual IDCW,12.4353
2026-09-10,121937,Bandhan Banking and PSU Debt Fund - Regular Quarterly IDCW,10.9755
2026-09-10,121938,Bandhan Banking and PSU Debt Fund - Direct Quarterly IDCW,11.0867
2026-09-10,121940,SBI Medium to Long Term Fund - Direct Plan - Quarterly Income Distribution cum Capital Withdrawal Option (IDCW),23.3583
2026-09-10,121944,SBI Medium to Long Term Fund - Regular Plan - Quarterly Income Distribution cum Capital Withdrawal Option (IDCW),20.8126
2026-09-10,122168,ICICI Prudential Balanced Advantage Fund - Monthly IDCW,22.49
2026-09-10,122236,ICICI Prudential Balanced Advantage Fund - Direct Plan - Monthly IDCW,27.20
2026-09-10,122387,Motilal Oswal Focused Fund - Regular Plan Growth Option,53.9114
2026-09-10,122388,Motilal Oswal Focused Fund Regular - IDCW Payout/Reinvestment,22.2577
2026-09-10,122389,Motilal Oswal Focused Fund - Direct Plan Growth Option,63.8375
2026-09-10,122390,Motilal Oswal Focused Fund Direct - IDCW Payout/Reinvestment,26.2416
2026-09-10,122443,Franklin India Money Market Fund Retail Option - Daily - IDCW,10.0665
2026-09-10,122444,Franklin India Money Market Fund Retail Option - Direct - Daily - IDCW,10.0704
2026-09-10,122531,ICICI Prudential Ultra Short to Short Term Fund - Monthly IDCW,101.9234
2026-09-10,122612,360 ONE Dynamic Term Fund - Regular Plan - Growth Option,24.2148
2026-09-10,122618,BANDHAN Dynamic Term Fund-Direct Plan-Half Yearly IDCW,11.4428
2026-09-10,122643,Aditya Birla Sun Life Floating Interest Rate Fund-Regular - DAILY IDCW,100.1393
2026-09-10,122644,Aditya Birla Sun Life Floating Interest Rate Fund-Regular Plan-Growth,374.3340
2026-09-10,122645,Aditya Birla Sun Life Floating Interest Rate Fund-Direct - daily IDCW,100.1411
2026-09-10,122646,Aditya Birla Sun Life Floating Interest Rate Fund-Direct Plan-Growth,385.6185
2026-09-10,122647,Aditya Birla Sun Life Floating Interest Rate Fund-REGULAR - WEEKLY IDCW,100.7558
2026-09-10,122648,Aditya Birla Sun Life Floating Interest Rate Fund-Direct - weekly IDCW,100.8380
2026-09-10,122651,ICICI Prudential Ultra Short to Short Term Fund - Direct Plan - Monthly IDCW,101.9268
2026-09-10,122711,360 ONE Dynamic Term Fund Regular Plan Bonus,24.2147
2026-09-10,122712,360 ONE Dynamic Term Fund Regular Plan Quarterly Dividend,23.3674
2026-09-10,122715,360 ONE Dynamic Term Fund Direct Plan Growth,25.6232
2026-09-10,122717,360 ONE Dynamic Term Fund Direct Plan Quarterly Dividend,23.6408
2026-09-10,122719,360 ONE Dynamic Term Fund Regular Plan Monthly Dividend,13.0903
2026-09-10,122720,360 ONE Dynamic Term Fund Regular Plan Half Yearly Dividend,23.3672
2026-09-10,122721,360 ONE Dynamic Term Fund Direct Plan Monthly Dividend,14.2175
2026-09-10,122748,ICICI Prudential Ultra Short to Short Term Fund - Fortnightly IDCW,101.9883
2026-09-10,122765,NIPPON INDIA AGGRESSIVE HYBRID FUND - QUARTERLY IDCW Option,22.4040
2026-09-10,122766,NIPPON INDIA AGGRESSIVE HYBRID FUND - DIRECT Plan - QUARTERLY IDCW Option,24.9325
2026-09-10,122868,BANDHAN Dynamic Term Fund - Regular Plan B - Half Yearly IDCW,11.1875
2026-09-10,122904,ICICI Prudential Ultra Short to Short Term Fund - Direct Plan - Fortnightly IDCW,101.9928
2026-09-10,122982,ICICI Prudential Ultra Short to Short Term Fund - Direct Plan - Quarterly IDCW,110.0114
2026-09-10,122995,ICICI Prudential Ultra Short to Short Term Fund - Quarterly IDCW,109.7377
2026-09-10,123004,ICICI Prudential Nifty 100 ETF,27.5268
2026-09-10,123287,DSP Money Market Fund - Regular Plan - IDCW - Daily,10.1013
2026-09-10,123288,DSP Money Market Fund - Direct Plan -  IDCW - Daily,10.1519
2026-09-10,123646,UTI Annual Interval Fund - I - Direct Plan - Growth Option,36.9711
2026-09-10,123663,UTI Annual Interval Fund - I - Direct Plan - Dividend Option,11.3379
2026-09-10,123690,Kotak Banking and PSU Debt - Growth,69.6576
2026-09-10,123691,Kotak Banking and PSU Debt - Monthly Payout of Income Distribution cum capital withdrawal option,13.0873
2026-09-10,123692,Kotak Banking and PSU Debt Direct - Monthly Payout of Income Distribution cum capital withdrawal option,10.2374
2026-09-10,123693,Kotak Banking and PSU Debt Direct - Growth,72.8826
2026-09-10,123704,Groww Short Term Fund (formerly known as Indiabulls Short Term Fund) - Direct Plan - Growth Option,2564.5097
2026-09-10,123705,Groww Short Term Fund (formerly known as Indiabulls Short Term Fund)- Direct Plan- Weekly - Income Distribution cum capital withdrawal Option (Payout & Reinvestment),1019.8078
2026-09-10,123706,Groww Short Term Fund (formerly known as Indiabulls Short Term Fund)- Direct Plan- Fortnightly - Income Distribution cum capital withdrawal Option (Payout & Reinvestment),1021.4982
2026-09-10,123707,Groww Short Term Fund (formerly known as Indiabulls Short Term Fund)- Direct Plan- Monthly - Income Distribution cum capital withdrawal Option (Payout & Reinvestment),1021.8617
2026-09-10,123708,Groww Short Term Fund (formerly known as Indiabulls Short Term Fund )- Regular Plan - Growth Option,2214.6333
2026-09-10,123709,Groww Short Term Fund (formerly known as Indiabulls Short Term Fund)- Regular Plan- Weekly - Income Distribution cum capital withdrawal Option (Payout & Reinvestment),1019.7248
2026-09-10,123710,Groww Short Term Fund (formerly known as Indiabulls Short Term Fund)- Regular Plan- Fortnightly - Income Distribution cum capital withdrawal Option (Payout & Reinvestment),1020.8357
2026-09-10,123711,Groww Short Term Fund (formerly known as Indiabulls Short Term Fund)- Regular Plan- Monthly - Income Distribution cum capital withdrawal Option (Payout & Reinvestment),1027.9062
2026-09-10,124172,DSP Banking and PSU Debt Fund - Regular Plan - Growth,25.3888
2026-09-10,124173,DSP Banking and PSU Debt Fund - Regular Plan - IDCW - Daily Reinvest,10.1560
2026-09-10,124174,DSP Banking and PSU Debt Fund - Regular Plan - IDCW,10.6274
2026-09-10,124175,DSP Banking and PSU Debt Fund - Direct Plan - Growth,26.3737
2026-09-10,124176,DSP Banking and PSU Debt Fund - Direct Plan - IDCW - Monthly,10.4294
2026-09-10,124177,DSP Banking and PSU Debt Fund - Direct Plan - IDCW - Quarterly,10.4807
2026-09-10,124178,DSP Banking and PSU Debt Fund - Direct Plan - IDCW,10.6439
2026-09-10,124179,DSP Banking and PSU Debt Fund - Regular Plan - IDCW - Weekly,10.1553
2026-09-10,124180,DSP Banking and PSU Debt Fund - Regular Plan - IDCW - Monthly,10.4138
2026-09-10,124181,DSP Banking and PSU Debt Fund - Regular Plan - IDCW - Quarterly,10.4661
2026-09-10,124182,DSP Banking and PSU Debt Fund - Direct Plan - IDCW - Daily Reinvest,10.1582
2026-09-10,124183,DSP Banking and PSU Debt Fund - Direct Plan - IDCW - Weekly,10.1576
2026-09-10,124233,Motilal Oswal Ultra Short Term Fund (MOFUSTF)-Regular Plan- Growth,17.5334
2026-09-10,124234,Motilal Oswal Ultra Short Term Fund (MOFUSTF) -Direct Plan- Growth,18.7533
2026-09-10,124265,UTI Overnight Fund - Regular Plan - Daily IDCW,1370.8617
2026-09-10,124266,UTI Overnight Fund - Direct Plan - Daily IDCW,1371.6621
2026-09-10,124303,Motilal Oswal Ultra Short Term Fund Regular - IDCW Daily Reinvestment,11.4495
2026-09-10,124305,Motilal Oswal Ultra Short Term Fund Regular - IDCW Quarterly Payout/Reinvestment,11.9556
2026-09-10,124306,Motilal Oswal Ultra Short Term Fund Direct - IDCW Weekly Reinvestment,11.7332
2026-09-10,124308,Motilal Oswal Ultra Short Term Fund Direct Plan - IDCW Monthly Payout/Reinvestment,11.7715
2026-09-10,124310,Motilal Oswal Ultra Short Term Fund Regular - IDCW Weekly Reinvestment,11.4684
2026-09-10,124311,Motilal Oswal Ultra Short Term Fund Direct - IDCW Fortnightly Reinvestment,11.8242
2026-09-10,124312,Motilal Oswal Ultra Short Term Fund Direct - IDCW Quarterly Payout/Reinvestment,12.3368
2026-09-10,124313,Motilal Oswal Ultra Short Term Fund Regular - IDCW Fortnightly Reinvestment,11.5249
2026-09-10,124315,Motilal Oswal Ultra Short Term Fund Regular - IDCW Monthly Payout/Reinvestment,11.4963
2026-09-10,124316,Motilal Oswal Ultra Short Term Fund Direct - IDCW Daily Reinvestment,11.7326
2026-09-10,124589,NIPPON INDIA FLOATING INTEREST RATES  FUND - IDCW Option,21.8171
2026-09-10,124590,NIPPON INDIA FLOATING INTEREST RATES  FUND - DIRECT Plan - IDCW Option,22.7630
2026-09-10,124832,Aditya Birla Sun Life Corporate Bond Fund -DIRECT - IDCW,10.6718
2026-09-10,124833,Aditya Birla Sun Life Corporate Bond Fund -REGULAR - IDCW,11.9590
2026-09-10,124962,UTI Short Term Fund - Direct Plan - Discontinued Flexi IDCW,19.9547
2026-09-10,125045,UTI Short Term Fund - Regular Plan - Discontinued Flexi IDCW,19.2848
2026-09-10,125259,360 ONE LIQUID FUND REGULAR PLAN  GROWTH,2157.7022
2026-09-10,125264,NIPPON INDIA ULTRA SHORT TO SHORT TERM FUND - DIRECT Plan - IDCW Option,2270.4831
2026-09-10,125265,NIPPON INDIA ULTRA SHORT TO SHORT TERM FUND - IDCW Option,2136.8877
2026-09-10,125266,NIPPON INDIA CORPORATE BOND FUND - DIRECT Plan - IDCW Option,21.3472
2026-09-10,125267,NIPPON INDIA CORPORATE BOND FUND - IDCW Option,20.4698
2026-09-10,125268,NIPPON INDIA SHORT TERM FUND - IDCW Option,22.9248
2026-09-10,125269,NIPPON INDIA SHORT TERM FUND - Direct Plan - IDCW Option,25.0560
2026-09-10,125301,PGIM India Midcap Fund - Direct Plan - Dividend Option - Payout,64.16
2026-09-10,125305,PGIM India Midcap Fund - Regular Plan - Growth Option,65.92
2026-09-10,125306,PGIM India Midcap Fund - Regular Plan - Dividend Option - Payout,23.59
2026-09-10,125307,PGIM India Midcap Fund - Direct Plan - Growth Option,77.41
2026-09-10,125337,360 ONE LIQUID FUND REGULAR PLAN  WEEKLY DIVIDEND,1005.3018
2026-09-10,125342,360 ONE LIQUID FUND REGULAR PLAN  DAILY DIVIDEND REINVESTMENT,1001.2795
2026-09-10,125343,360 ONE LIQUID FUND DIRECT PLAN  WEEKLY DIVIDEND,1005.3174
2026-09-10,125345,360 ONE LIQUID FUND DIRECT PLAN  GROWTH,2173.9118
2026-09-10,125349,360 ONE LIQUID FUND DIRECT PLAN  DAILY DIVIDEND REINVESTMENT,1001.2795
2026-09-10,125350,Axis Small Cap Fund - Regular Plan - Growth,117.96
2026-09-10,125351,Axis Small Cap Fund - Direct Plan - IDCW,55.62
2026-09-10,125352,Axis Small Cap Fund - Regular Plan - IDCW,46.98
2026-09-10,125354,Axis Small Cap Fund - Direct Plan - Growth,137.88
2026-09-10,125494,SBI Small Cap Fund - Regular Plan - Growth,186.4741
2026-09-10,125495,SBI Small Cap Fund - Regular Plan - Income Distribution cum Capital Withdrawal Option (IDCW),110.1659
2026-09-10,125496,SBI Small Cap Fund - Direct Plan - Income Distribution cum Capital Withdrawal Option (IDCW),147.0159
2026-09-10,125497,SBI Small Cap Fund - Direct Plan - Growth,215.3946
2026-09-10,125498,SBI BANKING & PSU DEBT FUND - Regular Paln - Growth,3310.7495
2026-09-10,125499,SBI Banking & PSU Debt Fund - Regular Plan - Daily Income Distribution cum Capital Withdrawal Option (IDCW),1510.4562
2026-09-10,125500,SBI Banking & PSU Debt Fund - Regular Plan - Weekly Income Distribution cum Capital Withdrawal Option (IDCW),1510.0971
2026-09-10,125501,SBI Banking & PSU Debt Fund - Regular Plan - Monthly Income Distribution cum Capital Withdrawal Option (IDCW),1225.5834
2026-09-10,125502,SBI Banking & PSU Debt Fund - Direct Plan - Daily Income Distribution cum Capital Withdrawal Option (IDCW),1556.9080
2026-09-10,125503,SBI BANKING & PSU DEBT FUND - Direct Plan - Growth,3534.6332
2026-09-10,125504,SBI Banking & PSU Debt Fund - Direct Plan - Weekly Income Distribution cum Capital Withdrawal Option (IDCW),1553.4501
2026-09-10,125505,SBI Banking & PSU Debt Fund - Direct Plan - Monthly Income Distribution cum Capital Withdrawal Option (IDCW),1317.8631
2026-09-10,125595,Aditya Birla Sun Life Banking and Financial Services Fund - Regular Plan - Growth,62.28
2026-09-10,125596,Aditya Birla Sun Life Banking and Financial Services Fund - REGULAR - IDCW,22.77
2026-09-10,125597,Aditya Birla Sun Life Banking and Financial Services Fund - Direct Plan - Growth,70.59
2026-09-10,125598,Aditya Birla Sun Life Banking and Financial Services Fund - DIRECT - IDCW,31.12
2026-09-10,125711,Shriram Aggressive Hybrid Fund- Direct Growth,36.8167
2026-09-10,125712,Shriram Aggressive Hybrid Fund- Direct- IDCW,29.0022
2026-09-10,125713,Shriram Aggressive Hybrid Fund- Regular Growth,31.5566
2026-09-10,125714,Shriram Aggressive Hybrid Fund- Regular-IDCW,25.2317
2026-09-10,126389,BANK OF INDIA Ultra Short Duration Fund- Direct Plan-Bonus,3514.7333
2026-09-10,126391,DSP Dynamic Asset Allocation Fund - Direct Plan - IDCW - Monthly,16.6670
2026-09-10,126392,DSP Dynamic Asset Allocation Fund - Regular Plan - IDCW - Monthly,13.8900
2026-09-10,126393,DSP Dynamic Asset Allocation Fund - Direct Plan - Growth,33.1750
2026-09-10,126394,DSP Dynamic Asset Allocation Fund - Regular Plan - Growth,28.5500
2026-09-10,126685,CANARA ROBECO CORPORATE BOND FUND - DIRECT PLAN - GROWTH OPTION,24.7145
2026-09-10,126686,CANARA ROBECO CORPORATE BOND FUND - DIRECT PLAN - IDCW (Payout/Reinvestment),12.5043
2026-09-10,126687,CANARA ROBECO CORPORATE BOND FUND - REGULAR PLAN - GROWTH OPTION,22.8899
2026-09-10,126688,CANARA ROBECO CORPORATE BOND FUND - REGULAR PLAN - IDCW (Payout/Reinvestment),11.6050
2026-09-10,126939,UTI Banking & PSU Debt Fund- Regular Plan - Growth Option,23.5506
2026-09-10,126940,UTI Banking & PSU Debt Fund - Direct Plan - Growth Option,24.024
2026-09-10,126941,UTI Banking & PSU Debt Fund - Regular Plan - Discontinued Quarterly IDCW,16.1616
2026-09-10,126942,UTI Banking & PSU Debt Fund - Direct Plan - Discontinued Quarterly IDCW,17.8807
2026-09-10,127039,Motilal Oswal Midcap Fund-Regular Plan-Growth Option,104.4069
2026-09-10,127040,Motilal Oswal Midcap Fund-Regular - IDCW Payout/Reinvestment,47.1813
2026-09-10,127042,Motilal Oswal Midcap Fund-Direct Plan-Growth Option,120.6854
2026-09-10,127044,Motilal Oswal Midcap Fund-Direct - IDCW Payout/Reinvestment,49.2248
2026-09-10,127470,Bandhan Banking and PSU Debt Fund - Regular Daily IDCW,10.8776
2026-09-10,127471,Bandhan Banking and PSU Debt Fund - Direct Daily IDCW,10.4757
2026-09-10,127849,BANK OF INDIA BALANCED ADVANTAGE FUND REGULAR PLAN  GROWTH,25.8477
2026-09-10,127850,BANK OF INDIA BALANCED ADVANTAGE FUND DIRECT PLAN  GROWTH,28.2860
2026-09-10,127851,BANK OF INDIA BALANCED ADVANTAGE FUND  REGULAR PLAN IDCW,18.0337
2026-09-10,127852,BANK OF INDIA BALANCED ADVANTAGE FUND  DIRECT PLAN IDCW,17.0661
2026-09-10,128006,Kotak Medium Term Fund - Direct Growth,27.6056
2026-09-10,128009,Kotak Medium Term Fund - Growth,24.5519
2026-09-10,128050,HDFC Credit Risk Fund - Quarterly IDCW - Direct Plan,10.9531
2026-09-10,128051,HDFC Credit Risk Fund - Growth Option - Direct Plan,28.3765
2026-09-10,128052,HDFC Credit Risk Fund - Quarterly IDCW Option,10.5895
2026-09-10,128053,HDFC Credit Risk Fund - Growth Option,26.0919
2026-09-10,128078,Kotak Medium Term Fund - Standard Income Distribution cum capital withdrawal option,15.0696
2026-09-10,128079,Kotak Medium Term Fund - Direct - Standard Income Distribution cum capital withdrawal option,27.6079
2026-09-10,128331,Nippon India ETF Nifty India Consumption,128.4574
2026-09-10,128626,HDFC Banking and PSU Debt Fund - IDCW Option - Direct Plan,10.0205
2026-09-10,128627,HDFC Banking and PSU Debt Fund - IDCW Option,10.1273
2026-09-10,128628,HDFC Banking and PSU Debt Fund - Growth Option,24.4167
2026-09-10,128629,HDFC Banking and PSU Debt Fund - Growth Option - Direct Plan,25.5366
2026-09-10,128639,Nippon India ETF Nifty Dividend Opportunities 50,75.2053
2026-09-10,128820,NIPPON INDIA ARBITRAGE FUND - MONTHLY IDCW Option,14.8328
2026-09-10,128821,NIPPON INDIA ARBITRAGE FUND - DIRECT Plan - MONTHLY IDCW Option,16.2272
2026-09-10,129006,Franklin India Banking & PSU Debt Fund - Growth,24.1575
2026-09-10,129007,Franklin India Banking and PSU Debt Fund - IDCW,11.0032
2026-09-10,129008,Franklin India Banking & PSU Debt Fund - Direct - Growth,25.3272
2026-09-10,129009,Franklin India Banking and PSU Debt Fund - Direct - IDCW,11.6409
2026-09-10,129046,Motilal Oswal Flexi cap Fund Direct Plan-Growth Option,71.9056
2026-09-10,129047,Motilal Oswal Flexi Cap Fund Direct - IDCW Payout/Reinvestment,35.5721
2026-09-10,129048,Motilal Oswal Flexi Cap Fund Regular Plan-Growth Option,64.2559
2026-09-10,129049,Motilal Oswal Flexi cap Fund Regular - IDCW Payout/Reinvestment,33.7489
2026-09-10,129051,HDFC ARBITRAGE FUND - Regular Plan - Monthly IDCW Option,11.463
2026-09-10,129052,HDFC ARBITRAGE FUND -Direct Plan - Growth Option,21.789
2026-09-10,129054,HDFC ARBITRAGE FUND - Monthly IDCW - Direct Plan,11.369
2026-09-10,129210,Sundaram Infrastructure Advantage Fund Regular Plan - Income Distribution cum Capital Withdrawal (IDCW),57.5284
2026-09-10,129211,Sundaram Infrastructure Advantage Fund Direct Plan - Income Distribution cum Capital Withdrawal (IDCW),62.2215
2026-09-10,129212,Sundaram Infrastructure Advantage Fund Direct Plan - Growth,108.0664
2026-09-10,129213,Sundaram Infrastructure Advantage Fund Regular Plan - Growth,100.4529
2026-09-10,129309,ICICI Prudential Dividend Yield Fund Direct Plan IDCW Option,24.45
2026-09-10,129310,ICICI Prudential Dividend Yield Fund Growth Option,51.34
2026-09-10,129311,ICICI Prudential Dividend Yield Fund IDCW Option,18.25
2026-09-10,129312,ICICI Prudential Dividend Yield Fund Direct Plan Growth Option,58.07
2026-09-10,129436,Franklin India Money Market Fund Retail Option - Monthly - IDCW,10.5066
2026-09-10,129437,Franklin India Money Market Fund Retail Option - Direct - Monthly - IDCW,10.9001
2026-09-10,129646,Union Small Cap Fund - Direct Plan - IDCW Option,44.89
2026-09-10,129647,Union Small Cap Fund - Regular Plan - Growth Option,61.00
2026-09-10,129648,Union Small Cap Fund - Regular Plan - IDCW Option,46.81
2026-09-10,129649,Union Small Cap Fund - Direct Plan - Growth Option,68.22
2026-09-10,130013,ICICI Prudential Money Market Fund Option - IDCW Others,188.1862
2026-09-10,130037,Nippon India Medium Term Fund - Growth Option,16.8779
2026-09-10,130050,Nippon India Medium Term Fund - Direct Plan - Growth Option,18.3958
2026-09-10,130053,NIPPON INDIA MEDIUM TERM FUND - IDCW Option,14.4428
2026-09-10,130054,NIPPON INDIA MEDIUM TERM FUND - DIRECT Plan - IDCW Option,15.5160
2026-09-10,130055,NIPPON INDIA MEDIUM TERM FUND - DIRECT Plan - QUARTERLY IDCW Option,11.1238
2026-09-10,130056,NIPPON INDIA MEDIUM TERM FUND - QUARTERLY IDCW Option,11.0176
2026-09-10,130205,Edelweiss Arbitrage Fund- Regular Plan- Growth Option,20.776
2026-09-10,130206,Edelweiss Arbitrage Fund- Direct Plan- Growth Option,22.4751
2026-09-10,130207,Edelweiss Arbitrage Fund - Regular Plan - IDCW Option,15.2463
2026-09-10,130208,Edelweiss Arbitrage Fund- Regular Plan -Bonus Option,20.8463
2026-09-10,130209,Edelweiss Arbitrage Fund - Direct Plan - IDCW Option,16.0676
2026-09-10,130309,Axis Credit Risk Fund - Regular Plan - Growth,23.4478
2026-09-10,130310,Axis Credit Risk Fund - Regular Plan - Weekly IDCW,10.1645
2026-09-10,130311,Axis Credit Risk Fund - Direct Plan - Weekly IDCW,10.3791
2026-09-10,130312,Axis Credit Risk Fund - Direct Plan - Monthly IDCW,10.2460
2026-09-10,130313,Axis Credit Risk Fund - Regular Plan - Monthly IDCW,10.1873
2026-09-10,130314,Axis Credit Risk Fund - Direct Plan - Growth,26.4643
2026-09-10,130496,HDFC Large & Mid Cap Fund - Growth Option,344.648
2026-09-10,130497,HDFC Large & Mid Cap Fund - IDCW Option,35.423
2026-09-10,130498,HDFC Large & Mid Cap Fund - Growth Option - Direct Plan,365.597
2026-09-10,130499,HDFC Large & Mid Cap Fund - IDCW Option - Direct Plan,47.472
2026-09-10,130501,HDFC Small Cap Fund - IDCW Option,40.384
2026-09-10,130502,HDFC Small Cap Fund - Growth Option,139.163
2026-09-10,130503,HDFC Small Cap Fund - Growth Option - Direct Plan,159.741
2026-09-10,130504,HDFC Small Cap Fund - IDCW Option - Direct Plan,64.668
2026-09-10,130533,HDFC Income Plus Arbitrage Active FOF - Growth Option,41.4233
2026-09-10,130540,HDFC Income Plus Arbitrage Active FOF - IDCW Option,36.2985
2026-09-10,130543,HDFC Income Plus Arbitrage Active FOF - Growth Option - Direct Plan,45.8362
2026-09-10,130547,HDFC Income Plus Arbitrage Active FOF - IDCW Option - Direct Plan,40.2628
2026-09-10,130603,JM Arbitrage Fund (Regular) - Bonus Option - Principal Units,18.9354
2026-09-10,130604,JM Arbitrage Fund (Direct) - Bonus Option - Principal Units,20.038
2026-09-10,130721,Invesco India Credit Risk Fund - Regular Plan - Growth,2086.7737
2026-09-10,130722,Invesco India Credit Risk Fund - Direct Plan - Growth,2355.1355
2026-09-10,130723,Invesco India Credit Risk Fund - Regular Plan - Monthly IDCW (Payout / Reinvestment),1192.9005
2026-09-10,130724,Invesco India Credit Risk Fund - Direct Plan - Monthly IDCW (Payout / Reinvestment),1180.6205
2026-09-10,130725,Invesco India Credit Risk Fund - Direct Plan - Discretionary IDCW (Payout / Reinvestment),2372.7127
2026-09-10,130726,Invesco India Credit Risk Fund - Regular Plan - Discretionary IDCW (Payout / Reinvestment),2086.121
2026-09-10,130771,Axis Arbitrage Fund - Regular Plan - Growth,20.0413
2026-09-10,130773,Axis Arbitrage Fund - Direct Plan - Growth,21.9487
2026-09-10,130774,Axis Arbitrage Fund - Direct Plan - Monthly IDCW,12.4213
2026-09-10,130776,Axis Arbitrage Fund - Regular Plan - Monthly IDCW,11.2025
2026-09-10,130787,Invesco India Arbitrage Fund - Direct Plan - Annual Bonus,37.3318
2026-09-10,130858,Nippon India Japan Equity Fund- Growth Plan- Bonus Option,28.3259
2026-09-10,130859,NIPPON INDIA - JAPAN EQUITY FUND - IDCW Option,28.3259
2026-09-10,130860,Nippon India Japan Equity Fund- Direct Plan- Growth Plan- Growth Option,32.0489
2026-09-10,130861,Nippon India Japan Equity Fund- Direct Plan- Growth Plan- Bonus Option,32.0489
2026-09-10,130863,Nippon India Japan Equity Fund- Growth Plan- Growth Option,28.3259
2026-09-10,130864,NIPPON INDIA - JAPAN EQUITY FUND - DIRECT Plan - IDCW Option,32.0489
2026-09-10,130904,JM Aggressive Hybrid Fund (Direct) - Annual Bonus Option,140.4461
2026-09-10,131051,ICICI Prudential 10 year Constant Maturity Gilt Fund - Growth,26.0076
2026-09-10,131054,ICICI Prudential 10 year Constant Maturity Gilt Fund - Direct Plan - Quarterly IDCW,11.6099
2026-09-10,131057,ICICI Prudential 10 year Constant Maturity Gilt Fund - quarterly IDCW,11.3500
2026-09-10,131061,ICICI Prudential 10 year Constant Maturity Gilt Fund - Direct Plan - Growth,26.6329
2026-09-10,131297,DSP 10 year Constant Maturity Gilt Fund - Regular Plan - Growth,22.4407
2026-09-10,131298,DSP 10 year Constant Maturity Gilt Fund - Regular Plan - IDCW,10.5944
2026-09-10,131299,DSP 10 year Constant Maturity Gilt Fund - Regular Plan - IDCW - Monthly,10.6890
2026-09-10,131300,DSP 10 year Constant Maturity Gilt Fund - Regular Plan - IDCW - Quarterly,10.8457
2026-09-10,131301,DSP 10 year Constant Maturity Gilt Fund - Direct Plan - Growth,23.0474
2026-09-10,131302,DSP 10 year Constant Maturity Gilt Fund - Direct Plan - IDCW - Quarterly,10.7964
2026-09-10,131303,DSP 10 year Constant Maturity Gilt Fund - Direct Plan - IDCW - Monthly,10.5380
2026-09-10,131304,DSP 10 year Constant Maturity Gilt Fund - Direct Plan - IDCW,10.8049
2026-09-10,131331,Nippon India ETF BSE Sensex,862.0823
2026-09-10,131354,BANDHAN Balanced Advantage Fund Regular Plan IDCW,14.083
2026-09-10,131355,BANDHAN Balanced Advantage Fund Direct Plan Growth,29.627
2026-09-10,131356,BANDHAN Balanced Advantage Fund Direct Plan IDCW,16.416
2026-09-10,131357,BANDHAN Balanced Advantage Fund Regular Plan Growth,25.255
2026-09-10,131372,Kotak Equity Savings Fund - Regular - Growth,27.529
2026-09-10,131373,Kotak Equity Savings Fund - Direct - Growth,30.6096
2026-09-10,131374,Kotak Equity Savings Fund - Regular - Monthly Payout of Income Distribution cum capital withdrawal option,20.1557
2026-09-10,131375,Kotak Equity Savings Fund - Direct - Monthly Payout of Income Distribution cum capital withdrawal option,21.9746
2026-09-10,131382,Bandhan Short Term Fund - Direct Plan - Periodic IDCW,23.7916
2026-09-10,131383,Bandhan Short Term Fund - Regular Plan - Periodic IDCW,22.7097
2026-09-10,131384,Bandhan Medium Term Fund - Direct Plan - Periodic IDCW,13.9277
2026-09-10,131385,Bandhan Medium Term Fund - Regular Plan - Periodic IDCW,15.2912
2026-09-10,131386,Bandhan Medium to Long Term Fund - Direct Plan - Periodic IDCW,18.2103
2026-09-10,131387,Bandhan Medium to Long Term Fund - Regular Plan - Periodic IDCW,14.5797
2026-09-10,131388,Bandhan Money Market Fund -Direct Plan-Periodic IDCW,17.3334
2026-09-10,131389,Bandhan Money Market Fund - Regular Plan - Periodic IDCW,14.2706
2026-09-10,131390,Bandhan 10 year Constant Maturity Gilt Fund - Direct Plan - Periodic IDCW,14.6887
2026-09-10,131391,Bandhan 10 year Constant Maturity Gilt Fund - Regular Plan - Periodic IDCW,17.3164
2026-09-10,131394,Bandhan Gilt Fund - Direct Plan - Periodic IDCW,19.3038
2026-09-10,131395,Bandhan Gilt Fund - Regular Plan B - Periodic IDCW,17.5905
2026-09-10,131396,BANDHAN Dynamic Term Fund-Direct Plan-Periodic IDCW,14.0846
2026-09-10,131397,BANDHAN Dynamic Term Fund - Regular Plan B - Periodic IDCW,14.2147
2026-09-10,131398,Bandhan Income Plus Arbitrage Active FOF - Direct Plan - Periodic IDCW,16.9707
2026-09-10,131399,Bandhan Income Plus Arbitrage Active FOF - Regular Plan - Periodic IDCW,16.3721
2026-09-10,131418,UTI Credit Risk Fund - Regular Plan - Monthly IDCW,11.0195
2026-09-10,131419,UTI Credit Risk Fund - Direct Plan - Monthly IDCW,11.3074
2026-09-10,131424,UTI Short Term Fund - Regular Plan - Half-Yearly IDCW,14.467
2026-09-10,131425,UTI Short Term Fund - Direct Plan - Half Yearly Dividend Option,14.7894
2026-09-10,131444,UTI Ultra Short Term Fund - Direct Plan - Monthly IDCW,1174.9604
2026-09-10,131445,UTI Ultra Short Term Fund - Regular Plan - Monthly IDCW,1127.8926
2026-09-10,131452,ICICI Prudential Aggressive Hybrid Fund - Half Yearly IDCW,24.10
2026-09-10,131453,ICICI Prudential Aggressive Hybrid Fund - Direct Plan - Half Yearly IDCW,27.73
2026-09-10,131476,JM Aggressive Hybrid Fund (Regular) - Annual IDCW,33.483
2026-09-10,131477,JM Aggressive Hybrid Fund (Direct) - Annual IDCW,47.3112
2026-09-10,131480,ICICI Prudential Medium to Long Term Fund - Direct Plan - Half Yearly IDCW,10.7479
2026-09-10,131481,ICICI Prudential Medium to Long Term Fund - Half Yearly IDCW,11.0751
2026-09-10,131511,UTI Ultra Short Term Fund - Regular Plan - Fortnightly IDCW,1324.1866
2026-09-10,131512,UTI Ultra Short Term Fund - Direct Plan - Fortnightly IDCW,1356.4443
2026-09-10,131547,UTI Short Term Fund - Regular Plan - Monthly IDCW,11.9336
2026-09-10,131548,UTI Short Term Fund - Direct Plan - Monthly IDCW,10.6091
2026-09-10,131578,360 ONE Focused Fund -Regular Plan - Growth,48.6563
2026-09-10,131579,360 ONE Focused Fund - Regular Plan - Dividend,43.0510
2026-09-10,131580,360 ONE Focused Fund-Direct Plan-Growth,55.7787
2026-09-10,131581,360 ONE Focused Fund - Direct Plan - Dividend,55.2098
2026-09-10,131665,Aditya Birla Sun Life Balanced Advantage Fund -REGULAR - IDCW,26.22
2026-09-10,131666,Aditya Birla Sun Life Balanced Advantage Fund - Regular Plan - Growth Option,113.00
2026-09-10,131670,Aditya Birla Sun Life Balanced Advantage Fund - Direct Plan - Growth Option,129.88
2026-09-10,131671,Aditya Birla Sun Life Balanced Advantage Fund -DIRECT - IDCW,30.18
2026-09-10,132756,Tata ELSS Fund-Growth-Direct Plan,54.3835
2026-09-10,132757,Tata ELSS Fund-Growth-Regular Plan,46.9188
2026-09-10,132848,HDFC Corporate Bond Fund - IDCW Option,20.8449
2026-09-10,132849,HDFC Corporate Bond Fund - IDCW Option - Direct Plan,21.624
2026-09-10,132852,HDFC Medium Term Fund - IDCW Option,20.3917
2026-09-10,132853,HDFC Medium Term Fund - IDCW Option - Direct Plan,22.0806
2026-09-10,132871,NIPPON INDIA CREDIT RISK FUND - IDCW Option,20.9302
2026-09-10,132873,NIPPON INDIA CREDIT RISK FUND - DIRECT Plan - IDCW Option,22.9434
2026-09-10,132917,Aditya Birla Sun Life Dynamic Term Fund -Regular - IDCW,12.2084
2026-09-10,132918,Aditya Birla Sun Life Dynamic Term Fund -Direct - IDCW,13.3080
2026-09-10,132995,Aditya Birla Sun Life Equity Savings Fund - Direct Plan - Growth,26.03
2026-09-10,132996,Aditya Birla Sun Life Equity Savings Fund - Direct - IDCW,15.55
2026-09-10,132997,Aditya Birla Sun Life Equity Savings Fund - Regular - IDCW,13.14
2026-09-10,132998,Aditya Birla Sun Life Equity Savings Fund - Regular Plan - Growth,23.36
2026-09-10,133035,Kotak Aggressive Hybrid Fund - Direct Plan -Growth,77.735
2026-09-10,133036,Kotak Aggressive Hybrid Fund - Regular Plan -Growth,65.231
2026-09-10,133051,ICICI Prudential Equity Savings Fund - Cumulative option,23.29
2026-09-10,133052,ICICI Prudential Equity Savings Fund - Direct Plan - Quarterly IDCW,15.53
2026-09-10,133053,ICICI Prudential Equity Savings Fund - Quarterly IDCW,12.98
2026-09-10,133054,ICICI Prudential Equity Savings Fund - Direct Plan - Cumulative option,25.13
2026-09-10,133059,UTI Ultra Short Term Fund - Direct Plan - Quarterly IDCW,2041.8178
2026-09-10,133122,Kotak Nifty Bank ETF,58.6954
2026-09-10,133127,UTI Ultra Short to Short Term Fund - Direct Plan - Flexi IDCW,1650.5723
2026-09-10,133130,UTI Ultra Short to Short Term Fund - Regular Plan - Flexi IDCW,1454.0382
2026-09-10,133147,HDFC Credit Risk Fund - IDCW Option - Direct Plan,24.875
2026-09-10,133148,HDFC Credit Risk Fund - IDCW Option,24.0263
2026-09-10,133180,UTI Dynamic Term Fund - Direct Plan - Discontinued Flexi IDCW,17.8772
2026-09-10,133265,Nippon India Gilt  Fund- Direct Plan- Growth Plan- Bonus Option,24.7783
2026-09-10,133280,UTI Medium to Long Term Fund - Direct Plan - Discontinued Flexi IDCW,16.2409
2026-09-10,133307,LIC MF Nifty 8-13 yr G-Sec ETF,29.3859
2026-09-10,133344,UTI Credit Risk Fund - Regular Plan - Annual IDCW,12.2447
2026-09-10,133365,HDFC Medium to Long Term Fund - Normal IDCW - Direct Plan,21.3326
2026-09-10,133366,HDFC Medium to Long Term Fund - Normal IDCW Option,19.0951
2026-09-10,133367,HDFC Short Term Fund - Normal IDCW - Direct Plan,21.0095
2026-09-10,133368,HDFC Short Term Fund - Normal IDCW Option,20.3394
2026-09-10,133369,HDFC Dynamic Term Fund - Normal IDCW - Direct Plan,21.8122
2026-09-10,133370,HDFC Dynamic Term Fund - Normal IDCW Option,19.945
2026-09-10,133383,Motilal Oswal ELSS Tax Saver Fund - IDCW Payout,32.1052
2026-09-10,133384,Motilal Oswal ELSS Tax Saver Fund Direct - IDCW Payout,41.7538
2026-09-10,133385,Motilal Oswal ELSS Tax Saver Fund - Regular Plan - Growth Option,58.1716
2026-09-10,133386,Motilal Oswal ELSS Tax Saver Fund - Direct Plan - Growth Option,67.5386
2026-09-10,133387,UTI Money Market Fund - Direct Plan - Monthly IDCW,1652.3208
2026-09-10,133390,JM Dynamic Term Fund (Regular) - Monthly IDCW,43.7429
2026-09-10,133395,JM Arbitrage Fund (Direct) - Annual Bonus Option - Principal Units,19.2325
2026-09-10,133402,JM Aggressive Hybrid Fund (Direct) - Half Yearly IDCW,100.8952
2026-09-10,133404,JM Aggressive Hybrid Fund (Regular) - Monthly IDCW,87.3027
2026-09-10,133405,JM Aggressive Hybrid Fund (Regular) - Quarterly IDCW,31.1603
2026-09-10,133406,JM Aggressive Hybrid Fund (Direct) - Quarterly IDCW,35.4768
2026-09-10,133408,JM Aggressive Hybrid Fund (Regular) - Half Yearly IDCW,88.0024
2026-09-10,133412,JM Aggressive Hybrid Fund (Direct) - Monthly IDCW,100.8656
2026-09-10,133414,JM Dynamic Term Fund (Direct) - Monthly IDCW,47.2029
2026-09-10,133445,Aditya Birla Sun Life Medium to Long Term Fund - Regular - IDCW,12.2564
2026-09-10,133446,Aditya Birla Sun Life Medium to Long Term Fund - Direct - IDCW,13.1300
2026-09-10,133469,UTI Ultra Short to Short Term Fund - Direct Plan - Half-Yearly IDCW,1504.4007
2026-09-10,133484,UTI Money Market Fund - Regular Plan - Monthly IDCW,1039.3343
2026-09-10,133513,Aditya Birla Sun Life Manufacturing Equity Fund - Regular Plan - Growth,40.24
2026-09-10,133514,Aditya Birla Sun Life Manufacturing Equity Fund - Direct - IDCW,26.47
2026-09-10,133515,Aditya Birla Sun Life Manufacturing Equity Fund - Regular - IDCW,23.96
2026-09-10,133516,Aditya Birla Sun Life Manufacturing Equity Fund - Direct Plan - Growth,44.74
2026-09-10,133565,Nippon India Retirement Fund- Wealth Creation Scheme- Growth Plan - Growth Option,28.2360
2026-09-10,133566,NIPPON INDIA RETIREMENT FUND - WEALTH CREATION SCHEME - Direct Plan - IDCW Option,22.2709
2026-09-10,133567,NIPPON INDIA RETIREMENT FUND - WEALTH CREATION SCHEME - IDCW Option,18.9487
2026-09-10,133568,Nippon India Retirement Fund- Wealth Creation Scheme- Direct Plan- Growth Plan - Growth Option,32.1540
2026-09-10,133569,Nippon India Retirement Fund- Income Generation Scheme- Direct Plan- Growth Plan - Growth Option,23.3851
2026-09-10,133570,NIPPON INDIA RETIREMENT FUND - INCOME GENERATION SCHEME - Direct Plan - IDCW Option,23.3851
2026-09-10,133571,NIPPON INDIA RETIREMENT FUND - INCOME GENERATION SCHEME - IDCW Option,20.2869
2026-09-10,133572,Nippon India Retirement Fund- Income Generation Scheme-Growth Plan - Growth Option,20.2841
2026-09-10,133628,Nippon India Retirement Fund- Income Generation Scheme- Growth Plan- Bonus Option,20.2841
2026-09-10,133629,Nippon India Retirement Fund- Income Generation Scheme- Direct Plan-Growth Plan- Bonus Option,23.3851
2026-09-10,133630,Nippon India Retirement Fund- Wealth Creation Scheme- Direct Plan-Growth Plan- Bonus Option,32.1540
2026-09-10,133631,Nippon India Retirement Fund- Wealth Creation Scheme- Growth Plan- Bonus Option,28.2360
2026-09-10,133679,BANDHAN Arbitrage Fund-Direct Plan-Annual IDCW,12.7264
2026-09-10,133680,BANDHAN Arbitrage Fund - Regular Plan - Annual IDCW,10.9599
2026-09-10,133681,BANDHAN Equity Savings Fund-Direct Plan-Annual IDCW,14.028
2026-09-10,133682,BANDHAN Equity Savings Fund - Regular Plan -Annual IDCW,12.585
2026-09-10,133709,LIC MF Large & Mid Cap Fund-Direct Plan-IDCW,36.2003
2026-09-10,133710,LIC MF Large & Mid Cap Fund-Direct Plan-Growth,45.6284
2026-09-10,133711,LIC MF Large & Mid Cap Fund-Regular Plan-Growth,39.0802
2026-09-10,133712,LIC MF Large & Mid Cap Fund-Regular Plan-IDCW,31.6413
2026-09-10,133733,UTI Ultra Short to Short Term Fund - Regular Plan - Fortnightly IDCW,1334.5883
2026-09-10,133782,Kotak Corporate Bond Fund- Regular Plan-Growth Option,4015.8105
2026-09-10,133787,Kotak Corporate Bond Fund- Regular Plan-Monthly Dividend Option,1308.1988
2026-09-10,133791,Kotak Corporate Bond Fund- Direct Plan- Growth Option,4209.7014
2026-09-10,133792,Kotak Corporate Bond Fund- Direct Plan- Monthly Payout of Income Distribution cum capital withdrawal option,1071.3922
2026-09-10,133796,Kotak Infrastructure & Economic Reform Fund - Standard Plan-Growth,70.974
2026-09-10,133799,Kotak Infrastructure & Economic Reform Fund - Standard Plan-Payout of Income Distribution cum capital withdrawal option,56.763
2026-09-10,133800,Kotak Infrastructure & Economic Reform Fund- Direct Plan- Payout of Income Distribution cum capital withdrawal option,84.055
2026-09-10,133801,Kotak Infrastructure & Economic Reform Fund- Direct Plan- Growth Option,85.028
2026-09-10,133805,Kotak Ultra Short to Short Term Fund - Regular Plan-Growth Option,3579.8334
2026-09-10,133809,Kotak Ultra Short to Short Term Fund - Regular Plan-Standard Income Distribution cum capital withdrawal option,1279.3929
2026-09-10,133810,Kotak Ultra Short to Short Term Fund- Direct Plan- Growth Option,3940.1481
2026-09-10,133812,Kotak Ultra Short to Short Term Fund - Direct Plan- Standard Income Distribution cum capital withdrawal option,1565.648
2026-09-10,133836,PGIM India Flexi Cap Fund - Regular Plan - Growth Option,36.82
2026-09-10,133837,PGIM India Flexi Cap Fund - Direct Plan - Dividend Option,20.64
2026-09-10,133838,PGIM India Flexi Cap Fund - Regular Plan - Dividend Option,18
2026-09-10,133839,PGIM India Flexi Cap Fund - Direct Plan - Growth Option,43.69
2026-09-10,133852,UTI Dynamic Term Fund - Regular Plan - Annual IDCW,13.9259
2026-09-10,133857,SBI Banking & Financial Services Fund - Direct Plan - Income Distribution cum Capital Withdrawal Option (IDCW),43.2776
2026-09-10,133858,SBI BANKING & FINANCIAL SERVICES FUND - REGULAR PLAN - GROWTH,42.8653
2026-09-10,133859,SBI BANKING & FINANCIAL SERVICES FUND - DIRECT PLAN - GROWTH,48.4171
2026-09-10,133860,SBI Banking & Financial Services Fund - Regular Plan - Income Distribution cum Capital Withdrawal Option (IDCW),38.4952
2026-09-10,133865,NIPPON INDIA ELSS TAX SAVER FUND - DIRECT Plan - ANNUAL IDCW Option,22.2164
2026-09-10,133866,NIPPON INDIA ELSS TAX SAVER FUND - ANNUAL IDCW Option,20.1693
2026-09-10,133867,BANK OF INDIA Credit Risk Fund - Regular Plan,14.4675
2026-09-10,133868,BANK OF INDIA Credit Risk  Fund - Direct Plan,14.8887
2026-09-10,133869,UTI Medium to Long Term Fund - Regular Plan - Annual IDCW,13.1549
2026-09-10,133872,UTI Medium to Long Term Fund - Regular Plan - Discontinued Flexi IDCW,14.8319
2026-09-10,133873,UTI Ultra Short Term Fund - Regular Plan - Quarterly IDCW,1314.6512
2026-09-10,133894,Axis Short Duration Fund - Direct Plan - Regular IDCW,22.2271
2026-09-10,133895,Axis Short Duration Fund - Regular Plan - Regular IDCW,22.1386
2026-09-10,133908,LIC MF Banking and Financial Services Fund-Direct Plan-IDCW,24.4964
2026-09-10,133919,DSP Ultra Short to Short Term Fund - Regular Plan - IDCW - Daily,10.1806
2026-09-10,133920,DSP Ultra Short to Short Term Fund - Regular Plan - IDCW - Monthly,10.7153
2026-09-10,133921,DSP Ultra Short to Short Term Fund - Regular Plan - IDCW - Quarterly,10.9878
2026-09-10,133922,DSP Ultra Short to Short Term Fund - Direct Plan - IDCW - Daily,10.1261
2026-09-10,133923,DSP Ultra Short to Short Term Fund - Direct Plan - IDCW - Weekly,10.1269
2026-09-10,133924,DSP Ultra Short to Short Term Fund - Direct Plan - IDCW - Quarterly,11.0306
2026-09-10,133925,DSP Ultra Short to Short Term Fund - Direct Plan - Growth,22.0495
2026-09-10,133926,DSP Ultra Short to Short Term Fund - Regular Plan - Growth,21.2698
2026-09-10,133927,DSP Ultra Short to Short Term Fund - Regular Plan - IDCW - Weekly,10.1269
2026-09-10,133928,DSP Ultra Short to Short Term Fund - Direct Plan - IDCW - Monthly,11.8720
2026-09-10,133971,UTI Banking & PSU Debt Fund - Regular Plan - Discontinued Flexi IDCW,15.7933
2026-09-10,133972,UTI Banking & PSU Debt Fund - Direct Plan - Discontinued Flexi IDCW,20.7022
2026-09-10,133973,UTI Liquid Fund - Regular Plan - Annual IDCW,203.307
2026-09-10,133974,Tata Short Term Bond Fund- Direct Plan - Periodic Payout of IDCW Option,30.0286
2026-09-10,133975,Tata Short Term Bond Fund- Regular Plan - Periodic Payout of IDCW Option,26.8321
2026-09-10,134008,SBI Nifty Bank ETF,580.8781
2026-09-10,134013,SBI Nifty Next 50 ETF,778.3383
2026-09-10,134014,SBI BSE 100 ETF,280.0023
2026-09-10,134015,LIC MF Banking and Financial Services Fund-Regular Plan-IDCW,21.5388
2026-09-10,134016,LIC MF Banking and Financial Services Fund-Regular Plan-Growth,21.5426
2026-09-10,134017,LIC MF Banking and Financial Services Fund-Direct Plan-Growth,24.669
2026-09-10,134026,UTI Banking & PSU Debt Fund - Direct Plan - Monthly IDCW,13.7204
2026-09-10,134383,Aditya Birla Sun Life Credit Risk Fund - Regular Plan - Growth,25.4518
2026-09-10,134385,Aditya Birla Sun Life Credit Risk Fund - Direct - IDCW,14.7373
2026-09-10,134386,Aditya Birla Sun Life Credit Risk Fund - Regular - IDCW,13.3021
2026-09-10,134387,Aditya Birla Sun Life Credit Risk Fund - Direct Plan - Growth,28.1729
2026-09-10,134388,Aditya Birla Sun Life Credit Risk Fund - Direct Plan - Bonus,28.1717
2026-09-10,134427,UTI Liquid Fund - Direct Plan - Annual IDCW,204.8527
2026-09-10,134484,UTI Ultra Short Term Fund - Regular Plan - Annual IDCW,1488.8305
2026-09-10,134493,Quantum Dynamic Term Fund - Direct Plan Monthly IDCW,10.3587
2026-09-10,134494,Quantum Dynamic Term Fund - Direct Plan Growth Option,22.7337
2026-09-10,134495,UTI Medium Term Fund - Regular Plan - Monthly IDCW,13.8848
2026-09-10,134497,UTI Medium Term Fund - Regular Plan - Half-Yearly IDCW,10.2401
2026-09-10,134498,UTI Medium Term Fund - Regular Plan - Dicontinued Flexi IDCW,14.2235
2026-09-10,134499,UTI Medium Term Fund - Regular Plan - Growth Option,19.253
2026-09-10,134500,UTI Medium Term Fund - Regular Plan - Annual IDCW,14.1212
2026-09-10,134501,UTI Medium Term Fund - Direct Plan - Monthly IDCW,10.4239
2026-09-10,134502,UTI Medium Term Fund - Direct Plan - Discontinued Quarterly IDCW,15.5697
2026-09-10,134503,UTI Medium Term Fund - Direct Plan - Growth Option,20.8089
2026-09-10,134504,UTI Medium Term Fund - Direct Plan - Half-Yearly IDCW,15.5863
2026-09-10,134505,UTI Medium Term Fund - Direct Plan - Annual IDCW,15.4126
2026-09-10,134517,UTI Short Term Fund - Regular Plan - Annual IDCW,14.9356
2026-09-10,134545,Nippon India Banking and PSU Debt Fund- Growth Plan- Growth Option,22.0072
2026-09-10,134547,Nippon India Banking and PSU DEBT Fund- Direct Plan-Growth Plan- Growth Option,22.9459
2026-09-10,134548,NIPPON INDIA BANKING and PSU DEBT FUND - IDCW Option,22.0072
2026-09-10,134549,NIPPON INDIA BANKING and PSU DEBT FUND - MONTHLY IDCW Option,10.7023
2026-09-10,134550,NIPPON INDIA BANKING and PSU DEBT FUND - Direct Plan - MONTHLY IDCW Option,10.7741
2026-09-10,134551,NIPPON INDIA BANKING and PSU DEBT FUND - QUARTERLY IDCW Option,10.8701
2026-09-10,134552,Nippon India Banking and PSU Debt Fund- Direct Plan-Growth Plan- Bonus Option,22.9452
2026-09-10,134553,NIPPON INDIA BANKING and PSU DEBT FUND - WEEKLY IDCW Option,10.2746
2026-09-10,134554,NIPPON INDIA BANKING and DEBT PSU FUND - Direct Plan - WEEKLY IDCW Option,10.2738
2026-09-10,134555,NIPPON INDIA BANKING and PSU DEBT FUND - Direct Plan - IDCW Option,22.9459
2026-09-10,134556,NIPPON INDIA BANKING and PSU DEBT FUND - Direct Plan - QUARTERLY IDCW Option,10.9425
2026-09-10,134593,Nippon India Equity Savings Fund- Growth Plan- Growth Option,16.3572
2026-09-10,134594,Nippon India Equity Savings Fund- Direct Plan- Growth Plan-Growth Option,18.2402
2026-09-10,134595,Nippon India Equity Savings Fund- Direct Plan- Growth Plan- Bonus Option,18.2402
2026-09-10,134596,NIPPON INDIA EQUITY SAVINGS FUND - IDCW Option,14.0126
2026-09-10,134597,NIPPON INDIA EQUITY SAVINGS FUND - Direct Plan - IDCW Option,15.7232
2026-09-10,134598,NIPPON INDIA EQUITY SAVINGS FUND - MONTHLY IDCW Option,13.8220
2026-09-10,134599,NIPPON INDIA EQUITY SAVINGS FUND - Direct Plan - MONTHLY IDCW Option,15.4964
2026-09-10,134600,NIPPON INDIA EQUITY SAVINGS FUND - QUARTERLY IDCW Option,13.8125
2026-09-10,134601,NIPPON INDIA EQUITY SAVINGS FUND - Direct Plan - QUARTERLY IDCW Option,15.4814
2026-09-10,134602,Nippon India Equity Savings Fund- Growth Plan- Bonus Option,16.3572
2026-09-10,134639,SBI Equity Savings Fund - Regular Plan - Monthly Income Distribution cum Capital Withdrawal Option (IDCW),22.9237
2026-09-10,134640,SBI Equity Savings Fund - Direct Plan - Quarterly Income Distribution cum Capital Withdrawal Option (IDCW),25.9860
2026-09-10,134641,SBI Equity Savings Fund - Direct Plan - Monthly Income Distribution cum Capital Withdrawal Option (IDCW),25.1179
2026-09-10,134642,SBI Equity Savings Fund - Regular Plan - Quarterly Income Distribution cum Capital Withdrawal Option (IDCW),23.3816
2026-09-10,134643,SBI Equity Savings Fund - Direct Plan - Growth,27.4411
2026-09-10,134644,SBI Equity Savings Fund - Regular Plan - Growth,24.7261
2026-09-10,134763,UTI Money Market Fund - Regular Plan - Half-Yearly IDCW,1872.2067
2026-09-10,134782,Nippon India ETF Nifty 50 Value 20,136.0912
2026-09-10,134788,UTI Dynamic Term Fund - Direct Plan - Half-Yearly IDCW,17.5351
2026-09-10,134799,UTI Ultra Short Term Fund - Regular Plan - Half-Yearly IDCW,1029.9462
2026-09-10,134813,Mirae Asset Aggressive Hybrid Fund - Direct Plan - Growth,39.283
2026-09-10,134814,Mirae Asset Aggressive Hybrid Fund - Direct Plan - IDCW,20.917
2026-09-10,134815,Mirae Asset Aggressive Hybrid Fund - Regular Plan - Growth,33.165
2026-09-10,134816,Mirae Asset Aggressive Hybrid Fund - Regular Plan - IDCW,16.699
2026-09-10,134846,LIC MF ULIS (10 Yrs. Single Premium)-Regular Plan-IDCW Reinvestment,36.8365
2026-09-10,134847,LIC MF ULIS (10 Yrs. Regular Premium Reducing Cover Monthly)-Regular Plan-IDCW Reinvestment,36.8365
2026-09-10,134863,LIC MF ULIS (10 Yrs. Regular Premium Uniform Cover Monthly)-Regular Plan-IDCW Reinvestment,36.8365
2026-09-10,134864,LIC MF ULIS (10 Yrs. Regular Premium Reducing Cover Yearly)-Regular Plan-IDCW Reinvestment,36.8365
2026-09-10,134865,LIC MF ULIS (10 Yrs. Regular Premium Reducing Cover Half-Yearly)-Regular Plan-IDCW Reinvestment,36.8365
2026-09-10,134867,LIC MF ULIS (10 Yrs. Regular Premium Uniform Cover Half-Yearly)-Regular Plan-IDCW Reinvestment,36.8365
2026-09-10,134868,LIC MF ULIS (10 Yrs. Regular Premium Uniform Cover Yearly)-Regular Plan-IDCW Reinvestment,36.8365
2026-09-10,134869,LIC MF ULIS (15 Yrs. Regular Premium Reducing Cover Monthly)-Regular Plan-IDCW Reinvestment,36.8365
2026-09-10,134870,LIC MF ULIS (15 Yrs. Regular Premium Reducing Cover Half-Yearly)-Regular Plan-IDCW Reinvestment,36.8365
2026-09-10,134871,LIC MF ULIS (15 Yrs. Regular Premium Reducing Cover Yearly)-Regular Plan-IDCW Reinvestment,36.8365
2026-09-10,134872,LIC MF ULIS (15 Yrs. Regular Premium Uniform Cover Monthly)-Regular Plan-IDCW Reinvestment,36.8365
2026-09-10,134873,LIC MF ULIS (15 Yrs. Regular Premium Uniform Cover Half-Yearly)-Regular Plan-IDCW Reinvestment,36.8365
2026-09-10,134874,LIC MF ULIS (15Yrs. Regular Premium Uniform Cover Yearly)-Regular Plan-IDCW Reinvestment,36.8365
2026-09-10,134875,LIC MF ULIS (10 Yrs. Single Premium)-Direct Plan-IDCW Reinvestment,41.4345
2026-09-10,134876,LIC MF ULIS (10 Yrs. Regular Premium Reducing Cover Monthly)-Direct Plan-IDCW Reinvestment,41.4345
2026-09-10,134877,LIC MF ULIS (10 Yrs. Regular Premium Reducing Cover Yearly)-Direct Plan-IDCW Reinvestment,41.4345
2026-09-10,134878,LIC MF ULIS (10 Yrs. Regular Premium Reducing Cover Half-Yearly)-Direct Plan-IDCW Reinvestment,41.4345
2026-09-10,134879,LIC MF ULIS (10 Yrs. Regular Premium Uniform Cover Half-Yearly)-Direct Plan-IDCW Reinvestment,41.4345
2026-09-10,134880,LIC MF ULIS (10 Yrs. Regular Premium Uniform Cover Yearly)-Direct Plan-IDCW Reinvestment,41.4345
2026-09-10,134881,LIC MF ULIS (10 Yrs. Regular Premium Uniform Cover Monthly)-Direct Plan-IDCW Reinvestment,41.4345
2026-09-10,134882,LIC MF ULIS (15 Yrs. Regular Premium Reducing Cover Half-Yearly)-Direct Plan-IDCW Reinvestment,41.4345
2026-09-10,134883,LIC MF ULIS (15 Yrs. Regular Premium Reducing Cover Yearly)-Direct Plan-IDCW Reinvestment,41.4345
2026-09-10,134884,LIC MF ULIS (15 Yrs. Regular Premium Reducing Cover Monthly)-Direct Plan-IDCW Reinvestment,41.4345
2026-09-10,134885,LIC MF ULIS (15 Yrs. Regular Premium Uniform Cover Half-Yearly)-Direct Plan-IDCW Reinvestment,41.4345
2026-09-10,134886,LIC MF ULIS (15 Yrs. Regular Premium Uniform Cover Yearly)-Direct Plan-IDCW Reinvestment,41.4345
2026-09-10,134887,LIC MF ULIS (15 Yrs. Regular Premium Uniform Cover Monthly)-Direct Plan-IDCW Reinvestment,41.4345
2026-09-10,134954,JM Large Cap Fund (Regular) - Quarterly IDCW,34.4178
2026-09-10,134955,JM Large Cap Fund (Regular) - Half Yearly IDCW,25.0015
2026-09-10,134956,JM Large Cap Fund (Direct) - Monthly IDCW,72.4889
2026-09-10,134957,JM Large Cap Fund (Direct) - Half Yearly IDCW,72.6405
2026-09-10,134958,JM Large Cap Fund (Direct) - Annual IDCW,73.1518
2026-09-10,134959,JM Large Cap Fund (Regular) - Monthly IDCW,23.6975
2026-09-10,134960,JM Large Cap Fund (Direct) - Quarterly IDCW,73.1648
2026-09-10,134961,JM Large Cap Fund (Regular) - Annual IDCW,30.4448
2026-09-10,134972,UTI Money Market Fund - Regular Plan - Annual IDCW,1984.4564
2026-09-10,134973,UTI Money Market Fund - Direct Plan - Annual IDCW,2003.532
2026-09-10,134998,UTI Medium to Long Term Fund - Direct Plan - Half-Yearly IDCW,15.6305
2026-09-10,135051,UTI Credit Risk Fund - Regular Plan - Discontinued Flexi IDCW,11.9122
2026-09-10,135106,SBI Nifty 50 ETF,253.0745
2026-09-10,135120,Axis Equity Savings Fund - Direct Plan - Growth,26.62
2026-09-10,135121,Axis Equity Savings Fund - Direct Plan - Monthly IDCW,13.43
2026-09-10,135122,Axis Equity Savings Fund - Regular Plan - Growth,23.19
2026-09-10,135123,Axis Equity Savings Fund - Regular Plan - Monthly IDCW,11.11
2026-09-10,135124,Axis Equity Savings Fund - Direct Plan - Quarterly IDCW,13.90
2026-09-10,135125,Axis Equity Savings Fund - Regular Plan - Quarterly IDCW,11.70
2026-09-10,135167,JM Arbitrage Fund (Regular) - Annual IDCW,15.388
2026-09-10,135168,JM Arbitrage Fund (Regular) - Monthly IDCW,13.6939
2026-09-10,135169,JM Arbitrage Fund (Regular) - Quarterly IDCW,15.7294
2026-09-10,135170,JM Arbitrage Fund (Regular) - Half Yearly IDCW,15.4999
2026-09-10,135171,JM Arbitrage Fund (Direct) - Half Yearly IDCW,17.3198
2026-09-10,135172,JM Arbitrage Fund (Direct) - Monthly IDCW,15.1203
2026-09-10,135173,JM Arbitrage Fund (Direct) - Annual IDCW,17.0392
2026-09-10,135174,JM Arbitrage Fund (Direct) - Quarterly IDCW,17.7928
2026-09-10,135191,UTI Ultra Short to Short Term Fund - Direct Plan - Fortnightly IDCW,1343.3413
2026-09-10,135290,UTI Credit Risk Fund - Direct Plan - Annual IDCW,13.2627
2026-09-10,135320,UTI Nifty 50 ETF,260.6047
2026-09-10,135321,UTI BSE Sensex ETF,830.783
2026-09-10,135336,UTI Dynamic Term Fund - Regular Plan - Discontinued Flexi IDCW,17.2028
2026-09-10,135341,Groww Value Fund (formerly known as Indiabulls Value Fund) - Direct Plan - Growth Option,32.7152
2026-09-10,135342,Groww Value Fund (formerly known as Indiabulls Value Fund)- Direct Plan- - Income Distribution cum capital withdrawal Option (Payout & Reinvestment),32.5933
2026-09-10,135343,Groww Value Fund (formerly known as Indiabulls Value Fund) - Regular Plan - Growth Option,27.0037
2026-09-10,135344,Groww Value Fund (formerly known as Indiabulls Value Fund)- Regular Plan - Income Distribution cum capital withdrawal Option (Payout & Reinvestment),26.9948
2026-09-10,135371,UTI Money Market Fund - Regular Plan - Fortnightly IDCW,1162.8703
2026-09-10,135390,ICICI Prudential Nifty 50 Index Fund - IDCW Option,31.7120
2026-09-10,135391,ICICI Prudential Nifty 50 Index Fund - Direct Plan IDCW Option,33.4243
2026-09-10,135418,UTI Credit Risk Fund - Direct Plan - Half-Yearly IDCW,13.3163
2026-09-10,135419,UTI Credit Risk Fund - Regular Plan - Half-Yearly IDCW,12.3096
2026-09-10,135497,UTI Short Term Fund - Direct Plan - Annual IDCW,13.6991
2026-09-10,135500,Kotak Short Term Fund - Direct - Standard Income Distribution cum capital withdrawal option,16.2997
2026-09-10,135501,Kotak Short Term Fund - Regular Plan - Normal Dividend,12.2822
2026-09-10,135536,UTI Dynamic Term Fund - Direct Plan - Annual IDCW,15.1128
2026-09-10,135581,UTI Medium to Long Term Fund - Regular Plan - Half-Yearly IDCW,15.0699
2026-09-10,135598,PGIM India ELSS Tax Saver Fund - Regular Plan - Growth Option,34.58
2026-09-10,135599,PGIM India ELSS Tax Saver Fund - Regular Plan - Dividend Option,16.53
2026-09-10,135600,PGIM India ELSS Tax Saver Fund - Direct Plan - Dividend Option,17.86
2026-09-10,135601,PGIM India ELSS Tax Saver Fund - Direct Plan - Growth Option,40.27
2026-09-10,135606,UTI Money Market Fund - Direct Plan - Fortnightly IDCW,1255.072
2026-09-10,135607,LIC MF Nifty 50 ETF,263.6616
2026-09-10,135672,LIC MF BSE Sensex ETF,846.8542
2026-09-10,135677,Navi Large & Midcap Fund- Direct Plan- Growth Option,44.4254
2026-09-10,135678,Navi Large & Midcap Fund- Regular Plan- Growth Option,36.3885
2026-09-10,135679,Navi Large & Midcap Fund - Direct Normal IDCW Payout,43.8895
2026-09-10,135680,Navi Large & Midcap Fund - Regular Normal IDCW Payout,36.3843
2026-09-10,135721,UTI Liquid Fund - Regular Plan - Quarterly IDCW,191.967
2026-09-10,135744,Kotak Nifty 50 Value 20 ETF - Payout of Income Distribution cum capital withdrawal option,13.5978
2026-09-10,135759,Axis Children's Fund - Lock in - Regular Growth,26.1543
2026-09-10,135760,Axis Children's Fund - Lock in - Regular Plan - IDCW,24.1295
2026-09-10,135761,Axis Children's Fund - No Lock in - Regular Plan - IDCW,24.1076
2026-09-10,135762,Axis Children's Fund - Lock in - Direct Growth,30.0290
2026-09-10,135763,Axis Children's Fund - No Lock in - Direct Plan - IDCW,27.7144
2026-09-10,135764,Axis Children's Fund - No Lock in - Direct Growth,30.6033
2026-09-10,135765,Axis Children's Fund - Lock in - Direct Plan - IDCW,27.6621
2026-09-10,135766,Axis Children's Fund - No Lock in - Regular Plan - Growth,26.1511
2026-09-10,135781,Mirae Asset ELSS Tax Saver Fund - Direct Plan - Growth,57.010
2026-09-10,135782,Mirae Asset ELSS Tax Saver Fund - Direct Plan - IDCW,26.639
2026-09-10,135783,Mirae Asset ELSS Tax Saver Fund - Regular Plan - IDCW,22.369
2026-09-10,135784,Mirae Asset ELSS Tax Saver Fund - Regular Plan - Growth,49.839
2026-09-10,135789,TATA Banking & Financial Services Fund Direct Plan - Payout of Income Distribution cum capital withdrawal option,50.5356
2026-09-10,135790,TATA Banking & Financial Services Fund Regular Plan - Payout of Income Distribution cum capital withdrawal option,38.9121
2026-09-10,135791,TATA Banking & Financial Services Fund Regular Plan - Reinvestment of Income Distribution cum capital withdrawal option,38.9121
2026-09-10,135792,TATA Banking & Financial Services Fund Direct Plan - Reinvestment of Income Distribution cum capital withdrawal option,50.5356
2026-09-10,135793,Tata Banking And Financial Services Fund-Direct Plan-Growth,52.1697
2026-09-10,135794,Tata Banking And Financial Services Fund-Regular Plan-Growth,44.0743
2026-09-10,135795,TATA Digital India Fund Direct Plan - Payout of Income Distribution cum capital withdrawal option,46.3234
2026-09-10,135796,TATA Digital India Fund Regular Plan - Payout of Income Distribution cum capital withdrawal option,38.9699
2026-09-10,135797,Tata Digital India Fund-Regular Plan-Growth,40.5700
2026-09-10,135798,TATA Digital India Fund Direct Plan - Reinvestment of Income Distribution cum capital withdrawal option,46.3234
2026-09-10,135799,TATA Digital India Fund Regular Plan - Reinvestment of Income Distribution cum capital withdrawal option,38.9699
2026-09-10,135800,Tata Digital India Fund-Direct Plan-Growth,47.9300
2026-09-10,135801,TATA India Consumer Fund Direct Plan - Reinvestment of Income Distribution cum capital withdrawal option,53.5583
2026-09-10,135802,TATA India Consumer Fund Regular Plan - Payout of Income Distribution cum capital withdrawal option,41.9611
2026-09-10,135803,TATA India Consumer Fund Regular Plan - Reinvestment of Income Distribution cum capital withdrawal option,41.9611
2026-09-10,135804,Tata India Consumer Fund-Regular Plan-Growth,47.3427
2026-09-10,135805,Tata India Consumer Fund-Direct Plan-Growth,55.2631
2026-09-10,135806,TATA India Consumer Fund Direct Plan - Payout of Income Distribution cum capital withdrawal option,53.5583
2026-09-10,135807,TATA India Pharma & Health Care Fund Direct Plan - Payout of Income Distribution cum capital withdrawal option,38.1762
2026-09-10,135808,TATA India Pharma & Healthcare Fund Direct Plan - Reinvestment of Income Distribution cum capital withdrawal option,38.1762
2026-09-10,135809,TATA India Pharma & Health Care Fund Regular Plan - Payout of Income Distribution cum capital withdrawal option,32.0960
2026-09-10,135810,Tata India Pharma & Healthcare Fund-Direct Plan-Growth,39.4588
2026-09-10,135811,TATA India Pharma & Healthcare Fund Regular Plan - Reinvestment of Income Distribution cum capital withdrawal option,32.0960
2026-09-10,135812,Tata India Pharma & Healthcare Fund-Regular Plan-Growth,33.3728
2026-09-10,135813,Tata Resources & Energy Fund-Direct Plan-Growth,58.6404
2026-09-10,135814,TATA Resources & Energy Fund Regular Plan - Payout of Income Distribution cum capital withdrawal option,43.1631
2026-09-10,135815,Tata Resources & Energy Fund-Regular Plan-Growth,49.1144
2026-09-10,135816,TATA Resources & Energy Fund Direct Plan - Reinvestment of Income Distribution cum capital withdrawal option,56.8701
2026-09-10,135817,TATA Resources & Energy Fund Direct Plan - Payout of Income Distribution cum capital withdrawal option,56.8701
2026-09-10,135818,TATA Resources & Energy Fund Regular Plan - Reinvestment of Income Distribution cum capital withdrawal option,43.1631
2026-09-10,135853,HDFC NIFTY 50 ETF - Growth Plan,264.8853
2026-09-10,135854,HDFC BSE Sensex ETF - Growth Plan,85.064
2026-09-10,135914,BANDHAN Corporate Bond Fund - Regular Growth,20.5445
2026-09-10,135915,BANDHAN Corporate Bond Fund - Regular Periodic IDCW,13.8497
2026-09-10,135916,BANDHAN Corporate Bond Fund - Direct Growth,21.2365
2026-09-10,135917,BANDHAN Corporate Bond Fund - Direct Periodic IDCW,14.0892
2026-09-10,135976,LIC MF ULIS (10 Yrs. Regular Premium Reducing Cover Quarterly)-Direct Plan-IDCW Reinvestment,41.4345
2026-09-10,135977,LIC MF ULIS (10 Yrs. Regular Premium Uniform Cover Quarterly)-Direct Plan-IDCW Reinvestment,41.4345
2026-09-10,135978,LIC MF ULIS (15 Yrs. Regular Premium Reducing Cover Quarterly)-Direct Plan-IDCW Reinvestment,41.4345
2026-09-10,135979,LIC MF ULIS (10 Yrs. Regular Premium Reducing Cover Quarterly)-Regular Plan-IDCW Reinvestment,36.8365
2026-09-10,135980,LIC MF ULIS (15 Yrs. Regular Premium Uniform Cover Quarterly)-Direct Plan-IDCW Reinvestment,41.4345
2026-09-10,135981,LIC MF ULIS (15 Yrs. Regular Premium Reducing Cover Quarterly)-Regular Plan-IDCW Reinvestment,36.8365
2026-09-10,135982,LIC MF ULIS (15 Yrs. Regular Premium Uniform Cover Quarterly)-Regular Plan-IDCW Reinvestment,36.8365
2026-09-10,135983,LIC MF ULIS (10 Yrs. Regular Premium Uniform Cover Quarterly)-Regular Plan-IDCW Reinvestment,36.8365
2026-09-10,136090,HDFC Retirement Fund - Equity Plan - Growth Option,47.879
2026-09-10,136094,HDFC Retirement Fund - Equity Plan - Growth Option - Direct Plan,54.851
2026-09-10,136110,UTI Banking & PSU Debt Fund - Regular Plan - Monthly IDCW,13.4401
2026-09-10,136111,Invesco India Ultra Short Term Fund - Regular Plan - Daily IDCW (Reinvestment),1474.1144
2026-09-10,136112,Invesco India Ultra Short Term Fund - Direct Plan - Daily IDCW (Reinvestment),1579.2644
2026-09-10,136113,ICICI Prudential Aggressive Hybrid Fund - Annual IDCW,23.13
2026-09-10,136114,ICICI Prudential Aggressive Hybrid Fund - Direct Plan - Annual IDCW,26.23
2026-09-10,136302,UTI Credit Risk Fund - Direct Plan - Discontinued Flexi IDCW,13.2668
2026-09-10,136345,UTI Ultra Short to Short Term Fund - Regular Plan - Half-Yearly IDCW,1509.1095
2026-09-10,136463,HDFC Retirement Fund - Hybrid-Equity Plan - Growth Option,36.533
2026-09-10,136464,HDFC Retirement Fund - Hybrid-Equity Plan - Growth Option - Direct Plan,41.988
2026-09-10,136465,HDFC Retirement Fund - Hybrid-Debt Plan - Growth Option - Direct Plan,24.7622
2026-09-10,136466,HDFC Retirement Fund - Hybrid-Debt Plan - Growth Option,21.6877
2026-09-10,136473,LIC MF Nifty 100 ETF,270.3915
2026-09-10,136563,DSP Equity Savings Fund - Regular Plan - Growth,22.1130
2026-09-10,136564,DSP Equity Savings Fund - Regular Plan - IDCW,12.0420
2026-09-10,136565,DSP Equity Savings Fund - Regular Plan - IDCW - Monthly,13.3030
2026-09-10,136566,DSP Equity Savings Fund - Regular Plan - IDCW - Quarterly,13.3750
2026-09-10,136567,DSP Equity Savings Fund - Direct Plan - Growth,25.0380
2026-09-10,136568,DSP Equity Savings Fund - Direct Plan - IDCW,13.5900
2026-09-10,136569,DSP Equity Savings Fund - Direct Plan - IDCW - Monthly,17.0610
2026-09-10,136570,DSP Equity Savings Fund - Direct Plan - IDCW - Quarterly,17.0470
2026-09-10,138285,PGIM India Liquid Fund - Daily Dividend,100.3203
2026-09-10,138287,PGIM India Liquid Fund - Monthly Dividend,116.3102
2026-09-10,138288,PGIM India Liquid Fund - Growth,365.8233
2026-09-10,138289,PGIM India Liquid Fund - Weekly Dividend,100.5917
2026-09-10,138297,PGIM India Liquid Fund - Direct Plan - Daily Dividend,132.1025
2026-09-10,138298,PGIM India Liquid Fund - Direct Plan - Monthly Dividend,115.9044
2026-09-10,138299,PGIM India Liquid Fund - Direct Plan - Growth,370.6719
2026-09-10,138301,PGIM India Liquid Fund - Direct Plan - Weekly Dividend,100.5934
2026-09-10,138307,PGIM India Large Cap Fund - Dividend,17.89
2026-09-10,138308,PGIM India Large Cap Fund - Growth,325.96
2026-09-10,138312,PGIM India Large Cap Fund - Direct Plan - Growth,393.61
2026-09-10,138313,PGIM India Large Cap Fund - Direct Plan - Dividend,25.99
2026-09-10,138315,PGIM India Corporate Bond Fund - Quarterly Dividend,11.32
2026-09-10,138316,PGIM India Corporate Bond Fund - Monthly Dividend,12.1434
2026-09-10,138317,PGIM India Corporate Bond Fund - Annual Dividend,10.3005
2026-09-10,138318,PGIM India Corporate Bond Fund - Growth,45.5773
2026-09-10,138329,PGIM India Corporate Bond Fund - Direct Plan - Annual Dividend,15.9469
2026-09-10,138330,PGIM India Corporate Bond Fund - Direct Plan - Growth,51.2124
2026-09-10,138331,PGIM India Corporate Bond Fund - Direct Plan - Monthly Dividend,14.1952
2026-09-10,138332,PGIM India Corporate Bond Fund - Direct Plan - Quarterly Dividend,12.894
2026-09-10,138341,PGIM India Ultra Short Term Fund - Weekly Dividend,10.084
2026-09-10,138342,PGIM India Ultra Short Term Fund - Daily Dividend,10.0203
2026-09-10,138343,PGIM India Ultra Short Term Fund - Growth,36.428
2026-09-10,138344,PGIM India Ultra Short Term Fund - Monthly Dividend,15.7323
2026-09-10,138358,PGIM India Ultra Short Term Fund - Direct Plan - Growth,38.3744
2026-09-10,138359,PGIM India Ultra Short Term Fund - Direct Plan - Monthly Dividend,12.2871
2026-09-10,138361,PGIM India Ultra Short Term Fund - Direct Plan - Daily Dividend,10.0241
2026-09-10,138362,PGIM India Ultra Short Term Fund - Direct Plan - Weekly Dividend,10.2727
2026-09-10,138369,PGIM India Equity Savings Fund - Monthly Dividend option,12.326
2026-09-10,138371,PGIM India Equity Savings Fund - Annual Dividend option,14.6997
2026-09-10,138372,PGIM India Equity Savings Fund - Growth Option,51.0558
2026-09-10,138375,PGIM India Equity Savings Fund - Direct Plan - Annual Dividend,15.7119
2026-09-10,138376,PGIM India Equity Savings Fund - Direct Plan - Growth,58.3154
2026-09-10,138377,PGIM India Equity Savings Fund - Direct Plan - Monthly Dividend,13.6276
2026-09-10,138467,PGIM India Gilt Fund - Quarterly Dividend,13.0825
2026-09-10,138470,PGIM India Gilt Fund - Growth,30.6993
2026-09-10,138472,PGIM India Gilt Fund - Direct Plan - Growth,33.553
2026-09-10,138474,PGIM India Gilt Fund - Direct Plan - Quarterly Dividend,13.9652
2026-09-10,138875,PGIM India Arbitrage Fund - Direct Plan - Growth,21.1479
2026-09-10,138876,PGIM India Arbitrage Fund - Regular Plan - Growth,19.6277
2026-09-10,138877,PGIM India Arbitrage Fund - Direct Plan - Regular Dividend,12.5816
2026-09-10,138878,PGIM India Arbitrage Fund - Direct Plan - Monthly Dividend,11.5254
2026-09-10,138883,PGIM India Arbitrage Fund - Regular Plan - Monthly Dividend,11.2869
2026-09-10,138887,PGIM India Arbitrage Fund - Regular Plan - Regular Dividend,11.8009
2026-09-10,139181,UTI Dynamic Term Fund - Regular Plan - Half-Yearly IDCW,15.9932
2026-09-10,139198,BANDHAN Corporate Bond Fund - Direct Monthly IDCW,10.3726
2026-09-10,139199,BANDHAN Corporate Bond Fund - Direct Quarterly IDCW,10.7568
2026-09-10,139200,BANDHAN Corporate Bond Fund - Direct Half Yearly IDCW,11.9167
2026-09-10,139201,BANDHAN Corporate Bond Fund - Direct Annual IDCW,10.5801
2026-09-10,139202,BANDHAN Corporate Bond Fund - Regular Monthly IDCW,10.6258
2026-09-10,139203,BANDHAN Corporate Bond Fund - Regular Half Yearly IDCW,11.2655
2026-09-10,139204,BANDHAN Corporate Bond Fund - Regular Annual IDCW,10.5564
2026-09-10,139205,BANDHAN Corporate Bond Fund - Regular Quarterly IDCW,10.7823
2026-09-10,139235,Canara Robeco Liquid Fund -Unclaimed Redemption and Dividend Plan -Direct Growth Option,1857.9756
2026-09-10,139236,UTI MMF - Regular Plan - Flexi Dividend Option,1289.1436
2026-09-10,139339,UTI Medium to Long Term Fund - Direct Plan - Annual IDCW,13.4003
2026-09-10,139386,Navi Liquid Fund-Unclaimed Redemption and Dividend Plan less than 3 years,30.5274
2026-09-10,139387,Invesco India Liquid Fund - Unclaimed Redemption Plan - Below 3 years,1847.6799
2026-09-10,139388,Invesco India Liquid Fund - Unclaimed Redemption Plan - Above 3 Years,1000.0001
2026-09-10,139389,Invesco India Liquid Fund - Unclaimed Dividend Plan - Below 3 Years,1848.0965
2026-09-10,139390,Invesco India Liquid Fund - Unclaimed Dividend Plan - Above 3 Years,1000
2026-09-10,139407,UTI Banking & PSU Debt Fund - Regular Plan - Half-Yearly IDCW,15.727
2026-09-10,139430,SBI Nifty 10 yr Benchmark G-Sec ETF,263.8961
2026-09-10,139455,ICICI Prudential Nifty50 Value 20 ETF,13.2612
2026-09-10,139496,Nippon India ETF Nifty 8-13 yr G-Sec Long Term Gilt,29.8588
2026-09-10,139519,ICICI Prudential BSE Midcap Select ETF,19.7400
2026-09-10,139520,Axis Equity Savings Fund - Direct Plan - Regular IDCW,13.22
2026-09-10,139521,Axis Equity Savings Fund - Regular Plan - Regular IDCW,12.27
2026-09-10,139527,BANK OF INDIA MID & SMALL CAP EQUITY & DEBT FUND - DIRECT PLAN GROWTH,47.96
2026-09-10,139528,BANK OF INDIA MID & SMALL CAP EQUITY & DEBT FUND - REGULAR  PLAN IDCW,34.58
2026-09-10,139529,BANK OF INDIA MID & SMALL CAP EQUITY & DEBT FUND - REGULAR  PLAN  GROWTH,43.33
2026-09-10,139530,BANK OF INDIA MID & SMALL CAP EQUITY & DEBT FUND - DIRECT PLAN IDCW,36.86
2026-09-10,139534,Mahindra Manulife Liquid Fund - Regular Plan - Daily IDCW,1001.6836
2026-09-10,139535,Mahindra Manulife Liquid Fund - Direct Plan - Daily IDCW,1299.4910
2026-09-10,139536,Mahindra Manulife Liquid Fund - Direct Plan - Weekly IDCW,1004.0718
2026-09-10,139537,Mahindra Manulife Liquid Fund - Regular Plan - Growth,1828.6572
2026-09-10,139538,Mahindra Manulife Liquid Fund - Direct Plan -Growth,1850.6845
2026-09-10,139541,Mahindra Manulife Liquid Fund - Regular Plan - Weekly IDCW,1010.4764
2026-09-10,139568,UTI Ultra Short Term Fund - Direct Plan - Annual IDCW,1546.7946
2026-09-10,139581,Aditya Birla Sun Life BSE Sensex ETF,75.6028
2026-09-10,139582,BANDHAN LIQUID Fund - Unclaimed IDCW Less than 3 years,1.8268
2026-09-10,139583,BANDHAN LIQUID Fund - Unclaimed IDCW More than 3 years,1.0000
2026-09-10,139584,BANDHAN LIQUID Fund - Unclaimed Redemption Less than 3 years,1.8268
2026-09-10,139585,BANDHAN LIQUID Fund - Unclaimed Redemption More than 3 years,1.0000
2026-09-10,139617,Taurus Unclaimed Redemption - Growth,17.7600
2026-09-10,139618,Taurus Investor Education Pool - Unclaimed Redemption - Growth,10.0000
2026-09-10,139619,Taurus Investor Education Pool - Unclaimed Dividend - Growth,10.0000
2026-09-10,139646,UTI Money Market Fund - Regular Plan - Quarterly IDCW,1025.6587
2026-09-10,139679,NIPPON INDIA AGGRESSIVE HYBRID FUND - DIRECT Plan - MONTHLY IDCW Option,18.5843
2026-09-10,139680,NIPPON INDIA AGGRESSIVE HYBRID FUND - MONTHLY IDCW Option,16.5110
2026-09-10,139709,Sundaram Long Term Micro Cap Tax Advantage Fund Series III Regular Plan - Growth,35.8043
2026-09-10,139710,Sundaram Long Term Micro Cap Tax Advantage Fund Series III Direct Plan - Payout of Income Distribution cum Capital Withdrawal (IDCW),32.4132
2026-09-10,139711,Sundaram Long Term Micro Cap Tax Advantage Fund Series III Direct Plan - Growth,36.9608
2026-09-10,139712,Sundaram Long Term Micro Cap Tax Advantage Fund Series III Regular Plan - Payout of Income Distribution cum Capital Withdrawal (IDCW),31.3261
2026-09-10,139780,Mahindra Manulife ELSS Tax Saver Fund - Regular Plan - IDCW,15.9515
2026-09-10,139781,Mahindra Manulife ELSS Tax Saver Fund - Direct Plan -Growth,32.1488
2026-09-10,139782,Mahindra Manulife ELSS Tax Saver Fund- Direct Plan - IDCW,20.2416
2026-09-10,139783,Mahindra Manulife ELSS Tax Saver Fund- Regular Plan - Growth,26.9391
2026-09-10,139838,UTI Liquid Fund - Regular Plan - Fortnightly IDCW,115.764
2026-09-10,139839,BANDHAN Nifty 50 ETF,259.6905
2026-09-10,139840,BANDHAN BSE Sensex ETF,815.4848
2026-09-10,139863,Motilal Oswal Balanced Advantage Fund (MOFDYNAMIC) - Regular Plan - Annual Dividend Payout Option,13.1013
2026-09-10,139865,Motilal Oswal Balanced Advantage Fund Direct - Quarterly IDCW Payout/Reinvestment,12.2121
2026-09-10,139866,Motilal Oswal Balanced Advantage Fund Direct - Annual IDCW Payout/Reinvestment,14.0267
2026-09-10,139870,Motilal Oswal Balanced Advantage Fund (MOFDYNAMIC) - Regular Plan - Growth Option,19.4321
2026-09-10,139871,Motilal Oswal Balanced Advantage Fund Regular - Quarterly IDCW Payout/Reinvestment,11.2604
2026-09-10,139872,Motilal Oswal Balanced Advantage Fund  (MOFDYNAMIC) - Direct Plan - Growth Option,21.9237
2026-09-10,139889,Franklin India Liquid Fund - Unclaimed Redemption Plan - Growth,18.0237
2026-09-10,139890,Franklin India Liquid Fund - Unclaimed IDCW Plan - Growth,18.0237
2026-09-10,139891,Franklin India Liquid Fund - Unclaimed Redemption Investor Education Plan - Growth,10.0000
2026-09-10,139892,Franklin India Liquid Fund - Unclaimed IDCW Investor Education Plan - Growth,10.0000
2026-09-10,139989,Sundaram Long Term Micro Cap Tax Advantage Fund Series IV Direct Plan - Payout of Income Distribution cum Capital Withdrawal (IDCW),30.3576
2026-09-10,139990,Sundaram Long Term Micro Cap Tax Advantage Fund Series IV Direct Plan - Growth,31.8950
2026-09-10,139991,Sundaram Long Term Micro Cap Tax Advantage Fund Series IV Regular Plan - Payout of Income Distribution cum Capital Withdrawal (IDCW),29.6177
2026-09-10,139992,Sundaram Long Term Micro Cap Tax Advantage Fund Series IV Regular Plan - Growth,31.1507
2026-09-10,140023,UTI Money Market Fund - Direct Plan - Half-Yearly IDCW,1886.117
2026-09-10,140024,UTI Liquid Fund - Direct Plan - Quarterly IDCW,193.4694
2026-09-10,140084,Nippon India ETF Nifty 50 BeES,267.7904
2026-09-10,140085,Nippon India ETF Nifty Next 50 Junior BeES,785.1755
2026-09-10,140086,Nippon India ETF Nifty 1D Rate Liquid BeES - DAILY IDCW Option,1000.0000
2026-09-10,140087,Nippon India ETF Nifty Bank BeES,585.5109
2026-09-10,140088,Nippon India ETF Gold BeES,125.6148
2026-09-10,140089,Nippon India ETF Nifty PSU Bank BeES,93.8633
2026-09-10,140094,Nippon India ETF Nifty 50 Shariah BeES,438.7065
2026-09-10,140095,Nippon India ETF Hang Seng BeES,452.2509
2026-09-10,140102,Nippon India ETF Nifty Infrastructure BeES,945.3608
2026-09-10,140107,CPSE ETF,95.0731
2026-09-10,140116,UTI Banking & PSU Debt Fund - Regular Plan - Annual IDCW,13.4563
2026-09-10,140135,UTI Banking & PSU Debt Fund - Direct Plan - Annual IDCW,13.7575
2026-09-10,140172,Edelweiss Large & Mid Cap Fund - Regular Plan - Growth Option,90.226
2026-09-10,140173,Edelweiss Large and Mid Cap Fund - Regular Plan - IDCW Option,34.411
2026-09-10,140174,Edelweiss Large and Mid Cap Fund - Direct Plan - IDCW Option,41.832
2026-09-10,140175,Edelweiss Large & Mid Cap Fund - Direct Plan - Growth Option,107.846
2026-09-10,140176,Edelweiss Liquid Fund - Retail Plan - Growth Option,3269.8283
2026-09-10,140177,Edelweiss Liquid Fund - Retail Plan Daily - IDCW Option,1171.8429
2026-09-10,140178,Edelweiss Liquid Fund - Retail Plan - Weekly Dividend Option,1231.3837
2026-09-10,140180,Edelweiss Liquid Fund - Retail Plan Monthly - IDCW Option,1247.4779
2026-09-10,140181,Edelweiss Liquid Fund - Regular Plan Daily - IDCW Option,1331.3134
2026-09-10,140182,Edelweiss Liquid Fund - Regular Plan - Growth Option,3595.508
2026-09-10,140183,Edelweiss Liquid Fund - Regular Plan Monthly - IDCW Option,1085.8156
2026-09-10,140184,Edelweiss Liquid Fund - Regular Plan Fortnightly - IDCW Option,2158.2339
2026-09-10,140185,Edelweiss Liquid Fund - Regular Plan Weekly - IDCW Option,1215.6177
2026-09-10,140188,Edelweiss Liquid Fund - Regular Plan Annual - IDCW Option,2336.5123
2026-09-10,140189,Edelweiss Liquid Fund - Regular Plan - Bonus Option,2094.5306
2026-09-10,140190,Edelweiss Liquid Fund - Regular Plan - IDCW Option,3444.2442
2026-09-10,140192,Edelweiss Liquid Fund - Direct Plan Annual - IDCW Option,3521.5663
2026-09-10,140193,Edelweiss Liquid Fund - Direct Plan daily - IDCW Option,1194.3847
2026-09-10,140194,Edelweiss Liquid Fund - Direct Plan - Bonus Option,2136.8075
2026-09-10,140195,Edelweiss Liquid Fund - Direct Plan weekly - IDCW Option,2173.8029
2026-09-10,140196,Edelweiss Liquid Fund - Direct Plan - Growth Option,3672.8761
2026-09-10,140197,Edelweiss Liquid Fund - Direct Plan Monthly - IDCW Option,1007.4524
2026-09-10,140198,Edelweiss Liquid Fund - Direct Plan - IDCW Option,3521.6071
2026-09-10,140199,Edelweiss Liquid Fund - Direct Plan Fortnightly - IDCW Option,2479.43
2026-09-10,140225,Edelweiss Mid Cap Fund - Regular Plan - Growth Option,108.881
2026-09-10,140226,Edelweiss Mid Cap Fund - Regular Plan - IDCW Option,62.773
2026-09-10,140227,Edelweiss Mid Cap Fund - Direct Plan - IDCW Option,94.012
2026-09-10,140228,Edelweiss Mid Cap Fund - Direct Plan - Growth Option,128.93
2026-09-10,140229,Edelweiss Money Market Fund - Regular Plan - Growth Option,30.5283
2026-09-10,140230,Edelweiss Money Market Fund - Institutional Plan - Growth Option,26.1241
2026-09-10,140232,Edelweiss Money Market Fund - Regular Plan - IDCW Option,26.9033
2026-09-10,140233,Edelweiss Money Market Fund - Regular Plan - Annual - IDCW Option,28.2596
2026-09-10,140235,Edelweiss Money Market Fund - Direct Plan - IDCW Option,29.8009
2026-09-10,140236,Edelweiss Money Market Fund - Direct Plan - Annual - IDCW Option,31.8756
2026-09-10,140237,Edelweiss Money Market Fund - Direct Plan - Growth Option,33.9019
2026-09-10,140283,Edelweiss Banking and PSU Debt Fund - Regular Plan - Growth Option,26.0882
2026-09-10,140284,Edelweiss Banking and PSU Debt Fund - Regular Plan - IDCW Option,17.5332
2026-09-10,140286,Edelweiss Banking and PSU Debt Fund - Direct Plan - Growth Option,27.1305
2026-09-10,140288,Edelweiss Banking and PSU Debt Fund - Direct Plan - IDCW Option,18.4916
2026-09-10,140289,Edelweiss Banking and PSU Debt Fund - Regular Plan Weekly - IDCW Option,10.1453
2026-09-10,140290,Edelweiss Banking and PSU Debt Fund - Direct Plan weekly - IDCW Option,10.5518
2026-09-10,140291,Edelweiss Banking and PSU Debt Fund - Direct Plan Fortnightly - IDCW Option,14.3974
2026-09-10,140292,Edelweiss Banking and PSU Debt Fund - Regular Plan Monthly - IDCW Option,11.2002
2026-09-10,140293,Edelweiss Banking and PSU Debt Fund - Direct Plan Monthly - IDCW Option,10.9543
2026-09-10,140294,Edelweiss Banking and PSU Debt Fund - Regular Plan Fortnightly - IDCW Option,13.9167
2026-09-10,140297,Edelweiss Gilt Fund - Regular Plan - Growth Option,24.84
2026-09-10,140298,Edelweiss Gilt Fund - Direct Plan - Growth Option,26.633
2026-09-10,140301,Edelweiss Gilt Fund - Regular Plan - IDCW Option,23.1686
2026-09-10,140302,Edelweiss Gilt Fund - Direct Plan - IDCW Option,24.8378
2026-09-10,140303,Edelweiss Gilt Fund - Regular Plan Weekly - IDCW Option,10.1927
2026-09-10,140304,Edelweiss Gilt Fund - Direct Plan weekly - IDCW Option,13.4379
2026-09-10,140305,Edelweiss Gilt Fund - Regular Plan Fortnightly - IDCW Option,23.3661
2026-09-10,140306,Edelweiss Gilt Fund - Direct Plan Fortnightly - IDCW Option,22.0187
2026-09-10,140307,Edelweiss Gilt Fund - Regular Plan Monthly - IDCW Option,10.3409
2026-09-10,140308,Edelweiss Gilt Fund - Direct Plan Monthly - IDCW Option,16.4819
2026-09-10,140309,Edelweiss Gilt Fund - Direct Plan - Annual Dividend Option,24.9559
2026-09-10,140310,Edelweiss Gilt Fund - Regular Plan - Annual - IDCW Option,23.1632
2026-09-10,140347,Edelweiss Equity Savings Fund - Direct Plan - Growth Option,30.6538
2026-09-10,140348,Edelweiss Equity Savings Fund - Direct Plan - IDCW Option,21.9747
2026-09-10,140349,Edelweiss Equity Savings Fund - Regular Plan - IDCW Option,18.6718
2026-09-10,140350,Edelweiss Equity Savings Fund - Direct Plan - Bonus Option,30.6657
2026-09-10,140351,Edelweiss Equity Savings Fund - Regular Plan - Growth Option,27.4609
2026-09-10,140353,Edelweiss Flexi Cap Fund - Direct Plan - Growth Option,45.489
2026-09-10,140354,Edelweiss Flexi Cap Fund - Direct Plan - IDCW Option,36.841
2026-09-10,140355,Edelweiss Flexi Cap Fund - Regular Plan - Growth Option,38.686
2026-09-10,140356,Edelweiss Flexi Cap Fund - Regular - IDCW Option,31.261
2026-09-10,140381,Bandhan Aggressive Hybrid Fund-Regular Plan Growth,27.880
2026-09-10,140382,Bandhan Aggressive Hybrid Fund-Direct Plan Growth,32.010
2026-09-10,140383,Bandhan Aggressive Hybrid Fund-Direct Plan IDCW,21.860
2026-09-10,140384,Bandhan Aggressive Hybrid Fund-Regular Plan IDCW,19.065
2026-09-10,140437,Navi Liquid Fund-Unclaimed Redemption and Dividend Plan greater than 3 years,10
2026-09-10,140442,Mahindra Manulife Equity Savings Fund -Direct Plan -Quarterly IDCW,17.6941
2026-09-10,140444,Mahindra Manulife Equity Savings Fund - Direct Plan -Growth,25.7499
2026-09-10,140446,Mahindra Manulife Equity Savings Fund -Regular Plan -Quarterly IDCW,14.1348
2026-09-10,140447,Mahindra Manulife Equity Savings Fund - Regular Plan - Growth,21.6605
2026-09-10,140463,Baroda BNP Paribas Short Term Fund - Direct Plan - Quarterly IDCW,11.2740
2026-09-10,140465,Baroda BNP Paribas Short Term Fund - Regular Plan - Quarterly IDCW,10.6487
2026-09-10,140486,SBI Long Term Advantage Fund - Series IV - Direct Plan - Income Distribution cum Capital Withdrawal Option (IDCW),41.5232
2026-09-10,140487,SBI Long Term Advantage Fund - Series IV - Direct Plan - Growth,48.9358
2026-09-10,140488,SBI Long Term Advantage Fund - Series IV - Regular Plan - Growth,46.4056
2026-09-10,140489,SBI Long Term Advantage Fund - Series IV - Regular Plan - Income Distribution cum Capital Withdrawal Option (IDCW),39.3149
2026-09-10,140504,UTI Liquid Fund - Direct Plan - Half-Yearly IDCW,160.0167
2026-09-10,140517,UTI Liquid Fund - Regular Plan - Flexi IDCW,167.5612
2026-09-10,140530,CANARA ROBECO ULTRA SHORT TERM FUND- REGULAR PLAN - IDCW (Payout),1556.0673
2026-09-10,140603,BANDHAN Credit Risk Fund-Direct Plan-Growth,19.0980
2026-09-10,140604,BANDHAN Credit Risk Fund-Direct Plan-Quarterly IDCW,10.8806
2026-09-10,140605,BANDHAN CREDIT RISK FUND - DIRECT PLAN HALF YEARLY IDCW,10.4589
2026-09-10,140606,BANDHAN Credit Risk Fund-Direct Plan-Periodic IDCW,14.2312
2026-09-10,140607,BANDHAN Credit Risk Fund - Regular Plan Quarterly IDCW,10.6542
2026-09-10,140608,BANDHAN Credit Risk Fund - Regular Plan Annual IDCW,10.4975
2026-09-10,140609,BANDHAN Credit Risk Fund - Regular Plan Growth,17.3844
2026-09-10,140610,BANDHAN Credit Risk Fund-Direct Plan-Annual IDCW,10.6158
2026-09-10,140611,BANDHAN Credit Risk Fund - Regular Plan Half Yearly IDCW,10.4451
2026-09-10,140612,BANDHAN Credit Risk Fund - Regular Plan Periodic IDCW,13.4998
2026-09-10,140613,Mahindra Manulife Low Duration Fund - Direct Plan -Growth,1896.3288
2026-09-10,140614,Mahindra Manulife Low Duration Fund - Regular Plan - Daily IDCW,999.9598
2026-09-10,140615,Mahindra Manulife Low Duration Fund - Regular Plan - Weekly IDCW,1053.3017
2026-09-10,140616,Mahindra Manulife Low Duration Fund - Regular Plan - Monthly IDCW,1116.9341
2026-09-10,140617,Mahindra Manulife Low Duration Fund - Direct Plan - Daily IDCW,1276.4116
2026-09-10,140618,Mahindra Manulife Low Duration Fund - Direct Plan - Weekly IDCW,1031.0236
2026-09-10,140619,Mahindra Manulife Low Duration Fund - Direct Plan - Monthly IDCW,1136.7496
2026-09-10,140620,Mahindra Manulife Low Duration Fund - Regular Plan - Growth,1751.7965
2026-09-10,140769,Mirae Asset Dynamic Term Fund - Direct Plan - Growth,18.8063
2026-09-10,140770,Mirae Asset Dynamic Term Fund - Direct Plan - IDCW,18.7831
2026-09-10,140771,Mirae Asset Dynamic Term Fund - Regular Plan - Growth,17.0285
2026-09-10,140772,Mirae Asset Dynamic Term Fund - Regular Plan - IDCW,17.0289
2026-09-10,140809,Groww Largecap Fund (formerly known as Indiabulls Bluechip Fund)- Direct Plan- Monthly - Income Distribution cum capital withdrawal Option (Payout & Reinvestment),23.01
2026-09-10,140810,Groww Largecap Fund (formerly known as Indiabulls Bluechip Fund)- Regular Plan- Monthly - Income Distribution cum capital withdrawal Option (Payout & Reinvestment),24.38
2026-09-10,140811,Groww Largecap Fund (formerly known as Indiabulls Bluechip Fund)- Direct Plan- Quarterly - Income Distribution cum capital withdrawal Option (Payout & Reinvestment),28.75
2026-09-10,140812,Groww Largecap Fund (formerly known as Indiabulls Bluechip Fund)- Regular Plan- Quarterly - Income Distribution cum capital withdrawal Option (Payout & Reinvestment),25.28
2026-09-10,140813,Groww Largecap Fund (formerly known as Indiabulls Bluechip Fund)- Regular Plan- Half Yearly - Income Distribution cum capital withdrawal Option (Payout & Reinvestment),25.42
2026-09-10,140814,Groww Largecap Fund (formerly known as Indiabulls Bluechip Fund)- Direct Plan- Half Yearly -Income Distribution cum capital withdrawal Option (Payout & Reinvestment),28.97
2026-09-10,140815,Groww Value Fund (formerly known as Indiabulls Value Fund)- Direct Plan- Monthly - Income Distribution cum capital withdrawal Option (Payout & Reinvestment),23.9925
2026-09-10,140816,Groww Value Fund (formerly known as Indiabulls Value Fund)- Regular Plan- Monthly - Income Distribution cum capital withdrawal Option (Payout & Reinvestment.,20.956
2026-09-10,140817,Groww Value Fund (formerly known as Indiabulls Value Fund)- Direct Plan- Quarterly - Income Distribution cum capital withdrawal Option (Payout & Reinvestment),26.1732
2026-09-10,140818,Groww Value Fund (formerly known as Indiabulls Value Fund)- Regular Plan- Quarterly - Income Distribution cum capital withdrawal Option (Payout & Reinvestment),20.4225
2026-09-10,140819,Groww Value Fund (formerly known as Indiabulls Value Fund)- Direct Plan- Half Yearly - Income Distribution cum capital withdrawal Option (Payout & Reinvestment),26.1939
2026-09-10,140820,Groww Value Fund (formerly known as Indiabulls Value Fund)- Regular Plan- Half Yearly -Income Distribution cum capital withdrawal Option (Payout & Reinvestment),22.1193
2026-09-10,140913,UTI Liquid Fund - Direct Plan - Fortnightly IDCW,115.851
2026-09-10,141060,Quantum Dynamic Term Fund - Regular Plan Monthly IDCW,10.4084
2026-09-10,141061,Quantum Dynamic Term Fund - Regular Plan Growth Option,22.2396
2026-09-10,141064,Quantum Gold ETF FOF - Regular Plan Growth Option,57.4629
2026-09-10,141065,Quantum Liquid Fund - Regular Plan Daily IDCW,10.0002
2026-09-10,141066,Quantum Liquid Fund - Regular Plan Growth Option,37.4254
2026-09-10,141067,Quantum Liquid Fund - Regular Plan Monthly IDCW,10.0433
2026-09-10,141068,Quantum Value Fund - Regular Plan Growth Option,115.70
2026-09-10,141069,Quantum Value Fund - Regular Plan IDCW,115.57
2026-09-10,141070,Quantum ELSS Tax Saver Fund - Regular Plan Growth Option,114.96
2026-09-10,141071,Quantum ELSS Tax Saver Fund - Regular Plan IDCW,114.18
2026-09-10,141139,Sundaram Long Term Micro Cap Tax Advantage Fund Series V Regular Plan - Growth,30.4806
2026-09-10,141140,Sundaram Long Term Micro Cap Tax Advantage Fund Series V Regular Plan - Payout of Income Distribution cum Capital Withdrawal (IDCW),28.9828
2026-09-10,141141,Sundaram Long Term Micro Cap Tax Advantage Fund Series V Direct Plan - Growth,31.4300
2026-09-10,141142,Sundaram Long Term Micro Cap Tax Advantage Fund Series V Direct Plan - Payout of Income Distribution cum Capital Withdrawal (IDCW),29.9230
2026-09-10,141223,Mahindra Manulife Multi Cap Fund - Direct Plan - IDCW,33.7177
2026-09-10,141224,Mahindra Manulife Multi Cap Fund - Regular Plan - Growth,39.9839
2026-09-10,141225,Mahindra Manulife Multi Cap Fund - Regular Plan - IDCW,27.2727
2026-09-10,141226,Mahindra Manulife Multi Cap Fund - Direct Plan -Growth,47.1129
2026-09-10,141247,Union Largecap Fund - Regular Plan - Growth Option,22.86
2026-09-10,141248,Union Largecap Fund - Direct Plan - Growth Option,24.53
2026-09-10,141249,Union Largecap Fund - Direct Plan - IDCW Option,24.53
2026-09-10,141250,Union Largecap Fund - Regular Plan - IDCW Option,22.86
2026-09-10,141375,UTI Banking & PSU Debt Fund - Direct Plan - Half-Yearly IDCW,15.9417
2026-09-10,141410,NAVI Large & Midcap Fund - Regular Half Yearly IDCW Payout,36.3977
2026-09-10,141411,Navi Large & Midcap Fund - Regular Annual IDCW payout,37.4256
2026-09-10,141414,Navi Large & Midcap Fund - Direct Annual IDCW Payout,43.739
2026-09-10,141415,Navi Large & Midcap Fund - Direct Half Yearly IDCW Payout,43.7777
2026-09-10,141545,Axis Nifty 50 ETF,260.1636
2026-09-10,141564,Sundaram Long Term Micro Cap Tax Advantage Fund Series VI Direct Plan - Growth,30.2564
2026-09-10,141565,Sundaram Long Term Micro Cap Tax Advantage Fund Series VI Regular Plan - Growth,28.7752
2026-09-10,141566,Sundaram Long Term Micro Cap Tax Advantage Fund Series VI Regular Plan - Payout of Income Distribution cum Capital Withdrawal (IDCW),27.8094
2026-09-10,141567,Sundaram Long Term Micro Cap Tax Advantage Fund Series VI Direct Plan - Payout of Income Distribution cum Capital Withdrawal (IDCW),29.2840
2026-09-10,141586,Axis Corporate Bond Fund - Direct Plan - Daily IDCW,10.2298
2026-09-10,141587,Axis Corporate Bond Fund - Direct Plan - Weekly IDCW,10.3625
2026-09-10,141588,Axis Corporate Bond Fund - Direct Plan Growth,19.3989
2026-09-10,141589,Axis Corporate Bond Fund - Regular Plan - Daily IDCW,10.2252
2026-09-10,141590,Axis Corporate Bond Fund - Direct Plan - Monthly IDCW,10.2162
2026-09-10,141591,Axis Corporate Bond Fund - Direct Plan - Regular IDCW,15.1342
2026-09-10,141592,Axis Corporate Bond Fund - Regular Plan - Weekly IDCW,10.2403
2026-09-10,141593,Axis Corporate Bond Fund - Regular Plan Growth,18.2008
2026-09-10,141594,Axis Corporate Bond Fund - Regular Plan - Monthly IDCW,10.2107
2026-09-10,141595,Axis Corporate Bond Fund - Regular Plan - Regular IDCW,14.0619
2026-09-10,141596,ICICI Prudential Nifty 100 Low Volatility 30 ETF,21.5504
2026-09-10,141605,Edelweiss Arbitrage Fund - Monthly  Regular Plan - IDCW Option,16.7527
2026-09-10,141606,Edelweiss Arbitrage Fund - Monthly  Direct Plan - IDCW Option,18.242
2026-09-10,141642,Axis Balanced Advantage Fund - Direct Plan - Growth,24.04
2026-09-10,141643,Axis Balanced Advantage Fund - Direct Plan - IDCW,14.02
2026-09-10,141644,Axis Balanced Advantage Fund - Regular Plan - Growth,21.29
2026-09-10,141645,Axis Balanced Advantage Fund - Regular Plan - IDCW,12.82
2026-09-10,141665,UTI Nifty Next 50 Exchange Traded Fund,78.4125
2026-09-10,141766,Edelweiss Balanced Advantage Fund - Regular Plan - Monthly - IDCW Option,20.46
2026-09-10,141767,Edelweiss Balanced Advantage Fund - Direct Plan - Monthly - IDCW Option,26.12
2026-09-10,141768,UTI Liquid Fund - Direct Plan - Flexi IDCW,168.7259
2026-09-10,141807,Groww ELSS Tax Saver Fund (formerly known as Indiabulls Tax Savings Fund)- Direct Plan- Dividend Option,21.66
2026-09-10,141808,Groww ELSS Tax Saver Fund (formerly known as Indiabulls Tax Savings Fund)- Direct Plan- Growth Option,21.7
2026-09-10,141810,Groww ELSS Tax Saver Fund (formerly known as Indiabulls Tax Savings Fund)- Regular Plan- - Income Distribution cum capital withdrawal Option (Payout),18.81
2026-09-10,141839,ICICI Prudential BSE Sensex Index Fund - Cumulative Option,24.6902
2026-09-10,141840,ICICI Prudential BSE Sensex Index Fund - IDCW Option,24.6908
2026-09-10,141841,ICICI Prudential BSE Sensex Index Fund - Direct Plan - Cumulative Option,25.0323
2026-09-10,141842,ICICI Prudential BSE Sensex Index Fund - Direct Plan - IDCW Option,25.0320
2026-09-10,141862,Groww ELSS Tax Saver Fund (formerly known as Indiabulls Tax Savings Fund)-Regular Plan-Growth Option,18.8
2026-09-10,141875,DSP Nifty 50 Equal Weight Index Fund - Regular Plan - Growth,25.7944
2026-09-10,141876,DSP Nifty 50 Equal Weight Index Fund - Regular Plan - IDCW,21.1605
2026-09-10,141877,DSP Nifty 50 Equal Weight Index Fund - Direct Plan - Growth,26.9558
2026-09-10,141878,DSP Nifty 50 Equal Weight Index Fund - Direct Plan - IDCW,22.0579
2026-09-10,141921,HDFC Housing Opportunities Fund  - IDCW Option - Direct Plan,16.983
2026-09-10,141922,HDFC Housing Opportunities Fund  - IDCW Option,15.197
2026-09-10,141923,HDFC Housing Opportunities Fund  - Growth Option,21.199
2026-09-10,141924,HDFC Housing Opportunities Fund  - Growth Option - Direct Plan,23.162
2026-09-10,141925,Axis Flexi Cap Fund - Direct Plan - Growth,31.78
2026-09-10,141926,Axis Flexi Cap fund - Direct Plan - IDCW,19.66
2026-09-10,141927,Axis Flexi Cap Fund - Regular Plan - Growth,28.45
2026-09-10,141928,Axis Flexi Cap Fund - Regular Plan - IDCW,17.78
2026-09-10,141933,Edelweiss Equity Savings Fund - Direct Plan - Monthly - IDCW Option,16.8455
2026-09-10,141934,Edelweiss Equity Savings Fund - Regular Plan - Monthly - IDCW Option,14.5591
2026-09-10,141949,BANK OF INDIA Mid Cap Tax Fund Series 1 Direct Plan IDCW,31.43
2026-09-10,141950,BANK OF INDIA Mid Cap Tax Fund Series 1 Direct Plan Growth,31.43
2026-09-10,141951,BANK OF INDIA Mid Cap Tax Fund Series 1 Regular Plan IDCW,30.28
2026-09-10,141952,BANK OF INDIA Mid Cap Tax Fund Series 1 Regular Plan Growth,30.28
2026-09-10,141957,BHARAT 22 ETF,113.9634
2026-09-10,141958,UTI Ultra Short to Short Term Fund - Direct Plan - Annual IDCW,1439.261
2026-09-10,142035,Union Balanced Advantage Fund - Regular Plan - Growth Option,20.54
2026-09-10,142036,Union Balanced Advantage Fund - Regular Plan - IDCW Option,18.49
2026-09-10,142037,Union Balanced Advantage Fund - Direct Plan - IDCW Option,20.37
2026-09-10,142038,Union Balanced Advantage Fund - Direct Plan - Growth Option,22.42
2026-09-10,142107,Mahindra Manulife Mid Cap Fund- Regular Plan - IDCW,26.6890
2026-09-10,142108,Mahindra Manulife Mid Cap Fund - Direct Plan - IDCW,31.7048
2026-09-10,142109,Mahindra Manulife Mid Cap Fund - Regular Plan - Growth,36.3533
2026-09-10,142110,Mahindra Manulife Mid Cap Fund - Direct Plan -Growth,41.7871
2026-09-10,142133,ICICI Prudential Long Term Wealth Enhancement Fund - Direct Plan IDCW Option,29.68
2026-09-10,142134,ICICI Prudential Long Term Wealth Enhancement Fund - Direct Plan Cumulative Option,29.69
2026-09-10,142135,ICICI Prudential Long Term Wealth Enhancement Fund - IDCW Option,28.34
2026-09-10,142136,ICICI Prudential Long Term Wealth Enhancement Fund - Cumulative Option,28.34
2026-09-10,142137,SBI Long Term Advantage Fund - Series V - Regular Plan - Income Distribution cum Capital Withdrawal Option (IDCW),32.2178
2026-09-10,142138,SBI Long Term Advantage Fund - Series V - Direct Plan - Growth,33.6234
2026-09-10,142139,SBI Long Term Advantage Fund Series V - Regular Plan - Growth,32.2312
2026-09-10,142140,SBI Long Term Advantage Fund - Series V - Direct Plan - Income Distribution cum Capital Withdrawal Option (IDCW),33.6246
2026-09-10,142151,Sundaram Long Term Tax Advantage Fund Series III Regular Plan - Growth,31.3753
2026-09-10,142152,Sundaram Long Term Tax Advantage Fund Series III Regular Plan - Payout of Income Distribution cum Capital Withdrawal (IDCW),29.8265
2026-09-10,142153,Sundaram Long Term Tax Advantage Fund Series III Direct Plan - Growth,32.4721
2026-09-10,142154,Sundaram Long Term Tax Advantage Fund Series III Direct Plan - Payout of Income Distribution cum Capital Withdrawal (IDCW),30.9134
2026-09-10,142249,UTI Money Market Fund - Direct Plan - Quarterly IDCW,1791.093
2026-09-10,142278,DSP Arbitrage Fund - Regular - IDCW - Monthly,11.8850
2026-09-10,142279,DSP Arbitrage Fund - Direct - IDCW,12.7400
2026-09-10,142280,DSP Arbitrage Fund - Regular - IDCW,12.0960
2026-09-10,142281,DSP Arbitrage Fund - Direct - IDCW - Monthly,13.2970
2026-09-10,142282,DSP Arbitrage Fund - Regular - Growth,15.9980
2026-09-10,142283,DSP Arbitrage Fund - Direct - Growth,16.8780
2026-09-10,142383,Edelweiss Recently Listed IPO Fund Regular Plan Growth,33.2135
2026-09-10,142384,Edelweiss Recently Listed IPO Fund REGULAR PLAN - IDCW Option,33.2117
2026-09-10,142386,Edelweiss Recently Listed IPO Fund - DIRECT PLAN - IDCW Option,36.0794
2026-09-10,142388,Edelweiss Recently Listed IPO Fund Direct Plan Growth,36.0794
2026-09-10,142589,DSP NIFTY 1D Rate Liquid ETF,1000.0000
2026-09-10,142640,Mirae Asset Short Term Fund - Direct Plan - IDCW,17.8150
2026-09-10,142641,Mirae Asset Short Term Fund - Direct Plan - Growth,17.8651
2026-09-10,142642,Mirae Asset Short Term Fund - Regular Plan - Growth,16.6734
2026-09-10,142643,Mirae Asset Short Term Fund - Regular Plan - IDCW,16.6770
2026-09-10,143077,Sundaram Long Term Tax Advantage Fund Series IV Regular Plan - Growth,36.4633
2026-09-10,143078,Sundaram Long Term Tax Advantage Fund Series IV Regular Plan - Payout of Income Distribution cum Capital Withdrawal (IDCW),33.4610
2026-09-10,143079,Sundaram Long Term Tax Advantage Fund Series IV Direct Plan - Growth,37.2704
2026-09-10,143080,Sundaram Long Term Tax Advantage Fund Series IV Direct Plan - Payout of Income Distribution cum Capital Withdrawal (IDCW),34.2432
2026-09-10,143125,UTI Money Market Fund - Direct Plan - Flexi IDCW,1730.2724
2026-09-10,143162,Navi Aggressive Hybrid Fund - Regular Plan - Growth,22.2137
2026-09-10,143163,Navi Aggressive Hybrid Fund - Direct Plan - Growth,25.8263
2026-09-10,143166,Navi Aggressive Hybrid Fund - Regular Plan Normal IDCW,22.2149
2026-09-10,143167,Navi Aggressive Hybrid Fund - Direct Plan Normal IDCW,25.7071
2026-09-10,143176,SBI Long Term Advantage Fund - Series VI - Regular Plan - Growth,30.7897
2026-09-10,143177,SBI Long Term Advantage Fund - Series VI - Regular Plan - Income Distribution cum Capital Withdrawal Option (IDCW),30.7962
2026-09-10,143178,SBI Long Term Advantage Fund - Series VI - Direct Plan - Growth,32.1009
2026-09-10,143179,SBI Long Term Advantage Fund - Series VI - Direct Plan - Income Distribution cum Capital Withdrawal Option (IDCW),32.0736
2026-09-10,143185,Navi Aggressive Hybrid Fund - Direct Plan Quarterly IDCW,25.6891
2026-09-10,143186,Navi Aggressive Hybrid Fund - Direct Plan Half Yearly IDCW,25.6821
2026-09-10,143189,Navi Aggressive Hybrid Fund - Regular Plan Half Yearly IDCW,22.2281
2026-09-10,143192,Navi Aggressive Hybrid Fund - Direct Plan Monthly IDCW,25.7059
2026-09-10,143195,Navi Aggressive Hybrid Fund - Direct Plan Annual IDCW,25.7107
2026-09-10,143197,Navi Aggressive Hybrid Fund - Regular Plan Monthly IDCW,22.2131
2026-09-10,143198,Navi Aggressive Hybrid Fund - Regular Plan Annual IDCW,22.211
2026-09-10,143199,Navi Aggressive Hybrid Fund - Regular Plan Quarterly IDCW,22.2138
2026-09-10,143239,Union Corporate Bond Fund - Regular Plan - Growth Option,16.1410
2026-09-10,143240,Union Corporate Bond Fund - Regular Plan - IDCW Option,16.1410
2026-09-10,143241,Union Corporate Bond Fund - Direct Plan - Growth Option,16.5667
2026-09-10,143242,Union Corporate Bond Fund - Direct Plan - IDCW Option,16.5667
2026-09-10,143247,ICICI Prudential BSE 500 ETF,38.8519
2026-09-10,143258,BANDHAN Equity Savings Fund-Direct Plan -Quarterly IDCW,13.358
2026-09-10,143259,BANDHAN Equity Savings Fund- Regular Plan -Quarterly IDCW,12.729
2026-09-10,143260,Parag Parikh Liquid Fund- Regular Plan- Growth,1557.4662
2026-09-10,143261,Parag Parikh Liquid Fund- Regular Plan- Monthly IDCW,1004.9757
2026-09-10,143262,Parag Parikh Liquid Fund- Direct Plan- Monthly IDCW,1005.0017
2026-09-10,143263,Parag Parikh Liquid Fund- Direct Plan- Daily Reinvestment of IDCW,1000.7489
2026-09-10,143264,Parag Parikh Liquid Fund- Regular Plan- Daily Reinvestment of IDCW,1000.6780
2026-09-10,143265,Parag Parikh Liquid Fund- Direct Plan- Weekly Reinvestment of IDCW,1001.4358
2026-09-10,143266,Parag Parikh Liquid Fund- Regular Plan- Weekly Reinvestment of IDCW,1001.4276
2026-09-10,143269,Parag Parikh Liquid Fund- Direct Plan- Growth,1570.5718
2026-09-10,143340,UTI Nifty Next 50 Index Fund - Regular Plan - Growth Option,25.8853
2026-09-10,143341,UTI Nifty Next 50 Index Fund - Direct Plan - Growth Option,26.9678
2026-09-10,143366,Bandhan Short Term Fund - Regular Plan - Quarterly IDCW,10.9091
2026-09-10,143367,Bandhan Short Term Fund - Direct Plan - Quarterly IDCW,10.8475
2026-09-10,143368,Bandhan Short Term Fund - Regular Plan - Annual IDCW,10.9342
2026-09-10,143369,Bandhan Short Term Fund - Direct Plan - Annual IDCW,11.1718
2026-09-10,143464,Baroda BNP Paribas Ultra Short Term Fund - Regular Plan - Growth,1663.3009
2026-09-10,143493,Nippon India Ultra Short Term Fund- Growth Option,4334.0195
2026-09-10,143494,Nippon India Ultra Short Term Fund- Direct Plan- Growth Option,4820.9448
2026-09-10,143495,NIPPON INDIA ULTRA SHORT TERM FUND - WEEKLY IDCW OPTION,1092.6225
2026-09-10,143496,NIPPON INDIA ULTRA SHORT TERM FUND - QUARTERLY IDCW Option,1024.2038
2026-09-10,143497,NIPPON INDIA ULTRA SHORT TERM FUND - DIRECT Plan - MONTHLY IDCW Option,1037.1184
2026-09-10,143498,NIPPON INDIA ULTRA SHORT TERM FUND - DAILY IDCW OPTION,1114.1430
2026-09-10,143499,NIPPON INDIA ULTRA SHORT TERM FUND - MONTHLY IDCW Option,1026.4975
2026-09-10,143500,NIPPON INDIA ULTRA SHORT TERM FUND - DIRECT Plan - DAILY IDCW OPTION,1114.1500
2026-09-10,143501,NIPPON INDIA ULTRA SHORT TERM FUND - DIRECT Plan - WEEKLY IDCW OPTION,1092.7520
2026-09-10,143502,NIPPON INDIA ULTRA SHORT TERM FUND - DIRECT Plan - QUARTERLY IDCW Option,1032.3181
2026-09-10,143507,Baroda BNP Paribas Ultra Short Term Fund - Regular Plan - Daily IDCW,1006.2583
2026-09-10,143508,Baroda BNP Paribas Ultra Short Term Fund- Direct Plan- Growth,1688.3507
2026-09-10,143509,Baroda BNP Paribas Ultra Short Term Fund- Direct Plan- Weekly IDCW,1002.0817
2026-09-10,143510,Baroda BNP Paribas Ultra Short Term Fund- Regular Plan- Weekly IDCW,1002.0669
2026-09-10,143511,Baroda BNP Paribas Ultra Short Term Fund- Direct Plan- Daily IDCW,1007.0751
2026-09-10,143532,Invesco India Aggressive Hybrid Fund - Direct Plan - IDCW (Payout / Reinvestment),23.8855
2026-09-10,143534,Invesco India Aggressive Hybrid Fund - Regular Plan - IDCW (Payout / Reinvestment),21.0894
2026-09-10,143536,Invesco India Aggressive Hybrid Fund - Regular Plan - Growth,21.0883
2026-09-10,143537,Invesco India Aggressive Hybrid Fund - Direct Plan - Growth,23.9895
2026-09-10,143603,JM Ultra Short to Short Term Fund (Regular) - Daily IDCW,10.8195
2026-09-10,143604,JM Ultra Short to Short Term Fund (Direct) - Daily IDCW,10.8497
2026-09-10,143605,JM Ultra Short to Short Term Fund (Regular) - Fortnightly IDCW,11.0819
2026-09-10,143606,JM Ultra Short to Short Term Fund (Direct) - Fortnightly IDCW,11.1222
2026-09-10,143607,JM Ultra Short to Short Term Fund (Regular) - Growth Option,39.7611
2026-09-10,143608,JM Ultra Short to Short Term Fund (Regular) - Weekly IDCW,11.412
2026-09-10,143609,JM Ultra Short to Short Term Fund - Bonus Option - Principal Units,23.9551
2026-09-10,143610,JM Ultra Short to Short Term Fund (Direct) - Bonus Option - Principal Units,24.735
2026-09-10,143611,JM Ultra Short to Short Term Fund (Direct) - Weekly IDCW,11.4522
2026-09-10,143612,JM Ultra Short to Short Term Fund (Direct) - Growth,41.0814
2026-09-10,143613,BANK OF INDIA Arbitrage Fund Direct Plan Annual IDCW,13.9761
2026-09-10,143614,BANK OF INDIA Arbitrage Fund Direct Plan Growth,15.4653
2026-09-10,143615,BANK OF INDIA Arbitrage Fund Direct Plan Monthly IDCW,13.9330
2026-09-10,143616,BANK OF INDIA Arbitrage Fund Direct Plan Quarterly IDCW,14.6897
2026-09-10,143617,BANK OF INDIA Arbitrage Fund Regular Plan IDCW Annual IDCW,13.6066
2026-09-10,143618,BANK OF INDIA Arbitrage Fund Regular Plan IDCW Monthly IDCW,13.3449
2026-09-10,143619,BANK OF INDIA Arbitrage Fund Regular Plan IDCW Quarterly IDCW,14.0879
2026-09-10,143620,BANK OF INDIA Arbitrage Fund Regular Growth,14.7251
2026-09-10,143701,NIPPON INDIA NIVESH LAKSHYA LONG TERM FUND - DIRECT Plan - HALF YEARLY IDCW Option,12.4872
2026-09-10,143702,Nippon India Nivesh Lakshya Long Term Fund- Growth Option,18.2033
2026-09-10,143703,NIPPON INDIA NIVESH LAKSHYA LONG TERM FUND - ANNUAL IDCW Option,11.9839
2026-09-10,143704,Nippon India Nivesh Lakshya Long Term Fund- Direct Plan- Growth Option,18.6799
2026-09-10,143705,NIPPON INDIA NIVESH LAKSHYA LONG TERM FUND - DIRECT Plan - MONTHLY IDCW Option,11.6872
2026-09-10,143706,NIPPON INDIA NIVESH LAKSHYA LONG TERM FUND - IDCW Option,18.2021
2026-09-10,143707,NIPPON INDIA NIVESH LAKSHYA LONG TERM FUND - DIRECT Plan - IDCW Option,18.6801
2026-09-10,143708,NIPPON INDIA NIVESH LAKSHYA LONG TERM FUND - QUARTERLY IDCW Option,11.6242
2026-09-10,143709,NIPPON INDIA NIVESH LAKSHYA LONG TERM  FUND - DIRECT Plan - QUARTERLY IDCW Option,11.6425
2026-09-10,143710,NIPPON INDIA NIVESH LAKSHYA LONG TERM FUND LONG DURATION - HALF YEARLY IDCW Option,12.4352
2026-09-10,143711,NIPPON INDIA NIVESH LAKSHYA LONG TERM FUND - DIRECT Plan - ANNUAL IDCW Option,12.0102
2026-09-10,143712,NIPPON INDIA NIVESH LAKSHYA LONG TERM FUND - MONTHLY IDCW Option,11.6715
2026-09-10,143783,Mirae Asset Healthcare Fund - Direct Plan - Growth,52.489
2026-09-10,143784,Mirae Asset Healthcare Fund - Direct Plan - IDCW,31.614
2026-09-10,143785,Mirae Asset Healthcare Fund - Regular Plan - Growth,46.309
2026-09-10,143786,Mirae Asset Healthcare Fund - Regular Plan - IDCW,27.261
2026-09-10,143787,Navi Flexi Cap Fund - Regular Plan - Growth,24.8071
2026-09-10,143788,NAVI FLEXI CAP FUND - REGULAR PLAN QUARTERLY IDCW PAYOUT,24.8044
2026-09-10,143789,NAVI FLEXI CAP FUND - REGULAR PLAN NORMAL IDCW PAYOUT,24.8107
2026-09-10,143790,NAVI FLEXI CAP FUND - REGULAR PLAN MONTHLY IDCW PAYOUT,24.8169
2026-09-10,143791,NAVI FLEXI CAP FUND - DIRECT PLAN QUARTERLY IDCW PAYOUT,28.8822
2026-09-10,143792,NAVI FLEXI CAP FUND - DIRECT PLAN NORMAL IDCW PAYOUT,28.8218
2026-09-10,143793,Navi Flexi Cap Fund - Direct Plan - Growth,29.0828
2026-09-10,143794,NAVI FLEXI CAP FUND - REGULAR PLAN HALF YEARLY IDCW PAYOUT,24.8111
2026-09-10,143795,NAVI FLEXI CAP FUND - REGULAR PLAN ANNUAL IDCW PAYOUT,24.8078
2026-09-10,143796,NAVI FLEXI CAP FUND - DIRECT PLAN MONTHLY IDCW PAYOUT,28.8533
2026-09-10,143797,NAVI FLEXI CAP FUND - DIRECT PLAN HALF YEARLY IDCW PAYOUT,28.8594
2026-09-10,143798,NAVI FLEXI CAP FUND - DIRECT PLAN ANNUAL IDCW PAYOUT,28.8586
2026-09-10,143873,ICICI Prudential Healthcare Fund - Cumulative Option,42.80
2026-09-10,143874,ICICI Prudential Healthcare Fund - Direct Plan - Cumulative Option,46.54
2026-09-10,143875,ICICI Prudential Healthcare Fund - IDCW Option,22.99
2026-09-10,143876,ICICI Prudential Healthcare Fund - Direct Plan - IDCW Option,26.12
2026-09-10,143903,ICICI Prudential BHARAT 22 FOF - Direct Plan Cumulative Option,33.1589
2026-09-10,143904,ICICI Prudential BHARAT 22 FOF - Cumulative Option,33.1468
2026-09-10,144171,BANDHAN ULTRA SHORT TERM FUND - REGULAR PLAN GROWTH,16.3937
2026-09-10,144172,BANDHAN ULTRA SHORT TERM FUND - REGULAR PLAN DAILY IDCW,10.0519
2026-09-10,144173,BANDHAN ULTRA SHORT TERM FUND - DIRECT PLAN GROWTH,16.6322
2026-09-10,144174,BANDHAN ULTRA SHORT TERM FUND - DIRECT PLAN-DAILY IDCW,10.0367
2026-09-10,144189,BANDHAN ULTRA SHORT TERM FUND - REGULAR PLAN WEEKLY IDCW,10.0796
2026-09-10,144190,BANDHAN ULTRA SHORT TERM FUND - REGULAR PLAN QUARTERLY IDCW,10.6383
2026-09-10,144191,BANDHAN ULTRA SHORT TERM FUND - DIRECT PLAN- WEEKLY IDCW,10.0781
2026-09-10,144192,BANDHAN ULTRA SHORT TERM FUND - DIRECT PLAN QUARTERLY IDCW,10.6591
2026-09-10,144193,BANDHAN ULTRA SHORT TERM FUND - REGULAR PLAN PERIODIC IDCW,13.7977
2026-09-10,144194,BANDHAN ULTRA SHORT TERM FUND - REGULAR PLAN MONTHLY IDCW,10.0730
2026-09-10,144195,BANDHAN ULTRA SHORT TERM FUND - DIRECT PLAN -MONTHLY IDCW,10.0680
2026-09-10,144196,BANDHAN ULTRA SHORT TERM FUND - DIRECT PLAN PERIODIC IDCW,14.1422
2026-09-10,144309,BANK OF INDIA Midcap Tax Fund Series 2 Direct Plan IDCW,36.39
2026-09-10,144310,Union Equity Savings Fund - Regular Plan - Growth Option,17.45
2026-09-10,144311,Union Equity Savings Fund - Regular Plan - IDCW Option,16.22
2026-09-10,144312,Union Equity Savings Fund - Direct Plan - Growth Option,18.24
2026-09-10,144313,Union Equity Savings Fund - Direct Plan - IDCW Option,17.02
2026-09-10,144314,BANK OF INDIA Midcap Tax Fund Series 2 Regular Plan Growth,34.94
2026-09-10,144315,BANK OF INDIA Midcap Tax Fund Series 2 Direct Plan Growth,36.39
2026-09-10,144316,BANK OF INDIA Midcap Tax Fund Series 2 Regular Plan IDCW,34.95
2026-09-10,144333,Kotak Balanced Advantage Fund -Regular Plan - Growth Option,21.005
2026-09-10,144334,Kotak Balanced Advantage Fund -Direct Plan  -Payout of Income Distribution cum capital withdrawal option,23.075
2026-09-10,144335,Kotak Balanced Advantage Fund  - Direct Plan -Growth Option,23.075
2026-09-10,144336,Kotak Balanced Advantage Fund - Regular Plan - Payout of Income Distribution cum capital withdrawal option Option,21.006
2026-09-10,144337,UTI Corporate Bond Fund - Regular Plan - Annual IDCW,13.5405
2026-09-10,144338,UTI Corporate Bond Fund - Regular Plan - Discontinued Flexi IDCW,15.3776
2026-09-10,144339,UTI Corporate Bond Fund - Direct Plan - Growth Option,17.9095
2026-09-10,144340,UTI Corporate Bond Fund - Direct Plan - Half-Yearly IDCW,15.3032
2026-09-10,144341,UTI Corporate Bond Fund - Direct Plan - Discontinued Flexi IDCW,15.7852
2026-09-10,144342,UTI Corporate Bond Fund - Regular Plan - Discontinued Quarterly IDCW,15.1856
2026-09-10,144343,UTI Corporate Bond Fund - Regular Plan - Half-Yearly IDCW,14.7554
2026-09-10,144344,UTI Corporate Bond Fund - Direct Plan - Annual IDCW,13.9375
2026-09-10,144345,UTI Corporate Bond Fund - Regular Plan - Growth Option,17.4636
2026-09-10,144346,UTI Corporate Bond Fund - Direct Plan - Discontinued Quarterly IDCW,15.6637
2026-09-10,144393,Axis Aggressive Hybrid Fund - Regular Plan - Growth Option,20.65
2026-09-10,144394,Axis Aggressive Hybrid Fund - Direct Plan - Growth Option,22.92
2026-09-10,144395,Axis Aggressive Hybrid Fund - Direct Plan - Regular IDCW,15.45
2026-09-10,144396,Axis Aggressive Hybrid Fund - Regular Plan - Regular IDCW,13.88
2026-09-10,144397,Axis Aggressive Hybrid Fund - Direct Plan - Monthly IDCW,15.34
2026-09-10,144398,Axis Aggressive Hybrid Fund - Direct Plan - Quarterly IDCW,14.72
2026-09-10,144399,Axis Aggressive Hybrid Fund - Regular Plan - Monthly IDCW,12.44
2026-09-10,144400,Axis Aggressive Hybrid Fund - Regular Plan - Quarterly IDCW,12.73
2026-09-10,144401,Mahindra Manulife Dynamic Bond Fund - Regular Plan - Growth,14.9649
2026-09-10,144402,Mahindra Manulife Dynamic Bond Fund - Regular Plan - Quarterly IDCW,10.3522
2026-09-10,144403,Mahindra Manulife Dynamic Bond Fund - Direct Plan - Growth,16.3871
2026-09-10,144404,Mahindra Manulife Dynamic Bond Fund - Direct Plan - Quarterly IDCW,11.5654
2026-09-10,144405,Mahindra Manulife Dynamic Bond Fund - Regular Plan - IDCW,11.5982
2026-09-10,144406,Mahindra Manulife Dynamic Bond Fund - Direct Plan - IDCW,12.9041
2026-09-10,144461,Franklin India Equity Savings Fund- Growth,17.0166
2026-09-10,144462,Franklin India Equity Savings Fund - Direct - IDCW,14.3718
2026-09-10,144463,Franklin India Equity Savings Fund - Quarterly - IDCW,12.1920
2026-09-10,144464,Franklin India Equity Savings Fund - Monthly - IDCW,13.1561
2026-09-10,144465,Franklin India Equity Savings Fund - Direct - Monthly - IDCW,13.6522
2026-09-10,144466,Franklin India Equity Savings Fund- Growth Direct,18.7673
2026-09-10,144467,Franklin India Equity Savings Fund - Direct - Quarterly - IDCW,13.8222
2026-09-10,144468,Franklin India Equity Savings Fund - IDCW,13.1990
2026-09-10,144475,UTI Liquid Fund - Regular Plan - Half-Yearly IDCW,141.6271
2026-09-10,144484,UTI Equity Savings Fund - Regular Plan - Growth Option,18.8184
2026-09-10,144485,UTI Equity Savings Fund - Regular Plan - IDCW,18.8184
2026-09-10,144486,UTI Equity Savings Fund - Regular Plan - Monthly IDCW,18.8185
2026-09-10,144487,UTI Equity Savings Fund - Regular Plan - Quarterly IDCW,18.8183
2026-09-10,144488,UTI Equity Savings Fund - Direct Plan - Quarterly IDCW,20.2476
2026-09-10,144489,UTI Equity Savings Fund - Direct Plan - Monthly IDCW,20.2488
2026-09-10,144490,UTI Equity Savings Fund - Direct Plan - Growth Option,20.2477
2026-09-10,144491,UTI Equity Savings Fund - Direct Plan - IDCW,20.2476
2026-09-10,144543,TATA Flexi Cap Fund Direct Plan - Reinvestment of Income Distribution cum capital withdrawal option,25.1902
2026-09-10,144544,TATA Flexi Cap Fund Regular Plan - Payout of Income Distribution cum capital withdrawal option,22.2603
2026-09-10,144545,TATA Flexi Cap Fund Regular Plan - Reinvestment of Income Distribution cum capital withdrawal option,22.2603
2026-09-10,144546,Tata Flexi Cap Fund-Direct Plan-Growth,26.1432
2026-09-10,144547,TATA Flexi Cap Fund - Direct Plan - Payout of Income Distribution cum capital withdrawal option,25.1902
2026-09-10,144548,Tata Flexi Cap Fund -Regular Plan-Growth,23.2101
2026-09-10,144587,ICICI Prudential Nifty Next 50 ETF,76.6181
2026-09-10,144644,DSP Corporate Bond Fund - Regular - Growth,17.1372
2026-09-10,144645,DSP Corporate Bond Fund - Regular - IDCW - Monthly,10.6204
2026-09-10,144646,DSP Corporate Bond Fund - Direct - Growth,17.4884
2026-09-10,144647,DSP Corporate Bond Fund - Direct - IDCW,11.6238
2026-09-10,144648,DSP Corporate Bond Fund - Direct - IDCW - Quarterly,11.5509
2026-09-10,144649,DSP Corporate Bond Fund - Regular - IDCW - Quarterly,10.8856
2026-09-10,144650,DSP Corporate Bond Fund - Regular - IDCW,11.5876
2026-09-10,144651,DSP Corporate Bond Fund - Direct - IDCW - Monthly,10.6459
2026-09-10,144753,Axis Ultra Short Duration Fund - Direct Plan - Daily IDCW,10.0338
2026-09-10,144754,Axis Ultra Short Duration Fund - Direct Plan Growth,16.9259
2026-09-10,144755,Axis Ultra Short Duration Fund - Direct Plan - Monthly IDCW,10.0585
2026-09-10,144756,Axis Ultra Short Duration Fund - Direct Plan - Regular IDCW,16.9272
2026-09-10,144757,Axis Ultra Short Duration Fund - Direct Plan - Weekly IDCW,10.0540
2026-09-10,144758,Axis Ultra Short Duration Fund - Regular Plan - Daily IDCW,10.0689
2026-09-10,144759,Axis Ultra Short Duration Fund - Regular Plan Growth,15.7956
2026-09-10,144760,Axis Ultra Short Duration Fund - Regular Plan - Monthly IDCW,10.0651
2026-09-10,144761,Axis Ultra Short Duration Fund - Regular Plan - Regular IDCW,15.7956
2026-09-10,144762,Axis Ultra Short Duration Fund - Regular Plan - Weekly IDCW,10.0703
2026-09-10,144902,Shriram Flexi Cap Fund - Regular Growth,19.4028
2026-09-10,144903,Shriram Flexi Cap Fund - Regular-IDCW,19.3959
2026-09-10,144905,Shriram Flexi Cap Fund - Direct Growth,22.3067
2026-09-10,144906,Shriram Flexi Cap Fund - Direct-IDCW,22.0825
2026-09-10,144916,SBI BSE Sensex Next 50 ETF,942.5966
2026-09-10,144947,ICICI Prudential BSE Liquid Rate ETF - IDCW,1000.0000
2026-09-10,145034,HDFC Ultra Short Term Fund - Direct Plan-Growth Option,16.7062
2026-09-10,145035,HDFC Ultra Short Term Fund - Direct Plan-Weekly IDCW Option,10.0529
2026-09-10,145036,HDFC Ultra Short Term Fund - Direct Plan-Monthly IDCW Option,10.0807
2026-09-10,145037,HDFC Ultra Short Term Fund - Monthly IDCW Option,10.18
2026-09-10,145038,HDFC Ultra Short Term Fund - Weekly IDCW Option,10.0525
2026-09-10,145039,HDFC Ultra Short Term Fund - Direct Plan-Daily IDCW Option,10.0915
2026-09-10,145040,HDFC Ultra Short Term Fund - Growth Option,16.2861
2026-09-10,145041,HDFC Ultra Short Term Fund - Daily IDCW Option,10.1024
2026-09-10,145042,Sundaram Money Market Fund Regular Plan - Growth,16.1818
2026-09-10,145044,Sundaram Money Market Fund Regular Plan- Income Distribution cum Capital Withdrawal (IDCW),11.4256
2026-09-10,145049,Sundaram Money Market Fund Regular Plan -Income Distribution cum Capital Withdrawal(IDCW),11.4256
2026-09-10,145050,Sundaram Money Market Fund Direct Plan - Growth,16.3197
2026-09-10,145051,Sundaram Money Market Fund Direct Plan - Income Distribution cum Capital Withdrawal (IDCW),11.4745
2026-09-10,145056,Sundaram Money Market Fund Direct Plan - Income Distribution cum Capital Withdrawal(IDCW),11.4745
2026-09-10,145075,ICICI Prudential Manufacturing Fund - Direct Plan - Cumulative Option,42.22
2026-09-10,145076,ICICI Prudential Manufacturing Fund - Direct Plan - IDCW Option,25.13
2026-09-10,145077,ICICI Prudential Manufacturing Fund - Cumulative Option,38.76
2026-09-10,145078,ICICI Prudential Manufacturing Fund - IDCW Option,22.19
2026-09-10,145137,Invesco India Small Cap Fund - Direct Plan - Growth,54.56
2026-09-10,145138,Invesco India Small Cap Fund - Direct Plan - IDCW (Payout / Reinvestment),40.53
2026-09-10,145139,Invesco India Small Cap Fund - Regular Plan - Growth,48.52
2026-09-10,145140,Invesco India Small Cap Fund - Regular Plan - IDCW (Payout / Reinvestment),34.71
2026-09-10,145205,TATA SmallCap Fund Regular Plan - Payout of Income Distribution cum capital withdrawal option,38.3291
2026-09-10,145206,Tata Small Cap Fund-Direct Plan-Growth,45.4303
2026-09-10,145207,TATA SmallCap Fund - Direct Plan - Payout of Income Distribution cum capital withdrawal option,43.8914
2026-09-10,145208,Tata Small Cap Fund-Regular Plan-Growth,39.8612
2026-09-10,145209,TATA Small Cap Fund Direct Plan - Reinvestment of Income Distribution cum capital withdrawal option,43.8914
2026-09-10,145210,TATA Small Cap Fund Regular Plan - Reinvestment of Income Distribution cum capital withdrawal option,38.3291
2026-09-10,145287,UTI Floating Interest Rates Fund - Regular Plan  - Growth Option,1603.3351
2026-09-10,145288,UTI Floating Interest Rates Fund - Regular Plan - Half-Yearly IDCW,1415.9897
2026-09-10,145289,UTI Floating Interest Rates Fund - Regular Plan - Annual IDCW,1522.673
2026-09-10,145290,UTI Floating Interest Rates Fund - Direct Plan - Quarterly IDCW,1436.0656
2026-09-10,145291,UTI Floating Interest Rates Fund - Direct Plan - Flexi IDCW,1588.6234
2026-09-10,145292,UTI Floating Interest Rates Fund - Regular Plan - Flexi IDCW,1465.7315
2026-09-10,145293,UTI Floating Interest Rates Fund - Direct Plan - Annual IDCW,1543.6748
2026-09-10,145294,UTI Floating Interest Rates Fund - Regular Plan - Quarterly IDCW,1298.7905
2026-09-10,145295,UTI Floating Interest Rates Fund - Direct Plan - Growth Option,1686.3008
2026-09-10,145296,UTI Floating Interest Rates Fund - Direct Plan - Half-Yearly IDCW,1537.066
2026-09-10,145355,Mahindra Manulife Consumption Fund- Regular Plan - Growth,21.6976
2026-09-10,145356,Mahindra Manulife Consumption Fund - Direct Plan -Growth,24.7916
2026-09-10,145357,Mahindra Manulife Consumption Fund - Direct Plan - IDCW,17.5562
2026-09-10,145358,Mahindra Manulife Consumption Fund - Regular Plan - IDCW,14.7673
2026-09-10,145387,Baroda BNP Paribas Balanced Advantage Fund-Regular Plan -Growth Option,25.7079
2026-09-10,145389,Baroda BNP Paribas Balanced Advantage Fund-Regular Plan-IDCW Option,15.7568
2026-09-10,145396,Baroda BNP Paribas Balanced Advantage Fund-Direct Plan-Growth Option,28.4595
2026-09-10,145397,Baroda BNP Paribas Balanced Advantage Fund-Direct Plan-IDCW Option,17.4753
2026-09-10,145399,ICICI Prudential Ultra Short Term Fund - Daily IDCW,10.0845
2026-09-10,145400,ICICI Prudential Ultra Short Term Fund - Direct Plan - Weekly IDCW,10.0864
2026-09-10,145402,ICICI Prudential Ultra Short Term Fund - Weekly IDCW,10.0703
2026-09-10,145404,ICICI Prudential Ultra Short Term Fund - Direct Plan - Daily IDCW,10.0153
2026-09-10,145471,Union Value Fund - Regular Plan - Growth Option,28.44
2026-09-10,145472,Union Value Fund - Regular Plan - IDCW Option,28.44
2026-09-10,145473,Union Value Fund - Direct Plan - Growth Option,30.59
2026-09-10,145474,Union Value Fund - Direct Plan - IDCW Option,30.59
2026-09-10,145481,ADITYA BIRLA SUNLIFE OVERNIGHT FUND-REGULAR PLAN-GROWTH,1476.7151
2026-09-10,145482,ADITYA BIRLA SUN LIFE OVERNIGHT FUND-  Regular - Weekly Reinvestment of IDCW option,1000.7508
2026-09-10,145483,ADITYA BIRLA SUN LIFE OVERNIGHT FUND- Regular - Daily Reinvestment of IDCW,1000.0200
2026-09-10,145485,ADITYA BIRLA SUN LIFE OVERNIGHT FUND- Regular- Monthly Payout of IDCW option,1001.6539
2026-09-10,145486,ADITYA BIRLA SUN LIFE OVERNIGHT FUND-DIRECT PLAN-GROWTH,1490.0331
2026-09-10,145487,ADITYA BIRLA SUN LIFE OVERNIGHT FUND- Direct - Daily Reinvestment of IDCW,1000.0200
2026-09-10,145488,ADITYA BIRLA SUN LIFE OVERNIGHT FUND-  Direct - Monthly Payout of IDCW,1001.6937
2026-09-10,145489,ADITYA BIRLA SUN LIFE OVERNIGHT FUND-  Direct - Weekly Reinvestment of IDCW,1000.7675
2026-09-10,145535,ICICI Prudential Overnight Fund - Growth,1475.0958
2026-09-10,145536,ICICI Prudential Overnight Fund - Direct Plan - Growth,1484.6105
2026-09-10,145537,ICICI Prudential Overnight Fund - Direct Plan - Daily IDCW,1000.0050
2026-09-10,145538,ICICI Prudential Overnight Fund - Weekly IDCW,1000.3779
2026-09-10,145539,ICICI Prudential Overnight Fund - Direct Plan - Weekly IDCW,1000.3826
2026-09-10,145547,ICICI Prudential Overnight Fund - Daily IDCW,1000.0050
2026-09-10,145551,Motilal Oswal Nasdaq 100 Fund of Fund- Regular Plan Growth,68.2310
2026-09-10,145552,Motilal Oswal Nasdaq 100 Fund of Fund- Direct Plan Growth,70.2995
2026-09-10,145589,Groww Dynamic Term Fund (formerly known as Indiabulls Dynamic Bond Fund) - Direct Plan - Growth option,1581.424
2026-09-10,145590,Groww Dynamic Term Fund (formerly known as Indiabulls Dynamic Bond Fund) - Regular Plan - Growth option,1499.699
2026-09-10,145591,Groww Dynamic Term Fund (formerly known as Indiabulls Dynamic Bond Fund)- Direct Plan- Monthly - Income Distribution cum capital withdrawal Option (Payout & Reinvestment),1013.2661
2026-09-10,145592,Groww Dynamic Term Fund (formerly known as Indiabulls Dynamic Bond Fund)- Regular Plan- Monthly - Income Distribution cum capital withdrawal Option (Payout & Reinvestment),1013.388
2026-09-10,145593,Groww Dynamic Term Fund (formerly known as Indiabulls Dynamic Bond Fund)- Regular Plan- - Income Distribution cum capital withdrawal Option ( Reinvestment),1020.1824
2026-09-10,145594,Groww Dynamic Term Fund (formerly known as Indiabulls Dynamic Bond Fund)- Regular Plan- Weekly - Income Distribution cum capital withdrawal Option (Payout & Reinvestment),1017.0245
2026-09-10,145595,Groww Dynamic Term Fund (formerly known as Indiabulls Dynamic Bond Fund)- Direct Plan- Fortnightly - Income Distribution cum capital withdrawal Option (Payout & Reinvestment),1022.2061
2026-09-10,145596,Groww Dynamic Term Fund (formerly known as Indiabulls Dynamic Bond Fund)- Direct Plan- - Income Distribution cum capital withdrawal Option ( Reinvestment),1018.3358
2026-09-10,145597,Groww Dynamic Term Fund (formerly known as Indiabulls Dynamic Bond Fund)- Direct Plan- Weekly - Income Distribution cum capital withdrawal Option (Payout & Reinvestment),1017.4614
2026-09-10,145598,Groww Dynamic Term Fund (formerly known as Indiabulls Dynamic Bond Fund)- Regular Plan- Fortnightly - Income Distribution cum capital withdrawal Option (Payout & Reinvestment),1018.726
2026-09-10,145599,Groww Aggressive Hybrid Fund (formerly known as Indiabulls Equity Hybrid Fund) - Direct Plan - Growth option,23.1563
2026-09-10,145600,Groww Aggressive Hybrid Fund (formerly known as Indiabulls Equity Hybrid Fund)- Direct Plan- - Income Distribution cum capital withdrawal Option (Payout & Reinvestment),22.9527
2026-09-10,145601,Groww Aggressive Hybrid Fund (formerly known as Indiabulls Equity Hybrid Fund)- Direct Plan- Quarterly - Income Distribution cum capital withdrawal Option (Payout & Reinvestment),22.6804
2026-09-10,145602,Groww Aggressive Hybrid Fund (formerly known as Indiabulls Equity Hybrid Fund)- Direct Plan- Half Yearly - Income Distribution cum capital withdrawal Option (Payout & Reinvestment),22.2596
2026-09-10,145603,Groww Aggressive Hybrid Fund (formerly known as Indiabulls Equity Hybrid Fund)- Regular Plan- - Income Distribution cum capital withdrawal Option (Payout & Reinvestment),20.4705
2026-09-10,145604,Groww Aggressive Hybrid Fund (formerly known as Indiabulls Equity Hybrid Fund)- Regular Plan- Monthly - Income Distribution cum capital withdrawal Option (Payout & Reinvestment.,20.4716
2026-09-10,145605,Groww Aggressive Hybrid Fund (formerly known as Indiabulls Equity Hybrid Fund) - Regular Plan - Growth option,20.4734
2026-09-10,145606,Groww Aggressive Hybrid Fund (formerly known as Indiabulls Equity Hybrid Fund)- Direct Plan- Monthly - Income Distribution cum capital withdrawal Option (Payout & Reinvestment),22.9162
2026-09-10,145607,Groww Aggressive Hybrid Fund (formerly known as Indiabulls Equity Hybrid Fund)- Regular Plan- Quarterly - Income Distribution cum capital withdrawal Option (Payout & Reinvestment),21.7006
2026-09-10,145608,Groww Aggressive Hybrid Fund (formerly known as Indiabulls Equity Hybrid Fund)- Regular Plan- Half Yearly - Income Distribution cum capital withdrawal Option (Payout & Reinvestment),20.4253
2026-09-10,145633,Mirae Asset Nifty 50 ETF,255.6820
2026-09-10,145648,SBI Nifty 200 Quality 30 ETF,216.8595
2026-09-10,145675,BANK OF INDIA Small Cap Fund Direct Plan IDCW,49.73
2026-09-10,145676,BANK OF INDIA Small Cap Fund Regular Plan IDCW,42.71
2026-09-10,145677,BANK OF INDIA Small Cap Fund Regular Plan Growth,58.58
2026-09-10,145678,BANK OF INDIA Small Cap Fund Direct Plan Growth,66.41
2026-09-10,145693,Mirae Asset Equity Savings Fund - Direct Plan - Growth,23.046
2026-09-10,145694,Mirae Asset Equity Savings Fund - Direct Plan - IDCW,13.783
2026-09-10,145695,Mirae Asset Equity Savings Fund - Regular Plan - Growth,21.282
2026-09-10,145696,Mirae Asset Equity Savings Fund - Regular Plan - IDCW,12.597
2026-09-10,145723,Tata Arbitrage Fund-Regular Plan-Growth,15.4022
2026-09-10,145724,Tata Arbitrage Fund-Direct Plan-Growth,16.3522
2026-09-10,145725,TATA Arbitrage Fund Direct Plan - Monthly Reinvestment of Income Distribution cum capital withdrawal option,15.7093
2026-09-10,145726,TATA Arbitrage Fund Regular Plan - Monthly Reinvestment of Income Distribution cum capital withdrawal option,14.7229
2026-09-10,145727,TATA Arbitrage Fund Direct Plan - Monthly Payout of Income Distribution cum capital withdrawal option,15.7093
2026-09-10,145728,TATA Arbitrage Fund Regular Plan - Monthly Payout of Income Distribution cum capital withdrawal option,14.7229
2026-09-10,145801,Tata Nifty 50 Exchange Traded Fund,255.8218
2026-09-10,145810,Nippon India Overnight Fund - Direct Plan - Growth Option,148.0102
2026-09-10,145811,Nippon India Overnight Fund - Regular Plan - Growth Option,146.9691
2026-09-10,145812,NIPPON INDIA OVERNIGHT FUND - DIRECT Plan - DAILY IDCW Option,100.0050
2026-09-10,145819,Shriram ELSS Tax Saver Fund - Direct Growth,23.2814
2026-09-10,145820,Shriram ELSS Tax Saver Fund - Regular Growth,20.3485
2026-09-10,145821,Shriram ELSS Tax Saver Fund - Regular-IDCW,20.3513
2026-09-10,145822,Shriram ELSS Tax Saver Fund - Direct- IDCW,23.0939
2026-09-10,145823,NIPPON INDIA OVERNIGHT FUND - DIRECT Plan - WEEKLY IDCW Option,100.0801
2026-09-10,145824,NIPPON INDIA OVERNIGHT FUND - DIRECT Plan - MONTHLY IDCW Option,100.3316
2026-09-10,145825,NIPPON INDIA OVERNIGHT FUND - DIRECT Plan - QUARTERLY IDCW Option,101.4475
2026-09-10,145826,NIPPON INDIA OVERNIGHT FUND - WEEKLY IDCW Option,100.0786
2026-09-10,145827,NIPPON INDIA OVERNIGHT FUND - MONTHLY IDCW Option,100.3192
2026-09-10,145830,NIPPON INDIA OVERNIGHT FUND - DAILY IDCW Option,100.0050
2026-09-10,145833,NIPPON INDIA OVERNIGHT FUND - QUARTERLY IDCW Option,101.4268
2026-09-10,145834,Motilal Oswal Liquid Fund - Direct Growth,14.9515
2026-09-10,145881,Aditya Birla Sunlife Nifty Next 50 ETF,76.4515
2026-09-10,145890,LIC MF Arbitrage Fund-Regular Plan-Growth,14.8144
2026-09-10,145891,LIC MF Arbitrage Fund-Direct Plan-Weekly IDCW,14.6661
2026-09-10,145892,LIC MF Arbitrage Fund-Regular Plan-Monthly IDCW,14.4737
2026-09-10,145893,LIC MF Arbitrage Fund-Regular Plan-Weekly IDCW,14.3815
2026-09-10,145894,LIC MF Arbitrage Fund-Direct Plan-Monthly IDCW,14.0074
2026-09-10,145895,LIC MF Arbitrage Fund-Direct Plan-Growth,15.6073
2026-09-10,145896,ICICI Prudential India Opportunities Fund - Cumulative Option,35.48
2026-09-10,145897,ICICI Prudential India Opportunities Fund - Direct Plan - Cumulative Option,39.04
2026-09-10,145898,ICICI Prudential India Opportunities Fund - Direct Plan - IDCW Option,23.82
2026-09-10,145899,ICICI Prudential India Opportunities Fund - IDCW Option,20.71
2026-09-10,145946,Motilal Oswal Liquid Fund - Regular Growth,14.7705
2026-09-10,145951,LIC MF Short Term Fund-Regular Plan-IDCW,15.4643
2026-09-10,145952,LIC MF Short Term Fund-Regular Plan-Growth,15.4643
2026-09-10,145953,LIC MF Short Term Fund-Direct Plan-IDCW,16.6909
2026-09-10,145954,LIC MF Short Term Fund-Direct Plan-Growth,16.6909
2026-09-10,145963,WhiteOak Capital Liquid Fund- Regular plan-Daily Reinvestment of Income Distribution cum capital withdrawal option (IDCW),1001.9023
2026-09-10,145964,WhiteOak Capital Liquid Fund- Regular plan-Weekly Payout/ Reinvestment of Income Distribution cum capital withdrawal option (IDCW),1002.2535
2026-09-10,145965,WhiteOak Capital Liquid Fund- Regular plan-Fortnightly Payout/ Reinvestment of Income Distribution cum capital withdrawal option (IDCW),1003.1107
2026-09-10,145966,WhiteOak Capital Liquid Fund- Direct plan-Fortnightly Payout/ Reinvestment of Income Distribution cum capital withdrawal option (IDCW),1001.9733
2026-09-10,145967,WhiteOak Capital Liquid Fund- Direct plan-Monthly  Payout/ Reinvestment of Income Distribution cum capital withdrawal option (IDCW),1006.6100
2026-09-10,145968,WhiteOak Capital Liquid Fund- Regular plan-Growth Option,1509.5794
2026-09-10,145969,WhiteOak Capital Liquid Fund- Direct plan-Daily Reinvestment of Income Distribution cum capital withdrawal option (IDCW),1001.9025
2026-09-10,145970,WhiteOak Capital Liquid Fund- Direct plan-Weekly Payout/ Reinvestment of Income Distribution cum capital withdrawal option (IDCW),1002.2911
2026-09-10,145971,WhiteOak Capital Liquid Fund- Direct plan-Growth Option,1520.4673
2026-09-10,145972,WhiteOak Capital Liquid Fund- Regular plan-Monthly Payout/ Reinvestment of Income Distribution cum capital withdrawal option (IDCW),1006.1369
2026-09-10,146005,TATA Balanced Advantage Fund Regular Plan - Payout of Income Distribution cum capital withdrawal option,19.9477
2026-09-10,146006,TATA Balanced Advantage Fund Direct Plan - Payout of Income Distribution cum capital withdrawal option,22.5129
2026-09-10,146007,Tata Balanced Advantage Fund-Regular Plan-Growth,20.7921
2026-09-10,146008,TATA Balanced Advantage Fund Direct Plan - Reinvestment of Income Distribution cum capital withdrawal option,22.5129
2026-09-10,146009,TATA Balanced Advantage Fund Regular Plan - Reinvestment of Income Distribution cum capital withdrawal option,19.9477
2026-09-10,146010,Tata Balanced Advantage Fund-Direct Plan-Growth,23.3601
2026-09-10,146061,DSP Overnight Fund - Regular Plan - Growth,1466.7727
2026-09-10,146062,DSP Overnight Fund - Direct Plan - Growth,1475.7449
2026-09-10,146063,DSP Overnight Fund - Regular Plan - IDCW - Weekly,1001.0008
2026-09-10,146065,DSP Overnight Fund - Direct Plan - IDCW - Daily,1000.0099
2026-09-10,146066,DSP Overnight Fund - Regular Plan - IDCW - Daily,1000.0099
2026-09-10,146067,TATA Ultra Short Term Fund-Direct Plan - Weekly Payout of Income Distribution cum capital withdrawal option,10.4039
2026-09-10,146068,TATA Ultra Short Term Fund Direct Plan - Weekly Reinvestment of Income Distribution cum capital withdrawal option,10.4039
2026-09-10,146069,TATA Ultra Short Term Fund-Direct Plan - Monthly Payout of Income Distribution cum capital withdrawal option,16.1875
2026-09-10,146070,Tata Ultra Short Term Fund-Regular Plan-Growth,15.2254
2026-09-10,146071,TATA Ultra Short Term Fund-Regular Plan - Weekly Payout of Income Distribution cum capital withdrawal option,10.3769
2026-09-10,146072,TATA Ultra Short Term Fund-Regular Plan - Monthly Payout of Income Distribution cum capital withdrawal option,15.2318
2026-09-10,146073,TATA Ultra Short Term Fund Regular Plan - Monthly Reinvestment of Income Distribution cum capital withdrawal option,15.2318
2026-09-10,146074,TATA Ultra Short Term Fund Regular Plan -Weekly Reinvestment of Income Distribution cum capital withdrawal option,10.3769
2026-09-10,146075,Tata Ultra Short Term Fund-Direct Plan-Growth,16.1658
2026-09-10,146076,TATA Ultra Short Term Fund Direct Plan - Monthly Reinvestment of Income Distribution cum capital withdrawal option,16.1875
2026-09-10,146127,CANARA ROBECO SMALL CAP FUND - REGULAR PLAN - GROWTH OPTION,41.1000
2026-09-10,146128,CANARA ROBECO SMALL CAP FUND - REGULAR PLAN - IDCW (Payout/Reinvestment),33.4200
2026-09-10,146130,CANARA ROBECO SMALL CAP FUND - DIRECT PLAN - GROWTH OPTION,46.0200
2026-09-10,146131,CANARA ROBECO SMALL CAP FUND - DIRECT PLAN - IDCW (Payout/Reinvestment),37.8700
2026-09-10,146138,Kotak Overnight Fund-Regular Plan- Daily Reinvestment of Income Distribution cum capital withdrawal option,1004.7568
2026-09-10,146140,Kotak Overnight Fund-Direct Plan- Daily Reinvestment of Income Distribution cum capital withdrawal option,1003.6055
2026-09-10,146141,Kotak Overnight Fund -Direct Plan-Growth Option,1469.9878
2026-09-10,146142,Kotak Overnight Fund -Regular plan-Growth Option,1459.6914
2026-09-10,146183,BANDHAN Overnight Fund - Direct Plan - Monthly IDCW,1001.6859
2026-09-10,146184,BANDHAN Overnight Fund - Direct Plan - Periodic IDCW,1338.9918
2026-09-10,146185,BANDHAN Overnight Fund - Regular Plan - Monthly IDCW,1001.6602
2026-09-10,146186,BANDHAN Overnight Fund - REGULAR PLAN PERIODIC IDCW,1333.4738
2026-09-10,146187,BANDHAN Overnight Fund - Regular Plan - Growth,1457.3205
2026-09-10,146188,BANDHAN Overnight Fund - Regular Plan - Daily IDCW,1000.0098
2026-09-10,146189,BANDHAN Overnight Fund - Regular Plan - Weekly IDCW,1001.6646
2026-09-10,146190,BANDHAN Overnight Fund - Direct Plan - Daily IDCW,1000.0098
2026-09-10,146191,BANDHAN Overnight Fund - Direct Plan - Growth,1469.3317
2026-09-10,146192,BANDHAN Overnight Fund - Direct Plan - Weekly IDCW,1000.7631
2026-09-10,146193,Edelweiss Small Cap Fund - Regular Plan - Growth,47.996
2026-09-10,146194,Edelweiss Small Cap Fund - Regular Plan - IDCW Option,41.707
2026-09-10,146196,Edelweiss Small Cap Fund - Direct Plan - Growth,53.889
2026-09-10,146197,Edelweiss Small Cap Fund - Direct Plan - IDCW Option,47.143
2026-09-10,146207,SBI Corporate Bond Fund - Regular Plan - Growth,16.4738
2026-09-10,146208,SBI Corporate Bond Fund - Regular Plan - Monthly Income Distribution cum Capital Withdrawal Option (IDCW),15.5471
2026-09-10,146210,SBI Corporate Bond Fund - Regular Plan - Quarterly Income Distribution cum Capital Withdrawal Option (IDCW),16.0061
2026-09-10,146212,SBI Corporate Bond Fund - Direct Plan - Monthly Income Distribution cum Capital Withdrawal Option (IDCW),16.0978
2026-09-10,146215,SBI Corporate Bond Fund - Direct Plan - Growth,17.0545
2026-09-10,146216,SBI Corporate Bond Fund - Direct Plan - Quarterly Income Distribution cum Capital Withdrawal Option (IDCW),16.5794
2026-09-10,146218,Motilal Oswal Liquid Fund Direct - IDCW  Quarterly Payout/Reinvestment,10.3837
2026-09-10,146220,Motilal Oswal Liquid Fund Regular - IDCW Monthly Payout/Reinvestment,10.0533
2026-09-10,146222,Motilal Oswal Liquid Fund Regular - IDCW Quarterly Payout/Reinvestment,10.3694
2026-09-10,146223,Motilal Oswal Liquid Fund Direct - IDCW Monthly Payout/Reinvestment,10.0541
2026-09-10,146224,Motilal Oswal Liquid Fund Regular - IDCW Weekly Reinvestment,10.0209
2026-09-10,146226,Motilal Oswal Liquid Fund Direct - IDCW Fortnightly Reinvestment,10.0284
2026-09-10,146227,Motilal Oswal Liquid Fund Regular - IDCW Daily Reinvestment,10.0082
2026-09-10,146228,Motilal Oswal Liquid Fund Direct - IDCW Reinvestment,10.0081
2026-09-10,146229,Motilal Oswal Liquid Fund Direct - IDCW Weekly Reinvestment,10.0174
2026-09-10,146230,Motilal Oswal Liquid Fund Regular - IDCW Fortnightly Reinvestment,10.0276
2026-09-10,146271,Nippon India ETF Nifty Midcap 150,236.9391
2026-09-10,146294,Union Arbitrage Fund - Regular Plan - Growth Option,15.0374
2026-09-10,146295,Union Arbitrage Fund - Regular Plan - IDCW Option,14.6829
2026-09-10,146296,Union Arbitrage Fund - Direct Plan - IDCW Option,15.3023
2026-09-10,146297,Union Arbitrage Fund - Direct Plan - Growth Option,15.6743
2026-09-10,146346,ICICI Prudential Retirement Fund - Pure Equity - Growth Option,34.91
2026-09-10,146347,ICICI Prudential Retirement Fund - Pure Equity - IDCW Option,34.91
2026-09-10,146348,ICICI Prudential Retirement Fund - Pure Equity - Direct Plan - IDCW Option,39.05
2026-09-10,146349,ICICI Prudential Retirement Fund - Pure Equity - Direct Plan - Growth Option,39.06
2026-09-10,146376,DSP Nifty 50 Index Fund - Direct Plan - Growth,23.2004
2026-09-10,146377,DSP Nifty 50 Index Fund - Direct Plan - IDCW,19.8517
2026-09-10,146378,DSP Nifty 50 Index Fund - Regular Plan - IDCW,18.6381
2026-09-10,146379,DSP Nifty 50 Index Fund - Regular Plan - Growth,22.8559
2026-09-10,146380,DSP Nifty Next 50 Index Fund - Regular Plan - Growth,28.0542
2026-09-10,146381,DSP Nifty Next 50 Index Fund - Direct Plan - Growth,28.7789
2026-09-10,146382,DSP Nifty Next 50 Index Fund - Direct Plan - IDCW,23.5736
2026-09-10,146383,DSP Nifty Next 50 Index Fund - Regular Plan - IDCW,23.0006
2026-09-10,146388,UTI - BSE Sensex Next 50 Exchange Traded Fund,93.9853
2026-09-10,146405,ADITYA BIRLA SUN LIFE BAL BHAVISHYA YOJNA- Regular - IDCW,17.05
2026-09-10,146407,ADITYA BIRLA SUN LIFE BAL BHAVISHYA YOJNA DIRECT GROWTH,23.59
2026-09-10,146408,ADITYA BIRLA SUN LIFE BAL BHAVISHYA YOJNA- Direct - IDCW,19.24
2026-09-10,146409,ADITYA BIRLA SUN LIFE BAL BHAVISHYA YOJNA REGULAR GROWTH,20.89
2026-09-10,146455,Invesco India Equity Savings Fund - Regular Plan - IDCW (Payout / Reinvestment),16.7244
2026-09-10,146456,Invesco India Equity Savings Fund - Regular Plan - Growth,16.7254
2026-09-10,146457,Invesco India Equity Savings Fund - Direct Plan - Growth,18.9371
2026-09-10,146458,Invesco India Equity Savings Fund - Direct Plan - IDCW (Payout / Reinvestment),18.8811
2026-09-10,146512,NIPPON INDIA NIFTY NEXT 50 JUNIOR BEES FOF - IDCW Option,26.9742
2026-09-10,146513,Nippon India Nifty Next 50 Junior BeES FoF - Direct Plan - Growth Plan - Growth Option,27.4357
2026-09-10,146514,Nippon India Nifty Next 50 Junior BeES FoF - Growth Plan - Growth Option,26.9742
2026-09-10,146515,NIPPON INDIA NIFTY NEXT 50 JUNIOR BEES FOF - DIRECT Plan - IDCW Option,27.4357
2026-09-10,146548,Mahindra Manulife Large Cap Fund - Regular Plan - IDCW,14.4473
2026-09-10,146549,Mahindra Manulife Large Cap Fund - Direct Plan -Growth,24.7536
2026-09-10,146550,Mahindra Manulife Large Cap Fund - Direct Plan - IDCW,17.2455
2026-09-10,146551,Mahindra Manulife Large Cap Fund - Regular Plan - Growth,21.6584
2026-09-10,146574,Aditya Birla Sun Life Retirement Fund-The 30s Plan-Regular - Payout of IDCW,18.528
2026-09-10,146575,Aditya Birla Sun Life Retirement Fund-The 30s Plan-Direct Growth,25.488
2026-09-10,146576,Aditya Birla Sun Life Retirement Fund-The 30s Plan-Direct - Payout of IDCW,20.748
2026-09-10,146577,Aditya Birla Sun Life Retirement Fund-The 30s Plan-Regular Growth,22.759
2026-09-10,146641,SBI Equity Minimum Variance Fund - Regular Plan - Income Distribution cum Capital Withdrawal Option (IDCW),23.2788
2026-09-10,146642,SBI Equity Minimum Variance Fund - Direct Plan - Income Distribution cum Capital Withdrawal Option (IDCW),23.9062
2026-09-10,146643,SBI Equity Minimum Variance Fund - Direct Plan - Growth,23.9077
2026-09-10,146644,SBI Equity Minimum Variance Fund - Regular Plan - Growth,23.2751
2026-09-10,146675,Axis Overnight Fund - Direct Plan - Growth Option,1458.5129
2026-09-10,146676,Axis Overnight Fund - Direct Plan - Weekly IDCW,1001.0840
2026-09-10,146677,Axis Overnight Fund - Direct Plan - Monthly IDCW,1002.9489
2026-09-10,146678,Axis Overnight Fund - Regular Plan - Growth Option,1452.8804
2026-09-10,146679,Axis Overnight Fund - Direct Plan - Daily IDCW,1000.5073
2026-09-10,146680,Axis Overnight Fund - Regular Plan - Weekly IDCW,1001.0549
2026-09-10,146681,Axis Overnight Fund - Regular Plan - Monthly IDCW,1002.9302
2026-09-10,146682,Axis Overnight Fund - Regular Plan - Daily IDCW,1000.5032
2026-09-10,146695,BANDHAN Fixed Term Plan Series 179 REGULAR PLAN-GROWTH (3652 days),17.8478
2026-09-10,146699,BANDHAN Fixed Term Plan Series 179 DIRECT PLAN HALF YEARLY-IDCW (3652 days),11.6086
2026-09-10,146701,BANDHAN Fixed Term Plan Series 179 DIRECT PLAN-GROWTH (3652 days),18.1856
2026-09-10,146702,BANDHAN Fixed Term Plan Series 179 REGULAR PLAN PERIODIC-IDCW (3652 days),15.3766
2026-09-10,146716,ICICI Prudential Retirement Fund - Hybrid Conservative - Direct Plan - Growth Option,20.2557
2026-09-10,146717,ICICI Prudential Retirement Fund - Hybrid Conservative - Growth Option,18.3415
2026-09-10,146718,ICICI Prudential Retirement Fund - Hybrid Conservative - Direct Plan - IDCW Option,20.2554
2026-09-10,146719,ICICI Prudential Retirement Fund - Hybrid Conservative - IDCW Option,18.3414
2026-09-10,146720,ICICI Prudential Retirement Fund - Hybrid Aggressive - Direct Plan - IDCW Option,31.41
2026-09-10,146721,ICICI Prudential Retirement Fund - Hybrid Aggressive - Direct Plan - Growth Option,31.41
2026-09-10,146722,ICICI Prudential Retirement Fund - Hybrid Aggressive - Growth Option,27.99
2026-09-10,146723,ICICI Prudential Retirement Fund - Hybrid Aggressive - IDCW Option,27.99
2026-09-10,146724,ICICI Prudential Retirement Fund - Pure Debt - IDCW Option,15.6984
2026-09-10,146725,ICICI Prudential Retirement Fund - Pure Debt - Direct Plan - IDCW Option,17.2203
2026-09-10,146726,ICICI Prudential Retirement Fund - Pure Debt - Growth Option,15.6982
2026-09-10,146727,ICICI Prudential Retirement Fund - Pure Debt - Direct Plan - Growth Option,17.2204
2026-09-10,146769,HSBC Large & Mid Cap Fund - Regular IDCW,20.8422
2026-09-10,146770,HSBC Large & Mid Cap Fund - Direct IDCW,23.1865
2026-09-10,146771,HSBC Large & Mid Cap Fund - Regular Growth,30.098
2026-09-10,146772,HSBC Large & Mid Cap Fund - Direct Growth,33.3038
2026-09-10,146795,ICICI Prudential Fixed Maturity Plan - Series 85 - 10 Years Plan I - Direct Plan Cumulative Option,18.1195
2026-09-10,146797,ICICI Prudential Fixed Maturity Plan - Series 85 - 10 Years Plan I - Cumulative Option,17.8655
2026-09-10,146800,ICICI Prudential Fixed Maturity Plan - Series 85 - 10 Years Plan I - Quarterly IDCW Option,17.5002
2026-09-10,146927,Aditya Birla Sun Life Retirement Fund-The 40s Plan- Direct - Payout of IDCW,17.547
2026-09-10,146928,Aditya Birla Sun Life Retirement Fund-The 40s Plan-Regular - Payout of IDCW,15.709
2026-09-10,146929,Aditya Birla Sun Life Retirement Fund-The 40s Plan-Regular Plan-Growth,19.301
2026-09-10,146930,Aditya Birla Sun Life Retirement Fund-The 40s Plan-Direct Plan-Growth,21.560
2026-09-10,146937,Aditya Birla Sun Life Retirement Fund-The 50s Plan- Direct - Payout of IDCW,13.6895
2026-09-10,146938,Aditya Birla Sun Life Retirement Fund-The 50s Plan-Regular Plan-Growth,15.1834
2026-09-10,146939,Aditya Birla Sun Life Retirement Fund-The 50s Plan- Regular - Payout of IDCW,12.3520
2026-09-10,146940,Aditya Birla Sun Life Retirement Fund-The 50s Plan-Direct Plan-Growth,16.8278
2026-09-10,146941,Aditya Birla Sun Life Retirement Fund-The 50s Plus-Debt Plan-Regular Plan-Growth,13.6348
2026-09-10,146942,Aditya Birla Sun Life Retirement Fund-The 50s Plus-Debt Plan - Regular - Payout of IDCW,11.0905
2026-09-10,146943,Aditya Birla Sun Life Retirement Fund-The 50s Plus-Debt Plan-Direct Plan-Growth,14.9796
2026-09-10,146944,Aditya Birla Sun Life Retirement Fund-The 50s Plus-Debt Plan - Direct - Payout of IDCW,12.1828
2026-09-10,146949,ICICI Prudential Bharat Consumption Fund - Direct Plan - IDCW Option,17.13
2026-09-10,146950,ICICI Prudential Bharat Consumption Fund - Growth Option,24.60
2026-09-10,146951,ICICI Prudential Bharat Consumption Fund - Direct Plan - Growth Option,26.70
2026-09-10,146952,ICICI Prudential Bharat Consumption Fund - IDCW Option,15.29
2026-09-10,146957,Sundaram Overnight Fund Direct Plan - Monthly Reinvestment of Income Distribution cum Capital Withdrawal (IDCW),1057.4839
2026-09-10,146959,Sundaram Overnight Fund Regular Plan - Growth,1452.5460
2026-09-10,146960,Sundaram Overnight Fund Regular Plan - Monthly Payout of Income Distribution cum Capital Withdrawal (IDCW),1052.0541
2026-09-10,146961,Sundaram Overnight Fund Regular Plan - Monthly Reinvestment of Income Distribution cum Capital Withdrawal (IDCW),1052.0541
2026-09-10,146962,Sundaram Overnight Fund Direct Plan - Monthly Payout of Income Distribution cum Capital Withdrawal (IDCW),1057.4839
2026-09-10,146963,Sundaram Overnight Fund Direct Plan - Growth,1463.1579
2026-09-10,146973,SBI Fixed Maturity Plan (FMP) - Series 1 (3668 Days) - Regular Plan - Income Distribution cum Capital Withdrawal Option (IDCW),17.5581
2026-09-10,146974,SBI Fixed Maturity Plan (FMP) - Series 1 (3668 Days) - Direct Plan - Growth,17.7860
2026-09-10,146975,SBI Fixed Maturity Plan (FMP) - Series 1 (3668 Days) - Direct Plan - Income Distribution cum Capital Withdrawal Option (IDCW),17.8041
2026-09-10,146976,SBI Fixed Maturity Plan (FMP) - Series 1 (3668 Days) - Regular Plan - Growth,17.5582
2026-09-10,146977,Tata Overnight Fund-Regular Plan-Growth,1442.2610
2026-09-10,146978,TATA Overnight Fund Direct Plan - Daily Reinvestment of Income Distribution cum capital withdrawal option,1000.0006
2026-09-10,146979,TATA Overnight Fund Regular Plan - Daily Reinvestment of Income Distribution cum capital withdrawal option,1000.0006
2026-09-10,146980,Tata Overnight Fund-Direct Plan-Growth,1454.5708
2026-09-10,146997,Union Overnight Fund - Regular Plan - Growth Option,1439.6430
2026-09-10,146998,Union Overnight Fund - Regular Plan - Daily IDCW Option,1001.2621
2026-09-10,147000,Union Overnight Fund - Regular Plan - Monthly IDCW Option,1002.7058
2026-09-10,147002,Union Overnight Fund - Direct Plan - Daily IDCW Option,1000.8081
2026-09-10,147003,Union Overnight Fund - Direct Plan - Growth Option,1450.2924
2026-09-10,147006,Union Overnight Fund - Direct Plan - Monthly IDCW Option,1002.7490
2026-09-10,147095,NIPPON INDIA FIXED MATURITY  PLAN - XLI - SERIES 8 - DIRECT Plan - IDCW Option,17.8193
2026-09-10,147096,NIPPON INDIA FIXED MATURITY PLAN  - XLI - SERIES 8 - IDCW Option,17.4316
2026-09-10,147097,Nippon India Fixed Maturity Plan XLI - Series 8 - Growth Option,17.4317
2026-09-10,147098,Nippon India Fixed Maturity Plan XLI - Series 8 - Direct Plan - Growth Option,17.8192
2026-09-10,147128,UTI Ultra Short Term Fund - Direct Plan - Half-Yearly IDCW,1559.1918
2026-09-10,147153,ITI Liquid Fund - Regular Plan - Growth Option,1458.7555
2026-09-10,147154,ITI Liquid Fund - Regular Plan - Daily IDCW Option,1001.0000
2026-09-10,147155,ITI Liquid Fund - Regular Plan - Fortnightly Income Distribution cum capital withdrawal option Option,1001.3257
2026-09-10,147156,ITI Liquid Fund - Regular Plan - Monthly IDCW Option,1000.7692
2026-09-10,147157,ITI Liquid Fund - Direct Plan - Growth Option,1473.4698
2026-09-10,147158,ITI Liquid Fund - Direct Plan - Daily IDCW Option,1001.0166
2026-09-10,147159,ITI Liquid Fund - Direct Plan - Weekly IDCW Option,1001.2636
2026-09-10,147161,ITI Liquid Fund - Direct Plan - Annually IDCW Option,1475.4258
2026-09-10,147162,ITI Liquid Fund - Regular Plan - Annually IDCW Option,1468.3117
2026-09-10,147163,ITI Liquid Fund - Direct Plan - Monthly IDCW Option,1003.3564
2026-09-10,147164,ITI Liquid Fund - Regular Plan - Weekly IDCW Option,1001.2592
2026-09-10,147183,ITI Multi Cap Fund - Direct Plan - Growth Option,30.1733
2026-09-10,147184,ITI Multi Cap Fund - Regular Plan - Growth Option,26.2503
2026-09-10,147185,ITI Multi Cap Fund - Regular Plan - IDCW Option,22.9619
2026-09-10,147186,ITI Multi Cap Fund - Direct Plan - IDCW Option,26.6938
2026-09-10,147193,Baroda BNP Paribas Overnight Fund - Regular Plan - Growth,1440.2623
2026-09-10,147194,Baroda BNP Paribas Overnight Fund - Regular Plan - Daily IDCW,1000.0018
2026-09-10,147195,Baroda BNP Paribas Overnight Fund - Direct Plan - Weekly IDCW,1000.3634
2026-09-10,147196,Baroda BNP Paribas Overnight Fund - Direct Plan - Growth,1447.2238
2026-09-10,147197,Baroda BNP Paribas Overnight Fund - Direct Plan - Daily IDCW,1000.0028
2026-09-10,147198,Baroda BNP Paribas Overnight Fund - Regular Plan - Weekly IDCW,1000.8472
2026-09-10,147203,Mirae Asset Focused Fund - Regular Plan - Growth,25.141
2026-09-10,147204,Mirae Asset Focused Fund - Regular Plan - IDCW,23.113
2026-09-10,147205,Mirae Asset Focused Fund - Direct Plan - IDCW,25.501
2026-09-10,147206,Mirae Asset Focused Fund - Direct Plan - Growth,27.726
2026-09-10,147211,Franklin India Overnight Fund - Direct Weekly Dividend Plan - Weekly - IDCW,1000.5123
2026-09-10,147212,Franklin India Overnight Fund - Direct Daily Dividend Plan - Daily - IDCW,1000.0007
2026-09-10,147213,Franklin India Overnight fund- Growth,1432.3001
2026-09-10,147214,Franklin India Overnight Fund- Growth - Direct,1437.4152
2026-09-10,147215,Franklin India Overnight Fund - Daily Dividend Plan - Daily - IDCW,1000.0001
2026-09-10,147216,Franklin India Overnight Fund - Weekly Dividend Plan - Weekly - IDCW,1000.5115
2026-09-10,147247,SBI Fixed Maturity Plan (FMP) - Series 6 (3668 Days) - Regular Plan - Growth,17.0007
2026-09-10,147248,SBI Fixed Maturity Plan (FMP) - Series 6 (3668 Days) - Direct Plan - Growth,17.2997
2026-09-10,147249,SBI Fixed Maturity Plan (FMP) - Series 6 (3668 Days) - Direct Plan - Income Distribution cum Capital Withdrawal Option (IDCW),17.3000
2026-09-10,147250,SBI Fixed Maturity Plan (FMP) - Series 6 (3668 Days) - Regular Plan - Income Distribution cum Capital Withdrawal Option (IDCW),17.0028
2026-09-10,147265,Kotak Floating Interest Rates Fund -REGULAR PLAN-STANDARD Reinvestment of Income Distribution cum capital withdrawal option,1446.9067
2026-09-10,147266,Kotak Floating Interest Rates Fund -REGULAR PLAN-GROWTH OPTION,1623.5113
2026-09-10,147267,Kotak Floating Interest Rates Fund -DIRECT PLAN-Standard Reinvestment of Income Distribution cum capital withdrawal option,1454.4791
2026-09-10,147269,Kotak Floating Interest Rates Fund - Direct Plan - Growth Option,1669.6728
2026-09-10,147287,HSBC Overnight Fund - Direct Growth,1441.7207
2026-09-10,147288,HSBC Overnight Fund - Regular Weekly IDCW,1000.2849
2026-09-10,147289,HSBC Overnight Fund - Regular Daily IDCW,1000.0149
2026-09-10,147290,HSBC Overnight Fund - Regular Growth,1429.1764
2026-09-10,147291,HSBC Overnight Fund - Direct Daily IDCW,1000.0149
2026-09-10,147296,HSBC Overnight Fund - Direct Weekly IDCW,1000.2664
2026-09-10,147300,HSBC Overnight Fund - Direct Monthly IDCW,1002.084
2026-09-10,147301,HSBC Overnight Fund - Regular Monthly IDCW,1002.0537
2026-09-10,147303,DSP Quant Fund - Regular Plan - Growth,20.8380
2026-09-10,147304,DSP Quant Fund - Direct Plan - IDCW,16.7840
2026-09-10,147305,DSP Quant Fund - Regular Plan - IDCW,15.8240
2026-09-10,147306,DSP Quant Fund - Direct Plan - Growth,21.9770
2026-09-10,147307,WhiteOak Capital Ultra Short Term Fund- Regular plan-Growth Option,1458.6537
2026-09-10,147308,WhiteOak Capital Ultra Short Term Fund- Regular plan-Daily Reinvestment of Income Distribution cum capital withdrawal option (IDCW),1004.9651
2026-09-10,147309,WhiteOak Capital Ultra Short Term Fund- Regular plan-Fortnightly Payout/ Reinvestment of Income Distribution cum capital withdrawal option (IDCW),1004.8907
2026-09-10,147310,WhiteOak Capital Ultra Short Term Fund- Regular plan-Weekly Payout/ Reinvestment of Income Distribution cum capital withdrawal option (IDCW),1006.4501
2026-09-10,147311,WhiteOak Capital Ultra Short Term Fund- Direct plan-Growth Option,1519.5449
2026-09-10,147312,WhiteOak Capital Ultra Short Term Fund- Direct plan-Monthly Payout/ Reinvestment of Income Distribution cum capital withdrawal option (IDCW),1010.5449
2026-09-10,147313,WhiteOak Capital Ultra Short Term Fund- Direct plan-Weekly Payout/ Reinvestment of Income Distribution cum capital withdrawal option (IDCW),1005.0686
2026-09-10,147314,WhiteOak Capital Ultra Short Term Fund- Regular plan-Monthly Payout/ Reinvestment of Income Distribution cum capital withdrawal option (IDCW),1009.0993
2026-09-10,147315,WhiteOak Capital Ultra Short Term Fund- Direct plan-Fortnightly Payout/ Reinvestment of Income Distribution cum capital withdrawal option (IDCW),1004.9339
2026-09-10,147316,WhiteOak Capital Ultra Short Term Fund- Direct plan-Daily Reinvestment of Income Distribution cum capital withdrawal option (IDCW),1004.9720
2026-09-10,147371,QUANTUM ESG BEST IN CLASS STRATEGY FUND - REGULAR PLAN - GROWTH OPTION,23.07
2026-09-10,147372,QUANTUM ESG BEST IN CLASS STRATEGY FUND - DIRECT PLAN - GROWTH OPTION,24.74
2026-09-10,147373,Baroda BNP Paribas Money Market Fund - Direct Plan - Monthly IDCW,1037.1516
2026-09-10,147376,Baroda BNP Paribas Money Market Fund - Regular Plan - Monthly IDCW,1016.8974
2026-09-10,147377,Baroda BNP Paribas Money Market Fund- Direct Plan - Growth,1513.0569
2026-09-10,147378,Baroda BNP Paribas Money Market Fund - Direct Plan-Daily IDCW,1001.1112
2026-09-10,147379,Baroda BNP Paribas Money Market Fund -Direct Plan - Weekly IDCW,1001.5578
2026-09-10,147380,Baroda BNP Paribas Money Market Fund-Regular Plan- Daily IDCW,1005.9466
2026-09-10,147381,Baroda BNP Paribas Money Market Fund-Regular Plan-Weekly IDCW,1001.5455
2026-09-10,147382,Baroda BNP Paribas Money Market Fund-Regular Plan - Growth,1487.4904
2026-09-10,147403,Shriram Balanced Advantage Fund - Direct- IDCW,18.5528
2026-09-10,147404,Shriram Balanced Advantage Fund - Regular-IDCW,16.4019
2026-09-10,147405,Shriram Balanced Advantage Fund - Regular Growth,16.3794
2026-09-10,147406,Shriram Balanced Advantage Fund - Direct Growth,18.7145
2026-09-10,147407,Aditya Birla Sun Life Pharma and Healthcare Fund-Regular-Growth,36.37
2026-09-10,147408,Aditya Birla Sun Life Pharma and Healthcare Fund-Regular - Payout of IDCW,24.02
2026-09-10,147409,Aditya Birla Sun Life Pharma and Healthcare Fund-Direct-Growth,40.54
2026-09-10,147410,Aditya Birla Sun Life Pharma and Healthcare Fund-Direct - Payout of IDCW,26.36
2026-09-10,147441,Motilal Oswal Liquid Fund - Unclaimed Dividend- Upto 3 years,14.5631
2026-09-10,147442,Motilal Oswal Liquid Fund - Unclaimed Dividend - Greater than 3 years,10.0000
2026-09-10,147443,Motilal Oswal Liquid Fund - Unclaimed Redemption - Greater than 3 years,10.0000
2026-09-10,147444,Motilal Oswal Liquid Fund - Unclaimed Redemption - Upto 3 years,14.2732
2026-09-10,147445,Mirae Asset Midcap Fund - Direct Plan - Growth,44.189
2026-09-10,147446,Mahindra Manulife Aggressive Hybrid Fund - Direct Plan -Growth,30.0915
2026-09-10,147447,Mahindra Manulife Aggressive Hybrid Fund - Regular Plan - Growth,26.5470
2026-09-10,147448,Mahindra Manulife Aggressive Hybrid Fund - Direct Plan - Monthly IDCW,20.4571
2026-09-10,147449,Mahindra Manulife Aggressive Hybrid Fund - Regular Plan - Monthly IDCW,17.3768
2026-09-10,147450,Groww Overnight Fund (formerly known as Indiabulls Overnight Fund)- Direct Plan- Growth Option,1418.7999
2026-09-10,147451,Groww Overnight Fund (formerly known as Indiabulls Overnight Fund)- Direct Plan- Weekly - Income Distribution cum capital withdrawal Option (Payout & Reinvestment),1002.682
2026-09-10,147452,Groww Overnight Fund (formerly known as Indiabulls Overnight Fund)- Direct Plan- Fortnightly - Income Distribution cum capital withdrawal Option (Payout & Reinvestment),1214.7873
2026-09-10,147453,Groww Overnight Fund (formerly known as Indiabulls Overnight Fund)- Direct Plan- Monthly - Income Distribution cum capital withdrawal Option (Payout & Reinvestment),1002.4015
2026-09-10,147454,Groww Overnight Fund (formerly known as Indiabulls Overnight Fund)- Regular Plan- Growth Option,1409.1805
2026-09-10,147455,Groww Overnight Fund (formerly known as Indiabulls Overnight Fund)- Regular Plan- - Income Distribution cum capital withdrawal Option ( Reinvestment),1001.0529
2026-09-10,147456,Groww Overnight Fund (formerly known as Indiabulls Overnight Fund)- Regular Plan- Weekly - Income Distribution cum capital withdrawal Option (Payout & Reinvestment),1001.2862
2026-09-10,147457,Groww Overnight Fund (formerly known as Indiabulls Overnight Fund)- Regular Plan- Fortnightly - Income Distribution cum capital withdrawal Option (Payout & Reinvestment),1000.9157
2026-09-10,147458,Groww Overnight Fund (formerly known as Indiabulls Overnight Fund)- Direct Plan- - Income Distribution cum capital withdrawal Option ( Reinvestment),1001.5243
2026-09-10,147459,Groww Overnight Fund (formerly known as Indiabulls Overnight Fund)- Regular Plan- Monthly - Income Distribution cum capital withdrawal Option (Payout & Reinvestment),1002.3689
2026-09-10,147472,Kotak Focused Fund- Regular Plan-Income Distribution cum capital withdrawal option,26.985
2026-09-10,147473,Kotak Focused Fund- Direct Plan- Growth option,30.113
2026-09-10,147475,Kotak Focused Fund-Direct Plan- Income Distribution cum capital withdrawal option,30.114
2026-09-10,147477,Kotak Focused Fund- Regular plan _ Growth Option,26.985
2026-09-10,147478,Mirae Asset Midcap Fund - Direct Plan - IDCW,29.040
2026-09-10,147479,Mirae Asset Midcap Fund - Regular Plan - Growth,40.352
2026-09-10,147480,Mirae Asset Midcap Fund - Regular Plan - IDCW,26.352
2026-09-10,147481,Parag Parikh ELSS Tax Saver Fund- Direct Growth,31.2462
2026-09-10,147482,Parag Parikh ELSS Tax Saver Fund- Regular Growth,28.7054
2026-09-10,147483,ICICI Prudential Nifty Bank ETF,58.0716
2026-09-10,147490,Union Focused Fund - Regular Plan - Growth Option,27.67
2026-09-10,147491,Union Focused Fund - Direct Plan - IDCW Option,26.30
2026-09-10,147492,Union Focused Fund - Direct Plan - Growth Option,29.61
2026-09-10,147493,Union Focused Fund - Regular Plan - IDCW Option,24.35
2026-09-10,147494,Baroda BNP Paribas Equity Savings Fund - Regular Plan - Growth,17.3495
2026-09-10,147495,Baroda BNP Paribas Equity Savings Fund - Regular Plan - IDCW,12.9297
2026-09-10,147496,Baroda BNP Paribas Equity Savings Fund - Direct Plan - Growth,18.7545
2026-09-10,147498,Baroda BNP Paribas Equity Savings Fund - Direct Plan - IDCW,13.9763
2026-09-10,147512,LIC MF Overnight Fund-Regular Plan-IDCW,1252.485
2026-09-10,147513,LIC MF Overnight Fund-Direct Plan-IDCW,1428.3372
2026-09-10,147514,LIC MF Overnight Fund-Direct Plan-Weekly IDCW,1108.5366
2026-09-10,147515,LIC MF Overnight Fund-Direct Plan-Growth,1428.1643
2026-09-10,147516,LIC MF Overnight Fund-Direct Plan-Daily IDCW,1126.5771
2026-09-10,147517,LIC MF Overnight Fund-Regular Plan-Daily IDCW,1125.7803
2026-09-10,147518,LIC MF Overnight Fund-Regular Plan-Weekly IDCW,1179.4118
2026-09-10,147519,LIC MF Overnight Fund-Regular Plan-Growth,1416.1034
2026-09-10,147530,ICICI Prudential Nifty Private Bank ETF,27.6305
2026-09-10,147531,CANARA ROBECO OVERNIGHT FUND - DIRECT PLAN - GROWTH OPTION,1422.1215
2026-09-10,147532,CANARA ROBECO OVERNIGHT FUND - DIRECT PLAN - DAILY IDCW (Reinvestment),1001.0012
2026-09-10,147533,CANARA ROBECO OVERNIGHT FUND - REGULAR PLAN - DAILY IDCW (Reinvestment),1001.0000
2026-09-10,147534,CANARA ROBECO OVERNIGHT FUND - REGULAR PLAN - GROWTH OPTION,1420.4723
2026-09-10,147541,ITI ELSS Tax Saver Fund - Direct Plan - Growth Option,29.0785
2026-09-10,147542,ITI ELSS Tax Saver Fund - Direct Plan - IDCW Option,25.7263
2026-09-10,147543,ITI ELSS Tax Saver Fund - Regular Plan - IDCW Option,22.2294
2026-09-10,147544,ITI ELSS Tax Saver Fund - Regular Plan - Growth Option,25.3981
2026-09-10,147549,Edelweiss Overnight Fund - Regular Plan - Fortnightly - IDCW Option,1096.9718
2026-09-10,147550,Edelweiss Overnight Fund - Direct Plan - Fortnightly - IDCW Option,1369.1892
2026-09-10,147551,Edelweiss Overnight Fund - Direct Plan - Annual - IDCW Option,1355.1817
2026-09-10,147552,Edelweiss Overnight Fund - Regular Plan - Daily - IDCW Option,1008.3766
2026-09-10,147553,Edelweiss Overnight Fund - Regular Plan - Weekly - IDCW Option,1016.8155
2026-09-10,147554,Edelweiss Overnight Fund - Direct Plan - Monthly - IDCW Option,1059.7184
2026-09-10,147555,Edelweiss Overnight Fund - Regular Plan - Monthly - IDCW Option,1006.4953
2026-09-10,147556,Edelweiss Overnight Fund - Regular Plan - Annual - IDCW Option,1349.1839
2026-09-10,147557,Edelweiss Overnight Fund - Direct Plan - Daily - IDCW Option,1000.2484
2026-09-10,147558,Edelweiss Overnight Fund - Direct Plan - Weekly - IDCW Option,1378.6761
2026-09-10,147563,Mahindra Manulife Overnight Fund - Direct Plan - Daily IDCW,1429.3299
2026-09-10,147564,Mahindra Manulife Overnight Fund - Direct Plan -Growth,1425.8143
2026-09-10,147565,Mahindra Manulife Overnight Fund - Regular Plan - Growth,1415.5566
2026-09-10,147566,Mahindra Manulife Overnight Fund - Regular Plan - Daily IDCW,1255.4575
2026-09-10,147567,Axis Money Market Fund - Direct Plan - Growth Option,1563.2669
2026-09-10,147568,Axis Money Market Fund - Regular Plan - Growth Option,1545.9605
2026-09-10,147569,Edelweiss Overnight Fund - Regular Plan - Growth,1419.615
2026-09-10,147570,Edelweiss Overnight Fund - Direct Plan - Growth,1425.1594
2026-09-10,147571,Axis Money Market Fund - Direct Plan - Daily IDCW,1005.5732
2026-09-10,147572,Axis Money Market Fund - Direct Plan - Monthly IDCW,1012.5828
2026-09-10,147573,Axis Money Market Fund - Direct Plan - Quarterly IDCW,1211.8409
2026-09-10,147574,Axis Money Market Fund - Regular Plan - Quarterly IDCW,1195.5631
2026-09-10,147575,Axis Money Market Fund - Regular Plan - Annual IDCW,1307.7830
2026-09-10,147576,Axis Money Market Fund - Direct Plan - Annual IDCW,1324.0773
2026-09-10,147577,Axis Money Market Fund - Regular Plan - Daily IDCW,1005.5683
2026-09-10,147578,Axis Money Market Fund - Regular Plan - Monthly IDCW,1009.4527
2026-09-10,147579,Nippon India ETF BSE Sensex Next 50,92.0081
2026-09-10,147600,PGIM India Overnight Fund - Regular Plan- Growth Option,1413.2492
2026-09-10,147605,PGIM India Overnight Fund - Direct Plan - Daily Dividend Option,1000.0087
2026-09-10,147606,PGIM India Overnight Fund - Direct Plan - Growth Option,1419.6754
2026-09-10,147607,PGIM India Overnight Fund - Regular Plan - Weekly Dividend Option,1007.455
2026-09-10,147608,PGIM India Overnight Fund - Direct Plan - Weekly Dividend Option,1001.0338
2026-09-10,147609,PGIM India Overnight Fund - Regular Plan - Daily Dividend Option,1000
2026-09-10,147614,Tata Nifty Private Bank Exchange Traded Fund,283.3319
2026-09-10,147615,ITI Arbitrage Fund - Direct Plan - IDCW Option,14.5895
2026-09-10,147616,ITI Arbitrage Fund - Regular Plan - IDCW Option,13.8520
2026-09-10,147617,ITI Arbitrage Fund - Direct Plan - Growth Option,14.5895
2026-09-10,147618,ITI Arbitrage Fund - Regular Plan - Growth Option,13.8520
2026-09-10,147619,Motilal Oswal Nifty Bank Index - Regular Plan,19.9909
2026-09-10,147620,Motilal Oswal Nifty Bank Index Fund - Direct Plan,21.0206
2026-09-10,147621,Motilal Oswal Nifty Midcap 150 Index Fund - Regular Plan,39.4985
2026-09-10,147622,Motilal Oswal Nifty Midcap 150 Index Fund - Direct Plan,41.5817
2026-09-10,147623,Motilal Oswal Nifty Smallcap 250 Index Fund- Direct Plan,41.3277
2026-09-10,147624,Motilal Oswal Nifty Smallcap 250 Index - Regular Plan,39.3615
2026-09-10,147625,Motilal Oswal Nifty 500 Index Fund - Direct Plan,26.8421
2026-09-10,147626,Motilal Oswal Nifty 500 Index Fund - Regular Plan,25.5914
2026-09-10,147665,Axis Nifty 100 Index Fund - Regular Plan - Growth Option,20.9794
2026-09-10,147666,Axis Nifty 100 Index Fund - Direct Plan - Growth Option,22.1128
2026-09-10,147667,Axis Nifty 100 Index Fund - Regular Plan - IDCW,19.8987
2026-09-10,147668,Axis Nifty 100 Index Fund - Direct Plan - IDCW,21.0079
2026-09-10,147701,Motilal Oswal Large and Midcap Fund - Regular Plan Growth,37.7246
2026-09-10,147703,Motilal Oswal Large and Midcap Fund Regular - IDCW Payout/Reinvestment,26.7832
2026-09-10,147704,Motilal Oswal Large and Midcap Fund - Direct Plan Growth,41.6181
2026-09-10,147706,Motilal Oswal Large and Midcap Fund Direct - IDCW Payout/Reinvestment,29.4153
2026-09-10,147708,ITI Overnight Fund - Direct Plan - Daily IDCW Option,1001.0000
2026-09-10,147709,ITI Overnight Fund - Regular Plan - Daily IDCW Option,1001.0003
2026-09-10,147711,ITI Overnight Fund - Direct Plan - Weekly IDCW option,1001.2299
2026-09-10,147712,ITI Overnight Fund - Regular Plan - Weekly IDCW Option,1001.2286
2026-09-10,147713,ITI Overnight Fund - Direct Plan - Growth Option,1392.7372
2026-09-10,147714,ITI Overnight Fund - Regular Plan - Growth Option,1383.1955
2026-09-10,147716,ITI Overnight Fund - Regular Plan - Fortnightly IDCW Option,1002.8626
2026-09-10,147717,ITI Overnight Fund - Direct Plan - Monthly IDCW Option,1002.7803
2026-09-10,147718,ITI Overnight Fund - Regular Plan - Monthly IDCW Option,1002.7496
2026-09-10,147729,Mahindra Manulife Ultra Short Duration Fund - Regular Plan - Daily IDCW,1113.1456
2026-09-10,147730,Mahindra Manulife Ultra Short Duration Fund - Regular Plan - Weekly IDCW,1001.4581
2026-09-10,147731,Mahindra Manulife Ultra Short Duration Fund - Direct Plan -Growth,1523.7967
2026-09-10,147732,Mahindra Manulife Ultra Short Duration Fund - Direct Plan - Weekly IDCW,1001.5632
2026-09-10,147733,Mahindra Manulife Ultra Short Duration Fund - Direct Plan - Daily IDCW,1266.8939
2026-09-10,147734,Mahindra Manulife Ultra Short Duration Fund - Regular Plan - Growth,1480.2449
2026-09-10,147735,Aditya Birla Sun Life Nifty Bank ETF,57.9775
2026-09-10,147736,Mirae Asset Overnight Fund - Direct Plan - Growth,1412.9355
2026-09-10,147737,Mirae Asset Overnight Fund - Direct Plan - Daily IDCW,1000.0250
2026-09-10,147738,Mirae Asset Overnight Fund - Direct Plan - Monthly IDCW,1002.2259
2026-09-10,147739,Mirae Asset Overnight Fund - Regular Plan - Growth,1404.1136
2026-09-10,147740,Mirae Asset Overnight Fund - Direct Plan - Weekly IDCW,1000.1293
2026-09-10,147741,Mirae Asset Overnight Fund - Regular Plan - Weekly IDCW,1000.1376
2026-09-10,147742,Mirae Asset Overnight Fund - Regular Plan - Monthly IDCW,1002.1971
2026-09-10,147743,Mirae Asset Overnight Fund - Regular Plan - Daily IDCW,1000.0074
2026-09-10,147748,Union Large & Midcap Fund - Regular Plan - Growth Option,27.18
2026-09-10,147749,Union Large & Midcap Fund - Regular Plan - IDCW Option,27.18
2026-09-10,147750,Union Large & Midcap Fund - Direct Plan - Growth Option,29.55
2026-09-10,147751,Union Large & Midcap Fund - Direct Plan - IDCW Option,29.55
2026-09-10,147756,TATA Focused Fund Regular Plan - Reinvestment of Income Distribution cum capital withdrawal option,21.4410
2026-09-10,147757,Tata Focused Fund-Direct Plan-Growth,24.9585
2026-09-10,147758,TATA Focused Fund Direct Plan - Reinvestment of Income Distribution cum capital withdrawal option,24.0385
2026-09-10,147759,TATA Focused Fund Direct Plan - Payout of Income Distribution cum capital withdrawal option,24.0385
2026-09-10,147760,Tata Focused Fund-Regular Plan-Growth,22.3576
2026-09-10,147761,TATA Focused Fund Regular Plan - Payout of Income Distribution cum capital withdrawal option,21.4410
2026-09-10,147766,LIC MF Ultra Short Term Fund-Regular Plan-Daily IDCW,1093.3936
2026-09-10,147767,LIC MF Ultra Short Term Fund-Regular Plan-Weekly IDCW,1030.2247
2026-09-10,147768,LIC MF Ultra Short Term Fund-Regular Plan-Monthly IDCW,1414.6938
2026-09-10,147769,LIC MF Ultra Short Term Fund-Direct Plan-Weekly IDCW,1101.9822
2026-09-10,147770,LIC MF Ultra Short Term Fund-Regular Plan-Growth,1414.7804
2026-09-10,147771,LIC MF Ultra Short Term Fund-Direct Plan-Daily IDCW,1102.1317
2026-09-10,147772,LIC MF Ultra Short Term Fund-Direct Plan-Growth,1460.4686
2026-09-10,147773,LIC MF Ultra Short Term Fund-Direct Plan-Monthly IDCW,1459.8783
2026-09-10,147786,ITI Balanced Advantage Fund - Regular Plan - IDCW Option,12.1682
2026-09-10,147787,ITI Balanced Advantage Fund - Regular Plan - Growth Option,14.5348
2026-09-10,147788,ITI Balanced Advantage Fund - Direct Plan - IDCW Option,14.0999
2026-09-10,147789,ITI Balanced Advantage Fund - Direct Plan - Growth Option,16.5381
2026-09-10,147794,Motilal Oswal Nifty 50 Index Fund - Direct plan - Growth,20.5069
2026-09-10,147795,Motilal Oswal Nifty 50 Index Fund - Regular plan - Growth,19.9489
2026-09-10,147796,Motilal Oswal Nifty Next 50 Index Fund - Direct plan - Growth,26.0915
2026-09-10,147797,Motilal Oswal Nifty Next 50 Index Fund - Regular plan - Growth,24.9127
2026-09-10,147822,Axis Retirement Fund - Aggressive Plan - Direct Plan - IDCW,18.58
2026-09-10,147823,Axis Retirement Fund - Aggressive Plan - Regular Growth,18.27
2026-09-10,147824,Axis Retirement Fund - Aggressive Plan - Regular Plan - IDCW,16.84
2026-09-10,147825,Axis Retirement Fund - Aggressive Plan - Direct Growth,20.20
2026-09-10,147826,Axis Retirement Fund - Dynamic Plan - Direct Growth,21.55
2026-09-10,147827,Axis Retirement Fund - Dynamic Plan - Direct Plan - IDCW,19.65
2026-09-10,147828,Axis Retirement Fund - Dynamic Plan - Regular Growth,19.41
2026-09-10,147829,Axis Retirement Fund - Dynamic Plan - Regular Plan - IDCW,17.89
2026-09-10,147830,Axis Retirement Fund - Conservative Plan - Direct Growth,17.4390
2026-09-10,147831,Axis Retirement Fund - Conservative Plan - Direct Plan - IDCW,15.8903
2026-09-10,147832,Axis Retirement Fund - Conservative Plan - Regular Growth,15.7846
2026-09-10,147833,Axis Retirement Fund - Conservative Plan - Regular Plan - IDCW,14.5454
2026-09-10,147834,JM Overnight Fund (Regular) - Weekly IDCW,1000.2324
2026-09-10,147835,JM Overnight Fund (Direct) - Weekly IDCW,1000.2303
2026-09-10,147836,JM Overnight Fund (Regular) - Growth,1388.6439
2026-09-10,147837,JM Overnight Fund - (Direct) - Growth,1395.2211
2026-09-10,147838,JM Overnight Fund (Direct) - Daily IDCW,1000
2026-09-10,147839,JM Overnight Fund (Regular) - Daily IDCW,1000
2026-09-10,147840,Mahindra Manulife Large & Mid Cap Fund - Direct Plan -Growth,31.5831
2026-09-10,147841,Mahindra Manulife Large & Mid Cap Fund - Direct Plan - IDCW,22.8769
2026-09-10,147842,Mahindra Manulife Large & Mid Cap Fund - Regular Plan - IDCW,19.8493
2026-09-10,147843,Mahindra Manulife Large & Mid Cap Fund - Regular Plan - Growth,28.1952
2026-09-10,147844,Aditya Birla Sun Life PSU Equity Fund-Direct Plan-Growth,39.81
2026-09-10,147845,Aditya Birla Sun Life PSU Equity Fund-Direct - Payout of IDCW,30.24
2026-09-10,147846,Aditya Birla Sun Life PSU Equity Fund-Regular Plan-Growth,35.94
2026-09-10,147847,Aditya Birla Sun Life PSU Equity Fund-Regular - Payout of IDCW,25.77
2026-09-10,147849,Bharat Bond ETF - April 2030,1613.4991
2026-09-10,147878,Invesco India Overnight Fund - Regular Plan - Growth,1386.8194
2026-09-10,147879,Invesco India Overnight Fund - Regular Plan - Monthly IDCW (Payout / Reinvestment),1002.0559
2026-09-10,147880,Invesco India Overnight Fund - Regular Plan - Daily IDCW (Reinvestment),1000.1395
2026-09-10,147881,Invesco India Overnight Fund - Regular Plan - Weekly IDCW (Reinvestment),1000.6641
2026-09-10,147883,Invesco India Overnight Fund - Direct Plan - Growth,1392.0414
2026-09-10,147884,Invesco India Overnight Fund - Direct Plan - Daily IDCW (Reinvestment),1000.5303
2026-09-10,147886,Invesco India Overnight Fund - Direct Plan - Monthly IDCW (Payout / Reinvestment),1001.7277
2026-09-10,147906,Mirae Asset Nifty Next 50 ETF,749.7003
2026-09-10,147907,HSBC Ultra Short Duration Fund - Regular Growth,1460.0234
2026-09-10,147908,HSBC Ultra Short Duration Fund - Direct Growth,1482.9489
2026-09-10,147909,HSBC Ultra Short Duration Fund - Regular Daily IDCW,1031.7278
2026-09-10,147910,HSBC Ultra Short Duration Fund - Direct Daily IDCW,1079.9409
2026-09-10,147911,HSBC Ultra Short Duration Fund - Regular Weekly IDCW,1041.504
2026-09-10,147912,HSBC Ultra Short Duration Fund - Direct Weekly IDCW,1007.4113
2026-09-10,147915,HSBC Ultra Short Duration Fund - Direct Monthly IDCW,1015.5541
2026-09-10,147916,HSBC Ultra Short Duration Fund - Regular Monthly IDCW,1031.1289
2026-09-10,147917,ITI Small Cap Fund - Direct Plan - IDCW Option,37.2031
2026-09-10,147918,ITI Small Cap Fund - Regular Plan - IDCW Option,32.7790
2026-09-10,147919,ITI Small Cap Fund - Direct Plan - Growth Option,39.2444
2026-09-10,147920,ITI Small Cap Fund - Regular Plan - Growth Option,34.7667
2026-09-10,147921,ICICI Prudential Nifty Midcap 150 ETF,23.7229
2026-09-10,147928,Axis ESG Integration Strategy Fund - Direct Plan - Growth Option,22.56
2026-09-10,147929,Axis ESG Integration Strategy Fund - Regular Plan - Growth Option,20.81
2026-09-10,147930,Axis ESG Integration Strategy Fund - Regular Plan - IDCW,13.59
2026-09-10,147931,Axis ESG Integration Strategy Fund - Direct Plan - IDCW,14.75
2026-09-10,147936,BANK OF INDIA Overnight Fund Regular Plan Growth,1397.5417
2026-09-10,147943,BANDHAN SMALL CAP FUND - DIRECT PLAN IDCW,40.226
2026-09-10,147944,BANDHAN SMALL CAP FUND - REGULAR PLAN GROWTH,52.247
2026-09-10,147945,BANDHAN SMALL CAP FUND - REGULAR PLAN IDCW,36.369
2026-09-10,147946,BANDHAN SMALL CAP FUND - DIRECT PLAN GROWTH,57.799
2026-09-10,147948,BANK OF INDIA Overnight Fund Direct Plan- Monthly IDCW,1001.8347
2026-09-10,147949,BANK OF INDIA Overnight Fund Regular Plan- Monthly IDCW,1001.9780
2026-09-10,147950,BANK OF INDIA Overnight Fund Direct Plan- Weekly IDCW,1000.3946
2026-09-10,147951,BANK OF INDIA Overnight Fund Direct Plan Growth,1401.6947
2026-09-10,147952,BANK OF INDIA Overnight Fund Direct Plan- Daily IDCW,1000.0059
2026-09-10,147953,BANK OF INDIA Overnight Fund Regular Plan- Daily IDCW,1000.0055
2026-09-10,148071,Union Midcap Fund - Regular Plan - Growth Option,52.70
2026-09-10,148072,Union Midcap Fund - Regular Plan - IDCW Option,52.70
2026-09-10,148073,Union Midcap Fund - Direct Plan - Growth Option,57.58
2026-09-10,148074,Union Midcap Fund - Direct Plan - IDCW Option,57.58
2026-09-10,148157,PGIM India Money Market Fund - Regular Plan - Monthly Dividend Option,1044.2886
2026-09-10,148158,PGIM India Money Market Fund - Regular Plan - Weekly Dividend Option,1003.176
2026-09-10,148159,PGIM India Money Market Fund - Regular Plan - Growth Option,1428.1367
2026-09-10,148160,PGIM India Money Market Fund - Regular Plan - Daily Dividend Option,1009.0935
2026-09-10,148161,PGIM India Money Market Fund - Direct Plan - Growth Option,1475.5665
2026-09-10,148162,PGIM India Money Market Fund - Direct Plan - Daily Dividend Option,1010.4294
2026-09-10,148163,PGIM India Money Market Fund - Direct Plan - Monthly Dividend Option,1054.8173
2026-09-10,148164,PGIM India Money Market Fund - Direct Plan - Weekly Dividend Option,1003.2115
2026-09-10,148173,UTI Nifty Bank ETF,58.4952
2026-09-10,148351,ITI Large Cap Fund - Regular Plan - Growth Option,17.6739
2026-09-10,148352,ITI Large Cap Fund - Direct Plan - IDCW Option,18.7995
2026-09-10,148353,ITI Large Cap Fund - Direct Plan - Growth Option,19.8082
2026-09-10,148354,ITI Large Cap Fund - Regular Plan - IDCW Option,16.6754
2026-09-10,148387,SBI Fixed Maturity Plan (FMP) - Series 34 (3682 Days) - Direct Plan - Growth,14.9308
2026-09-10,148388,SBI Fixed Maturity Plan (FMP) - Series 34 (3682 Days) - Direct Plan - Income Distribution cum Capital Withdrawal Option (IDCW),14.9308
2026-09-10,148389,SBI Fixed Maturity Plan (FMP) - Series 34 (3682 Days) - Regular Plan - Growth,14.7197
2026-09-10,148390,SBI Fixed Maturity Plan (FMP) - Series 34 (3682 Days) - Regular Plan - Income Distribution cum Capital Withdrawal Option (IDCW),14.7198
2026-09-10,148400,Mirae Asset Arbitrage Fund - Regular Plan - Growth,13.943
2026-09-10,148401,Mirae Asset Arbitrage Fund - Direct Plan - Growth,14.602
2026-09-10,148402,Mirae Asset Arbitrage Fund - Direct Plan - IDCW,14.582
2026-09-10,148403,Mirae Asset Arbitrage Fund - Regular Plan - IDCW,13.942
2026-09-10,148404,BANK OF INDIA Flexi Cap Fund Direct Plan -Growth,42.52
2026-09-10,148405,BANK OF INDIA Flexi Cap Fund Regular Plan -Growth,38.65
2026-09-10,148406,BANK OF INDIA Flexi Cap Fund Direct Plan -IDCW,36.34
2026-09-10,148407,BANK OF INDIA Flexi Cap Fund Regular Plan -IDCW,35.11
2026-09-10,148408,Nippon India ETF Nifty IT,32.1171
2026-09-10,148409,HSBC Focused Fund - Regular Growth,27.2195
2026-09-10,148410,HSBC Focused Fund - Regular IDCW,17.5821
2026-09-10,148411,HSBC Focused Fund - Direct Growth,29.5882
2026-09-10,148412,HSBC Focused Fund - Direct IDCW,21.9534
2026-09-10,148413,JM Liquid Fund - Unclaimed Brokerage I.E.F. (Direct) - Growth Plan,41.4437
2026-09-10,148414,JM Liquid Fund - Unclaimed Application Refund Amount I.E.F. (Direct) - Growth Plan,41.4437
2026-09-10,148416,Mirae Asset Banking and PSU Debt Fund - Regular Plan - Growth,13.6798
2026-09-10,148417,Mirae Asset Banking and PSU Debt Fund - Direct Plan - IDCW,14.0547
2026-09-10,148418,Mirae Asset Banking and PSU Debt Fund - Regular Plan - IDCW,13.6809
2026-09-10,148419,Mirae Asset Banking and PSU Debt Fund - Direct Plan - Growth,14.0619
2026-09-10,148445,BHARAT Bond ETF- April 2031,1437.5933
2026-09-10,148456,ICICI Prudential Nifty Alpha Low- Volatility 30 ETF,27.4007
2026-09-10,148461,HDFC NIFTY Bank ETF - GROWTH,58.2153
2026-09-10,148466,ICICI Prudential Nifty IT ETF,32.1391
2026-09-10,148467,Mahindra Manulife Arbitrage Fund - Regular Plan - Growth,13.1485
2026-09-10,148468,Mahindra Manulife Arbitrage Fund - Direct Plan -Growth,13.8120
2026-09-10,148469,Mahindra Manulife Arbitrage Fund - Regular Plan - IDCW,12.5433
2026-09-10,148470,Mahindra Manulife Arbitrage Fund - Direct Plan - IDCW,13.2063
2026-09-10,148471,Baroda BNP Paribas Large and Mid Cap Fund-Regular Plan-Growth Option,27.4476
2026-09-10,148472,Baroda BNP Paribas Large and Mid Cap Fund-Regular plan-IDCW Option,18.1026
2026-09-10,148474,Baroda BNP Paribas Large and Mid Cap Fund- Direct Plan -Growth Option,29.9188
2026-09-10,148475,Baroda BNP Paribas Large and Mid Cap Fund-Direct Plan-IDCW Option,20.9804
2026-09-10,148481,Invesco India Focused Fund - Direct Plan - Growth,32.12
2026-09-10,148482,Invesco India Focused Fund - Direct Plan - IDCW (Payout / Reinvestment),23.62
2026-09-10,148483,Invesco India Focused Fund - Regular Plan - Growth,29.42
2026-09-10,148484,Invesco India Focused Fund - Regular Plan - IDCW (Payout / Reinvestment),21.17
2026-09-10,148500,Mirae Asset Diversified Equity Allocator Passive FOF - Direct Plan - Growth,24.773
2026-09-10,148501,Mirae Asset Diversified Equity Allocator Passive FOF - Direct Plan - IDCW,24.792
2026-09-10,148502,Mirae Asset Diversified Equity Allocator Passive FOF - Regular Plan - Growth,24.663
2026-09-10,148503,Mirae Asset Diversified Equity Allocator Passive FOF - Regular Plan - IDCW,24.666
2026-09-10,148504,Sundaram Large Cap Fund(Formerly Known as Sundaram Blue Chip Fund) Regular Plan - Growth,20.4051
2026-09-10,148505,Sundaram Large Cap Fund (Formerly Known as Sundaram Blue Chip Fund)  Regular Plan - Payout of Income Distribution cum Capital Withdrawal (IDCW),14.7918
2026-09-10,148506,Sundaram Large Cap Fund (Formerly Known as Sundaram Blue Chip Fund) Regular Plan - Reinvestment of Income Distribution cum Capital Withdrawal (IDCW),14.7918
2026-09-10,148507,Sundaram Large Cap Fund (Formerly Known as Sundaram Blue Chip Fund)Direct Plan - Growth,22.2222
2026-09-10,148508,Sundaram Large Cap Fund (Formerly Known as Sundaram Blue Chip Fund) Direct Plan - Payout of Income Distribution cum Capital Withdrawal (IDCW),16.1347
2026-09-10,148509,Sundaram Large Cap Fund (Formerly Known as Sundaram Blue Chip  Fund)  Direct Plan - Reinvestment of Income Distribution cum Capital Withdrawal (IDCW),16.1347
2026-09-10,148514,ICICI Prudential ESG Exclusionary Strategy Fund - IDCW,14.23
2026-09-10,148515,ICICI Prudential ESG Exclusionary Strategy Fund - Direct Plan - IDCW,15.70
2026-09-10,148516,ICICI Prudential ESG Exclusionary Strategy Fund - Direct Plan - Growth,22.58
2026-09-10,148517,ICICI Prudential ESG Exclusionary Strategy Fund - Growth,20.92
2026-09-10,148518,Nippon India Nifty Smallcap 250 Index Fund - Regular Plan - Growth Option,35.1621
2026-09-10,148519,Nippon India Nifty Smallcap 250 Index Fund - Direct Plan - Growth Option,36.5763
2026-09-10,148520,NIPPON INDIA NIFTY SMALLCAP 250 INDEX FUND - IDCW Option,35.1621
2026-09-10,148521,NIPPON INDIA NIFTY SMALLCAP 250 INDEX FUND - DIRECT Plan - IDCW Option,36.5763
2026-09-10,148529,Mirae Asset Ultra Short-Term Fund - Direct Plan - Growth,1431.0955
2026-09-10,148530,Mirae Asset Ultra Short-Term Fund - Regular Plan - Growth,1411.6213
2026-09-10,148531,Mirae Asset Ultra Short-Term Fund - Regular Plan - IDCW,1411.0633
2026-09-10,148532,Mirae Asset Ultra Short-Term Fund - Direct Plan - IDCW,1430.6300
2026-09-10,148533,ITI Banking & PSU Debt Fund - Regular Plan - IDCW Option,13.7906
2026-09-10,148534,ITI Banking & PSU Debt Fund - Direct Plan - Growth Option,14.2415
2026-09-10,148535,ITI Banking & PSU Debt Fund - Regular Plan - Growth Option,13.7894
2026-09-10,148536,ITI Banking & PSU Debt Fund - Direct Plan - IDCW Option,14.2398
2026-09-10,148537,Aditya Birla Sun Life Special Opportunities Fund-Regular Plan-Growth,28.42
2026-09-10,148538,Aditya Birla Sun Life Special Opportunities Fund-Regular - IDCW,22.07
2026-09-10,148539,Aditya Birla Sun Life Special Opportunities Fund-Direct-Growth,30.81
2026-09-10,148540,Aditya Birla Sun Life Special Opportunities Fund-Direct - IDCW,23.93
2026-09-10,148541,SBI Nifty Private Bank ETF,279.3983
2026-09-10,148542,SBI Nifty IT ETF,320.5507
2026-09-10,148543,SBI Floating Interest Rates Fund - Regular Plan - Growth,14.3394
2026-09-10,148544,SBI Floating Interest Rates Fund - Regular Plan - Monthly Income Distribution cum Capital Withdrawal Option (IDCW),14.3431
2026-09-10,148546,SBI Floating Interest Rates Fund - Regular Plan - Quarterly Income Distribution cum Capital Withdrawal Option (IDCW),14.3404
2026-09-10,148549,SBI Floating Interest Rates Fund - Direct Plan - Quarterly Income Distribution cum Capital Withdrawal Option (IDCW),14.4976
2026-09-10,148550,SBI Floating Interest Rates Fund - Direct Plan - Growth,14.4972
2026-09-10,148551,SBI Floating Interest Rates Fund - Direct Plan - Monthly Income Distribution cum Capital Withdrawal Option (IDCW),14.4963
2026-09-10,148559,Axis NIFTY Bank ETF,583.0620
2026-09-10,148560,quant ESG Integration Strategy Fund - Growth Option - Regular Plan,38.958
2026-09-10,148561,quant ESG Integration Strategy Fund - IDCW Option - Regular Plan,38.7688
2026-09-10,148563,quant ESG Integration Strategy Fund - IDCW Option - Direct Plan,42.5835
2026-09-10,148564,quant ESG Integration Strategy Fund - Growth Option - Direct Plan,42.6381
2026-09-10,148566,Mahindra Manulife Focused Fund - Regular Plan - IDCW,17.4164
2026-09-10,148567,Mahindra Manulife Focused Fund - Direct Plan -Growth,29.1598
2026-09-10,148569,Mahindra Manulife Focused Fund - Direct Plan - IDCW,19.8436
2026-09-10,148571,Mahindra Manulife Focused Fund - Regular Plan - Growth,26.2341
2026-09-10,148572,Mirae Asset Nifty 100 ESG Sector Leaders ETF,40.3580
2026-09-10,148573,Mirae Asset Nifty 100 ESG Sector Leaders Fund of Fund - Regular Plan - IDCW,17.375
2026-09-10,148574,Mirae Asset Nifty 100 ESG Sector Leaders Fund of Fund - Direct Plan - Growth,17.775
2026-09-10,148575,Mirae Asset Nifty 100 ESG Sector Leaders Fund of Fund - Direct Plan - IDCW,17.771
2026-09-10,148576,Mirae Asset Nifty 100 ESG Sector Leaders Fund of Fund - Regular Plan - Growth,17.410
2026-09-10,148590,Union Aggressive Hybrid Fund - Regular Plan - IDCW Option,16.77
2026-09-10,148591,Union Aggressive Hybrid Fund - Regular Plan - Growth Option,18.59
2026-09-10,148592,Union Aggressive Hybrid Fund - Direct Plan - Growth Option,19.84
2026-09-10,148593,Union Aggressive Hybrid Fund - Direct Plan - IDCW Option,18.02
2026-09-10,148598,ICICI Prudential Quant Fund Growth,22.59
2026-09-10,148599,ICICI Prudential Quant Fund IDCW,14.45
2026-09-10,148600,ICICI Prudential Quant Fund Direct Plan Growth,23.47
2026-09-10,148601,ICICI Prudential Quant Fund Direct Plan IDCW,15.17
2026-09-10,148602,Kotak ESG Exclusionary Strategy Fund - Regular Plan - Growth Option,16.421
2026-09-10,148603,Kotak ESG Exclusionary Strategy Fund - Regular Plan - Payout of Income Distribution cum capital withdrawal option,16.421
2026-09-10,148605,Kotak ESG Exclusionary Strategy Fund - Direct Plan - Payout of Income Distribution cum capital withdrawal option,17.982
2026-09-10,148606,Kotak ESG Exclusionary Strategy Fund - Direct Plan - Growth Option,17.984
2026-09-10,148608,HDFC Dividend Yield Fund - IDCW Option Direct Plan,21.609
2026-09-10,148609,HDFC Dividend Yield Fund - Growth Option Direct Plan,26.667
2026-09-10,148610,HDFC Dividend Yield Fund - Growth Plan,24.672
2026-09-10,148611,HDFC Dividend Yield Fund - IDCW Plan,19.662
2026-09-10,148616,UTI Small Cap Fund - Regular Plan - IDCW (Payout),27.7589
2026-09-10,148617,UTI Small Cap Fund - Regular Plan - Growth Option,27.7591
2026-09-10,148618,UTI Small Cap Fund - Direct Plan - Growth Option,30.2557
2026-09-10,148619,UTI Small Cap Fund - Direct Plan - IDCW (Payout),30.2557
2026-09-10,148620,Motilal Oswal Nifty 5 year Benchmark G-sec ETF,65.4687
2026-09-10,148621,Mirae Asset Banking and Financial Services Fund - Regular Plan - Growth,21.279
2026-09-10,148622,Mirae Asset Banking and Financial Services Fund - Regular Plan - IDCW,21.306
2026-09-10,148623,Mirae Asset Banking and Financial Services Fund - Direct Plan - Growth,23.258
2026-09-10,148624,Mirae Asset Banking and Financial Services Fund - Direct Plan - IDCW,23.156
2026-09-10,148635,Aditya Birla Sun Life ESG Integration Strategy Fund-Regular Plan-Growth,17.65
2026-09-10,148636,Aditya Birla Sun Life ESG Integration Strategy Fund-Regular - Payout of IDCW,14.33
2026-09-10,148637,Aditya Birla Sun Life ESG Integration Strategy Fund-Direct Plan-Growth,19.09
2026-09-10,148640,Aditya Birla Sun Life ESG Integration Strategy Fund-Direct - Payout of IDCW,15.50
2026-09-10,148641,Nippon India Diversified Equity Flexicap Passive FoF - Regular Plan - Growth Option,20.5298
2026-09-10,148642,Nippon India Diversified Equity Flexicap Passive FoF - Direct Plan - Growth Option,21.0681
2026-09-10,148643,Nippon India Diversified Equity Flexicap Passive FoF - IDCW Option,20.5298
2026-09-10,148644,Nippon India Diversified Equity Flexicap Passive FoF- DIRECT Plan - IDCW Option,21.0681
2026-09-10,148657,PGIM India Balanced Advantage Fund - Regular Plan - Growth Option,14.9
2026-09-10,148658,PGIM India Balanced Advantage Fund -  Direct Plan - Growth Option,16.42
2026-09-10,148659,PGIM India Balanced Advantage Fund - Direct Plan - Dividend Option,10.82
2026-09-10,148660,PGIM India Balanced Advantage Fund - Regular Plan - Dividend Option,10.61
2026-09-10,148663,Nippon India Multi - Asset Omni FoF - Regular Plan - Growth Option,23.8043
2026-09-10,148664,Nippon India Multi - Asset Omni FoF - DIRECT Plan - IDCW Option,25.1564
2026-09-10,148665,Nippon India Multi - Asset Omni FoF - IDCW Option,23.8043
2026-09-10,148666,Nippon India Multi - Asset Omni FoF - Direct Plan - Growth Option,25.1564
2026-09-10,148683,SBI Retirement Benefit Fund - Aggressive Plan - Direct Plan - Growth,21.6912
2026-09-10,148684,SBI Retirement Benefit Fund - Aggressive Hybrid Plan - Regular Plan - Income Distribution cum Capital Withdrawal Option (IDCW),19.6195
2026-09-10,148685,SBI Retirement Benefit Fund - Aggressive Hybrid Plan - Direct Plan - Growth,20.9070
2026-09-10,148686,SBI Retirement Benefit Fund - Aggressive Hybrid Plan - Direct Plan - Income Distribution cum Capital Withdrawal Option (IDCW),20.9092
2026-09-10,148687,SBI Retirement Benefit Fund - Conservative Plan - Regular Plan - Income Distribution cum Capital Withdrawal Option (IDCW),14.6373
2026-09-10,148688,SBI Retirement Benefit Fund - Conservative Plan - Direct Plan - Growth,15.0439
2026-09-10,148689,SBI Retirement Benefit Fund - Conservative Plan - Direct Plan - Income Distribution cum Capital Withdrawal Option (IDCW),15.0417
2026-09-10,148690,SBI Retirement Benefit Fund - Conservative Hybrid Plan - Direct Plan - Growth,16.3894
2026-09-10,148691,SBI Retirement Benefit Fund - Aggressive Plan - Regular Plan - Income Distribution cum Capital Withdrawal Option (IDCW),20.2444
2026-09-10,148692,SBI Retirement Benefit Fund - Conservative Hybrid Plan - Regular Plan - Growth,15.8569
2026-09-10,148693,SBI Retirement Benefit Fund - Conservative Hybrid Plan - Direct Plan - Income Distribution cum Capital Withdrawal Option (IDCW),16.3872
2026-09-10,148694,SBI Retirement Benefit Fund - Aggressive Plan - Direct Plan - Income Distribution cum Capital Withdrawal Option (IDCW),21.6796
2026-09-10,148695,SBI Retirement Benefit Fund - Aggressive Hybrid Plan - Regular Plan - Growth,19.6200
2026-09-10,148696,SBI Retirement Benefit Fund - Conservative Plan - Regular Plan - Growth,14.6374
2026-09-10,148697,SBI Retirement Benefit Fund - Conservative Hybrid Plan - Regular Plan - Income Distribution cum Capital Withdrawal Option (IDCW),15.8586
2026-09-10,148698,SBI Retirement Benefit Fund - Aggressive Plan - Regular Plan - Growth,20.2439
2026-09-10,148703,UTI Nifty 200 Momentum 30 Index Fund - Direct Plan - Growth Option,21.4492
2026-09-10,148704,UTI Nifty 200 Momentum 30 Index Fund - Regular Plan - Growth Option,20.8794
2026-09-10,148705,BANDHAN FLOATING INTEREST RATES FUND  - REGULAR PLAN GROWTH,13.8590
2026-09-10,148706,BANDHAN FLOATING INTEREST RATES FUND  - REGULAR PLAN QUARTERLY IDCW,10.5036
2026-09-10,148707,BANDHAN FLOATING INTEREST RATES FUND  - REGULAR PLAN MONTHLY IDCW,10.1636
2026-09-10,148708,BANDHAN FLOATING INTEREST RATES FUND  - REGULAR PLAN WEEKLY IDCW,10.1355
2026-09-10,148709,BANDHAN FLOATING INTEREST RATES FUND  - REGULAR PLAN PERIODIC IDCW,13.8606
2026-09-10,148710,BANDHAN FLOATING INTEREST RATES FUND  - REGULAR PLAN DAILY IDCW,10.1297
2026-09-10,148711,BANDHAN FLOATING INTEREST RATES FUND  - DIRECT PLAN GROWTH,14.2639
2026-09-10,148712,BANDHAN FLOATING INTEREST RATES FUND  - DIRECT PLAN QUARTERLY IDCW,10.5474
2026-09-10,148713,BANDHAN FLOATING INTEREST RATES FUND  - DIRECT PLAN MONTHLY IDCW,10.1661
2026-09-10,148714,BANDHAN FLOATING INTEREST RATES FUND  - DIRECT PLAN DAILY IDCW,10.1299
2026-09-10,148715,BANDHAN FLOATING INTEREST RATES FUND  - DIRECT PLAN PERIODIC IDCW,13.9499
2026-09-10,148716,BANDHAN FLOATING INTEREST RATES FUND  - DIRECT PLAN WEEKLY IDCW,10.1366
2026-09-10,148717,BANDHAN FLOATING INTEREST RATES FUND- DIRECT PLAN ANNUAL IDCW,10.5424
2026-09-10,148718,BANDHAN FLOATING INTEREST RATES FUND  - REGULAR PLAN ANNUAL IDCW,10.5007
2026-09-10,148719,Nippon India Nifty 50 Value 20 Index Fund - Regular Plan - Growth Option,16.6925
2026-09-10,148720,NIPPON INDIA NIFTY 50 VALUE 20 INDEX FUND - IDCW Option,16.6925
2026-09-10,148721,Nippon India Nifty 50 Value 20 Index Fund - Direct Plan - Growth Option,17.2174
2026-09-10,148722,NIPPON INDIA NIFTY 50 VALUE 20 INDEX FUND - DIRECT Plan - IDCW Option,17.2174
2026-09-10,148723,Nippon India Nifty Midcap 150 Index Fund - Regular Plan - Growth Option,25.7630
2026-09-10,148724,NIPPON INDIA NIFTY MIDCAP 150 INDEX FUND - IDCW Option,25.7630
2026-09-10,148725,NIPPON INDIA NIFTY MIDCAP 150 INDEX FUND - DIRECT Plan - IDCW Option,26.5430
2026-09-10,148726,Nippon India Nifty Midcap 150 Index Fund - Direct Plan - Growth Option,26.5430
2026-09-10,148727,Mahindra Manulife Short Duration Fund - Regular Plan - Growth,13.5707
2026-09-10,148728,Mahindra Manulife Short Duration Fund - Regular Plan - IDCW,11.5320
2026-09-10,148729,Mahindra Manulife Short Duration Fund - Direct Plan -Growth,14.3115
2026-09-10,148730,Mahindra Manulife Short Duration Fund - Direct Plan - IDCW,12.2340
2026-09-10,148731,ITI Mid Cap Fund - Direct Plan - IDCW Option,23.8327
2026-09-10,148732,ITI Mid Cap Fund - Regular Plan - Growth Option,23.3700
2026-09-10,148733,ITI Mid Cap Fund - Direct Plan - Growth Option,25.9937
2026-09-10,148734,ITI Mid Cap Fund - Regular Plan - IDCW Option,21.2638
2026-09-10,148743,Kotak Nifty Next 50 Index Fund - Regular Plan - Growth Option,20.7211
2026-09-10,148744,Kotak Nifty Next 50 Index Fund - Regular Plan - Payout of Income Distribution cum capital withdrawal option,20.7216
2026-09-10,148745,Kotak Nifty Next 50 Index Fund - Direct Plan - Growth Option,21.2916
2026-09-10,148746,Kotak Nifty Next 50 Index Fund - Direct Plan -Payout of Income Distribution cum capital withdrawal option,21.2913
2026-09-10,148751,Invesco India ESG Integration Strategy Fund - Direct Plan - Growth,18.48
2026-09-10,148752,Invesco India ESG Integration Strategy Fund - Direct Plan - IDCW (Payout / Reinvestment),15.07
2026-09-10,148753,Invesco India ESG Integration Strategy Fund - Regular Plan - Growth,16.98
2026-09-10,148754,Invesco India ESG Integration Strategy Fund - Regular Plan - IDCW (Payout / Reinvestment),13.7
2026-09-10,148755,Mirae Asset Corporate Bond Fund - Direct Plan - Growth,13.8762
2026-09-10,148756,Mirae Asset Corporate Bond Fund - Direct Plan - IDCW,13.8726
2026-09-10,148757,Mirae Asset Corporate Bond Fund - Regular Plan - Growth,13.5473
2026-09-10,148758,Mirae Asset Corporate Bond Fund - Regular Plan - IDCW,13.5473
2026-09-10,148763,Kotak Nifty IT ETF,32.1115
2026-09-10,148768,DSP Floating Interest Rates Fund - Regular Plan - Growth,14.1177
2026-09-10,148769,DSP Floating Interest Rates Fund - Direct Plan - IDCW,14.3331
2026-09-10,148770,DSP Floating Interest Rates Fund - Regular Plan - IDCW,14.1177
2026-09-10,148771,DSP Floating Interest Rates Fund - Direct Plan - Growth,14.3331
2026-09-10,148786,BANDHAN CRISIL IBX Gilt June 2027 Index Fund Regular Plan-Growth,13.7326
2026-09-10,148787,BANDHAN CRISIL IBX Gilt June 2027 Index Fund Regular Plan-IDCW,10.4113
2026-09-10,148788,BANDHAN CRISIL IBX Gilt June 2027 Index Fund Direct Plan-IDCW,10.4261
2026-09-10,148789,BANDHAN CRISIL IBX Gilt June 2027 Index Fund Direct Plan-Growth,13.9218
2026-09-10,148790,BANDHAN CRISIL IBX Gilt April 2028 Index Fund Regular Plan-Growth,13.8137
2026-09-10,148791,BANDHAN CRISIL IBX Gilt April 2028 Index Fund Direct Plan-IDCW,10.4089
2026-09-10,148792,BANDHAN CRISIL IBX Gilt April 2028 Index Fund Direct Plan-Growth,14.0040
2026-09-10,148793,BANDHAN CRISIL IBX Gilt April 2028 Index Fund Regular Plan-IDCW,10.4025
2026-09-10,148799,Axis IT ETF,318.5386
2026-09-10,148800,Nippon India ETF Nifty 5 yr Benchmark G-Sec,66.3246
2026-09-10,148805,Aditya Birla Sun Life Nifty Midcap 150 Index Fund-Regular Growth,25.0732
2026-09-10,148806,Aditya Birla Sun Life Nifty Midcap 150 Index Fund - Regular - Payout of IDCW,25.0693
2026-09-10,148807,Aditya Birla Sun Life Nifty Midcap 150 Index Fund-Direct Growth,25.9195
2026-09-10,148809,Aditya Birla Sun Life Nifty Midcap 150 Index Fund - Direct - Payout of IDCW,25.9191
2026-09-10,148811,Aditya Birla Sun Life Nifty Smallcap 50 Index Fund-Regular Growth,23.7220
2026-09-10,148812,Aditya Birla Sun Life Nifty Smallcap 50 Index Fund-Regular - Payout of IDCW,23.7243
2026-09-10,148814,Aditya Birla Sun Life Nifty Smallcap 50 Index Fund-Direct - Payout of IDCW,24.5090
2026-09-10,148815,Aditya Birla Sun Life Nifty Smallcap 50 Index Fund-Direct Growth,24.5133
2026-09-10,148821,ICICI Prudential Nifty 100 Low Volatility 30 ETF FOF - Growth,17.5228
2026-09-10,148822,ICICI Prudential Nifty 100 Low Volatility 30 ETF FOF - Direct Plan - Growth,17.9464
2026-09-10,148823,ICICI Prudential Nifty 100 Low Volatility 30 ETF FOF - Direct Plan - IDCW,17.9464
2026-09-10,148824,ICICI Prudential Nifty 100 Low Volatility 30 ETF FOF - IDCW,17.5228
2026-09-10,148833,TRUSTMF Liquid Fund-Regular Plan-Growth,1363.7169
2026-09-10,148834,TRUSTMF Liquid Fund-Regular Plan-Daily Income Distribution cum Capital Withdrawal,1223.2416
2026-09-10,148836,TRUSTMF Liquid Fund-Regular Plan-Weekly Income Distribution cum Capital Withdrawal,1198.0984
2026-09-10,148837,TRUSTMF Liquid Fund-Direct Plan-Weekly Income Distribution cum Capital Withdrawal,1251.7094
2026-09-10,148839,TRUSTMF Liquid Fund-Direct Plan-Monthly Income Distribution cum Capital Withdrawal,1224.5038
2026-09-10,148841,TRUSTMF Liquid Fund-Direct Plan-Growth,1374.8844
2026-09-10,148842,TRUSTMF Liquid Fund-Direct Plan-Daily Income Distribution cum Capital Withdrawal,1296.3820
2026-09-10,148843,TRUSTMF Liquid Fund-Regular Plan-Monthly Income Distribution cum Capital Withdrawal,1214.5225
2026-09-10,148882,Canara Robeco Focused Fund - Direct Plan - IDCW (Payout/Reinvestment),18.1100
2026-09-10,148883,Canara Robeco Focused Fund - Direct Plan - Growth Option,21.3000
2026-09-10,148884,Canara Robeco Focused Fund - Regular Plan - Growth Option,19.6300
2026-09-10,148885,Canara Robeco Focused Fund - Regular Plan - IDCW (Payout/Reinvestment),16.6200
2026-09-10,148900,HDFC Multi-Asset Active FOF - IDCW Option,19.514
2026-09-10,148901,HDFC Multi-Asset Active FOF - Growth Option,19.514
2026-09-10,148902,HDFC Multi-Asset Active FOF - IDCW Option - Direct Plan,20.743
2026-09-10,148903,HDFC Multi-Asset Active FOF - Growth Option -Direct Plan,20.743
2026-09-10,148906,ITI Ultra Short Term Fund - Regular Plan - Growth Option,1321.6237
2026-09-10,148907,ITI Ultra Short Term Fund - Regular Plan - Weekly IDCW Option,1002.1667
2026-09-10,148909,ITI Ultra Short Term Fund - Direct Plan - Annually IDCW Option,1382.0530
2026-09-10,148911,ITI Ultra Short Term Fund - Regular Plan - Fortnightly IDCW Option,1003.5740
2026-09-10,148912,ITI Ultra Short Term Fund - Regular Plan - Daily IDCW Option,1001.4495
2026-09-10,148913,ITI Ultra Short Term Fund - Direct Plan - Growth Option,1380.2949
2026-09-10,148914,ITI Ultra Short Term Fund - Regular Plan - Monthly IDCW Option,1003.5894
2026-09-10,148915,ITI Ultra Short Term Fund - Direct Plan - Weekly IDCW Option,1001.8112
2026-09-10,148916,ITI Ultra Short Term Fund - Direct Plan - Monthly IDCW Option,1003.8672
2026-09-10,148917,ITI Ultra Short Term Fund - Regular Plan - Annually IDCW Option,1321.6839
2026-09-10,148918,Aditya Birla Sun Life Multi-Cap Fund-Regular Growth,21.49
2026-09-10,148919,Aditya Birla Sun Life Multi-Cap Fund-Regular-IDCW Payout,17.69
2026-09-10,148920,Aditya Birla Sun Life Multi-Cap Fund-Direct IDCW Payout,19.00
2026-09-10,148921,Aditya Birla Sun Life Multi-Cap Fund-Direct Growth,23.09
2026-09-10,148922,quant Quantamental Fund - IDCW Option - Regular Plan,24.8244
2026-09-10,148923,quant Quantamental Fund - Growth Option - Regular Plan,24.7956
2026-09-10,148924,quant Quantamental Fund - IDCW Option - Direct Plan,27.0388
2026-09-10,148925,quant Quantamental Fund - Growth Option - Direct Plan,26.8912
2026-09-10,148934,Axis NIFTY Healthcare ETF,168.1515
2026-09-10,148943,SBI Nifty Next 50 Index Fund - Regular Plan - Growth,19.6617
2026-09-10,148944,SBI Nifty Next 50 Index Fund - Regular Plan - Income Distribution cum Capital Withdrawal Option (IDCW),19.6619
2026-09-10,148945,SBI Nifty Next 50 Index Fund - Direct Plan - Growth,20.1492
2026-09-10,148946,SBI Nifty Next 50 Index Fund - Direct Plan - Income Distribution cum Capital Withdrawal Option (IDCW),20.1480
2026-09-10,148947,Tata Dividend Yield Fund-Direct Plan-Growth,21.6684
2026-09-10,148948,Tata Dividend Yield Fund-Regular Plan-Growth,19.7672
2026-09-10,148949,Tata Dividend Yield Fund-Regular Plan-IDCW Reinvestment,19.7672
2026-09-10,148950,Tata Dividend Yield Fund-Regular Plan-IDCW Payout,19.7672
2026-09-10,148951,Tata Dividend Yield Fund-Direct Plan-IDCW Reinvestment,21.6684
2026-09-10,148952,Tata Dividend Yield Fund-Direct Plan-IDCW Payout,21.6684
2026-09-10,148957,ICICI Prudential Nifty Healthcare ETF,169.5943
2026-09-10,148958,Parag Parikh Conservative Hybrid Fund - Direct Plan - Growth,16.1524
2026-09-10,148959,Parag Parikh Conservative Hybrid Fund - Regular Plan - Growth,15.8954
2026-09-10,148960,Parag Parikh Conservative Hybrid Fund - Regular Plan - Monthly IDCW,10.6994
2026-09-10,148961,Parag Parikh Conservative Hybrid Fund - Direct Plan - Monthly IDCW,10.9464
2026-09-10,148962,Aditya Birla Sun Life Nifty 50 Equal Weight Index Fund-Direct Growth,18.6960
2026-09-10,148963,Aditya Birla Sun Life Nifty 50 Equal Weight Index Fund-Direct-IDCW,18.6962
2026-09-10,148964,Aditya Birla Sun Life Nifty 50 Equal Weight Index Fund-Regular IDCW,18.0853
2026-09-10,148965,Aditya Birla Sun Life Nifty 50 Equal Weight Index Fund-Regular Growth,18.0855
2026-09-10,148970,ITI Value Fund - Direct Plan - IDCW Option,17.9791
2026-09-10,148971,ITI Value Fund - Regular Plan - IDCW Option,16.1286
2026-09-10,148972,ITI Value Fund - Direct Plan - Growth Option,18.9914
2026-09-10,148973,ITI Value Fund - Regular Plan - Growth Option,17.1306
2026-09-10,148974,Kotak Nifty 50 Index Fund - Regular Plan-Growth,15.37
2026-09-10,148976,Kotak Nifty 50 Index Fund - Direct Plan-IDCW Payout,15.615
2026-09-10,148978,Kotak Nifty 50 Index Fund - Direct Plan-Growth,15.618
2026-09-10,148979,Kotak Nifty 50 Index Fund - Regular Plan-IDCW Payout,15.37
2026-09-10,148980,BANK OF INDIA Large Cap Fund Direct Plan Growth,17.85
2026-09-10,148981,BANK OF INDIA Large Cap Fund Direct Plan IDCW,17.82
2026-09-10,148982,BANK OF INDIA Large Cap Fund Regular Plan Growth,16.70
2026-09-10,148983,BANK OF INDIA Large Cap Fund Regular Plan IDCW,16.70
2026-09-10,148984,HDFC Banking & Financial Services Fund - IDCW Option,15.458
2026-09-10,148985,HDFC Banking & Financial Services Fund - IDCW Option - Direct Plan,16.723
2026-09-10,148986,HDFC Banking & Financial Services Fund - Growth Option - Direct Plan,18.921
2026-09-10,148987,HDFC Banking & Financial Services Fund - Growth Option,17.61
2026-09-10,148988,ICICI Prudential Flexi Cap Fund - IDCW,17.04
2026-09-10,148989,ICICI Prudential Flexi Cap Fund - Growth,20.34
2026-09-10,148990,ICICI Prudential Flexi Cap Fund - Direct Plan - Growth,21.55
2026-09-10,148991,ICICI Prudential Flexi Cap Fund - Direct Plan - IDCW,18.23
2026-09-10,148992,Axis Quant Fund - Regular Plan - Growth,15.70
2026-09-10,148993,Axis Quant Fund - Direct Plan - Growth,17.04
2026-09-10,148994,Axis Quant Fund - Direct Plan - IDCW,15.71
2026-09-10,148995,Axis Quant Fund - Regular Plan - IDCW,14.48
2026-09-10,149000,Tata Floating Rate Fund-Direct Plan-IDCW Monthly Payout,13.9994
2026-09-10,149001,Tata Floating Rate Fund-Direct Plan-IDCW Quarterly Payout,13.9994
2026-09-10,149002,Tata Floating Rate Fund-Direct Plan-IDCW Periodic Payout,13.9994
2026-09-10,149003,Tata Floating Rate Fund-Regular Plan-Growth,13.6902
2026-09-10,149004,Tata Floating Rate Fund-Regular Plan-IDCW Monthly Payout,13.6902
2026-09-10,149005,Tata Floating Rate Fund-Regular Plan-IDCW Quarterly Payout,13.6902
2026-09-10,149006,Tata Floating Rate Fund-Regular Plan-IDCW Periodic Payout,13.6902
2026-09-10,149007,Tata Floating Rate Fund -Direct Plan-Growth,13.9994
2026-09-10,149008,Nippon India Nifty Pharma ETF,27.3090
2026-09-10,149009,Invesco India Medium Term Fund - Regular Plan - Quarterly IDCW (Payout / Reinvestment),1046.0985
2026-09-10,149010,Invesco India Medium Term Fund - Regular Plan - Discretionary IDCW(Payout / Reinvestment)),1304.7603
2026-09-10,149011,Invesco India Medium Term Fund - Direct Plan - Growth,1362.2871
2026-09-10,149012,Invesco India Medium Term Fund - Regular Plan - Growth,1304.7526
2026-09-10,149013,Invesco India Medium Term Fund - Direct Plan - Discretionary IDCW (Payout/Reinvestment),1362.1877
2026-09-10,149014,Invesco India Medium Term Fund - Direct Plan - Quarterly IDCW (Payout / Reinvestment)),1048.6174
2026-09-10,149019,PGIM India Small Cap Fund - Direct Plan- Growth Option,20.32
2026-09-10,149020,PGIM India Small Cap Fund - Regular Plan - Growth Option,18.67
2026-09-10,149021,ITI Dynamic Term Fund - Regular Plan - Growth Option,12.7533
2026-09-10,149022,ITI Dynamic Term Fund - Regular Plan - Monthly IDCW Option,9.9453
2026-09-10,149023,ITI Dynamic Term Fund - Direct Plan - Monthly IDCWOption,10.0798
2026-09-10,149024,ITI Dynamic Term Fund - Regular Plan - Quarterly IDCW Option,12.7568
2026-09-10,149025,ITI Dynamic Term Fund - Direct Plan - Quarterly IDCW Option,13.4915
2026-09-10,149026,ITI Dynamic Term Fund - Regular Plan - Half Yearly IDCW Option,12.7579
2026-09-10,149027,ITI Dynamic Term Fund - Regular Plan - Annually IDCWOption,12.7544
2026-09-10,149028,ITI Dynamic Term Fund - Direct Plan - Half Yearly IDCW Option,11.1916
2026-09-10,149029,ITI Dynamic Term Fund - Direct Plan - Growth Option,13.4630
2026-09-10,149030,ITI Dynamic Term Fund - Direct Plan - Annually IDCW Option,13.4616
2026-09-10,149031,PGIM India Small Cap Fund - Direct Plan - IDCW Option,15.99
2026-09-10,149032,PGIM India Small Cap Fund - Regular Plan - IDCW Option,15.19
2026-09-10,149033,Tata Floating Rate Fund-Direct Plan-IDCW Periodic Dividend Reinvestment,13.9994
2026-09-10,149034,Tata Floating Rate Fund-Direct Plan-IDCW Quarterly Dividend Reinvestment,13.9994
2026-09-10,149035,Tata Floating Rate Fund-Regular Plan-IDCW Monthly Dividend Reinvestment,13.6902
2026-09-10,149036,Tata Floating Rate Fund-Regular Plan-IDCW Periodic Dividend Reinvestment,13.6902
2026-09-10,149037,Tata Floating Rate Fund-Direct Plan-IDCW Monthly Dividend Reinvestment,13.9994
2026-09-10,149038,Tata Floating Rate Fund-Regular Plan-IDCW Quarterly Dividend Reinvestment,13.6902
2026-09-10,149039,Navi Nifty 50 Index Fund-Direct Plan-Growth,15.5125
2026-09-10,149040,Navi Nifty 50 Index Fund-Regular Plan-Growth,15.3482
2026-09-10,149041,SBI Nifty Consumption ETF,119.0445
2026-09-10,149046,Axis Floater Fund - Regular Plan - Quarterly IDCW,1323.9208
2026-09-10,149047,Axis Floater Fund - Regular Plan - Annual IDCW,1366.2312
2026-09-10,149048,Axis Floater Fund - Regular Plan - Growth,1402.4887
2026-09-10,149049,Axis Floater Fund - Direct Plan - Growth,1427.9527
2026-09-10,149050,Axis Floater Fund - Direct Plan - Daily IDCW,1002.0173
2026-09-10,149051,Axis Floater Fund - Direct Plan - Monthly IDCW,1008.3358
2026-09-10,149052,Axis Floater Fund - Direct Plan - Quarterly IDCW,1346.8507
2026-09-10,149053,Axis Floater Fund - Regular Plan - Monthly IDCW,1008.9561
2026-09-10,149054,Axis Floater Fund - Regular Plan - Daily IDCW,1011.8566
2026-09-10,149055,Axis Floater Fund - Direct Plan - Annual IDCW,1389.4591
2026-09-10,149066,Tata Business Cycle Fund-Direct Plan-IDCW Payout,20.5750
2026-09-10,149067,Tata Business Cycle Fund-Direct Plan-IDCW Reinvestment,20.5750
2026-09-10,149068,Tata Business Cycle Fund-Regular Plan-Growth,19.0008
2026-09-10,149069,Tata Business Cycle Fund-Regular Plan-IDCW Reinvestment,19.0008
2026-09-10,149070,Tata Business Cycle Fund-Regular Plan-IDCW Payout,19.0008
2026-09-10,149071,Tata Business Cycle Fund-Direct Plan-Growth,20.5750
2026-09-10,149072,ICICI Prudential Nifty FMCG ETF,48.5833
2026-09-10,149073,TRUSTMF Short Term Fund-Regular Plan-Growth,1329.6528
2026-09-10,149074,TRUSTMF Short Term Fund-Regular Plan-Weekly Income Distribution Cum Capital Withdrawal,1119.9497
2026-09-10,149075,TRUSTMF Short Term Fund-Regular Plan-Quarterly Income Distribution Cum Capital Withdrawal,1153.2551
2026-09-10,149076,TRUSTMF Short Term Fund-Direct Plan-Growth,1363.9769
2026-09-10,149077,TRUSTMF Short Term Fund-Direct Plan-Weekly Income Distribution Cum Capital Withdrawal,1140.6492
2026-09-10,149078,TRUSTMF Short Term Fund-Direct Plan-Monthly Income Distribution Cum Capital Withdrawal,1165.7025
2026-09-10,149079,TRUSTMF Short Term Fund-Direct Plan-Quarterly Income Distribution Cum Capital Withdrawal,1185.2927
2026-09-10,149080,TRUSTMF Short Term Fund-Regular Plan-Monthly Income Distribution Cum Capital Withdrawal,1144.2991
2026-09-10,149085,Canara Robeco Value Fund - Direct Plan - Growth Option,19.1600
2026-09-10,149086,Canara Robeco Value Fund - Direct Plan - IDCW (Payout/Reinvestment),17.1100
2026-09-10,149087,Canara Robeco Value Fund - Regular Plan - IDCW (Payout/Reinvestment),15.8300
2026-09-10,149088,Canara Robeco Value Fund - Regular Plan - Growth Option,17.7200
2026-09-10,149089,Nippon India Flexi Cap Fund - Regular Plan - Growth Plan - Growth Option,16.5587
2026-09-10,149090,UTI Focused Fund (30 stocks) - Regular Plan - Growth Option,15.297
2026-09-10,149091,UTI Focused Fund (30 stocks) - Direct Plan - Growth Option,16.4841
2026-09-10,149092,UTI Focused Fund (30 stocks) - Regular Plan - IDCW Payout Option,15.2971
2026-09-10,149093,UTI Focused Fund (30 stocks) - Direct Plan - IDCW Payout Option,16.4837
2026-09-10,149094,Nippon India Flexi Cap Fund - Direct Plan - Growth Plan - Growth Option,17.7630
2026-09-10,149095,Nippon India Flexi Cap Fund - Direct Plan - IDCW Option,17.7630
2026-09-10,149096,Nippon India Flexi Cap Fund - Regular Plan - IDCW Option,16.5587
2026-09-10,149101,Mahindra Manulife Flexi Cap Fund - Regular Plan -Growth,15.8832
2026-09-10,149102,Mahindra Manulife Flexi Cap Fund - Regular Plan -IDCW,12.5736
2026-09-10,149103,Mahindra Manulife Flexi Cap Fund - Direct Plan -IDCW,13.9909
2026-09-10,149104,Mahindra Manulife Flexi Cap Fund - Direct Plan -Growth,17.3780
2026-09-10,149105,Mirae Asset Nifty Financial Services ETF,26.5602
2026-09-10,149106,HDFC NIFTY50 Equal weight Index Fund - Growth Option,17.8074
2026-09-10,149107,HDFC NIFTY50 Equal weight Index Fund - Direct Plan - Growth Option,18.2748
2026-09-10,149112,Mirae Asset Money Market Fund - Direct Plan - Growth,1381.1601
2026-09-10,149113,Mirae Asset Money Market Fund - Direct Plan - IDCW,1378.8889
2026-09-10,149114,Mirae Asset Money Market Fund - Regular Plan - IDCW,1356.6685
2026-09-10,149115,Mirae Asset Money Market Fund - Regular Plan - Growth,1356.6781
2026-09-10,149116,Union Money Market Fund - Regular Plan -  Growth Option,1323.5104
2026-09-10,149117,Union Money Market Fund - Direct Plan -  Growth Option,1371.2123
2026-09-10,149118,Union Money Market Fund - Regular Plan - Daily IDCW Option,1003.0642
2026-09-10,149123,Union Money Market Fund - Direct Plan -  Monthly IDCW Option,1013.7061
2026-09-10,149132,SBI Balanced Advantage Fund - Regular Plan - Growth,15.6856
2026-09-10,149133,SBI Balanced Advantage Fund - Regular Plan - Income Distribution cum Capital Withdrawal Option (IDCW),15.6858
2026-09-10,149134,SBI Balanced Advantage Fund - Direct Plan - Growth,16.4510
2026-09-10,149135,SBI Balanced Advantage Fund - Direct Plan - Income Distribution cum Capital Withdrawal Option (IDCW),16.4513
2026-09-10,149140,Baroda BNP Paribas Business Cycle Fund - Regular Plan - Growth,15.9668
2026-09-10,149141,Baroda BNP Paribas Business Cycle Fund - Direct Plan - Growth,17.1725
2026-09-10,149142,Baroda BNP Paribas Business Cycle Fund - Regular Plan - IDCW Option,13.3382
2026-09-10,149143,Baroda BNP Paribas Business Cycle Fund - Direct Plan - IDCW Option,14.3465
2026-09-10,149156,Axis NIFTY India Consumption ETF,118.6936
2026-09-10,149157,ICICI Prudential Nifty Alpha Low - Volatility 30 ETF FOF - Growth,14.5911
2026-09-10,149158,ICICI Prudential Nifty Alpha Low - Volatility 30 ETF FOF - Direct Plan - Growth,14.9207
2026-09-10,149159,ICICI Prudential Nifty Alpha Low - Volatility 30 ETF FOF - IDCW,14.5911
2026-09-10,149160,ICICI Prudential Nifty Alpha Low - Volatility 30 ETF FOF - Direct Plan - IDCW,14.9202
2026-09-10,149165,Axis Value Fund - Regular Plan - IDCW,16.95
2026-09-10,149166,Axis Value Fund - Direct Plan - Growth,21.60
2026-09-10,149167,Axis Value Fund - Regular Plan - Growth,20.15
2026-09-10,149168,Axis Value Fund - Direct Plan - IDCW,18.17
2026-09-10,149172,SBI Fixed Maturity Plan (FMP) - Series 50 (1843 Days) - Regular Plan - Growth,13.3083
2026-09-10,149173,SBI Fixed Maturity Plan (FMP) - Series 50 (1843 Days) - Regular Plan -Income Distribution Capital Withdrawal Option (IDCW),13.3083
2026-09-10,149174,SBI Fixed Maturity Plan (FMP) - Series 50 (1843 Days) - Direct Plan - Growth,13.4168
2026-09-10,149175,SBI Fixed Maturity Plan (FMP) - Series 50 (1843 Days) - Direct Plan - Income Distribution Capital Withdrawal Option (IDCW),13.4168
2026-09-10,149182,Kotak Multi Cap Fund-Regular Plan-Growth,19.997
2026-09-10,149183,Kotak Multi Cap Fund- Regular Plan -IDCW Option,18.378
2026-09-10,149185,Kotak Multi Cap Fund-Direct Plan-Growth,21.436
2026-09-10,149187,Kotak Multi Cap Fund-Direct Plan-IDCW Option,19.701
2026-09-10,149188,DSP FMP Series - 264 - 60M - 17D - Regular Plan - Growth,13.3471
2026-09-10,149189,DSP FMP Series - 264 - 60M - 17D - Regular - IDCW,13.3465
2026-09-10,149190,DSP FMP Series - 264 - 60M - 17D - Direct - Growth,13.4481
2026-09-10,149191,DSP FMP Series - 264 - 60M - 17D - Direct - IDCW,13.4481
2026-09-10,149194,SBI Fixed Maturity Plan (FMP) - Series 51 (1846 Days) - Direct Plan - Income Distribution Capital Withdrawal Option (IDCW),13.4096
2026-09-10,149195,SBI Fixed Maturity Plan (FMP) - Series 51 (1846 Days) - Direct Plan - Growth,13.4091
2026-09-10,149196,SBI Fixed Maturity Plan (FMP) - Series 51 (1846 Days) - Regular Plan - Income Distribution Capital Withdrawal Option (IDCW),13.3212
2026-09-10,149197,SBI Fixed Maturity Plan (FMP) - Series 51 (1846 Days) - Regular Plan - Growth,13.3211
2026-09-10,149198,Aditya Birla Sun Life Nifty SDL Plus PSU Bond SEP 2026 60:40 Index Fund-Regular Growth,13.2225
2026-09-10,149199,Aditya Birla Sun Life Nifty SDL Plus PSU Bond SEP 2026 60:40 Index Fund-Direct Growth,13.3243
2026-09-10,149200,Aditya Birla Sun Life Nifty SDL Plus PSU Bond SEP 2026 60:40 Index Fund-Direct IDCW,13.3244
2026-09-10,149201,Aditya Birla Sun Life Nifty SDL Plus PSU Bond SEP 2026 60:40 Index Fund-Regular IDCW,13.2234
2026-09-10,149208,ICICI Prudential Nifty PSU Bond Plus SDL Sep 2027 40:60 Index Fund - Growth,13.2929
2026-09-10,149210,ICICI Prudential Nifty PSU Bond Plus SDL Sep 2027 40:60 Index Fund - Direct Plan Growth,13.4184
2026-09-10,149224,ICICI Prudential Nifty PSU Bond Plus SDL Sep 2027 40:60 Index Fund - Annual - IDCW,13.2927
2026-09-10,149227,ICICI Prudential Nifty PSU Bond Plus SDL Sep 2027 40:60 Index Fund - Direct Plan Annual - IDCW,13.4184
2026-09-10,149228,Mahindra Manulife Asia Pacific REITs FOF - Regular Plan - Growth,10.5195
2026-09-10,149229,Mahindra Manulife Asia Pacific REITs FOF - Regular Plan - IDCW,10.5195
2026-09-10,149230,Mahindra Manulife Asia Pacific REITs FOF - Direct Plan - Growth,11.0199
2026-09-10,149231,Mahindra Manulife Asia Pacific REITs FOF - Direct Plan - IDCW,11.0199
2026-09-10,149232,SBI Fixed Maturity Plan (FMP) - Series 52 (1848 Days) - Direct Plan - Growth,13.3889
2026-09-10,149233,SBI Fixed Maturity Plan (FMP) - Series 52 (1848 Days) - Regular Plan - Income Distribution Cum Withdrawal (IDCW),13.3039
2026-09-10,149234,SBI Fixed Maturity Plan (FMP) - Series 52 (1848 Days) - Direct Plan - Income Distribution Cum Withdrawal (IDCW),13.3889
2026-09-10,149235,SBI Fixed Maturity Plan (FMP) - Series 52 (1848 Days) - Regular Plan - Growth,13.3039
2026-09-10,149240,Motilal Oswal 5 Year G-Sec Fund Of Fund Direct -Growth,13.3606
2026-09-10,149241,Motilal Oswal 5 Year G-Sec Fund Of Fund Regular -Growth,13.3109
2026-09-10,149246,Edelweiss NIFTY PSU Bond Plus SDL Apr 2027 50:50 Index Fund - Direct Plan - IDCW,12.6211
2026-09-10,149247,Edelweiss NIFTY PSU Bond Plus SDL Apr 2027 50:50 Index Fund - Direct Plan Growth,13.4292
2026-09-10,149248,Edelweiss NIFTY PSU Bond Plus SDL Apr 2027 50:50 Index Fund - Regular Plan - IDCW,12.4972
2026-09-10,149249,Edelweiss NIFTY PSU Bond Plus SDL Apr 2027 50:50 Index Fund - Regular Plan - Growth,13.3028
2026-09-10,149250,Edelweiss Nifty 50 Index Fund Direct Plan Growth,13.9324
2026-09-10,149251,Edelweiss Nifty 50 Index Fund Direct Plan IDCW,13.7397
2026-09-10,149252,Edelweiss Nifty 50 Index Fund Regular Plan Growth,13.4391
2026-09-10,149253,Edelweiss Nifty 50 Index Fund Regular Plan IDCW,13.4389
2026-09-10,149254,Edelweiss Nifty 100 Quality 30 Index Fund Direct Plan Growth,14.5495
2026-09-10,149255,Edelweiss Nifty 100 Quality 30 Index Fund Direct Plan IDCW,14.3459
2026-09-10,149256,Edelweiss Nifty 100 Quality 30 Index Fund Regular Plan Growth,14.1038
2026-09-10,149257,Edelweiss Nifty 100 Quality 30 Index Fund Regular Plan IDCW,14.1028
2026-09-10,149258,LIC MF Balanced Advantage Fund-Regular Plan-IDCW,12.0528
2026-09-10,149259,LIC MF Balanced Advantage Fund-Regular Plan-Growth,13.8926
2026-09-10,149260,LIC MF Balanced Advantage Fund-Direct Plan-IDCW,12.9005
2026-09-10,149261,LIC MF Balanced Advantage Fund-Direct Plan-Growth,15.0272
2026-09-10,149262,Aditya Birla Sun Life Nifty Healthcare ETF,17.0025
2026-09-10,149263,NJ Balanced Advantage Fund - Regular Plan - IDCW Payout Option,13.52
2026-09-10,149264,NJ Balanced Advantage Fund - Direct Plan - Growth Option,14.41
2026-09-10,149265,NJ Balanced Advantage Fund - Direct Plan - IDCW Payout Option,14.41
2026-09-10,149266,NJ Balanced Advantage Fund - Regular Plan - Growth Option,13.52
2026-09-10,149268,ITI Pharma and Healthcare Fund - Direct Plan - Growth Option,19.9577
2026-09-10,149269,ITI Pharma and Healthcare Fund - Regular Plan - IDCW Option,18.1286
2026-09-10,149270,ITI Pharma and Healthcare Fund - Regular Plan - Growth Option,18.1286
2026-09-10,149271,ITI Pharma and Healthcare Fund - Direct Plan - IDCW Option,19.9554
2026-09-10,149277,SBI Fixed Maturity Plan (FMP) - Series 53 (1839 Days) - Direct Plan - Income Distribution Cum Withdrawal Option (IDCW),13.4096
2026-09-10,149278,SBI Fixed Maturity Plan (FMP) - Series 53 (1839 Days) - Regular Plan - Growth,13.3375
2026-09-10,149279,SBI Fixed Maturity Plan (FMP) - Series 53 (1839 Days) - Direct Plan - Growth,13.4096
2026-09-10,149280,SBI Fixed Maturity Plan (FMP) - Series 53 (1839 Days) - Regular Plan - Income  Distribution Cum Withdrawal Option (IDCW),13.3375
2026-09-10,149281,ICICI Prudential Nifty Smallcap 250 Index Fund - Growth,18.3907
2026-09-10,149282,ICICI Prudential Nifty Smallcap 250 Index Fund - IDCW,18.3914
2026-09-10,149283,ICICI Prudential Nifty Smallcap 250 Index Fund - Direct Plan - Growth,18.9368
2026-09-10,149284,ICICI Prudential Nifty Smallcap 250 Index Fund - Direct Plan - IDCW,18.9362
2026-09-10,149285,ICICI Prudential Nifty India Consumption ETF,119.5101
2026-09-10,149286,DSP Nifty 50 Equal Weight ETF,336.1719
2026-09-10,149287,HDFC NIFTY Next 50 Index Fund - Growth Option,16.8233
2026-09-10,149288,HDFC NIFTY Next 50 Index Fund - Direct Plan - Growth Option,17.1738
2026-09-10,149293,Aditya Birla Sun Life Nifty IT ETF,31.6530
2026-09-10,149302,BANDHAN MULTI CAP FUND - IDCW - REGULAR PLAN,15.080
2026-09-10,149303,BANDHAN MULTI CAP FUND - GROWTH - DIRECT PLAN,18.595
2026-09-10,149304,BANDHAN MULTI CAP FUND - IDCW - DIRECT PLAN,16.384
2026-09-10,149305,BANDHAN MULTI CAP FUND - GROWTH - REGULAR PLAN,17.295
2026-09-10,149306,SBI Fixed Maturity Plan (FMP) - Series 54 (1842 Days) - Regular Plan - Income Distribution Cum Capital Withdrawal Option (IDCW),13.3201
2026-09-10,149307,SBI Fixed Maturity Plan (FMP) - Series 54 (1842 Days) - Direct Plan - Growth,13.3968
2026-09-10,149308,SBI Fixed Maturity Plan (FMP) - Series 54 (1842 Days) - Regular Plan - Growth,13.3202
2026-09-10,149309,SBI Fixed Maturity Plan (FMP) - Series 54 (1842 Days) - Direct Plan - Income Distribution Cum Withdrawal Option (IDCW),13.3973
2026-09-10,149310,Unclaimed Redemption - Upto 3 years (Invested in DSP Overnight Fund),13.1456
2026-09-10,149311,Unclaimed Redemption - Beyond 3 years (Invested in DSP Overnight Fund),10.0000
2026-09-10,149312,Unclaimed IDCW - Upto 3 years (Invested in DSP Overnight Fund),13.1456
2026-09-10,149313,Unclaimed IDCW - Beyond 3 years (Invested in DSP Overnight Fund),10.0000
2026-09-10,149316,360 ONE QUANT FUND REGULAR INCOME DISTRIBUTION CUM CAPITAL WITHDRAWAL,18.8440
2026-09-10,149317,360 ONE QUANT FUND REGULAR GROWTH,18.8440
2026-09-10,149318,360 ONE QUANT FUND DIRECT GROWTH,20.0197
2026-09-10,149319,360 ONE QUANT FUND DIRECT INCOME DISTRIBUTION CUM CAPITAL WITHDRAWAL,20.0197
2026-09-10,149321,ITI Banking and Financial Services Fund - Direct Plan - Growth Option,17.3911
2026-09-10,149322,ITI Banking and Financial Services Fund - Direct Plan - IDCW Option,16.4113
2026-09-10,149323,ITI Banking and Financial Services Fund - Regular Plan - IDCW Option,14.8685
2026-09-10,149324,ITI Banking and Financial Services Fund -Regular Plan - Growth Option,15.8370
2026-09-10,149325,Nippon India Taiwan Equity Fund- Regular Plan- IDCW option,35.3185
2026-09-10,149327,Nippon India Taiwan Equity Fund- Direct Plan- IDCW option,37.8246
2026-09-10,149328,Nippon India Taiwan Equity fund- Regular Plan- Growth Option,35.3185
2026-09-10,149329,Nippon India Taiwan Equity Fund- Direct Plan- Growth Option,37.8246
2026-09-10,149331,ICICI Prudential BSE 500 ETF FOF - Direct Plan - Growth,15.7681
2026-09-10,149332,ICICI Prudential BSE 500 ETF FOF - IDCW,15.4175
2026-09-10,149333,ICICI Prudential BSE 500 ETF FOF - Direct Plan - IDCW,15.7677
2026-09-10,149334,ICICI Prudential BSE 500 ETF FOF - Growth,15.4176
2026-09-10,149335,Quant Value Fund - Growth Option  - Direct Plan,24.1271
2026-09-10,149336,Quant Value Fund - IDCW Option- Regular Plan,22.436
2026-09-10,149337,Quant Value Fund - Growth Option - Regular Plan,22.3137
2026-09-10,149338,Quant Value Fund - IDCW Option - Direct Plan,22.9237
2026-09-10,149339,Edelweiss NIFTY Large Midcap 250 Index Fund - Direct Plan Payout,16.1933
2026-09-10,149341,Edelweiss NIFTY Large Midcap 250 Index Fund - Regular Plan Growth,16.6519
2026-09-10,149342,Edelweiss NIFTY Large Midcap 250 Index Fund - Regular Plan Payout,15.6604
2026-09-10,149343,Edelweiss NIFTY Large Midcap 250 Index Fund - Direct Plan Growth,17.1848
2026-09-10,149345,SBI Fixed Maturity Plan (FMP) - Series 55 (1849 Days) - Direct Plan - Growth,13.3665
2026-09-10,149346,SBI Fixed Maturity Plan (FMP) - Series 55 (1849 Days) - Regular Plan - Income Distribution Cum Capital Withdrawal Option (IDCW),13.2915
2026-09-10,149347,SBI Fixed Maturity Plan (FMP) - Series 55 (1849 Days) - Regular Plan - Growth,13.2916
2026-09-10,149348,SBI Fixed Maturity Plan (FMP) - Series 55 (1849 Days) - Direct Plan - Income Distribution cum Capital Withdrawal Option (IDCW),13.3666
2026-09-10,149351,Tata Corporate Bond Fund-Regular Plan-Growth,13.1005
2026-09-10,149352,Tata Corporate Bond Fund-Regular Plan-IDCW Periodic Reinvestment,13.1005
2026-09-10,149353,Tata Corporate Bond Fund-Regular Plan-IDCW Monthly Payout,13.1005
2026-09-10,149354,Tata Corporate Bond Fund-Regular Plan-IDCW Quarterly Payout,13.1005
2026-09-10,149355,Tata Corporate Bond Fund-Direct Plan-IDCW Periodic Payout,13.4591
2026-09-10,149356,Tata Corporate Bond Fund-Direct Plan-IDCW Periodic Reinvestment,13.4591
2026-09-10,149357,Tata Corporate Bond Fund-Direct Plan-IDCW Monthly Reinvestment,13.4591
2026-09-10,149358,Tata Corporate Bond Fund-Direct Plan-IDCW Quarterly Reinvestment,13.4591
2026-09-10,149359,Tata Corporate Bond Fund-Regular Plan-IDCW Quarterly Reinvestment,13.1005
2026-09-10,149360,Tata Corporate Bond Fund-Regular Plan-IDCW Periodic Payout,13.1005
2026-09-10,149361,Tata Corporate Bond Fund-Direct Plan-Growth,13.4591
2026-09-10,149362,Tata Corporate Bond Fund-Direct Plan-IDCW Quarterly Payout,13.4591
2026-09-10,149363,Tata Corporate Bond Fund-Regular Plan-IDCW Monthly Reinvestment,13.1005
2026-09-10,149364,Tata Corporate Bond Fund-Direct Plan-IDCW Monthly Payout,13.4591
2026-09-10,149365,HDFC Multi Cap Fund - IDCW Option,16.865
2026-09-10,149366,HDFC Multi Cap Fund - Growth Option,18.617
2026-09-10,149367,HDFC Multi Cap Fund - IDCW Option - Direct Plan,17.967
2026-09-10,149368,HDFC Multi Cap Fund - Growth Option - Direct Plan,19.661
2026-09-10,149371,Axis Nifty 50 Index Fund - Regular Plan - Growth Option,14.0919
2026-09-10,149372,Axis Nifty 50 Index Fund - Regular Plan - IDCW,13.3668
2026-09-10,149373,Axis Nifty 50 Index Fund - Direct Plan - Growth,14.2895
2026-09-10,149374,Axis Nifty 50 Index Fund - Direct Plan - IDCW,13.5533
2026-09-10,149379,Mirae Asset Hang Seng TECH ETF,17.7479
2026-09-10,149380,Mirae Asset Hang Seng TECH ETF Fund of Fund - Regular Plan - Growth,11.282
2026-09-10,149381,Mirae Asset Hang Seng TECH ETF Fund of Fund - Direct Plan - Growth,11.529
2026-09-10,149382,Axis Multicap Fund - Regular Plan - Growth,19.86
2026-09-10,149383,Axis Multicap Fund - Direct Growth,21.07
2026-09-10,149384,Axis Multicap Fund - Direct Plan - IDCW,20.04
2026-09-10,149387,Axis Multicap Fund - Regular Plan - IDCW,18.90
2026-09-10,149388,ICICI Prudential Nifty Midcap 150 Index Fund - IDCW,19.8368
2026-09-10,149389,ICICI Prudential Nifty Midcap 150 Index Fund - Direct Plan - Growth,20.5060
2026-09-10,149390,ICICI Prudential Nifty Midcap 150 Index Fund - Growth,19.8371
2026-09-10,149391,ICICI Prudential Nifty Midcap 150 Index Fund - Direct Plan - IDCW,20.5056
2026-09-10,149392,DSP Nifty 50 ETF,247.6283
2026-09-10,149394,Groww Overnight Fund (formerly known as Indiabulls Overnight Fund)- Unclaimed Dividend < 3 years,1316.1787
2026-09-10,149395,Groww Overnight Fund (formerly known as Indiabulls Overnight Fund)- Unclaimed Redemption > 3 Years,1000
2026-09-10,149396,Groww Overnight Fund (formerly known as Indiabulls Overnight Fund)- Unclaimed Redemption < 3 Years,1302.1194
2026-09-10,149397,Kotak Nifty Alpha 50 ETF,54.3185
2026-09-10,149398,BHARAT Bond ETF - April 2032,1348.2457
2026-09-10,149403,DSP Nifty Midcap 150 Quality 50 ETF,24.4374
2026-09-10,149404,Mahindra Manulife Balanced Advantage Fund - Regular Plan - Growth,14.9088
2026-09-10,149405,Mahindra Manulife Balanced Advantage Fund - Regular Plan - IDCW,11.8069
2026-09-10,149406,Mahindra Manulife Balanced Advantage Fund - Direct Plan - Growth,16.1819
2026-09-10,149407,Mahindra Manulife Balanced Advantage Fund - Direct Plan - IDCW,12.9961
2026-09-10,149408,ICICI Prudential Overnight fund - Direct Plan - Unclaimed IDCW Transitory Scheme,1309.8980
2026-09-10,149409,ICICI Prudential Overnight fund - Direct Plan - Unclaimed Redemption Stable Scheme,1000.0000
2026-09-10,149410,ICICI Prudential Overnight fund - Direct Plan - Unclaimed Redemption Transitory Scheme,1309.9106
2026-09-10,149411,ICICI Prudential Overnight fund - Direct Plan - Unclaimed IDCW Stable Scheme,1000.0000
2026-09-10,149412,BANK OF INDIA Overnight Fund Unclaimed IDCW Plan - Greater than 3 Years,1000.0000
2026-09-10,149413,BANK OF INDIA Overnight Fund Unclaimed Redemption Plan - Upto 3 Years,1318.0785
2026-09-10,149414,BANK OF INDIA Overnight Fund Unclaimed IDCW Plan - Up to 3 Years,1317.8427
2026-09-10,149415,BANK OF INDIA Overnight Fund Unclaimed Redemption Plan - Greater than 3 Years,1000.0000
2026-09-10,149430,SBI Fixed Maturity Plan (FMP) - Series 57 (1835 Days) - Direct Plan - Income Distribution cum Capital Withdrawal Option (IDCW),13.2805
2026-09-10,149431,SBI Fixed Maturity Plan (FMP) - Series 57 (1835 Days) - Direct Plan - Growth,13.2802
2026-09-10,149432,SBI Fixed Maturity Plan (FMP) - Series 57 (1835 Days) - Regular Plan - Growth,13.2070
2026-09-10,149433,SBI Fixed Maturity Plan (FMP) - Series 57 (1835 Days) - Regular Plan - Income Distribution cum Capital Withdrawal Option (IDCW),13.2074
2026-09-10,149443,Franklin India Overnight Fund- Unclaimed IDCW Plan,13.0461
2026-09-10,149444,Franklin India Overnight Fund- Unclaimed Redemption Investor EducationPlan,10.0000
2026-09-10,149445,Franklin India Overnight Fund- Unclaimed IDCW Investor Education Plan,10.0000
2026-09-10,149446,Franklin India Overnight Fund- Unclaimed Redemption Plan,13.0461
2026-09-10,149447,Navi Nifty Next 50 Index Fund- Direct Plan- Growth,17.3054
2026-09-10,149448,Navi Nifty Next 50 Index Fund- Regular Plan- Growth,16.8517
2026-09-10,149449,Samco Flexi Cap Fund - Regular Plan - Growth Option,9.62
2026-09-10,149450,Samco Flexi Cap Fund - Direct Plan - Growth Option,10.28
2026-09-10,149451,Union Overnight Fund - Unclaimed Amounts Plan - IDCW Beyond 3 years,1000.0000
2026-09-10,149452,Union Overnight Fund - Unclaimed Amounts Plan - IDCW Upto 3 years,1306.2856
2026-09-10,149453,Union Overnight Fund - Unclaimed Amounts Plan - Redemption Beyond 3 years,1000.0000
2026-09-10,149454,Union Overnight Fund - Unclaimed Amounts Plan - Redemption Upto 3 years,1306.2736
2026-09-10,149459,SBI Fixed Maturity Plan (FMP) - Series 58 (1842 Days) - Regular Plan - Growth,13.3231
2026-09-10,149460,SBI Fixed Maturity Plan (FMP) - Series 58 (1842 Days) - Direct Plan - Growth,13.3950
2026-09-10,149461,SBI Fixed Maturity Plan (FMP) - Series 58 (1842 Days) - Direct Plan - Income Distribution cum Capital withdrawal option (IDCW),13.3953
2026-09-10,149462,SBI Fixed Maturity Plan (FMP) - Series 58 (1842 Days) - Regular Plan - Income Distribution cum Capital withdrawal option (IDCW),13.3231
2026-09-10,149463,ICICI Prudential Nifty Auto ETF,28.5575
2026-09-10,149464,ICICI PRUDENTIAL SILVER ETF,232.7740
2026-09-10,149465,Nippon India Nifty Auto ETF,285.0889
2026-09-10,149466,Axis Nifty Next 50 Index Fund - Direct Plan - Growth,18.0301
2026-09-10,149467,Axis Nifty Next 50 Index Fund - Regular Plan - Growth,17.4584
2026-09-10,149468,Axis Nifty Next 50 Index Fund - Regular Plan - IDCW,16.5633
2026-09-10,149469,Axis Nifty Next 50 Index Fund - Direct Plan - IDCW,17.1088
2026-09-10,149470,Mahindra Manulife Overnight Fund - Unclaimed Redemption/IDCW upto 3 years,1307.6046
2026-09-10,149471,Mahindra Manulife Overnight Fund - Unclaimed Redemption/IDCW beyond 3 years,1000.0000
2026-09-10,149472,SBI CPSE Bond Plus SDL Sep 2026 50:50 Index Fund - Regular Plan - Growth,13.1281
2026-09-10,149473,SBI CPSE Bond Plus SDL Sep 2026 50:50 Index Fund - Regular Plan - Income Distribution cum Capital Withdrawal Option (IDCW),13.1285
2026-09-10,149474,SBI CPSE Bond Plus SDL Sep 2026 50:50 Index Fund - Direct Plan - Growth,13.2271
2026-09-10,149475,SBI CPSE Bond Plus SDL Sep 2026 50:50 Index Fund - Direct Plan - Income Distribution cum Capital Withdrawal Option (IDCW),13.2842
2026-09-10,149476,Edelweiss Overnight Fund - Unclaimed IDCW Plan - Above 3 years,1000
2026-09-10,149477,Edelweiss Overnight Fund - Unclaimed IDCW Plan - Upto 3 years,1303.9433
2026-09-10,149478,Edelweiss Overnight Fund - Unclaimed Redemption Plan - Upto 3 years,1303.9416
2026-09-10,149479,Edelweiss Overnight Fund - Unclaimed Redemption Plan - Above 3 years,1000
2026-09-10,149480,Sundaram Nifty 100 Equal Weight Fund (Formerly Known as Principal Nifty 100 Equal Weight Fund-Income Distribution CUM Capital Withdrawal,74.3136
2026-09-10,149481,Sundaram Nifty 100 Equal Weight Fund (Formerly Known as Principal Nifty 100 Equal Weight Fund)-Growth,182.0509
2026-09-10,149482,Sundaram Nifty 100 Equal Weight Fund (Formerly Known as Principal Nifty 100 Equal Weight Fund)- Direct Plan - Income Distribution CUM Capital Withdrawal Option,78.7449
2026-09-10,149483,Sundaram Nifty 100 Equal Weight Fund (Formerly Known as Principal Nifty 100 Equal Weight Fund) - Direct Plan - Growth Option,192.8498
2026-09-10,149519,Sundaram Ultra Short to Short Term Fund Regular Plan - Growth,3693.1124
2026-09-10,149521,Sundaram Ultra Short to Short Term Fund Regular Plan - IDCW,1099.6250
2026-09-10,149525,Sundaram Ultra Short to Short Term Fund Direct Plan - IDCW,1122.9376
2026-09-10,149526,Sundaram Ultra Short to Short Term Fund Direct Plan - Growth,3996.0434
2026-09-10,149531,Sundaram Focused Fund (Formerly Known as Principal Focused Multicap Fund)- Income Distribution CUM Capital Withdrawal Option (IDCW),39.3692
2026-09-10,149532,Sundaram Focused Fund (Formerly Known as Principal Focused Multicap Fund)-Growth Option,165.0718
2026-09-10,149533,Sundaram Focused Fund (Formerly Known as Principal Focused Multicap Fund)- Direct Plan - Growth Option,184.8817
2026-09-10,149534,Sundaram Focused Fund (Formerly Known as Principal Focused Multicap Fund)- Direct Plan - Income Distribution CUM Capital Withdrawal Option (IDCW),43.3287
2026-09-10,149535,Sundaram Ultra Short Term Fund Regular Plan - Growth,2859.7817
2026-09-10,149537,Sundaram Ultra Short Term Fund Regular Plan - IDCW,1073.4581
2026-09-10,149539,Sundaram Ultra Short Term Fund Direct Plan - Growth,3164.4166
2026-09-10,149540,Sundaram Ultra Short Term Fund Direct Plan - IDCW,1094.6380
2026-09-10,149549,Sundaram Arbitrage Fund( Formerly Known as Principal Arbitrage Fund) - Direct Plan- Monthly Income Distribution CUM Capital Withdrawal,13.4018
2026-09-10,149550,Sundaram Arbitrage Fund (Formerly Known as Prinicpal Arbitrage Fund) - Direct Plan - Growth,16.4843
2026-09-10,149551,Sundaram Arbitrage Fund (Formerly Known as Principal Arbitrage Fund)- Regular Plan - Monthly Income Distribution CUM Capital Withdrawal,12.7995
2026-09-10,149552,Sundaram Arbitrage Fund (Formerly Know as Principal Arbitrage Fund) - Regular Plan - Growth,15.4828
2026-09-10,149569,Sundaram ELSS Tax Saver Fund Regular Growth,486.1728
2026-09-10,149570,Sundaram ELSS Tax Saver Fund Direct Plan Growth,523.0505
2026-09-10,149571,Sundaram ELSS Tax Saver Fund Direct Plan - Income Distribution CUM Capital Withdrawal Option (IDCW),500.8897
2026-09-10,149572,Sundaram ELSS Tax Saver Fund Regular Plan - Income Distribution CUM Capital Withdrawal Option (IDCW),373.7267
2026-09-10,149585,Sundaram Short Duration Fund (Formerly Known as Principal Short Term Debt Fund)- Growth Plan,47.1784
2026-09-10,149586,Sundaram Short Duration Fund (Formerly Known as Principal Short Term Debt Fund)- Income Distribution CUM Capital Withdrawal Option (IDCW),13.0633
2026-09-10,149587,Sundaram Short Duration Fund (Formerly Known as Principal Short Term Debt Fund)- Direct Plan - Growth Option,51.3735
2026-09-10,149588,Sundaram Short Duration Fund (Formerly Known as Principal Short Term Debt Fund) - Direct Plan - Income Distribution CUM Capital Withdrawal Plan (IDCW),13.2142
2026-09-10,149599,Sundaram Aggressive Hybrid Fund (Formerly Known as Principal Hybrid Equity Fund)-Growth,160.3505
2026-09-10,149600,Sundaram Aggressive Hybrid Fund (Formerly Known as Principal Hybrid Equity Fund)- Monthly Income Distribution CUM Capital Withdrawal,24.6077
2026-09-10,149601,Sundaram Aggressive Hybrid Fund (Formerly Known as Principal Hybrid Equity Fund)- Direct Plan - Growth Option,186.0327
2026-09-10,149602,Sundaram Aggressive Hybrid Fund(Formerly Known as Principal Hybrid Equity Fund)-Direct Plan - Monthly Income Distribution CUM Capital Withdrawal Option,38.6829
2026-09-10,149660,Sundaram Liquid Fund (Formerly Known as Principal Cash Management Fund) - Regular Plan IDCW,1047.7232
2026-09-10,149661,Sundaram Liquid Fund (Formerly Known as Principal Cash Management Fund) -Growth Option,2476.9020
2026-09-10,149662,Sundaram Liquid Fund (Formerly Known as Principal Cash Management Fund) -Direct Plan - IDCW,1051.0947
2026-09-10,149664,Sundaram Liquid Fund (Formerly Known as Principal Cash Management Fund) - Direct Plan - Growth Option,2511.9619
2026-09-10,149666,Sundaram Multi Cap Fund (Formerly Known as Principal Multi Cap Growth Fund)- Income Distribution CUM Capital Withdrawal Option (IDCW),64.5666
2026-09-10,149667,Sundaram Multi Cap Fund (Formerly Known as Principal Multi Cap Growth Fund)-Growth Option,394.4506
2026-09-10,149668,Sundaram Multi Cap Fund (Formerly Known as Principal Multi Cap Growth Fund) - Direct Plan - Income Distribution CUM Capital Withdrawal Option (IDCW),88.1767
2026-09-10,149669,Sundaram Multi Cap Fund (Formerly Known as Principal Multi Cap Growth Fund)-Direct Plan - Growth Option,444.4665
2026-09-10,149674,Sundaram Equity Savings Fund (Formerly Known as Principal Equity Savings Fund) - Growth Option,71.4568
2026-09-10,149675,Sundaram Equity Savings Fund (Formerly Known as Principal Equity Savings Fund)- Income Distribution CUM Capital Withdrawal (IDCW),14.3371
2026-09-10,149677,Sundaram Equity Savings Fund (Formerly Known as  Principal Equity Savings Fund) - Direct Plan - Income Distribution CUM Capital Withdrawal Option (IDCW),15.6557
2026-09-10,149679,Sundaram Equity Savings Fund (Formerly Known as Principal Equity Savings Fund) - Direct Plan - Growth Option,84.3694
2026-09-10,149697,Sundaram Dividend Yield Fund (Formerly Known as Principal Dividend Yield Fund)-Growth Plan,128.9930
2026-09-10,149698,Sundaram Dividend Yield Fund (Formerly Known as Principal Dividend Yield Fund)- Income Distribution CUM Capital Withdrawal Plan,35.0741
2026-09-10,149699,Sundaram Dividend Yield Fund (Formerly Known as Principal Dividend Yield Fund)- Direct Plan - Income Distribution CUM Capital Withdrawal Option,59.5678
2026-09-10,149700,Sundaram Dividend Yield Fund (Formerly Known as Principal Dividend Yield Fund) - Direct Plan - Growth Option,142.7128
2026-09-10,149715,Sundaram Dynamic Asset Allocation Fund Regular Plan - Growth,35.2870
2026-09-10,149716,Sundaram Dynamic Asset Allocation Fund Regular Plan - Monthly IDCW,14.1672
2026-09-10,149717,Sundaram Dynamic Asset Allocation Fund Direct Plan - Growth,42.0854
2026-09-10,149718,Sundaram Dynamic Asset Allocation Fund Direct Plan - Monthly IDCW,17.6314
2026-09-10,149757,Kotak Nifty Midcap 50 ETF,18.3255
2026-09-10,149758,Nippon India Silver ETF,222.9326
2026-09-10,149759,Nippon India Silver ETF FOF-Regular Plan- Growth Option,35.0108
2026-09-10,149760,Nippon India Silver ETF FOF- Direct Plan-Growth Option,35.6142
2026-09-10,149761,Nippon India Silver ETF FOF- Regular Plan-IDCW Option,35.0108
2026-09-10,149762,Nippon India Silver ETF FOF- Direct Plan-IDCW Option,35.6142
2026-09-10,149763,Invesco India Flexi Cap Fund - Direct Plan - Growth,20.89
2026-09-10,149764,Invesco India Flexi Cap Fund - Regular Plan - IDCW,17.35
2026-09-10,149765,Invesco India Flexi Cap Fund - Direct Plan - IDCW,18.69
2026-09-10,149766,Invesco India Flexi Cap Fund - Regular Plan - Growth,19.51
2026-09-10,149775,ICICI Prudential Silver ETF FOF - Direct Plan - Growth,35.8121
2026-09-10,149776,ICICI Prudential Silver ETF FOF - Direct Plan - IDCW,35.8125
2026-09-10,149777,ICICI Prudential Silver ETF FOF - Growth,35.0109
2026-09-10,149778,ICICI Prudential Silver ETF FOF - IDCW,35.0102
2026-09-10,149779,Aditya Birla Sun Life Silver ETF,232.8211
2026-09-10,149780,Aditya Birla Sun Life Silver ETF FOF-Direct Growth,36.3255
2026-09-10,149781,Aditya Birla Sun Life Silver ETF FOF-Direct IDCW,36.3125
2026-09-10,149783,Aditya Birla Sun Life Silver ETF FOF-Regular Growth,35.5840
2026-09-10,149784,Aditya Birla Sun Life Silver ETF FOF-Regular IDCW,35.5773
2026-09-10,149786,Mirae Asset Nifty India Manufacturing ETF,164.0653
2026-09-10,149787,Mirae Asset Nifty India Manufacturing ETF FOF - Direct Plan - IDCW,20.547
2026-09-10,149788,Mirae Asset Nifty India Manufacturing ETF FOF - Regular Plan - Growth,20.184
2026-09-10,149789,Mirae Asset Nifty India Manufacturing ETF FOF - Regular Plan - IDCW,20.259
2026-09-10,149790,Mirae Asset Nifty India Manufacturing ETF FOF - Direct Plan - Growth,20.546
2026-09-10,149791,Aditya Birla Sun Life Nifty SDL Apr 2027 Index Fund-Regular-IDCW Payout,13.1553
2026-09-10,149792,Aditya Birla Sun Life Nifty SDL Apr 2027 Index Fund-Regular Growth,13.1553
2026-09-10,149793,Aditya Birla Sun Life Nifty SDL Apr 2027 Index Fund-Direct IDCW Payout,13.3400
2026-09-10,149794,Aditya Birla Sun Life Nifty SDL Apr 2027 Index Fund-Direct Growth,13.3402
2026-09-10,149795,TRUST MF OVERNIGHT FUND-REGULAR-GROWTH,1299.1902
2026-09-10,149796,TRUST MF OVERNIGHT FUND-DIRECT PLAN-DAILY IDCW REINVESTMENT,1274.3195
2026-09-10,149797,TRUST MF OVERNIGHT FUND-DIRECT PLAN-GROWTH,1302.2388
2026-09-10,149798,TRUST MF OVERNIGHT FUND-REGULAR PLAN-DAILY IDCW REINVESTMENT,1259.6837
2026-09-10,149799,Motilal Oswal Nifty 200 Momentum 30 Index Fund-Regular Plan,14.9502
2026-09-10,149800,Motilal Oswal Nifty 200 Momentum 30 Index Fund-Direct Plan,15.4241
2026-09-10,149801,Motilal Oswal Nifty 200 Momentum 30 ETF,62.5778
2026-09-10,149802,UTI BSE Sensex Index Fund - Regular Plan  -Growth Option,13.4922
2026-09-10,149803,UTI BSE Sensex Index Fund - Direct Plan - Growth Option,13.553
2026-09-10,149804,Navi Nifty Bank Index Fund- Direct Plan- Growth,14.9069
2026-09-10,149805,Navi Nifty Bank Index Fund- Regular Plan- Growth,14.4088
2026-09-10,149826,JM Overnight Fund - (Direct) - Unclaimed Redemption I.E.F. - Growth Plan,1073.9936
2026-09-10,149827,JM Overnight Fund - (Direct) - Unclaimed IDCW I.E.F. - Growth Plan,1073.9936
2026-09-10,149828,JM Overnight Fund - (Direct) - Unclaimed IDCW - Growth Plan,1400.4737
2026-09-10,149829,JM Overnight Fund - (Direct) - Unclaimed Redemption - Growth Plan,1395.2438
2026-09-10,149832,BANDHAN NIFTY 100 INDEX FUND - DIRECT PLAN - GROWTH,14.8139
2026-09-10,149833,BANDHAN NIFTY 100 INDEX FUND - REGULAR PLAN - GROWTH,14.4846
2026-09-10,149834,BANDHAN NIFTY 100 INDEX FUND - REGULAR PLAN - IDCW,14.4869
2026-09-10,149835,BANDHAN NIFTY 100 INDEX FUND - DIRECT PLAN - IDCW,14.8106
2026-09-10,149836,Aditya Birla Sun Life Nifty Next 50 Index Fund-Regular IDCW,17.5805
2026-09-10,149837,Aditya Birla Sun Life Nifty Next 50 Index Fund-Regular Growth,17.5655
2026-09-10,149838,Aditya Birla Sun Life Nifty Next 50 Index Fund-Direct Growth,18.0643
2026-09-10,149839,Aditya Birla Sun Life Nifty Next 50 Index Fund-Direct IDCW,18.0532
2026-09-10,149840,Kotak Manufacture in India Fund - Regular Plan Growth,22.406
2026-09-10,149841,Kotak Manufacture in India Fund - Direct Plan Growth,24.032
2026-09-10,149842,Kotak Manufacture in India Fund - Direct Plan IDCW Option,24.032
2026-09-10,149843,Kotak Manufacture in India Fund - Regular Plan IDCW Option,22.406
2026-09-10,149844,Axis Multi Factor Passive FoF - Regular Plan - Growth Option,15.2388
2026-09-10,149845,Axis Multi Factor Passive FoF - Regular Plan - IDCW,15.2397
2026-09-10,149846,Axis Multi Factor Passive FoF - Direct Plan - IDCW,15.4618
2026-09-10,149847,Axis Multi Factor Passive FoF - Direct Plan - Growth Option,15.4621
2026-09-10,149852,Kotak Nifty SDL Apr  2027 Top 12 Equal Weight Index Fund-Regular Plan- Growth,13.1683
2026-09-10,149853,Kotak Nifty SDL Apr  2027 Top 12 Equal Weight Index Fund-Regular Plan-IDCW Option,13.1685
2026-09-10,149854,Kotak Nifty SDL Apr 2027 Top 12 Equal Weight Index Fund-Direct Plan-IDCW Option,13.2606
2026-09-10,149855,Kotak Nifty SDL Apr  2027 Top 12 Equal Weight Index Fund-Direct Plan-Growth,13.2613
2026-09-10,149858,ICICI Prudential Nifty Bank Index Fund - Direct Plan Growth,16.3136
2026-09-10,149859,ICICI Prudential Nifty Bank Index Fund - Growth,15.8402
2026-09-10,149860,ICICI Prudential Nifty Bank Index Fund - IDCW,15.8401
2026-09-10,149861,ICICI Prudential Nifty Bank Index Fund - Direct Plan IDCW,16.3134
2026-09-10,149862,Kotak Nifty SDL Apr 2032 Top 12 Equal Weight Index Fund-Regular Plan-Growth,13.4201
2026-09-10,149864,Kotak Nifty SDL Apr 2032 Top 12 Equal Weight Index Fund-Direct Plan-IDCW Option,13.5228
2026-09-10,149865,Kotak Nifty SDL Apr 2032 Top 12 Equal Weight Index Fund-Direct Plan- Growth,13.5244
2026-09-10,149866,Kotak Nifty SDL Apr 2032 Top 12 Equal Weight Index Fund-Regular Plan-IDCW Option,13.4242
2026-09-10,149868,HDFC NIFTY 100 Index Fund - Direct Plan - Growth Option,14.7271
2026-09-10,149869,HDFC NIFTY 100 Index Fund - Growth Option,14.4023
2026-09-10,149870,HDFC Nifty 100 Equal Weight Index Fund - Direct Plan - Growth Option,17.4047
2026-09-10,149871,HDFC Nifty 100 Equal Weight Index Fund - Growth Option,17.0352
2026-09-10,149872,Axis CRISIL IBX SDL May 2027 Index Fund - Regular Plan - Growth,13.1777
2026-09-10,149873,Axis CRISIL IBX SDL May 2027 Index Fund - Direct Plan - Growth,13.2612
2026-09-10,149874,Axis CRISIL IBX SDL May 2027 Index Fund - Direct Plan - IDCW,13.2608
2026-09-10,149875,Axis CRISIL IBX SDL May 2027 Index Fund - Regular Plan - IDCW,13.1779
2026-09-10,149876,SBI Fixed Maturity Plan (FMP) - Series 60 (1878 Days) - Regular Plan - Growth,13.2421
2026-09-10,149877,SBI Fixed Maturity Plan (FMP) - Series 60 (1878 Days) - Regular Plan - Income Distribution cum Capital Withdrawal Option (IDCW),13.2422
2026-09-10,149878,SBI Fixed Maturity Plan (FMP) - Series 60 (1878 Days) - Direct Plan - Growth,13.3131
2026-09-10,149879,SBI Fixed Maturity Plan (FMP) - Series 60 (1878 Days) - Direct Plan - Income Distribution cum Capital Withdrwal Option (IDCW),13.3137
2026-09-10,149880,UTI BSE Low Volatility Index Fund - Regular Plan - Growth Option,15.4577
2026-09-10,149881,UTI BSE Low Volatility Index Fund - Direct Plan  - Growth Option,15.7864
2026-09-10,149882,SBI Multicap Fund- Direct Plan- Growth option,17.9598
2026-09-10,149883,SBI Multicap Fund- Regular Plan- Income Distribution cum Capital Withdrawal Option (IDCW),17.2464
2026-09-10,149886,SBI Multicap Fund- Regular Plan- Growth Option,17.2436
2026-09-10,149887,SBI Multicap Fund- Direct Plan - Income Distribution cum Capital Withdrawal Option (IDCW),17.9600
2026-09-10,149892,Navi Nifty Midcap 150 Index Fund Direct Plan- Growth,21.7033
2026-09-10,149893,Navi Nifty Midcap 150 Index Fund Regular Plan- Growth,20.8951
2026-09-10,149894,Axis Nifty Smallcap 50 Index Fund - Direct Plan - Growth Option,21.3112
2026-09-10,149895,Axis Nifty Smallcap 50 Index Fund - Direct Plan - IDCW,21.3112
2026-09-10,149896,Axis Nifty Smallcap 50 Index Fund - Regular Plan - Growth Option,20.6170
2026-09-10,149897,Axis Nifty Smallcap 50 Index Fund - Regular Plan - IDCW,20.6173
2026-09-10,149914,Nippon India Fixed Maturity Plan-XLIII-Series 5- Direct Plan-Payout of IDCW,13.5942
2026-09-10,149915,Nippon India Fixed Maturity Plan-XLIII-Series 5- Regular Plan-Growth Option,13.4718
2026-09-10,149916,Nippon India Fixed Maturity Plan-XLIII-Series 5- Regular Plan-Payout of IDCW,13.4718
2026-09-10,149917,Nippon India Fixed Maturity Plan-XLIII-Series 5- Direct Plan-Growth Option,13.5943
2026-09-10,149918,Mirae Asset Nifty Midcap 150 ETF,23.4359
2026-09-10,149919,Motilal Oswal BSE Low Volatility Index Fund-Direct plan,15.6672
2026-09-10,149920,Motilal Oswal BSE Low Volatility Index Fund-Regular plan,15.2142
2026-09-10,149921,Motilal Oswal BSE Low Volatility ETF,35.4470
2026-09-10,149922,HDFC FMP 1861D March 2022 - Growth Option,13.2822
2026-09-10,149923,HDFC FMP 1861D March 2022 - Quarterly Dividend Option - Direct Plan,10.1323
2026-09-10,149924,HDFC FMP 1861D March 2022 - Growth Option - Direct Plan,13.3808
2026-09-10,149925,HDFC FMP 1861D March 2022 - IDCW Option,13.2822
2026-09-10,149926,HDFC FMP 1861D March 2022 - IDCW Option - Direct Plan,13.3808
2026-09-10,149927,HDFC FMP 1861D March 2022 - Quarterly Dividend Option,10.1284
2026-09-10,149928,ICICI Prudential Nifty 5 yr Benchmark G-SEC ETF,66.4507
2026-09-10,149935,Axis Nifty Midcap 50 Index Fund - Direct Plan - IDCW Option,21.8183
2026-09-10,149936,Axis Nifty Midcap 50 Index Fund - Direct Plan - Growth Option,21.8190
2026-09-10,149937,Axis Nifty Midcap 50 Index Fund - Regular Plan - IDCW Option,21.1060
2026-09-10,149938,Axis Nifty Midcap 50 Index Fund - Regular Plan - Growth Option,21.1060
2026-09-10,149959,Tata Nifty India Digital Exchange Traded Fund,89.0304
2026-09-10,149962,HSBC CRISIL IBX 50:50 Gilt Plus SDL Apr 2028 Index Fund - Direct - Payout of IDCW,13.3826
2026-09-10,149963,HSBC CRISIL IBX 50:50 Gilt Plus SDL Apr 2028 Index Fund - Regular - Growth,13.2758
2026-09-10,149964,HSBC CRISIL IBX 50:50 Gilt Plus SDL Apr 2028 Index Fund - Regular - payout of IDCW,13.2757
2026-09-10,149966,HSBC CRISIL IBX 50:50 Gilt Plus SDL Apr 2028 Index Fund - Direct - Growth,13.3826
2026-09-10,149968,DSP Nifty SDL Plus G-Sec Jun 2028 30:70 Index Fund - Regular - Growth,13.2977
2026-09-10,149969,DSP Nifty SDL Plus G-Sec Jun 2028 30:70 Index Fund - Regular - IDCW,13.2977
2026-09-10,149970,DSP Nifty SDL Plus G-Sec Jun 2028 30:70 Index Fund - Direct - Growth,13.3876
2026-09-10,149971,DSP Nifty SDL Plus G-Sec Jun 2028 30:70 Index Fund - Direct - IDCW,13.3876
2026-09-10,149988,Baroda BNP Paribas Overnight Fund - Plan C - Unclaimed IDCW - Greater than 3 years,1000.0000
2026-09-10,149989,Baroda BNP Paribas Overnight Fund - Plan C - Unclaimed Redemption - Up to 3 years,1298.4581
2026-09-10,149990,Baroda BNP Paribas Overnight Fund - Plan C - Unclaimed Redemption - Greater than 3 years,1000.0000
2026-09-10,149991,Baroda BNP Paribas Overnight Fund - Plan C - Unclaimed IDCW - Up to 3 years,1298.4885
2026-09-10,149992,SBI Fixed Maturity Plan (FMP)- Series 61 (1927 Days)- Regular Plan- Income Distribution Cum Capital withdrawal option,13.2877
2026-09-10,149993,SBI Fixed Maturity Plan (FMP)- Series 61 (1927 Days)- Direct Plan- Growth option,13.3571
2026-09-10,149994,SBI Fixed Maturity Plan (FMP)- Series 61 (1927 Days)- Regular Plan- Growth option,13.2878
2026-09-10,149995,SBI Fixed Maturity Plan (FMP)- Series 61 (1927 Days)- Direct Plan- Income Distribution Cum Capital withdrawal option,13.3573
2026-09-10,149996,ICICI Prudential Nifty SDL Sep 2027 Index Fund - Annual IDCW,13.2246
2026-09-10,149997,ICICI Prudential Nifty SDL Sep 2027 Index Fund - Direct Plan - Annual IDCW,13.3122
2026-09-10,149998,ICICI Prudential Nifty SDL Sep 2027 Index Fund - Growth,13.2246
2026-09-10,149999,ICICI Prudential Nifty SDL Sep 2027 Index Fund - Direct Plan - Growth,13.3122
2026-09-10,150000,Kotak Nifty 100 Low Volatility 30 ETF,20.5427
2026-09-10,150001,HDFC FMP 1876D March 2022 - Growth Option,13.2455
2026-09-10,150002,HDFC FMP 1876D March 2022 - Growth Option - Direct Plan,13.3329
2026-09-10,150003,HDFC FMP 1876D March 2022 - IDCW Option - Direct Plan,13.3329
2026-09-10,150004,HDFC FMP 1876D March 2022 - IDCW Option,13.2455
2026-09-10,150005,HDFC FMP 1876D March 2022 - Quarterly Dividend Option,10.1278
2026-09-10,150006,HDFC FMP 1876D March 2022 - Quarterly Dividend Option - Direct Plan,10.1312
2026-09-10,150008,Nippon India Nifty AAA CPSE Bond Plus SDL - Apr 2027 Maturity 60:40 Index Fund - Direct Plan - IDCW Option,12.8333
2026-09-10,150009,Nippon India Nifty AAA CPSE Bond Plus SDL - Apr 2027 Maturity 60:40 Index Fund - Regular Plan - IDCW Option,12.7589
2026-09-10,150011,Nippon India Nifty AAA CPSE Bond Plus SDL - Apr 2027 Maturity 60:40 Index Fund - Regular Plan - Growth Option,13.0821
2026-09-10,150012,Nippon India Nifty AAA CPSE Bond Plus SDL - Apr 2027 Maturity 60:40 Index Fund - Direct Plan - Growth Option,13.1846
2026-09-10,150156,BARODA BNP PARIBAS ELSS Tax Saver Fund - Regular - Growth Option,99.5416
2026-09-10,150157,BARODA BNP PARIBAS ELSS Tax Saver Fund- Regular - IDCW Option,21.8794
2026-09-10,150158,BARODA BNP PARIBAS ELSS Tax Saver Fund - Direct Plan - IDCW Option,28.1499
2026-09-10,150159,BARODA BNP PARIBAS ELSS Tax Saver Fund - Direct Plan - Growth Option,113.7641
2026-09-10,150160,BARODA BNP PARIBAS Ultra Short to Short Term Fund-Defunct Plan-Growth Option,42.9982
2026-09-10,150161,BARODA BNP PARIBAS Ultra Short to Short Term Fund-Defunct Plan-Weekly IDCW Option,10.0125
2026-09-10,150162,BARODA BNP PARIBAS Ultra Short to Short Term Fund-Defunct Plan-Monthly IDCW Option,10.4981
2026-09-10,150163,BARODA BNP PARIBAS Ultra Short to Short Term Fund-Defunct Plan- Daily IDCW Option,10.0493
2026-09-10,150164,BARODA BNP PARIBAS Ultra Short to Short Term FUND - Regular Plan - DAILY IDCW OPTION,10.0598
2026-09-10,150165,BARODA BNP PARIBAS Ultra Short to Short Term FUND - Regular Plan - GROWTH OPTION,42.9237
2026-09-10,150166,BARODA BNP PARIBAS Ultra Short to Short FUND - Regular Plan - WEEKLY IDCW OPTION,10.0125
2026-09-10,150167,BARODA BNP PARIBAS Ultra Short to Short Term FUND - Regular Plan - MONTHLY IDCW OPTION,10.2669
2026-09-10,150168,BARODA BNP PARIBAS Ultra Short to Short term Fund Direct Plan - Daily IDCW Option,10.0946
2026-09-10,150169,BARODA BNP PARIBAS Ultra Short to Short Term Fund - Direct Plan - Growth Option,47.4293
2026-09-10,150170,BARODA BNP PARIBAS Ultra Short to Short term Fund - Direct Plan - Monthly IDCW Option,10.4437
2026-09-10,150171,BARODA BNP PARIBAS Ultra Short to Short Term Fund - Direct Plan - Weekly IDCW Option,10.0129
2026-09-10,150172,Baroda BNP Paribas Dynamic Term Fund-Defunct Plan - Growth Option,32.8322
2026-09-10,150173,Baroda BNP Paribas Dynamic Term Fund - Regular Plan - Growth Option,46.6229
2026-09-10,150174,Baroda BNP Paribas Dynamic Term Fund - Regular Plan - Daily IDCW Option,10.0815
2026-09-10,150175,Baroda BNP Paribas Dynamic Term Fund - Regular Plan - Weekly IDCW Option,10.0666
2026-09-10,150176,Baroda BNP Paribas Dynamic Term Fund - Regular Plan - Monthly IDCW Option,10.1011
2026-09-10,150177,Baroda BNP Paribas Dynamic Term Fund - Regular Plan - Quarterly IDCW Option,10.1957
2026-09-10,150178,Baroda BNP Paribas Dynamic Term Fund - Regular Plan - Half Yearly IDCW Option,10.2311
2026-09-10,150179,Baroda BNP Paribas Dynamic Term Fund - Direct Plan - Daily IDCW Option,10.0887
2026-09-10,150180,Baroda BNP Paribas Dynamic Term Fund - Direct Plan - Growth Option,52.5245
2026-09-10,150182,Baroda BNP Paribas Dynamic Term Fund - Direct Plan - Monthly IDCW Option,10.3835
2026-09-10,150183,Baroda BNP Paribas Dynamic Term Fund - Direct Plan - Quarterly IDCW Option,10.3953
2026-09-10,150184,Baroda BNP Paribas Dynamic Term Fund - Direct Plan - Weekly IDCW Option,10.0747
2026-09-10,150185,BARODA BNP PARIBAS LARGE CAP Fund- Regular Plan - Growth Option,219.0762
2026-09-10,150186,BARODA BNP PARIBAS LARGE CAP Fund - Regular Plan - IDCW Option,21.3719
2026-09-10,150187,BARODA BNP PARIBAS LARGE CAP Fund - Direct Plan - Growth Option,256.2351
2026-09-10,150188,BARODA BNP PARIBAS LARGE CAP Fund - Direct Plan - IDCW Option,26.0371
2026-09-10,150203,BARODA BNP PARIBAS Conservative Hybrid Fund-Regular Plan-Growth Option,46.5374
2026-09-10,150204,BARODA BNP PARIBAS Conservative hybrid Fund-Regular Plan-Monthly IDCW Option,10.5907
2026-09-10,150205,BARODA BNP PARIBAS Conservative Hybrid Fund-Regular Plan-Quarterly IDCW Option,10.8192
2026-09-10,150206,BARODA BNP PARIBAS Conservative Hybrid Fund - Direct Plan - Growth Option,57.7192
2026-09-10,150207,BARODA BNP PARIBAS Conservative Hybrid Fund - Direct Plan - Monthly IDCW Option,13.0870
2026-09-10,150208,BARODA BNP PARIBAS Conservative Hybrid Fund - Direct Plan - Quarterly IDCW Option,12.7599
2026-09-10,150209,BARODA BNP PARIBAS Mid Cap Fund - Regular Plan - Growth Option,111.4972
2026-09-10,150210,BARODA BNP PARIBAS Mid Cap Fund - Regular Plan - IDCW Option,58.0373
2026-09-10,150211,BARODA BNP PARIBAS Mid Cap Fund - Direct Plan - IDCW Option,74.5827
2026-09-10,150212,BARODA BNP PARIBAS Mid Cap Fund - Direct Plan - Growth Option,134.9170
2026-09-10,150228,BARODA BNP PARIBAS Corporate Bond Fund - Defunct Plan - Quarterly-IDCW Option,10.4655
2026-09-10,150229,BARODA BNP PARIBAS Corporate Bond Fund - Defunct Plan - Growth Option,34.1645
2026-09-10,150230,BARODA BNP PARIBAS Corporate Bond Fund - Defunct Plan - Annual-IDCW Option,12.2980
2026-09-10,150231,BARODA BNP PARIBAS Corporate Bond Fund - Defunct Plan - Monthly-IDCW Option,10.3693
2026-09-10,150232,BARODA BNP PARIBAS CORPORATE BOND FUND - Regular Plan - QUARTERLY IDCW OPTION,10.4784
2026-09-10,150233,BARODA BNP PARIBAS CORPORATE BOND FUND - Regular Plan - ANNUAL IDCW OPTION,12.2184
2026-09-10,150234,BARODA BNP PARIBAS CORPORATE BOND FUND - Regular Plan - MONTHLY IDCW OPTION,10.4155
2026-09-10,150235,BARODA BNP PARIBAS CORPORATE BOND FUND - Regular Plan - GROWTH OPTION,29.5178
2026-09-10,150236,BARODA BNP PARIBAS Corporate Bond Fund - Direct Plan - Annual IDCW Option,12.6076
2026-09-10,150237,BARODA BNP PARIBAS Corporate Bond Fund - Direct Plan - Growth Option,31.4534
2026-09-10,150238,BARODA BNP PARIBAS Corporate Bond Fund - Direct Plan - Monthly IDCW Option,10.5920
2026-09-10,150239,BARODA BNP PARIBAS Corporate Bond Fund - Direct Plan - Quarterly IDCW Option,10.7253
2026-09-10,150250,BARODA BNP PARIBAS ARBITRAGE FUND- REGULAR PLAN- GROWTH OPTION,17.1425
2026-09-10,150251,BARODA BNP PARIBAS ARBITRAGE FUND-DIRECT PLAN-GROWTH OPTION,18.2796
2026-09-10,150252,BARODA BNP PARIBAS ARBITRAGE FUND -DIRECT PLAN - ADHOC IDCW OPTION,11.6805
2026-09-10,150253,BARODA BNP PARIBAS ARBITRAGE FUND-REGULAR PLAN- ADHOC IDCW OPTION,11.1877
2026-09-10,150254,BARODA BNP PARIBAS ARBITRAGE FUND REGULAR PLAN MONTHLY IDCW Option,10.5871
2026-09-10,150255,BARODA BNP PARIBAS ARBITRAGE FUND DIRECT PLAN MONTHLY IDCW Option,10.8105
2026-09-10,150256,BARODA BNP PARIBAS ARBITRAGE FUND DIRECT PLAN QUARTERLY IDCW Option,11.0449
2026-09-10,150257,BARODA BNP PARIBAS ARBITRAGE FUND REGULAR PLAN QUARTERLY IDCW Option,10.8646
2026-09-10,150258,Baroda BNP Paribas Aggressive Hybrid Fund- REGULAT PLAN -GROWTH OPTION,27.8441
2026-09-10,150259,Baroda BNP Paribas Aggressive Hybrid Fund -DIRECT PLAN- IDCW OPTION,17.7415
2026-09-10,150260,Baroda BNP Paribas Aggressive Hybrid Fund- DIRECT PLAN - GROWTH OPTION,32.4163
2026-09-10,150261,Baroda BNP Paribas Aggressive Hybrid Fund- REGULAR PLAN- IDCW OPTION,15.2430
2026-09-10,150262,BARODA BNP PARIBAS Focused Fund - Regular Plan - IDCW Option,13.9116
2026-09-10,150263,BARODA BNP PARIBAS Focused Fund - Regular Plan-Growth Option,21.1072
2026-09-10,150264,BARODA BNP PARIBAS Focused Fund - Direct Plan - Growth Option,24.4020
2026-09-10,150265,BARODA BNP PARIBAS Focused Fund - Direct Plan - IDCW Option,16.0478
2026-09-10,150266,BARODA BNP PARIBAS India Consumption Fund - Direct Plan - Growth Option,34.0372
2026-09-10,150267,BARODA BNP PARIBAS India Consumption Fund - Regular Plan - IDCW Option,18.6444
2026-09-10,150268,BARODA BNP PARIBAS India Consumption Fund - Regular Plan - Growth Option,30.2264
2026-09-10,150269,BARODA BNP PARIBAS India Consumption Fund - Direct Plan - IDCW Option,21.6590
2026-09-10,150308,ICICI PRUDENTIAL HOUSING OPPORTUNITIES FUND - Growth,16.98
2026-09-10,150309,ICICI PRUDENTIAL HOUSING OPPORTUNITIES FUND - IDCW,14.28
2026-09-10,150310,ICICI PRUDENTIAL HOUSING OPPORTUNITIES FUND - Direct Plan Growth,17.89
2026-09-10,150311,ICICI PRUDENTIAL HOUSING OPPORTUNITIES FUND - Direct Plan IDCW,15.17
2026-09-10,150312,UTI Nifty Midcap 150 Quality 50 Index Fund - Regular Plan - Growth Option,13.8036
2026-09-10,150313,UTI Nifty Midcap 150 Quality 50 Index Fund - Direct Plan - Growth Option,14.0839
2026-09-10,150314,Aditya Birla Sun Life Fixed Term Plan - Series TQ (1879 days) - Regular Plan - Growth Option,13.2619
2026-09-10,150315,Aditya Birla Sun Life Fixed Term Plan - Series TQ (1879 days) - Regular Plan - Payout of IDCW option,13.2618
2026-09-10,150316,Aditya Birla Sun Life Fixed Term Plan - Series TQ (1879 days) - Direct Plan - Growth Option,13.3094
2026-09-10,150326,Tata Nifty SDL Plus AAA PSU Bond Dec 6040 Index Fund- Direct Plan-Growth,13.3956
2026-09-10,150327,Tata Nifty SDL Plus AAA PSU Bond Dec 6040 Index Fund-Direct Plan-IDCW Payout,13.3956
2026-09-10,150328,Tata Nifty SDL Plus AAA PSU Bond Dec 6040 Index Fund-Direct Plan- IDCW Reinvestment,13.3956
2026-09-10,150329,Tata Nifty SDL Plus AAA PSU Bond Dec 6040 Index Fund-Regular Plan- IDCW Reinvestment,13.2374
2026-09-10,150330,Tata Nifty SDL Plus AAA PSU Bond Dec 6040 Index Fund-Regular Plan -Growth,13.2374
2026-09-10,150331,Tata Nifty SDL Plus AAA PSU Bond Dec 6040 Index Fund -Regular Plan-IDCW Payout,13.2374
2026-09-10,150340,Tata Nifty India Digital ETF Fund of Fund-Direct Plan-IDCW Payout,13.8578
2026-09-10,150341,Tata Nifty India Digital ETF Fund of Fund-Direct Plan- IDCW Reinvestment,13.8578
2026-09-10,150342,Tata Nifty India Digital ETF Fund of Fund-Regular Plan-IDCW Payout,13.5933
2026-09-10,150343,Tata Nifty India Digital ETF Fund of Fund-Regular Plan-IDCW Reinvestment,13.5933
2026-09-10,150344,Tata Nifty India Digital ETF Fund of Fund-Direct Plan-Growth,13.8578
2026-09-10,150345,Tata Nifty India Digital ETF Fund of Fund -Regular Plan-Growth,13.5933
2026-09-10,150346,WhiteOak Capital Flexi Cap Fund Direct Plan-Growth,19.141
2026-09-10,150347,WhiteOak Capital Flexi Cap Fund Regular Plan-Growth,18.043
2026-09-10,150348,WhiteOak Capital Flexi Cap Fund Regular Plan IDCW,18.043
2026-09-10,150349,WhiteOak Capital Flexi Cap Fund Direct Plan IDCW,19.141
2026-09-10,150350,Aditya Birla Sun Life Crisil IBX 60:40 SDL+AAA PSU-Apr 2027 Index Fund-Regular IDCW,13.0825
2026-09-10,150351,Aditya Birla Sun Life Crisil IBX 60:40 SDL+AAA PSU-Apr 2027 Index Fund-Regular Growth,13.0862
2026-09-10,150352,Aditya Birla Sun Life Crisil IBX 60:40 SDL+AAA PSU-Apr 2027 Index Fund-Direct IDCW,13.1857
2026-09-10,150353,Aditya Birla Sun Life Crisil IBX 60:40 SDL+AAA PSU-Apr 2027 Index Fund-Direct Growth,13.1835
2026-09-10,150358,Mirae Asset Nifty SDL Jun 2027 Index Fund - Direct Plan - Growth,13.2794
2026-09-10,150359,Mirae Asset Nifty SDL Jun 2027 Index Fund - Direct Plan - IDCW,13.2800
2026-09-10,150360,Mirae Asset Nifty SDL Jun 2027 Index Fund - Regular Plan - Growth,13.1844
2026-09-10,150361,Mirae Asset Nifty SDL Jun 2027 Index Fund - Regular Plan - IDCW,13.1851
2026-09-10,150366,NJ Arbitrage Fund - Regular Plan - Growth Option,12.7930
2026-09-10,150367,NJ Arbitrage Fund - Direct Plan - Growth Option,13.1660
2026-09-10,150368,NJ Overnight Fund - Regular Plan - Growth Option,1269.5561
2026-09-10,150369,NJ Overnight Fund - Direct Plan - Growth Option,1274.7858
2026-09-10,150376,Edelweiss Focused Fund - Direct Plan - Growth,17.508
2026-09-10,150382,Edelweiss Focused Fund - Regular Plan - Growth,16.384
2026-09-10,150383,Edelweiss Focused Fund - Direct Plan - IDCW,16.012
2026-09-10,150384,Edelweiss Focused Fund - Regular Plan - IDCW,14.892
2026-09-10,150385,Baroda BNP Paribas Flexi Cap Fund - Regular Plan - Growth Option,15.8552
2026-09-10,150386,Baroda BNP Paribas Flexi Cap Fund - Regular Plan - IDCW Option,13.2377
2026-09-10,150387,Baroda BNP Paribas Flexi Cap Fund - Direct Plan - Growth Option,16.7596
2026-09-10,150388,Baroda BNP Paribas Flexi Cap Fund - Direct Plan - IDCW Option,13.9968
2026-09-10,150391,LIC MF Money Market Fund-Direct Plan-IDCW,1302.9624
2026-09-10,150392,LIC MF Money Market Fund-Direct Plan-Growth,1302.9625
2026-09-10,150393,LIC MF Money Market Fund-Regular Plan-Growth,1282.992
2026-09-10,150394,LIC MF Money Market Fund-Regular Plan-IDCW,1282.9919
2026-09-10,150401,BANDHAN MID CAP FUND - IDCW - DIRECT PLAN,20.682
2026-09-10,150402,BANDHAN MID CAP FUND - GROWTH - REGULAR PLAN,19.443
2026-09-10,150403,BANDHAN MID CAP FUND - IDCW - REGULAR PLAN,18.237
2026-09-10,150404,BANDHAN MID CAP FUND - GROWTH - DIRECT PLAN,20.701
2026-09-10,150405,Union Gilt Fund - Regular Plan - Growth Option,12.1798
2026-09-10,150406,Union Gilt Fund - Regular Plan - Annual IDCW Option,11.4570
2026-09-10,150407,Union Gilt Fund - Direct Plan - Growth Option,12.4235
2026-09-10,150408,Union Gilt Fund - Direct Plan - Annual IDCW Option,11.7348
2026-09-10,150409,UTI 10 year Constant Maturity Gilt Fund - Regular Plan - Growth Option,13.1083
2026-09-10,150410,UTI 10 year Constant Maturity Gilt Fund - Direct Plan - Growth Option,13.3692
2026-09-10,150411,UTI 10 year Constant Maturity Gilt Fund - Regular Plan - Discontinued Quarterly IDCW Option,13.1084
2026-09-10,150412,UTI 10 year Constant Maturity Gilt Fund - Direct Plan - Discontinued Quarterly IDCW Option,13.3694
2026-09-10,150415,UTI 10 year Constant Maturity Gilt Fund - Direct Plan - Half Yearly IDCW Option,13.2372
2026-09-10,150416,UTI 10 year Constant Maturity Gilt Fund - Regular Plan - Half Yearly IDCW Option,13.1081
2026-09-10,150419,UTI 10 year Constant Maturity Gilt Fund - Regular Plan - Annual IDCW Option,11.4095
2026-09-10,150420,UTI 10 year Constant Maturity Gilt Fund - Regular Plan - Discontinued Flexi IDCW Option,13.1078
2026-09-10,150423,UTI 10 year Constant Maturity Gilt Fund - Direct Plan - Annual IDCW Option,11.6554
2026-09-10,150424,UTI 10 year Constant Maturity Gilt Fund - Direct Plan - Discontinued Flexi IDCW Option,13.3693
2026-09-10,150427,DSP Nifty Midcap 150 Quality 50 Index Fund - Regular - Growth,14.1477
2026-09-10,150428,DSP Nifty Midcap 150 Quality 50 Index Fund - Direct - Growth,14.5262
2026-09-10,150429,DSP Nifty Midcap 150 Quality 50 Index Fund - Direct - IDCW,13.7995
2026-09-10,150430,DSP Nifty Midcap 150 Quality 50 Index Fund - Regular - IDCW,12.7101
2026-09-10,150439,quant Large Cap Fund - IDCW Option - Direct Plan,16.7494
2026-09-10,150440,quant Large Cap Fund - Growth Option - Direct Plan,16.6805
2026-09-10,150441,quant Large Cap Fund - Growth Option - Regular Plan,15.6487
2026-09-10,150442,quant Large Cap Fund - IDCW Option - Regular Plan,15.5621
2026-09-10,150443,Motilal Oswal BSE Financials ex Bank 30 Index Fund Direct Growth,17.8579
2026-09-10,150444,Motilal Oswal BSE Financials ex Bank 30 Index Fund Regular Growth,17.3629
2026-09-10,150445,Motilal Oswal BSE Healthcare ETF,52.1052
2026-09-10,150451,ICICI Prudential Nifty 200 Momentum 30 Index Fund - IDCW,16.3966
2026-09-10,150452,ICICI Prudential Nifty 200 Momentum 30 Index Fund - Direct Plan - Growth,16.8266
2026-09-10,150453,ICICI Prudential Nifty 200 Momentum 30 Index Fund - Direct Plan - IDCW,16.8241
2026-09-10,150454,ICICI Prudential Nifty 200 Momentum 30 Index Fund - Growth,16.3970
2026-09-10,150455,ICICI Prudential Nifty 200 Momentum 30 ETF,31.4803
2026-09-10,150456,Union Gilt Fund - Direct Plan - Half-yearly IDCW Option,12.0691
2026-09-10,150457,Union Gilt Fund - Regular Plan - Half-yearly IDCW Option,11.8234
2026-09-10,150466,ICICI Prudential Nifty IT Index Fund - Growth,10.0465
2026-09-10,150467,ICICI Prudential Nifty IT Index Fund - IDCW,10.0465
2026-09-10,150468,ICICI Prudential Nifty IT Index Fund - Direct Plan - Growth,10.2693
2026-09-10,150469,ICICI Prudential Nifty IT Index Fund - Direct Plan - IDCW,10.2743
2026-09-10,150470,Mirae Asset Balanced Advantage Fund - Direct Plan - Growth,15.487
2026-09-10,150471,Mirae Asset Balanced Advantage Fund - Direct Plan - IDCW,14.258
2026-09-10,150473,Mirae Asset Balanced Advantage Fund - Regular Plan - Growth,14.631
2026-09-10,150474,Mirae Asset Balanced Advantage Fund - Regular Plan - IDCW,13.480
2026-09-10,150476,HDFC NIFTY 100 ETF - Growth Option,25.5082
2026-09-10,150477,HDFC NIFTY NEXT 50 ETF - Growth Option,74.2158
2026-09-10,150478,Franklin India Balanced Advantage Fund- IDCW,13.4150
2026-09-10,150479,Franklin India Balanced Advantage Fund- IDCW- Direct,13.7313
2026-09-10,150480,Franklin India Balanced Advantage Fund- Growth,14.4241
2026-09-10,150481,Franklin India Balanced Advantage Fund- Growth- Direct,15.3828
2026-09-10,150482,Aditya Birla Sun Life Long Term Fund-Regular Growth,13.0768
2026-09-10,150483,Aditya Birla Sun Life Long Term Fund-Regular IDCW Payout,10.6713
2026-09-10,150484,Aditya Birla Sun Life Long Term Fund-Direct Growth,13.4161
2026-09-10,150485,Aditya Birla Sun Life Long Term Fund-Direct IDCW Payout,10.9533
2026-09-10,150487,Nippon India Nifty Alpha Low Volatility 30 Index Fund - Direct Plan - Growth Option,15.9776
2026-09-10,150488,Nippon India Nifty Alpha Low Volatility 30 Index Fund - Direct Plan - IDCW Option,15.9776
2026-09-10,150490,Nippon India Nifty Alpha Low Volatility 30 Index Fund - Regular Plan - Growth Option,15.6173
2026-09-10,150491,Nippon India Nifty Alpha Low Volatility 30 Index Fund - Regular Plan - IDCW Option,15.6173
2026-09-10,150492,Kotak Nifty India Consumption ETF,11.8702
2026-09-10,150497,Aditya Birla Sun Life Nifty 200 Quality 30 ETF,20.8302
2026-09-10,150498,Aditya Birla Sun Life Nifty 200 Momentum 30 ETF,31.3045
2026-09-10,150499,HSBC Overnight Fund - Unclaimed IDCW Below three years,1279.5155
2026-09-10,150500,HSBC Overnight Fund - Unclaimed Redemption above three years,1000
2026-09-10,150501,HSBC Overnight Fund - Unclaimed IDCW Above three years,1000
2026-09-10,150502,HSBC Overnight Fund - Unclaimed Redemption Below three years,1279.5354
2026-09-10,150503,Canara Robeco Banking and PSU Debt Fund- Regular Plan- Growth Option,12.7643
2026-09-10,150504,Canara Robeco Banking and PSU Debt Fund- Regular Plan- IDCW (Payout/ Reinvestment),10.7097
2026-09-10,150505,Canara Robeco Banking and PSU Debt Fund- Direct Plan- Growth Option,12.9225
2026-09-10,150507,Canara Robeco Banking and PSU Debt Fund- Direct Plan- IDCW Payout,10.8333
2026-09-10,150511,TRUSTMF MONEY MARKET FUND-REGULAR PLAN-GROWTH,1311.7416
2026-09-10,150512,TRUSTMF MONEY MARKET FUND-REGULAR PLAN-MONTHLY IDCW,1158.9012
2026-09-10,150513,TRUSTMF MONEY MARKET FUND-DIRECT PLAN-GROWTH,1323.0893
2026-09-10,150514,TRUSTMF MONEY MARKET FUND-DIRECT PLAN-MONTHLY IDCW,1169.4235
2026-09-10,150515,Navi Nifty India Manufacturing Index Fund- Direct Plan- Growth,19.63
2026-09-10,150516,Navi Nifty India Manufacturing Index Fund- Regular Plan- Growth,19.0373
2026-09-10,150517,Motilal Oswal BSE Enhanced Value ETF,111.9733
2026-09-10,150518,Motilal Oswal BSE Enhanced Value Index Fund-Direct plan,27.1387
2026-09-10,150519,Motilal Oswal BSE Enhanced Value Index Fund-Regular plan,26.4049
2026-09-10,150520,Motilal Oswal BSE Quality ETF,195.6288
2026-09-10,150521,Motilal Oswal BSE Quality Index Fund-Direct plan,17.1512
2026-09-10,150522,Motilal Oswal BSE Quality Index Fund-Regular plan,16.6820
2026-09-10,150523,DSP Silver ETF,22.4821
2026-09-10,150526,ICICI Prudential Nifty Infrastructure ETF,94.1011
2026-09-10,150531,Kotak Nifty MNC ETF,32.8704
2026-09-10,150532,Tata Housing Opportunities Fund - Direct Plan - Growth,15.6572
2026-09-10,150533,Tata Housing Opportunities Fund - Direct Plan - IDCW Reinvestment,15.6572
2026-09-10,150534,Tata Housing Opportunities Fund - Direct Plan - IDCW Payout,15.6572
2026-09-10,150535,Tata Housing Opportunities Fund - Regular Plan - IDCW Payout,14.6216
2026-09-10,150536,Tata Housing Opportunities Fund - Regular Plan - IDCW Reinvestment,14.6216
2026-09-10,150537,Tata Housing Opportunities Fund - Regular Plan - Growth,14.6216
2026-09-10,150538,ICICI Prudential PSU Equity Fund - Growth,21.86
2026-09-10,150539,ICICI Prudential PSU Equity Fund - Direct Plan - Growth,23.07
2026-09-10,150540,ICICI Prudential PSU Equity Fund - IDCW,18.40
2026-09-10,150541,ICICI Prudential PSU Equity Fund - Direct Plan - IDCW,19.57
2026-09-10,150542,JM Short Term Fund (Regular) - Growth,12.7549
2026-09-10,150543,JM Short Term Fund (Regular) - IDCW,12.7554
2026-09-10,150544,JM Short Term Fund (Direct) - IDCW,13.164
2026-09-10,150545,JM Short Term Fund (Direct) - Growth,13.1635
2026-09-10,150552,Union Retirement Fund - Regular Plan - Growth Option,16.53
2026-09-10,150553,Union Retirement Fund - Regular Plan - IDCW Option,15.32
2026-09-10,150554,Union Retirement Fund - Direct Plan - Growth Option,17.48
2026-09-10,150555,Union Retirement Fund - Direct Plan - IDCW Option,17.28
2026-09-10,150556,HDFC Silver ETF - Growth Option,222.8398
2026-09-10,150568,Sundaram Flexicap Fund Regular Growth,14.0780
2026-09-10,150569,Sundaram Flexicap Fund Regular Plan IDCW Payout,11.6390
2026-09-10,150570,Sundaram Flexicap Fund Regular Plan IDCW Reinvestment,11.6390
2026-09-10,150571,Sundaram Flexicap Fund Direct Growth,14.9556
2026-09-10,150572,Sundaram Flexicap Fund Direct Plan IDCW Reinvestment,12.3751
2026-09-10,150573,Sundaram Flexicap Fund Direct Plan IDCW Payout,12.3751
2026-09-10,150582,WhiteOak Capital Mid Cap Fund Direct Plan IDCW,23.499
2026-09-10,150583,WhiteOak Capital Mid Cap Fund Regular Plan Growth,22.099
2026-09-10,150584,WhiteOak Capital Mid Cap Fund Direct Plan Growth,23.499
2026-09-10,150585,WhiteOak Capital Mid Cap Fund Regular Plan IDCW,22.099
2026-09-10,150586,WhiteOak Capital ELSS Tax Saver Fund Direct Plan IDCW,19.210
2026-09-10,150587,WhiteOak Capital ELSS Tax Saver Fund Direct Plan Growth,19.210
2026-09-10,150588,WhiteOak Capital ELSS Tax Saver Fund Regular Plan IDCW,17.972
2026-09-10,150589,WhiteOak Capital ELSS Tax Saver Fund Regular Plan Growth,17.972
2026-09-10,150590,BANDHAN NIFTY200 MOMENTUM 30 INDEX FUND - IDCW - DIRECT PLAN,15.7657
2026-09-10,150591,BANDHAN NIFTY200 MOMENTUM 30 INDEX FUND - GROWTH - DIRECT PLAN,15.7925
2026-09-10,150592,BANDHAN NIFTY200 MOMENTUM 30 INDEX FUND - GROWTH - REGULAR PLAN,15.4027
2026-09-10,150593,BANDHAN NIFTY200 MOMENTUM 30 INDEX FUND - IDCW - REGULAR PLAN,15.4021
2026-09-10,150610,Axis Silver ETF,231.7365
2026-09-10,150615,Axis Silver Fund of Fund- Direct Plan-Growth Option,40.1318
2026-09-10,150616,Axis Silver Fund of Fund- Direct Plan - IDCW Option,40.1313
2026-09-10,150617,Axis Silver Fund of Fund -Regular Plan- Growth Option,39.3178
2026-09-10,150618,Axis Silver Fund of Fund - Regular Plan - IDCW Option,39.3164
2026-09-10,150619,HDFC NIFTY 50 VALUE 20 ETF - Growth Option,122.4244
2026-09-10,150620,HDFC NIFTY100 QUALITY 30 ETF - Growth Option,57.5976
2026-09-10,150621,HDFC NIFTY GROWTH SECTORS 15 ETF - Growth Option,115.832
2026-09-10,150622,Kotak Business Cycle Fund-Regular Plan-IDCW option,15.995
2026-09-10,150624,Kotak Business Cycle - Direct Plan - Growth,18.254
2026-09-10,150625,Kotak Business Cycle Fund-Direct Plan-IDCW option,16.965
2026-09-10,150626,Kotak Business Cycle Fund-Regular Plan--Growth,17.209
2026-09-10,150627,Nippon India Fixed Maturity Plan-XLIV-Series 1-Direct Plan-Growth Option,13.4331
2026-09-10,150628,Nippon India Fixed Maturity Plan-XLIV-Series 1-Direct Plan-Payout of IDCW,13.4332
2026-09-10,150629,Nippon India Fixed Maturity Plan-XLIV-Series 1-Regular Plan-Growth Option,13.3269
2026-09-10,150630,Nippon India Fixed Maturity Plan-XLIV-Series 1-Regular Plan-Payout of IDCW,13.3269
2026-09-10,150631,Samco Overnight Fund - Direct Plan - Growth Option,1256.7642
2026-09-10,150632,Samco Overnight Fund - Regular Plan - Growth Option,1246.3134
2026-09-10,150633,BANDHAN NIFTY100 LOW VOLATILITY 30 INDEX FUND - GROWTH - REGULAR PLAN,14.9793
2026-09-10,150634,BANDHAN NIFTY100 LOW VOLATILITY 30 INDEX FUND - IDCW - DIRECT PLAN,15.3248
2026-09-10,150635,BANDHAN NIFTY100 LOW VOLATILITY 30 INDEX FUND - IDCW - REGULAR PLAN,14.9789
2026-09-10,150636,BANDHAN NIFTY100 LOW VOLATILITY 30 INDEX FUND - GROWTH - DIRECT PLAN,15.4011
2026-09-10,150637,ICICI Prudential Nifty50 Equal Weight Index Fund- Growth,16.4214
2026-09-10,150638,ICICI Prudential Nifty50 Equal Weight Index Fund- IDCW,16.4213
2026-09-10,150639,ICICI Prudential Nifty50 Equal Weight Index Fund- Direct Plan - Growth,16.8226
2026-09-10,150640,ICICI Prudential Nifty50 Equal Weight Index Fund- Direct Plan - IDCW,16.8223
2026-09-10,150641,Motilal Oswal Gold and Silver Passive Fund of Funds(Regular Plan),30.7477
2026-09-10,150642,Motilal Oswal Gold and Silver Passive Fund of Funds(Direct Plan),31.1707
2026-09-10,150643,ICICI Prudential Nifty Auto Index Fund - Direct Plan - Growth,22.2810
2026-09-10,150644,ICICI Prudential Nifty Auto Index Fund - Direct Plan - IDCW,22.2809
2026-09-10,150645,ICICI Prudential Nifty Auto Index Fund - Growth,21.8034
2026-09-10,150646,ICICI Prudential Nifty Auto Index Fund - IDCW,21.8039
2026-09-10,150657,HDFC NIFTY200 MOMENTUM 30 ETF - Growth Option,31.202
2026-09-10,150658,HDFC NIFTY100 Low Volatility 30 ETF - Growth Option,20.0577
2026-09-10,150659,LIC MF Multi Cap Fund-Direct Plan-Growth,19.7581
2026-09-10,150660,LIC MF Multi Cap Fund-Direct Plan-IDCW,19.7581
2026-09-10,150661,LIC MF Multi Cap Fund-Regular Plan-Growth,18.5753
2026-09-10,150662,LIC MF Multi Cap Fund-Regular Plan-IDCW,18.5753
2026-09-10,150671,Edelweiss CRISIL IBX 50:50 Gilt Plus SDL April 2037 Index Fund - Direct Plan - Growth,13.4571
2026-09-10,150672,SBI Nifty Midcap 150 Index Fund - Regular Plan - Growth,19.5835
2026-09-10,150673,SBI Nifty Midcap 150 Index Fund - Direct Plan - Growth,19.9766
2026-09-10,150674,SBI Nifty Midcap 150 Index Fund - Regular Plan - Income Distribution cum Capital Withdrawal Option (IDCW),19.5837
2026-09-10,150675,SBI Nifty Midcap 150 Index Fund - Direct Plan - Income Distribution cum Capital Withdrawal Option (IDCW),19.9759
2026-09-10,150676,SBI Nifty Smallcap 250 Index Fund - Regular Plan - Growth,19.7146
2026-09-10,150677,SBI Nifty Smallcap 250 Index Fund - Direct Plan - Growth,20.1184
2026-09-10,150678,SBI Nifty Smallcap 250 Index Fund - Direct Plan - Income Distribution cum Capital Withdrawal Option (IDCW),20.1179
2026-09-10,150679,SBI Nifty Smallcap 250 Index Fund - Regular Plan - Income Distribution cum Capital Withdrawal Option (IDCW),19.7151
2026-09-10,150680,SBI CRISIL IBX Gilt Index - June 2036 Fund - Regular Plan - Income Distribution cum Capital Withdrawal Option (IDCW),13.4163
2026-09-10,150681,SBI |CRISIL IBX Gilt Index - June 2036 Fund - Direct Plan - Growth,13.5437
2026-09-10,150682,SBI CRISIL IBX Gilt Index - June 2036 Fund - Direct Plan - Income Distribution cum Capital Withdrawal Option (IDCW),13.5437
2026-09-10,150683,SBI CRISIL IBX Gilt Index - June 2036 Fund - Regular Plan - Growth,13.4159
2026-09-10,150684,ICICI PRUDENTIAL TRANSPORTATION AND LOGISTICS FUND - Growth,22.20
2026-09-10,150685,ICICI PRUDENTIAL TRANSPORTATION AND LOGISTICS FUND - Direct Plan - Growth,23.27
2026-09-10,150686,ICICI PRUDENTIAL TRANSPORTATION AND LOGISTICS FUND - IDCW,18.82
2026-09-10,150687,ICICI PRUDENTIAL TRANSPORTATION AND LOGISTICS FUND - Direct Plan - IDCW,19.85
2026-09-10,150702,Aditya Birla Sun Life Crisil IBX 50:50 Gilt Plus SDL Apr 2028 Index Fund-Direct Growth,13.3881
2026-09-10,150703,Aditya Birla Sun Life Crisil IBX 50:50 Gilt Plus SDL Apr 2028 Index Fund-Regular Growth,13.3081
2026-09-10,150704,Aditya Birla Sun Life Crisil IBX 50:50 Gilt Plus SDL APR 2028 Index Fund-Direct IDCW,13.3858
2026-09-10,150705,Aditya Birla Sun Life Crisil IBX 50:50 Gilt Plus SDL Apr 2028 Index Fund-Regular IDCW,13.3093
2026-09-10,150706,SBI CRISIL IBX Gilt Index - April 2029 Fund - Direct Plan - Growth,13.4215
2026-09-10,150707,SBI CRISIL IBX Gilt Index - April 2029 Fund - Regular Plan - Growth,13.3002
2026-09-10,150708,SBI CRISIL IBX Gilt Index - April 2029 Fund - Direct Plan - Income Distribution cum Capital Withdrawal Option (IDCW),13.4216
2026-09-10,150709,SBI CRISIL IBX Gilt Index - April 2029 Fund - Regular Plan - Income Distribution cum Capital Withdrawal Option (IDCW),13.3011
2026-09-10,150710,SBI CRISIL IBX SDL Index - September 2027 Fund - Regular Plan - Income Distribution cum Capital Withdrawal Option (IDCW),13.2165
2026-09-10,150711,SBI CRISIL IBX SDL Index - September 2027 Fund - Direct Plan - Growth,13.3063
2026-09-10,150712,SBI CRISIL IBX SDL Index - September 2027 Fund - Regular Plan - Growth,13.2160
2026-09-10,150713,SBI CRISIL IBX SDL Index - September 2027 Fund - Direct Plan - Income Distribution cum Capital Withdrawal Option (IDCW),13.3122
2026-09-10,150714,UTI Gold ETF Fund of Fund - Direct Plan - Growth Option,29.3679
2026-09-10,150715,UTI Gold ETF Fund of Fund - Regular Plan - Growth Opton,28.8905
2026-09-10,150716,BANDHAN TRANSPORTATION AND LOGISTICS FUND - GROWTH - DIRECT PLAN,21.713
2026-09-10,150717,BANDHAN TRANSPORTATION AND LOGISTICS FUND - GROWTH - REGULAR PLAN,20.431
2026-09-10,150718,BANDHAN TRANSPORTATION AND LOGISTICS FUND - IDCW - REGULAR PLAN,19.125
2026-09-10,150719,BANDHAN TRANSPORTATION AND LOGISTICS FUND - IDCW - DIRECT PLAN,21.686
2026-09-10,150720,Edelweiss CRISIL IBX 50:50 Gilt Plus SDL April 2037 Index Fund - Regular Plan - Growth,13.3103
2026-09-10,150721,Edelweiss CRISIL IBX 50:50 Gilt Plus SDL April 2037 Index Fund - Regular Plan - IDCW Option,12.3155
2026-09-10,150722,Edelweiss CRISIL IBX 50:50 Gilt Plus SDL April 2037 Index Fund - Direct Plan - IDCW Option,12.4616
2026-09-10,150723,Kotak Nifty SDL Plus AAA PSU Bond Jul 2028 60:40 Index Fund Regular Plan - Growth,13.2137
2026-09-10,150724,Kotak Nifty SDL Plus AAA PSU Bond Jul 2028 60:40 Index Fund Regular Plan - IDCW,13.2095
2026-09-10,150725,Kotak Nifty SDL Plus AAA PSU Bond Jul 2028 60:40 Index Fund Direct Plan - Growth,13.314
2026-09-10,150726,Kotak Nifty SDL Plus AAA PSU Bond Jul 2028 60:40 Index Fund Direct Plan - IDCW,13.3141
2026-09-10,150727,Edelweiss CRISIL IBX 50:50 Gilt Plus SDL June 2027 Index Fund - Direct Plan - Growth,13.2577
2026-09-10,150728,ICICI Prudential Nifty SDL Dec 2028 Index Fund - Growth,13.3444
2026-09-10,150729,ICICI Prudential Nifty SDL Dec 2028 Index Fund - Direct Plan - Growth,13.4370
2026-09-10,150730,ICICI Prudential Nifty SDL Dec 2028 Index Fund - Direct Plan - Annual IDCW,13.4374
2026-09-10,150731,ICICI Prudential Nifty SDL Dec 2028 Index Fund - Annual IDCW,13.3444
2026-09-10,150732,ICICI Prudential Nifty G-Sec Dec 2030 Index Fund - Growth,13.3897
2026-09-10,150733,ICICI Prudential Nifty G-Sec Dec 2030 Index Fund - Direct Plan - Growth,13.4873
2026-09-10,150734,ICICI Prudential Nifty G-Sec Dec 2030 Index Fund - Annual IDCW,13.3898
2026-09-10,150735,ICICI Prudential Nifty G-Sec Dec 2030 Index Fund - Direct Plan - Annual IDCW,13.4865
2026-09-10,150736,HDFC Silver ETF Fund of Fund - Growth Option,38.0429
2026-09-10,150737,HDFC Silver ETF Fund of Fund - Growth Option - Direct Plan,38.5934
2026-09-10,150738,Tata Nifty Midcap 150 Momentum 50 Index Fund - Growth - Direct Plan,18.6811
2026-09-10,150739,Tata Nifty Midcap 150 Momentum 50 Index Fund - IDCW Reinvestment - Direct Plan,18.6811
2026-09-10,150740,Tata Nifty Midcap 150 Momentum 50 Index Fund - IDCW Payout - Direct Plan,18.6811
2026-09-10,150741,Tata Nifty Midcap 150 Momentum 50 Index Fund - Growth - Regular Plan,18.1707
2026-09-10,150742,Tata Nifty Midcap 150 Momentum 50 Index Fund - IDCW Payout - Regular Plan,18.1707
2026-09-10,150743,Tata Nifty Midcap 150 Momentum 50 Index Fund - IDCW Reinvestment - Regular Plan,18.1707
2026-09-10,150770,Edelweiss CRISIL IBX 50:50 Gilt Plus SDL June 2027 Index Fund - Direct Plan - IDCW,12.4525
2026-09-10,150771,Edelweiss CRISIL IBX 50:50 Gilt Plus SDL June 2027 Index Fund - Regular Plan - Growth,13.1319
2026-09-10,150772,Edelweiss CRISIL IBX 50:50 Gilt Plus SDL June 2027 Index Fund - Regular Plan - IDCW,12.3272
2026-09-10,150777,Aditya Birla Sun Life Crisil IBX Gilt-Apr 2029 Index Fund-Regular Growth,13.3853
2026-09-10,150778,Aditya Birla Sun Life Crisil IBX Gilt-Apr-2029 Index Fund-Direct Growth,13.4704
2026-09-10,150779,Aditya Birla Sun Life Crisil IBX Gilt-Apr 2029 Index Fund-Regular IDCW,10.6761
2026-09-10,150780,Aditya Birla Sun Life Crisil IBX Gilt-Apr 2029 Index Fund-Direct IDCW,10.7781
2026-09-10,150789,Mirae Asset CRISIL IBX Gilt Index - April 2033 Index Fund - Direct Plan - IDCW,13.5088
2026-09-10,150790,Mirae Asset CRISIL IBX Gilt Index - April 2033 Index Fund - Regular Plan - Growth,13.3625
2026-09-10,150791,Mirae Asset CRISIL IBX Gilt Index - April 2033 Index Fund - Regular Plan - IDCW,13.3634
2026-09-10,150792,Mirae Asset CRISIL IBX Gilt Index - April 2033 Index Fund - Direct Plan - Growth,13.5129
2026-09-10,150797,WhiteOak Capital Large Cap Fund Direct Plan Growth,15.709
2026-09-10,150798,WhiteOak Capital Large Cap Fund Direct Plan IDCW,15.709
2026-09-10,150799,WhiteOak Capital Large Cap Fund Regular Plan Growth,14.759
2026-09-10,150800,WhiteOak Capital Large Cap Fund Regular Plan IDCW,14.759
2026-09-10,150801,HDFC NIFTY IT ETF - Growth option,30.8906
2026-09-10,150802,HDFC NIFTY Private Bank ETF - Growth Option,27.8706
2026-09-10,150803,HDFC Business Cycle Fund - Growth Option,15.391
2026-09-10,150804,HDFC Business Cycle Fund - IDCW Option - Direct Plan,16.11
2026-09-10,150805,HDFC Business Cycle Fund - Growth Option - Direct Plan,16.11
2026-09-10,150806,HDFC Business Cycle Fund - IDCW Option,15.391
2026-09-10,150807,Edelweiss CRISIL IBX 50:50 Gilt Plus SDL Sep 2028 Index Fund - Direct Plan - Growth,13.3109
2026-09-10,150812,JM Mid Cap Fund (Regular) - Growth,21.1851
2026-09-10,150813,JM Mid Cap Fund (Regular) - IDCW,21.1851
2026-09-10,150814,JM Mid Cap Fund (Direct) - IDCW,22.6148
2026-09-10,150815,JM Mid Cap Fund (Direct) - Growth,22.6149
2026-09-10,150816,Canara Robeco Mid Cap Fund- Regular Plan- Growth Option,18.4400
2026-09-10,150817,Canara Robeco Mid Cap Fund- Direct Plan- Growth Option,19.4200
2026-09-10,150818,Canara Robeco Mid Cap Fund- Direct Plan- IDCW,17.8900
2026-09-10,150819,Canara Robeco Mid Cap Fund- Regular Plan- IDCW,16.9600
2026-09-10,150820,Kotak Income Plus Arbitrage Omni  FOF-Regular Plan-Growth,13.181
2026-09-10,150821,Kotak Income Plus Arbitrage Omni FOF-Regular Plan-IDCW,13.1807
2026-09-10,150822,Kotak Income Plus Arbitrage Omni FOF-Direct Plan-Growth,13.2588
2026-09-10,150823,Kotak Income Plus Arbitrage Omni FOF-Direct Plan-IDCW,13.2589
2026-09-10,150824,Nippon India Nifty SDL Plus G-Sec - Jun 2028 Maturity 70:30 Index Fund-Direct Plan-Growth Option,13.1789
2026-09-10,150825,Nippon India Nifty SDL Plus G-Sec - Jun 2028 Maturity 70:30 Index Fund-Regular Plan-Growth Option,13.0793
2026-09-10,150826,Nippon India Nifty SDL Plus G-Sec - Jun 2028 Maturity 70:30 Index Fund-Direct Plan-IDCW Option,13.1789
2026-09-10,150827,Nippon India Nifty SDL Plus G-Sec - Jun 2028 Maturity 70:30 Index Fund-Regular Plan IDCW Option,13.0793
2026-09-10,150838,Samco ELSS Tax Saver Fund - Direct Plan - Growth Option,14.09
2026-09-10,150839,Samco ELSS Tax Saver Fund - Regular Plan - Growth Option,13.36
2026-09-10,150842,DSP FMP Series - 267 - 1172 Days - Direct - Growth,13.0612
2026-09-10,150843,DSP FMP Series - 267 - 1172 Days - Regular - Growth,13.0074
2026-09-10,150844,HDFC Nifty G-Sec Dec 2026 Index Fund - Growth Option,12.9787
2026-09-10,150845,HDFC Nifty G-Sec Dec 2026 Index Fund - Growth Option - Direct Plan,13.0544
2026-09-10,150846,HDFC Nifty G-Sec July 2031 Index Fund - Growth Option,13.3396
2026-09-10,150847,HDFC Nifty G-Sec July 2031 Index Fund - Growth Option - Direct Plan,13.4226
2026-09-10,150848,Edelweiss CRISIL IBX 50:50 Gilt Plus SDL Sep 2028 Index Fund - Regular Plan - Growth,13.1791
2026-09-10,150849,Edelweiss CRISIL IBX 50:50 Gilt Plus SDL Sep 2028 Index Fund - Regular Plan - IDCW,12.3749
2026-09-10,150850,Edelweiss CRISIL IBX 50:50 Gilt Plus SDL Sep 2028 Index Fund - Direct Plan - IDCW,12.5069
2026-09-10,150851,Axis Nifty SDL September 2026 Debt Index Fund - Regular Plan - Growth,12.9709
2026-09-10,150852,Axis Nifty SDL September 2026 Debt Index Fund - Direct Plan - IDCW,13.0319
2026-09-10,150853,Axis Nifty SDL September 2026 Debt Index Fund - Regular Plan -  IDCW,12.9695
2026-09-10,150854,Axis Nifty SDL September 2026 Debt Index Fund - Direct Plan - Growth,13.0319
2026-09-10,150855,Union Multicap Fund - Regular Plan - Growth Option,17.60
2026-09-10,150856,Union Multicap Fund - Regular Plan - IDCW Option,17.60
2026-09-10,150857,Union Multicap Fund - Direct Plan - IDCW Option,18.45
2026-09-10,150858,Union Multicap Fund - Direct Plan - Growth Option,18.45
2026-09-10,150863,Baroda BNP Paribas Multi Asset Fund - Regular Plan - Growth Option,16.1508
2026-09-10,150864,Baroda BNP Paribas Multi Asset Fund - Regular Plan - IDCW Option,14.1157
2026-09-10,150865,Baroda BNP Paribas Multi Asset Fund - Direct Plan - Growth Option,16.9887
2026-09-10,150866,Baroda BNP Paribas Multi Asset Fund - Direct Plan - IDCW Option,15.1167
2026-09-10,150867,BANDHAN CRISIL IBX 90:10 SDL PLUS GILT - NOV 2026 INDEX FUND - DIRECT IDCW,10.6486
2026-09-10,150868,BANDHAN CRISIL IBX 90:10 SDL PLUS GILT - NOV 2026 INDEX FUND - DIRECT GROWTH,13.0801
2026-09-10,150869,BANDHAN CRISIL IBX 90:10 SDL PLUS GILT - NOV 2026 INDEX FUND - REGULAR GROWTH,12.9555
2026-09-10,150870,BANDHAN CRISIL IBX 90:10 SDL PLUS GILT - NOV 2026 INDEX FUND - REGULAR IDCW,10.4975
2026-09-10,150871,BANDHAN CRISIL IBX 90:10 SDL PLUS GILT APRIL 2032 INDEX FUND - DIRECT GROWTH,13.2596
2026-09-10,150872,BANDHAN CRISIL IBX 90:10 SDL PLUS GILT APRIL 2032 INDEX FUND - DIRECT IDCW,10.8608
2026-09-10,150873,BANDHAN CRISIL IBX 90:10 SDL PLUS GILT APRIL 2032 INDEX FUND - REGULAR GROWTH,13.1724
2026-09-10,150874,BANDHAN CRISIL IBX 90:10 SDL PLUS GILT APRIL 2032 INDEX FUND - REGULAR IDCW,10.7912
2026-09-10,150879,ICICI Prudential Nifty Financial Services Ex-BaNk ETF,32.4222
2026-09-10,150888,BANDHAN CRISIL IBX 90:10 SDL PLUS GILT - SEP27 INDEX FUND - DIRECT GROWTH,13.1935
2026-09-10,150889,BANDHAN CRISIL IBX 90:10 SDL PLUS GILT SEP27 INDEX FUND - DIRECT IDCW,10.5932
2026-09-10,150890,BANDHAN CRISIL IBX 90:10 SDL PLUS GILT SEP27 INDEX FUND - REGULAR GROWTH,13.0689
2026-09-10,150891,BANDHAN CRISIL IBX 90:10 SDL PLUS GILT SEP27 INDEX FUND - REGULAR IDCW,10.5783
2026-09-10,150892,Edelweiss Nifty Smallcap 250 Index Fund - Direct Plan - Growth,19.2276
2026-09-10,150893,Edelweiss Nifty Smallcap 250 Index Fund - Regular Plan - IDCW,17.4995
2026-09-10,150894,Edelweiss Nifty Smallcap 250 Index Fund - Regular Plan - Growth,18.7409
2026-09-10,150895,Edelweiss Nifty Smallcap 250 Index Fund - Direct Plan - IDCW,17.9858
2026-09-10,150896,Edelweiss Nifty Next 50 Index Fund - Direct Plan - IDCW,16.9537
2026-09-10,150897,Edelweiss Nifty Next 50 Index Fund - Regular Plan - Growth,16.5044
2026-09-10,150898,Edelweiss Nifty Next 50 Index Fund - Regular Plan - IDCW,16.5043
2026-09-10,150899,Edelweiss Nifty Next 50 Index Fund - Direct Plan - Growth,16.954
2026-09-10,150900,Edelweiss Nifty Midcap150 Momentum 50 Index Fund - Regular Plan - Growth,18.2914
2026-09-10,150901,Edelweiss Nifty Midcap150 Momentum 50 Index Fund - Regular Plan - IDCW,18.2914
2026-09-10,150902,Edelweiss Nifty Midcap150 Momentum 50 Index Fund - Direct Plan - Growth,18.7794
2026-09-10,150903,Edelweiss Nifty Midcap150 Momentum 50 Index Fund - Direct Plan - IDCW,18.7823
2026-09-10,150904,Nippon India Nifty G-Sec Sep 2027 Maturity Index Fund-Regular Plan-Growth Option,12.8920
2026-09-10,150905,Nippon India Nifty G-Sec Sep 2027 Maturity Index Fund-Regular Plan-IDCW Option,12.8920
2026-09-10,150906,Nippon India Nifty G-Sec Sep 2027 Maturity Index Fund-Direct Plan-Growth Option,12.9927
2026-09-10,150907,Nippon India Nifty G-Sec Sep 2027 Maturity Index Fund-Direct Plan-IDCW Option,12.9927
2026-09-10,150912,Mahindra Manulife Small Cap Fund - Regular Plan - Growth,23.0513
2026-09-10,150913,Mahindra Manulife Small Cap Fund - Direct Plan - IDCW,23.4695
2026-09-10,150914,Mahindra Manulife Small Cap Fund - Regular Plan - IDCW,22.0953
2026-09-10,150915,Mahindra Manulife Small Cap Fund - Direct Plan - Growth,24.4319
2026-09-10,150920,Nippon India Nifty G-Sec Jun 2036 Maturity Index Fund-Direct Plan-Growth Option,13.2616
2026-09-10,150921,Nippon India Nifty G-Sec Jun 2036 Maturity Index fund-Direct Plan-IDCW Option,13.2616
2026-09-10,150922,Nippon India Nifty G-Sec Jun 2036 Maturity Index Fund-Regular Plan-IDCW Option,13.1523
2026-09-10,150923,Nippon India Nifty G-Sec Jun 2036 Maturity Index Fund-Regular Plan-Growth Option,13.1523
2026-09-10,150928,ICICI Prudential Nifty Pharma Index Fund - Direct Plan - IDCW,20.5675
2026-09-10,150929,ICICI Prudential Nifty Pharma Index Fund - Growth,20.0821
2026-09-10,150930,ICICI Prudential Nifty Pharma Index Fund - Direct Plan - Growth,20.5664
2026-09-10,150931,ICICI Prudential Nifty Pharma Index Fund - IDCW,20.0821
2026-09-10,150948,Kotak Silver ETF,22.6225
2026-09-10,150987,BHARAT Bond ETF - April 2033,1310.156
2026-09-10,150992,HSBC Corporate Bond Fund - Regular Growth,78.0297
2026-09-10,150993,HSBC Corporate Bond Fund - Regular Quarterly IDCW,10.9296
2026-09-10,150994,HSBC Corporate Bond Fund - Regular Semi Annual IDCW,16.7987
2026-09-10,150995,HSBC Corporate Bond Fund -Regular Plan - Bonus,29.6398
2026-09-10,150996,HSBC Corporate Bond Fund - Direct Growth,83.3937
2026-09-10,150997,HSBC Corporate Bond Fund - Direct Semi Annual IDCW,20.1565
2026-09-10,150998,HSBC Corporate Bond Fund - Direct Quarterly IDCW,11.3557
2026-09-10,151000,HSBC Corporate Bond Fund - Direct Annual IDCW,11.8454
2026-09-10,151001,HSBC Corporate Bond Fund - Regular Annual IDCW,11.5502
2026-09-10,151012,HSBC Gilt Fund - Regular Quarterly IDCW,10.1928
2026-09-10,151013,HSBC Gilt Fund - Regular Growth,66.6647
2026-09-10,151014,HSBC Gilt Fund - Direct Growth,77.4557
2026-09-10,151015,HSBC Gilt Fund - Direct Quarterly IDCW,11.9583
2026-09-10,151033,HSBC Midcap Fund - Regular IDCW,82.3954
2026-09-10,151034,HSBC Midcap Fund - Regular Growth,477.0045
2026-09-10,151035,HSBC Midcap Fund - Direct IDCW,96.282
2026-09-10,151036,HSBC Midcap Fund - Direct Growth,545.6936
2026-09-10,151037,HSBC Infrastructure Fund - Regular Growth,50.9947
2026-09-10,151038,HSBC Infrastructure Fund - Regular IDCW,36.9477
2026-09-10,151039,HSBC Infrastructure Fund - Direct IDCW,41.594
2026-09-10,151040,HSBC Infrastructure Fund - Direct Growth,58.0154
2026-09-10,151041,HSBC Credit Risk Fund- Regular Plan - Bonus,34.053
2026-09-10,151042,HSBC Credit Risk Fund - Regular IDCW,11.2144
2026-09-10,151043,HSBC Credit Risk Fund - Regular Growth,34.6005
2026-09-10,151044,HSBC Credit Risk Fund - Direct IDCW,12.3269
2026-09-10,151045,HSBC Credit Risk Fund - Direct Growth,37.8235
2026-09-10,151046,HSBC Credit Risk Fund - Regular Annual IDCW,12.5473
2026-09-10,151047,HSBC Credit Risk Fund - Direct Annual IDCW,13.7184
2026-09-10,151048,HSBC Money Market Fund - Regular Growth,28.4674
2026-09-10,151049,HSBC Money Market Fund - Regular Daily IDCW,10.8585
2026-09-10,151050,HSBC Money Market Fund - Regular Weekly IDCW,13.0924
2026-09-10,151051,HSBC Money Market Fund - Regular Monthly IDCW,11.5847
2026-09-10,151052,HSBC Money Market Fund - Direct Monthly IDCW,12.2377
2026-09-10,151053,HSBC Money Market Fund - Direct Weekly IDCW,13.1794
2026-09-10,151054,HSBC Money Market Fund - Direct Growth,29.9248
2026-09-10,151055,HSBC Money Market Fund - Direct Daily IDCW,10.8586
2026-09-10,151056,HSBC Equity Savings Fund - Regular Monthly IDCW,15.3793
2026-09-10,151057,HSBC Equity Savings Fund - Regular Quarterly IDCW,16.5026
2026-09-10,151058,HSBC Equity Savings Fund - Regular Growth,36.7824
2026-09-10,151059,HSBC Equity Savings Fund - Direct Quarterly IDCW,18.4137
2026-09-10,151060,HSBC Equity Savings Fund - Direct Growth,41.2073
2026-09-10,151061,HSBC Equity Savings Fund - Direct Monthly IDCW,17.5897
2026-09-10,151062,HSBC Short Duration Fund - Bonus,28.1958
2026-09-10,151063,HSBC Short Duration Fund -  Regular Plan - Monthly IDCW,11.0757
2026-09-10,151064,HSBC Short Duration Fund - Regular Quarterly IDCW,10.428
2026-09-10,151065,HSBC Short Duration Fund - Regular Growth,28.1969
2026-09-10,151067,HSBC Short Duration Fund - Direct Growth,30.0102
2026-09-10,151068,HSBC Short Duration Fund - Direct Plan -  Monthly IDCW,11.7483
2026-09-10,151069,HSBC Short Duration Fund - Direct Quarterly IDCW,11.2941
2026-09-10,151070,HSBC Short Duration Fund - Direct Annual IDCW,12.2695
2026-09-10,151071,HSBC Short Duration Fund - Regular Annual IDCW,11.6768
2026-09-10,151076,HSBC ELSS Tax saver Fund - Regular Growth,141.754
2026-09-10,151077,HSBC ELSS Tax saver Fund - Regular IDCW Payout,27.3045
2026-09-10,151078,HSBC ELSS Tax saver Fund - Direct Growth,155.846
2026-09-10,151079,HSBC ELSS Tax saver Fund - Direct IDCW Payout,40.3292
2026-09-10,151084,HSBC Dynamic Bond Fund - Regular Growth,30.7108
2026-09-10,151085,HSBC Dynamic Bond Fund - Regular Monthly IDCW,10.6397
2026-09-10,151086,HSBC Dynamic Bond Fund - Direct Monthly IDCW,12.6777
2026-09-10,151087,HSBC Dynamic Bond Fund - Direct Growth,33.4405
2026-09-10,151088,HSBC Dynamic Bond Fund - Direct Annual IDCW,10.8249
2026-09-10,151089,HSBC Dynamic Bond Fund - Regular Annual IDCW,10.2657
2026-09-10,151102,HSBC Banking and PSU Debt Fund - Regular Daily IDCW,11.1099
2026-09-10,151103,HSBC Banking and PSU Debt Fund - Regular Weekly IDCW,10.3171
2026-09-10,151104,HSBC Banking and PSU Debt Fund - Regular Growth,25.784
2026-09-10,151105,HSBC Banking and PSU Debt Fund - Regular Monthly IDCW,10.3271
2026-09-10,151106,HSBC Banking and PSU Debt Fund - Direct Monthly IDCW,11.1454
2026-09-10,151107,HSBC Banking and PSU Debt Fund - Direct Growth,27.2666
2026-09-10,151108,HSBC Banking and PSU Debt Fund - Direct Daily IDCW,11.1873
2026-09-10,151109,HSBC Banking and PSU Debt Fund - Direct Weekly IDCW,10.3443
2026-09-10,151110,HSBC Value Fund - Regular Growth,113.7346
2026-09-10,151111,HSBC Value Fund - Regular IDCW,49.2894
2026-09-10,151112,HSBC Value Fund - Direct IDCW,63.5253
2026-09-10,151113,HSBC Value Fund - Direct Growth,128.3675
2026-09-10,151114,HSBC Low Duration Fund - Regular Growth,30.8164
2026-09-10,151115,HSBC Low Duration Fund - Regular Monthly IDCW,10.3789
2026-09-10,151116,HSBC Low Duration Fund - Direct Monthly IDCW,11.0944
2026-09-10,151117,HSBC Low Duration Fund - Direct Growth,32.692
2026-09-10,151118,HSBC Low Duration Fund - Direct Annual IDCW,10.6384
2026-09-10,151119,HSBC Low Duration Fund - Regular Annual IDCW,10.4414
2026-09-10,151120,HSBC Aggressive Hybrid Fund - Regular Growth,59.8641
2026-09-10,151121,HSBC Aggressive Hybrid Fund - Regular IDCW,28.0525
2026-09-10,151122,HSBC Aggressive Hybrid Fund - Direct Growth,68.8332
2026-09-10,151123,HSBC Aggressive Hybrid Fund - Direct IDCW,33.8953
2026-09-10,151124,HSBC Aggressive Hybrid Fund - Regular Annual IDCW,17.4829
2026-09-10,151125,HSBC Aggressive Hybrid Fund - Direct Annual IDCW,19.8553
2026-09-10,151126,HSBC Balanced Advantage Fund - Regular IDCW,18.2014
2026-09-10,151127,HSBC Balanced Advantage Fund - Regular Growth,44.0904
2026-09-10,151128,HSBC Balanced Advantage Fund - Direct IDCW,21.954
2026-09-10,151129,HSBC Balanced Advantage Fund - Direct Growth,51.8514
2026-09-10,151130,HSBC Small Cap Fund - Direct Growth,103.7388
2026-09-10,151131,HSBC Small Cap Fund - Regular IDCW,41.759
2026-09-10,151132,HSBC Small Cap Fund - Direct IDCW,49.2609
2026-09-10,151133,HSBC Small Cap Fund - Regular Growth,92.2801
2026-09-10,151134,HSBC Arbitrage Fund - Regular Growth,20.3556
2026-09-10,151135,HSBC Arbitrage Fund - Direct Monthly IDCW,10.2689
2026-09-10,151136,HSBC Arbitrage Fund - Direct Quarterly IDCW,10.9038
2026-09-10,151137,HSBC Arbitrage Fund - Regular Quarterly IDCW,10.764
2026-09-10,151138,HSBC Arbitrage Fund - Direct Growth,21.9388
2026-09-10,151140,HSBC Arbitrage Fund - Regular Monthly IDCW,10.2657
2026-09-10,151142,HSBC Business Cycles Fund - Direct Growth,49.1912
2026-09-10,151143,HSBC Business Cycles Fund - Regular IDCW,23.3845
2026-09-10,151144,HSBC Business Cycles Fund - Regular Growth,44.0929
2026-09-10,151145,HSBC Business Cycles Fund - Direct IDCW,26.0836
2026-09-10,151146,HSBC Medium Duration Fund - Direct Growth,23.9245
2026-09-10,151147,HSBC Medium Duration Fund - Regular IDCW,10.5562
2026-09-10,151148,HSBC Medium Duration Fund - Direct IDCW,11.5048
2026-09-10,151149,HSBC Medium Duration Fund - Regular Growth,21.7482
2026-09-10,151150,HSBC Medium Duration Fund - Direct Annual IDCW,11.7238
2026-09-10,151151,HSBC Medium Duration Fund - Regular Annual IDCW,10.6119
2026-09-10,151156,HSBC NIFTY 50 INDEX FUND - Direct IDCW,27.8149
2026-09-10,151157,HSBC NIFTY 50 INDEX FUND - Direct Growth,27.8149
2026-09-10,151158,HSBC NIFTY 50 INDEX FUND - Regular Growth,27.2977
2026-09-10,151159,HSBC NIFTY 50 INDEX FUND - Regular IDCW,27.2976
2026-09-10,151160,HSBC NIFTY NEXT 50 INDEX FUND - Direct Growth,31.8489
2026-09-10,151161,HSBC NIFTY NEXT 50 INDEX FUND - Regular IDCW,30.9735
2026-09-10,151162,HSBC NIFTY NEXT 50 INDEX FUND - Regular Growth,30.9733
2026-09-10,151163,HSBC NIFTY NEXT 50 INDEX FUND - Direct IDCW,31.849
2026-09-10,151164,360 ONE ELSS Tax Saver Nifty 50 Index Fund - Regular Plan - Growth,13.2364
2026-09-10,151165,360 ONE ELSS Tax Saver Nifty 50 Index Fund - Direct Plan - Growth,13.3595
2026-09-10,151166,360 ONE ELSS Tax Saver Nifty 50 Index Fund - Direct Plan - IDCW Payout,13.3595
2026-09-10,151167,360 ONE ELSS Tax Saver Nifty 50 Index Fund - Regular Plan - IDCW Payout,13.2364
2026-09-10,151176,Axis Long Duration Fund - Direct Plan -Daily IDCW,988.3472
2026-09-10,151177,Axis Long Duration Fund - Regular Plan - Daily IDCW,987.9390
2026-09-10,151178,Axis Long Duration Fund - Regular Plan - Growth,1239.2264
2026-09-10,151179,Axis Long Duration Fund - Direct Plan - Growth,1259.4240
2026-09-10,151180,HDFC Nifty G-Sec Jun 2027 Index Fund - Growth Option,12.9517
2026-09-10,151181,HDFC Nifty G-Sec Jun 2027 Index Fund - Growth Option - Direct Plan,13.0264
2026-09-10,151182,HDFC Nifty G-Sec Sep 2032 Index Fund - Growth Option,13.1921
2026-09-10,151183,HDFC Nifty G-Sec Sep 2032 Index Fund - Growth Option - Direct Plan,13.2771
2026-09-10,151184,UTI CRISIL SDL Maturity April 2033 Index Fund - Regular Plan - Growth Option,12.9911
2026-09-10,151185,UTI CRISIL SDL Maturity April 2033 Index Fund - Direct Plan - Growth Option,13.114
2026-09-10,151190,quant Overnight Fund - Growth Option - Direct Plan,12.5815
2026-09-10,151191,quant Overnight Fund - IDCW Option - Regular Plan,12.5228
2026-09-10,151193,quant Overnight Fund - IDCW Option - Direct Plan,12.5866
2026-09-10,151195,quant Overnight Fund - Growth Option - Regular Plan,12.5343
2026-09-10,151196,ICICI Prudential Nifty 10 yr Benchmark G-sec ETF,263.4216
2026-09-10,151201,Axis Long Duration Fund - Regular Plan - Monthly IDCW,1009.2405
2026-09-10,151202,Axis Long Duration Fund - Direct Plan - Monthly IDCW,1008.6336
2026-09-10,151203,Axis Long Duration Fund - Regular Plan - Quarterly IDCW,1201.2955
2026-09-10,151204,Axis Long Duration Fund - Direct Plan - Quarterly IDCW,1221.4266
2026-09-10,151205,Axis Long Duration Fund - Direct Plan - Annual IDCW,1248.2909
2026-09-10,151206,Axis Long Duration Fund - Regular Plan - Annual IDCW,1228.1383
2026-09-10,151207,ICICI Prudential Nifty Commodities ETF,99.1023
2026-09-10,151208,ICICI Prudential Nifty SDL Sep 2026 Index Fund - Growth,12.8225
2026-09-10,151209,ICICI Prudential Nifty SDL Sep 2026 Index Fund - Annual IDCW,12.8223
2026-09-10,151210,ICICI Prudential Nifty SDL Sep 2026 Index Fund - Direct Plan - Annual IDCW,12.9184
2026-09-10,151211,ICICI Prudential Nifty SDL Sep 2026 Index Fund - Direct Plan - Growth,12.9184
2026-09-10,151212,SBI Long Term Fund - Regular Plan - Growth,12.5392
2026-09-10,151213,SBI Long Term Fund - Regular Plan - Income Distribution cum Capital Withdrawal Option (IDCW),12.5394
2026-09-10,151214,SBI Long Term Fund - Direct Plan - Growth,12.7315
2026-09-10,151215,SBI Long Term Fund - Direct Plan - Income Distribution cum Capital Withdrawal Option (IDCW),12.7319
2026-09-10,151228,quant Gilt Fund - Growth Option - Direct Plan,12.5826
2026-09-10,151229,quant Gilt Fund - IDCW Option - Direct Plan,12.567
2026-09-10,151230,quant Gilt Fund - Growth Option - Regular Plan,12.1399
2026-09-10,151231,quant Gilt Fund - IDCW Option - Regular Plan,12.1504
2026-09-10,151232,Tata Multicap Fund - Direct Plan - Growth,16.0392
2026-09-10,151233,Tata Multicap Fund - Direct Plan - IDCW Reinvestment,16.0392
2026-09-10,151234,Tata Multicap Fund - Direct Plan - IDCW Payout,16.0392
2026-09-10,151235,Tata Multicap Fund - Regular Plan - Growth,15.1753
2026-09-10,151236,Tata Multicap Fund - Regular Plan - IDCW Reinvestment,15.1753
2026-09-10,151237,Tata Multicap Fund - Regular Plan - IDCW Payout,15.1753
2026-09-10,151238,UTI CRISIL SDL Maturity June 2027 Index Fund - Regular Plan - Growth Option,12.8973
2026-09-10,151239,UTI CRISIL SDL Maturity June 2027 Index Fund - Direct Plan - Growth Option,13.014
2026-09-10,151262,DSP Nifty Bank ETF,57.8947
2026-09-10,151267,WhiteOak Capital Balanced Advantage Fund Direct Plan Growth,15.656
2026-09-10,151268,WhiteOak Capital Balanced Advantage Fund Regular Plan Growth,14.805
2026-09-10,151273,Tata Nifty G-Sec Dec 2029 Index Fund - Direct Plan - Growth,13.1292
2026-09-10,151274,Tata Nifty G-Sec Dec 2029 Index Fund - Direct Plan - IDCW Payout,13.1292
2026-09-10,151275,Tata Nifty G-Sec Dec 2029 Index Fund - Regular Plan - Growth,12.9707
2026-09-10,151276,Tata Nifty G-Sec Dec 2029 Index Fund - Regular Plan - IDCW Reinvestment,12.9707
2026-09-10,151277,Tata Nifty G-Sec Dec 2029 Index Fund - Regular Plan - IDCW Payout,12.9707
2026-09-10,151278,Tata Nifty G-Sec Dec 2029 Index Fund - Direct Plan - IDCW Reinvestment,13.1292
2026-09-10,151285,Kotak FMP Series 304-Regular Plan-Growth Option,13.3021
2026-09-10,151286,Kotak FMP Series 304-Direct Plan-Growth Option,13.318
2026-09-10,151287,Kotak FMP Series 304-Direct Plan-Payout of IDCW,13.3167
2026-09-10,151288,Kotak FMP Series 304-Regular Plan-Payout of IDCW,13.3023
2026-09-10,151289,HSBC Multi Cap Fund - Regular - Growth,20.3372
2026-09-10,151290,HSBC Multi Cap Fund - Direct - Growth,21.3157
2026-09-10,151291,HSBC Multi Cap Fund - Direct - IDCW,20.5889
2026-09-10,151292,HSBC Multi Cap Fund - Regular - IDCW,16.7183
2026-09-10,151297,Axis CRISIL IBX 50:50 Gilt Plus SDL June 2028 Index Fund - Regular Plan - Growth,12.8994
2026-09-10,151298,Axis CRISIL IBX 50:50 Gilt Plus SDL June 2028 Index Fund - Regular Plan - IDCW,12.8993
2026-09-10,151299,Axis CRISIL IBX 50:50 Gilt Plus SDL June 2028 Index Fund - Direct Plan - IDCW,12.9927
2026-09-10,151300,Axis CRISIL IBX 50:50 Gilt Plus SDL June 2028 Index Fund - Direct Plan - Growth,12.9871
2026-09-10,151301,Tata Nifty G Sec Dec 2026 Index Fund-Direct Plan-Growth,12.8647
2026-09-10,151302,Tata Nifty G Sec Dec 2026 Index Fund-Direct Plan-IDCW Payout,12.8647
2026-09-10,151303,Tata Nifty G SEc Dec 2026 Index Fund-Regular Plan-IDCW Reinvestment,12.7142
2026-09-10,151304,Tata Nifty G Sec Dec 2026 Index Fund-Regular Plan-IDCW Payout,12.7142
2026-09-10,151305,Tata Nifty G Sec Dec 2026 Index Fund-Direct Plan-IDCW Reinvestment,12.8647
2026-09-10,151306,Tata Nifty G Sec Dec 2026 Index Fund-Regular Plan-Growth,12.7142
2026-09-10,151307,Aditya Birla Sun Life Multi Asset Allocation Fund-Direct Growth,17.7846
2026-09-10,151308,Aditya Birla Sun Life Multi Asset Allocation Fund-Direct IDCW,16.0773
2026-09-10,151309,Aditya Birla Sun Life Multi Asset Allocation Fund-Regular Growth,16.9171
2026-09-10,151310,Aditya Birla Sun Life Multi Asset Allocation Fund-Regular IDCW,14.2446
2026-09-10,151311,HDFC Long Term Fund - IDCW Option,10.6515
2026-09-10,151312,HDFC Long Term Fund - IDCW Option - Direct Plan,10.4207
2026-09-10,151313,HDFC Long Term Fund - Growth Option - Direct Plan,12.5067
2026-09-10,151314,HDFC Long Term Fund - Growth Option,12.3496
2026-09-10,151319,TRUSTMF CORPORATE BOND FUND-REGULAR PLAN-MONTHLY IDCW,1169.4897
2026-09-10,151320,TRUSTMF CORPORATE BOND FUND-DIRECT PLAN-GROWTH,1279.0940
2026-09-10,151321,TRUSTMF CORPORATE BOND FUND-DIRECT PLAN-MONTHLY IDCW,1189.8360
2026-09-10,151322,TRUSTMF CORPORATE BOND FUND-REGULAR PLAN-GROWTH,1260.6426
2026-09-10,151327,DSP CRISIL-IBX 50:50 Gilt Plus SDL - April 2033 Index Fund - Regular - Growth,13.0249
2026-09-10,151328,DSP CRISIL-IBX 50:50 Gilt Plus SDL - April 2033 Index Fund - Direct - IDCW,13.1458
2026-09-10,151329,DSP CRISIL-IBX 50:50 Gilt Plus SDL - April 2033 Index Fund - Direct - Growth,13.1458
2026-09-10,151330,DSP CRISIL-IBX 50:50 Gilt Plus SDL - April 2033 Index Fund - Regular - IDCW,13.0249
2026-09-10,151358,Kotak Nifty 1D Rate Liquid ETF,1121.9722
2026-09-10,151365,Edelweiss CRISIL IBX 50:50 Gilt Plus SDL Short Duration Index fund - Direct Plan - Growth,12.9242
2026-09-10,151366,Axis Business Cycles Fund - Regular Plan - Growth,17.25
2026-09-10,151367,Axis Business Cycles Fund - Regular Plan - IDCW,15.91
2026-09-10,151368,Axis Business Cycles Fund - Direct Plan - Growth,18.06
2026-09-10,151369,Axis Business Cycles Fund - Direct Plan - IDCW,16.65
2026-09-10,151370,DSP Nifty SDL Plus G-Sec Sep 2027 50:50 Index Fund - Regular - Growth,12.9181
2026-09-10,151371,DSP Nifty SDL Plus G-Sec Sep 2027 50:50 Index Fund - Direct - IDCW,12.9984
2026-09-10,151372,DSP Nifty SDL Plus G-Sec Sep 2027 50:50 Index Fund - Regular - IDCW,12.9181
2026-09-10,151373,DSP Nifty SDL Plus G-Sec Sep 2027 50:50 Index Fund - Direct - Growth,12.9984
2026-09-10,151374,HDFC NIFTY Midcap 150 ETF - Growth Option,23.2065
2026-09-10,151375,HDFC NIFTY Smallcap 250 ETF - Growth Option,185.8923
2026-09-10,151376,HDFC BSE 500 ETF - Growth Option,36.9115
2026-09-10,151377,ITI Flexi Cap Fund- Regular Plan- Growth,20.0225
2026-09-10,151378,ITI Flexi Cap Fund- Regular Plan- IDCW,19.3606
2026-09-10,151379,ITI Flexi Cap Fund- Direct Plan- Growth,21.2687
2026-09-10,151380,ITI Flexi Cap Fund- Direct Plan- IDCW,20.6007
2026-09-10,151381,Kotak Banking & Financial Services Fund - Regular Plan - Growth,15.984
2026-09-10,151382,Kotak Banking & Financial Services Fund - Regular Plan - IDCW Payout,15.984
2026-09-10,151383,Kotak Banking & Financial Services Fund - Direct Plan - IDCW Payout,16.878
2026-09-10,151384,Kotak Banking & Financial Services Fund - Direct Plan - Growth,16.881
2026-09-10,151389,Nippon India Nifty SDL Plus G-Sec - Jun 2029 Maturity 70:30 Index Fund-Regular Plan-IDCW Option,12.9273
2026-09-10,151390,Nippon India Nifty SDL Plus G-Sec-Jun 2029 Maturity 70:30 Index Fund-Direct Plan-Growth Option,13.0151
2026-09-10,151391,Nippon India Nifty SDL Plus G-Sec-Jun 2029 Maturity 70:30 Index Fund-Direct Plan-IDCW Option,13.0151
2026-09-10,151392,Nippon India Nifty SDL Plus G-Sec-Jun 2029 Maturity 70:30 Index Fund-Regular Plan- Growth Option,12.9273
2026-09-10,151397,Edelweiss CRISIL IBX 50:50 Gilt Plus SDL Short Duration Index fund - Direct Plan - IDCW,12.1214
2026-09-10,151398,Edelweiss CRISIL IBX 50:50 Gilt Plus SDL Short Duration Index fund - Regular Plan - Growth,12.7313
2026-09-10,151399,Edelweiss CRISIL IBX 50:50 Gilt Plus SDL Short Duration Index fund - Regular Plan - IDCW,11.9293
2026-09-10,151404,"PGIM India CRISIL IBX Gilt Index - Apr 2028 Fund - Regular Plan, Growth Option",12.8272
2026-09-10,151405,"PGIM India CRISIL IBX Gilt Index - Apr 2028 Fund - Regular Plan, IDCW Option",10.6052
2026-09-10,151406,"PGIM India CRISIL IBX Gilt Index - Apr 2028 Fund - Direct Plan, IDCW Option",10.6702
2026-09-10,151407,"PGIM India CRISIL IBX Gilt Index - Apr 2028 Fund - Direct Plan, Growth Option",12.9023
2026-09-10,151408,BANDHAN CRISIL IBX GILT APRIL 2032 INDEX FUND - DIRECT GROWTH,13.1730
2026-09-10,151409,BANDHAN CRISIL IBX GILT APRIL 2032 INDEX FUND - REGULAR GROWTH,13.0540
2026-09-10,151410,BANDHAN CRISIL IBX GILT APRIL 2032 INDEX FUND - REGULAR IDCW,10.9872
2026-09-10,151411,BANDHAN CRISIL IBX GILT APRIL 2032 INDEX FUND - DIRECT IDCW,11.1659
2026-09-10,151412,Mirae Asset Flexi Cap Fund - Direct Plan - Growth,16.994
2026-09-10,151413,Mirae Asset Flexi Cap Fund - Direct Plan -  IDCW,16.944
2026-09-10,151414,Mirae Asset Flexi Cap Fund - Regular Plan - Growth,16.131
2026-09-10,151415,Mirae Asset Flexi Cap Fund - Regular Plan - IDCW,16.137
2026-09-10,151416,Mirae Asset Gold ETF,147.7223
2026-09-10,151417,Kotak Nifty SDL Jul 2033 Index Fund Regular Plan Growth Option,12.9274
2026-09-10,151418,Kotak Nifty SDL Jul 2033 Index Fund Direct Plan IDCW,12.6524
2026-09-10,151419,Kotak Nifty SDL Jul 2033 Index Fund Regular Plan IDCW,12.9235
2026-09-10,151420,Kotak Nifty SDL Jul 2033 Index Fund Direct Plan Growth Option,13.036
2026-09-10,151425,Aditya Birla Sun Life CRISIL IBX SDL Jun 2032 INDEX FUND - Direct IDCW Payout,13.0927
2026-09-10,151426,Aditya Birla Sun Life CRISIL IBX SDL Jun 2032 INDEX FUND - Regular IDCW Payout,12.9246
2026-09-10,151427,Aditya Birla Sun Life CRISIL IBX SDL Jun 2032 INDEX FUND - Direct Growth,13.0904
2026-09-10,151428,Aditya Birla Sun Life CRISIL IBX SDL Jun 2032 INDEX FUND - Regular Growth,12.9244
2026-09-10,151433,AXIS CRISIL IBX 50:50 Gilt Plus SDL September 2027 Index Fund- REGULAR PLAN-GROWTH,12.8822
2026-09-10,151434,AXIS CRISIL IBX 50:50 Gilt Plus SDL September 2027 Index Fund- REGULAR PLAN-IDCW,12.8783
2026-09-10,151435,AXIS CRISIL IBX 50:50 Gilt Plus SDL September 2027 Index Fund- DIRECT PLAN-GROWTH,12.9698
2026-09-10,151436,AXIS CRISIL IBX 50:50 Gilt Plus SDL September 2027 Index Fund- DIRECT PLAN- IDCW,12.9697
2026-09-10,151439,Nippon India Nifty G-Sec Oct 2028 Maturity Index Fund-Regular Plan-Growth Option,12.9263
2026-09-10,151440,Nippon India Nifty G-Sec Oct 2028 Maturity Index Fund-Direct Plan-Growth Option,13.0055
2026-09-10,151441,Nippon India Nifty G-Sec Oct 2028 Maturity Index Fund-Regular Plan-IDCW Option,12.9263
2026-09-10,151442,Nippon India Nifty G-Sec Oct 2028 Maturity Index Fund-Direct Plan-IDCW Option,13.0055
2026-09-10,151443,Bank of India Multi Cap Fund Direct Plan - Growth,20.65
2026-09-10,151444,Bank of India Multi Cap Fund Direct Plan - IDCW,20.62
2026-09-10,151445,Bank of India Multi Cap Fund Regular Plan - Growth,19.84
2026-09-10,151446,Bank of India Multi Cap Fund Regular Plan - IDCW,19.84
2026-09-10,151447,DSP FMP Series - 270 - 1172 Days - Regular - Growth,12.7720
2026-09-10,151449,DSP FMP Series - 270 - 1172 Days - Direct - Growth,12.8175
2026-09-10,151450,DSP FMP Series - 270 - 1172 Days - Direct - IDCW,12.8187
2026-09-10,151455,HDFC Nifty SDL Oct 2026 Index Fund - Growth Option,12.7973
2026-09-10,151456,HDFC Nifty SDL Oct 2026 Index Fund - Growth Option - Direct Plan,12.8681
2026-09-10,151457,HDFC MNC Fund - Growth Option,14.118
2026-09-10,151458,HDFC MNC Fund - Growth Option - Direct Plan,14.711
2026-09-10,151459,HDFC MNC Fund - IDCW Option,14.118
2026-09-10,151460,HDFC MNC Fund - IDCW Option - Direct Plan,14.711
2026-09-10,151465,HDFC FMP 2638D February 2023 - Growth Option,13.1589
2026-09-10,151467,HDFC FMP 2638D February 2023 - Quarterly IDCW Option,10.1713
2026-09-10,151468,HDFC FMP 2638D February 2023 - IDCW Option,13.1589
2026-09-10,151469,HDFC FMP 2638D February 2023 - Quarterly IDCW Option - Direct Plan,10.1776
2026-09-10,151470,HDFC FMP 2638D February 2023 - Growth Option - Direct Plan,13.2775
2026-09-10,151471,NAVI ELSS TAX SAVER NIFTY 50 INDEX FUND - DIRECT PLAN GROWTH,14.2902
2026-09-10,151472,NAVI ELSS TAX SAVER NIFTY 50 INDEX FUND - REGULAR PLAN GROWTH,13.8304
2026-09-10,151473,NAVI ELSS TAX SAVER NIFTY 50 INDEX FUND - DIRECT PLAN IDCW PAYOUT,14.2966
2026-09-10,151474,NAVI ELSS TAX SAVER NIFTY 50 INDEX FUND - REGULAR PLAN IDCW PAYOUT,13.8851
2026-09-10,151475,SBI Dividend Yield Fund - Direct Plan - Income Distribution cum Capital Withdrawal (IDCW) Option,16.1405
2026-09-10,151476,SBI Dividend Yield Fund - Regular Plan - Growth,15.5780
2026-09-10,151477,SBI Dividend Yield Fund - Regular Plan - Income Distribution cum Capital Withdrawal (IDCW) Option,15.5778
2026-09-10,151478,SBI Dividend Yield Fund - Direct Plan - Growth,16.1394
2026-09-10,151479,HSBC CRISIL IBX Gilt June 2027 Index Fund - Direct - Growth,12.7961
2026-09-10,151480,HSBC CRISIL IBX Gilt June 2027 Index Fund - Regular - Growth,12.6848
2026-09-10,151481,HSBC CRISIL IBX Gilt June 2027 Index Fund - Regular - IDCW,12.685
2026-09-10,151482,HSBC CRISIL IBX Gilt June 2027 Index Fund - Direct - IDCW,12.7962
2026-09-10,151483,UTI Fixed Term Income Fund Series XXXVI - I (1574 Days) - Regular Plan - Growth Option,12.8819
2026-09-10,151484,UTI Fixed Term Income Fund Series XXXVI - I (1574 Days) - Direct Plan - Payout of IDCW Option,12.4933
2026-09-10,151485,UTI Fixed Term Income Fund Series XXXVI - I (1574 Days) - Direct Plan - Growth Option,13.0634
2026-09-10,151486,UTI Fixed Term Income Fund Series XXXVI - I (1574 Days) - Regular Plan - Payout of IDCW Option,12.3174
2026-09-10,151487,UTI NIFTY SDL Plus AAA PSU Bond Apr 2028- 75:25 Index Fund - Direct Plan - Growth Option,12.9929
2026-09-10,151488,UTI NIFTY SDL Plus AAA PSU Bond Apr 2028- 75:25 Index Fund - Regular Plan - Growth Option,12.8938
2026-09-10,151489,HDFC Nifty G-Sec Jun 2036 Index Fund - Growth Option - Direct Plan,13.1541
2026-09-10,151490,HDFC Nifty G-Sec Jun 2036 Index Fund - Growth Option,13.07
2026-09-10,151491,ICICI Prudential Fixed Maturity Plan - Series 88 - 1303 Days Plan S - Growth,12.7301
2026-09-10,151492,ICICI Prudential Fixed Maturity Plan - Series 88 - 1303 Days Plan S - Direct Plan - IDCW,12.8411
2026-09-10,151493,ICICI Prudential Fixed Maturity Plan - Series 88 - 1303 Days Plan S - Direct Plan - Growth,12.8412
2026-09-10,151494,ICICI Prudential Fixed Maturity Plan - Series 88 - 1303 Days Plan S - IDCW,12.7301
2026-09-10,151495,HDFC Nifty G-Sec Apr 2029 Index Fund - Growth Option - Direct Plan,13.0581
2026-09-10,151496,HDFC Nifty G-Sec Apr 2029 Index Fund - Growth Option,12.9852
2026-09-10,151523,UTI Long Term Fund - Direct Plan - Growth Option,12.2722
2026-09-10,151524,UTI Long Term Fund - Direct Plan - Quarterly IDCW Option,12.2722
2026-09-10,151525,UTI Long Term Fund - Direct Plan - Annual IDCW Option,11.3144
2026-09-10,151526,UTI Long Term Fund - Direct Plan - Flexi IDCW Option,12.1168
2026-09-10,151527,UTI Long Term Fund - Regular Plan - Growth Option,11.8814
2026-09-10,151528,UTI Long Term Fund - Regular Plan - Quarterly IDCW Option,11.8814
2026-09-10,151529,UTI Long Term Fund - Regular Plan - Half Yearly IDCW Option,11.8815
2026-09-10,151530,UTI Long Term Fund - Direct Plan - Half Yearly IDCW Option,12.2723
2026-09-10,151531,UTI Long Term Fund - Regular Plan - Annual IDCW Option,10.9408
2026-09-10,151532,UTI Long Term Fund - Regular Plan - Flexi IDCW Option,11.8815
2026-09-10,151533,Aditya Birla Sun Life CRISIL Liquid Overnight ETF - IDCW Daily Reinvestment with Weekly Payout,1000.0000
2026-09-10,151560,Aditya Birla Sun Life Nifty SDL SEP 2027 Index Fund-Regular Growth,12.8902
2026-09-10,151561,Aditya Birla Sun Life Nifty SDL SEP 2027 Index Fund-Regular IDCW,12.8901
2026-09-10,151562,Aditya Birla Sun Life Nifty SDL SEP 2027 Index Fund-Direct Growth,12.9941
2026-09-10,151563,Aditya Birla Sun Life Nifty SDL SEP 2027 Index Fund-Direct IDCW,12.9927
2026-09-10,151570,HDFC NIFTY SDL Plus G-Sec Jun 2027 40:60 Index Fund - Growth Option - Direct Plan,12.8075
2026-09-10,151571,HDFC NIFTY SDL Plus G-Sec Jun 2027 40:60 Index Fund - Growth Option,12.743
2026-09-10,151572,ICICI Prudential Nifty PSU Bank ETF,85.2458
2026-09-10,151573,Baroda BNP Paribas NIFTY SDL December 2028 Index Fund - Regular Plan - IDCW Option,11.9522
2026-09-10,151574,Baroda BNP Paribas NIFTY SDL December 2028 Index Fund - Direct Plan - Growth Option,12.9513
2026-09-10,151575,Baroda BNP Paribas NIFTY SDL December 2028 Index Fund - Direct Plan - IDCW Option,12.1529
2026-09-10,151576,Baroda BNP Paribas NIFTY SDL December 2028 Index Fund - Regular Plan - Growth Option,12.8183
2026-09-10,151577,Aditya Birla Sun Life Crisil IBX Gilt Apr 2028 Index Fund-Direct Growth,12.7048
2026-09-10,151578,ICICI Prudential Innovation Fund - Direct Plan - IDCW,17.03
2026-09-10,151579,ICICI Prudential Innovation Fund - Growth,19.36
2026-09-10,151580,ICICI Prudential Innovation Fund - Direct Plan - Growth,20.11
2026-09-10,151581,ICICI Prudential Innovation Fund - IDCW,16.31
2026-09-10,151582,Aditya Birla Sun Life Crisil IBX Gilt Apr 2028 Index Fund-Regular IDCW,12.5905
2026-09-10,151583,Aditya Birla Sun Life Crisil IBX Gilt Apr 2028 Index Fund-Regular Growth,12.5911
2026-09-10,151584,Aditya Birla Sun Life Crisil IBX Gilt Apr 2028 Index Fund-Direct IDCW,12.7082
2026-09-10,151585,Axis BSE Sensex ETF,77.8077
2026-09-10,151590,Invesco India Nifty G-sec Jul 2027 Index Fund - Regular Plan - Growth,1272.8158
2026-09-10,151591,Invesco India Nifty G-sec Jul 2027 Index Fund - Regular Plan - IDCW Payout,1272.8276
2026-09-10,151592,Invesco India Nifty G-sec Jul 2027 Index Fund - Direct Plan - IDCW Payout,1279.3337
2026-09-10,151593,Invesco India Nifty G-sec Jul 2027 Index Fund - Direct Plan - Growth,1279.3342
2026-09-10,151594,Invesco India Nifty G-sec Sep 2032 Index Fund - Regular Plan - Growth,1293.8229
2026-09-10,151595,Invesco India Nifty G-sec Sep 2032 Index Fund - Regular Plan - IDCW Payout,1293.8064
2026-09-10,151596,Invesco India Nifty G-sec Sep 2032 Index Fund - Direct Plan - IDCW Payout,1300.3819
2026-09-10,151597,Invesco India Nifty G-sec Sep 2032 Index Fund - Direct Plan - Growth,1300.3829
2026-09-10,151602,Kotak Silver ETF Fund of Fund - Regular Plan - Growth Option,30.7722
2026-09-10,151603,Kotak Silver ETF Fund of Fund - Direct Plan - Growth Option,31.2487
2026-09-10,151604,Mirae Asset Nifty 100 Low Volatility 30 ETF,200.7685
2026-09-10,151609,NJ ELSS Tax Saver Fund Regular Growth,13.92
2026-09-10,151610,NJ ELSS Tax Saver Fund Regular IDCW,13.92
2026-09-10,151611,NJ ELSS Tax Saver Fund Direct Growth,14.75
2026-09-10,151612,NJ ELSS Tax Saver Fund Direct IDCW,14.75
2026-09-10,151647,Kotak Nifty Smallcap 50 Index Fund - Regular Plan - Growth,22.911
2026-09-10,151648,Kotak Nifty Smallcap 50 Index Fund - Regular Plan - IDCW,22.911
2026-09-10,151649,Kotak Nifty Smallcap 50 Index Fund - Direct Plan - Growth,23.409
2026-09-10,151650,Kotak Nifty Smallcap 50 Index Fund - Direct Plan - IDCW,23.422
2026-09-10,151691,Mirae Asset Nifty SDL June 2028 Index Fund - Direct Plan - Growth,12.8955
2026-09-10,151692,Mirae Asset Nifty SDL June 2028 Index Fund - Direct Plan - IDCW,12.8947
2026-09-10,151693,Mirae Asset Nifty SDL June 2028 Index Fund - Regular Plan - IDCW,12.7310
2026-09-10,151694,Mirae Asset Nifty SDL June 2028 Index Fund - Regular Plan - Growth,12.7307
2026-09-10,151695,Mirae Asset Nifty 8-13 yr G-Sec ETF,30.3782
2026-09-10,151708,Nippon India Fixed Maturity Plan-XLV-Series 5-Direct Plan-Growth Option,13.3683
2026-09-10,151710,Nippon India Fixed Maturity Plan-XLV-Series 5-Regular Plan-Growth Option,13.2365
2026-09-10,151712,quant Dynamic Asset Allocation Fund - IDCW Option - Direct Plan,17.0728
2026-09-10,151713,quant Dynamic Asset Allocation Fund - Growth Option - Direct Plan,17.0789
2026-09-10,151714,quant Dynamic Asset Allocation Fund - Growth Option - Regular Plan,16.2238
2026-09-10,151715,quant Dynamic Asset Allocation Fund - IDCW Option - Regular Plan,16.2253
2026-09-10,151724,HDFC NIFTY Midcap 150 Index Fund - Growth Option - Direct Plan,19.5756
2026-09-10,151725,HDFC NIFTY Midcap 150 Index Fund - Growth Option,19.2082
2026-09-10,151726,HDFC NIFTY Smallcap 250 Index Fund - Growth Option,19.7368
2026-09-10,151727,HDFC NIFTY Smallcap 250 Index Fund - Growth Option - Direct Plan,20.1046
2026-09-10,151728,HDFC BSE 500 Index Fund - Growth Option - Direct Plan,15.5285
2026-09-10,151729,HDFC BSE 500 Index Fund - Regular Plan - Growth Option,15.2353
2026-09-10,151730,UTI Silver Exchange Traded Fund,225.0576
2026-09-10,151731,UTI Silver ETF Fund of Fund - Direct Plan - Growth Option,29.8804
2026-09-10,151732,UTI Silver ETF Fund of Fund - Regular Plan - Growth Option,29.5164
2026-09-10,151737,DSP Gold ETF,14.7629
2026-09-10,151738,UTI Nifty 500 Value 50 Index Fund - Regular Plan - Growth Option,21.81
2026-09-10,151739,UTI Nifty 500 Value 50 Index Fund - Direct Plan - Growth Option,22.1572
2026-09-10,151747,Baroda BNP Paribas Value Fund - Regular Plan - Growth option,13.5924
2026-09-10,151748,HDFC Defence Fund - IDCW Option,30.747
2026-09-10,151749,HDFC Defence Fund - IDCW Option - Direct Plan,31.879
2026-09-10,151750,HDFC Defence Fund - Growth Option - Direct Plan,31.879
2026-09-10,151751,HDFC Defence Fund - Growth Option,30.747
2026-09-10,151752,Samco Active Momentum Fund - Regular Plan - Growth Option,15.90
2026-09-10,151753,Samco Active Momentum Fund - Direct Plan - Growth Option,16.62
2026-09-10,151754,Baroda BNP Paribas Value Fund - Regular Plan - IDCW option,12.3931
2026-09-10,151755,Baroda BNP Paribas Value Fund - Direct Plan - Growth option,14.1709
2026-09-10,151756,Baroda BNP Paribas Value Fund - Direct Plan - IDCW option,12.9213
2026-09-10,151757,quant Business Cycle Fund - Growth Option - Direct Plan,17.1848
2026-09-10,151758,quant Business Cycle Fund - Growth Option - Regular Plan,16.3318
2026-09-10,151759,quant Business Cycle Fund - IDCW Option - Direct Plan,17.172
2026-09-10,151760,quant Business Cycle Fund - IDCW Option - Regular Plan,16.3475
2026-09-10,151761,UTI Nifty50 Equal Weight Index Fund - Regular Plan - Growth Option,14.7114
2026-09-10,151762,UTI Nifty50 Equal Weight Index Fund - Direct Plan - Growth Option,14.9287
2026-09-10,151763,UTI BSE Housing Index Fund - Regular Plan - Growth Option,13.4636
2026-09-10,151764,UTI BSE Housing Index Fund - Direct Plan - Growth Option,13.6593
2026-09-10,151765,SBI BSE Sensex Index Fund - Regular Plan - Growth,12.2775
2026-09-10,151766,SBI BSE Sensex Index Fund - Regular Plan - IDCW,12.2775
2026-09-10,151769,SBI BSE Sensex Index Fund - Direct Plan - Growth,12.3666
2026-09-10,151770,SBI BSE Sensex Index Fund - Direct Plan - IDCW,12.3671
2026-09-10,151775,ITI Focused Fund - Regular Plan - IDCW,15.5774
2026-09-10,151776,ITI Focused Fund - Direct Plan - IDCW,16.5820
2026-09-10,151777,ITI Focused Fund - Direct Plan - Growth,17.6479
2026-09-10,151778,ITI Focused Fund - Regular Plan - Growth,16.6325
2026-09-10,151779,Mirae Asset Silver ETF,226.9264
2026-09-10,151780,Kotak Nifty 200 Momentum 30 Index Fund - Regular Plan - IDCW Payout,14.54
2026-09-10,151781,Kotak Nifty 200 Momentum 30 Index Fund - Direct Plan - Growth Option,14.771
2026-09-10,151782,Kotak Nifty 200 Momentum 30 Index Fund - Direct Plan - IDCW Payout,14.771
2026-09-10,151783,Kotak Nifty 200 Momentum 30 Index Fund - Regular Plan - Growth Option,14.54
2026-09-10,151784,Axis Nifty IT Index Fund - Regular Plan - IDCW,9.9432
2026-09-10,151785,Axis Nifty IT Index Fund - Direct Plan - Growth,10.1590
2026-09-10,151786,Axis Nifty IT Index Fund - Direct Plan - IDCW,10.1590
2026-09-10,151787,Axis Nifty IT Index Fund - Regular Plan - Growth,9.9431
2026-09-10,151788,quant BFSI Fund - Growth Option - Regular Plan,20.6294
2026-09-10,151789,quant BFSI Fund - IDCW Option - Regular Plan,20.6278
2026-09-10,151790,quant BFSI Fund - IDCW Option - Direct Plan,21.7504
2026-09-10,151791,quant BFSI Fund - Growth Option - Direct Plan,21.7264
2026-09-10,151792,Edelweiss Multi Asset Allocation Fund - Direct Plan - Growth,12.6901
2026-09-10,151793,Edelweiss Multi Asset Allocation Fund - Direct Plan - IDCW Option,12.2839
2026-09-10,151794,Edelweiss Multi Asset Allocation Fund - Regular Plan - IDCW Option,12.1527
2026-09-10,151795,Edelweiss Multi Asset Allocation Fund - Regular Plan - Growth,12.5580
2026-09-10,151796,360 ONE FLEXICAP FUND-DIRECT PLAN- GROWTH,17.1786
2026-09-10,151797,360 ONE FLEXICAP FUND-REGULAR PLAN- IDCW,16.3460
2026-09-10,151798,360 ONE FLEXICAP FUND-DIRECT PLAN- IDCW,17.1786
2026-09-10,151799,360 ONE FLEXICAP FUND-REGULAR PLAN- GROWTH,16.3460
2026-09-10,151802,HDFC Consumption Fund - IDCW Option,13.563
2026-09-10,151803,HDFC Consumption Fund - Growth Option,13.563
2026-09-10,151804,HDFC Consumption Fund - Growth Option - Direct Plan,14.089
2026-09-10,151805,HDFC Consumption Fund - IDCW Option - Direct Plan,14.089
2026-09-10,151810,Mirae Asset Multicap Fund - Direct Plan - Growth,15.459
2026-09-10,151811,Mirae Asset Multicap Fund - Direct Plan - IDCW,15.458
2026-09-10,151812,Mirae Asset Multicap Fund - Regular Plan - Growth,14.778
2026-09-10,151813,Mirae Asset Multicap Fund - Regular Plan - IDCW,14.766
2026-09-10,151814,Motilal Oswal Nifty Microcap 250 Index Fund- Direct- Growth Option,19.4591
2026-09-10,151815,Motilal Oswal Nifty Microcap 250 Index Fund- Regular- Growth Option,19.0730
2026-09-10,151816,BANDHAN FINANCIAL SERVICES FUND - DIRECT PLAN - GROWTH,15.658
2026-09-10,151817,BANDHAN FINANCIAL SERVICES FUND - DIRECT PLAN - IDCW,13.658
2026-09-10,151818,BANDHAN FINANCIAL SERVICES FUND - REGULAR PLAN - GROWTH,14.891
2026-09-10,151819,BANDHAN FINANCIAL SERVICES FUND - REGULAR PLAN - IDCW,12.999
2026-09-10,151820,DSP Nifty IT ETF,30.6592
2026-09-10,151821,Canara Robeco Multi Cap Fund - Regular Plan - Growth Option,14.8700
2026-09-10,151822,Canara Robeco Multi Cap Fund - Direct Plan - IDCW Option,13.9000
2026-09-10,151823,Canara Robeco Multi Cap Fund - Regular Plan - IDCW Option,13.2900
2026-09-10,151824,Canara Robeco Multi Cap Fund - Direct Plan - Growth Option,15.5500
2026-09-10,151833,Bajaj Finserv Liquid Fund - Direct Plan - Growth,1239.9783
2026-09-10,151834,Bajaj Finserv Liquid Fund - Direct Plan - Weekly - IDCW,1035.2054
2026-09-10,151835,Bajaj Finserv Liquid Fund - Direct Plan - Daily - IDCW,1034.6939
2026-09-10,151836,Bajaj Finserv Liquid Fund - Direct Plan - Monthly - IDCW,1039.2290
2026-09-10,151837,Bajaj Finserv Liquid Fund - Regular Plan - Growth,1232.9949
2026-09-10,151838,Bajaj Finserv Liquid Fund - Direct Plan - Fortnightly - IDCW,1035.2034
2026-09-10,151839,Bajaj Finserv Liquid Fund - Regular Plan - Daily - IDCW,1033.8241
2026-09-10,151840,Bajaj Finserv Liquid Fund - Regular Plan - Weekly - IDCW,1034.3204
2026-09-10,151841,Bajaj Finserv Liquid Fund - Regular Plan - Fortnightly - IDCW,1034.3193
2026-09-10,151842,Bajaj Finserv Liquid Fund - Regular Plan - Monthly - IDCW,1038.2183
2026-09-10,151843,Bajaj Finserv Overnight Fund - Direct Plan - Daily - IDCW,1033.1412
2026-09-10,151844,Bajaj Finserv Overnight Fund - Direct Plan - Weekly - IDCW,1033.5368
2026-09-10,151845,Bajaj Finserv Overnight Fund - Direct Plan - Monthly - IDCW,1036.4863
2026-09-10,151846,Bajaj Finserv Overnight Fund - Regular Plan - Weekly - IDCW,1033.2783
2026-09-10,151847,Bajaj Finserv Overnight Fund - Regular Plan - Fortnightly - IDCW,1033.2745
2026-09-10,151848,Bajaj Finserv Overnight Fund - Regular Plan - Monthly - IDCW,1036.2085
2026-09-10,151849,Bajaj Finserv Overnight Fund - Direct Plan - Growth,1208.9665
2026-09-10,151850,Bajaj Finserv Overnight Fund - Direct Plan - Fortnightly - IDCW,1033.5454
2026-09-10,151851,Bajaj Finserv Overnight Fund - Regular Plan - Growth,1207.0425
2026-09-10,151852,Bajaj Finserv Overnight Fund - Regular Plan - Daily - IDCW,1032.8859
2026-09-10,151853,quant Healthcare Fund - Growth Option - Direct Plan,19.2644
2026-09-10,151854,quant Healthcare Fund - IDCW Option - Direct Plan,19.2624
2026-09-10,151855,quant Healthcare Fund - Growth Option - Regular Plan,18.2983
2026-09-10,151856,quant Healthcare Fund - IDCW Option - Regular Plan,18.2973
2026-09-10,151857,Mirae Asset Nifty Bank ETF,576.2174
2026-09-10,151862,HDFC Charity Fund for Cancer Cure - IDCW Option - Direct Plan - 50% IDCW Donation Option,10.2022
2026-09-10,151863,HDFC Charity Fund for Cancer Cure - IDCW Option - 75% IDCW Donation Option,10.2022
2026-09-10,151864,HDFC Charity Fund for Cancer Cure - IDCW Option - Direct Plan - 75% IDCW Donation Option,10.2022
2026-09-10,151865,HDFC Charity Fund for Cancer Cure - IDCW Option - 50% IDCW Donation Option,10.2022
2026-09-10,151878,Kotak Quant Fund - Regular Plan - Growth Option,15.193
2026-09-10,151879,Kotak Quant Fund - Regular Plan - IDCW Payout,15.077
2026-09-10,151880,Kotak Quant Fund - Direct plan - IDCW Payout,15.386
2026-09-10,151881,Kotak Quant Fund - Direct Plan - Growth Option,15.386
2026-09-10,151882,UTI Balanced Advantage Fund - Regular Plan - Growth Option,12.4154
2026-09-10,151883,UTI Balanced Advantage Fund - Direct Plan - Payout of IDCW Option,12.949
2026-09-10,151884,UTI Balanced Advantage Fund - Regular Plan - Payout of IDCW Option,12.4155
2026-09-10,151885,UTI Balanced Advantage Fund - Direct Plan - Growth Option,12.949
2026-09-10,151886,DSP BSE Sensex ETF,77.3332
2026-09-10,151887,DSP Nifty Private Bank ETF,27.7716
2026-09-10,151888,DSP Nifty PSU Bank ETF,84.9858
2026-09-10,151889,Bajaj Finserv Money Market Fund-Direct Plan-Growth,1255.5639
2026-09-10,151890,Bajaj Finserv Money Market Fund-Direct Plan-IDCW,1255.5639
2026-09-10,151891,Bajaj Finserv Money Market Fund-Regular Plan-IDCW,1232.0714
2026-09-10,151892,Bajaj Finserv Money Market Fund-Regular Plan-Monthly-IDCW,1048.8382
2026-09-10,151893,Bajaj Finserv Money Market Fund-Regular Plan-Growth,1232.0714
2026-09-10,151894,Bajaj Finserv Money Market Fund-Direct Plan-Monthly-IDCW,1039.1908
2026-09-10,151895,Bajaj Finserv Flexi Cap Fund-Direct Plan-Growth,16.270
2026-09-10,151896,Bajaj Finserv Flexi Cap Fund-Direct Plan-IDCW,16.270
2026-09-10,151897,Bajaj Finserv Flexi Cap Fund-Regular Plan-IDCW,15.594
2026-09-10,151898,Bajaj Finserv Flexi Cap Fund -Regular Plan-Growth,15.594
2026-09-10,151899,HDFC Transportation and Logistics Fund - IDCW Option - Direct Plan,20.424
2026-09-10,151900,HDFC Transportation and Logistics Fund - Growth Option,19.7
2026-09-10,151901,HDFC Transportation and Logistics Fund - Growth Option - Direct Plan,20.424
2026-09-10,151902,HDFC Transportation and Logistics Fund - IDCW Option,19.7
2026-09-10,151903,Union Innovation & Opportunities Fund - Regular Plan - Growth Option,16.33
2026-09-10,151904,Union Innovation & Opportunities Fund - Direct Plan - IDCW Option,15.86
2026-09-10,151905,Union Innovation & Opportunities Fund - Direct Plan - Growth Option,17.06
2026-09-10,151906,Union Innovation & Opportunities Fund - Regular Plan - IDCW Option,15.13
2026-09-10,151907,ICICI Prudential Nifty 200 Quality 30 ETF,20.6233
2026-09-10,151908,Mirae Asset Nifty 1D Rate Liquid ETF-IDCW,1000.0000
2026-09-10,151909,Kotak Nifty Financial Services Ex-Bank Index Fund - Regular Plan - Growth option,16.264
2026-09-10,151910,Kotak Nifty Financial Services Ex-Bank Index Fund - Regular Plan - IDCW option,16.264
2026-09-10,151911,Kotak Nifty Financial Services Ex-Bank Index Fund - Direct Plan - Growth option,16.537
2026-09-10,151912,Kotak Nifty Financial Services Ex-Bank Index Fund - Direct Plan - IDCW option,16.537
2026-09-10,151913,quant Manufacturing Fund - Growth Option - Regular Plan,16.7039
2026-09-10,151914,quant Manufacturing Fund - IDCW Option - Direct Plan,17.4997
2026-09-10,151915,quant Manufacturing Fund - IDCW Option - Regular Plan,16.8314
2026-09-10,151916,quant Manufacturing Fund - Growth Option - Direct Plan,17.5047
2026-09-10,151917,NJ Flexi Cap Fund - Direct Plan - Growth Option,13.42
2026-09-10,151918,NJ Flexi Cap Fund - Direct Plan - IDCW Option,13.42
2026-09-10,151919,NJ Flexi Cap Fund - Regular Plan - IDCW Option,12.80
2026-09-10,151920,NJ Flexi Cap Fund - Regular Plan - Growth Option,12.80
2026-09-10,151927,LIC MF Liquid Fund-Regular Plan-Weekly IDCW,1002.4716
2026-09-10,151928,LIC MF Liquid Fund-Regular Plan-Monthly IDCW,1229.959
2026-09-10,151930,LIC MF Liquid Fund-Direct Plan-Monthly IDCW,1251.4144
2026-09-10,151932,LIC MF Liquid Fund-Direct Plan-Weekly IDCW,1118.05
2026-09-10,151935,LIC MF Nifty Next 50 Index Fund-Regular Plan-Growth,54.0235
2026-09-10,151936,LIC MF Nifty Next 50 Index Fund-Regular Plan-IDCW,54.0235
2026-09-10,151937,LIC MF Nifty Next 50 Index Fund-Direct Plan-Growth,59.6316
2026-09-10,151938,LIC MF Nifty Next 50 Index Fund-Direct Plan-IDCW,59.6315
2026-09-10,151949,LIC MF Equity Savings Fund-Regular Plan-Monthly IDCW,22.2961
2026-09-10,151950,LIC MF Equity Savings Fund-Regular Plan-Growth,28.685
2026-09-10,151951,LIC MF Equity Savings Fund-Regular Plan-Quarterly IDCW,21.1105
2026-09-10,151952,LIC MF Equity Savings Fund-Direct Plan-Growth,32.7645
2026-09-10,151953,LIC MF Equity Savings Fund-Direct Plan-Monthly IDCW,21.8259
2026-09-10,151954,LIC MF Equity Savings Fund-Direct Plan-Quarterly IDCW,17.9948
2026-09-10,151955,LIC MF Short Term Fund-Regular Plan-Monthly IDCW,15.1634
2026-09-10,151956,LIC MF Short Term Fund-Regular Plan-Weekly IDCW,12.8062
2026-09-10,151959,LIC MF Short Term Fund-Direct Plan-Monthly IDCW,16.6886
2026-09-10,151960,LIC MF Short Term Fund-Direct Plan-Weekly IDCW,16.6889
2026-09-10,151961,LIC MF Gold Exchange Traded Fund,136.9317
2026-09-10,151973,LIC MF Gold ETF Fund of Fund-Regular Plan-Growth,39.2148
2026-09-10,151974,LIC MF Gold ETF Fund of Fund-Direct Plan-Growth,41.4871
2026-09-10,151986,LIC MF Medium to Long Term Fund-Regular Plan-Quarterly IDCW,16.3438
2026-09-10,151988,LIC MF Medium to Long Term Fund-Direct Plan-Quarterly IDCW,19.8702
2026-09-10,151989,LIC MF Medium to Long Term Fund-Regular Plan-Annual IDCW,16.5943
2026-09-10,151990,LIC MF Medium to Long Term Fund-Direct Plan-Annual IDCW,19.87
2026-09-10,151999,LIC MF Mid Cap Fund-Direct Plan-IDCW,33.1418
2026-09-10,152000,LIC MF Mid Cap Fund-Regular Plan-IDCW,29.2498
2026-09-10,152001,LIC MF Mid Cap Fund-Regular Plan-Growth,31.1659
2026-09-10,152002,LIC MF Mid Cap Fund-Direct Plan-Growth,35.2801
2026-09-10,152003,LIC MF Small Cap Fund-Regular Plan-Growth,35.9399
2026-09-10,152004,LIC MF Small Cap Fund-Direct Plan-Growth,40.8578
2026-09-10,152005,LIC MF Small Cap Fund-Direct Plan-IDCW,40.8488
2026-09-10,152006,LIC MF Small Cap Fund-Regular Plan-IDCW,35.9395
2026-09-10,152007,LIC MF Focused Fund-Regular Plan-IDCW,21.9019
2026-09-10,152008,LIC MF Focused Fund-Direct Plan-IDCW,24.3423
2026-09-10,152009,LIC MF Focused Fund-Regular Plan-Growth,21.9022
2026-09-10,152010,LIC MF Focused Fund-Direct Plan-Growth,24.3724
2026-09-10,152015,LIC MF Value Fund-Direct Plan-IDCW,31.3242
2026-09-10,152016,LIC MF Value Fund-Regular Plan-Growth,28.7307
2026-09-10,152017,LIC MF Value Fund-Regular Plan-IDCW,28.7309
2026-09-10,152018,LIC MF Value Fund-Direct Plan-Growth,31.3577
2026-09-10,152019,LIC MF Dividend Yield Fund-Regular Plan-Growth,32.5566
2026-09-10,152020,LIC MF Dividend Yield Fund-Regular Plan-IDCW,32.5559
2026-09-10,152021,LIC MF Dividend Yield Fund-Direct Plan-IDCW,35.9273
2026-09-10,152022,LIC MF Dividend Yield Fund-Direct Plan-Growth,35.9463
2026-09-10,152023,LIC MF Healthcare Fund-Direct Plan-IDCW,38.0491
2026-09-10,152024,LIC MF Healthcare Fund-Direct Plan-Growth,38.0616
2026-09-10,152025,LIC MF Healthcare Fund-Regular Plan-Growth,34.3518
2026-09-10,152026,LIC MF Healthcare Fund-Regular Plan-IDCW,34.3523
2026-09-10,152027,HSBC Consumption Fund - Regular Growth,15.4165
2026-09-10,152028,HSBC Consumption Fund - Direct IDCW,14.7791
2026-09-10,152030,HSBC Consumption Fund - Regular IDCW,14.239
2026-09-10,152032,HSBC Consumption Fund - Direct Growth,16.0555
2026-09-10,152033,Nippon India Innovation Fund-Direct Plan-Growth Option,15.5372
2026-09-10,152034,Nippon India Innovation Fund-Regular Plan-Growth Option,14.9324
2026-09-10,152035,Nippon India Innovation Fund-Direct Plan-IDCW Option,15.5372
2026-09-10,152036,Nippon India Innovation Fund-Regular Plan-IDCW Option,14.9324
2026-09-10,152037,Kotak BSE Housing Index Fund - Direct Plan - IDCW Option,12.722
2026-09-10,152038,Kotak  BSE Housing Index Fund - Regular Plan - Growth Option,12.519
2026-09-10,152039,Kotak BSE Housing Index Fund - Direct Plan - Growth Option,12.724
2026-09-10,152040,Kotak  BSE Housing Index Fund - Regular Plan - IDCW Option,12.519
2026-09-10,152041,Bandhan Nifty IT Index Fund - Direct Plan - Growth,9.8374
2026-09-10,152042,Bandhan Nifty IT Index Fund - Direct Plan - IDCW,9.8406
2026-09-10,152043,Bandhan Nifty IT Index Fund - Regular Plan - Growth,9.6460
2026-09-10,152044,Bandhan Nifty IT Index Fund - Regular Plan - IDCW,9.6451
2026-09-10,152045,Mahindra Manulife Business Cycle Fund - Direct Plan - Growth,16.5048
2026-09-10,152046,Mahindra Manulife Business Cycle Fund-  Regular Plan - Growth,15.6905
2026-09-10,152047,Mahindra Manulife Business Cycle Fund - Regular Plan - IDCW,13.3998
2026-09-10,152048,Mahindra Manulife Business Cycle Fund - Direct Plan - IDCW,14.1755
2026-09-10,152050,UTI Nifty Midcap 150 Exchange Traded Fund,231.6466
2026-09-10,152051,Shriram Multi Asset Allocation Fund - Direct Growth,13.8305
2026-09-10,152052,Shriram Multi Asset Allocation Fund - Regular Growth,13.1019
2026-09-10,152057,HDFC Technology Fund - IDCW Option,11.336
2026-09-10,152058,HDFC Technology Fund - Growth Option,11.336
2026-09-10,152059,HDFC Technology Fund - Growth Option - Direct Plan,11.748
2026-09-10,152060,HDFC Technology Fund - IDCW Option - Direct Plan,11.748
2026-09-10,152061,NAVI BSE SENSEX INDEX FUND - REGULAR PLAN - GROWTH,11.4487
2026-09-10,152062,NAVI BSE SENSEX INDEX FUND - DIRECT PLAN - GROWTH,11.6836
2026-09-10,152067,quant Teck Fund - Growth Option - Direct Plan,11.2281
2026-09-10,152068,quant Teck Fund - IDCW Option - Direct Plan,11.222
2026-09-10,152069,quant Teck Fund - IDCW Option - Regular Plan,10.7077
2026-09-10,152070,quant Teck Fund - Growth Option - Regular Plan,10.7062
2026-09-10,152071,WhiteOak Capital Multi Cap Fund Direct Plan Growth,16.948
2026-09-10,152072,WhiteOak Capital Multi Cap Fund Regular Plan Growth,16.187
2026-09-10,152073,360 ONE Balanced Hybrid Fund - Direct Plan - IDCW,13.8262
2026-09-10,152074,360 ONE Balanced Hyrbrid fund - Regular Plan - IDCW,13.2250
2026-09-10,152075,360 ONE Balanced Hybrid Fund - Regular Plan - Growth,13.2250
2026-09-10,152076,360 ONE Balanced Hybrid Fund- Direct Plan - Growth,13.8262
2026-09-10,152077,Bajaj Finserv Arbitrage Fund-Direct Plan-Growth,12.268
2026-09-10,152078,Bajaj Finserv Arbitrage Fund- Regular Plan-Growth,12.014
2026-09-10,152079,Bajaj Finserv Arbitrage Fund-Regular Plan-IDCW,12.014
2026-09-10,152080,Bajaj Finserv Arbitrage Fund- Direct Plan-IDCW,12.268
2026-09-10,152081,HDFC Pharma and Healthcare Fund - IDCW Option - Direct Plan,22.814
2026-09-10,152082,HDFC Pharma and Healthcare Fund - Growth Option - Direct Plan,22.814
2026-09-10,152083,HDFC Pharma and Healthcare Fund - IDCW Option,22.033
2026-09-10,152084,HDFC Pharma and Healthcare Fund - Growth Option,22.033
2026-09-10,152086,UTI Innovation Fund - Regular Plan - Growth Option,11.7006
2026-09-10,152087,UTI Innovation Fund - Direct Plan - Growth Option,12.1897
2026-09-10,152088,UTI Innovation Fund - Regular Plan - Payout of IDCW Optioni,11.7006
2026-09-10,152089,UTI Innovation Fund - Direct Plan - Payout of IDCW Option,12.1897
2026-09-10,152092,Groww Nifty Total Market Index Fund - Direct Plan - Growth,13.8683
2026-09-10,152093,Edelweiss Multi Cap Fund - Direct Plan - IDCW,16.0338
2026-09-10,152094,Edelweiss Multi Cap Fund - Direct Plan - Growth,16.5455
2026-09-10,152095,Edelweiss Multi Cap Fund - Regular Plan - Growth,15.8271
2026-09-10,152096,Edelweiss Multi Cap Fund - Regular Plan - IDCW,15.3169
2026-09-10,152097,Mirae Asset BSE Sensex ETF,77.3743
2026-09-10,152098,Kotak Nifty G-Sec July 2033 Index Fund - Direct Plan - Growth,12.5309
2026-09-10,152099,Kotak Nifty G-Sec July 2033 Index Fund - Direct Plan - IDCW Payout,12.531
2026-09-10,152100,Kotak Nifty G-Sec July 2033 Index Fund - Regular Plan - Growth,12.44
2026-09-10,152101,Kotak Nifty G-Sec July 2033 Index Fund - Regular Plan - IDCW Payout,12.4399
2026-09-10,152102,Bandhan Retirement Fund - Direct Plan - Growth,13.013
2026-09-10,152103,Bandhan Retirement Fund - Regular Plan - Growth,12.401
2026-09-10,152104,Bandhan Retirement Fund - Direct Plan - IDCW,13.003
2026-09-10,152105,Bandhan Retirement Fund - Regular Plan - IDCW,12.402
2026-09-10,152106,Motilal Oswal Nifty 500 ETF,23.4971
2026-09-10,152107,QUANTUM SMALL CAP FUND - DIRECT PLAN GROWTH OPTION,14.30
2026-09-10,152108,QUANTUM SMALL CAP FUND - REGULAR PLAN GROWTH OPTION,13.71
2026-09-10,152109,Parag Parikh Arbitrage Fund - Direct Plan Growth,12.1617
2026-09-10,152110,Parag Parikh Arbitrage Fund - Regular Plan Growth,12.0386
2026-09-10,152116,NJ Overnight Fund - Unclaimed Redemption Plan - Upto 3 Years,1107.3291
2026-09-10,152125,Groww Nifty Total Market Index Fund - Direct Plan - IDCW,13.8679
2026-09-10,152126,Groww Nifty Total Market Index Fund - Regular Plan - IDCW,13.6066
2026-09-10,152127,Groww Nifty Total Market Index Fund - Regular Plan - Growth,13.6058
2026-09-10,152128,Baroda BNP Paribas Small Cap Fund - Direct Plan - Growth option,14.9090
2026-09-10,152129,Baroda BNP Paribas Small Cap Fund - Direct Plan - IDCW option,14.5486
2026-09-10,152130,Baroda BNP Paribas Small Cap Fund - Regular Plan - Growth option,14.3273
2026-09-10,152131,Baroda BNP Paribas Small Cap Fund - Regular Plan - IDCW option,13.9611
2026-09-10,152132,WhiteOak Capital Balanced Hybrid Fund Direct Plan Growth,13.908
2026-09-10,152133,WhiteOak Capital Balanced Hybrid Fund Regular Plan Growth,13.319
2026-09-10,152134,Mirae Asset Nifty 200 Alpha 30 ETF,26.6567
2026-09-10,152135,Helios Flexi Cap Fund - Direct Plan - Growth Option,16.25
2026-09-10,152136,Helios Flexi Cap Fund - Regular Plan - Growth Option,15.61
2026-09-10,152137,Helios Flexi Cap Fund - Regular Plan - IDCW Option,15.61
2026-09-10,152138,Helios Flexi Cap Fund - Direct Plan - IDCW Option,16.25
2026-09-10,152151,Helios Overnight Fund - Direct Plan - Daily IDCW Option,1000.0000
2026-09-10,152152,Helios Overnight Fund - Direct Plan - Growth Option,1181.0677
2026-09-10,152153,Helios Overnight Fund - Regular Plan - Growth Option,1179.3840
2026-09-10,152154,Helios Overnight Fund - Regular Plan - Daily IDCW Option,1000.0000
2026-09-10,152155,Mirae Asset Nifty IT ETF,30.6485
2026-09-10,152156,Zerodha Nifty LargeMidcap 250 Index Fund - Direct Plan - Growth option,14.2223
2026-09-10,152157,Zerodha ELSS Tax Saver Nifty LargeMidcap 250 Index Fund - Direct Plan - Growth option,14.2524
2026-09-10,152158,Aditya Birla Sun Life Transportation and Logistics Fund-Direct Growth,17.97
2026-09-10,152159,Aditya Birla Sun Life Transportation and Logistics Fund-Direct IDCW,17.96
2026-09-10,152160,Aditya Birla Sun Life Transportation and Logistics Fund-Regular IDCW,17.27
2026-09-10,152161,Aditya Birla Sun Life Transportation and Logistics Fund-Regular Growth,17.27
2026-09-10,152162,Bajaj Finserv Banking and PSU Debt Fund-Direct Plan- Growth,12.2452
2026-09-10,152163,Bajaj Finserv Banking and PSU Debt Fund- Direct Plan- IDCW,12.2452
2026-09-10,152164,Bajaj Finserv Banking and PSU Debt Fund-  Direct Plan-Monthly- IDCW,10.9809
2026-09-10,152165,Bajaj Finserv Banking and PSU Debt Fund- Regular Plan- Growth,12.0566
2026-09-10,152166,Bajaj Finserv Banking and PSU Debt Fund- Regular Plan- IDCW,12.0566
2026-09-10,152167,Bajaj Finserv Banking and PSU Debt Fund-Regular Plan-Monthly-IDCW,10.9085
2026-09-10,152168,SBI NIFTY 1D Rate Liquid ETF - IDCW,1000.0000
2026-09-10,152169,Kotak Consumption Fund - Direct plan - Growth Option,14.593
2026-09-10,152170,Kotak Consumption Fund - Regular plan - Growth Option,13.958
2026-09-10,152171,Kotak Consumption Fund - Regular plan - IDCW Option,13.956
2026-09-10,152172,Kotak Consumption Fund - Direct plan - IDCW Option,14.59
2026-09-10,152177,Bandhan Nifty Alpha 50 Index Fund - Direct Plan - Growth,14.9291
2026-09-10,152178,Bandhan Nifty Alpha 50 Index Fund - Direct Plan - IDCW,14.9199
2026-09-10,152179,Bandhan Nifty Alpha 50 Index Fund - Regular Plan - Growth,14.6469
2026-09-10,152180,Bandhan Nifty Alpha 50 Index Fund - Regular Plan - IDCW,14.6466
2026-09-10,152181,DSP Gold ETF Fund of Fund - Regular - IDCW,23.7856
2026-09-10,152182,DSP Gold ETF Fund of Fund - Regular - Growth,23.7856
2026-09-10,152183,DSP Gold ETF Fund of Fund - Direct - Growth,24.0355
2026-09-10,152184,DSP Gold ETF Fund of Fund - Direct - IDCW,24.0355
2026-09-10,152185,Samco Dynamic Asset Allocation Fund - Regular Plan - IDCW Option,10.26
2026-09-10,152186,Samco Dynamic Asset Allocation Fund - Direct Plan - IDCW Option,10.71
2026-09-10,152187,Samco Dynamic Asset Allocation Fund - Regular Plan - Growth Option,10.26
2026-09-10,152188,Samco Dynamic Asset Allocation Fund - Direct Plan - Growth Option,10.72
2026-09-10,152189,quant Momentum Fund - Growth Option - Direct Plan,15.7949
2026-09-10,152190,quant Momentum Fund - Growth Option - Regular Plan,15.2402
2026-09-10,152191,quant Momentum Fund - IDCW Option - Regular Plan,15.1919
2026-09-10,152192,quant Momentum Fund - IDCW Option - Direct Plan,15.7788
2026-09-10,152193,Edelweiss Gold ETF,151.8162
2026-09-10,152194,Bajaj Finserv Balanced Advantage Fund-Direct Plan-Growth,12.133
2026-09-10,152195,Bajaj Finserv Balanced Advantage Fund-Direct Plan-IDCW,12.133
2026-09-10,152196,Bajaj Finserv Balanced Advantage Fund-Regular Plan-Growth,11.629
2026-09-10,152197,Bajaj Finserv Balanced Advantage Fund-Regular Plan-IDCW,11.629
2026-09-10,152199,Franklin India Money Market Fund Wkly IDCW R,10.0823
2026-09-10,152200,Franklin India Money Market Fund - DP - Wkly IDCW R,10.0934
2026-09-10,152202,Axis India Manufacturing Fund - Direct Plan - Growth,16.96
2026-09-10,152203,Axis India Manufacturing Fund - Regular Plan - IDCW,16.34
2026-09-10,152204,Axis India Manufacturing Fund - Direct Plan - IDCW,16.96
2026-09-10,152205,Axis India Manufacturing Fund - Regular Plan - Growth,16.34
2026-09-10,152206,DSP Banking & Financial Services Fund - Direct - Growth,15.5220
2026-09-10,152207,DSP Banking & Financial Services Fund - Direct - IDCW,13.0760
2026-09-10,152208,DSP Banking & Financial Services Fund - Regular - Growth,14.9010
2026-09-10,152209,DSP Banking & Financial Services Fund - Regular - IDCW,13.6500
2026-09-10,152212,Edelweiss Silver ETF,232.7674
2026-09-10,152213,Kotak Healthcare Fund - Regular Plan - IDCW Option,17.322
2026-09-10,152214,Kotak Healthcare Fund - Direct Plan - Growth Option,18.109
2026-09-10,152215,Kotak Healthcare Fund - Direct Plan - IDCW Option,18.107
2026-09-10,152216,Kotak Healthcare Fund - Regular Plan - Growth Option,17.316
2026-09-10,152217,Union Children's Fund - Regular Plan - Growth Option,12.81
2026-09-10,152218,Union Children's Fund - Regular Plan - IDCW Option,11.14
2026-09-10,152219,Union Children's Fund - Direct Plan - Growth Option,13.27
2026-09-10,152220,Union Children's Fund - Direct Plan - IDCW Option,13.27
2026-09-10,152225,Whiteoak Capital Large & Mid Cap Fund Regular Plan Growth,13.790
2026-09-10,152226,Whiteoak Capital Large & Mid Cap Fund Direct Plan Growth,14.393
2026-09-10,152231,Baroda BNP Paribas Gold ETF,147.0844
2026-09-10,152232,Motilal Oswal Small Cap Fund - Regular - Growth,17.1546
2026-09-10,152234,Motilal Oswal Small Cap Fund - Regular - IDCW,17.1550
2026-09-10,152235,Motilal Oswal Small Cap Fund - Direct IDCW,17.7776
2026-09-10,152237,Motilal Oswal Small Cap Fund - Direct - Growth,17.7776
2026-09-10,152242,DSP Nifty Smallcap250 Quality 50 Index Fund - Regular - IDCW,10.3277
2026-09-10,152243,DSP Nifty Smallcap250 Quality 50 Index Fund - Direct - Growth,11.1312
2026-09-10,152244,DSP Nifty Smallcap250 Quality 50 Index Fund - Direct - IDCW,11.1312
2026-09-10,152245,DSP Nifty Smallcap250 Quality 50 Index Fund - Regular - Growth,10.9204
2026-09-10,152254,Groww Banking & Financial Services Fund - Direct Plan - Growth,13.7691
2026-09-10,152255,quant Commodities Fund - Growth Option - Direct Plan,15.1761
2026-09-10,152256,quant Commodities Fund - Growth Option - Regular Plan,14.571
2026-09-10,152257,quant Commodities Fund - IDCW Option - Direct Plan,15.1712
2026-09-10,152258,quant Commodities Fund - IDCW Option - Regular Plan,14.5687
2026-09-10,152263,BANDHAN Nifty Smallcap 250 Index Fund - Direct Plan - IDCW,13.3821
2026-09-10,152264,BANDHAN Nifty Smallcap 250 Index Fund - Direct Plan - Growth,13.3820
2026-09-10,152265,BANDHAN Nifty Smallcap 250 Index Fund - Regular Plan - IDCW,13.1331
2026-09-10,152266,BANDHAN Nifty Smallcap 250 Index Fund - Regular Plan - Growth,13.1326
2026-09-10,152267,Aditya Birla Sun Life Crisil IBX Gilt Apr 2033 Index Fund-Direct Growth,12.2652
2026-09-10,152268,Aditya Birla Sun Life Crisil IBX Gilt Apr 2033 Index Fund-Regular Growth,12.1856
2026-09-10,152269,Aditya Birla Sun Life Crisil IBX Gilt Apr 2033 Index Fund-Regular IDCW payout,12.1858
2026-09-10,152270,Aditya Birla Sun Life Crisil IBX Gilt Apr 2033 Index Fund-Direct IDCW Payout,12.2648
2026-09-10,152273,Groww Banking & Financial Services Fund-IDCW,13.7681
2026-09-10,152274,Groww Banking & Financial Services Fund - Regular - Growth,13.0981
2026-09-10,152276,Groww Banking & Financial Services Fund - Regular Plan - IDCW,13.0981
2026-09-10,152284,Tata Gold Exchange Traded Fund,14.7655
2026-09-10,152285,Tata Silver Exchange Traded Fund,22.6340
2026-09-10,152286,Tata Gold ETF Fund of Fund Regular Plan IDCW Payout Option,23.1231
2026-09-10,152287,Tata Gold ETF Fund of Fund Direct Plan Growth Option,23.4297
2026-09-10,152288,Tata Gold ETF Fund of Fund Direct Plan IDCW Payout Option,23.4297
2026-09-10,152289,Tata Gold ETF Fund of Fund Direct Plan IDCW Reinvestment Option,23.4297
2026-09-10,152290,Tata Gold ETF Fund of Fund Regular Plan Growth Option,23.1231
2026-09-10,152291,Tata Gold ETF Fund of Fund Regular Plan IDCW Reinvestment Option,23.1231
2026-09-10,152292,Tata Silver ETF Fund of Fund Regular Plan IDCW Reinvestment Option,30.2473
2026-09-10,152293,Tata Silver ETF Fund of Fund Direct Plan Growth Option,30.6313
2026-09-10,152294,Tata Silver ETF Fund of Fund Direct Plan IDCW Payout Option,30.6313
2026-09-10,152295,Tata Silver ETF Fund of Fund Direct Plan IDCW Reinvestment Option,30.6313
2026-09-10,152296,Tata Silver ETF Fund of Fund Regular Plan IDCW Payout Option,30.2473
2026-09-10,152297,Tata Silver ETF Fund of Fund Regular Plan Growth Option,30.2473
2026-09-10,152298,Quantum Liquid Fund - Unclaimed IDCW Plan Below 3 years,11.8655
2026-09-10,152299,Quantum Liquid Fund - Unclaimed IDCW Plan Above 3 years,10.0000
2026-09-10,152300,Quantum Liquid Fund - Unclaimed Redemption Plan Below 3 years,11.3888
2026-09-10,152301,Quantum Liquid Fund - Unclaimed Redemption Plan Above 3 years,10.0000
2026-09-10,152306,DSP Nifty Healthcare ETF,16.6832
2026-09-10,152307,DSP Multi Cap Fund - Regular - Growth,12.1340
2026-09-10,152308,DSP Multi Cap Fund - Regular - IDCW,11.1980
2026-09-10,152309,DSP Multi Cap Fund - Direct - IDCW,11.5630
2026-09-10,152310,DSP Multi Cap Fund - Direct - Growth,12.6100
2026-09-10,152311,Sundaram Multi Asset Allocation Fund Regular Plan Growth,13.3186
2026-09-10,152312,Sundaram Multi Asset Allocation Fund Direct Plan IDCW Reinvestment,13.8544
2026-09-10,152313,Sundaram Multi Asset Allocation Fund Regular Plan IDCW Reinvestment,13.3186
2026-09-10,152314,Sundaram Multi Asset Allocation Fund Direct Plan Growth,13.8544
2026-09-10,152315,Sundaram Multi Asset Allocation Fund Regular Plan IDCW Payout,13.3186
2026-09-10,152316,Sundaram Multi Asset Allocation Fund Direct Plan IDCW Payout,13.8544
2026-09-10,152321,WhiteOak Capital Banking & Financial Services Fund - Direct Growth,13.462
2026-09-10,152322,WhiteOak Capital Banking & Financial Services Fund - Regular Growth,12.877
2026-09-10,152327,Zerodha Nifty 1D Rate Liquid ETF - Growth Option,115.8503
2026-09-10,152328,Baroda BNP Paribas Nifty 50 Index Fund - Regular Plan - IDCW option,10.9827
2026-09-10,152329,Baroda BNP Paribas Nifty 50 Index Fund - Direct Plan - Growth option,11.0929
2026-09-10,152330,Baroda BNP Paribas Nifty 50 Index Fund - Direct Plan - IDCW option,11.0929
2026-09-10,152331,Baroda BNP Paribas Nifty 50 Index Fund - Regular Plan - Growth option,10.9827
2026-09-10,152336,quant Consumption Fund - Growth Option - Direct Plan,10.629
2026-09-10,152337,quant Consumption Fund - IDCW Option - Regular Plan,10.211
2026-09-10,152338,quant Consumption Fund - Growth Option - Regular Plan,10.207
2026-09-10,152339,quant Consumption Fund - IDCW Option - Direct Plan,10.6337
2026-09-10,152344,Mirae Asset Multi Asset Allocation Fund - Direct Plan - Growth,14.106
2026-09-10,152345,Mirae Asset Multi Asset Allocation Fund - Direct Plan - IDCW,14.104
2026-09-10,152346,Mirae Asset Multi Asset Allocation Fund - Regular Plan - IDCW,13.530
2026-09-10,152347,Mirae Asset Multi Asset Allocation Fund - Regular Plan - Growth,13.537
2026-09-10,152348,WhiteOak Capital Pharma and Heathcare Fund Regular Plan Growth,17.052
2026-09-10,152349,WhiteOak Capital Pharma and Heathcare Fund Direct Plan Growth,17.837
2026-09-10,152350,HDFC NIFTY PSU BANK ETF,85.0241
2026-09-10,152351,Motilal Oswal Large Cap Direct Plan IDCW,12.5334
2026-09-10,152352,Motilal Oswal Large Cap Regular Plan Growth,13.4576
2026-09-10,152353,Motilal Oswal Large Cap Regular Plan IDCW,11.9869
2026-09-10,152354,Motilal Oswal Large Cap Direct Plan Growth,13.9049
2026-09-10,152355,UTI Nifty IT ETF,304.1196
2026-09-10,152356,Bajaj Finserv Nifty 50 ETF,241.8732
2026-09-10,152357,Bajaj Finserv Nifty Bank ETF,57.4857
2026-09-10,152358,Old Bridge Focused Fund - Direct Growth,13.98
2026-09-10,152359,Old Bridge Focused Fund - Direct IDCW,13.98
2026-09-10,152361,Old Bridge Focused Fund - Regular Growth,13.60
2026-09-10,152363,Old Bridge Focused Fund - Regular IDCW,13.60
2026-09-10,152364,ICICI Prudential Nifty50 Value 20 Index Fund - IDCW,9.7524
2026-09-10,152365,ICICI Prudential Nifty50 Value 20 Index Fund - Direct Plan - Growth,9.8649
2026-09-10,152366,ICICI Prudential Nifty50 Value 20 Index Fund - Growth,9.7524
2026-09-10,152367,ICICI Prudential Nifty50 Value 20 Index Fund - Direct Plan - IDCW,9.8649
2026-09-10,152368,UTI Nifty 5 yr Benchmark G-Sec ETF,66.5099
2026-09-10,152369,UTI Nifty 10 yr Benchmark G-Sec ETF,26.5115
2026-09-10,152370,SBI Nifty50 Equal Weight Index Fund - Direct Plan - Growth,12.0340
2026-09-10,152371,SBI Nifty50 Equal Weight Index Fund - Direct Plan - Income Distribution Cum Capital Withdrawal Option,12.0332
2026-09-10,152372,SBI Nifty50 Equal Weight Index Fund - Regular Plan - Growth,11.8808
2026-09-10,152373,SBI Nifty50 Equal Weight Index Fund - Regular Plan - Income Distribution Cum Capital Withdrawal Option,11.8807
2026-09-10,152378,HSBC Multi Asset Allocation Fund - Regular - Growth,13.9763
2026-09-10,152379,HSBC Multi Asset Allocation Fund - Regular - IDCW,12.7592
2026-09-10,152380,HSBC Multi Asset Allocation Fund - Direct - Growth,14.4657
2026-09-10,152381,HSBC Multi Asset Allocation Fund - Direct - IDCW,14.1
2026-09-10,152382,PGIM India Large and Midcap Fund - Direct Plan - Growth Option,13.19
2026-09-10,152383,PGIM India Large and Midcap Fund - Regular Plan - Growth Option,12.61
2026-09-10,152384,PGIM India Large and Midcap Fund - Direct Plan - IDCW option,11.96
2026-09-10,152385,PGIM India Large and Midcap Fund - Regular Plan - IDCW Option,11.7
2026-09-10,152386,Nippon India Nifty Bank Index Fund - Direct Plan - IDCW Option,12.2040
2026-09-10,152387,Nippon India Nifty Bank Index Fund - Regular Plan - Growth Option,12.0198
2026-09-10,152388,Nippon India Nifty Bank Index Fund - Regular Plan - IDCW Option,12.0198
2026-09-10,152389,Nippon India Nifty Bank Index Fund - Direct Plan - Growth Option,12.2040
2026-09-10,152390,Nippon India Nifty IT Index Fund - Direct Plan - IDCW Option,7.9304
2026-09-10,152391,Nippon India Nifty IT Index Fund - Regular Plan - Growth Option,7.8040
2026-09-10,152392,Nippon India Nifty IT Index Fund - Direct Plan - Growth Option,7.9304
2026-09-10,152393,Nippon India Nifty IT Index Fund - Regular Plan - IDCW Option,7.8040
2026-09-10,152395,Bank of India Multi Asset Allocation Fund-Regular Plan-IDCW,12.8732
2026-09-10,152396,Bank of India Multi Asset Allocation Fund-Direct Plan-Growth,13.2160
2026-09-10,152398,Bank of India Multi Asset Allocation Fund-Regular Plan-Growth,12.8721
2026-09-10,152399,Bank of India Multi Asset Allocation Fund-Direct Plan-IDCW,13.2100
2026-09-10,152404,LIC MF Nifty Midcap 100 ETF,62.8035
2026-09-10,152405,Bajaj Finserv Large & Mid Cap Fund- Direct Plan- IDCW,12.699
2026-09-10,152406,Bajaj Finserv Large & Mid Cap Fund- Regular Plan- Growth,12.239
2026-09-10,152407,Bajaj Finserv Large & Mid Cap Fund- Regular Plan- IDCW,12.239
2026-09-10,152408,Bajaj Finserv Large & Mid Cap Fund- Direct Plan- Growth,12.699
2026-09-10,152409,Union Business Cycle Fund - Direct Plan - Growth Option,12.19
2026-09-10,152410,Union Business Cycle Fund - Direct Plan - IDCW Option,12.19
2026-09-10,152411,Union Business Cycle Fund - Regular Plan - Growth Option,11.80
2026-09-10,152412,Union Business Cycle Fund - Regular Plan - IDCW Option,11.80
2026-09-10,152413,quant PSU Fund - Growth Option - Regular Plan,10.584
2026-09-10,152414,quant PSU Fund - IDCW Option - Regular Plan,10.5839
2026-09-10,152415,quant PSU Fund - Growth Option - Direct Plan,10.9714
2026-09-10,152416,quant PSU Fund - IDCW Option - Direct Plan,10.9777
2026-09-10,152417,SBI Energy Opportunities Fund - Direct Plan - Growth,11.2699
2026-09-10,152418,SBI Energy Opportunities Fund - Regular Plan - Growth,10.9680
2026-09-10,152419,SBI Energy Opportunities Fund - Regular Plan - Income Distribution Cum Capital Withdrawal Option,10.9682
2026-09-10,152420,SBI Energy Opportunities Fund - Direct Plan - Income Distribution Cum Capital Withdrawal Option,11.2697
2026-09-10,152421,Axis BSE Sensex Index Fund - Regular Plan - Growth,10.4000
2026-09-10,152422,Axis BSE Sensex Index Fund - Direct Plan - Growth,10.5523
2026-09-10,152423,Axis BSE Sensex Index Fund - Regular Plan - IDCW,10.3997
2026-09-10,152424,Axis BSE Sensex Index Fund - Direct Plan - IDCW,10.5523
2026-09-10,152429,HDFC NIFTY200 Momentum 30 Index Fund - Regular Plan,10.2326
2026-09-10,152430,HDFC NIFTY200 Momentum 30 Index Fund - Direct Plan,10.3598
2026-09-10,152431,Groww Nifty Smallcap 250 Index Fund - Direct Plan - Growth,12.3105
2026-09-10,152433,Groww Nifty Smallcap 250 Index Fund - Regular Plan - Growth,12.1445
2026-09-10,152434,Groww Nifty Smallcap 250 Index Fund - Regular Plan - Regular Plan - IDCW,12.1299
2026-09-10,152436,Groww Nifty Smallcap 250 Index Fund - Direct Plan - IDCW,12.3156
2026-09-10,152441,Mahindra Manulife Multi Asset Allocation Fund- Regular Plan - Growth,13.9001
2026-09-10,152443,Mahindra Manulife Multi Asset Allocation Fund- Direct Plan - Growth,14.4662
2026-09-10,152444,Mahindra Manulife Multi Asset allocation Fund - Regular Plan - IDCW,13.0577
2026-09-10,152445,Mahindra Manulife Multi Asset Allocation Fund - Direct Plan - IDCW,13.6112
2026-09-10,152447,Canara Robeco Manufacturing Fund - Regular Plan - Growth Option,14.2000
2026-09-10,152448,Canara Robeco Manufacturing Fund -Regular Plan - IDWC Option,14.1900
2026-09-10,152449,Canara Robeco Manufacturing Fund - Direct Plan - IDWC Option,14.6900
2026-09-10,152450,Canara Robeco Manufacturing Fund - Direct Plan - Growth Option,14.6900
2026-09-10,152455,Mirae Asset Nifty Smallcap 250 Momentum Quality 100 ETF,49.4887
2026-09-10,152456,Mirae Asset Nifty Smallcap 250 Momentum Quality 100 ETF Fund of Fund - Direct Plan - IDCW,10.967
2026-09-10,152457,Mirae Asset Nifty Smallcap 250 Momentum Quality 100 ETF Fund of Fund - Regular Plan - Growth,10.832
2026-09-10,152458,Mirae Asset Nifty Smallcap 250 Momentum Quality 100 ETF Fund of Fund - Regular Plan - IDCW,10.834
2026-09-10,152459,Mirae Asset Nifty Smallcap 250 Momentum Quality 100 ETF Fund of Fund - Direct Plan - Growth,10.969
2026-09-10,152464,Parag Parikh Dynamic Asset Allocation Fund - Regular Plan Growth,11.7735
2026-09-10,152467,Parag Parikh Dynamic Asset Allocation Fund - Regular Plan - Monthly IDCW Reinvestment,10.0600
2026-09-10,152468,Parag Parikh Dynamic Asset Allocation Fund - Direct Plan Growth,11.8670
2026-09-10,152469,Parag Parikh Dynamic Asset Allocation Fund - Direct Plan - Monthly IDCW Reinvestment,10.3159
2026-09-10,152470,Baroda BNP Paribas Innovation Fund Direct plan - Growth Option,14.2840
2026-09-10,152471,Baroda BNP Paribas Innovation Fund Direct plan - IDCW Option,14.2840
2026-09-10,152472,Baroda BNP Paribas Innovation Fund Regular plan - Growth Option,13.7742
2026-09-10,152473,Baroda BNP Paribas Innovation Fund Regular plan - IDCW Option,13.6356
2026-09-10,152474,Quantum Multi Asset Allocation Fund - Direct Plan Growth Option,12.23
2026-09-10,152475,Quantum Multi Asset Allocation Fund - Regular Plan Growth Option,11.75
2026-09-10,152481,ICICI Prudential Nifty LargeMidcap 250 Index Fund - Growth,12.2022
2026-09-10,152482,ICICI Prudential Nifty LargeMidcap 250 Index Fund - Direct Plan - Growth,12.3648
2026-09-10,152483,ICICI Prudential Nifty LargeMidcap 250 Index Fund - Direct Plan - IDCW,12.3648
2026-09-10,152484,ICICI Prudential Nifty LargeMidcap 250 Index Fund - IDCW,12.2018
2026-09-10,152489,Kotak Long Term Fund - Regular Plan - Growth,11.1433
2026-09-10,152490,Kotak Long Term Fund - Regular Plan - IDCW,11.1433
2026-09-10,152491,Kotak Long Term Fund - Direct Plan - Growth,11.2248
2026-09-10,152492,Kotak Long Term Fund - Direct Plan - IDCW,11.2242
2026-09-10,152509,Helios Balanced Advantage Fund- Direct Plan- Growth Option,11.99
2026-09-10,152510,Helios Balanced Advantage Fund- Regular Plan-IDCW Option,11.46
2026-09-10,152511,Helios Balanced Advantage Fund- Direct Plan-IDCW Option,11.90
2026-09-10,152512,Helios Balanced Advantage Fund- Regular Plan- Growth Option,11.53
2026-09-10,152517,Bandhan Long Term Fund - Regular Plan - IDCW,10.3110
2026-09-10,152518,Bandhan Long Term Fund - Regular Plan - Growth,11.2926
2026-09-10,152519,Bandhan Long Term Fund - Direct Plan - IDCW,10.5107
2026-09-10,152520,Bandhan Long Term Fund - Direct Plan - Growth,11.4079
2026-09-10,152521,HDFC NIFTY Realty Index Fund - Direct Plan,9.795
2026-09-10,152522,HDFC NIFTY Reality Index Fund - Regular Plan,9.6805
2026-09-10,152535,Navi NiftyIT Index Fund - Direct Plan- Growth,8.62
2026-09-10,152536,Navi NiftyIT Index Fund - Regular Plan -Growth,8.4703
2026-09-10,152537,PGIM India Retirement Fund - Direct Plan - Growth Option,12.84
2026-09-10,152538,PGIM India Retirement Fund - Regular Plan - Growth Option,12.35
2026-09-10,152539,PGIM India Retirement Fund - Direct Plan - IDCW Payout Option,12.84
2026-09-10,152540,PGIM India Retirement Fund - Regular Plan - IDCW Payout Option,12.35
2026-09-10,152541,Motilal Oswal Nifty Realty ETF,87.5357
2026-09-10,152546,Motilal Oswal Nifty Smallcap 250 ETF,18.5335
2026-09-10,152555,DSP BSE Liquid Rate ETF,1144.0425
2026-09-10,152556,Tata Nifty Auto Index Fund - Regular Plan - IDCW Reinvestment,12.3757
2026-09-10,152557,Tata Nifty Auto Index Fund - Direct Plan - Growth,12.5690
2026-09-10,152558,Tata Nifty Auto Index Fund - Direct Plan - IDCW Reinvestment,12.5690
2026-09-10,152559,Tata Nifty Auto Index Fund - Direct Plan - IDCW payout,12.5690
2026-09-10,152560,Tata Nifty Auto Index Fund - Regular Plan - Growth,12.3757
2026-09-10,152561,Tata Nifty Auto Index Fund - Regular Plan - IDCW Payout,12.3757
2026-09-10,152562,Tata Nifty MidSmall Healthcare Index Fund - Regular Plan - IDCW Payout,15.1237
2026-09-10,152563,Tata Nifty MidSmall Healthcare Index Fund - Regular Plan - IDCW Reinvestment,15.1237
2026-09-10,152564,Tata Nifty MidSmall Healthcare Index Fund - Direct Plan - Growth,15.3587
2026-09-10,152565,Tata Nifty MidSmall Healthcare Index Fund - Direct Plan - IDCW Payout,15.3587
2026-09-10,152566,Tata Nifty MidSmall Healthcare Index Fund - Direct Plan - IDCW Reinvestment,15.3587
2026-09-10,152567,Tata Nifty MidSmall Healthcare Index Fund - Regular Plan - Growth,15.1237
2026-09-10,152568,Tata Nifty Realty Index Fund - Regular Plan - IDCW Payout,8.8199
2026-09-10,152569,Tata Nifty Realty Index Fund - Regular Plan - IDCW Reinvestment,8.8199
2026-09-10,152570,Tata Nifty Realty Index Fund - Direct Plan - Growth,8.9626
2026-09-10,152571,Tata Nifty Realty Index Fund - Direct Plan - IDCW Payout,8.9626
2026-09-10,152572,Tata Nifty Realty Index Fund - Direct Plan - IDCW Reinvestment,8.9626
2026-09-10,152573,Tata Nifty Realty Index Fund - Regular Plan - Growth,8.8199
2026-09-10,152574,Tata Nifty Financial Services Index Fund - Regular Plan - Growth,11.8322
2026-09-10,152575,Tata Nifty Financial Services Index Fund - Regular Plan - IDCW Payout,11.8322
2026-09-10,152576,Tata Nifty Financial Services Index Fund - Regular Plan - IDCW Reinvestment,11.8322
2026-09-10,152577,Tata Nifty Financial Services Index Fund - Direct Plan - Growth,12.0179
2026-09-10,152578,Tata Nifty Financial Services Index Fund - Direct Plan - IDCW Reinvestment,12.0179
2026-09-10,152579,Tata Nifty Financial Services Index Fund - Direct Plan - IDCW Payout,12.0179
2026-09-10,152580,Invesco India Money Market Fund - Weekly IDCW (Payout / Reinvestment),1000.9157
2026-09-10,152582,TRUSTMF Flexi Cap Fund-Regular Plan- Growth,12.45
2026-09-10,152583,TRUSTMF Flexi Cap Fund-Regular Plan- IDCW,12.46
2026-09-10,152584,TRUSTMF Flexi Cap Fund-Direct Plan- Growth,12.96
2026-09-10,152585,TRUSTMF Flexi Cap Fund-Direct Plan- IDCW,12.94
2026-09-10,152586,Samco Special Opportunities Fund - Direct Plan - Growth,9.56
2026-09-10,152587,Samco Special Opportunities Fund - Regular Plan - Growth,9.22
2026-09-10,152588,Tata Nifty500 Multicap India Manufacturing 50:30:20 Index Fund -Direct Plan-Growth,12.3921
2026-09-10,152589,Tata Nifty500 Multicap India Manufacturing 50:30:20 Index Fund -Direct Plan-IDCW-Payout,12.3921
2026-09-10,152590,Tata Nifty500 Multicap India Manufacturing 50:30:20 Index Fund -Regular Plan-Growth,12.2029
2026-09-10,152591,Tata Nifty500 Multicap India Manufacturing 50:30:20 Index Fund -Regular Plan-IDCW Payout,12.2029
2026-09-10,152592,Tata Nifty500 Multicap India Manufacturing 50:30:20 Index Fund -Regular Plan -IDCW-Reinvestment,12.2029
2026-09-10,152593,Tata Nifty500 Multicap India Manufacturing 50:30:20 Index Fund -Direct Plan-IDCW-Reinvestment,12.3921
2026-09-10,152594,Tata Nifty500 Multicap Infrastructure 50:30:20 Index Fund - Direct Plan - IDCW Reinvestment,10.9974
2026-09-10,152595,Tata Nifty500 Multicap Infrastructure 50:30:20 Index Fund - Direct Plan - Growth,10.9974
2026-09-10,152596,Tata Nifty500 Multicap Infrastructure 50:30:20 Index Fund - Regular Plan - Growth,10.8246
2026-09-10,152597,Tata Nifty500 Multicap Infrastructure 50:30:20 Index Fund - Regular Plan - IDCW Payout,10.8246
2026-09-10,152598,Tata Nifty500 Multicap Infrastructure 50:30:20 Index Fund - Direct Plan - IDCW Payout,10.9974
2026-09-10,152599,Tata Nifty500 Multicap Infrastructure 50:30:20 Index Fund - Regular Plan - IDCW Reinvestment,10.8246
2026-09-10,152600,HDFC Manufacturing fund - Growth Option - Direct Plan,12.234
2026-09-10,152601,HDFC Manufacturing fund - IDCW - Regular Plan,11.929
2026-09-10,152602,HDFC Manufacturing fund - Growth Option - Regular Plan,11.929
2026-09-10,152603,HDFC Manufacturing fund - IDCW - Direct Plan,12.234
2026-09-10,152604,Bandhan Innovation Fund - Direct Plan - IDCW,15.196
2026-09-10,152605,Bandhan Innovation Fund - Regular Plan - IDCW,14.663
2026-09-10,152606,Bandhan Innovation Fund - Regular Plan - Growth,15.626
2026-09-10,152607,Bandhan Innovation Fund - Direct Plan - Growth,16.194
2026-09-10,152612,JM Small Cap Fund (Regular) - Growth Option,11.6942
2026-09-10,152613,JM Small Cap Fund (Regular) - IDCW Option,11.6943
2026-09-10,152614,JM Small Cap Fund (Direct) - Growth Option,12.1358
2026-09-10,152615,JM Small Cap Fund (Direct) - IDCW Option,12.136
2026-09-10,152616,Edelweiss Nifty Alpha Low Volatility 30 Index Fund - Direct Plan - Growth,9.9748
2026-09-10,152617,Edelweiss Nifty Alpha Low Volatility 30 Index Fund - Regular Plan - Growth,9.8086
2026-09-10,152618,Edelweiss Nifty Alpha Low Volatility 30 Index Fund - Regular Plan - IDCW Payout,9.8086
2026-09-10,152619,Edelweiss Nifty Alpha Low Volatility 30 Index Fund - Direct Plan - IDCW Payout,9.9748
2026-09-10,152620,Aditya Birla Sun Life Nifty PSE ETF,10.1759
2026-09-10,152625,Baroda BNP Paribas Retirement Fund - Regular plan - Growth option,11.5654
2026-09-10,152626,Baroda BNP Paribas Retirement Fund - Direct plan - IDCW option,12.0095
2026-09-10,152627,Baroda BNP Paribas Retirement Fund - Regular plan - IDCW option,11.5654
2026-09-10,152628,Baroda BNP Paribas Retirement Fund - Direct plan - Growth option,12.0095
2026-09-10,152629,Axis Nifty Bank Index Fund - Direct Plan - Growth Option,11.6827
2026-09-10,152630,Axis Nifty Bank Index Fund - Regular Plan - IDCW Option,11.4578
2026-09-10,152631,Axis Nifty Bank Index Fund - Direct Plan - IDCW Option,11.6828
2026-09-10,152632,Axis Nifty Bank Index Fund - Regular Plan - Growth Option,11.4582
2026-09-10,152633,Groww Nifty Non-Cyclical Consumer Index Fund - Regular Plan - Growth,9.9852
2026-09-10,152634,Mirae Asset Nifty MidSmallcap400 Momentum Quality 100 ETF,51.6504
2026-09-10,152635,Groww Nifty Non-Cyclical Consumer Index Fund - IDCW,9.9841
2026-09-10,152636,Groww Nifty Non-Cyclical Consumer Index Fund - Direct Plan - IDCW,10.1166
2026-09-10,152637,Groww Nifty Non-Cyclical Consumer Index Fund - Direct Plan Growth,10.1167
2026-09-10,152638,Bajaj Finserv Nifty 1D Rate Liquid ETF,1098.1390
2026-09-10,152639,Bajaj Finserv Multi Asset Allocation Fund - Direct Growth,12.6162
2026-09-10,152640,Bajaj Finserv Multi Asset Allocation Fund - Regular IDCW,12.1929
2026-09-10,152641,Bajaj Finserv Multi Asset Allocation Fund - Direct IDCW,12.6162
2026-09-10,152642,Bajaj Finserv Multi Asset Allocation Fund - Regular Growth,12.1929
2026-09-10,152643,WhiteOak Capital Special Opportunities Fund - Regular Growth,14.632
2026-09-10,152644,WhiteOak Capital Special Opportunities Fund - Direct Growth,15.236
2026-09-10,152645,Mirae Asset Nifty MidSmallcap400 Momentum Quality 100 ETF Fund of Fund - Direct Plan - Growth,10.403
2026-09-10,152646,Mirae Asset Nifty MidSmallcap400 Momentum Quality 100 ETF Fund of Fund - Direct Plan - IDCW,10.402
2026-09-10,152647,Mirae Asset Nifty MidSmallcap400 Momentum Quality 100 ETF Fund of Fund - Regular Plan - Growth,10.275
2026-09-10,152648,Mirae Asset Nifty MidSmallcap400 Momentum Quality 100 ETF Fund of Fund - Regular Plan - IDCW,10.280
2026-09-10,152649,Motilal Oswal Multi Cap Fund Regular Plan IDCW,14.9556
2026-09-10,152650,Motilal Oswal Multi Cap Fund Regular Plan Growth,15.1836
2026-09-10,152651,Motilal Oswal Multi Cap Fund-Direct Plan Growth,15.6250
2026-09-10,152652,Motilal Oswal Multi Cap Fund-Direct Plan IDCW,15.3955
2026-09-10,152653,DSP Nifty Bank Index Fund - Regular - Growth,11.4754
2026-09-10,152654,DSP Nifty Bank Index Fund - Direct - Growth,11.6485
2026-09-10,152655,SBI Automotive Opportunities Fund - Direct Plan - Income Distribution Cum Capital Withdrawal Option,13.6970
2026-09-10,152656,SBI Automotive Opportunities Fund - Regular Plan - Income Distribution Cum Capital Withdrawal Option,13.3587
2026-09-10,152657,SBI Automotive Opportunities Fund - Direct Plan - Growth,13.6974
2026-09-10,152658,SBI Automotive Opportunities Fund - Regular Plan - Growth,13.3585
2026-09-10,152659,Aditya Birla Sun Life Crisil IBX Gilt June 2027 Index Fund-Direct Growth,11.6993
2026-09-10,152660,Aditya Birla Sun Life Crisil IBX Gilt June 2027 Index Fund-Regular Growth,11.6298
2026-09-10,152661,Aditya Birla Sun Life Crisil IBX Gilt June 2027 Index Fund-Regular IDCW Payout,11.6298
2026-09-10,152662,Aditya Birla Sun Life Crisil Ibx Gilt June 2027 Index Fund-Direct IDCW Payout,11.6999
2026-09-10,152663,Kotak NIFTY 100 Low Volatility 30 Index Fund - Direct plan - Growth option,10.5795
2026-09-10,152664,Kotak NIFTY 100 Low Volatility 30 Index Fund - Regular plan - Growth option,10.4298
2026-09-10,152665,Kotak NIFTY 100 Low Volatility 30 Index Fund - Direct plan - IDCW option,10.5796
2026-09-10,152666,Kotak NIFTY 100 Low Volatility 30 Index Fund - Regular plan - IDCW option,10.4298
2026-09-10,152667,Zerodha Nifty 100 ETF,10.3637
2026-09-10,152668,Zerodha Nifty Midcap 150 ETF,11.5387
2026-09-10,152669,Mahindra Manulife Manufacturing Fund - Regular Plan - IDCW,10.8543
2026-09-10,152670,Mahindra Manulife Manufacturing Fund - Direct Plan - IDCW,11.2365
2026-09-10,152671,Mahindra Manulife Manufacturing Fund - Regular Plan - Growth,10.8543
2026-09-10,152672,Mahindra Manulife Manufacturing Fund - Direct Plan - Growth,11.2365
2026-09-10,152673,Sundaram Business Cycle Fund Direct Plan IDCW Reinvestment,11.8838
2026-09-10,152674,Sundaram Business Cycle Fund Regular Plan IDCW Payout,11.4833
2026-09-10,152675,Sundaram Business Cycle Fund Regular Plan IDCW Reinvestment,11.4833
2026-09-10,152676,Sundaram Business Cycle Fund Direct Plan IDCW Payout,11.8838
2026-09-10,152677,Sundaram Business Cycle Fund Direct Plan Growth,11.8838
2026-09-10,152678,Sundaram Business Cycle Fund Regular Plan Growth,11.4833
2026-09-10,152679,Helios Financial Services Fund - Direct Plan - Growth Option,11.94
2026-09-10,152680,Helios Financial Services Fund - Direct Plan - IDCW Option,11.94
2026-09-10,152681,Helios Financial Services Fund - Regular Plan - IDCW Option,11.53
2026-09-10,152682,Helios Financial Services Fund - Regular Plan - Growth Option,11.53
2026-09-10,152683,Baroda BNP Paribas Nifty Bank ETF,56.9811
2026-09-10,152684,Aditya Birla Sun Life Quant Fund - Direct Growth,10.48
2026-09-10,152685,Aditya Birla Sun Life Quant Fund - Direct IDCW Payout,10.47
2026-09-10,152686,Aditya Birla Sun Life Quant Fund - Regular Growth,10.16
2026-09-10,152687,Aditya Birla Sun Life Quant Fund - Regular IDCW Payout,10.14
2026-09-10,152688,Canara Robeco Balanced Advantage Fund - Direct Plan - Growth Option,10.4900
2026-09-10,152689,Canara Robeco Balanced Advantage Fund - Direct Plan - IDCW Option,10.3900
2026-09-10,152690,Canara Robeco Balanced Advantage Fund - Regular Plan - Growth Option,10.1900
2026-09-10,152691,Canara Robeco Balanced Advantage Fund - Regular Plan - IDCW Option,10.0800
2026-09-10,152692,Motilal Oswal Quant Fund - Regular - Growth,9.6759
2026-09-10,152693,Motilal Oswal Quant Fund - Regular - IDCW,8.9209
2026-09-10,152694,Motilal Oswal Quant Fund - Direct - Growth,10.2530
2026-09-10,152695,Motilal Oswal Quant Fund - Direct - IDCW,9.6418
2026-09-10,152696,Baroda BNP Paribas Manufacturing Fund - Regular Plan - Growth Option,11.0386
2026-09-10,152697,Baroda BNP Paribas Manufacturing Fund - Direct Plan - Growth Option,11.3763
2026-09-10,152698,Baroda BNP Paribas Manufacturing Fund - Direct Plan - IDCW Option,11.3763
2026-09-10,152699,Baroda BNP Paribas Manufacturing Fund - Regular Plan - IDCW Option,11.0386
2026-09-10,152700,Kotak Special Opportunities Fund - Regular Plan - IDCW Option,11.321
2026-09-10,152702,Kotak Special Opportunities Fund - Direct Plan - Growth Option,11.668
2026-09-10,152703,Kotak Special Opportunities Fund - Regular Plan - Growth Option,11.321
2026-09-10,152704,Kotak Special Opportunities Fund - Direct Plan - IDCW Payout Option,11.669
2026-09-10,152710,Edelweiss Business Cycle Fund - Direct Plan - Growth,9.4365
2026-09-10,152711,Motilal Oswal Nifty India Defence Index Fund Regular Plan Growth,12.6517
2026-09-10,152712,Motilal Oswal Nifty India Defence Index Fund Direct Plan Growth,12.8427
2026-09-10,152713,HDFC NIFTY100 Low Volatility 30 Index Fund - Direct Plan,10.1361
2026-09-10,152714,HDFC NIFTY100 Low Volatility 30 Index Fund - Regular Plan,10.0259
2026-09-10,152715,Mirae Asset Nifty EV and New Age Automotive ETF,32.2002
2026-09-10,152716,Bandhan Nifty Total Market Index Fund - Direct Plan - Growth,10.1394
2026-09-10,152717,Bandhan Nifty Total Market Index Fund - Regular Plan - Growth,9.9970
2026-09-10,152718,Mirae Asset Nifty200 Alpha 30 ETF Fund of Fund - Direct Plan - Growth,9.287
2026-09-10,152719,Mirae Asset Nifty200 Alpha 30 ETF Fund of Fund - Direct Plan - IDCW,9.293
2026-09-10,152720,Mirae Asset Nifty200 Alpha 30 ETF Fund of Fund - Regular Plan - Growth,9.196
2026-09-10,152721,Mirae Asset Nifty200 Alpha 30 ETF Fund of Fund - Regular Plan - IDCW,9.189
2026-09-10,152722,Edelweiss Business Cycle Fund - Regular Plan - IDCW Option,9.1237
2026-09-10,152723,Edelweiss Business Cycle Fund - Direct Plan - IDCW Option,9.4365
2026-09-10,152724,Edelweiss Business Cycle Fund - Regular Plan - Growth,9.1237
2026-09-10,152725,SBI Silver ETF,228.4256
2026-09-10,152726,ICICI PRUDENTIAL ENERGY OPPORTUNITIES FUND - Growth,11.58
2026-09-10,152727,ICICI PRUDENTIAL ENERGY OPPORTUNITIES FUND - IDCW,11.58
2026-09-10,152728,ICICI PRUDENTIAL ENERGY OPPORTUNITIES FUND - Direct Plan - Growth,11.88
2026-09-10,152729,ICICI PRUDENTIAL ENERGY OPPORTUNITIES FUND - Direct Plan - IDCW,11.88
2026-09-10,152730,Axis Nifty 500 Index Fund - Regular Plan - Growth Option,9.8992
2026-09-10,152731,Axis Nifty 500 Index Fund - Direct Plan - Growth Option,10.0949
2026-09-10,152732,ADITYA BIRLA SUN LIFE CRISIL BROAD BASED GILT ETF,114.1033
2026-09-10,152733,SBI Silver ETF Fund of Fund- Regular Plan - Growth,24.7647
2026-09-10,152734,SBI Silver ETF FOF- Regular Plan - Income Distribution Cum Capital Withdrawal Option (IDCW),24.7679
2026-09-10,152735,SBI Silver ETF Fund of Fund- Direct Plan - Growth,24.9539
2026-09-10,152736,SBI Silver ETF Fund of Fund- Direct Plan - Income Distribution Cum Capital Withdrawal Option (IDCW),24.9538
2026-09-10,152737,Franklin India Multi Cap Fund - Direct - IDCW,11.4203
2026-09-10,152738,Franklin India Multi Cap Fund - Growth,11.0784
2026-09-10,152739,Franklin India Multi Cap Fund - Direct - Growth,11.4203
2026-09-10,152740,Franklin India Multi Cap Fund - IDCW,11.0784
2026-09-10,152741,Shriram Nifty 1D Rate Liquid ETF - Growth,1120.8011
2026-09-10,152742,Tata Nifty India Tourism Index Fund - Direct - Growth,8.8486
2026-09-10,152743,Tata Nifty India Tourism Index Fund - Direct - IDCW Reinvestment,8.8486
2026-09-10,152744,Tata Nifty India Tourism Index Fund - Direct - IDCW Payout,8.8486
2026-09-10,152745,Tata Nifty India Tourism Index Fund - Regular - IDCW Payout,8.7222
2026-09-10,152746,Tata Nifty India Tourism Index Fund - Regular - Growth,8.7222
2026-09-10,152747,Tata Nifty India Tourism Index Fund - Regular - IDCW Reinvestment,8.7222
2026-09-10,152748,ICICI Prudential Nifty Oil & Gas ETF,11.2112
2026-09-10,152749,SBI Nifty50 Equal Weight ETF,32.7022
2026-09-10,152750,NAVI NIFTY 500 MULTICAP 50-25-25 REGULAR PLAN,9.9935
2026-09-10,152751,NAVI NIFTY 500 MULTICAP 50-25-25 DIRECT PLAN,10.1382
2026-09-10,152752,Kotak BSE PSU Index Fund - Regular Plan - Growth,9.216
2026-09-10,152753,Kotak BSE PSU Index Fund - Regular Plan - IDCW Payout and Reinvestment,9.216
2026-09-10,152754,Kotak BSE PSU Index Fund - Direct Plan - IDCW Payout and Reinvestment,9.343
2026-09-10,152755,Kotak BSE PSU Index Fund - Direct Plan - Growth,9.343
2026-09-10,152756,Invesco India Manufacturing Fund - Direct Plan - Growth,12.15
2026-09-10,152757,Invesco India Manufacturing Fund - Direct Plan - IDCW,12.15
2026-09-10,152758,Invesco India Manufacturing Fund - Regular Plan - Growth,11.77
2026-09-10,152759,Invesco India Manufacturing Fund - Regular Plan - IDCW,11.77
2026-09-10,152760,Motilal Oswal Manufacturing Fund - Direct Plan- Growth,11.9499
2026-09-10,152761,Motilal Oswal Manufacturing Fund - Regular Plan - IDCW,11.6015
2026-09-10,152762,Motilal Oswal Manufacturing Fund - Direct Plan - IDCW,11.9493
2026-09-10,152763,Motilal Owsal Manufacturing Fund - Regular Plan - Growth,11.6017
2026-09-10,152764,GROWW NIFTY EV & NEW AGE AUTOMOTIVE ETF,32.0725
2026-09-10,152765,KOTAK NIFTY MIDCAP 50 INDEX FUND-REGULAR PLAN-GROWTH,10.897
2026-09-10,152766,KOTAK NIFTY MIDCAP 50 INDEX FUND-REGULAR PLAN-IDCW PAYOUT AND REINVESTMENT,10.897
2026-09-10,152767,KOTAK NIFTY MIDCAP 50 INDEX FUND-DIRECT PLAN- GROWTH,11.036
2026-09-10,152768,KOTAK NIFTY MIDCAP 50 INDEX FUND-DIRECT PLAN-IDCW PAYOUT AND REINVESTMENT,11.036
2026-09-10,152769,ICICI Prudential Nifty Metal ETF,13.3907
2026-09-10,152770,Groww Nifty EV & New Age Automotive ETF FOF- Direct Plan - Growth,9.8291
2026-09-10,152771,Groww Nifty EV & New Age Automotive ETF FOF - Direct Plan - IDCW,9.8296
2026-09-10,152772,Groww Nifty EV & New Age Automotive ETF FOF - Regular Plan - IDCW,9.7473
2026-09-10,152773,Groww Nifty EV & New Age Automotive ETF FOF - Regular Plan - Growth,9.7472
2026-09-10,152774,SBI Innovative Opportunities Fund - Regular Plan - Growth,10.6668
2026-09-10,152775,SBI Innovative Opportunities Fund - Regular Plan - Income Distribution Cum Capital Withdrawal Option,10.6673
2026-09-10,152776,SBI Innovative Opportunities Fund - Direct Plan - Growth,10.9066
2026-09-10,152777,SBI Innovative Opportunities Fund - Direct Plan - Income Distribution Cum Capital Withdrawal Option,10.9066
2026-09-10,152778,HDFC NIFTY500 Multicap 50:25:25 Index Fund - Direct Plan,10.0744
2026-09-10,152779,HDFC NIFTY500 Multicap 50:25:25 index Fund - Regular Plan,9.9753
2026-09-10,152780,BAJAJ FINSERV LARGE CAP FUND - REGULAR PLAN - GROWTH,9.965
2026-09-10,152781,BAJAJ FINSERV LARGE CAP FUND - DIRECT PLAN - IDCW,10.277
2026-09-10,152782,BAJAJ FINSERV LARGE CAP FUND - REGULAR PLAN - IDCW,9.965
2026-09-10,152783,BAJAJ FINSERV LARGE CAP FUND - DIRECT PLAN - GROWTH,10.277
2026-09-10,152784,Union Multi Asset Allocation Fund- Direct Plan - IDCW Option,11.58
2026-09-10,152785,Union Multi Asset Allocation Fund- Regular Plan - IDCW Option,11.29
2026-09-10,152786,Union Multi Asset Allocation Fund- Regular Plan - Growth Option,12.19
2026-09-10,152787,Union Multi Asset Allocation Fund- Direct Plan - Growth Option,12.47
2026-09-10,152788,Bank of India Business Cycle Fund - Direct Plan - Dividend,9.95
2026-09-10,152789,Bank of India Business Cycle Fund - Direct Plan - Growth,9.95
2026-09-10,152790,Bank of India Business Cycle Fund - Regular Plan - Growth,9.71
2026-09-10,152791,Bank of India Business Cycle Fund - Regular Plan - Dividend,9.71
2026-09-10,152792,Bandhan Nifty Bank Index Fund - Regular Plan - Growth,10.9266
2026-09-10,152793,Bandhan Nifty Bank Index Fund - Direct Plan - Growth,11.1065
2026-09-10,152794,Motilal Oswal Business Cycle Fund-Regular Plan-Growth,12.8689
2026-09-10,152795,Motilal Oswal Business Cycle Fund-Regular Plan-IDCW,12.8690
2026-09-10,152796,Motilal Oswal Business Cycle Fund - Direct Plan- Growth,13.2256
2026-09-10,152797,Motilal Oswal Business Cycle Fund - Direct Plan- IDCW,13.2248
2026-09-10,152798,Aditya Birla Sun Life Nifty India Defence Index Fund-Direct Growth,14.0235
2026-09-10,152799,Aditya Birla Sun Life Nifty India Defence Index Fund-Direct IDCW Payout,14.0241
2026-09-10,152800,Aditya Birla Sun Life Nifty India Defence Index Fund-Regular-Growth,13.8174
2026-09-10,152801,Aditya Birla Sun Life Nifty India Defence Index Fund-Regular IDCW Payout,13.8148
2026-09-10,152802,Aditya Birla Sun Life Crisil 10 Year Gilt ETF,112.2430
2026-09-10,152803,Axis Consumption Fund Direct Plan - IDCW,9.37
2026-09-10,152804,Axis Consumption Fund Regular Plan - Growth,9.12
2026-09-10,152805,Axis Consumption Fund Direct Plan - Growth,9.37
2026-09-10,152806,Axis Consumption Fund Regular Plan - IDCW,9.12
2026-09-10,152807,Baroda BNP Paribas Dividend Yield Fund - Regular Plan - Growth Option,9.6730
2026-09-10,152808,Baroda BNP Paribas Dividend Yield Fund - Regular Plan - IDCW Option,9.6730
2026-09-10,152809,Baroda BNP Paribas Dividend Yield Fund - Direct Plan - IDCW Option,9.9677
2026-09-10,152810,Baroda BNP Paribas Dividend Yield Fund - Direct Plan - Growth Option,9.9677
2026-09-10,152811,Mirae Asset Nifty500 Multicap 50:25:25 ETF,16.5760
2026-09-10,152812,DSP Nifty Top 10 Equal Weight ETF,85.2866
2026-09-10,152813,DSP Nifty Top 10 Equal Weight Index Fund - Regular - Growth,8.6253
2026-09-10,152814,DSP Nifty Top 10 Equal Weight Index Fund - Direct - Growth,8.7467
2026-09-10,152815,PGIM India Multi Cap Fund - Direct Plan - Growth Option,11.02
2026-09-10,152816,PGIM India Multi Cap Fund - Regular Plan - Growth Option,10.65
2026-09-10,152817,PGIM India Multi Cap Fund - Direct Plan - IDCW Option,11.02
2026-09-10,152818,PGIM India Multi Cap Fund - Regular Plan - IDCW Option,10.65
2026-09-10,152821,ITI Large & Midcap Fund - Direct Plan - Growth,10.5610
2026-09-10,152822,ITI Large & Midcap Fund - Regular Plan - IDCW Option,10.2130
2026-09-10,152823,ITI Large & Midcap Fund - Direct Plan - IDCW Option,10.5610
2026-09-10,152824,ITI Large & Midcap Fund - Regular Plan - Growth,10.2130
2026-09-10,152825,Franklin India Ultra Short Duration Fund - Direct - Growth,11.5313
2026-09-10,152826,Franklin India Ultra Short Duration Fund - IDCW,10.7738
2026-09-10,152827,Franklin India Ultra Short Duration Fund - Direct - IDCW,10.8555
2026-09-10,152828,Franklin India Ultra Short Duration Fund - Growth,11.4268
2026-09-10,152829,HSBC India Export Opportunities Fund - Direct Growth,12.0946
2026-09-10,152830,HSBC India Export Opportunities Fund - Regular Growth,11.7751
2026-09-10,152831,HSBC India Export Opportunities Fund - Direct IDCW,12.0945
2026-09-10,152832,HSBC India Export Opportunities Fund - Regular IDCW,11.7752
2026-09-10,152833,Tata Nifty200 Alpha 30 Index Fund - Direct - IDCW Reinvestment,9.0921
2026-09-10,152834,Tata Nifty200 Alpha 30 Index Fund - Regular -Growth,8.9724
2026-09-10,152835,Tata Nifty200 Alpha 30 Index Fund - Regular - IDCW Payout,8.9724
2026-09-10,152836,Tata Nifty200 Alpha 30 Index Fund - Direct -Growth,9.0921
2026-09-10,152837,Tata Nifty200 Alpha 30 Index Fund - Direct - IDCW Payout,9.0921
2026-09-10,152838,Tata Nifty200 Alpha 30 Index Fund - Regular - IDCW Reinvestment,8.9724
2026-09-10,152839,Nippon India Nifty 500 Equal Weight Index Fund - Direct Plan - IDCW Option,9.8574
2026-09-10,152840,Nippon India Nifty 500 Equal Weight Index Fund - Regular Plan - Growth Option,9.7485
2026-09-10,152841,Nippon India Nifty 500 Equal Weight Index Fund - Regular Plan - IDCW Option,9.7485
2026-09-10,152842,Nippon India Nifty 500 Equal Weight Index Fund - Direct Plan - Growth Option,9.8574
2026-09-10,152843,Bandhan BSE Healthcare Index Fund Regular Plan - Growth,11.6646
2026-09-10,152844,Bandhan BSE Healthcare Index Fund Direct Plan - Growth,11.8541
2026-09-10,152845,Groww Nifty India Defence ETF,97.8091
2026-09-10,152846,Motilal Oswal Nifty India Defence ETF,107.5970
2026-09-10,152847,Samco Multi Cap Fund - Direct Plan - Growth,9.36
2026-09-10,152848,Samco Multi Cap Fund - Regular Plan - Growth,9.09
2026-09-10,152849,WhiteOak Capital Arbitrage Fund Direct Plan Growth,11.535
2026-09-10,152850,WhiteOak Capital Arbitrage Fund Regular Plan Growth,11.363
2026-09-10,152851,Franklin India Medium to Long Duration Fund - Direct Growth,11.3293
2026-09-10,152852,Franklin India Medium to Long Duration Fund - Direct - IDCW,10.7153
2026-09-10,152853,Franklin India Medium to Long Duration Fund - Growth,11.2160
2026-09-10,152854,Franklin India Medium to Long Duration Fund - IDCW,10.6250
2026-09-10,152855,Bandhan Nifty Midcap 150 Index Fund-Direct Plan-Growth,10.4309
2026-09-10,152856,Bandhan Nifty Midcap 150 Index Fund-Regular Plan-Growth,10.2855
2026-09-10,152857,Edelweiss Nifty Bank ETF - Growth,57.0193
2026-09-10,152858,UTI Nifty 200 Quality 30 Index Fund - Regular Plan - Growth Option,8.6578
2026-09-10,152859,UTI Nifty 200 Quality 30 Index Fund - Direct Plan - Growth Option,8.7447
2026-09-10,152860,Invesco India Technology Fund - Direct Plan - IDCW,9.94
2026-09-10,152861,Invesco India Technology Fund - Regular Plan - IDCW,9.64
2026-09-10,152862,Invesco India Technology Fund - Regular Plan - Growth,9.64
2026-09-10,152863,Invesco India Technology Fund - Direct Plan - Growth,9.94
2026-09-10,152864,UTI Nifty Private Bank Index Fund - Direct Plan - Growth Option,10.145
2026-09-10,152865,UTI Nifty Private Bank Index Fund - Regular Plan - Growth Option,10.0445
2026-09-10,152866,Kotak CRISIL -IBX AAA Financial Services Index Sep-2027 Fund-REGULAR PLAN-GROWTH,11.5686
2026-09-10,152867,Kotak CRISIL-IBX AAA Financial Services Index Sep-2027 Fund-REGULAR PLAN-IDCW,11.5685
2026-09-10,152868,Kotak CRISIL -IBX AAA Financial Services Index Sep-2027 Fund-DIRECT PLAN-IDCW,11.615
2026-09-10,152869,Kotak CRISIL -IBX AAA Financial Services Index Sep-2027 Fund-DIRECT PLAN-GROWTH Option,11.6172
2026-09-10,152870,Kotak Nifty India Tourism Index Fund-Direct-Growth Option,8.334
2026-09-10,152871,Kotak Nifty India Tourism Index Fund-Regular Plan-IDCW Option,8.23
2026-09-10,152872,Kotak Nifty India Tourism Index Fund-Regular plan-Growth,8.23
2026-09-10,152873,Kotak Nifty India Tourism Index Fund-Direct Plan-IDCW Option,8.335
2026-09-10,152874,Motilal Oswal Nifty 500 Momentum 50 ETF,54.7221
2026-09-10,152875,Motilal Oswal Nifty 500 Momentum 50 Index Fund-Direct Plan-Growth,8.5686
2026-09-10,152876,Motilal Oswal Nifty 500 Momentum 50 Index Fund-Regular Plan-Growth,8.4547
2026-09-10,152877,Bandhan Business Cycle Fund - Regular Plan - Growth,9.727
2026-09-10,152878,Bandhan Business Cycle Fund - Direct Plan - Growth,10.021
2026-09-10,152879,Bandhan Business Cycle Fund - Direct Plan - IDCW,10.021
2026-09-10,152880,Bandhan Business Cycle Fund - Regular Plan - IDCW,9.727
2026-09-10,152881,Nippon India Nifty 500 Momentum 50 Index Fund - Direct Plan - Growth Option,8.6597
2026-09-10,152882,Nippon India Nifty 500 Momentum 50 Index Fund - Regular Plan - IDCW Option,8.5552
2026-09-10,152883,Nippon India Nifty 500 Momentum 50 Index Fund - Regular Plan - Growth Option,8.5552
2026-09-10,152884,Nippon India Nifty 500 Momentum 50 Index Fund - Direct Plan - IDCW Option,8.6597
2026-09-10,152885,Axis CRISIL-IBX AAA Bond NBFC - Jun 2027 Index Fund - Regular Plan - IDCW Option,11.5022
2026-09-10,152886,Axis CRISIL-IBX AAA Bond NBFC - Jun 2027 Index Fund - Regular Plan - Growth Option,11.5022
2026-09-10,152887,Axis CRISIL-IBX AAA Bond NBFC - Jun 2027 Index Fund - Direct Plan - Growth Option,11.5763
2026-09-10,152888,Axis CRISIL-IBX AAA Bond NBFC - Jun 2027 Index Fund - Direct Plan - IDCW Option,11.5762
2026-09-10,152889,HDFC NIFTY LargeMidcap 250 Index Fund - Growth Option - Direct,10.0644
2026-09-10,152890,HDFC NIFTY LargeMidcap 250 Index Fund - Growth Option,9.9716
2026-09-10,152891,Groww Nifty 1D Rate Liquid ETF,110.6881
2026-09-10,152906,SBI Nifty 500 Index Fund- Regular Plan- Growth,9.4896
2026-09-10,152907,SBI Nifty 500 Index Fund- Regular Plan- Income Distribution Cum Capital Withdrawal (IDCW),9.4893
2026-09-10,152908,SBI Nifty 500 Index Fund- Direct Plan- Growth,9.5796
2026-09-10,152909,SBI Nifty 500 Index Fund- Direct Plan- Income Distribution Cum Capital Withdrawal (IDCW),9.5796
2026-09-10,152910,Kotak MNC Fund-Direct Plan-Growth,12.873
2026-09-10,152911,Kotak MNC Fund-Direct Plan-IDCW Option,12.873
2026-09-10,152912,KotaK MNC Fund-Regular Plan-IDCW OPTION,12.532
2026-09-10,152913,Kotak MNC Fund-Regular Plan- Growth,12.532
2026-09-10,152914,WhiteOak Capital Digital Bharat Fund Regular Plan Growth,10.109
2026-09-10,152915,WhiteOak Capital Digital Bharat Fund Direct Plan Growth,10.451
2026-09-10,152916,Kotak Nifty Midcap 150 Momentum 50 Index Fund-Direct Plan-Growth,9.614
2026-09-10,152917,Kotak Nifty Midcap 150 Momentum 50 Index Fund-Direct Plan-IDCW option,9.614
2026-09-10,152918,Kotak Nifty Midcap 150 Momentum 50 Index Fund-Regular Plan-Growth,9.495
2026-09-10,152919,Kotak Nifty Midcap 150 Momentum 50 Index Fund-Regular plan-IDCW option,9.495
2026-09-10,152920,LIC MF Manufacturing Fund-Direct Plan-Growth,11.8841
2026-09-10,152921,LIC MF Manufacturing Fund-Direct Plan-IDCW,11.8841
2026-09-10,152922,LIC MF Manufacturing Fund-Regular Plan-Growth,11.5291
2026-09-10,152923,LIC MF Manufacturing Fund-Regular Plan-IDCW,11.529
2026-09-10,152924,Mirae Asset Nifty Metal ETF,13.4386
2026-09-10,152925,Groww Nifty India Defence ETF FOF - Direct Growth,14.4304
2026-09-10,152926,Groww Nifty India Defence ETF FOF - Direct - IDCW,14.4306
2026-09-10,152927,Groww Nifty India Defence ETF FOF - Regular - Growth,14.3219
2026-09-10,152928,Groww Nifty India Defence ETF FOF - Regular - IDCW,14.3202
2026-09-10,152929,Mirae Asset Nifty PSU Bank ETF,84.7640
2026-09-10,152930,Baroda BNP Paribas Nifty200 Momentum 30 Index Fund - Regular Plan - Growth Option,8.0745
2026-09-10,152931,Baroda BNP Paribas Nifty200 Momentum 30 Index Fund - Direct Plan - Growth Option,8.1709
2026-09-10,152932,ICICI Prudential Nifty200 Value 30 ETF,15.0640
2026-09-10,152933,ICICI Prudential Nifty200 Value 30 Index Fund - Direct Plan - IDCW,10.9093
2026-09-10,152934,ICICI Prudential Nifty200 Value 30 Index Fund - Growth,10.7952
2026-09-10,152935,ICICI Prudential Nifty200 Value 30 Index Fund - IDCW,10.7952
2026-09-10,152936,ICICI Prudential Nifty200 Value 30 Index Fund - Direct Plan - Growth,10.9093
2026-09-10,152937,TRUSTMF SMALL CAP FUND -DIRECT PLAN-IDCW,14.21
2026-09-10,152938,TRUSTMF SMALL CAP FUND -REGULAR PLAN- IDCW,13.78
2026-09-10,152939,TRUSTMF SMALL CAP FUND -DIRECT PLAN-GROWTH,14.20
2026-09-10,152940,TRUSTMF SMALL CAP FUND -REGULAR PLAN-GROWTH,13.78
2026-09-10,152941,Helios Large & Mid Cap Fund - Direct Plan - Growth Option,11.68
2026-09-10,152942,Helios Large & Mid Cap Fund - Direct Plan - IDCW Option,11.68
2026-09-10,152943,Helios Large & Mid Cap Fund - Regular Plan - Growth Option,11.33
2026-09-10,152944,Helios Large & Mid Cap Fund - Regular Plan - IDCW Option,11.33
2026-09-10,152945,Aditya Birla Sun Life Crisil-IBX AAA NBFC-HFC Index-Sep 2026 Fund-Regular Growth,11.4594
2026-09-10,152946,Aditya Birla Sun Life Crisil-IBX AAA NBFC-HFC Index-Sep 2026 Fund-Regular IDCW Payout,11.4594
2026-09-10,152947,Aditya Birla Sun Life Crisil-IBX AAA NBFC-HFC Index-Sep 2026 Fund-Direct Growth,11.5220
2026-09-10,152948,Aditya Birla Sun Life Crisil-IBX AAA NBFC-HFC INDEX-Sep 2026 Fund-Direct IDCW Payout,11.5220
2026-09-10,152949,Axis Nifty500 Value 50 Index Fund - Direct Plan - Growth Option,11.4031
2026-09-10,152950,Axis Nifty500 Value 50 Index Fund - Regular Plan - Growth Option,11.2162
2026-09-10,152951,Tata Nifty Capital Markets Index Fund - Direct Plan Growth Option,14.5752
2026-09-10,152952,Tata Nifty Capital Markets Index Fund - Direct Plan IDCW Reinvestment Option,14.5752
2026-09-10,152953,Tata Nifty Capital Markets Index Fund - Direct Plan IDCW Payout Option,14.5752
2026-09-10,152954,Tata Nifty Capital Markets Index Fund - Regular Plan Growth Option,14.4037
2026-09-10,152955,Tata Nifty Capital Markets Index Fund - Regular Plan IDCW Reinvestment Option,14.4037
2026-09-10,152956,Tata Nifty Capital Markets Index Fund - Regular Plan IDCW Payout Option,14.4037
2026-09-10,152957,Groww Gold ETF,14.8402
2026-09-10,152962,WhiteOak Capital ESG Best-In-Class Strategy Fund Direct Plan Growth,10.307
2026-09-10,152963,WhiteOak Capital ESG Best-In-Class Strategy Fund Regular Plan Growth,9.980
2026-09-10,152964,Motilal Oswal Digital India Fund - Direct Plan - Growth,11.3786
2026-09-10,152965,Motilal Oswal Digital India Fund - Direct Plan- IDCW,11.3782
2026-09-10,152966,Motilal Oswal Digital India Fund - Regular Plan- Growth,11.0770
2026-09-10,152967,Motilal Oswal Digital India Fund - Regular Plan - IDCW,11.0771
2026-09-10,152968,Mirae Asset Nifty Total Market Index Fund - Direct Plan - Growth,10.3254
2026-09-10,152969,Mirae Asset Nifty Total Market Index Fund - Direct Plan - IDCW,10.3251
2026-09-10,152970,Mirae Asset Nifty Total Market Index Fund - Regular Plan - Growth,10.1938
2026-09-10,152971,Mirae Asset Nifty Total Market Index Fund - Regular Plan - IDCW,10.1935
2026-09-10,152972,Mirae Asset Nifty 50 Index Fund - Direct Plan - Growth,9.8020
2026-09-10,152973,Mirae Asset Nifty 50 Index Fund - Direct Plan - IDCW,9.8022
2026-09-10,152974,Mirae Asset Nifty 50 Index Fund - Regular Plan - Growth,9.6863
2026-09-10,152975,Mirae Asset Nifty 50 Index Fund - Regular Plan - IDCW,9.6881
2026-09-10,152976,Mirae Asset Nifty LargeMidcap 250 Index Fund - Direct Plan - Growth,10.4507
2026-09-10,152977,Mirae Asset Nifty LargeMidcap 250 Index Fund - Direct Plan - IDCW,10.4516
2026-09-10,152978,Mirae Asset Nifty LargeMidcap 250 Index Fund - Regular Plan - Growth,10.3259
2026-09-10,152979,Mirae Asset Nifty LargeMidcap 250 Index Fund - Regular Plan - IDCW,10.3253
2026-09-10,152980,Groww Gold ETF FOF - DIRECT - GROWTH,18.7046
2026-09-10,152981,Edelweiss Nifty500 Multicap Momentum Quality 50 ETF - Growth,42.1107
2026-09-10,152982,Edelweiss Nifty500 Multicap Momentum Quality 50 Index Fund - Direct - IDCW - Payout,9.2199
2026-09-10,152983,Edelweiss Nifty500 Multicap Momentum Quality 50 Index Fund - Regular - IDCW - Payout,9.1049
2026-09-10,152985,Edelweiss Nifty500 Multicap Momentum Quality 50 Index Fund - Direct - Growth,9.2199
2026-09-10,152988,Edelweiss Nifty500 Multicap Momentum Quality 50 Index Fund - Regular - Growth,9.1049
2026-09-10,152990,Bandhan Nifty 500 Value 50 Index Fund Direct Plan - Growth,11.2745
2026-09-10,152991,Bandhan Nifty 500 Value 50 Index Fund Regular Plan - Growth,11.1384
2026-09-10,152992,Nippon India CRISIL - IBX AAA Financial Services - Dec 2026 Index Fund - Direct Plan - Growth Option,11.4804
2026-09-10,152993,Nippon India CRISIL - IBX AAA Financial Services - Dec 2026 Index Fund - Direct Plan - IDCW Option,11.4804
2026-09-10,152994,Nippon India CRISIL - IBX AAA Financial Services - Dec 2026 Index Fund - Regular Plan - Growth Option,11.4374
2026-09-10,152995,Nippon India CRISIL - IBX AAA Financial Services - Dec 2026 Index Fund - Regular Plan - IDCW Option,11.4374
2026-09-10,152996,Nippon India CRISIL - IBX AAA Financial Services - Jan 2028 Index Fund - Direct Plan - Growth Option,11.4758
2026-09-10,152997,Nippon India CRISIL - IBX AAA Financial Services - Jan 2028 Index Fund - Direct Plan - IDCW Option,11.4758
2026-09-10,152998,Nippon India CRISIL - IBX AAA Financial Services - Jan 2028 Index Fund - Regular Plan - Growth Option,11.4287
2026-09-10,152999,Nippon India CRISIL - IBX AAA Financial Services - Jan 2028 Index Fund - Regular Plan - IDCW Option,11.4287
2026-09-10,153000,Baroda BNP Paribas Nifty Midcap 150 Index Fund - Direct Plan - Growth Option,11.0351
2026-09-10,153001,Baroda BNP Paribas Nifty Midcap 150 Index Fund - Regular Plan - Growth Option,10.8957
2026-09-10,153002,Bandhan Nifty 500 Momentum 50 Index Fund Regular Plan-Growth,9.1353
2026-09-10,153003,Bandhan Nifty 500 Momentum 50 Index Fund Direct Plan-Growth,9.2468
2026-09-10,153004,Groww Gold ETF FOF - DIRECT - IDCW,18.7046
2026-09-10,153005,Groww Gold ETF FOF - REGULAR - IDCW,18.6008
2026-09-10,153006,Groww Gold ETF FOF - REGULAR - GROWTH,18.6003
2026-09-10,153007,Mirae Asset Gold ETF Fund of Fund - Direct Plan - Growth,19.253
2026-09-10,153008,Mirae Asset Gold ETF Fund of Fund - Direct Plan - IDCW,19.251
2026-09-10,153009,Mirae Asset Gold ETF Fund of Fund - Regular Plan - Growth,19.065
2026-09-10,153010,Mirae Asset Gold ETF Fund of Fund - Regular Plan - IDCW,19.054
2026-09-10,153011,Zerodha Gold ETF FoF-Direct Plan - Growth Option,19.9542
2026-09-10,153012,SBI Nifty India Consumption Index Fund- Regular Plan- Growth,9.9714
2026-09-10,153013,SBI Nifty India Consumption Index Fund- Regular Plan- IDCW Payout,9.9714
2026-09-10,153014,SBI Nifty India Consumption Index Fund- Direct Plan- IDCW Payout,10.0612
2026-09-10,153015,SBI Nifty India Consumption Index Fund- Direct Plan- Growth,10.0612
2026-09-10,153021,Samco Overnight Fund - Unclaimed Redemption Upto 3 years,1099.4608
2026-09-10,153022,Motilal Oswal Nifty MidSmall Healthcare Index Fund-Regular Plan-Growth,12.5258
2026-09-10,153023,Motilal Oswal Nifty MidSmall Healthcare Index Fund- Direct Plan-Growth,12.6318
2026-09-10,153024,Motilal Oswal Nifty MidSmall India Consumption Index Fund-Regular Plan-Growth,9.5035
2026-09-10,153025,Motilal Oswal Nifty MidSmall India Consumption Index Fund - Direct Plan- Growth,9.5847
2026-09-10,153026,Motilal Oswal Nifty MidSmall Financial Services Index Fund-Regular Plan-Growth,14.6343
2026-09-10,153027,Motilal Oswal Nifty MidSmall Financial Services Index Fund - Direct Plan- Growth,14.7594
2026-09-10,153028,Motilal Oswal Nifty MidSmall IT and Telecom Index Fund-Regular Plan-Growth,9.5193
2026-09-10,153029,Motilal Oswal Nifty MidSmall IT and Telecom Index Fund - Direct Plan- Growth,9.6013
2026-09-10,153030,Aditya Birla Sun Life Crisil-IBX AAA Financial Services Index-Sep 2027 Fund-Direct Growth,11.4370
2026-09-10,153031,Aditya Birla Sun Life Crisil-IBX AAA Financial Services Index-Sep 2027 Fund-Direct IDCW Payout,11.4371
2026-09-10,153032,Aditya Birla Sun Life Crisil-IBX AAA Financial Services Index-Sep 2027 Fund-Regular IDCW Payout,11.3924
2026-09-10,153033,Aditya Birla Sun Life Crisil-IBX AAA Financial Services Index-Sep 2027 Fund-Regular Growth,11.3923
2026-09-10,153034,Groww Multicap Fund - Direct - Growth,12.6173
2026-09-10,153035,Shriram Liquid Fund - Direct Plan Growth Option,1121.5633
2026-09-10,153036,Shriram Liquid Fund - Regular Plan Growth Option,1118.7003
2026-09-10,153037,PGIM India Healthcare Fund - Direct Plan - IDCW Option,12.53
2026-09-10,153038,PGIM India Healthcare Fund - Regular Plan - IDCW Option,12.16
2026-09-10,153039,PGIM India Healthcare Fund - Direct Plan - Growth Option,12.53
2026-09-10,153040,PGIM India Healthcare Fund - Regular Plan - Growth Option,12.16
2026-09-10,153041,Franklin India Arbitrage Fund - Direct - IDCW,11.3316
2026-09-10,153042,Franklin India Arbitrage Fund - Growth,11.1851
2026-09-10,153043,Franklin India Arbitrage Fund - Direct - Growth,11.3316
2026-09-10,153044,Franklin India Arbitrage Fund - IDCW,11.1851
2026-09-10,153045,Mirae Asset Nifty 1D Rate Liquid ETF - Growth,1102.5220
2026-09-10,153046,Invesco India Multi Asset Allocation Fund - Regular Plan - Growth,12.41
2026-09-10,153047,Invesco India Multi Asset Allocation Fund - Direct Plan - Growth,12.7
2026-09-10,153048,Invesco India Multi Asset Allocation Fund - Regular Plan - IDCW,12.42
2026-09-10,153049,Invesco India Multi Asset Allocation Fund - Direct Plan - IDCW,12.68
2026-09-10,153050,Axis CRISIL-IBX AAA Bond Financial Services - Sep 2027 Index Fund - Regular Plan - Growth Option,11.3629
2026-09-10,153051,Axis CRISIL-IBX AAA Bond Financial Services - Sep 2027 Index Fund - Direct Plan - Growth Option,11.3826
2026-09-10,153052,Axis CRISIL-IBX AAA Bond Financial Services - Sep 2027 Index Fund - Direct Plan - IDCW Option,11.3826
2026-09-10,153053,Axis CRISIL-IBX AAA Bond Financial Services - Sep 2027 Index Fund - Regular Plan - IDCW Option,11.3626
2026-09-10,153054,Tata India Innovation Fund- Regular IDCW payout,10.1457
2026-09-10,153055,Tata India Innovation Fund- Direct Growth,10.4213
2026-09-10,153056,Tata India Innovation Fund- Direct IDCW Reinvestment,10.4213
2026-09-10,153057,Tata India Innovation Fund- Direct IDCW payout,10.4213
2026-09-10,153058,Tata India Innovation Fund- Regular IDCW Reinvestment,10.1457
2026-09-10,153059,Tata India Innovation Fund- Regular Growth,10.1457
2026-09-10,153060,Nippon India Nifty Realty Index Fund-Direct Plan- Growth Option,8.0884
2026-09-10,153061,Nippon India Nifty Realty Index Fund-Regular Plan- Growth Option,8.0093
2026-09-10,153062,Nippon India Nifty Realty Index Fund-Regular Plan- IDCW Option,8.0093
2026-09-10,153063,Nippon India Nifty Realty Index Fund-Direct Plan- IDCW Option,8.0884
2026-09-10,153064,Nippon India Nifty Auto Index Fund - Direct Plan- Growth Option,11.8285
2026-09-10,153065,Nippon India Nifty Auto Index Fund - Regular Plan- IDCW Option,11.7171
2026-09-10,153066,Nippon India Nifty Auto Index Fund - Regular Plan- Growth Option,11.7171
2026-09-10,153067,Nippon India Nifty Auto Index Fund - Direct Plan- IDCW Option,11.8285
2026-09-10,153068,ICICI Prudential Equity Minimum Variance Fund - IDCW,10.30
2026-09-10,153069,ICICI Prudential Equity Minimum Variance Fund - Growth,10.30
2026-09-10,153070,ICICI Prudential Equity Minimum Variance Fund - Direct Plan - Growth,10.52
2026-09-10,153071,ICICI Prudential Equity Minimum Variance Fund - Direct Plan - IDCW,10.52
2026-09-10,153072,BAJAJ FINSERV CONSUMPTION FUND - REGULAR - GROWTH,9.282
2026-09-10,153073,BAJAJ FINSERV CONSUMPTION FUND - REGULAR - IDCW,9.282
2026-09-10,153074,BAJAJ FINSERV CONSUMPTION FUND - DIRECT - IDCW,9.557
2026-09-10,153075,BAJAJ FINSERV CONSUMPTION FUND - DIRECT - GROWTH,9.557
2026-09-10,153076,Shriram Multi Sector Rotation Fund - Direct Plan Growth Option,8.1636
2026-09-10,153077,Shriram Multi Sector Rotation Fund - Regular Plan Growth Option,7.9227
2026-09-10,153078,Aditya Birla Sun Life BSE India Infrastructure Index Fund-Direct IDCW Payout,9.0821
2026-09-10,153079,Aditya Birla Sun Life BSE India Infrastructure Index Fund-Regular IDCW Payout,8.9894
2026-09-10,153080,Aditya Birla Sun Life BSE India Infrastructure Index Fund-Regular Growth,8.9891
2026-09-10,153081,Aditya Birla Sun Life BSE India Infrastructure Index Fund-Direct Growth,9.0822
2026-09-10,153082,Axis Momentum Fund - Regular Plan - IDCW Option,8.99
2026-09-10,153083,Axis Momentum Fund - Direct Plan - Growth Option,9.24
2026-09-10,153084,Axis Momentum Fund - Direct Plan - IDCW Option,9.24
2026-09-10,153085,Axis Momentum Fund - Regular Plan - Growth Option,8.99
2026-09-10,153086,UTI Nifty Alpha Low-Volatility 30 Index Fund - Direct Plan - Growth Option,9.6679
2026-09-10,153087,UTI Nifty Alpha Low-Volatility 30 Index Fund - Regular Plan - Growth Option,9.5849
2026-09-10,153088,UTI Nifty Midcap 150 Index Fund - Regular Plan - Growth Option,10.9001
2026-09-10,153089,UTI Nifty Midcap 150 Index Fund - Direct Plan - Growth Option,10.9952
2026-09-10,153090,Samco Arbitrage Fund - Direct Plan - Growth,10.98
2026-09-10,153091,Samco Arbitrage Fund - Regular Plan - Growth,10.76
2026-09-10,153094,Quantum Ethical Fund - Direct Plan Growth Option,10.17
2026-09-10,153095,Quantum Ethical Fund - Regular Plan Growth Option,9.92
2026-09-10,153096,HDFC Nifty India Digital Index Fund - Growth Option - Regular,8.5534
2026-09-10,153097,HDFC Nifty India Digital Index Fund - Growth Option - Direct,8.6259
2026-09-10,153098,Groww Multicap Fund - Direct - IDCW,12.6172
2026-09-10,153099,Groww Multicap Fund - Regular - IDCW,12.229
2026-09-10,153100,Groww Multicap Fund - Regular - Growth,12.2206
2026-09-10,153101,Franklin India Long Duration Fund - IDCW,10.4993
2026-09-10,153102,Franklin India Long Duration Fund - Direct - Growth,10.8938
2026-09-10,153103,Franklin India Long Duration Fund - Direct - IDCW,10.5272
2026-09-10,153104,Franklin India Long Duration Fund - Growth,10.8019
2026-09-10,153105,Mirae Asset Long Term Fund - Direct Plan - Growth,10.4907
2026-09-10,153106,Mirae Asset Long Term Fund - Direct Plan - IDCW,10.4834
2026-09-10,153107,Mirae Asset Long Term Fund - Regular Plan - Growth,10.3957
2026-09-10,153108,Mirae Asset Long Term Fund - Regular Plan - IDCW,10.3957
2026-09-10,153109,Union Active Momentum Fund - Direct Plan - Growth Option,10.44
2026-09-10,153110,Union Active Momentum Fund - Direct Plan - IDCW Option,10.44
2026-09-10,153111,Union Active Momentum Fund - Regular Plan - Growth Option,10.20
2026-09-10,153112,Union Active Momentum Fund - Regular Plan - IDCW Option,10.20
2026-09-10,153113,Bandhan Nifty 200 Quality 30 Index Fund - Regular Plan - Growth,9.3289
2026-09-10,153114,Bandhan Nifty 200 Quality 30 Index Fund - Direct Plan - Growth,9.4370
2026-09-10,153115,Edelweiss CRISIL IBX AAA Financial Services - Jan 2028 Index Fund - Direct - Growth,11.408
2026-09-10,153116,Kotak Transportation & Logistics Fund-Regular-Growth,11.881
2026-09-10,153117,Kotak Transportation & Logistics Fund-Direct -IDCW-PAYOUT & REINVESTMENT,12.209
2026-09-10,153118,Kotak Transportation & Logistics Fund-Direct Growth,12.209
2026-09-10,153119,Kotak Transportation & Logistics Fund-Regular-IDCW Payout & Reinvestment,11.881
2026-09-10,153120,DSP Business Cycle Fund - Regular - IDCW,10.0970
2026-09-10,153121,DSP Business Cycle Fund - Direct - Growth,10.3640
2026-09-10,153122,DSP Business Cycle Fund - Regular - Growth,10.0970
2026-09-10,153123,DSP Business Cycle Fund - Direct - IDCW,10.3640
2026-09-10,153124,Aditya Birla Sun Life Conglomerate Fund-Direct Growth,11.11
2026-09-10,153125,Aditya Birla Sun Life Conglomerate Fund-Direct IDCW Payout,11.11
2026-09-10,153126,Aditya Birla Sun Life Conglomerate Fund-Regular IDCW Payout,10.85
2026-09-10,153127,Aditya Birla Sun Life Conglomerate Fund-Regular Growth,10.85
2026-09-10,153128,Edelweiss CRISIL IBX AAA Financial Services - Jan 2028 Index Fund - Direct - IDCW - Payout,10.904
2026-09-10,153129,Edelweiss CRISIL IBX AAA Financial Services - Jan 2028 Index Fund - Regular - IDCW - Payout,10.861
2026-09-10,153130,Edelweiss CRISIL IBX AAA Financial Services - Jan 2028 Index Fund - Regular - Growth,11.365
2026-09-10,153131,Tata BSE Select Business Groups Index Fund - Direct IDCW Payout,10.1619
2026-09-10,153132,Tata BSE Select Business Groups Index Fund - Direct Growth,10.1619
2026-09-10,153133,Tata BSE Select Business Groups Index Fund - Regular IDCW Payout,10.0232
2026-09-10,153134,Tata BSE Select Business Groups Index Fund - Regular Growth,10.0232
2026-09-10,153135,Tata BSE Select Business Groups Index Fund - Direct IDCW Reinvestment,10.1619
2026-09-10,153136,Tata BSE Select Business Groups Index Fund - Regular IDCW Reinvestment,10.0232
2026-09-10,153137,Motilal Oswal Nifty Capital Market Index Fund - Regular Plan - Growth,12.5976
2026-09-10,153138,Motilal Oswal Nifty Capital Market Index Fund - Direct Plan - Growth,12.7389
2026-09-10,153139,Bank of India Consumption Fund - Direct - Growth,11.29
2026-09-10,153140,Bank of India Consumption Fund - Regular - Growth,11.06
2026-09-10,153141,Bank of India Consumption Fund - Regular - IDCW,11.06
2026-09-10,153142,Bank of India Consumption Fund - Direct - IDCW,11.29
2026-09-10,153143,Kotak Nifty 100 Equal Weight index Fund - Direct Plan - IDCW Option,10.998
2026-09-10,153144,Kotak Nifty 100 Equal Weight Index Fund - Regular Plan - IDCW Option,10.905
2026-09-10,153145,Kotak Nifty 100 Equal Weight Index Fund - Regular Plan - Growth,10.905
2026-09-10,153146,Kotak Nifty 100 Equal Weight Index Fund - Direct Plan - Growth,10.999
2026-09-10,153147,Kotak Nifty 50 Equal Weight Index Fund - Direct Plan - IDCW Option,11.013
2026-09-10,153148,Kotak Nifty 50 Equal Weight Index Fund - Regular Plan - Growth,10.917
2026-09-10,153149,Kotak Nifty 50 Equal Weight Index Fund - Regular Plan - IDCW Option,10.917
2026-09-10,153150,Kotak Nifty 50 Equal Weight Index Fund - Direct Plan - Growth,11.012
2026-09-10,153151,SBI Quant Fund- Direct Plan- Income Distribution cum Capital Withdrawal Option (IDCW),9.6412
2026-09-10,153152,SBI Quant Fund- Regular Plan- Income Distribution Cum Capital Withdrawal Option (IDCW),9.4572
2026-09-10,153153,SBI Quant Fund- Regular Plan- Growth,9.4572
2026-09-10,153154,SBI Quant Fund- Direct Plan- Growth,9.6414
2026-09-10,153155,BAJAJ FINSERV HEALTHCARE FUND - REGULAR - GROWTH,11.942
2026-09-10,153156,BAJAJ FINSERV HEALTHCARE FUND - DIRECT - IDCW,12.290
2026-09-10,153157,BAJAJ FINSERV HEALTHCARE FUND - DIRECT - GROWTH,12.290
2026-09-10,153158,BAJAJ FINSERV HEALTHCARE FUND - REGULAR - IDCW,11.942
2026-09-10,153159,ICICI Prudential Nifty 500 Index Fund - Direct Plan - IDCW,10.3791
2026-09-10,153160,ICICI Prudential Nifty 500 Index Fund - IDCW,10.2778
2026-09-10,153161,ICICI Prudential Nifty 500 Index Fund - Direct Plan - Growth,10.3794
2026-09-10,153162,ICICI Prudential Nifty 500 Index Fund - Growth,10.2777
2026-09-10,153169,Baroda BNP Paribas Children's Fund - Regular Plan - IDCW Option,11.0876
2026-09-10,153170,Baroda BNP Paribas Children's Fund - Regular Plan - Growth Option,11.0876
2026-09-10,153171,Baroda BNP Paribas Children's Fund - Direct Plan - Growth Option,11.4352
2026-09-10,153172,Axis CRISIL-IBX AAA Bond NBFC-HFC - Jun 2027 Index Fund - Direct Plan - Growth option,11.3260
2026-09-10,153173,Axis CRISIL-IBX AAA Bond NBFC-HFC - Jun 2027 Index Fund - Direct Plan - IDCW option,11.3365
2026-09-10,153174,Axis CRISIL-IBX AAA Bond NBFC-HFC - Jun 2027 Index Fund - Regular Plan - Growth option,11.2999
2026-09-10,153175,Axis CRISIL-IBX AAA Bond NBFC-HFC - Jun 2027 Index Fund - Regular Plan - IDCW option,11.3000
2026-09-10,153176,Aditya Birla Sun Life Crisil-IBX Financial Services 3 to 6 months Debt Index Fund-Direct IDCW Payout,11.3069
2026-09-10,153177,Aditya Birla Sun Life Crisil-IBX Financial Services 3 to 6 Months Debt Index Fund-Regular Growth,11.2642
2026-09-10,153178,Aditya Birla Sun Life Crisil-IBX Financial Services 3 to 6 Months  Debt Index Fund-Regular IDCW Payout,11.2642
2026-09-10,153179,Aditya Birla Sun Life Crisil-IBX financial Services 3 to 6 months Debt Index Fund-Direct Growth,11.3068
2026-09-10,153180,Edelweiss BSE Capital Markets & Insurance  ETF - Growth,23.432
2026-09-10,153181,ICICI Prudential Rural Opportunities Fund - Growth,10.69
2026-09-10,153182,ICICI Prudential Rural Opportunities Fund - Direct Plan - IDCW,10.89
2026-09-10,153183,ICICI Prudential Rural Opportunities Fund - IDCW,10.69
2026-09-10,153184,ICICI Prudential Rural Opportunities Fund - Direct Plan - Growth,10.89
2026-09-10,153185,Motilal Oswal Arbitrage Fund-Direct Plan-IDCW,11.1248
2026-09-10,153186,Motilal Oswal Arbitrage Fund-Regular Plan-IDCW,10.9455
2026-09-10,153187,Motilal Oswal Arbitrage Fund-Direct Plan-Growth,11.2898
2026-09-10,153188,Motilal Oswal Arbitrage Fund-Regular Plan-Growth,11.1097
2026-09-10,153189,WhiteOak Capital Quality Equity Fund Direct Plan Growth,10.455
2026-09-10,153190,WhiteOak Capital Quality Equity Fund Regular Plan Growth,10.171
2026-09-10,153191,Mirae Asset Nifty India New Age Consumption ETF,11.8997
2026-09-10,153192,Mirae Asset Nifty India New Age Consumption ETF Fund of Fund - Direct Plan - Growth,9.770
2026-09-10,153193,Mirae Asset Nifty India New Age Consumption ETF Fund of Fund - Direct Plan - IDCW,9.769
2026-09-10,153194,Mirae Asset Nifty India New Age Consumption ETF Fund of Fund - Regular Plan - Growth,9.705
2026-09-10,153195,Mirae Asset Nifty India New Age Consumption ETF Fund of Fund - Regular Plan - IDCW,9.706
2026-09-10,153196,Mirae Asset Small Cap Fund - Direct Plan - Growth,13.128
2026-09-10,153197,Mirae Asset Small Cap Fund - Direct Plan - IDCW,13.127
2026-09-10,153198,Mirae Asset Small Cap Fund - Regular Plan - Growth,12.799
2026-09-10,153199,Mirae Asset Small Cap Fund - Regular Plan - IDCW,12.802
2026-09-10,153200,BAJAJ FINSERV ELSS - TAX SAVER FUND - REGULAR - IDCW,11.499
2026-09-10,153201,BAJAJ FINSERV ELSS - TAX SAVER FUND - DIRECT - GROWTH,11.827
2026-09-10,153202,BAJAJ FINSERV ELSS - TAX SAVER FUND - REGULAR - GROWTH,11.499
2026-09-10,153203,BAJAJ FINSERV ELSS - TAX SAVER FUND - DIRECT - IDCW,11.827
2026-09-10,153204,UTI Quant Fund - Direct Plan - Growth Option,10.5153
2026-09-10,153205,UTI Quant Fund - Regular Plan - Growth Option,10.2356
2026-09-10,153206,Bajaj Finserv Gilt Fund - Direct - Growth,1077.2076
2026-09-10,153207,Bajaj Finserv Gilt Fund - Direct - IDCW,1077.2076
2026-09-10,153209,Bajaj Finserv Gilt Fund - Regular - IDCW,1062.6591
2026-09-10,153211,Bajaj Finserv Gilt Fund - Regular - Growth,1062.6591
2026-09-10,153212,Bandhan Nifty Alpha Low Volatility 30 Index Fund - Regular Plan - Growth,10.0218
2026-09-10,153213,Bandhan Nifty Alpha Low Volatility 30 Index Fund - Direct Plan - Growth,10.1453
2026-09-10,153214,Edelweiss Consumption Fund - Direct - Growth,11.2103
2026-09-10,153215,Edelweiss Consumption Fund - Regular - IDCW - Payout,10.9232
2026-09-10,153216,DSP BSE SENSEX Next 30 Index Fund - Regular - Growth,12.0882
2026-09-10,153217,DSP BSE SENSEX Next 30 Index Fund - Regular - IDCW,12.0882
2026-09-10,153218,DSP BSE SENSEX Next 30 Index Fund - Direct - IDCW,12.2125
2026-09-10,153219,DSP BSE SENSEX Next 30 Index Fund - Direct - Growth,12.2125
2026-09-10,153220,Kotak Nifty SmallCap 250 Index Fund - Direct - IDCW,11.987
2026-09-10,153221,Kotak Nifty SmallCap 250 Index Fund- Regular - Growth,11.894
2026-09-10,153222,Kotak Nifty SmallCap 250 Index Fund- Regular - IDCW,11.894
2026-09-10,153223,Kotak Nifty SmallCap 250 Index Fund- Direct - Growth,11.987
2026-09-10,153224,Baroda BNP Paribas Energy Opportunities Fund - Regular Plan - ICDW Option,11.5700
2026-09-10,153225,Baroda BNP Paribas Energy Opportunities Fund - Direct Plan - Growth Option,11.8330
2026-09-10,153226,Baroda BNP Paribas Energy Opportunities Fund - Regular Plan - Growth Option,11.5700
2026-09-10,153227,Baroda BNP Paribas Energy Opportunities Fund - Direct Plan - IDCW Option,11.8330
2026-09-10,153228,DSP BSE SENSEX Next 30 ETF,42.6120
2026-09-10,153229,Groww Nifty India Railways PSU ETF,27.5665
2026-09-10,153230,Groww Nifty India Railways PSU Index Fund - Direct Plan - Growth,7.4983
2026-09-10,153231,Groww Nifty India Railways PSU Index Fund - Direct Plan - IDCW,7.498
2026-09-10,153232,Groww Nifty India Railways PSU Index Fund - Regular Plan - Growth,7.4339
2026-09-10,153233,Groww Nifty India Railways PSU Index Fund - Regular Plan - IDCW,7.4315
2026-09-10,153238,Samco Large Cap Fund - Regular Plan - Growth Option,8.88
2026-09-10,153239,Samco Large Cap Fund - Direct Plan - Growth Option,9.09
2026-09-10,153240,Union Short Term Fund - Regular Plan - Growth Option,11.0073
2026-09-10,153241,Union Short Term Fund - Regular Plan - IDCW Option,11.0073
2026-09-10,153242,Union Short Term Fund - Direct Plan - Growth Option,11.0764
2026-09-10,153243,Union Short Term Fund - Direct Plan - IDCW Option,11.0764
2026-09-10,153244,Axis Nifty500 Momentum 50 Index Fund - Direct Plan - Growth Option,11.4248
2026-09-10,153245,Axis Nifty500 Momentum 50 Index Fund - Regular Plan - Growth Option,11.2666
2026-09-10,153246,LIC MF Multi Asset Allocation Fund-Direct Plan-Growth,12.5625
2026-09-10,153247,LIC MF Multi Asset Allocation Fund-Direct Plan-IDCW,12.5625
2026-09-10,153248,LIC MF Multi Asset Allocation Fund-Regular Plan-Growth,12.2695
2026-09-10,153249,LIC MF Multi Asset Allocation Fund-Regular Plan-IDCW,12.2696
2026-09-10,153250,SBI Nifty Bank Index Fund-Direct Plan- Growth,11.3397
2026-09-10,153251,SBI Nifty Bank Index Fund- Regular Plan- Income Distribution Cum Capital Withdrawal Option,11.2548
2026-09-10,153252,SBI Nifty Bank Index Fund-Direct Plan- Income Distribution Cum Capital Withdrawal Option,11.3396
2026-09-10,153253,SBI Nifty Bank Index Fund-Regular Plan- Growth,11.2547
2026-09-10,153254,Edelweiss Consumption Fund - Direct - IDCW - Payout,11.2103
2026-09-10,153255,Edelweiss Consumption Fund - Regular - Growth,10.9232
2026-09-10,153256,Motilal Oswal Innovation Opportunities Fund- Regular Plan- Growth,14.8616
2026-09-10,153257,Motilal Oswal Innovation Opportunities Fund- Regular Plan- IDCW,14.8618
2026-09-10,153258,Motilal Oswal Innovation Opportunities Fund - Direct Plan- Growth,15.1912
2026-09-10,153259,Motilal Oswal Innovation Opportunities Fund - Direct Plan- IDCW,15.1902
2026-09-10,153260,ITI Bharat Consumption Fund - Direct Plan - Growth,12.0098
2026-09-10,153261,ITI Bharat Consumption Fund - Direct Plan - IDCW Option,11.3720
2026-09-10,153262,ITI Bharat Consumption Fund - Regular Plan - IDCW Option,11.0613
2026-09-10,153263,ITI Bharat Consumption Fund - Regular Plan Plan - Growth,11.6929
2026-09-10,153264,HDFC Nifty100 Quality 30 Index Fund - Direct Plan,10.7095
2026-09-10,153265,HDFC Nifty100 Quality 30 Index Fund - Regular Plan,10.6307
2026-09-10,153266,HSBC Financial Services Fund - Direct Growth,12.8026
2026-09-10,153267,HSBC Financial Services Fund - Regular Growth,12.5215
2026-09-10,153268,HSBC Financial Services Fund - Regular IDCW,12.5216
2026-09-10,153269,HSBC Financial Services Fund - Direct IDCW,12.8023
2026-09-10,153270,UTI Nifty India Manufacturing Index Fund - Direct Plan - Growth Option,12.5483
2026-09-10,153271,UTI Nifty India Manufacturing Index Fund - Regular Plan - Growth Option,12.4585
2026-09-10,153272,UTI Nifty Midsmallcap 400 Momentum Quality 100 Index Fund - Direct Plan - Growth Option,11.7957
2026-09-10,153273,UTI Nifty Midsmallcap 400 Momentum Quality 100 Index Fund - Regular Plan - Growth Option,11.7039
2026-09-10,153274,Nippon India Active Momentum Fund-Direct Plan - Growth Option,13.0390
2026-09-10,153276,Nippon India Active Momentum Fund - Regular Plan- Growth Option,12.8456
2026-09-10,153277,Nippon India Active Momentum Fund- Direct Plan IDCW Option,13.0390
2026-09-10,153278,Nippon India Active Momentum Fund- Regular Plan- IDCW Option,12.8456
2026-09-10,153280,Shriram Unclaimed Redemption Liquid Fund,1106.5177
2026-09-10,153281,Shriram Unclaimed Redemption Stable Scheme Liquid Fund,1000
2026-09-10,153282,Shriram Unclaimed IDCW Liquid Fund,1094.2894
2026-09-10,153283,Shriram Unclaimed IDCW Stable Scheme Liquid Fund,1000
2026-09-10,153284,Kotak BSE Sensex Index Fund - Regular - Growth,9.987
2026-09-10,153285,Kotak BSE Sensex Index Fund - Regular - IDCW,9.988
2026-09-10,153286,Kotak BSE Sensex Index Fund- Direct - Growth,10.014
2026-09-10,153287,Kotak BSE Sensex Index Fund- Direct - IDCW,10.014
2026-09-10,153288,Invesco India Business Cycle Fund - Regular Plan - Growth,14.33
2026-09-10,153289,Invesco India Business Cycle Fund - Regular Plan - IDCW,14.33
2026-09-10,153290,Invesco India Business Cycle Fund - Direct Plan - IDCW,14.7
2026-09-10,153291,Invesco India Business Cycle Fund - Direct Plan - Growth,14.69
2026-09-10,153292,Bank of India Money Market Fund - Direct - Weekly IDCW,10.0741
2026-09-10,153293,Bank of India Money Market Fund - Regular - Growth,11.1087
2026-09-10,153294,Bank of India Money Market Fund - Direct - Growth,11.1908
2026-09-10,153295,Bank of India Money Market Fund - Direct - Monthly IDCW,10.0849
2026-09-10,153296,Bank of India Money Market Fund - Direct - Daily IDCW,10.0493
2026-09-10,153298,Bank of India Money Market Fund - Regular - Daily IDCW,10.0492
2026-09-10,153299,Bank of India Money Market Fund - Regular - Monthly IDCW,10.0856
2026-09-10,153301,Bank of India Money Market Fund - Regular - Weekly IDCW,10.0512
2026-09-10,153302,Mahindra Manulife Value Fund - Regular Plan - IDCW,12.5538
2026-09-10,153303,Mahindra Manulife Value Fund - Direct Plan - Growth,12.8949
2026-09-10,153304,Mahindra Manulife Value Fund - Regular Plan - Growth,12.5538
2026-09-10,153305,Mahindra Manulife Value Fund - Direct Plan - IDCW,12.8949
2026-09-10,153306,BAJAJ FINSERV MULTI CAP FUND - DIRECT - IDCW,12.537
2026-09-10,153307,BAJAJ FINSERV MULTI CAP FUND - REGULAR - GROWTH,12.246
2026-09-10,153308,BAJAJ FINSERV MULTI CAP FUND - REGULAR - IDCW,12.246
2026-09-10,153309,BAJAJ FINSERV MULTI CAP FUND - DIRECT - GROWTH,12.537
2026-09-10,153310,Kotak CRISIL - IBX AAA Bond Financial Services Index Dec 2026 Fund - Regular - IDCW,11.1703
2026-09-10,153311,Kotak CRISIL - IBX AAA Bond Financial Services Index Dec 2026 Fund - Regular - Growth,11.1703
2026-09-10,153312,Kotak CRISIL - IBX AAA Bond Financial Services Index Dec 2026 Fund - Direct - IDCW,11.2048
2026-09-10,153313,Kotak CRISIL - IBX AAA Bond Financial Services Index Dec 2026 Fund - Direct - Growth,11.2051
2026-09-10,153314,Kotak MSCI India ETF,29.321
2026-09-10,153315,Kotak Nifty 100 Equal Weight ETF,34.617
2026-09-10,153320,SBI Nifty IT Index Fund - Direct Plan - Growth,7.3174
2026-09-10,153321,SBI Nifty IT Index Fund - Direct Plan - Income Distribution Cum Withdrawal Option (IDCW),7.3175
2026-09-10,153322,SBI Nifty IT Index Fund - Regular Plan - Income Distribution Cum Capital Withdrawal Option (IDCW),7.2641
2026-09-10,153323,SBI Nifty IT Index Fund - Regular Plan - Growth,7.2642
2026-09-10,153324,Helios Mid Cap Fund - Direct Plan - IDCW Option,14.29
2026-09-10,153325,Helios Mid Cap Fund - Regular Plan - IDCW Option,13.97
2026-09-10,153326,Helios Mid Cap Fund - Direct Plan - Growth Option,14.28
2026-09-10,153327,Helios Mid Cap Fund - Regular Plan - Growth Plan,13.96
2026-09-10,153328,Groww Nifty 200 ETF FOF - Direct - Growth,11.4282
2026-09-10,153329,Groww Nifty 200 ETF,11.1403
2026-09-10,153330,ANGEL ONE NIFTY TOTAL MARKET INDEX FUND DIRECT PLAN GROWTH OPTION,11.7473
2026-09-10,153331,ANGEL ONE NIFTY TOTAL MARKET INDEX FUND REGULAR PLAN GROWTH OPTION,11.6137
2026-09-10,153332,ANGEL ONE NIFTY TOTAL MARKET ETF,11.7596
2026-09-10,153333,Edelweiss CRISIL IBX AAA Bond NBFC HFC Jun 2027 Index Fund - Direct Plan - IDCW Option,10.5313
2026-09-10,153334,Edelweiss CRISIL IBX AAA Bond NBFC HFC Jun 2027 Index Fund - Regular Plan - Growth Option,11.2034
2026-09-10,153335,Edelweiss CRISIL IBX AAA Bond NBFC HFC Jun 2027 Index Fund - Direct Plan - Growth Option,11.2375
2026-09-10,153336,Edelweiss CRISIL IBX AAA Bond NBFC HFC Jun 2027 Index Fund - Regular Plan - IDCW Option,10.4972
2026-09-10,153337,Union Gold ETF,148.7047
2026-09-10,153338,Union Gold ETF Fund of Fund - Regular Plan - Growth Option,17.3469
2026-09-10,153339,Union Gold ETF Fund of Fund - Direct Plan - IDCW Option,17.4190
2026-09-10,153340,Union Gold ETF Fund of Fund - Direct Plan - Growth Option,17.4190
2026-09-10,153341,Union Gold ETF Fund of Fund - Regular Plan - IDCW Option,17.3469
2026-09-10,153342,Groww Nifty 200 ETF FOF - Regular - Growth,11.3351
2026-09-10,153343,Groww Nifty 200 ETF FOF - Direct - IDCW,11.4281
2026-09-10,153344,Groww Nifty 200 ETF FOF - Regular - IDCW,11.3352
2026-09-10,153345,DSP Nifty Private Bank Index Fund - Direct - IDCW,10.6814
2026-09-10,153346,DSP Nifty Private Bank Index Fund - Regular - IDCW,10.5621
2026-09-10,153347,DSP Nifty Private Bank Index Fund - Regular - Growth,11.1316
2026-09-10,153348,DSP Nifty Private Bank Index Fund - Direct - Growth,11.2533
2026-09-10,153349,Bandhan Nifty Next 50 Index Fund - Regular Plan - Growth,12.6614
2026-09-10,153350,Bandhan Nifty Next 50 Index Fund - Direct Plan - Growth,12.8139
2026-09-10,153351,KOTAK NIFTY COMMODITIES INDEX FUND-REGULAR GROWTH,12.135
2026-09-10,153352,KOTAK NIFTY COMMODITIES INDEX FUND-REGULAR-IDCW-PAYOUT & REINVESTMENT,12.134
2026-09-10,153353,Kotak Nifty Commodities Index Fund-Direct Growth,12.183
2026-09-10,153354,KOTAK NIFTY COMMODITIES INDEX FUND-DIRECT-IDCW-PAYOUT & REINVESTMENT,12.183
2026-09-10,153355,WhiteOak Capital Equity Savings Fund Direct Plan Growth,11.820
2026-09-10,153356,WhiteOak Capital Equity Savings Fund Regular Plan Growth,11.560
2026-09-10,153357,360 ONE Gold ETF,148.3266
2026-09-10,153362,Navi Nifty Smallcap 250 Momentum quality index fund- Direct Plan,12.4493
2026-09-10,153363,Navi Nifty Smallcap 250 Momentum quality index fund- Regular Plan,12.3232
2026-09-10,153364,Motilal Oswal Active Momentum Fund- Direct-Growth,14.7176
2026-09-10,153365,Motilal Oswal Active Momentum Fund- Regular- Growth,14.6954
2026-09-10,153366,Motilal Oswal Active Momentum Fund - Regular- IDCW,14.6959
2026-09-10,153367,Motilal Oswal Active Momentum Fund- Direct-IDCW,14.7173
2026-09-10,153368,Franklin India Low Duration Fund-Direct-Growth,11.1587
2026-09-10,153369,Franklin India Low Duration Fund-Direct-IDCW,10.7021
2026-09-10,153370,Franklin India Low Duration Fund-IDCW,10.6355
2026-09-10,153371,Franklin India Low Duration Fund-Growth,11.0708
2026-09-10,153372,Kotak CRISIL-IBX Financial Services 3-6 Months Debt Index Fund-Direct-Growth,11.1017
2026-09-10,153373,Kotak CRISIL-IBX Financial Services 3-6 Months Debt Index Fund-Direct-IDCW,11.1007
2026-09-10,153374,Kotak CRISIL-IBX Financial Services 3-6 Months Debt Index Fund-Regular-IDCW,11.0629
2026-09-10,153375,Kotak CRISIL-IBX Financial Services 3-6 Months Debt Index Fund-Regular-Growth,11.063
2026-09-10,153376,Unifi Dynamic Asset Allocation Fund - Direct Growth,11.3115
2026-09-10,153377,Unifi Dynamic Asset Allocation Fund - Regular Growth,11.2117
2026-09-10,153378,ICICI Prudential BSE Liquid Rate ETF - Growth,1078.8705
2026-09-10,153379,Mirae Asset BSE 200 Equal Weight ETF,13.6472
2026-09-10,153380,Mirae Asset BSE 200 Equal Weight ETF Fund of Fund - Direct Plan - Growth,11.650
2026-09-10,153381,Mirae Asset BSE 200 Equal Weight ETF Fund of Fund - Direct Plan - IDCW,11.647
2026-09-10,153382,Mirae Asset BSE 200 Equal Weight ETF Fund of Fund - Regular Plan - Growth,11.562
2026-09-10,153383,Mirae Asset BSE 200 Equal Weight ETF Fund of Fund - Regular Plan - IDCW,11.559
2026-09-10,153384,Mirae Asset BSE Select IPO ETF,48.4832
2026-09-10,153385,Mirae Asset BSE Select IPO ETF Fund of Fund - Direct Plan - Growth,11.901
2026-09-10,153386,Mirae Asset BSE Select IPO ETF Fund of Fund - Direct Plan - IDCW,11.899
2026-09-10,153387,Mirae Asset BSE Select IPO ETF Fund of Fund - Regular Plan - Growth,11.828
2026-09-10,153388,Mirae Asset BSE Select IPO ETF Fund of Fund - Regular Plan - IDCW,11.809
2026-09-10,153389,Bandhan CRISIL-IBX 10:90 Gilt Plus SDL Index - Dec 2029 Fund-Direct Plan-Growth,11.0396
2026-09-10,153390,Bandhan CRISIL-IBX 10:90 Gilt Plus SDL Index - Dec 2029 Fund-Direct Plan-IDCW,10.4688
2026-09-10,153391,Bandhan CRISIL-IBX 10:90 Gilt Plus SDL Index - Dec 2029 Fund-Regular Plan-Growth,10.9951
2026-09-10,153392,Bandhan CRISIL-IBX 10:90 Gilt Plus SDL Index - Dec 2029 Fund-Regular Plan-IDCW,10.3331
2026-09-10,153393,ICICI Prudential Nifty EV & New Age Automotive ETF FOF - IDCW,12.0574
2026-09-10,153394,ICICI Prudential Nifty EV & New Age Automotive ETF FOF - Direct Plan - Growth,12.1153
2026-09-10,153395,ICICI Prudential Nifty EV & New Age Automotive ETF FOF - Direct Plan - IDCW,12.1154
2026-09-10,153396,ICICI Prudential Nifty EV & New Age Automotive ETF FOF - Growth,12.0574
2026-09-10,153397,ICICI Prudential Nifty EV & New Age Automotive ETF,32.1526
2026-09-10,153398,Kotak Nifty Midcap 150 ETF,23.293
2026-09-10,153399,KOTAK NIFTY MIDCAP 150 INDEX FUND-REGULAR PLAN-GROWTH,11.699
2026-09-10,153400,KOTAK NIFTY MIDCAP 150 INDEX FUND-REGULAR PLAN-IDCW PAYOUT AND REINVESTMENT,11.7
2026-09-10,153401,KOTAK NIFTY MIDCAP 150 INDEX FUND-DIRECT PLAN-GROWTH,11.784
2026-09-10,153402,KOTAK NIFTY MIDCAP 150 INDEX FUND-DIRECT PLAN-IDCW-PAYOUT AND REINVESTMENT,11.783
2026-09-10,153403,HDFC NIFTY 1D RATE LIQUID ETF GROWTH,1077.2508
2026-09-10,153404,HDFC Nifty Top 20 Equal Weight Index Fund - Regular Growth,9.8317
2026-09-10,153405,HDFC Nifty Top 20 Equal Weight Index Fund - Direct,9.9082
2026-09-10,153406,Motilal Oswal Nifty Capital Market ETF,53.8098
2026-09-10,153407,Bandhan CRISIL-IBX Financial Services 3-6 Months Debt Index Fund - Direct Plan - Growth,11.1102
2026-09-10,153408,Bandhan CRISIL-IBX Financial Services 3-6 Months Debt Index Fund - Regular Plan - Growth,10.9964
2026-09-10,153409,ICICI Prudential CRISIL-IBX Financial Services 3-6 Months Debt Index Fund - Growth,11.0697
2026-09-10,153410,ICICI Prudential CRISIL-IBX Financial Services 3-6 Months Debt Index Fund - Direct Plan - Annual IDCW,11.0927
2026-09-10,153411,ICICI Prudential CRISIL-IBX Financial Services 3-6 Months Debt Index Fund - Direct Plan - Growth,11.0927
2026-09-10,153412,ICICI Prudential CRISIL-IBX Financial Services 3-6 Months Debt Index Fund - Annual IDCW,11.0697
2026-09-10,153414,Axis Nifty500 Value 50 ETF,32.6742
2026-09-10,153415,360 ONE Silver ETF,229.3531
2026-09-10,153416,Edelweiss Ultra Short to Short Term Fund - Direct Plan Growth,1106.947
2026-09-10,153417,Edelweiss Ultra Short to Short Term Fund - Regular Plan IDCW Payout,1028.9742
2026-09-10,153418,Edelweiss Ultra Short to Short Term Fund - Direct Plan IDCW Payout,1041.3465
2026-09-10,153419,Edelweiss Ultra Short to Short Term Fund - Regular Plan Growth,1094.4918
2026-09-10,153420,Tata BSE Quality Index Fund Direct plan Growth Option,11.1757
2026-09-10,153421,Tata BSE Quality Index Fund Direct plan IDCW Payout Option,11.1757
2026-09-10,153422,Tata BSE Quality Index Fund Direct plan IDCW Reinvestment Option,11.1757
2026-09-10,153423,Tata BSE Quality Index Fund Regular plan IDCW Reinvestment Option,11.0552
2026-09-10,153424,Tata BSE Quality Index Fund Regular plan IDCW Payout Option,11.0552
2026-09-10,153425,Tata BSE Quality Index Fund Regular plan Growth Option,11.0552
2026-09-10,153426,quant Arbitrage Fund - Growth Option - Direct Plan,11.0996
2026-09-10,153427,quant Arbitrage Fund - IDCW Option - Direct Plan,11.0878
2026-09-10,153428,quant Arbitrage Fund - Growth Option - Regular Plan,11.0043
2026-09-10,153429,quant Arbitrage Fund - IDCW Option - Regular Plan,11.0046
2026-09-10,153431,SBI BSE PSU BANK INDEX FUND- Regular Plan- Income Distribution Cum Capital Withdrawal Option (IDCW),13.4367
2026-09-10,153432,SBI BSE PSU BANK INDEX FUND- Direct Plan- Growth,13.5283
2026-09-10,153433,SBI BSE PSU BANK INDEX FUND- Direct Plan- Income Distribution Cum Capital Withdrawal Option (IDCW),13.5282
2026-09-10,153434,SBI BSE PSU BANK INDEX FUND- Regular Plan- Growth,13.4349
2026-09-10,153435,SBI BSE PSU BANK ETF,48.8002
2026-09-10,153436,Zerodha Overnight Fund - Direct Plan - Growth Option,10.7770
2026-09-10,153437,Bajaj Finserv Overnight Fund - Direct - Unclaimed less than 3 years IDCW Plan,1074.5690
2026-09-10,153438,Bajaj Finserv Overnight Fund - Direct - Unclaimed less than 3 years Redemption Plan,1080.4462
2026-09-10,153441,UTI Income Plus Arbitrage Active Fund of Fund - Regular Plan - Growth Option,10.8556
2026-09-10,153442,UTI Income Plus Arbitrage Active Fund of Fund - Direct Plan - Growth Option,10.9102
2026-09-10,153443,Aditya Birla Sun Life Crisil-IBX Financial Services 9-12 Months Debt Index Fund-Direct Growth,11.0743
2026-09-10,153444,Aditya Birla Sun Life Crisil-IBX Financial Services 9-12 Months Debt Index Fund-Direct IDCW Payout,11.0751
2026-09-10,153445,Aditya Birla Sun Life Crisil-IBX Financial Services 9-12 Months Debt Index Fund-Regular Growth,11.0420
2026-09-10,153447,Kotak Energy Opportunities Fund-Direct-Growth,10.851
2026-09-10,153448,Kotak Energy Opportunities Fund-Direct-IDCW-Payout & Reinvestment,10.849
2026-09-10,153449,Kotak Energy Opportunities Fund-Regular-Growth,10.626
2026-09-10,153450,Kotak Energy Opportunities Fund-Regular-IDCW-Payout & Reinvestment,10.626
2026-09-10,153451,ANGEL ONE NIFTY 1D RATE LIQUID ETF - GROWTH,1076.1975
2026-09-10,153452,Groww Nifty 500 Momentum 50 ETF,11.0748
2026-09-10,153453,Groww Nifty 500 Momentum 50 ETF FOF - Direct Plan - Growth,10.9739
2026-09-10,153454,Groww Nifty 500 Momentum 50 ETF FOF - Direct Plan - IDCW,10.986
2026-09-10,153455,Groww Nifty 500 Momentum 50 ETF FOF - Regular Plan - IDCW,10.9067
2026-09-10,153456,Groww Nifty 500 Momentum 50 ETF FOF - Regular Plan- Growth,10.9068
2026-09-10,153457,ICICI Prudential Quality Fund - IDCW,10.63
2026-09-10,153458,ICICI Prudential Quality Fund - Direct Plan - Growth,10.79
2026-09-10,153459,ICICI Prudential Quality Fund - Growth,10.63
2026-09-10,153460,ICICI Prudential Quality Fund - Direct Plan - IDCW,10.79
2026-09-10,153461,Kotak Nifty Top 10 Equal Weight Index Fund-Direct Plan-Growth,8.86
2026-09-10,153462,Kotak Nifty Top 10 Equal Weight Index Fund-Direct Plan-IDCW-Payout and Reinvestment,8.859
2026-09-10,153463,Kotak Nifty Top 10 Equal Weight Index Fund-Regular Plan-Growth,8.775
2026-09-10,153464,Kotak Nifty Top 10 Equal Weight Index Fund-Regular Plan-IDCW Payout and Reinvestment,8.775
2026-09-10,153465,Canara Robeco Multi Asset Allocation Fund - Direct Plan - Growth,11.5000
2026-09-10,153466,Canara Robeco Multi Asset Allocation Fund - Regular Plan - Growth,11.2700
2026-09-10,153467,Canara Robeco Multi Asset Allocation Fund - Regular Plan - IDCW,11.2700
2026-09-10,153468,Canara Robeco Multi Asset Allocation Fund - Direct Plan - IDCW,11.5000
2026-09-10,153469,Nippon India Nifty 500 Quality 50 Index Fund - Regular Plan - IDCW Option,10.7439
2026-09-10,153470,Nippon India Nifty 500 Quality 50 Index Fund - Direct Plan - Growth Option,10.8253
2026-09-10,153471,Nippon India Nifty 500 Quality 50 Index Fund - Direct Plan - IDCW Option,10.8253
2026-09-10,153472,Nippon India Nifty 500 Quality 50 Index Fund - Regular Plan - Growth Option,10.7439
2026-09-10,153473,Nippon India Nifty 500 Low Volatility 50 Index Fund - Direct Plan - IDCW Plan,10.5452
2026-09-10,153474,Nippon India Nifty 500 Low Volatility 50 Index Fund - Direct Plan - Growth Option,10.5452
2026-09-10,153475,Nippon India Nifty 500 Low Volatility 50 Index Fund - Regular Plan - Growth Option,10.4633
2026-09-10,153476,Nippon India Nifty 500 Low Volatility 50 Index Fund - Regular Pan - IDCW Option,10.4633
2026-09-10,153477,Groww Gilt Fund - Direct - Growth,10.0328
2026-09-10,153478,Bajaj Finserv Nifty Next 50 Index Fund - Direct - IDCW,11.5635
2026-09-10,153479,Bajaj Finserv Nifty Next 50 Index Fund - Direct - Growth,11.5635
2026-09-10,153480,Bajaj Finserv Nifty Next 50 Index Fund - Regular - Growth,11.4606
2026-09-10,153481,Bajaj Finserv Nifty Next 50 Index Fund - Regular - IDCW,11.4606
2026-09-10,153482,Motilal Oswal Infrastructure Fund-Regular-Growth,12.6128
2026-09-10,153483,Motilal Oswal Infrastructure Fund-Direct-IDCW,12.3211
2026-09-10,153484,Motilal Oswal Infrastructure Fund-Direct-Growth,12.7620
2026-09-10,153485,Motilal Oswal Infrastructure Fund-Regular-IDCW,12.1740
2026-09-10,153486,DSP Silver ETF Fund of Fund - Regular - Growth,24.1842
2026-09-10,153487,DSP Silver ETF Fund of Fund - Direct - Growth,24.3237
2026-09-10,153488,DSP Silver ETF Fund of Fund - Regular - IDCW,24.1842
2026-09-10,153489,DSP Silver ETF Fund of Fund - Direct - IDCW,24.3237
2026-09-10,153494,Edelweiss BSE Internet Economy Index Fund - Direct Plan - IDCW,11.8005
2026-09-10,153495,Edelweiss BSE Internet Economy Index Fund - Regular Plan - Growth,11.6979
2026-09-10,153496,Edelweiss BSE Internet Economy Index Fund - Regular Plan - IDCW,11.6979
2026-09-10,153497,Edelweiss BSE Internet Economy Index Fund - Direct Plan - Growth,11.8005
2026-09-10,153498,SBI Income Plus Arbitrage Active FOF- Direct Plan- Growth,10.7799
2026-09-10,153499,SBI Income Plus Arbitrage Active FOF- Regular Plan- Income Distribution Cum Capital Withdrawal Option,10.7571
2026-09-10,153500,SBI Income Plus Arbitrage Active FOF- Regular Plan- Growth,10.7570
2026-09-10,153501,SBI Income Plus Arbitrage Active FOF- Direct Plan- Income Distribution Cum Capital Withdrawal Option,10.7797
2026-09-10,153502,Groww Gilt Fund - Direct - IDCW,10.0308
2026-09-10,153503,Groww Gilt Fund - Regular - Growth,9.8935
2026-09-10,153504,Groww Gilt Fund - Regular - IDCW,9.8936
2026-09-10,153505,Bajaj Finserv Nifty 50 Index Fund - Direct - IDCW,9.5966
2026-09-10,153506,Bajaj Finserv Nifty 50 Index Fund - Direct - Growth,9.5966
2026-09-10,153507,Bajaj Finserv Nifty 50 Index Fund - Regular - IDCW,9.5092
2026-09-10,153508,Bajaj Finserv Nifty 50 Index Fund - Regular - Growth,9.5092
2026-09-10,153509,Tata Income Plus Arbitrage Active FOF - Direct Plan IDCW Reinvestment Option,10.7318
2026-09-10,153510,Tata Income Plus Arbitrage Active FOF - Regular Plan IDCW Payout Option,10.6578
2026-09-10,153511,Tata Income Plus Arbitrage Active FOF - Regular Plan Growth Option,10.6578
2026-09-10,153512,Tata Income Plus Arbitrage Active FOF - Direct Plan IDCW Payout Option,10.7318
2026-09-10,153513,Tata Income Plus Arbitrage Active FOF - Direct Plan Growth Option,10.7318
2026-09-10,153514,Tata Income Plus Arbitrage Active FOF - Regular Plan IDCW Reinvestment Option,10.6578
2026-09-10,153515,UTI Multi Cap Fund - Direct Plan - Growth Option,10.8663
2026-09-10,153516,UTI Multi Cap Fund - Regular Plan - Growth Option,10.6528
2026-09-10,153517,HDFC CRISIL-IBX Financial Services 3-6 Months Debt Index Fund - Direct Growth Plan,10.9835
2026-09-10,153518,HDFC CRISIL-IBX Financial Services 3-6 Months Debt Index Fund - Regular Growth Plan,10.9571
2026-09-10,153519,Mirae Asset Nifty 50 Equal Weight ETF,325.4387
2026-09-10,153520,TRUSTMF OVERNIGHT FUND - UNCLAIMED REDEMPTION PLAN GROWTH,1005.5416
2026-09-10,153524,Groww Silver ETF,22.8472
2026-09-10,153525,Groww Silver ETF FOF - Direct - Growth,22.7187
2026-09-10,153526,Groww Silver ETF FOF - Direct - IDCW,22.7235
2026-09-10,153527,Groww Silver ETF FOF - Regular - Growth,22.6005
2026-09-10,153528,Groww Silver ETF FOF - Regular - IDCW,22.6004
2026-09-10,153529,ANGEL ONE NIFTY 50 INDEX FUND-DIRECT-GROWTH,9.6772
2026-09-10,153530,ANGEL ONE NIFTY 50 INDEX FUND-REGULAR-GROWTH,9.6148
2026-09-10,153531,ANGEL ONE NIFTY 50 ETF,9.7065
2026-09-10,153532,MOTILAL OSWAL NIFTY 50 EQUAL WEIGHT ETF,32.6357
2026-09-10,153533,Samco Large & Mid Cap Fund - Regular Plan - Growth Option,8.82
2026-09-10,153534,Samco Large & Mid Cap Fund - Direct Plan - Growth Option,8.99
2026-09-10,153535,MOTILAL OSWAL NIFTY NEXT 50 ETF,72.4974
2026-09-10,153536,Baroda BNP Paribas Income Plus Arbitrage Active FOF Direct Growth,10.7866
2026-09-10,153538,Baroda BNP Paribas Income Plus Arbitrage Active FOF Regular IDCW Payout,10.7600
2026-09-10,153540,Baroda BNP Paribas Income Plus Arbitrage Active FOF Direct IDCW Payout,10.7866
2026-09-10,153541,Baroda BNP Paribas Income Plus Arbitrage Active FOF Regular Growth,10.7600
2026-09-10,153542,Unifi Flexi Cap Fund - Regular Growth,10.6855
2026-09-10,153543,Unifi Flexi Cap Fund - Direct Growth,10.8623
2026-09-10,153544,ICICI Prudential Nifty200 Quality 30 Index Fund - Growth,9.6000
2026-09-10,153545,ICICI Prudential Nifty200 Quality 30 Index Fund - IDCW,9.5997
2026-09-10,153546,ICICI Prudential Nifty200 Quality 30 Index Fund - Direct Plan - Growth,9.6567
2026-09-10,153547,ICICI Prudential Nifty200 Quality 30 Index Fund - Direct Plan - IDCW,9.6563
2026-09-10,153548,Baroda BNP Paribas Multi Asset Active FOF Regular Growth,11.3779
2026-09-10,153549,Baroda BNP Paribas Multi Asset Active FOF Regular ICDW Payout,11.3779
2026-09-10,153550,Baroda BNP Paribas Multi Asset Active FOF Direct IDCW Payout,11.5056
2026-09-10,153552,Baroda BNP Paribas Multi Asset Active FOF Direct Growth,11.5056
2026-09-10,153554,SBI Nifty200 Quality 30 Index Fund-Regular Plan- Growth,9.7620
2026-09-10,153555,SBI Nifty200 Quality 30 Index Fund-Direct Plan- Growth,9.8097
2026-09-10,153556,SBI Nifty200 Quality 30 Index Fund- Regular Plan- Income Cum Distribution Withdrawal Option,9.7620
2026-09-10,153557,SBI Nifty200 Quality 30 Index Fund- Direct Plan- Income Distribution Cum Capital Withdrawal Option,9.8097
2026-09-10,153558,Motilal Oswal Services Fund - Direct Plan - Growth,11.9124
2026-09-10,153561,Motilal Oswal Services Fund - Regular Plan - Growth,11.7766
2026-09-10,153562,Motilal Oswal Services Fund - Regular Plan - IDCW,11.7766
2026-09-10,153563,Motilal Oswal Services Fund - Direct Plan - IDCW,11.9124
2026-09-10,153564,Motilal Oswal BSE India Infrastructure ETF,58.9556
2026-09-10,153565,Nippon India BSE Sensex Next 30 Index -Direct Plan - IDCW Payout,10.9763
2026-09-10,153566,Nippon India BSE Sensex Next 30 Index Fund - Regular Plan-Growth Option,10.9322
2026-09-10,153567,Nippon India BSE Sensex Next 30 Index Fund- Direct Plan- Growth Option,10.9763
2026-09-10,153568,Nippon India BSE Sensex Next 30 Index Fund -Regular Plan- IDCW Payout,10.9322
2026-09-10,153569,Nippon India BSE Sensex Next 30 ETF,42.4929
2026-09-10,153570,Unifi Liquid Fund- Direct Growth,1075.1469
2026-09-10,153571,Unifi Liquid Fund- Regular Growth,1074.2775
2026-09-10,153572,Motilal Oswal Nifty India Manufacturing ETF,160.8524
2026-09-10,153573,Union Income Plus Arbitrage Active FOF - Regular Plan - Growth Option,10.4698
2026-09-10,153574,Union Income Plus Arbitrage Active FOF - Regular Plan - IDCW Option,10.4698
2026-09-10,153575,Union Income Plus Arbitrage Active FOF - Direct Plan - Growth Option,10.5275
2026-09-10,153576,Union Income Plus Arbitrage Active FOF - Direct Plan - IDCW Option,10.5275
2026-09-10,153577,Tata Nifty Midcap 150 Index Fund - Direct Plan - IDCW Reinvestment Option,10.9086
2026-09-10,153578,Tata Nifty Midcap 150 Index Fund - Regular Plan - IDCW Reinvestment Option,10.7814
2026-09-10,153579,Tata Nifty Midcap 150 Index Fund - Direct Plan - IDCW Payout Option,10.9086
2026-09-10,153580,Tata Nifty Midcap 150 Index Fund - Regular Plan - Growth Option,10.7814
2026-09-10,153581,Tata Nifty Midcap 150 Index Fund - Direct Plan - Growth Option,10.9086
2026-09-10,153582,Tata Nifty Midcap 150 Index Fund - Regular Plan - IDCW Payout Option,10.7814
2026-09-10,153583,Groww Nifty 500 Low Volatility 50 ETF,10.1932
2026-09-10,153585,Kotak Liquid Fund - Direct Plan - Weekly - Reinvestment & Payout of Income Distribution cum capital withdrawal option,1010.3803
2026-09-10,153586,Kotak Liquid Fund - Regular Plan - Weekly - Reinvestment & Payout of Income Distribution cum capital withdrawal option,1044.4693
2026-09-10,153588,DSP Nifty IT Index Fund - Regular - Growth,7.5153
2026-09-10,153589,DSP Nifty IT Index Fund - Regular - IDCW,7.5153
2026-09-10,153590,DSP Nifty IT Index Fund - Direct - Growth,7.5816
2026-09-10,153591,DSP Nifty IT Index Fund - Direct - IDCW,7.5816
2026-09-10,153592,DSP Nifty Healthcare Index Fund - Regular - Growth,11.6633
2026-09-10,153593,DSP Nifty Healthcare Index Fund - Direct - IDCW,11.7604
2026-09-10,153594,DSP Nifty Healthcare Index Fund - Direct- Growth,11.7604
2026-09-10,153595,DSP Nifty Healthcare Index Fund - Regular - IDCW,11.6633
2026-09-10,153596,Motilal Oswal BSE 1000 Index Fund - Direct Plan - Growth,9.9986
2026-09-10,153597,Motilal Oswal BSE 1000 Index Fund - Regular Plan - Growth,9.9131
2026-09-10,153598,Nippon India Income Plus Arbitrage Active Fund of Fund - Direct Plan-IDCW Payout,10.7328
2026-09-10,153599,Nippon India Income Plus Arbitrage Active Fund of Fund - Regular Plan- IDCW Payout,10.7018
2026-09-10,153600,Nippon India Income Plus Arbitrage Active Fund of Fund- Direct Plan- Growth Option,10.7328
2026-09-10,153601,Nippon India Income Plus Arbitrage Active Fund of Fund -Regular Plan- Growth Option,10.7018
2026-09-10,153602,Baroda BNP Paribas Health and Wellness Fund Regular Growth,10.7490
2026-09-10,153604,Baroda BNP Paribas Health and Wellness Fund Direct Growth,10.9777
2026-09-10,153605,Baroda BNP Paribas Health and Wellness Fund Direct IDCWPayout,10.9777
2026-09-10,153607,Baroda BNP Paribas Health and Wellness Fund Regular IDCWPayout,10.7490
2026-09-10,153608,Motilal Oswal Nifty PSE ETF,99.5115
2026-09-10,153609,BAJAJ FINSERV SMALL CAP FUND - REGULAR - GROWTH,11.366
2026-09-10,153610,BAJAJ FINSERV SMALL CAP FUND - REGULAR - IDCW,11.366
2026-09-10,153611,BAJAJ FINSERV SMALL CAP FUND - DIRECT - IDCW,11.566
2026-09-10,153612,BAJAJ FINSERV SMALL CAP FUND - DIRECT - GROWTH,11.566
2026-09-10,153613,ICICI Prudential Nifty Top 15 Equal Weight Index Fund - Growth,9.0635
2026-09-10,153614,ICICI Prudential Nifty Top 15 Equal Weight Index Fund - Direct Plan - Growth,9.1250
2026-09-10,153615,ICICI Prudential Nifty Top 15 Equal Weight Index Fund - IDCW,9.0636
2026-09-10,153616,ICICI Prudential Nifty Top 15 Equal Weight Index Fund - Direct Plan - IDCW,9.1254
2026-09-10,153617,ICICI Prudential Nifty Top 15 Equal Weight ETF,9.5533
2026-09-10,153618,Motilal Oswal Nifty India Tourism ETF,76.7614
2026-09-10,153619,HDFC INNOVATION FUND - REGULAR PLAN - GROWTH OPTION,11.863
2026-09-10,153620,HDFC INNOVATION FUND - DIRECT PLAN - GROWTH OPTION,12.03
2026-09-10,153621,Axis Services Opportunities Fund - Regular Plan - Growth Option,9.77
2026-09-10,153622,Axis Services Opportunities Fund - Direct Plan - IDCW Option,9.92
2026-09-10,153623,Axis Services Opportunities Fund - Regular Plan - IDCW Option,9.77
2026-09-10,153624,Axis Services Opportunities Fund - Direct Plan - Growth Option,9.92
2026-09-10,153625,Groww Nifty India Internet ETF,10.8203
2026-09-10,153626,Groww Nifty India Internet ETF FOF - Direct - Growth,10.7775
2026-09-10,153627,JM Large & Mid Cap Fund (Regular) - Growth Option,10.6544
2026-09-10,153628,JM Large & Mid Cap Fund (Regular) - IDCW,10.6544
2026-09-10,153629,JM Large & Mid Cap Fund (Direct) - Growth Option,10.8618
2026-09-10,153630,JM Large & Mid Cap Fund (Direct) - IDCW,10.8618
2026-09-10,153631,Groww Nifty India Internet ETF FOF - Regular - IDCW,10.7194
2026-09-10,153632,Groww Nifty India Internet ETF FOF - Direct - IDCW,10.7775
2026-09-10,153633,Groww Nifty India Internet ETF FOF - Regular - Growth,10.7194
2026-09-10,153634,Mirae Asset CRISIL-IBX Financial Services 9-12 Months Debt Index Fund - Direct Plan - Growth,10.7895
2026-09-10,153635,Mirae Asset CRISIL-IBX Financial Services 9-12 Months Debt Index Fund - Direct Plan - IDCW,10.7884
2026-09-10,153636,Mirae Asset CRISIL-IBX Financial Services 9-12 Months Debt Index Fund - Regular Plan - Growth,10.7643
2026-09-10,153637,Mirae Asset CRISIL-IBX Financial Services 9-12 Months Debt Index Fund - Regular Plan - IDCW,10.7645
2026-09-10,153638,Mirae Asset Income plus Arbitrage Active FOF - Direct Plan - Growth,10.668
2026-09-10,153639,Mirae Asset Income plus Arbitrage Active FOF - Direct Plan - IDCW,10.668
2026-09-10,153640,Mirae Asset Income plus Arbitrage Active FOF - Regular Plan - Growth,10.638
2026-09-10,153641,Mirae Asset Income plus Arbitrage Active FOF - Regular Plan - IDCW,10.638
2026-09-10,153642,Mirae Asset Nifty India Internet ETF,14.6168
2026-09-10,153643,HDFC INNOVATION FUND - IDCW - DIRECT PLAN,12.03
2026-09-10,153644,TRUSTMF MULTI CAP FUND -DIRECT PLAN-GROWTH,12.21
2026-09-10,153645,TRUSTMF MULTI CAP FUND -REGULAR PLAN-GROWTH,11.96
2026-09-10,153647,HDFC INNOVATION FUND - IDCW - REGULAR PLAN,11.863
2026-09-10,153649,JioBlackRock Money Market Fund - Direct Plan - Growth Option,1076.7678
2026-09-10,153650,JioBlackRock Overnight Fund - Direct Plan - Growth Option,1063.8588
2026-09-10,153651,JioBlackRock Liquid Fund - Direct Plan - Growth Option,1077.5320
2026-09-10,153652,Union Ultra Short to Short Term Fund - Regular Plan - Growth Option,10.6137
2026-09-10,153653,Union Ultra Short to Short Term Fund - Regular Plan - IDCW Option,10.1626
2026-09-10,153654,Union Ultra Short to Short Term Fund - Direct Plan - Growth Option,10.7025
2026-09-10,153655,Union Ultra Short to Short Term Fund - Direct Plan - IDCW Option,10.2494
2026-09-10,153656,Zerodha Silver ETF FoF - Direct Growth,21.3311
2026-09-10,153657,Kotak Nifty200 Quality 30 ETF,20.219
2026-09-10,153658,KOTAK NIFTY 200 QUALITY 30 INDEX FUND - DIRECT PLAN - IDCW - PAYOUT AND REINVESTMENT,9.692
2026-09-10,153659,KOTAK NIFTY 200 QUALITY 30 INDEX FUND - REGULAR PLAN - GROWTH,9.649
2026-09-10,153660,KOTAK NIFTY 200 QUALITY 30 INDEX FUND - DIRECT PLAN - GROWTH,9.692
2026-09-10,153661,KOTAK NIFTY 200 QUALITY 30 INDEX FUND - REGULAR PLAN - IDCW - PAYOUT AND REINVESTMENT,9.649
2026-09-10,153662,SBI Nifty200 Momentum 30 Index Fund- Direct Plan- Growth,9.8124
2026-09-10,153663,SBI Nifty200 Momentum 30 Index Fund- Regular Plan- Growth,9.7683
2026-09-10,153664,SBI Nifty200 Momentum 30 Index Fund- Regular Plan- Income Distribution Cum Capital Withdrawal Option (IDCW),9.7684
2026-09-10,153665,SBI Nifty200 Momentum 30 Index Fund- Direct Plan- Income Cum Distribution Capital Withdrawal Option (IDCW),9.8123
2026-09-10,153666,Sundaram Multi-Factor Fund - Direct - IDCW Reinvestment,9.8334
2026-09-10,153667,Sundaram Multi-Factor Fund - Regular - Growth,9.6569
2026-09-10,153668,Sundaram Multi-Factor Fund - Regular - IDCW Reinvestment,9.6569
2026-09-10,153669,Sundaram Multi-Factor Fund - Direct - Growth,9.8334
2026-09-10,153670,Sundaram Multi-Factor Fund - Direct - IDCW Payout,9.8334
2026-09-10,153671,Sundaram Multi-Factor Fund - Regular - IDCW Payout,9.6569
2026-09-10,153672,Mahindra Manulife Banking & Financial Services Fund - Direct - IDCW,10.9489
2026-09-10,153673,Mahindra Manulife Banking & Financial Services Fund - Regular - IDCW,10.7281
2026-09-10,153674,Mahindra Manulife Banking & Financial Services Fund - Direct - Growth,10.9489
2026-09-10,153675,Mahindra Manulife Banking & Financial Services Fund - Regular - Growth,10.7281
2026-09-10,153676,ICICI Prudential Nifty Private Bank Index Fund - Growth,9.7561
2026-09-10,153679,ICICI Prudential Nifty Private Bank Index Fund - Direct Plan - Growth,9.8185
2026-09-10,153680,Kotak Nifty AAA Bond Financial Services Mar 2028 Index Fund - Direct Plan - Growth,10.7021
2026-09-10,153681,Kotak Nifty AAA Bond Financial Services Mar 2028 Index Fund - Direct Plan - IDCW - Payout & Reinvestment,10.7016
2026-09-10,153682,Kotak Nifty AAA Bond Financial Services Mar 2028 Index Fund - Regular Plan - IDCW - Payout & Reinvestment,10.6763
2026-09-10,153683,Kotak Nifty AAA Bond Financial Services Mar 2028 Index Fund - Regular Plan - Growth,10.6761
2026-09-10,153684,ICICI Prudential Active Momentum Fund - Direct Plan - Growth,11.03
2026-09-10,153685,ICICI Prudential Active Momentum Fund - Growth,10.89
2026-09-10,153688,Tata Liquid Fund - Regular Plan - Weekly IDCW Reinvestment,1065.6899
2026-09-10,153689,Tata Liquid Fund - Direct Plan - Weekly IDCW Reinvestment,1070.7947
2026-09-10,153690,Nippon India MNC Fund- Direct Plan-IDCW Payout,10.7365
2026-09-10,153691,Nippon India MNC Fund- Regular Plan-Growth Option,10.5831
2026-09-10,153692,Nippon India MNC Fund- Regular Plan- IDCW Payout,10.5831
2026-09-10,153693,Nippon India MNC Fund- Direct Plan- Growth Option,10.7365
2026-09-10,153694,Motilal Oswal Nifty Midcap150 Momentum 50 ETF,64.3764
2026-09-10,153695,Invesco India Income Plus Arbitrage Active Fund of Fund - Regular Plan - Growth Plan,1059.7215
2026-09-10,153696,Invesco India Income Plus Arbitrage Active Fund of Fund - Regular Plan - IDCW (Payout / Reinvestment),1059.7239
2026-09-10,153697,Invesco India Income Plus Arbitrage Active Fund of Fund - Direct Plan - Growth,1064.3452
2026-09-10,153698,Invesco India Income Plus Arbitrage Active Fund of Fund - Direct Plan - IDCW (Payout / Reinvestment),1064.3417
2026-09-10,153699,Groww Nifty 50 ETF,9.4976
2026-09-10,153700,360 ONE Overnight Fund - Regular Plan - Growth,1062.1192
2026-09-10,153701,360 ONE Overnight Fund- Direct Plan - IDCW,1063.1152
2026-09-10,153702,360 ONE Overnight Fund - Regular Plan - IDCW,1062.1192
2026-09-10,153703,360 ONE Overnight Fund - Direct Plan - Growth,1063.1152
2026-09-10,153704,Groww Nifty 50 Index Fund Direct Growth,9.4233
2026-09-10,153705,quant Equity Savings Fund - Growth Option - Direct Plan,11.0994
2026-09-10,153706,quant Equity Savings Fund - IDCW Option - Direct Plan,11.0662
2026-09-10,153707,quant Equity Savings Fund - Growth Option - Regular Plan,10.8852
2026-09-10,153708,quant Equity Savings Fund - IDCW Option - Regular Plan,10.8847
2026-09-10,153709,Groww Nifty 50 Index Fund Direct IDCW,9.4233
2026-09-10,153710,Groww Nifty 50 Index Fund Regular Growth,9.349
2026-09-10,153711,Groww Nifty 50 Index Fund Regular IDCW,9.349
2026-09-10,153716,SBI Nifty100 Low Volatility 30 Index Fund- Regular Plan- Growth,9.8625
2026-09-10,153717,SBI Nifty100 Low Volatility 30 Index Fund- Regular Plan- Income Cum Distribution Capital Withdrawal Option (IDCW),9.8625
2026-09-10,153718,SBI Nifty100 Low Volatility 30 Index Fund- Direct Plan- Growth,9.9058
2026-09-10,153719,SBI Nifty100 Low Volatility 30 Index Fund-Direct  Plan- Income Cum Distribution Capital Withdrawal Option (IDCW),9.9058
2026-09-10,153720,Bandhan Multi-Factor Fund - Direct Plan - IDCW,9.661
2026-09-10,153721,Bandhan Multi-Factor Fund - Regular Plan - Growth,9.493
2026-09-10,153722,Bandhan Multi-Factor Fund - Direct Plan - Growth,9.661
2026-09-10,153723,Bandhan Multi-Factor Fund - Regular Plan - IDCW,9.493
2026-09-10,153724,Motilal Oswal Nifty Alpha 50 ETF,56.3763
2026-09-10,153725,Nippon India Nifty 1D Rate Liquid ETF-Growth,1054.9251
2026-09-10,153726,Bank of India Mid Cap Fund - Regular Plan Growth,10.52
2026-09-10,153727,Bank of India Mid Cap Fund - Regular Plan IDCW,10.52
2026-09-10,153728,Bank of India Mid Cap Fund - Direct Plan Growth,10.64
2026-09-10,153729,Bank of India Mid Cap Fund - Direct Plan IDCW,10.64
2026-09-10,153730,Franklin India Multi Asset Allocation Fund- IDCW,10.9541
2026-09-10,153731,Franklin India Multi Asset Allocation Fund- Direct-Growth,11.1548
2026-09-10,153732,Franklin India Multi Asset Allocation Fund- Direct- IDCW,11.1548
2026-09-10,153733,Franklin India Multi Asset Allocation Fund- Growth,10.9541
2026-09-10,153734,Aditya Birla Sun Life BSE 500 Momentum 50 Index Fund-Regular IDCW Payout,10.9790
2026-09-10,153735,Aditya Birla Sun Life BSE 500 Momentum 50 Index Fund- Regular Growth,10.9790
2026-09-10,153736,Aditya Birla Sun Life BSE 500 Momentum 50 Index Fund-Direct Growth,11.0678
2026-09-10,153737,Aditya Birla Sun Life BSE 500 Momentum 50 Index Fund-Direct IDCW Payout,11.0689
2026-09-10,153738,CAPITALMIND FLEXI CAP FUND DIRECT GROWTH,10.5011
2026-09-10,153739,CAPITALMIND FLEXI CAP FUND REGULAR GROWTH,10.3388
2026-09-10,153740,Aditya Birla Sun Life BSE 500 Quality 50 Index Fund - Direct Growth,10.6752
2026-09-10,153741,Aditya Birla Sun Life BSE 500 Quality 50 Index Fund - Direct IDCW Payout,10.6752
2026-09-10,153742,Aditya Birla Sun Life BSE 500 Quality 50 Index Fund - Regular Growth,10.5878
2026-09-10,153743,Aditya Birla Sun Life BSE 500 Quality 50 Index Fund - Regular IDCW Payout,10.5879
2026-09-10,153744,Groww BSE Power ETF,11.378
2026-09-10,153745,Groww BSE Power ETF FOF Direct Growth,11.5458
2026-09-10,153746,Groww BSE Power ETF FOF Direct IDCW,11.5459
2026-09-10,153747,Groww BSE Power ETF FOF Regular IDCW,11.4904
2026-09-10,153748,Groww BSE Power ETF FOF Regular Growth,11.4904
2026-09-10,153749,Motilal Oswal Special Opportunities Fund - Direct - Growth,12.8130
2026-09-10,153750,Motilal Oswal Special Opportunities Fund - Direct- IDCW,12.8130
2026-09-10,153751,Motilal Oswal Special Opportunities Fund-Regular Plan-Growth,12.7982
2026-09-10,153752,Motilal Oswal Special Opportunities Fund-Regular Plan- IDCW,12.7982
2026-09-10,153753,Kotak Active Momentum Fund - Direct Plan - Growth option,11.066
2026-09-10,153754,Kotak Active Momentum Fund - Direct Plan - IDCW - Payout and Reinvestment,11.066
2026-09-10,153755,Kotak Active Momentum Fund - Regular Plan - Growth,10.908
2026-09-10,153756,Kotak Active Momentum Fund - Regular Plan - IDCW - Payout & Reinvestment,10.908
2026-09-10,153757,Zerodha Multi Asset Passive FoF - Direct - Growth,11.4653
2026-09-10,153758,BAJAJ FINSERV EQUITY SAVINGS FUND - DIRECT - GROWTH,10.565
2026-09-10,153769,BAJAJ FINSERV EQUITY SAVINGS FUND - REGULAR - GROWTH,10.446
2026-09-10,153770,BAJAJ FINSERV EQUITY SAVINGS FUND -  DIRECT - IDCW,10.565
2026-09-10,153771,BAJAJ FINSERV EQUITY SAVINGS FUND - REGULAR - IDCW,10.446
2026-09-10,153772,360 ONE Multi Asset Allocation Fund - Regular Plan - Growth,12.3107
2026-09-10,153773,360 ONE Multi Asset Allocation Fund - Direct Plan - IDCW,12.5207
2026-09-10,153774,360 ONE Multi Asset Allocation Fund - Direct Plan - Growth,12.5207
2026-09-10,153775,360 ONE Multi Asset Allocation Fund - Regular Plan - IDCW,12.3107
2026-09-10,153780,Motilal Oswal Gold ETF,150.2491
2026-09-10,153781,Kotak Nifty Alpha 50 Index Fund - Direct Plan - Growth,11.005
2026-09-10,153782,Kotak Nifty Alpha 50 Index Fund - Direct Plan - IDCW - Payout & Reinvestment,11.005
2026-09-10,153783,Kotak Nifty Alpha 50 Index Fund - Regular Plan - IDCW - Payout & Reinvestment,10.936
2026-09-10,153784,Kotak Nifty Alpha 50 Index Fund - Regular Plan - Growth,10.936
2026-09-10,153785,Groww Nifty Next 50 ETF,72.8954
2026-09-10,153786,Groww Nifty Next 50 Index Fund Direct Growth,10.7501
2026-09-10,153787,JioBlackRock Nifty 50 Index Fund - Direct Plan - Growth Option,9.5268
2026-09-10,153788,JioBlackRock Nifty Midcap 150 Index Fund - Direct Plan - Growth Option,10.7993
2026-09-10,153789,JioBlackRock Nifty Next 50 Index Fund - Direct Plan - Growth Option,10.8319
2026-09-10,153790,JioBlackRock Nifty Smallcap 250 Index Fund - Direct Plan - Growth Option,10.9399
2026-09-10,153791,JioBlackRock Nifty 8-13 yr G-Sec Index Fund - Direct Plan - Growth Option,10.4029
2026-09-10,153794,Baroda BNP Paribas Gold ETF Fund of Funds Regular Growth,15.1627
2026-09-10,153795,Baroda BNP Paribas Gold ETF Fund of Funds Direct Growth,15.2102
2026-09-10,153796,SBI Nifty 1D Rate Liquid ETF - Growth,1055.2904
2026-09-10,153797,Groww Nifty Next 50 Index Fund Direct IDCW,10.75
2026-09-10,153798,Groww Nifty Next 50 Index Fund Regular Growth,10.6725
2026-09-10,153799,Groww Nifty Next 50 Index Fund Regular IDCW,10.6725
2026-09-10,153800,DSP Nifty500 Flexicap Quality 30 Index Fund - Direct - IDCW,9.4622
2026-09-10,153801,DSP Nifty500 Flexicap Quality 30 Index Fund - Direct - Growth,9.4622
2026-09-10,153802,DSP Nifty500 Flexicap Quality 30 Index Fund - Regular - Growth,9.3954
2026-09-10,153803,DSP Nifty500 Flexicap Quality 30 Index Fund - Regular - IDCW,9.3954
2026-09-10,153804,TRUSTMF ARBITRAGE FUND -DIRECT PLAN-GROWTH,10.6791
2026-09-10,153805,TRUSTMF ARBITRAGE FUND -REGULAR PLAN-GROWTH,10.5919
2026-09-10,153806,Nippon India Nifty India Manufacturing Index Fund- Direct Plan- Growth Option,11.2622
2026-09-10,153807,Nippon India Nifty India Manufacturing Index - Direct Plan- IDCW Option,11.2622
2026-09-10,153808,Nippon India Nifty India Manufacturing Index- Regular Plan-IDCW Option,11.1971
2026-09-10,153809,Nippon India Nifty India Manufacturing Index-Regular Plan-Growth Option,11.1971
2026-09-10,153810,Nippon India Nifty India Manufacturing ETF,161.9678
2026-09-10,153811,Zerodha Nifty 8-13 Yr G-Sec ETF,30.4084
2026-09-10,153812,Mirae Asset Gold Silver Passive FoF - Direct Plan - Growth,17.103
2026-09-10,153813,Mirae Asset Gold Silver Passive FoF - Direct Plan - IDCW,17.101
2026-09-10,153814,Mirae Asset Gold Silver Passive FoF - Regular Plan - Growth,16.998
2026-09-10,153815,Mirae Asset Gold Silver Passive FoF - Regular Plan - IDCW,16.994
2026-09-10,153820,Motilal Oswal Silver ETF,230.3868
2026-09-10,153821,Groww Multi Asset Allocation Fund Direct Growth,10.3607
2026-09-10,153822,Union Diversified Equity All Cap Active FOF - Regular Plan - Growth Option,10.8954
2026-09-10,153823,Union Diversified Equity All Cap Active FOF - Regular Plan - IDCW Option,10.8954
2026-09-10,153824,Union Diversified Equity All Cap Active FOF - Direct Plan - Growth Option,10.9984
2026-09-10,153825,Union Diversified Equity All Cap Active FOF - Direct Plan - IDCW Option,10.9984
2026-09-10,153827,ANGEL ONE GOLD ETF FOF- DIRECT GROWTH,13.8583
2026-09-10,153828,ANGEL ONE GOLD ETF FOF - REGULAR GROWTH,13.7892
2026-09-10,153829,Axis Nifty500 Quality 50 Index Fund - Direct Plan - Growth Option,10.0267
2026-09-10,153830,Axis Nifty500 Quality 50 Index Fund - Regular Plan - Growth Option,9.9419
2026-09-10,153837,Zerodha Nifty Smallcap 100 ETF,11.3867
2026-09-10,153838,Bandhan BSE India Sector Leaders Index Fund - Direct Plan - Growth,9.4781
2026-09-10,153839,Bandhan BSE India Sector Leaders Index Fund - Regular Plan - Growth,9.4103
2026-09-10,153841,Edelweiss Nifty LargeMidcap 250 ETF - Growth,16.3741
2026-09-10,153844,Baroda BNP Paribas Business Conglomerates Fund Regular Growth Option,9.9929
2026-09-10,153845,Baroda BNP Paribas Business Conglomerates Fund Direct IDCW Payout Option,10.1543
2026-09-10,153846,Baroda BNP Paribas Business Conglomerates Fund Regular IDCW Payout Option,9.9929
2026-09-10,153847,Baroda BNP Paribas Business Conglomerates Fund Direct Growth Option,10.1543
2026-09-10,153850,Groww Multi Asset Allocation Fund Regular IDCW,10.1845
2026-09-10,153851,Groww Multi Asset Allocation Fund Regular Growth,10.1843
2026-09-10,153852,Groww Multi Asset Allocation Fund Direct IDCW,10.3576
2026-09-10,153853,Tata Nifty Next 50 Index Fund - Direct Plan IDCW Reinvestment Option,10.7049
2026-09-10,153854,Tata Nifty Next 50 Index Fund - Direct Plan IDCW Payout Option,10.7049
2026-09-10,153855,Tata Nifty Next 50 Index Fund - Regular Plan Growth Option,10.6183
2026-09-10,153856,Tata Nifty Next 50 Index Fund - Regular Plan IDCW Reinvestment Option,10.6183
2026-09-10,153857,Tata Nifty Next 50 Index Fund - Regular Plan IDCW Payout Option,10.6183
2026-09-10,153858,Tata Nifty Next 50 Index Fund - Direct Plan Growth Option,10.7049
2026-09-10,153859,JioBlackRock Flexi Cap Fund - Direct Plan - Growth Option,9.9207
2026-09-10,153860,HDFC Diversified Equity All Cap Active FOF - Direct Plan - Growth Plan,10.1082
2026-09-10,153861,HDFC Diversified Equity All Cap Active FOF - Regular Plan - Growth Plan,10.0118
2026-09-10,153862,HDFC Diversified Equity All Cap Active FOF - IDCW - Direct Plan,10.1082
2026-09-10,153863,HDFC Diversified Equity All Cap Active FOF - IDCW - Regular Plan,10.0118
2026-09-10,153864,ICICI Prudential Conglomerate Fund - IDCW,10.29
2026-09-10,153865,ICICI Prudential Conglomerate Fund - Growth,10.29
2026-09-10,153866,ICICI Prudential Conglomerate Fund - Direct Plan - IDCW,10.39
2026-09-10,153867,ICICI Prudential Conglomerate Fund - Direct Plan - Growth,10.39
2026-09-10,153868,Samco Small Cap Fund - Direct Plan,12.95
2026-09-10,153869,Samco Small Cap Fund - Regular Plan,12.80
2026-09-10,153870,THE WEALTH COMPANY FLEXI CAP FUND - REGULAR GROWTH,9.9175
2026-09-10,153871,THE WEALTH COMPANY FLEXI CAP FUND - REGULAR IDCW,9.9174
2026-09-10,153872,THE WEALTH COMPANY FLEXI CAP FUND - DIRECT GROWTH,10.1005
2026-09-10,153873,THE WEALTH COMPANY FLEXI CAP FUND - DIRECT IDCW,10.1
2026-09-10,153874,DSP Nifty500 Flexicap Quality 30 ETF,9.7855
2026-09-10,153875,Kotak CRISIL-IBX Financial Services 9 to 12 Months Debt Index Fund - Direct - Growth,10.6325
2026-09-10,153876,Kotak CRISIL-IBX Financial Services 9 to 12 Months Debt Index Fund - Direct - IDCW,10.6326
2026-09-10,153877,Kotak CRISIL-IBX Financial Services 9 to 12 Months Debt Index Fund - Regular - Growth,10.612
2026-09-10,153878,Kotak CRISIL-IBX Financial Services 9 to 12 Months Debt Index Fund - Regular - IDCW,10.6099
2026-09-10,153879,Axis CRISIL-IBX Financial Services 3-6 Months Debt Index Fund - Direct Plan - Growth option,10.6664
2026-09-10,153880,Axis CRISIL-IBX Financial Services 3-6 Months Debt Index Fund - Regular Plan - Growth option,10.6550
2026-09-10,153881,Axis CRISIL-IBX Financial Services 3-6 Months Debt Index Fund - Regular Plan - IDCW option,10.6540
2026-09-10,153882,Axis CRISIL-IBX Financial Services 3-6 Months Debt Index Fund - Direct Plan - IDCW option,10.6664
2026-09-10,153883,THE WEALTH COMPANY LIQUID FUND DIRECT GROWTH,1060.7825
2026-09-10,153884,THE WEALTH COMPANY LIQUID FUND DIRECT MONTHLY IDCW,1005.2325
2026-09-10,153885,THE WEALTH COMPANY LIQUID FUND REGULAR WEEKLY IDCW,1002.476
2026-09-10,153886,THE WEALTH COMPANY LIQUID FUND REGULAR DAILY IDCW,1002
2026-09-10,153887,THE WEALTH COMPANY LIQUID FUND DIRECT DAILY ICDW,1002.0035
2026-09-10,153888,THE WEALTH COMPANY LIQUID FUND REGULAR GROWTH,1059.2094
2026-09-10,153889,THE WEALTH COMPANY LIQUID FUND DIRECT WEEKLY,1002.5018
2026-09-10,153890,THE WEALTH COMPANY LIQUID FUND REGULAR MONTHLY IDCW,1005.1475
2026-09-10,153891,THE WEALTH COMPANY ARBITRAGE FUND DIRECT GROWTH,10.6002
2026-09-10,153892,THE WEALTH COMPANY ARBITRAGE FUND REGULAR GROWTH,10.5363
2026-09-10,153893,THE WEALTH COMPANY ARBITRAGE FUND DIRECT IDCW,10.5988
2026-09-10,153894,THE WEALTH COMPANY ARITRAGE FUND REGULAR IDCW,10.536
2026-09-10,153895,THE WEALTH COMPANY ETHICAL FUND DIRECT GROWTH,9.8243
2026-09-10,153896,THE WEALTH COMPANY ETHICAL FUND REGULAR IDCW,9.6885
2026-09-10,153897,THE WEALTH COMPANY ETHICAL FUND REGULAR GROWTH,9.6891
2026-09-10,153898,THE WEALTH COMPANY ETHICAL FUND DIRECT IDCW,9.8248
2026-09-10,153899,Groww Nifty Realty ETF,9.7808
2026-09-10,153900,Invesco India Consumption Fund - Direct Plan - Growth,11.12
2026-09-10,153901,Invesco India Consumption Fund - Direct Plan - IDCW,11.12
2026-09-10,153902,Invesco India Consumption Fund - Regular Plan - Growth Plan,10.97
2026-09-10,153903,Invesco India Consumption Fund - Regular Plan - IDCW Plan,10.97
2026-09-10,153904,Kotak Nifty 200 Momentum 30 ETF,30.912
2026-09-10,153905,Zerodha Nifty 50 ETF,9.4353
2026-09-10,153906,Zerodha Nifty 50 Index Fund - Direct Plan - Growth,9.4004
2026-09-10,153907,Groww Nifty Capital Markets ETF,11.2946
2026-09-10,153908,Groww Nifty Capital Markets ETF FOF Direct Growth,11.4498
2026-09-10,153909,Helios Small Cap Fund - Regular Plan - Growth Option,11.64
2026-09-10,153910,Helios Small Cap Fund - Direct Plan - IDCW Option,11.79
2026-09-10,153911,Helios Small Cap Fund - Regular Plan - IDCW Option,11.64
2026-09-10,153912,Helios Small Cap Fund - Direct Plan - Growth Option,11.79
2026-09-10,153913,Motilal Oswal Consumption Fund-Direct-Growth,11.3357
2026-09-10,153914,Motilal Oswal Consumption Fund-Direct-IDCW,11.3357
2026-09-10,153915,Motilal Oswal Consumption Fund-Regular-IDCW,11.1733
2026-09-10,153916,Motilal Oswal Consumption Fund-Regular-Growth,11.1733
2026-09-10,153917,Groww Nifty Capital Markets ETF FOF Direct IDCW,11.4498
2026-09-10,153918,Groww Nifty Capital Markets ETF FOF Regular Growth,11.4081
2026-09-10,153919,Groww Nifty Capital Markets ETF FOF Regular IDCW,11.4082
2026-09-10,153920,Edelweiss Nifty 1D Rate Liquid ETF - Growth,1047.0846
2026-09-10,153921,Kotak Gold Silver Passive FOF - Direct Plan - Growth,15.408
2026-09-10,153922,Kotak Gold Silver Passive FOF - Regular Plan - Growth,15.367
2026-09-10,153923,Groww Nifty Smallcap250 ETF,10.6454
2026-09-10,153928,Motilal Oswal Nifty 100 ETF,24.8186
2026-09-10,153929,Bandhan Silver ETF,233.6292
2026-09-10,153930,Bandhan Gold ETF,151.7484
2026-09-10,153931,Motilal Oswal Nifty Energy ETF,38.4660
2026-09-10,153932,Zerodha BSE SENSEX Index Fund,9.0416
2026-09-10,153933,Choice Gold ETF,150.8469
2026-09-10,153934,Kotak Nifty Chemicals ETF,30.198
2026-09-10,153935,Bajaj Finserv Banking and Financial Services Fund - Regular - Growth,9.697
2026-09-10,153936,Bajaj Finserv Banking and Financial Services Fund - Regular - IDCW,9.697
2026-09-10,153937,Bajaj Finserv Banking and Financial Services Fund - Direct - Growth,9.823
2026-09-10,153938,Bajaj Finserv Banking and Financial Services Fund - Direct - IDCW,9.823
2026-09-10,153939,Groww Nifty Midcap 150 Index Fund Direct Growth,10.2674
2026-09-10,153940,Groww Nifty Midcap 150 ETF,229.7802
2026-09-10,153941,Franklin India Multi-Factor Fund- IDCW,9.3159
2026-09-10,153942,Franklin India Multi-Factor Fund- Direct- Growth,9.4341
2026-09-10,153943,Franklin India Multi-Factor Fund- Growth,9.3159
2026-09-10,153944,Franklin India Multi-Factor Fund- Direct- IDCW,9.4341
2026-09-10,153945,Mirae Asset Nifty Energy ETF,38.5439
2026-09-10,153946,Mirae Asset Nifty Smallcap 250 ETF,18.4981
2026-09-10,153947,Edelweiss BSE Sensex ETF - Growth,75.4697
2026-09-10,153948,LIC MF Consumption Fund-Direct Plan-Growth,9.7265
2026-09-10,153949,LIC MF Consumption Fund-Direct Plan-IDCW,9.7265
2026-09-10,153950,LIC MF Consumption Fund-Regular Plan-Growth,9.6063
2026-09-10,153951,LIC MF Consumption Fund-Regular Plan-IDCW,9.6063
2026-09-10,153952,Groww Nifty Midcap 150 Index fund Direct IDCW,10.2673
2026-09-10,153953,Groww Nifty Midcap 150 Index Fund Regular Growth,10.2126
2026-09-10,153954,Groww Nifty Midcap 150 Index Fund Regular IDCW,10.2126
2026-09-10,153955,ANGEL ONE NIFTY TOTAL MARKET MOMENTUM QUALITY 50 INDEX FUND - REGULAR GROWTH,10.3036
2026-09-10,153956,ANGEL ONE NIFTY TOTAL MARKET MOMENTUM QUALITY 50 INDEX FUND - DIRECT GROWTH,10.3613
2026-09-10,153957,ANGEL ONE NIFTY TOTAL MARKET MOMENTUM QUALITY 50 ETF,10.3687
2026-09-10,153958,HDFC BSE India Sector Leaders Index Fund - Regular Plan - Growth Option,9.2575
2026-09-10,153959,HDFC BSE India Sector Leaders India Fund - Direct Plan - Growth Option,9.2947
2026-09-10,153966,Edelweiss Nifty 50 ETF - Growth,23.6792
2026-09-10,153967,Kotak Rural Opportunities Fund - Direct Plan - IDCW Divdend - Payouout & Reinvestment,9.564
2026-09-10,153968,Kotak Rural Opportunities Fund - Regular Plan - IDCW Dividend - Payout & Reinvestment,9.447
2026-09-10,153969,Kotak Rural Opportunities Fund - Regular Plan - Growth,9.447
2026-09-10,153970,Kotak Rural Opportunities Fund - Direct Plan - Growth,9.564
2026-09-10,153971,Bandhan Healthcare Fund - Direct Plan - IDCW,11.466
2026-09-10,153972,Bandhan Healthcare Fund - Direct Plan - Growth,11.466
2026-09-10,153973,Bandhan Healthcare Fund - Regular Plan - IDCW,11.321
2026-09-10,153974,Bandhan Healthcare Fund - Regular Plan - Growth,11.321
2026-09-10,153975,DSP MSCI INDIA ETF,29.0212
2026-09-10,153977,Old Bridge Arbitrage Fund Regular Growth,10.4802
2026-09-10,153979,Old Bridge Arbitrage Fund Direct Growth,10.5544
2026-09-10,153980,Old Bridge Arbitrage Fund Regular IDCW,10.4802
2026-09-10,153981,Old Bridge Arbitrage Fund - Direct - IDCW,10.5544
2026-09-10,153982,Groww Money Market Fund Direct Growth,10.4852
2026-09-10,153983,Mirae Asset Infrastructure Fund - Direct Plan - Growth,11.547
2026-09-10,153984,Mirae Asset Infrastructure Fund - Direct Plan - IDCW,11.545
2026-09-10,153985,Mirae Asset Infrastructure Fund - Regular Plan - Growth,11.402
2026-09-10,153986,Mirae Asset Infrastructure Fund - Regular Plan - IDCW,11.404
2026-09-10,153987,PGIM India Multi Asset Allocation Fund - Direct Plan - Growth Option,10.69
2026-09-10,153988,PGIM India Multi Asset Allocation Fund - Regular Plan - Growth Option,10.54
2026-09-10,153989,PGIM India Multi Asset Allocation Fund - Regular Plan - IDCW Option,10.54
2026-09-10,153990,PGIM India Multi Asset Allocation Fund - Direct Plan - IDCW Option,10.69
2026-09-10,153991,Groww Money Market Fund Direct IDCW,10.485
2026-09-10,153992,Groww Money Market Fund Regular Growth,10.4356
2026-09-10,153993,Groww Money Market Fund Regular IDCW,10.4358
2026-09-10,153999,The Wealth Company Multi Asset Allocation Fund - Direct Growth,10.9623
2026-09-10,154000,The Wealth Company Multi Asset Allocation Fund - Direct IDCW,10.9606
2026-09-10,154001,The Wealth Company Multi Asset Allocation Fund - Regular IDCW,10.82
2026-09-10,154002,The Wealth Company Multi Asset Allocation Fund - Regular Growth,10.8288
2026-09-10,154003,Motilal Oswal BSE Select IPO ETF,48.5093
2026-09-10,154005,Mahindra Manulife Income Plus Arbitrage Active FOF - Regular - IDCW,10.4422
2026-09-10,154006,Mahindra Manulife Income Plus Arbitrage Active FOF - Regular - Growth,10.4422
2026-09-10,154007,Mahindra Manulife Income Plus Arbitrage Active FOF  - Direct - Growth,10.4831
2026-09-10,154008,Mahindra Manulife Income Plus Arbitrage Active FOF - Direct - IDCW,10.4831
2026-09-10,154010,Capitalmind Liquid Fund - Regular-Growth,1051.5254
2026-09-10,154011,Capitalmind Liquid Fund - Direct-Growth,1053.1859
2026-09-10,154012,DSP Nifty Midcap 150 Index Fund - Regular - Growth,10.4124
2026-09-10,154013,DSP Nifty Midcap 150 Index Fund - Regular - IDCW,10.4124
2026-09-10,154014,DSP Nifty Midcap 150 Index Fund - Direct - Growth,10.4690
2026-09-10,154015,DSP Nifty Midcap 150 Index Fund - Direct - IDCW,10.4690
2026-09-10,154016,DSP Nifty Smallcap 250 Index Fund - Regular - Growth,11.2782
2026-09-10,154017,DSP Nifty Smallcap 250 Index Fund - Regular - IDCW,11.2782
2026-09-10,154018,DSP Nifty Smallcap 250 Index Fund - Direct - Growth,11.3378
2026-09-10,154019,DSP Nifty Smallcap 250 Index Fund - Direct - IDCW,11.3378
2026-09-10,154020,Union Consumption Fund - Direct Plan - Growth Option,9.89
2026-09-10,154021,Union Consumption Fund - Direct Plan - IDCW Option,9.89
2026-09-10,154022,Union Consumption Fund - Regular Plan - Growth Option,9.80
2026-09-10,154023,Union Consumption Fund - Regular Plan - IDCW Option,9.80
2026-09-10,154024,DSP Nifty Smallcap 250 ETF,18.5440
2026-09-10,154025,DSP Nifty Midcap 150 ETF,22.9703
2026-09-10,154026,Navi Nifty Midsmall 400 Index Fund - Regular - Growth,10.7302
2026-09-10,154027,Navi Nifty midsmallcap 400 Index Fund- Direct - Growth,10.7992
2026-09-10,154029,Kotak Nifty500 Momentum 50 Index Fund - Direct Plan - IDCW - Payout & Investment,10.449
2026-09-10,154030,Kotak Nifty500 Momentum 50 Index Fund - Regular Plan - Growth,10.423
2026-09-10,154031,Kotak Nifty500 Momentum 50 Index Fund - Regular Plan - IDCW - Payout & Reinvestment,10.423
2026-09-10,154032,Kotak Nifty500 Momentum 50 Index Fund - Direct Plan - Growth,10.449
2026-09-10,154033,Motilal Oswal Nifty Services Sector ETF,30.1191
2026-09-10,154034,Groww Nifty Metal ETF,12.6835
2026-09-10,154041,Abakkus Flexi Cap Fund - Regular - Growth,11.1790
2026-09-10,154042,Abakkus Flexi Cap Fund - Regular - IDCW,11.1800
2026-09-10,154043,Abakkus Flexi Cap Fund - Direct - Growth,11.2900
2026-09-10,154045,Abakkus Flexi Cap Fund - Direct - IDCW,11.2950
2026-09-10,154047,Abakkus Liquid Fund - Regular Plan - Growth,104.4152
2026-09-10,154048,Abakkus Liquid Fund - Regular Plan - Monthly IDCW Reinvestment,100.4823
2026-09-10,154049,Abakkus Liquid Fund - Direct Plan - Daily IDCW Reinvestment,100.0881
2026-09-10,154050,Abakkus Liquid Fund - Direct Plan - Weekly IDCW Reinvestment,100.1065
2026-09-10,154051,Abakkus Liquid Fund - Direct Plan - Growth,104.4781
2026-09-10,154052,Abakkus Liquid Fund - Direct Plan - Quarterly IDCW Reinvestment,101.2801
2026-09-10,154053,Abakkus Liquid Fund - Regular Plan - Daily IDCW Reinvestment,100.0881
2026-09-10,154054,Abakkus Liquid Fund - Regular Plan - Quarterly IDCW Reinvestment,101.2200
2026-09-10,154055,Abakkus Liquid Fund - Direct Plan - Monthly IDCW Reinvestment,100.4875
2026-09-10,154056,Abakkus Liquid Fund - Regular Plan - Weekly IDCW Reinvestment,100.1059
2026-09-10,154060,Mirae Asset Nifty Top 20 Equal Weight ETF,8.6724
2026-09-10,154061,Mirae Asset BSE 500 Dividend Leaders 50 ETF,35.0458
2026-09-10,154062,Motilal Oswal Nifty MNC ETF,31.8305
2026-09-10,154063,Groww Small Cap Fund-Direct-Growth,12.9684
2026-09-10,154064,Tata BSE Multicap Consumption 50:30:20 Index Fund - Regular Plan Growth Option,9.6024
2026-09-10,154065,Tata BSE Multicap Consumption 50:30:20 Index Fund - Regular Plan IDCW Payout Option,9.6024
2026-09-10,154066,Tata BSE Multicap Consumption 50:30:20 Index Fund - Direct Plan Growth Option,9.6562
2026-09-10,154067,Tata BSE Multicap Consumption 50:30:20 Index Fund - Regular Plan IDCW Reinvestment Option,9.6024
2026-09-10,154068,Tata BSE Multicap Consumption 50:30:20 Index Fund - Direct Plan IDCW Reinvestment Option,9.6562
2026-09-10,154069,Tata BSE Multicap Consumption 50:30:20 Index Fund - Direct Plan IDCW Payout Option,9.6562
2026-09-10,154070,JioBlackRock Overnight Fund - Unclaimed Redemption - Upto 3 years - Growth Option,1040.2981
2026-09-10,154076,JioBlackRock Arbitrage Fund - Direct Plan - Growth Option,10.5254
2026-09-10,154077,Axis Gold and Silver Passive FOF - Regular Plan - Growth,11.0750
2026-09-10,154078,Axis Gold and Silver Passive FOF - Direct Plan - Growth,11.1076
2026-09-10,154079,JioBlackRock Short Term Fund - Direct Plan - Growth Option,1040.2099
2026-09-10,154081,JioBlackRock Ultra Short to Short Term Fund- Direct Plan - Growth Option,1042.6275
2026-09-10,154082,JioBlackRock Sector Rotation Fund - Direct Plan - Growth Option,9.8546
2026-09-10,154083,quant Overnight Fund - Unclaimed IDCW Greater than 3 years,10
2026-09-10,154084,quant Overnight Fund - Unclaimed Redemption Less than 3 years,10.3626
2026-09-10,154085,quant Overnight Fund - Unclaimed Redemption Greater than 3 years,10
2026-09-10,154086,quant Overnight Fund - Unclaimed IDCW Less than 3 years,10.367
2026-09-10,154087,DSP Nifty Next 50 ETF,72.9507
2026-09-10,154088,DSP Nifty 500 Index Fund - Direct - Growth,9.5881
2026-09-10,154089,DSP Nifty 500 Index Fund - Direct - IDCW,9.5881
2026-09-10,154090,DSP Nifty 500 Index Fund - Regular - Growth,9.5399
2026-09-10,154091,DSP Nifty 500 Index Fund - Regular - IDCW,9.5399
2026-09-10,154092,The Wealth Company Gold ETF,151.1558
2026-09-10,154093,Bank of India Banking & Financial Services Fund - Direct Plan - Growth,9.67
2026-09-10,154094,Bank of India Banking & Financial Services Fund - Direct Plan - IDCW,9.67
2026-09-10,154095,Bank of India Banking & Financial Services Fund - Regular Plan - Growth,9.60
2026-09-10,154096,Bank of India Banking & Financial Services Fund - Regular Plan - IDCW,9.60
2026-09-10,154097,Kotak Dividend Yield Fund - Direct - Growth,9.64
2026-09-10,154098,Kotak Dividend Yield Fund - Regular IDCW,9.552
2026-09-10,154099,Kotak Dividend Yield Fund - Regular -Growth,9.552
2026-09-10,154100,Kotak Dividend Yield Fund - Direct - IDCW,9.64
2026-09-10,154101,Kotak Nifty Next 50 ETF,73.119
2026-09-10,154102,Groww Small Cap Fund-Regular-Growth,12.8263
2026-09-10,154103,Groww Small Cap Fund-Regular-IDCW,12.8265
2026-09-10,154104,Groww Small Cap Fund - Direct-IDCW,12.9683
2026-09-10,154105,Edelweiss Financial Services Fund - Direct Plan - IDCW Option,9.4244
2026-09-10,154106,Edelweiss Financial Services Fund - Regular Plan - IDCW Option,9.341
2026-09-10,154107,Edelweiss Financial Services Fund - Regular Plan - Growth Option,9.341
2026-09-10,154108,Edelweiss Financial Services Fund - Direct Plan - Growth Option,9.4244
2026-09-10,154109,Zerodha Nifty Short Duration G-Sec Index Fund - Direct Plan - Growth Option,1030.5457
2026-09-10,154111,Groww Nifty Chemicals ETF,30.1155
2026-09-10,154112,Motilal Oswal Diversified Equity Flexicap Passive Fund of Funds- Direct - Growth,10.6829
2026-09-10,154113,Motilal Oswal Diversified Equity Flexicap Passive Fund of funds- Regular Growth,10.6437
2026-09-10,154114,Samco Mid Cap Fund - Direct Plan,10.10
2026-09-10,154115,Samco Mid Cap Fund - Regular Plan,10.01
2026-09-10,154119,Mahindra Manulife Innovation Opportunities Fund - Regular - IDCW,11.0050
2026-09-10,154120,Mahindra Manulife Innovation Opportunities Fund - Regular - Growth,11.0050
2026-09-10,154121,Mahindra Manulife Innovation Opportunities Fund - Direct - Growth,11.1251
2026-09-10,154122,Mahindra Manulife Innovation Opportunities Fund - Direct - IDCW,11.1251
2026-09-10,154129,Bandhan Gold ETF FOF-Direct-Growth,9.9839
2026-09-10,154130,Bandhan Gold ETF FOF-Regular-Growth,9.9539
2026-09-10,154131,THE WEALTH COMPANY GOLD ETF FOF DIRECT GROWTH,9.6829
2026-09-10,154132,THE WEALTH COMPANY GOLD ETF FOF DIRECT IDCW,9.6828
2026-09-10,154133,THE WEALTH COMPANY GOLD ETF FOF REGULAR GROWTH,9.6571
2026-09-10,154134,THE WEALTH COMPANY GOLD ETF FOF REGULAR IDCW,9.6568
2026-09-10,154135,Bandhan Silver ETF FOF-Regular-Growth,7.6170
2026-09-10,154136,Bandhan Silver ETF FOF-Direct-Growth,7.6400
2026-09-10,154137,Motilal Oswal Financial Services Fund- Regular-Growth,10.6855
2026-09-10,154139,Motilal Oswal Financial Services Fund- Regular-IDCW-,10.6855
2026-09-10,154140,Motilal Oswal Financial Services Fund- Direct- IDCW,10.7770
2026-09-10,154142,Motilal Oswal Financial Services Fund- Direct Growth,10.7770
2026-09-10,154143,Shriram Money Market Fund - Regular Plan Growth Option,1040.8768
2026-09-10,154144,Shriram Money Market Fund - Direct Plan Growth Option,1042.3998
2026-09-10,154145,Kotak Nifty200 Value 30 Index Fund - Direct - Growth,9.538
2026-09-10,154146,Kotak Nifty200 Value 30 Index Fund - Direct - IDCW,9.538
2026-09-10,154147,Kotak Nifty200 Value 30 Index Fund - Regular - IDCW,9.52
2026-09-10,154148,Kotak Nifty200 Value 30 Index Fund - Regular - Growth,9.52
2026-09-10,154149,Kotak Services Fund - Direct - Growth,10.424
2026-09-10,154150,Kotak Services Fund - Direct - IDCW,10.424
2026-09-10,154151,Kotak Services Fund - Regular - Growth,10.345
2026-09-10,154152,Kotak Services Fund - Regular - IDCW,10.345
2026-09-10,154153,Parag Parikh Large Cap Fund - Regular Plan - IDCW,9.4301
2026-09-10,154154,Parag Parikh Large Cap Fund - Regular Plan - Growth,9.4301
2026-09-10,154155,Parag Parikh Large Cap Fund - Direct Plan - Growth,9.4523
2026-09-10,154156,Parag Parikh Large Cap Fund - Direct Plan - IDCW,9.4523
2026-09-10,154157,ITI Business Cycle Fund- Direct Plan- Growth,10.9981
2026-09-10,154158,ITI Business Cycle Fund- Direct Plan-IDCW,10.9981
2026-09-10,154159,ITI Business Cycle Fund- Regular Plan- Growth,10.8984
2026-09-10,154160,ITI Business Cycle Fund- Regular Plan- IDCW,10.8984
2026-09-10,154161,WhiteOak Capital Consumption Opportunities Fund Direct Plan Growth,10.368
2026-09-10,154162,WhiteOak Capital Consumption Opportunities Fund Regular Plan Growth,10.270
2026-09-10,154163,Groww Nifty PSE ETF,98.3113
2026-09-10,154164,Groww Nifty PSE ETF FOF Direct Growth,9.4698
2026-09-10,154169,Mirae Asset Nifty 500 Healthcare ETF,21.7207
2026-09-10,154170,Axis BSE India Sectors Leaders Index Fund- Regular Plan- Growth Option,9.3515
2026-09-10,154171,Axis BSE India Sectors Leaders Index Fund- Direct Plan- Growth Option,9.3970
2026-09-10,154172,Groww Nifty PSE ETF FOF Direct IDCW,9.4698
2026-09-10,154173,Groww Nifty PSE ETF FOF Regular Growth,9.454
2026-09-10,154174,Groww Nifty PSE ETF FOF Regular IDCW,9.454
2026-09-10,154179,HDFC Nifty India Consumption Index Fund - Direct Growth Plan,9.6938
2026-09-10,154180,HDFC Nifty India Consumption Index  Fund - Regular Growth Plan,9.6692
2026-09-10,154181,Mirae Asset Nifty India Infrastructure & Logistics ETF,11.9686
2026-09-10,154182,Mirae Asset BSE India Defence ETF,82.5221
2026-09-10,154183,The Wealth Company Balanced Advantage Fund - Regular Growth,9.9473
2026-09-10,154184,The Wealth Company Balanced Advantage Fund - Regular IDCW,9.946
2026-09-10,154185,The Wealth Company Balanced Advantage Fund - Direct Growth,10.0614
2026-09-10,154186,The Wealth Company Balanced Advantage Fund - Direct IDCW,10.0606
2026-09-10,154187,Mirae Asset BSE India Defence ETF FOF - Direct Plan - Growth,12.182
2026-09-10,154188,Mirae Asset BSE India Defence ETF FOF - Direct Plan - IDCW,12.180
2026-09-10,154189,Mirae Asset BSE India Defence ETF FOF - Regular Plan - Growth,12.142
2026-09-10,154190,Mirae Asset BSE India Defence ETF FOF - Regular Plan - IDCW,12.143
2026-09-10,154191,Baroda BNP Paribas Best-in-Class Strategy Fund - Regular - IDCW Payout Option,10.2775
2026-09-10,154193,Baroda BNP Paribas Best-in-Class Strategy Fund - Direct - IDCW Payout Option,10.3681
2026-09-10,154194,Baroda BNP Paribas Best-in-Class Strategy Fund - Regular - Growth Option,10.2775
2026-09-10,154195,Baroda BNP Paribas Best-in-Class Strategy Fund - Direct - Growth Option,10.3681
2026-09-10,154197,UTI Nifty500 Shariah Index Fund - Direct Plan Growth Option,9.9488
2026-09-10,154198,UTI Nifty500 Shariah Index Fund - Regular Plan Growth Option,9.9247
2026-09-10,154199,Groww BSE Hospitals ETF,52.4616
2026-09-10,154200,Groww BSE Hospitals ETF FOF Direct Growth,10.978
2026-09-10,154201,Bajaj Finserv Ultra Short to Short Term Fund - Regular - IDCW,1032.5179
2026-09-10,154202,Bajaj Finserv Ultra Short to Short Term Fund - Direct - IDCW,1037.0016
2026-09-10,154203,Bajaj Finserv Ultra Short to Short Term Fund - Regular - Growth,1032.5179
2026-09-10,154204,Bajaj Finserv Ultra Short to Short Term Fund - Direct - Growth,1037.0016
2026-09-10,154206,ANGEL ONE SILVER ETF FOF -DIRECT GROWTH,8.083
2026-09-10,154207,ANGEL ONE SILVER ETF FOF -REGULAR GROWTH,8.0616
2026-09-10,154210,TRUSTMF MID CAP FUND -DIRECT -GROWTH,12.42
2026-09-10,154211,TRUSTMF MID CAP FUND -REGULAR-GROWTH,12.31
2026-09-10,154214,Abakkus Small Cap Fund - Regular  Plan - Growth,12.6800
2026-09-10,154215,Abakkus Small Cap Fund - Direct Plan - Growth,12.7630
2026-09-10,154216,Mirae Asset Nifty Metal ETF FOF - Direct Plan - Growth,10.694
2026-09-10,154217,Mirae Asset Nifty Metal ETF FOF - Direct Plan - IDCW,10.756
2026-09-10,154218,Mirae Asset Nifty Metal ETF FOF - Regular Plan - Growth,10.660
2026-09-10,154219,Mirae Asset Nifty Metal ETF FOF - Regular Plan - IDCW,10.660
2026-09-10,154220,Aditya Birla Sun Life MSCI India ETF,29.0026
2026-09-10,154221,Groww BSE Hospitals ETF FOF Direct IDCW,10.9783
2026-09-10,154222,Groww BSE Hospitals ETF FOF Regular IDCW,10.9561
2026-09-10,154223,Groww BSE Hospitals ETF FOF Regular Growth,10.9561
2026-09-10,154224,Aditya Birla Sun Life BSE Top 10 Banks ETF,165.6334
2026-09-10,154225,Old Bridge Flexi Cap Fund Direct Growth,11.29
2026-09-10,154226,Old Bridge Flexi Cap Fund Regular Growth,11.20
2026-09-10,154227,Old Bridge Flexi Cap Fund Regular IDCW,11.20
2026-09-10,154228,Old Bridge Flexi Cap Fund Direct IDCW,11.29
2026-09-10,154233,Capitalmind Arbitrage Fund-regular-Growth,10.2702
2026-09-10,154234,Capitalmind Arbitrage Fund-Direct-IDCW,10.3099
2026-09-10,154235,Capitalmind Arbitrage Fund-Regular-IDCW,10.2704
2026-09-10,154236,Capitalmind Arbitrage Fund-Direct-Growth,10.3099
2026-09-10,154237,SBI Nifty Midcap 150 Momentum 50 ETF,63.5621
2026-09-10,154238,Motilal Oswal Multi Factor Passive Fund of Funds - Regular,10.1912
2026-09-10,154239,Motilal Oswal Multi Factor Passive Fund of Funds - Direct,10.2222
2026-09-10,154244,LIC MF Technology Fund-Direct Plan-Growth,11.2179
2026-09-10,154245,LIC MF Technology Fund-Direct Plan-IDCW,11.2176
2026-09-10,154246,LIC MF Technology Fund-Regular Plan-IDCW,11.1267
2026-09-10,154247,LIC MF Technology Fund-Regular Plan-Growth,11.1267
2026-09-10,154248,Canara Robeco Banking and Financials Services Fund - Regular Plan - Growth,10.8700
2026-09-10,154249,Canara Robeco Banking and Financials Services Fund - Regular Plan - IDCW,10.8700
2026-09-10,154250,Canara Robeco Banking and Financials Services Fund - Direct Plan - Growth,10.9600
2026-09-10,154251,Canara Robeco Banking and Financials Services Fund - Direct Plan - IDCW,10.9600
2026-09-10,154252,Nippon India CRISIL-IBX Financial Services 9-12 Months Debt Index Fund -Direct Plan - Growth Option,10.3795
2026-09-10,154253,Nippon India CRISIL-IBX Financial Services 9-12 Months Debt Index Fund -Direct Plan-IDCW Option,10.3795
2026-09-10,154254,Nippon India CRISIL-IBX Financial Services 9-12 Months Debt Index Fund -Regular Plan - IDCW Option,10.3694
2026-09-10,154255,Nippon India CRISIL-IBX Financial Services 9-12 Months Debt Index Fund -Regular Plan - Growth Option,10.3694
2026-09-10,154256,DSP BSE Top 10 Banks ETF,16.5713
2026-09-10,154257,Helios Arbitrage Fund - Direct Growth,10.30
2026-09-10,154258,Helios Arbitrage Fund - Regular Growth,10.26
2026-09-10,154259,Helios Arbitrage Fund - Direct IDCW,10.30
2026-09-10,154260,Helios Arbitrage Fund - Regular IDCW,10.26
2026-09-10,154261,HDFC INCOME PLUS ARBITRAGE OMNI FOF - GROWTH OPTION -REGULAR PLAN,10.39
2026-09-10,154262,HDFC INCOME PLUS ARBITRAGE OMNI FOF - GROWTH OPTION - DIRECT PLAN,10.4068
2026-09-10,154263,HDFC INCOME PLUS ARBITRAGE OMNI FOF - IDCW OPTION - DIRECT PLAN,10.4068
2026-09-10,154264,HDFC INCOME PLUS ARBITRAGE OMNI FOF - IDCW OPTION - REGULAR PLAN,10.39
2026-09-10,154265,ICICI Prudential Diversified Equity All Cap Active FOF - Growth,10.7333
2026-09-10,154266,ICICI Prudential Diversified Equity All Cap Active FOF - Direct Plan - Growth,10.7886
2026-09-10,154267,The Wealth Company Small Cap Fund- Regular-IDCW,11.803
2026-09-10,154268,The Wealth Company Small Cap Fund- Regular-Growth,11.8037
2026-09-10,154269,The Wealth Company Small Cap Fund- Direct-Growth,11.9073
2026-09-10,154270,The Wealth Company Small Cap Fund- Direct-IDCW,11.9088
2026-09-10,154271,Nippon India CRISIL-IBX Financial Services 3-6 Months Debt Index Fund- Direct Plan- Growth Option,10.3944
2026-09-10,154272,Nippon India CRISIL-IBX Financial Services 3-6 Months Debt Index Fund- Direct Plan-IDCW Option,10.3944
2026-09-10,154273,Nippon India CRISIL-IBX Financial Services 3-6 Months Debt Index Fund- Regular Plan- IDCW Option,10.3850
2026-09-10,154274,Nippon India CRISIL-IBX Financial Services 3-6 Months Debt Index Fund- Regular Plan- Growth Option,10.3850
2026-09-10,154275,Kotak Multi Factor Passive FOF - Direct- Growth,10.801
2026-09-10,154276,Kotak Multi Factor Passive FOF - Regular- Growth,10.79
2026-09-10,154277,Groww Nifty PSU Bank ETF,84.2686
2026-09-10,154278,Groww Nifty PSU Bank Index Fund Direct Growth,9.983
2026-09-10,154279,Mirae Asset Silver ETF FOF - Direct Plan - Growth,10.434
2026-09-10,154280,Mirae Asset Silver ETF FOF - Direct Plan - IDCW,10.434
2026-09-10,154281,Mirae Asset Silver ETF FOF - Regular Plan - Growth,10.406
2026-09-10,154282,Mirae Asset Silver ETF FOF - Regular Plan - IDCW,10.405
2026-09-10,154283,Groww Nifty PSU Bank Index Fund Direct IDCW,9.9817
2026-09-10,154284,Groww Nifty PSU Bank Index Fund Regular Growth,9.958
2026-09-10,154285,Groww Nifty PSU Bank Index Fund Regular IDCW,9.958
2026-09-10,154294,HSBC Gold ETF,132.1875
2026-09-10,154299,Mirae Asset Nifty 500 Value 50 ETF,16.0487
2026-09-10,154301,Choice Nifty 50 Index Fund - Direct Plan Growth,10.1624
2026-09-10,154302,Choice Nifty 50 Index Fund - Regular Plan Growth,10.1495
2026-09-10,154303,Choice Nifty Next 50 Index Fund - Regular Plan Growth,11.2615
2026-09-10,154304,Choice Nifty Next 50 Index Fund - Direct Plan Growth,11.2810
2026-09-10,154305,SBI Nifty Midcap 150 ETF,22.9675
2026-09-10,154306,Zerodha Nifty MidSmallcap400 50:50 Index Fund - Direct Plan - Growth Option,11.3968
2026-09-10,154307,JioBlackRock Large Cap Fund - Direct Plan - Growth Option,9.7958
2026-09-10,154308,HDFC CRISIL-IBX Financial Services 9-12 Months Debt Index Fund - Direct Growth Plan,10.3742
2026-09-10,154309,HDFC CRISIL-IBX Financial Services 9-12 Months Debt Index Fund - Regular Growth Plan,10.3644
2026-09-10,154310,Edelweiss Nifty LargeMidcap 250 Plus 8-13 yr G-Sec 70-30 Index Fund Direct Plan Growth,10.7351
2026-09-10,154311,Edelweiss Nifty LargeMidcap250 Plus 8-13 yr G-Sec 70-30 Index Fund Direct Plan Monthly IDCW,10.735
2026-09-10,154312,Edelweiss Nifty LargeMidcap 250 Plus 8-13 yr G-Sec 70-30 Index Fund Regular Plan Growth,10.7032
2026-09-10,154313,Edelweiss Nifty LargeMidcap250 Plus 8-13 yr G-Sec 70-30 Index Fund Regular Plan Monthly IDCW,10.7032
2026-09-10,154314,Edelweiss Nifty LargeMidcap250 Plus 8-13 yr G-Sec 70-30 Index Fund - Direct Plan - Quarterly IDCW,10.7351
2026-09-10,154315,Edelweiss Nifty LargeMidcap250 Plus 8-13 yr G-Sec 70-30 Index Fund - Regular Plan - Quarterly IDCW,10.7033
2026-09-10,154320,Groww Arbitrage Fund Direct Growth,10.2474
2026-09-10,154321,Zerodha Nifty LargeMidcap250 Plus 8-13 Yr G-Sec 70:30 Index Fund - Direct Plan - Growth Option,10.1255
2026-09-10,154322,Motilal Oswal BSE Top 10 Banks ETF,16.5763
2026-09-10,154323,Groww Arbitrage Fund Direct IDCW,10.2474
2026-09-10,154324,Groww Arbitrage Fund Regular IDCW,10.2195
2026-09-10,154325,Groww Arbitrage Fund Regular Growth,10.2196
2026-09-10,154326,Axis Nifty India Defence Index Fund - Direct Plan - Growth,10.8611
2026-09-10,154327,Axis Nifty India Defence Index Fund - Regular Plan - Growth,10.8288
2026-09-10,154328,SBI CRISIL - IBX Financial Services 9-12 Months Debt Index Fund - Regular Plan - Growth,10.2638
2026-09-10,154329,SBI CRISIL - IBX Financial Services 3-6 Months Debt Index Fund - Regular Plan - Growth,10.2753
2026-09-10,154330,SBI CRISIL - IBX Financial Services 3-6 Months Debt Index Fund - Regular Plan - IDCW,10.2754
2026-09-10,154331,SBI CRISIL - IBX Financial Services 3-6 Months Debt Index Fund - Direct Plan - Growth,10.2794
2026-09-10,154332,SBI CRISIL - IBX Financial Services 3-6 Months Debt Index Fund - Direct Plan - IDCW,10.2794
2026-09-10,154333,SBI CRISIL - IBX Financial Services 9-12 Months Debt Index Fund - Regular Plan - IDCW,10.2638
2026-09-10,154334,SBI CRISIL - IBX Financial Services 9-12 Months Debt Index Fund - Direct Plan - Growth,10.2718
2026-09-10,154335,SBI CRISIL - IBX Financial Services 9-12 Months Debt Index Fund - Direct Plan - IDCW,10.2718
2026-09-10,154336,Motilal Oswal Contra Fund – Direct – IDCW,10.8663
2026-09-10,154337,Motilal Oswal Contra Fund - Direct – Growth,10.8663
2026-09-10,154338,Motilal Oswal Contra Fund - Regular – Growth,10.8149
2026-09-10,154339,Motilal Oswal Contra Fund - Regular - IDCW,10.8149
2026-09-10,154340,Invesco India BSE Sensex Index Fund - Direct Plan - Growth,9.8174
2026-09-10,154342,Invesco India BSE Sensex Index Fund - Regular Plan - Growth,9.8014
2026-09-10,154343,Invesco India Nifty Bank Index Fund - Direct Plan - Growth,10.4376
2026-09-10,154344,Invesco India Nifty Bank Index Fund - Regular Plan - Growth,10.4168
2026-09-10,154345,Groww Nifty Private Bank ETF,27.4297
2026-09-10,154346,Groww Nifty Private Bank Index Fund Direct Growth,10.1762
2026-09-10,154347,Edelweiss Nifty Next 50 ETF,72.3245
2026-09-10,154348,Axis Nifty Capital Markets Index Fund- Direct Plan,9.5718
2026-09-10,154349,Axis Nifty Capital Markets Index Fund- Regular Plan,9.5475
2026-09-10,154350,Groww Nifty Private Bank Index Fund Regular Growth,10.1558
2026-09-10,154351,Groww Nifty Private Bank Index Fund Regular IDCW,10.1558
2026-09-10,154352,Groww Nifty Private Bank Index Fund Direct IDCW,10.1762
2026-09-10,154353,SBI Nifty Smallcap 250 ETF,18.4573
2026-09-10,154354,SBI Nifty200 Value 30 ETF,14.6224
2026-09-10,154355,HDFC GOLD SILVER PASSIVE FOF - GROWTH OPTION - DIRECT PLAN,10.128
2026-09-10,154356,HDFC GOLD SILVER PASSIVE FOF - GROWTH OPTION - REGULAR PLAN,10.127
2026-09-10,154357,DSP Nifty FMCG ETF,45.3881
2026-09-10,154358,Kotak Ultra Short to Short Term Fund - Direct Plan - Weekly - Reinvestment & Payout of Income Distribution cum Capital Withdrawal Option,1065.794
2026-09-10,154359,Kotak Ultra Short to Short Term Fund - Regular Plan - Monthly - Reinvestment & Payout of Income Distribution cum Capital Withdrawal Option,1010.5705
2026-09-10,154361,Kotak Ultra Short to Short Term Fund - Direct Plan - Monthly - Reinvestment & Payout of Income Distribution cum Capital Withdrawal Option,1018.0052
2026-09-10,154362,SBI Nifty G-sec Jul 2031 Index Fund - REGULAR - GROWTH,10.3143
2026-09-10,154363,SBI CRISIL-IBX 10:90 Gilt + SDL Index - Dec 2029 Index Fund - Regular - Growth,10.2691
2026-09-10,154364,Motilal Oswal BSE Clean Environment Index Fund - Direct,9.3081
2026-09-10,154365,Motilal Oswal BSE Clean Environment Index Fund - Growth,9.2953
2026-09-10,154366,360 ONE MSCI India ETF,9.9199
2026-09-10,154367,SBI CRISIL-IBX 10:90 GLIT + SDL INDEX DEC 2029 INDEX FUND - REGULAR - IDCW,10.2691
2026-09-10,154369,SBI CRISIL-IBX 10:90 GLIT + SDL INDEX DEC 2029 INDEX FUND - DIRECT IDCW,10.2752
2026-09-10,154370,SBI CRISIL-IBX 10:90 GILT + SDL INDEX DEC 2029 INDEX FUND - DIRECT - GROWTH,10.2752
2026-09-10,154372,SBI NIFTY G-SEC JUL 2031 INDEX FUND - DIRECT - GROWTH,10.3203
2026-09-10,154373,SBI NIFTY G-SEC JUL 2031 INDEX FUND - REGULAR - IDCW,10.3142
2026-09-10,154375,SBI NIFTY G-SEC JUL 2031 INDEX FUND - DIRECT - IDCW,10.3204
2026-09-10,154377,Motilal Oswal BSE Midcap 150 Momentum 30 Index Fund-Direct,10.4597
2026-09-10,154378,Motilal Oswal BSE Midcap 150 Momentum 30 Index Fund-Regular,10.4513
2026-09-10,154379,The Wealth Company Large & Mid Cap Fund Regular IDCW,10.3522
2026-09-10,154380,The Wealth Company Large & Mid Cap Fund Direct IDCW,10.4048
2026-09-10,154381,The Wealth Company Large & Mid Cap Fund Direct Growth,10.4054
2026-09-10,154382,The Wealth Company Large & Mid Cap Fund Regular Growth,10.3521
2026-09-10,154383,Groww Nifty Smallcap 250 Momentum Quality 100 Index Fund Direct Growth,10.791
2026-09-10,154384,Groww Nifty Smallcap 250 Momentum Quality 100 ETF,49.5465
2026-09-10,154385,Groww Nifty Smallcap 250 Momentum Quality 100 Index Fund Direct IDCW,10.791
2026-09-10,154386,Groww Nifty Smallcap 250 Momentum Quality 100 Index Fund Regular IDCW,10.7765
2026-09-10,154387,Groww Nifty Smallcap 250 Momentum Quality 100 Index Fund Regular Growth,10.7765
2026-09-10,154388,Kotak Nifty Alpha Low Volatility 30 Index Fund - Direct- Growth,10.111
2026-09-10,154389,Kotak Nifty Alpha Low Volatility 30 Index Fund - Regular - Growth,10.097
2026-09-10,154390,Kotak Nifty Alpha Low Volatility 30 Index Fund - Regular - IDCW,10.097
2026-09-10,154391,Kotak Nifty Alpha Low Volatility 30 Index Fund - Direct- IDCW,10.111
2026-09-10,154392,WhiteOak Capital Aggressive Hybrid Fund Direct Plan Growth,10.414
2026-09-10,154393,WhiteOak Capital Aggressive Hybrid Fund Regular Plan Growth,10.375
2026-09-10,154394,Shriram Overnight Fund- Direct Growth,1272.231
2026-09-10,154395,Shriram Overnight Fund- Direct Daily IDCW,1000.0188
2026-09-10,154396,Shriram Overnight Fund- Direct Monthly IDCW,1003.1629
2026-09-10,154398,Shriram Overnight Fund- Regular Daily IDCW,1000.01
2026-09-10,154399,Shriram Overnight Fund- Regular Growth,1268.0736
2026-09-10,154402,Shriram Overnight Fund- Regular Monthly IDCW,1003.1578
2026-09-10,154404,ICICI Prudential Nifty Smallcap 250 ETF,18.4693
2026-09-10,154405,Tata Multi Sector Passive FOF Regular Plan Growth Option,9.8036
2026-09-10,154406,Tata Multi Sector Passive FOF Regular Plan IDCW Payout Option,9.8036
2026-09-10,154407,Tata Multi Sector Passive FOF Regular Plan IDCW Reinvestment Option,9.8036
2026-09-10,154408,Tata Multi Sector Passive FOF Direct Plan IDCW Reinvestment Option,9.8111
2026-09-10,154409,Tata Multi Sector Passive FOF Direct Plan Growth Option,9.8111
2026-09-10,154410,Tata Multi Sector Passive FOF Direct Plan IDCW Payout Option,9.8111
2026-09-10,154413,Choice Overnight Fund - Growth Option - Direct Plan,100.9438
2026-09-10,154414,Choice Overnight Fund - Daily IDCW Option - Regular Plan,100.1000
2026-09-10,154415,Choice Overnight Fund - Growth Option - Regular Plan,100.9236
2026-09-10,154416,Choice Overnight Fund - Daily IDCW Option - Direct Plan,100.1000
2026-09-10,154417,ICICI Prudential Balanced Hybrid Fund - Direct Plan - Growth,10.08
2026-09-10,154418,ICICI Prudential Balanced Hybrid Fund - Growth,10.06
2026-09-10,154419,ICICI Prudential Balanced Hybrid Fund - IDCW,10.06
2026-09-10,154420,ICICI Prudential Balanced Hybrid Fund - Direct Plan - IDCW,10.08
2026-09-10,154421,JM Multi Asset Allocation Fund (Direct) - IDCW,10.3052
2026-09-10,154422,JM Multi Asset Allocation Fund (Regular) - IDCW,10.2772
2026-09-10,154423,JM Multi Asset Allocation Fund (Direct) - Growth Option,10.3052
2026-09-10,154424,JM Multi Asset Allocation Fund (Regular) - Growth Option,10.2772
2026-09-10,154426,DSP Money Market Fund - Direct Plan - IDCW Weekly,10.0155
2026-09-10,154427,HDFC Nifty Auto Index Fund- Direct Plan- Growth Option,10.0979
2026-09-10,154428,HDFC Nifty Auto Index Fund- Growth Option,10.0873
2026-09-10,154431,Invesco India Ultra Short Term Fund - Regular Plan - Weekly IDCW (Payout / Reinvestment),1145.8402
2026-09-10,154432,Invesco India Ultra Short Term Fund - Direct Plan - Weekly IDCW (Payout / Reinvestment),1146.437
2026-09-10,154433,TRUSTMF LARGE & MIDCAP FUND - DIRECT PLAN - GROWTH,10.21
2026-09-10,154434,TRUSTMF LARGE & MIDCAP FUND - REGULAR PLAN - GROWTH,10.19
2026-09-10,154436,Zerodha Life Cycle Fund 2036 - Direct - Growth,9.9451
2026-09-10,154437,Zerodha Life Cycle Fund 2041 - Direct - Growth,9.9209
2026-09-10,154438,ALPHAGREP MULTI ASSET ALLOCATION FUND-DIRECT-GROWTH,10.3109
2026-09-10,154440,ALPHAGREP MULTI ASSET ALLOCATION FUND-REGULAR-GROWTH,10.2859
2026-09-10,154442,ALPHAGREP MULTI ASSET ALLOCATION FUND-REGULAR-IDCW,10.2859
2026-09-10,154443,ALPHAGREP MULTI ASSET ALLOCATION FUND-DIRECT-IDCW,10.3109
2026-09-10,154451,NJ Momentum Fund - Direct Growth,10.24
2026-09-10,154452,NJ Momentum Fund - Regular Growth,10.22
2026-09-10,154453,NJ Momentum Fund - Regular IDCW,10.22
2026-09-10,154454,NJ Momentum Fund - Direct IDCW,10.24
2026-09-10,154455,NJ Value Fund - Regular IDCW,9.55
2026-09-10,154456,NJ Value Fund - Direct Growth,9.57
2026-09-10,154457,NJ Value Fund - Direct IDCW,9.57
2026-09-10,154458,NJ Value Fund - Regular Growth,9.55
2026-09-10,154459,Axis Nifty50 Equal Weight Index Fund-Regular Plan- Growth Option,9.8680
2026-09-10,154460,Axis Nifty50 Equal Weight Index Fund-Direct Plan- Growth Option,9.8791
2026-09-10,154461,Edelweiss Nifty Metal ETF,13.2949
2026-09-10,154462,Mirae Asset Money Market Fund - Direct Plan - Weekly IDCW,1363.9864
2026-09-10,154466,UTI Nifty 1D Rate Liquid ETF - Growth,1007.4044
2026-09-10,154467,SBI Crisil - IBX SDL Index - June 2034 Index Fund - Direct Plan - Growth,9.9938
2026-09-10,154468,SBI Crisil - IBX SDL Index - June 2034 Index Fund - Regular Plan - Growth,9.9906
2026-09-10,154469,SBI Crisil - IBX SDL Index - June 2034 Index Fund - Regular Plan - IDCW,9.9906
2026-09-10,154470,SBI Crisil - IBX SDL Index - June 2034 Index Fund - Direct Plan - IDCW,9.9938
2026-09-10,154471,Mirae Asset BSE Midcap 150 Momentum 30 ETF,13.0072
2026-09-10,154473,Mirae Asset BSE Midcap 150 Momentum 30 ETF FOF - Regular Plan - Growth,10.485
2026-09-10,154474,Mirae Asset BSE Midcap 150 Momentum 30 ETF FOF - Direct Plan - Growth,10.491
2026-09-10,154476,Groww Nifty Cements ETF,14.2913
2026-09-10,154477,Abakkus Large & Mid Cap Fund - Direct  Plan - Growth,9.9310
2026-09-10,154478,Abakkus Large & Mid Cap Fund - Regular Plan - Growth,9.9150
2026-09-10,154479,The Wealth Company Mid Cap Fund- Regular-Growth,9.7566
2026-09-10,154481,The Wealth Company Mid Cap Fund- Direct-Growth,9.7734
2026-09-10,154483,The Wealth Company Mid Cap Fund- Direct- IDCW,9.7768
2026-09-10,154484,The Wealth Company Mid Cap Fund-Regular-IDCW,9.757
2026-09-10,154485,Baroda BNP Paribas Services Fund - Direct IDCW Payout option,9.8016
2026-09-10,154486,Baroda BNP Paribas Services Fund - Regular Growth option,9.7818
2026-09-10,154487,Baroda BNP Paribas Services Fund - Regular IDCW Payout,9.7818
2026-09-10,154490,Baroda BNP Paribas Services Fund - Direct Growth Option,9.8016
2026-09-10,154491,Kotak Nifty Private Bank ETF,27.392
2026-09-10,154492,Bajaj Finserv BSE Top 10 Banks ETF,20.3940
2026-09-10,154493,Mirae Asset Nifty200 Momentum 30 Plus 8-13yr G-Sec 75:25 Index Fund - Direct Plan - Growth,10.2228
2026-09-10,154494,Mirae Asset Nifty200 Momentum 30 Plus 8-13yr G-Sec 75:25 Index Fund - Direct Plan - IDCW,10.2228
2026-09-10,154495,Mirae Asset Nifty200 Momentum 30 Plus 8-13yr G-Sec 75:25 Index Fund - Regular Plan - Growth,10.2139
2026-09-10,154496,Mirae Asset Nifty200 Momentum 30 Plus 8-13yr G-Sec 75:25 Index Fund - Regular Plan - IDCW,10.2139
2026-09-10,154497,Mirae Asset Nifty200 Momentum 30 Plus 8-13 yr G-Sec 50:50 ETF,10.0742
2026-09-10,154498,ITI Multi Asset Allocation Fund - Direct Plan - Growth Option,9.9958
2026-09-10,154499,ITI Multi Asset Allocation Fund- Direct Plan- IDCW Option,9.9958
2026-09-10,154500,ITI Multi Asset Allocation Fund- Regular Plan- Growth Option,9.9940
2026-09-10,154502,ITI Multi Asset Allocation Fund- Regular Plan- IDCW Option,9.9940
2026-09-10,154503,ICICI Prudential BSE Insurance ETF,14.7839
2026-09-10,154504,HDFC Nifty Metal ETF - Growth Option,132.9978
2026-09-10,154505,HDFC Nifty Metal ETF FOF - Direct Plan - Growth Option,10.1201
2026-09-10,154506,HDFC Nifty Metal ETF FOF - Growth Option,10.1133
2026-09-10,154507,Kotak Money Market Fund - Direct - IDCW Weekly,1003.2976
2026-09-10,154509,Kotak Short Term Fund - Regular - IDCW Weekly,10.0277
2026-09-10,154510,Kotak Short Term Fund - Direct - IDCW Weekly,10.0222
2026-09-10,154511,Kotak Corporate Bond Fund - Regular - IDCW Weekly,1001.4985
2026-09-10,154513,Kotak Ultra Short Term Fund - Direct - IDCW Weekly,10.0229
2026-09-10,154514,Kotak Ultra Short Term Fund - Regular - IDCW Weekly,10.0208
2026-09-10,154515,Quantum Flexi Cap Fund - Direct Plan Growth Option,10.00
2026-09-10,154516,Quantum Flexi Cap Fund - Regular Plan Growth Option,10.00
2026-09-10,154517,AlphaGrep Flexi Cap Fund - Regular- IDCW,10.0760
2026-09-10,154518,AlphaGrep Flexi Cap Fund - Direct - Growth,10.0925
2026-09-10,154519,AlphaGrep Flexi Cap Fund - Regular - Growth,10.0760
2026-09-10,154520,AlphaGrep Flexi Cap Fund - Direct-IDCW,10.0925
2026-09-10,154521,Abakkus Liquid Fund - Unclaimed Redemption Less than 3 Years,100.9123
2026-09-10,154523,SBI Nifty Midcap 150 Momentum 50 ETF FOF - Regular - Growth,9.9403
2026-09-10,154524,Edelweiss BSE Top 10 Bank ETF,16.4496
2026-09-10,154525,SBI Nifty Midcap 150 Momentum 50 ETF FOF - Regular - IDCW,9.9403
2026-09-10,154526,SBI Nifty Midcap 150 Momentum 50 ETF FOF - Direct - Growth,9.9448
2026-09-10,154527,SBI Nifty Midcap 150 Momentum 50 ETF FOF - Direct - IDCW,9.9448
2026-09-10,154528,DSP BSE MidSmall Private Banks ETF,17.3633
2026-09-10,154535,Edelweiss BSE LargeMid (60:40) Stable Dividend 50 ETF,35.8874
2026-09-10,154536,Invesco India Nifty Bank ETF,56.4262
2026-09-10,154537,Invesco India BSE Sensex ETF,74.9426
2026-09-10,154538,Franklin India Short Term Fund - Direct - IDCW,10.0552
2026-09-10,154539,Franklin India Short Term Fund- IDCW,10.0503
2026-09-10,154540,Franklin India Short Term Fund- Growth,10.0503
2026-09-10,154541,Franklin India Short Term Fund - Direct - Growth,10.0552
2026-09-10,154544,Invesco India Pharma and Healthcare Fund - Regular Fund - IDCW Plan,10.01
2026-09-10,154545,Invesco India Pharma and Healthcare Fund - Regular Plan - Growth,10.01
2026-09-10,154546,Invesco India Pharma and Healthcare Fund - Direct Plan - IDCW Plan,10.02
2026-09-10,154547,Invesco India Pharma and Healthcare Fund - Direct Plan - Growth,10.02
2026-09-10,154548,Edelweiss Nifty REITs & Realty Index Fund - Direct Growth,9.8134
2026-09-10,154549,Edelweiss Nifty REITs & Realty Index Fund - Direct IDCW,9.8134
2026-09-10,154550,JioBlackRock Nifty 50 ETF,12.0395
2026-09-10,154551,Motilal Oswal Nifty Metal ETF,13.3057
2026-09-10,154552,Motilal Oswal Nifty Oil & Gas ETF,11.0465
2026-09-10,154553,WhiteOak Capital Dividend Yield Fund Regular Plan Growth,10.079
2026-09-10,154554,WhiteOak Capital Dividend Yield Fund Direct Plan IDCW,10.084
2026-09-10,154555,WhiteOak Capital Dividend Yield Fund Regular Plan IDCW,10.079
2026-09-10,154556,WhiteOak Capital Dividend Yield Fund Direct Plan Growth,10.084
2026-09-10,154559,Edelweiss Nifty REITs & Realty Index Fund - Regular IDCW Payout,9.8101
2026-09-10,154561,Edelweiss Nifty REITs & Realty Index Fund - Regular Growth,9.8101
2026-09-10,154565,AlphaGrep Liquid Omni FoF- Direct Growth,1006.0512
2026-09-10,154566,AlphaGrep Liquid Omni FoF- Direct IDCW,1006.0512
2026-09-10,154567,AlphaGrep Liquid Omni FoF- Regular Growth,1005.8964
2026-09-10,154568,AlphaGrep Liquid Omni FoF- Regular IDCW,1005.8964
2026-09-10,154569,Kotak Nifty Bank Index Fund - Direct - IDCW,9.789
2026-09-10,154570,Kotak Nifty Bank Index Fund - Regular - Growth,9.787
2026-09-10,154571,Kotak Nifty Bank Index Fund - Direct - Growth,9.789
2026-09-10,154572,Kotak Nifty Bank Index Fund - Regular - IDCW,9.787
2026-09-10,154581,ASK Liquid Fund Regular Growth,1002.7891
2026-09-10,154583,ASK Liquid Fund Direct Weekly IDCW,1000.4546
2026-09-10,154586,ASK Liquid Fund Regular Daily IDCW,1000.0254
2026-09-10,154587,ASK Liquid Fund Regular Weekly IDCW,1000.3918
2026-09-10,154589,ASK Liquid Fund Direct Growth,1002.8320
2026-09-10,154590,ASK Liquid Fund Regular Monthly IDCW,1002.7336
2026-09-10,154591,ASK Liquid Fund Direct Daily IDCW,1000.0255
2026-09-10,154592,ASK Liquid Fund Direct Monthly IDCW,1002.7807
2026-09-10,154593,DSP NIFTY 10 YR BENCHMARK G-SEC ETF,26.6385
2026-09-10,154594,Axis Nifty Energy Index Fund - Direct Plan - Growth,10.0574
2026-09-10,154597,Axis Nifty Energy Index Fund - Regular Plan - Growth,10.0540
2026-09-10,154598,Bandhan Contra Fund-Regular Plan-Growth,9.8295
2026-09-10,154599,Bandhan Contra Fund-Direct Plan-Annual IDCW,9.8355
2026-09-10,154600,Bandhan Contra Fund-Direct Plan-Growth,9.8355
2026-09-10,154601,Bandhan Contra Fund-Regular Plan-Annual IDCW,9.8295
2026-09-10,154602,UTI Nifty 500 Exchange Traded Fund,36.9273
2026-09-10,154603,UTI Nifty 500 Index Fund Regular Plan - Growth Option,9.7544
2026-09-10,154604,UTI Nifty 500 Index Fund Direct Plan Growth Option,9.7572
2026-09-10,154605,Kotak Liquid Fund - Regular- IDCW,1001.427
2026-09-10,154606,Kotak Liquid Fund - Direct - IDCW,1005.7485
2026-09-10,154607,Kotak Ultra Short Term Fund - Regular - IDCW,10.0038
2026-09-10,154608,Kotak Ultra Short Term Fund - Direct - IDCW,10.0667
2026-09-10,154609,Kotak Corporate Bond Fund - Direct -IDCW,1000.8633
2026-09-10,154612,Kotak Money Market Fund - Direct - IDCW,1006.8026
2026-09-10,154613,Bajaj Finserv Money Market Fund-Regular Plan-Weekly-IDCW,1050.5412
2026-09-10,154614,Bajaj Finserv Money Market Fund-Direct Plan-Weekly-IDCW,1042.6910
2026-09-10,154615,SBI Balanced Hybrid Fund - Regular Plan - Growth,10.0386
2026-09-10,154616,SBI Balance Hybrid Fund - Regular Plan - IDCW,10.0386
2026-09-10,154617,SBI Balance Hybrid Fund - Direct Plan - IDCW,10.0420
2026-09-10,154618,SBI Balance Hybrid Fund - Direct Plan - Growth,10.0421
2026-09-10,154619,Zerodha Arbitrage Fund - Direct - Growth,10.0461
2026-09-10,154620,Edelweiss Ultra Short Term Fund Regular IDCW Plan,1003.8411
2026-09-10,154621,Edelweiss Ultra Short Term Fund Direct Growth Plan,1004.0618
2026-09-10,154622,Edelweiss Ultra Short Term Fund Regular Growth Plan,1003.8411
2026-09-10,154623,Edelweiss Ultra Short Term Fund Direct IDCW Plan,1004.0617
2026-09-10,154624,Choice Overnight Fund -Direct -Unclaimed Less than 3 years Redemption Plan,100.3911
2026-09-10,154625,quant Silver ETF,23.5409
2026-09-10,154626,Mirae Asset BSE LargeMid (60:40) Stable Dividend 50 ETF,35.8934
2026-09-10,154627,Axis Nifty Energy ETF,19.1575
2026-09-10,154628,UTI Balanced Hybrid Fund-Direct Plan Growth Option,10.0091
2026-09-10,154629,UTI Balanced Hybrid Fund-Direct Plan  payout of IDCW Option,10.0091
2026-09-10,154630,UTI Balanced Hybrid Fund-Regular Plan Growth Option,10.0059
2026-09-10,154631,UTI Balanced Hybrid Fund-Regular Plan payout of IDCW Option,10.0059
2026-09-10,154632,JioBlackRock Large Cap Fund - Regular Plan - Growth Option,9.6533
2026-09-10,154633,JioBlackRock Nifty 50 Index Fund - Regular Plan - Growth Option,9.6658
2026-09-10,154634,JioBlackRock Nifty Smallcap 250 Index Fund - Regular Plan - Growth Option,10.0436
2026-09-10,154635,JioBlackRock Short Term Fund - Regular Plan - Growth Option,1002.4575
2026-09-10,154636,JioBlackRock Ultra Short to Short Term Fund - Regular Plan - Growth Option,1002.6986
2026-09-10,154637,JioBlackRock Sector Rotation Fund- Regular Plan - Growth Option,9.7872
2026-09-10,154638,JioBlackRock Arbitrage Fund - Regular Plan - Growth Option,10.0332
2026-09-10,154639,JioBlackRock Money Market Fund - Regular Plan - Growth Option,1005.1048
2026-09-10,154640,JioBlackRock Overnight Fund - Regular Plan - Growth Option,1002.3551
2026-09-10,154641,JioBlackRock Flexi Cap Fund - Regular Plan - Growth Option,9.7626
2026-09-10,154642,JioBlackRock Nifty 8-13 yr G-Sec Index Fund - Regular Plan - Growth Option,9.9416
2026-09-10,154643,JioBlackRock Nifty Midcap 150 Index Fund - Regular Plan - Growth Option,9.7998
2026-09-10,154644,JioBlackRock Nifty Next 50 Index Fund - Regular Plan - Growth Option,9.7743
2026-09-10,154645,JioBlackRock Liquid Fund - Regular Plan - Growth Option,1003.9570
2026-09-10,154646,Nippon India Income Plus Arbitrage Omni Fund of Fund - Direct Plan- Growth Option,10.0279
2026-09-10,154647,Nippon India Income Plus Arbitrage Omni Fund of Fund - Direct Plan- IDCW Option,10.0279
2026-09-10,154648,Nippon India Income Plus Arbitrage Omni Fund of Fund - Regular Plan- IDCW Option,10.0277
2026-09-10,154649,Nippon India Income Plus Arbitrage Omni Fund of Fund - Regular Plan- Growth Option,10.0277
2026-09-10,154652,DSP Financial Services Sectoral Debt Fund - Regular - IDCW,10.0421
2026-09-10,154653,DSP Financial Services Sectoral Debt Fund - Direct - IDCW,10.0428
2026-09-10,154654,DSP Financial Services Sectoral Debt Fund - Direct - Growth,10.0428
2026-09-10,154655,DSP Financial Services Sectoral Debt Fund - Regular - Growth,10.0421
2026-09-10,154657,quant Income Plus Arbitrage Active FOF- Growth Option - Regular Plan,10.0165
2026-09-10,154658,quant Income Plus Arbitrage Active FOF- Growth Option - Direct Plan,10.0172
2026-09-10,154659,quant Income Plus Arbitrage Active FOF- IDCW  Option - Direct Plan,10.0171
2026-09-10,154660,quant Income Plus Arbitrage Active FOF- IDCW Option - Regular Plan,10.0165
2026-09-10,154705,Monarch Overnight Fund - Direct Plan - Monthly  IDCW,1000.4408
2026-09-10,154706,Monarch Overnight Fund- Direct Plan- Growth,1000.4413
2026-09-10,154711,Monarch Overnight Fund- Regular Plan Growth,1000.4380
