date,scheme_code,scheme_name,nav
2026-09-28,100033,Aditya Birla Sun Life Large & Mid Cap Fund - Regular Growth,920.54
2026-09-28,100034,Aditya Birla Sun Life Large & Mid Cap Fund -Regular - IDCW,134.07
2026-09-28,100037,Aditya Birla Sun Life Medium to Long Term Fund - Regular - Quarterly IDCW,12.8171
2026-09-28,100038,Aditya Birla Sun Life Medium to Long Term Fund - Growth - Regular Plan,128.8235
2026-09-28,100046,Aditya Birla Sun Life Liquid Fund -Daily IDCW,100.1950
2026-09-28,100047,Aditya Birla Sun Life Liquid Fund - Growth,453.9346
2026-09-28,100051,Aditya Birla Sun Life Liquid Fund -weekly IDCW,100.2696
2026-09-28,100057,Aditya Birla Sun Life Gilt Fund -Regular - Quarterly IDCW,10.5718
2026-09-28,100058,Aditya Birla Sun Life Gilt Fund  - Growth - Regular Plan,81.0955
2026-09-28,100063,Aditya Birla Sun Life MNC Fund - Regular - IDCW,200.28
2026-09-28,100064,Aditya Birla Sun Life MNC Fund - Growth - Regular Plan,1245.39
2026-09-28,100077,DSP Medium Term Fund - IDCW,11.6084
2026-09-28,100078,DSP Medium Term Fund - Growth,86.1051
2026-09-28,100079,DSP Medium Term Fund - IDCW - Monthly,11.0979
2026-09-28,100080,DSP Flexi Cap Fund - Regular Plan - IDCW,56.3440
2026-09-28,100081,DSP Aggressive Hybrid Fund- Regular Plan - Growth,337.5610
2026-09-28,100082,DSP Aggressive Hybrid Fund- Regular Plan - IDCW,25.4810
2026-09-28,100084,DSP Gilt Fund - Regular Plan - Growth,98.0436
2026-09-28,100085,DSP Gilt Fund - Regular Plan - IDCW,12.7068
2026-09-28,100086,DSP Gilt Fund - Regular Plan - IDCW - Monthly,10.7251
2026-09-28,100087,DSP Money Market Fund - Regular Plan - Growth,56.8681
2026-09-28,100088,DSP Money Market Fund - Regular Plan - IDCW,12.6578
2026-09-28,100089,DSP Money Market Fund - Regular Plan - IDCW - Monthly,11.0589
2026-09-28,100119,HDFC Balanced Advantage Fund - Growth Plan,506.372
2026-09-28,100120,HDFC Balanced Advantage Fund - IDCW Plan,34.631
2026-09-28,100123,HDFC Medium to Long Term Fund - Quarterly IDCW Option,11.3855
2026-09-28,100124,HDFC Income Fund - Growth Option,60.1548
2026-09-28,100174,quant ELSS Tax Saver Fund - IDCW Option - Regular Plan,55.5191
2026-09-28,100175,quant ELSS Tax Saver Fund - Growth Option - Regular Plan,399.8169
2026-09-28,100176,quant Small Cap Fund - IDCW Option - Regular Plan,226.876
2026-09-28,100177,quant Small Cap Fund - Growth - Regular Plan,285.2879
2026-09-28,100218,JM Large Cap Fund (Regular) - IDCW,28.5977
2026-09-28,100219,JM Large Cap Fund (Regular) - Growth Option,147.3169
2026-09-28,100220,JM Aggressive Hybrid Fund (Regular) - IDCW,32.8752
2026-09-28,100221,JM Aggressive Hybrid Fund (Regular) -Growth Option,117.5412
2026-09-28,100222,JM Medium to Long Term Fund (Regular) - Quarterly IDCW,21.7834
2026-09-28,100223,JM Medium to Long Term Fund (Regular) - Growth Option,64.0678
2026-09-28,100233,JM Liquid Fund (Regular) - Weekly IDCW,11.0104
2026-09-28,100234,JM Liquid Fund - Growth Option,76.7518
2026-09-28,100244,JM Liquid Fund (Regular) - Quarterly IDCW,43.4423
2026-09-28,100247,JM Liquid Fund (Regular) - Super Institutional Plan - Growth Option,44.1308
2026-09-28,100254,JM Value Fund (Regular) - Growth Option,94.8538
2026-09-28,100264,Kotak Gilt Fund -Investment Regular-Payout of Income Distribution cum capital withdrawal option,18.8445
2026-09-28,100265,Kotak Gilt Fund -Investment Regular-Growth,96.4391
2026-09-28,100280,Kotak Gilt Fund -Investment  Provident Fund and Trust-Payout of Income Distribution cum capital withdrawal option,11.6721
2026-09-28,100281,Kotak Gilt Fund -Investment  Provident Fund and Trust-Growth,98.6641
2026-09-28,100286,Kotak Aggressive Hybrid Fund - Regular Plan - IDCW - Payout & Reinvestment of Income Distribution cum capital withdrawal option,37.158
2026-09-28,100299,Kotak Medium to Long Term Fund - Regular Plan Growth,79.4669
2026-09-28,100300,Kotak Medium to Long Term Fund - Regular Plan - Standard IDCW Option,48.6869
2026-09-28,100312,LIC MF Flexi Cap Fund-Regular Plan-IDCW,32.0246
2026-09-28,100313,LIC MF Flexi Cap Fund-Regular Plan-Growth,101.4845
2026-09-28,100314,LIC MF Medium to Long Term Fund-Regular Plan-IDCW,16.5533
2026-09-28,100315,LIC MF Medium to Long Term Fund-Regular Plan-Growth,75.5184
2026-09-28,100316,LIC MF Gilt Fund-Regular Plan-IDCW,17.315
2026-09-28,100317,LIC MF Gilt Fund-Regular Plan-Growth,60.0691
2026-09-28,100318,LIC MF Gilt Fund-PF Plan-IDCW,22.4504
2026-09-28,100319,LIC MF Gilt Fund-PF Plan-Growth,34.6939
2026-09-28,100321,LIC MF Aggressive Hybrid Fund-Regular Plan-IDCW,14.8747
2026-09-28,100323,LIC MF Aggressive Hybrid Fund-Regular Plan-Growth,201.3227
2026-09-28,100325,LIC MF ULIS (5 Yrs. Single Premium)-Regular Plan-IDCW Reinvestment,35.7814
2026-09-28,100332,LIC MF Large Cap Fund-Regular Plan-IDCW,31.1828
2026-09-28,100348,ICICI Prudential Large & Mid Cap Fund - IDCW,29.16
2026-09-28,100349,ICICI Prudential Large & Mid Cap Fund - Growth,993.74
2026-09-28,100351,ICICI Prudential FMCG Fund - IDCW,71.83
2026-09-28,100352,ICICI Prudential FMCG Fund - Growth,388.66
2026-09-28,100353,ICICI Prudential ELSS - Tax Saver Fund - IDCW,19.82
2026-09-28,100354,ICICI Prudential ELSS - Tax Saver Fund - Growth,900.19
2026-09-28,100355,ICICI Prudential Aggressive Hybrid Fund - Monthly IDCW,41.75
2026-09-28,100356,ICICI Prudential Aggressive Hybrid Fund - Growth,394.13
2026-09-28,100363,ICICI Prudential Technology Fund - Growth,171.33
2026-09-28,100365,ICICI Prudential Long Term Fund - Growth,90.9249
2026-09-28,100367,ICICI Prudential Long Term Fund - Quarterly IDCW,12.0779
2026-09-28,100368,ICICI Prudential Gilt Fund - IDCW,17.4808
2026-09-28,100369,ICICI Prudential Gilt Fund - Growth,106.7056
2026-09-28,100375,NIPPON INDIA GROWTH MID CAP FUND - IDCW Option,117.1141
2026-09-28,100376,Nippon India Growth Mid Cap Fund-Growth Plan-Bonus Option,724.9490
2026-09-28,100377,Nippon India Growth Mid Cap Fund-Growth Plan-Growth Option,4354.8076
2026-09-28,100378,Nippon India Vision Large & Midcap Fund - IDCW Option,59.5172
2026-09-28,100379,Nippon India Vision Large & Midcap Fund-GROWTH PLAN-Bonus Option,241.1913
2026-09-28,100380,Nippon India Vision Large & Midcap Fund-GROWTH PLAN-Growth Option,1432.0154
2026-09-28,100383,NIPPON INDIA MEDIUM TO LONG TERM FUND - MONTHLY IDCW Option,10.6929
2026-09-28,100384,NIPPON INDIA MEDIUM TO LONG TERM  FUND - QUARTERLY IDCW Option,13.0916
2026-09-28,100385,NIPPON INDIA MEDIUM TO LONG TERM  FUND - HALF YEARLY IDCW Option,12.3652
2026-09-28,100386,NIPPON INDIA MEDIUM TO LONG TERM  FUND - ANNUAL IDCW Option,13.0053
2026-09-28,100387,Nippon India Medium to Long Term  Fund - Growth Plan Growth Option,92.5131
2026-09-28,100388,Nippon India Medium to Long Term  Fund - Growth Plan Bonus Option,26.5969
2026-09-28,100414,Tata Aggressive Hybrid Fund- Regular Plan - Growth Option,421.8743
2026-09-28,100415,Tata Ethical Fund-Regular Plan - Growth Option,346.3384
2026-09-28,100470,Franklin India Large Cap Fund - IDCW,40.5194
2026-09-28,100471,Franklin India Large Cap Fund-Growth,964.9505
2026-09-28,100472,Franklin India Mid Cap Fund - IDCW,82.8124
2026-09-28,100473,Franklin India Mid Cap Fund-Growth,2692.4213
2026-09-28,100474,Tata ELSS Fund- Regular Plan - Payout of IDCW Option,92.5022
2026-09-28,100475,Tata Large Cap Fund -Regular Plan - Growth Option,478.4419
2026-09-28,100476,Taurus Flexi Cap Fund - Regular Plan - Growth,238.70
2026-09-28,100477,Taurus Mid Cap Fund - Regular Plan - Growth,126.00
2026-09-28,100480,Taurus ELSS Tax Saver Fund - Regular Plan - Growth,180.86
2026-09-28,100484,Franklin India Index Fund- NSE Nifty 50 Index Fund - Growth,184.7966
2026-09-28,100493,Franklin India Government Securities Fund - Growth,61.3060
2026-09-28,100494,Franklin India Government Securities Fund - IDCW,10.5805
2026-09-28,100496,Templeton India Value Fund - Growth Plan,658.0162
2026-09-28,100497,Templeton India Value Fund - IDCW,86.6425
2026-09-28,100519,Franklin India Flexi Cap Fund - IDCW,58.9986
2026-09-28,100520,Franklin India Flexi Cap Fund - Growth,1524.7935
2026-09-28,100521,Franklin India Technology Fund - IDCW,38.7913
2026-09-28,100522,Franklin India Technology Fund-Growth,450.1024
2026-09-28,100524,Franklin INDIA OPPORTUNITIES FUND - IDCW,37.3018
2026-09-28,100525,Franklin India ELSS Tax Saver Fund - IDCW,57.5972
2026-09-28,100526,Franklin India ELSS Tax Saver Fund-Growth,1363.0628
2026-09-28,100527,Franklin India Corporate Debt Fund - Plan A - Annual - IDCW,17.0317
2026-09-28,100528,Franklin India Corporate Debt Fund - Growth,106.7105
2026-09-28,100529,Franklin India Corporate Debt Fund - Plan B - Monthly - IDCW,15.1434
2026-09-28,100530,Franklin India Corporate Debt Fund - Plan B - Quarterly - IDCW,11.9157
2026-09-28,100531,Franklin India Corporate Debt Fund - Plan B - Half yearly - IDCW,12.2001
2026-09-28,100535,Franklin India Retirement Fund - IDCW,16.3473
2026-09-28,100536,Franklin India Retirement Fund - Growth,215.3029
2026-09-28,100537,Franklin India Liquid Fund - Regular Plan - Weekly - IDCW,1244.4571
2026-09-28,100538,Franklin India Liquid Fund - Regular Plan - Growth,6330.5472
2026-09-28,100541,Franklin India Liquid Fund - Regular Plan - Daily - IDCW,1508.9895
2026-09-28,100546,Franklin India Liquid Fund - Super Institutional Plan - Growth,4243.8799
2026-09-28,100547,Franklin India Liquid Fund - Super Institutional Plan - Daily - IDCW,1000.0000
2026-09-28,100548,Franklin India Liquid Fund - Super Institutional Plan - Weekly - IDCW,1038.6449
2026-09-28,100549,Franklin India Aggressive Hybrid Fund - IDCW,26.9888
2026-09-28,100550,Franklin India Aggressive Hybrid Fund - Growth Plan,259.2606
2026-09-28,100593,CANARA ROBECO ELSS - TAX SAVER FUND  - REGULAR PLAN -IDCW (Payout),45.6900
2026-09-28,100596,CANARA ROBECO GILT FUND - REGULAR PLAN - IDCW (Payout/Reinvestment),14.7023
2026-09-28,100597,CANARA ROBECO GILT FUND - REGULAR PLAN - GROWTH OPTION,76.5488
2026-09-28,100600,CANARA ROBECO CONSERVATIVE HYBRID FUND - REGULAR PLAN - MONTHLY IDCW (Payout/Reinvestment),12.0012
2026-09-28,100601,CANARA ROBECO CONSERVATIVE HYBRID FUND - REGULAR PLAN - GROWTH OPTION,98.6096
2026-09-28,100602,Sundaram Medium Term Fund Regular Plan - (IDCW),13.1749
2026-09-28,100603,Sundaram Medium Term Fund Regular Plan - Growth,71.3794
2026-09-28,100614,Sundaram Value Fund Regular Plan - Income Distribution cum Capital Withdrawal (IDCW),14.4296
2026-09-28,100630,quant Multi Cap Fund-IDCW Option - Regular Plan,74.1861
2026-09-28,100631,quant Multi Cap Fund-GROWTH OPTION - Regular Plan,648.6918
2026-09-28,100638,SBI Medium to Long Term Fund - Regular Plan - Half Yearly - Income Distribution cum Capital Withdrawal Option (IDCW),19.2257
2026-09-28,100639,SBI Medium to Long Term Fund-REGULAR PLAN-Growth,73.5035
2026-09-28,100640,SBI Medium to Long Term Fund-REGULAR PLAN-Bonus,44.5365
2026-09-28,100641,SBI ULTRA SHORT TERM FUND - REGULAR PLAN - GROWTH,6443.3679
2026-09-28,100643,SBI Technology Opportunities Fund - Regular Plan - Income Distribution cum Capital Withdrawal Option (IDCW),115.6251
2026-09-28,100644,SBI Healthcare Opportunities Fund - Regular Plan - Income Distribution cum Capital Withdrawal Option (IDCW),324.2402
2026-09-28,100645,SBI Consumption Opportunities Fund - Regular Plan - Income Distribution cum Capital Withdrawal Option (IDCW),164.4432
2026-09-28,100646,UTI - Unit Linked Insurance Plan,42.3237
2026-09-28,100650,UTI Large Cap Fund - Regular Plan - IDCW,49.84
2026-09-28,100651,UTI Large Cap Fund - Regular Plan - Growth Option,252.9259
2026-09-28,100663,UTI Large & Mid Cap Fund - Regular Plan - IDCW,86.9048
2026-09-28,100664,UTI Large & Mid Cap Fund - Regular Plan - Growth Option,178.392
2026-09-28,100668,UTI Flexi Cap Fund - Regular Plan - IDCW,208.0456
2026-09-28,100669,UTI - Flexi Cap Fund-Growth Option,314.6789
2026-09-28,100678,UTI Children's Hybrid Fund - Regular Plan,39.6468
2026-09-28,100682,UTI Retirement Fund - Regular Plan,49.636
2026-09-28,100684,UTI Aggressive Hybrid Fund - Regular Plan - Growth,393.8978
2026-09-28,100685,UTI Aggressive Hybrid Fund - Regular Plan - IDCW,38.6185
2026-09-28,100723,UTI MMF-Discontinued - Regular Plan -Growth,7714.4591
2026-09-28,100724,UTI MMF- Discontinued - Regular Plan - Flexi Dividend Option,4162.6042
2026-09-28,100725,UTI MMF- Discontinued - Regular Plan - Periodic Dividend Option,2659.2128
2026-09-28,100739,UTI MNC Fund - Regular Plan - IDCW,199.7482
2026-09-28,100740,UTI - MNC Fund - Regular Plan - Growth Option,387.4207
2026-09-28,100741,UTI Medium to Long Term Fund- Regular Plan - Growth,75.86
2026-09-28,100742,UTI Medium to Long Term Fund - Regular Plan - Discontinued Quarterly IDCW,19.4836
2026-09-28,100784,Sundaram Banking and PSU Debt Fund Regular Plan - Growth,45.7154
2026-09-28,100786,Sundaram Corporate Bond Fund Regular Plan - Income Distribution cum Capital Withdrawal (IDCW ),19.0119
2026-09-28,100789,Sundaram Corporate Bond Fund Regular Plan- Growth,42.5162
2026-09-28,100793,Sundaram Banking and PSU Debt Fund Regular Plan - IDCW,11.5852
2026-09-28,100794,Sundaram Small Cap Fund Regular Plan - Income Distribution cum Capital Withdrawal (IDCW),34.9467
2026-09-28,100795,Sundaram Small Cap Fund Regular Plan - Growth,291.5540
2026-09-28,100806,UTI Healthcare Fund - Regular Plan - IDCW,262.1972
2026-09-28,100807,UTI Healthcare Fund - Regular Plan - Growth Option,339.2556
2026-09-28,100813,UTI Overnight Fund - Regular Plan - Periodic IDCW,1925.3682
2026-09-28,100814,UTI - Overnight  Fund - Regular Plan - Growth Option,3737.3801
2026-09-28,100820,UTI ELSS Tax Saver Fund - Regular Plan - IDCW,36.6686
2026-09-28,100821,UTI ELSS Tax Saver Fund - Regular Plan - Growth Option,191.941
2026-09-28,100822,UTI Nifty 50 Index Fund - Regular Plan - Growth Option,157.9714
2026-09-28,100823,UTI Nifty 50 Index Fund - Regular Plan - IDCW,79.5858
2026-09-28,100833,Kotak Liquid Fund - Regular  - Daily Reinvestment of Income Distribution cum capital withdrawal option,1283.5466
2026-09-28,100835,Kotak Liquid Fund - Regular Plan - Growth,5690.0975
2026-09-28,100837,Nippon India Liquid Fund - Retail Option - Growth Plan,6089.0960
2026-09-28,100838,NIPPON INDIA LIQUID FUND - RETAIL Plan - WEEKLY IDCW OPTION,1034.6190
2026-09-28,100842,NIPPON INDIA LIQUID FUND - RETAIL Plan - DAILY IDCW OPTION,1524.2800
2026-09-28,100843,NIPPON INDIA LIQUID FUND - RETAIL plan - MONTHLY IDCW OPTION,1327.0406
2026-09-28,100844,NIPPON INDIA LIQUID FUND - RETAIL Plan - QUARTERLY IDCW OPTION,1214.1200
2026-09-28,100851,Nippon India Liquid Fund -Growth Plan,6873.0990
2026-09-28,100852,NIPPON INDIA LIQUID FUND - DAILY IDCW OPTION,1528.7400
2026-09-28,100853,NIPPON INDIA LIQUID FUND - WEEKLY IDCW OPTION,1530.9891
2026-09-28,100855,NIPPON INDIA LIQUID FUND - MONTHLY IDCW OPTION,1584.5282
2026-09-28,100856,Nippon India Corporate Bond Fund - Growth Plan - Growth Option,63.6958
2026-09-28,100857,NIPPON INDIA CORPORATE BOND FUND - MONTHLY IDCW Option,11.6207
2026-09-28,100858,NIPPON INDIA CORPORATE BOND FUND - QUARTERLY IDCW Option,11.9152
2026-09-28,100859,Nippon India Corporate Bond Fund - Growth Plan - Bonus Option,45.4911
2026-09-28,100864,LIC MF ELSS Tax Saver Fund-Regular Plan-IDCW,30.0597
2026-09-28,100865,LIC MF ELSS Tax Saver Fund-Regular Plan-Growth,143.5907
2026-09-28,100868,HDFC Liquid Fund - Growth Plan,5524.9773
2026-09-28,100874,HDFC Liquid Fund - IDCW Plan Weekly,1031.8735
2026-09-28,100875,HDFC Liquid Fund - IDCW Daily,1019.82
2026-09-28,100876,HDFC Liquid Fund - IDCW Monthly,1030.7922
2026-09-28,100900,HDFC Childrens Fund - Growth Plan,283.901
2026-09-28,100915,SBI Contra Fund - Regular Plan - Income Distribution cum Capital Withdrawal Option (IDCW),62.8383
2026-09-28,100927,SBI Conservative Hybrid Fund - Regular Plan - Monthly Income Distribution cum Capital Withdrawal Option (IDCW),20.9175
2026-09-28,100928,SBI Conservative Hybrid Fund - Regular Plan - Quarterly Income Distribution cum Capital Withdrawal Option (IDCW),21.9433
2026-09-28,100929,SBI Conservative Hybrid Fund - Regular Plan - Annual Income Distribution cum Capital Withdrawal Option (IDCW),26.8372
2026-09-28,100948,Franklin India Conservative Hybrid Fund - Growth,92.0982
2026-09-28,100949,Franklin India Conservative Hybrid Fund - Plan A - Monthly - IDCW,12.3691
2026-09-28,100950,Franklin India Conservative Hybrid Fund - Plan A - Quarterly - IDCW,11.4172
2026-09-28,100968,SBI Conservative Hybrid Fund - Regular Plan - Growth,76.0828
2026-09-28,100999,SBI Gilt Fund - Regular Plan - Income Distribution cum Capital Withdrawal Option (IDCW),20.9583
2026-09-28,101001,SBI GILT FUND - REGULAR PLAN - GROWTH,68.1578
2026-09-28,101002,SBI 10 YEAR CONSTANT MATURITY GILT FUND - REGULAR PLAN - GROWTH,65.6792
2026-09-28,101003,SBI 10 Year Constant Maturity Gilt Fund - Regular Plan - Income Distribution cum Capital Withdrawal Option (IDCW),21.3611
2026-09-28,101042,Tata Gilt Securities Fund -Regular Plan- Growth Option,78.9965
2026-09-28,101044,Franklin India Floating Rate Fund - IDCW,10.1369
2026-09-28,101048,Franklin India Floating Rate Fund - Growth Plan,43.7652
2026-09-28,101049,Tata Gilt Securities Fund - Regular Plan - Payout of IDCW Option,21.8985
2026-09-28,101065,quant Mid Cap Fund - Growth Option - Regular Plan,213.2418
2026-09-28,101066,quant Mid Cap Fund - IDCW Option - Regular Plan,75.8081
2026-09-28,101069,quant Aggressive Hybrid Fund-IDCW Option - Regular Plan,62.1711
2026-09-28,101070,quant Aggressive Hybrid Fund - Growth Option - Regular Plan,450.7541
2026-09-28,101071,quant Multi Asset Allocation Fund - IDCW Option - Regular Plan,150.1213
2026-09-28,101072,quant Multi Asset Allocation Fund-GROWTH OPTION - Regular Plan,163.7642
2026-09-28,101078,JM Liquid Fund (Regular) - Daily IDCW,10.4302
2026-09-28,101083,HDFC Gilt Fund - Growth Plan,56.7085
2026-09-28,101084,HDFC Gilt Fund - IDCW Plan,12.0648
2026-09-28,101127,ICICI Prudential Children's Fund - Regular Plan,317.41
2026-09-28,101143,ICICI Prudential Multi Asset Allocation Fund - IDCW,33.3327
2026-09-28,101144,ICICI Prudential Multi Asset Allocation Fund - Growth,786.8314
2026-09-28,101161,Nippon India Multi Cap Fund-Growth Plan-Growth Option,290.5858
2026-09-28,101162,Nippon India Multi Cap Fund-Growth Plan-Bonus Option,290.5858
2026-09-28,101163,NIPPON INDIA MULTI CAP FUND - IDCW Option,57.2429
2026-09-28,101165,ICICI Prudential Short Term Fund - Monthly IDCW,12.0627
2026-09-28,101169,SBI Children's Fund - Savings Plan - REGULAR PLAN - GROWTH,119.8353
2026-09-28,101181,JM Medium to Long Term Fund (Regular) - Bonus Option- Principal Units,26.212
2026-09-28,101184,LIC MF Liquid Fund-Regular Plan-Daily IDCW,1000.1751
2026-09-28,101185,LIC MF Liquid Fund-Regular Plan-Growth,5090.0979
2026-09-28,101187,Baroda BNP Paribas GILT FUND - Regular Plan - Growth Option,43.7282
2026-09-28,101188,Baroda BNP Paribas GILT FUND - Regular Plan - IDCW Option,25.9549
2026-09-28,101198,LIC MF BSE Sensex Index Fund-Regular Plan-IDCW,46.7009
2026-09-28,101199,LIC MF BSE Sensex Index Fund-Regular Plan-Growth,136.2507
2026-09-28,101200,LIC MF Nifty 50 Index Fund-Regular Plan-IDCW,46.4499
2026-09-28,101201,LIC MF Nifty 50 Index Fund-Regular Plan-Growth,125.9156
2026-09-28,101206,SBI OVERNIGHT FUND - REGULAR PLAN - GROWTH,4428.8044
2026-09-28,101209,Taurus Large Cap Fund - Regular Plan - Growth,165.21
2026-09-28,101222,Tata Aggressive Hybrid Fund- Regular Plan - Periodic Payout of IDCW Option,75.1209
2026-09-28,101228,ICICI Prudential Multi Cap Fund - Growth,826.96
2026-09-28,101262,Nippon India Power & Infra Fund-Growth Plan -Growth Option,369.3098
2026-09-28,101263,Nippon India Power & Infra Fund-Growth Plan-Bonus Option,369.3098
2026-09-28,101264,NIPPON INDIA POWER & INFRA FUND - IDCW Option,64.2197
2026-09-28,101271,LIC MF Children's Fund-Regular Plan-Growth,33.5979
2026-09-28,101281,HDFC BSE Sensex Index Fund - Growth Plan,678.9425
2026-09-28,101295,SBI ESG Exclusionary Strategy Fund - Regular Plan - Income Distribution cum Capital Withdrawal Option (IDCW),71.2189
2026-09-28,101303,DSP Short Term Fund - Regular Plan - Regular Plan - IDCW - Weekly,10.1546
2026-09-28,101304,DSP Short Term Fund - Regular Plan - Growth,49.2681
2026-09-28,101305,DSP Short Term Fund - Regular Plan - IDCW,12.3243
2026-09-28,101306,DSP Short Term Fund - IDCW - Monthly,11.6215
2026-09-28,101313,Aditya Birla Sun Life Nifty 50 Index Fund -REGULAR - IDCW,23.2417
2026-09-28,101314,Aditya Birla Sun Life Nifty 50 Index Fund - Growth - Regular Plan,232.1072
2026-09-28,101317,Aditya Birla Sun Life Ultra Short Term Fund - Growth - Regular Plan,592.5762
2026-09-28,101349,ICICI Prudential Nifty 50 Index Fund - Cumulative Option,230.9170
2026-09-28,101351,ICICI Prudential Dynamic Term Fund - Weekly IDCW,10.8566
2026-09-28,101356,Franklin India Money Market Fund Retail Option - Quarterly - IDCW,11.1443
2026-09-28,101357,Franklin India Money Market Fund - Growth Option,54.2801
2026-09-28,101373,Kotak Short Term Fund - Regular Plan- Growth,55.1965
2026-09-28,101407,Baroda BNP Paribas LIQUID FUND-Defunct Plan- IDCW Option,3931.0922
2026-09-28,101408,Baroda BNP Paribas LIQUID FUND- Defunct Plan -Growth Option,4764.4516
2026-09-28,101491,Tata Childrens Fund -Regular Plan-Growth Option,53.3199
2026-09-28,101525,HDFC Nifty 50 Index Fund - Growth Plan,217.7002
2026-09-28,101530,SBI Large & Midcap Fund - Regular Plan - Income Distribution cum Capital Withdrawal Option (IDCW),279.6687
2026-09-28,101538,Sundaram Mid Cap Fund Regular Plan - Income Distribution cum Capital Withdrawal (IDCW),61.6791
2026-09-28,101539,Sundaram Mid Cap Fund Regular Plan - Growth,1429.1328
2026-09-28,101547,Tata Short Term Bond Fund- Regular Plan - Monthly Payout of IDCW Option,22.7966
2026-09-28,101548,Tata Short Term Bond Fund -Regular Plan- Growth Option,50.4793
2026-09-28,101549,JM Liquid Fund (Regular) - Bonus Option - Principal Units,24.5762
2026-09-28,101551,SBI Aggresive Hybrid Fund - Regular Plan - Income Distribution cum Capital Withdrawal Option (IDCW),64.6233
2026-09-28,101585,HDFC Equity Savings Fund - GROWTH PLAN,66.831
2026-09-28,101586,HDFC Equity Savings Fund - IDCW PLAN,11.983
2026-09-28,101587,CANARA ROBECO MEDIUM TO LONG TERM FUND - REGULAR PLAN - QUARTERLY IDCW (Payout/Reinvestment),14.3904
2026-09-28,101588,CANARA ROBECO MEDIUM TO LONG TERM FUND - REGULAR PLAN - GROWTH OPTION,56.6418
2026-09-28,101591,Aditya Birla Sun Life Midcap Fund -REGULAR - IDCW,57.01
2026-09-28,101592,Aditya Birla Sun Life MIDCAP Fund-Growth,817.43
2026-09-28,101593,HSBC Large Cap Fund - Regular IDCW,40.65
2026-09-28,101594,HSBC Large Cap Fund - Regular Growth,458.8855
2026-09-28,101617,ICICI Prudential Ultra Short to Short Term Fund - Weekly IDCW,105.4122
2026-09-28,101618,ICICI Prudential Ultra Short to Short Term Fund - Daily IDCW,105.6726
2026-09-28,101619,ICICI Prudential Ultra Short to Short Term Fund - Growth,587.2240
2026-09-28,101635,DSP Large Cap Fund - Regular Plan - Growth,434.2840
2026-09-28,101636,DSP Large Cap Fund - Regular Plan - IDCW,22.1430
2026-09-28,101656,Franklin India Dynamic Asset Allocation Active Fund of Funds-Growth,161.9857
2026-09-28,101657,Franklin India Dynamic Asset Allocation Active Fund of funds - IDCW,39.0886
2026-09-28,101659,Tata Nifty 50 Index Fund -Regular Plan,142.4094
2026-09-28,101665,Nippon India Short Term Fund-Growth Plan,56.2111
2026-09-28,101667,NIPPON INDIA SHORT TERM FUND - MONTHLY IDCW Option,11.5179
2026-09-28,101669,NIPPON INDIA SHORT TERM FUND - QUARTERLY IDCW OPTION,14.8194
2026-09-28,101672,Tata Value Fund - Regular Plan -Growth Option,340.1563
2026-09-28,101685,HSBC Medium to Long Term Fund - Regular Growth,43.4949
2026-09-28,101686,HSBC Medium to Long Term Fund - Regular Quarterly IDCW,10.4554
2026-09-28,101705,ICICI Prudential BSE Sensex ETF,837.6303
2026-09-28,101706,ICICI Prudential Multi Cap Fund - IDCW,33.30
2026-09-28,101714,Tata Liquid Fund- Regular Plan - Daily Reinvestment of IDCW Option,1001.5157
2026-09-28,101737,Aditya Birla Sun Life Dividend Yield Fund -REGULAR - IDCW,24.03
2026-09-28,101738,Aditya Birla Sun Life Dividend Yield Fund - Growth - Regular Plan,437.77
2026-09-28,101746,Tata S&P BSE Sensex Index Fund -Regular Plan,183.5874
2026-09-28,101758,ICICI Prudential Short Term Fund - Growth Option,64.3327
2026-09-28,101762,HDFC Flexi Cap Fund - Growth Plan,1979.641
2026-09-28,101763,HDFC Flexi Cap Fund - IDCW Plan,71.536
2026-09-28,101764,HDFC Value Fund - Growth Plan,766.549
2026-09-28,101765,HDFC Value Fund - IDCW Plan,35.695
2026-09-28,101766,Tata Infrastructure Fund-Regular Plan- Growth Option,174.6944
2026-09-28,101802,ICICI Prudential Floating Interest Rates Fund - Growth,456.2270
2026-09-28,101804,ICICI Prudential Floating Interest Rates Fund - Daily IDCW,100.6431
2026-09-28,101805,JM Dynamic Term Fund (Regular) - IDCW,43.3432
2026-09-28,101806,JM Dynamic Term Fund (Regular) - Growth Option,43.2077
2026-09-28,101816,Aditya Birla Sun Life Conservative Hybrid Fund - REGULAR - MONTHLY IDCW,16.1761
2026-09-28,101818,Aditya Birla Sun Life Conservative Hybrid Fund - Growth / Payment - Regular Plan,69.5502
2026-09-28,101823,Tata Large & Mid Cap Fund Regular Plan - Payout of IDCW Option,70.7202
2026-09-28,101824,Tata Large & Mid Cap Fund- Regular Plan - Growth Option,476.6773
2026-09-28,101829,LIC MF Ultra Short to Short Term Fund-Regular Plan-Monthly IDCW,14.4135
2026-09-28,101830,LIC MF Ultra Short to Short Term Fund-Regular Plan-Growth,42.5005
2026-09-28,101833,Tata Ethical Fund- Regular Plan - Payout of IDCW Option,135.4645
2026-09-28,101834,UTI - Master Equity Plan Unit Scheme,212.9149
2026-09-28,101837,DSP Credit Risk Fund - Regular Plan -Growth,55.1832
2026-09-28,101838,DSP Credit Risk Fund - Regular Plan - IDCW - Weekly,11.1066
2026-09-28,101839,DSP Credit Risk Fund - Regular Plan - IDCW,12.6452
2026-09-28,101840,DSP Credit Risk Fund - Regular Plan - IDCW - Daily,11.1001
2026-09-28,101843,Aditya Birla Sun Life Short Term Fund - REGULAR - IDCW,15.1285
2026-09-28,101844,Aditya Birla Sun Life Short Term Fund - Growth - Regular Plan,50.6406
2026-09-28,101847,Tata Money Market Fund-Regular Plan - Growth Option,5108.7086
2026-09-28,101852,TATA Infrastructure Fund Regular Plan - Payout of IDCW Option,76.2626
2026-09-28,101853,Sundaram Value Fund Regular Plan - Growth,202.3764
2026-09-28,101862,Nippon India Banking & Financial Services Fund-Growth Plan-Growth Option,611.5309
2026-09-28,101863,Nippon India Banking & Financial Services Fund-Growth Plan-Bonus Option,611.5309
2026-09-28,101864,Nippon India Banking & Financial Services Fund - IDCW Option,64.8407
2026-09-28,101866,LIC MF Conservative Hybrid Fund-Regular Plan-Monthly IDCW,12.5137
2026-09-28,101867,LIC MF Conservative Hybrid Fund-Regular Plan-Quarterly IDCW,14.3289
2026-09-28,101868,LIC MF Conservative Hybrid Fund-Regular Plan-Yearly IDCW,11.8196
2026-09-28,101869,LIC MF Conservative Hybrid Fund-Regular Plan-Growth,83.6185
2026-09-28,101872,HDFC Dynamic Term Fund - Growth Option,92.5968
2026-09-28,101873,HDFC Dynamic Term Fund - Quarterly IDCW Option,12.6188
2026-09-28,101874,HDFC Dynamic Term Fund - Half Yearly IDCW Option,11.6707
2026-09-28,101875,HDFC Dynamic Term Fund - Yearly IDCW Option,13.7052
2026-09-28,101892,Kotak Money market Fund - (Monthly Payout of Income Distribution cum capital withdrawal option),1054.1736
2026-09-28,101893,Kotak Money Market Fund - (Growth),4857.8662
2026-09-28,101922,CANARA ROBECO FLEXI CAP FUND - REGULAR PLAN - GROWTH OPTION,328.2000
2026-09-28,101923,CANARA ROBECO FLEXI CAP FUND - REGULAR PLAN - IDCW (Payout/Reinvestment),57.1600
2026-09-28,101932,SBI GILT FUND -  GROWTH - PF (Regular) Option,43.7660
2026-09-28,101934,SBI GILT FUND -  GROWTH - PF (Fixed Period - 3 Yrs) Option,40.8821
2026-09-28,101950,SBI Gilt Fund - Income Distribution cum Capital Withdrawal Option (IDCW) - PF (Fixed Period - 1 Yr),21.0563
2026-09-28,101951,SBI Gilt Fund - Income Distribution cum Capital Withdrawal Option (IDCW) - PF (Fixed Period - 2 Yrs),21.3091
2026-09-28,101952,SBI Gilt Fund - Income Distribution cum Capital Withdrawal Option (IDCW) - PF (Fixed Period - 3 Yrs),20.6609
2026-09-28,101973,Aditya Birla Sun Life Money Market Fund - Daily IDCW,100.0200
2026-09-28,101974,Aditya Birla Sun Life Money Market Fund - WEEKLY IDCW,100.1218
2026-09-28,101976,Aditya Birla Sun Life Money Market Fund - Growth,400.4416
2026-09-28,101979,HDFC ELSS - Tax Saver Fund - Growth Plan,1311.951
2026-09-28,101980,HDFC ELSS - Tax Saver Fund - IDCW Plan,63.673
2026-09-28,101986,Tata Money Market Fund- Regular Plan - Daily Reinvestment of IDCW Option,1114.5200
2026-09-28,101989,HDFC Medium Term Fund - Growth Option,60.2713
2026-09-28,101990,HDFC Medium Term Fund - Fornightly IDCW Option,10.0739
2026-09-28,101993,HDFC Money Market Fund - Growth Option,6181.7176
2026-09-28,101994,HDFC Money Market Fund - Daily IDCW Option,1063.64
2026-09-28,101995,HDFC Money Market Fund - Weekly IDCW Option,1063.3088
2026-09-28,101996,HDFC Overnight Fund - Growth Option,4049.6292
2026-09-28,101997,HDFC Overnight Fund - IDCW Option (Daily),1042.66
2026-09-28,102000,HDFC Large Cap Fund - Growth Option - Regular Plan,1074.415
2026-09-28,102001,HDFC Large Cap Fund - IDCW Option - Regular Plan,49.204
2026-09-28,102007,UTI Liquid Fund - Discontinued -Regular Plan Periodic Dividend Option,113.6339
2026-09-28,102008,UTI Liquid Fund - Discontinued - Regular Plan - Monthly Dividend Option,106.7433
2026-09-28,102009,UTI Liquid Fund - Discontinued - Regular Plan -Growth,419.381
2026-09-28,102010,UTI Liquid Fund - Regular Plan - Daily IDCW (Reinvestment),121.6556
2026-09-28,102011,UTI Liquid Fund - Regular Plan - Monthly IDCW,109.4739
2026-09-28,102012,UTI Liquid Fund - Regular Plan - Growth Option,462.1583
2026-09-28,102013,UTI Liquid Fund - Regular Plan - Weekly IDCW,105.4165
2026-09-28,102020,Baroda BNP Paribas MULTI CAP FUND - Regular Plan - Growth Option,284.3340
2026-09-28,102021,Baroda BNP Paribas MULTI CAP FUND - Regular Plan - IDCW Option,49.3670
2026-09-28,102036,Tata Large Cap Fund- Regular Plan - Payout of IDCW Option,95.9130
2026-09-28,102053,SBI MEDIUM TERM FUND - REGULAR PLAN - GROWTH,54.7986
2026-09-28,102054,SBI Medium Term Fund - Regular Plan - Income Distribution cum Capital Withdrawal Option (IDCW),21.1616
2026-09-28,102133,ICICI Prudential Multi Sector Passive FOF - Growth,163.3594
2026-09-28,102134,ICICI Prudential Multi Sector Passive FOF - IDCW,127.2775
2026-09-28,102135,ICICI Prudential Aggressive Hybrid Active FOF - Growth,219.6657
2026-09-28,102136,ICICI Prudential Aggressive Hybrid Active FOF - IDCW,170.2822
2026-09-28,102137,ICICI Prudential Dynamic Asset Allocation Active FOF - Growth,121.3545
2026-09-28,102138,ICICI Prudential Dynamic Asset Allocation Active FOF - IDCW,93.2601
2026-09-28,102139,ICICI Prudential Income Plus Arbitrage Omni FOF - Growth,66.9228
2026-09-28,102140,ICICI Prudential Income plus Arbitrage Omni FOF - IDCW,51.3525
2026-09-28,102141,ICICI Prudential Diversified Debt Strategy Active FOF - Growth,47.7025
2026-09-28,102142,Sundaram Consumption Fund(Formerly Known as Sundaram Rural and Consumption Fund Regular Plan - Growth),92.3682
2026-09-28,102143,ICICI Prudential Diversified Debt Strategy Active FOF - IDCW,41.6088
2026-09-28,102147,HDFC Conservative Hybrid Fund - Growth Plan,82.5399
2026-09-28,102148,HDFC Conservative Hybrid Fund - IDCW Monthly,12.9683
2026-09-28,102149,HDFC Conservative Hybrid Fund - IDCW Quarterly,13.6543
2026-09-28,102172,Nippon India Conservative Hybrid  Fund-Growth Plan,61.9182
2026-09-28,102173,NIPPON INDIA CONSERVATIVE HYBRID  FUND - MONTHLY IDCW Option,11.1980
2026-09-28,102174,NIPPON INDIA CONSERVATIVE HYBRID  FUND - QUARTERLY IDCW Option,12.1098
2026-09-28,102205,SBI Dynamic Term Fund - REGULAR PLAN - Growth,37.5435
2026-09-28,102206,SBI Dynamic Term Fund - Regular Plan - Income Distribution cum Capital Withdrawal Option (IDCW),19.6824
2026-09-28,102251,HSBC Flexi Cap Fund - Regular IDCW,42.5721
2026-09-28,102252,HSBC Flexi Cap Fund - Regular Growth,227.7976
2026-09-28,102260,HSBC Conservative Hybrid Fund - Regular Monthly IDCW,12.4572
2026-09-28,102261,HSBC Conservative Hybrid Fund - Regular Quarterly IDCW,16.307
2026-09-28,102262,HSBC Conservative Hybrid Fund - Regular Growth,62.5007
2026-09-28,102266,UTI Children's Equity Fund - Regular Plan - IDCW,77.0455
2026-09-28,102267,UTI Children's Equity Fund - Regular Plan - Growth Option,77.0408
2026-09-28,102272,SBI NIFTY INDEX FUND - REGULAR PLAN - GROWTH,202.7096
2026-09-28,102273,SBI Nifty Index Fund - Regular Plan - Income Distribution cum Capital Withdrawal Option (IDCW),104.0020
2026-09-28,102326,Tata Mid Cap Fund-Regular Plan - IDCW Option,117.5177
2026-09-28,102328,Tata Mid Cap Fund Regular Plan- Growth Option,443.3560
2026-09-28,102330,ICICI Prudential Conservative Hybrid Fund - Plan - Growth,78.2351
2026-09-28,102331,ICICI Prudential Conservative Hybrid Fund - Plan - Monthly IDCW,13.5531
2026-09-28,102393,UTI Mid Cap Fund - Regular Plan - IDCW,143.0541
2026-09-28,102394,UTI Mid Cap Fund-Growth Option,302.3063
2026-09-28,102395,UTI Infrastructure Fund-Growth Option,138.5525
2026-09-28,102396,UTI Infrastructure Fund - Regular Plan - IDCW,72.4136
2026-09-28,102397,UTI Transportation and Logistics Fund - Regular Plan - IDCW,132.5995
2026-09-28,102398,UTI-Transportation and Logistics  Fund-Growth Option,287.5663
2026-09-28,102401,UTI Banking and Financial Services Fund - Regular Plan - Growth Option,187.49
2026-09-28,102402,UTI Banking and Financial Services Fund - Regular Plan - IDCW,72.9702
2026-09-28,102414,SBI CONTRA FUND - REGULAR PLAN -GROWTH,362.3777
2026-09-28,102428,Tata Value Fund Regular Plan - Payout of IDCW-Option B(10%),113.8591
2026-09-28,102431,Nippon India Pharma Fund-Growth Plan-Growth Option,568.1359
2026-09-28,102432,Nippon India Pharma Fund-Growth Plan-Bonus Option,568.1359
2026-09-28,102433,NIPPON INDIA PHARMA FUND - IDCW Option,122.6856
2026-09-28,102434,DSP India T.I.G.E.R. Fund - Regular Plan - Growth,350.0560
2026-09-28,102435,DSP India T.I.G.E.R. Fund - Regular Plan - IDCW,30.3390
2026-09-28,102442,Franklin India Liquid Fund - Institutional Plan - Weekly - IDCW,1054.8619
2026-09-28,102443,Franklin India Liquid Fund - Institutional Plan - Daily - IDCW,1000.0000
2026-09-28,102448,DSP Conservative Hybrid Fund- Regular Plan - Growth,60.4117
2026-09-28,102450,DSP Conservative Hybrid Fund - Regular Plan - IDCW - Monthly,10.7823
2026-09-28,102451,DSP Conservative Hybrid Fund - Regular Plan - IDCW - Quarterly,11.1798
2026-09-28,102452,HDFC Ultra Short to Short Term Fund - Growth,61.9114
2026-09-28,102453,HDFC Ultra Short to Short Term Fund - Weekly IDCW,10.0569
2026-09-28,102503,SBI Money Market Fund - Regular Plan - Growth,44.6365
2026-09-28,102504,SBI Money Market Fund - Regular Plan - Income Distribution cum Capital Withdrawal Option (IDCW),17.6003
2026-09-28,102505,SBI CREDIT RISK FUND - REGULAR PLAN - GROWTH,49.7185
2026-09-28,102506,SBI Credit Risk Fund - Regular Plan - Income Distribution cum Capital Withdrawal Option (IDCW),22.4770
2026-09-28,102509,UTI Gilt Fund - Regular Plan - IDCW,39.1719
2026-09-28,102510,UTI - GILT FUND - Regular Plan - Growth Option,65.3413
2026-09-28,102511,UTI - GILT FUND -Discontinued PF Plan -Dividend Option,26.7404
2026-09-28,102512,UTI - GILT FUND - Discontinued PF Plan - Growth Option,48.5834
2026-09-28,102514,UTI - GILT FUND - Discontinued PF Plan Prescribed Date Auto Redemption Option,48.6104
2026-09-28,102528,ICICI Prudential Mid Cap Fund - Growth,329.51
2026-09-28,102529,ICICI Prudential Mid Cap Fund - IDCW,42.70
2026-09-28,102531,UTI Ultra Short Term Fund - Regular Plan - Weekly IDCW (Reinvestment),1442.2916
2026-09-28,102532,UTI Ultra Short Term Fund - Regular Plan - Growth Option,4557.465
2026-09-28,102533,UTI Conservative Hybrd Fund - Regular Plan - Monthly Payment Option,69.8382
2026-09-28,102534,UTI Conservative Hybrid Fund - Regular Plan - Flexi IDCW,44.1515
2026-09-28,102535,UTI Conservative Hybrid Fund - Regular Plan - Growth Option,69.8024
2026-09-28,102536,UTI Conservative Hybrid Fund - Regular Plan - Monthly IDCW,16.548
2026-09-28,102538,UTI Ultra Short to Short Term Fund - Discontinued - Annaul Dividend Option,3635.6497
2026-09-28,102539,UTI Ultra Short to Short Term Fund - Discontinued Bonus Option,4510.3331
2026-09-28,102540,UTI Ultra Short to Short Term Fund - Discontinued Growth Option,6766.2667
2026-09-28,102541,UTI Ultra Short to Short Term Fund - Discontinued - Quarterly Dividend Option,2392.4649
2026-09-28,102544,UTI Ultra Short to Short Term Fund - Regular Plan - Growth Option,3825.6635
2026-09-28,102545,UTI Ultra Short to Short Term Fund - Regular Plan - Bonus Option,3197.4406
2026-09-28,102573,Kotak Multi Asset Omni FOF - Payout of Income Distribution cum capital withdrawal option,246.163
2026-09-28,102574,Kotak Multi Asset Omni FOF - Growth- Regular,252.889
2026-09-28,102591,Kotak Ultra Short Term Fund -Growth,46.1278
2026-09-28,102592,Kotak Ultra Short Term Fund -Monthly Payout of Income Distribution cum capital withdrawal option,10.73
2026-09-28,102594,ICICI Prudential Value Fund (erstwhile Value Discovery Fund) - Growth,438.31
2026-09-28,102595,ICICI Prudential Value Fund (erstwhile Value Discovery Fund) - IDCW,33.15
2026-09-28,102672,Tata Liquid Fund -Regular Plan - Growth Option,4435.0790
2026-09-28,102673,Nippon India Floating Interest Rates  Fund - Growth Plan-Growth Option,48.2243
2026-09-28,102675,NIPPON INDIA FLOATING INTEREST RATES  FUND - MONTHLY IDCW Option,11.0970
2026-09-28,102676,NIPPON INDIA FLOATING INTEREST RATES FUND - DAILY IDCW REINVESTMENT Option,10.2288
2026-09-28,102677,NIPPON INDIA FLOATING INTEREST RATES  FUND - WEEKLY IDCW Option,10.2331
2026-09-28,102741,ICICI Prudential Medium Term Fund - Growth,48.5251
2026-09-28,102751,Nippon India Consumption Fund-Growth Plan-Growth Option,184.8828
2026-09-28,102752,Nippon India Consumption Fund-Growth Plan-Bonus Option,184.8828
2026-09-28,102753,NIPPON INDIA CONSUMPTION FUND - IDCW Option,33.4129
2026-09-28,102756,SBI FOCUSED FUND - REGULAR PLAN -GROWTH,384.8390
2026-09-28,102760,HDFC Focused Fund - GROWTH PLAN,224.843
2026-09-28,102761,HDFC Focused Fund - IDCW PLAN,22.86
2026-09-28,102765,SBI Focused Fund - Regular Plan - Income Distribution cum Capital Withdrawal Option (IDCW),70.3903
2026-09-28,102766,Aditya Birla Sun Life Dynamic Term Fund -Regular - Quarterly IDCW,10.7753
2026-09-28,102767,Aditya Birla Sun Life Dynamic Term Fund - Growth - Regular Plan,48.9500
2026-09-28,102823,SBI HEALTHCARE OPPORTUNITIES FUND - REGULAR PLAN -GROWTH,514.7099
2026-09-28,102846,Nippon India Balanced Advantage Fund-Growth Plan-Growth Option,178.7857
2026-09-28,102847,Nippon India Balanced Advantage Fund-Growth Plan-Bonus Option,178.7857
2026-09-28,102848,NIPPON INDIA BALANCED ADVANTAGE FUND - IDCW Option,30.4559
2026-09-28,102849,Nippon India Dynamic Term Fund-Growth Plan-Growth Option,39.1694
2026-09-28,102851,NIPPON INDIA DYNAMIC TERM FUND - IDCW Option,26.3461
2026-09-28,102860,SBI Money Market Fund - Regular Plan Weekly Income Distribution cum Capital Withdrawal Option (IDCW),16.2006
2026-09-28,102874,Kotak-Small Cap Fund - Payout of Income Distribution cum capital withdrawal option,118.808
2026-09-28,102875,Kotak-Small Cap Fund - Growth,272.328
2026-09-28,102883,Franklin India Large & Mid Cap Fund - Growth Plan,182.5846
2026-09-28,102884,Franklin India Large & Mid Cap Fund - IDCW,18.9433
2026-09-28,102885,SBI AGGRESIVE HYBRID FUND - REGULAR PLAN -Growth,304.9628
2026-09-28,102913,CANARA ROBECO ULTRA SHORT TO SHORT TERM FUND - REGULAR PLAN - GROWTH OPTION,45.3669
2026-09-28,102914,CANARA ROBECO ULTRA SHORT TO SHORT TERM FUND - REGULAR PLAN - IDCW (Payout/Reinvestment),37.7978
2026-09-28,102915,CANARA ROBECO ULTRA SHORT TO SHORT TERM FUND - REGULAR PLAN - WEEKLY IDCW (Payout/Reinvestment),10.2558
2026-09-28,102920,CANARA ROBECO LARGE AND MID CAP FUND - REGULAR PLAN - GROWTH OPTION,246.5200
2026-09-28,102921,CANARA ROBECO LARGE AND MID CAP FUND - REGULAR PLAN - IDCW (Payout/Reinvestment),80.0700
2026-09-28,102941,SBI MIDCAP FUND - REGULAR PLAN - GROWTH,233.1964
2026-09-28,102942,SBI Midcap Fund - Regular Plan - Income Distribution cum Capital Withdrawal Option (IDCW),95.2875
2026-09-28,102947,HDFC Aggressive Hybrid Fund - IDCW Plan,14.459
2026-09-28,102948,HDFC Aggressive Hybrid Fund - Growth Plan,110.456
2026-09-28,103024,SBI LARGE & MIDCAP FUND- REGULAR PLAN -Growth,619.0291
2026-09-28,103025,UTI Dividend Yield Fund - Regular Plan - IDCW,31.8968
2026-09-28,103026,UTI-Dividend Yield Fund.-Growth,169.471
2026-09-28,103034,SBI MNC FUND - REGULAR PLAN -GROWTH,402.0681
2026-09-28,103039,Kotak Contra Fund - Regular Plan - IDCW - Payout & Re-investment of Income Distribution cum capital withdrawal option,50.603
2026-09-28,103040,Kotak Contra Fund - Regular Plan - Growth,146.804
2026-09-28,103048,Nippon India Money Market Fund-Growth Plan-Growth Option,4489.4585
2026-09-28,103050,NIPPON INDIA MONEY MARKET FUND - DAILY IDCW Option,1006.3314
2026-09-28,103051,NIPPON INDIA MONEY MARKET FUND - WEEKLY IDCW Option,1007.1994
2026-09-28,103052,NIPPON INDIA MONEY MARKET FUND - MONTHLY IDCW Option,1025.2357
2026-09-28,103085,Nippon India Value Fund- Growth Plan,213.5387
2026-09-28,103086,NIPPON INDIA VALUE FUND - IDCW Option,39.6439
2026-09-28,103097,UTI Value Fund - Regular Plan - IDCW,46.1351
2026-09-28,103098,UTI Value Fund - Regular Plan - Growth Option,158.308
2026-09-28,103110,Aditya Birla Sun Life Consumption Fund -Regular - IDCW,34.62
2026-09-28,103111,Aditya Birla Sun Life Consumption Fund-Growth Option,199.54
2026-09-28,103114,SBI MNC Fund - Regular Plan - Income Distribution cum Capital Withdrawal Option (IDCW),122.8286
2026-09-28,103130,HDFC Multi Asset Allocation Fund - IDCW Option,16.624
2026-09-28,103131,HDFC Multi Asset Allocation Fund - Growth Option,73.046
2026-09-28,103140,SBI Overnight Fund - Regular Plan - Weekly Income Distribution cum Capital Withdrawal Option (IDCW),1416.3162
2026-09-28,103145,SBI COMMA Fund - REGULAR PLAN - Growth,114.2051
2026-09-28,103146,SBI Comma Fund - Regular Plan - Income Distribution cum Capital Withdrawal Option (IDCW),64.8238
2026-09-28,103149,ICICI Prudential Infrastructure Fund - Growth,195.52
2026-09-28,103150,ICICI Prudential Infrastructure Fund - IDCW,27.53
2026-09-28,103151,Franklin India Opportunities Fund - Growth,260.0501
2026-09-28,103154,Aditya Birla Sun Life Aggressive Hybrid Fund -Regular - IDCW,160.79
2026-09-28,103155,Aditya Birla Sun Life Aggressive Hybrid Fund - Regular Plan-Growth,1493.89
2026-09-28,103158,Tata Treasury Advantage Fund Regular Plan - Weekly Payout of IDCW Option,1008.1027
2026-09-28,103159,Tata Treasury Advantage Fund - Regular Plan - Growth Option,4230.7587
2026-09-28,103160,Tata Treasury Advantage Fund Regular Plan - Daily Reinvestment of IDCW Option,1003.2770
2026-09-28,103164,Aditya Birla Sun Life ELSS Tax Saver Fund-Regular - IDCW,180.75
2026-09-28,103165,Aditya Birla Sun Life Flexi Cap Fund -Regular - IDCW,162.51
2026-09-28,103166,Aditya Birla Sun Life Flexi Cap Fund - Growth - Regular Plan,1886.39
2026-09-28,103167,Aditya Birla Sun Life Digital India Fund -Regular - IDCW,34.74
2026-09-28,103168,Aditya Birla Sun Life Digital India Fund - Growth - Regular Plan,150.55
2026-09-28,103173,Aditya Birla Sun Life Large Cap Fund-Regular - IDCW,36.83
2026-09-28,103174,Aditya Birla Sun Life Large Cap Fund-Growth,494.88
2026-09-28,103178,Aditya Birla Sun Life Corporate Bond Fund - Growth - Regular Plan,119.1036
2026-09-28,103183,Aditya Birla Sun Life Corporate Bond Fund -REGULAR - MONTHLY IDCW,12.5051
2026-09-28,103192,Aditya Birla Sun Life Ultra Short to Short Term Fund -Regular- Growth Plan,701.4364
2026-09-28,103193,Aditya Birla Sun Life Ultra Short to Short Term Fund -REGULAR - WEEKLY IDCW,100.3968
2026-09-28,103196,Nippon India ELSS Tax Saver Fund-Growth Plan-Growth Option,126.1230
2026-09-28,103197,NIPPON INDIA ELSS TAX SAVER FUND - IDCW Option,32.7600
2026-09-28,103215,SBI Flexicap Fund - REGULAR PLAN -Growth Option,105.5179
2026-09-28,103216,SBI Flexicap Fund - Regular Plan - Income Distribution cum Capital Withdrawal Option (IDCW),47.2485
2026-09-28,103225,quant Liquid Fund - Growth Option - Regular Plan,44.2692
2026-09-28,103226,quant Liquid Fund-Daily IDCW Option - Regular Plan,12.6019
2026-09-28,103227,quant Liquid Fund - Weekly IDCW Option - Regular Plan,14.5242
2026-09-28,103228,quant Liquid Fund - Monthly IDCW Option - Regular Plan,15.2259
2026-09-28,103233,Kotak Large & Mid Cap Fund - IDCW-Regular,58.9
2026-09-28,103234,Kotak Large & Mid Cap Fund - Growth-Regular,337.608
2026-09-28,103308,Aditya Birla Sun Life Focused Fund -Regular - IDCW,22.3177
2026-09-28,103309,Aditya Birla Sun Life Focused Fund -Growth Option,140.5920
2026-09-28,103312,ICICI Prudential Exports & Services Fund - Growth,163.94
2026-09-28,103313,ICICI Prudential Exports & Services Fund - IDCW,33.75
2026-09-28,103338,Kotak ELSS Tax Saver Fund-Payout of Income Distribution cum capital withdrawal option,42.512
2026-09-28,103339,Kotak ELSS Tax Saver Fund-Growth,113.593
2026-09-28,103340,ICICI Prudential Liquid Fund - Growth,416.7548
2026-09-28,103342,ICICI Prudential Liquid Fund - Weekly IDCW,100.2385
2026-09-28,103343,ICICI Prudential Liquid Fund - Daily IDCW,100.1482
2026-09-28,103347,DSP Liquid Fund - Regular Plan - Growth,4022.6874
2026-09-28,103348,DSP Liquid Fund - Regular Plan - IDCW - Weekly,1001.8541
2026-09-28,103349,DSP Liquid Fund- Regular Plan - IDCW - Daily,1001.4663
2026-09-28,103360,Franklin India Small Cap Fund-Growth,173.9610
2026-09-28,103361,Franklin India Small Cap Fund - IDCW,43.4860
2026-09-28,103389,CANARA ROBECO INFRASTRUCTURE FUND - REGULAR PLAN - IDCW (Payout/Reinvestment),58.4200
2026-09-28,103390,CANARA ROBECO INFRASTRUCTURE FUND - REGULAR PLAN - GROWTH OPTION,160.2500
2026-09-28,103400,SBI Multi Asset Allocation Fund - Regular Plan - Monthly Income Distribution cum Capital Withdrawal Option (IDCW),29.3821
2026-09-28,103401,SBI Multi Asset Allocation Fund - Regular Plan - Quarterly Income Distribution cum Capital Withdrawal Option (IDCW),29.3535
2026-09-28,103408,SBI MULTI ASSET ALLOCATION FUND - REGULAR PLAN - GROWTH,65.7083
2026-09-28,103409,SBI Multi Asset Allocation Fund - Regular Plan - Annual Income Distribution cum Capital Withdrawal Option (IDCW),37.1569
2026-09-28,103475,Aditya Birla Sun Life Infrastructure Fund -  Regular - IDCW,27.11
2026-09-28,103476,Aditya Birla Sun Life Infrastructure Fund-Growth,106.28
2026-09-28,103490,Quantum Value Fund - Direct Plan Growth Option,119.11
2026-09-28,103491,Quantum Value Fund - Direct Plan IDCW,118.65
2026-09-28,103504,SBI Large Cap FUND-REGULAR PLAN GROWTH,89.3962
2026-09-28,103616,SBI Large Cap Fund - Regular Plan - Income Distribution cum Capital Withdrawal Option (IDCW),50.8560
2026-09-28,103633,ICICI Prudential Money Market Fund Option - Growth,410.5244
2026-09-28,103634,ICICI Prudential Money Market Fund Option - Daily IDCW,100.1295
2026-09-28,103635,ICICI Prudential Money Market Fund Option - Weekly IDCW,100.7834
2026-09-28,103678,Franklin India Dividend Yield Fund-Growth Plan,132.0841
2026-09-28,103679,Franklin India Dividend Yield Fund - IDCW,21.8212
2026-09-28,103734,Quantum Liquid Fund - Direct Plan Growth Option,37.8213
2026-09-28,103735,Quantum Liquid Fund - Direct Plan Monthly IDCW,10.0194
2026-09-28,103736,Quantum Liquid Fund - Direct Plan Daily IDCW,10.0106
2026-09-28,103743,Sundaram Consumption Fund (Formerly Known as Sundaram Rural and Consumption Fund Regular Plan - Income Distribution cum Capital Withdrawal (IDCW),24.1412
2026-09-28,103780,JM Arbitrage Fund (Regular) - Growth Option,34.8631
2026-09-28,103781,JM Arbitrage Fund (Regular) - IDCW,16.1812
2026-09-28,103819,DSP Large & Mid Cap Fund - Regular Plan - Growth,588.8780
2026-09-28,103820,DSP Large & Mid Cap Fund - Regular Plan - IDCW,34.4600
2026-09-28,103883,SBI ELSS Tax Saver Fund - Regular Plan - Income Distribution cum Capital Withdrawal Option (IDCW),82.8658
2026-09-28,103884,SBI Ultra Short Term Fund - Regular Plan - Weekly Income Distribution cum Capital Withdrawal Option (IDCW),1265.1293
2026-09-28,103885,Aditya Birla Sun Life Liquid Fund -Regular - IDCW,105.2371
2026-09-28,104074,UTI Arbitrage Fund - Regular Plan - IDCW,21.2641
2026-09-28,104075,UTI Arbitrage Fund - Regular Plan - Growth Option,37.6404
2026-09-28,104138,DSP Ultra Short Term Fund - Regular Plan - Growth,3658.1324
2026-09-28,104139,DSP Ultra Short Term Fund - Regular Plan - IDCW - Weekly Reinvest,1005.2372
2026-09-28,104140,DSP Ultra Short Term Fund - Regular Plan - IDCW - Daily Reinvest,1005.4914
2026-09-28,104457,SBI Arbitrage Fund - Regular Plan - Gr,36.3176
2026-09-28,104458,SBI Arbitrage Fund - Regular Plan - Income Distribution cum Capital Withdrawal Option (IDCW),19.0991
2026-09-28,104481,DSP Midcap Fund - Regular Plan - Growth,149.0890
2026-09-28,104482,DSP Midcap Fund - Regular Plan - IDCW,28.3980
2026-09-28,104484,Invesco India Liquid Fund - Daily IDCW (Reinvestment),1002.7594
2026-09-28,104485,Invesco India Liquid Fund - Weekly IDCW (Reinvestment),1018.586
2026-09-28,104486,Invesco India Liquid Fund - Growth,3872.3435
2026-09-28,104488,Invesco India Liquid Fund - Regular - Growth,3407.8413
2026-09-28,104489,Invesco India Liquid Fund - Regular - Weekly IDCW (Reinvestment),1004.0958
2026-09-28,104492,Invesco India Liquid Fund - Monthly IDCW (Payout / Reinvestment),1008.1749
2026-09-28,104513,quant Large & Mid Cap Fund - Growth Option,120.9058
2026-09-28,104514,quant Large & Mid Cap Fund - IDCW Option - Regular Plan,73.8007
2026-09-28,104523,SBI ESG Exclusionary Strategy Fund - Regular Plan - Growth,227.7221
2026-09-28,104559,CANARA ROBECO ULTRA SHORT TO SHORT TERM FUND - REGULAR PLAN - DAILY IDCW (Reinvestment),10.2558
2026-09-28,104635,Invesco India ELSS Tax Saver Fund - Regular Plan - IDCW Payout,24.08
2026-09-28,104636,Invesco India ELSS Tax Saver Fund - Regular Plan - Growth,123.02
2026-09-28,104637,Nippon India Focused Fund -Growth Plan -Growth Option,117.3489
2026-09-28,104638,NIPPON INDIA FOCUSED  FUND - IDCW OPTION,31.4165
2026-09-28,104681,ICICI Prudential Arbitrage Fund - IDCW,15.4746
2026-09-28,104683,ICICI Prudential Arbitrage Fund - Growth,36.8602
2026-09-28,104685,ICICI Prudential Balanced Advantage Fund - Growth,76.61
2026-09-28,104686,ICICI Prudential Balanced Advantage Fund - IDCW,17.88
2026-09-28,104722,Invesco India Ultra Short to Short Term Fund - Regular - Weekly IDCW (Reinvestment),1444.5545
2026-09-28,104723,Invesco India Ultra Short to Short Term Fund - Regular - Monthly IDCW (Reinvestment),1449.0429
2026-09-28,104725,Invesco India Ultra Short to Short Term Fund - Weekly IDCW (Payout / Reinvestment),1358.2754
2026-09-28,104726,Invesco India Ultra Short to Short Term Fund - Growth,4063.1562
2026-09-28,104728,Invesco India Ultra Short to Short Term Fund - Regular - Growth,3591.8556
2026-09-28,104729,Invesco India Ultra Short to Short Term Fund - Monthly IDCW (Payout / Reinvestment),1480.8005
2026-09-28,104772,DSP ELSS Tax Saver Fund - Regular Plan - Growth,131.6810
2026-09-28,104773,DSP ELSS Tax Saver Fund - Regular Plan - IDCW,20.3970
2026-09-28,104907,Kotak Mid Cap Fund - Regular Plan - IDCW -Payout & Re-investment of Income Distribution cum capital withdrawal option,76.644
2026-09-28,104908,Kotak Mid Cap Fund - Regular Plan - Growth,139.55
2026-09-28,105000,Sundaram Large and Midcap Regular Plan - Income Distribution cum Capital Withdrawal (IDCW),29.9496
2026-09-28,105001,Sundaram Large and Midcap Fund Regular Plan - Growth,88.7404
2026-09-28,105024,Invesco India Ultra Short to Short Term Fund - Regular Daily IDCW (Reinvestment),1786.4821
2026-09-28,105025,Invesco India Ultra Short to Short Term Fund - Daily IDCW (Reinvestment),1017.4825
2026-09-28,105067,Franklin India INDEX FUND- NSE NIFTY 50 INDEX FUND - IDCW,159.8028
2026-09-28,105080,SBI Ultra Short Term Fund - Regular Plan - Daily Income Distribution cum Capital Withdrawal Option (IDCW),2426.9326
2026-09-28,105185,Invesco India Short Term Fund - Regular Plan - Growth,3768.0052
2026-09-28,105187,Invesco India Short Term Fund - Plan B - Monthly IDCW (Payout / Reinvestment),2454.7689
2026-09-28,105189,Invesco India Short Term Fund - Plan B - Growth,3742.5282
2026-09-28,105190,Invesco India Short Term Fund - Regular Plan - Weekly IDCW (Reinvestment),1014.9781
2026-09-28,105191,Invesco India Short Term Fund - Regular Plan - Monthly IDCW (Payout / Reinvestment),1048.3266
2026-09-28,105192,Invesco India Short Term Fund - Plan B - Weekly IDCW (Reinvestment),1011.3531
2026-09-28,105274,SBI Liquid Fund - Institutional - Growth,4442.3093
2026-09-28,105275,SBI Liquid Fund - Institutional Daily Income Distribution cum Capital Withdrawal Option (IDCW),1427.1555
2026-09-28,105280,SBI Liquid Fund - REGULAR PLAN -Growth,4400.7049
2026-09-28,105281,SBI Liquid Fund - Regular Plan - Daily Income Distribution cum Capital Withdrawal Option (IDCW),1140.7391
2026-09-28,105282,SBI Liquid Fund - Regular Plan - Weekly Income Distribution cum Capital Withdrawal Option (IDCW),1379.2565
2026-09-28,105283,SBI Liquid Fund - Regular Plan - Fortnightly Income Distribution cum Capital Withdrawal Option (IDCW),1444.2290
2026-09-28,105417,Taurus Infrastructure Fund - Regular Plan - Growth,59.41
2026-09-28,105418,Taurus Infrastructure Fund - Regular Plan - Payout of Income Distribution cum Capital Withdrawal option,55.80
2026-09-28,105459,Invesco India Contra Fund - Regular Plan - IDCW (Payout / Reinvestment),47.48
2026-09-28,105460,Invesco India Contra Fund - Regular Plan - Growth,129.6
2026-09-28,105463,UTI GOLD Exchange Traded Fund,123.4106
2026-09-28,105503,Invesco India Mid Cap Fund - Regular Plan - Growth Option,192.55
2026-09-28,105504,Invesco India Mid Cap Fund - Regular Plan - IDCW (Payout / Reinvestment),60.01
2026-09-28,105543,HDFC Ultra Short to Short Term Fund - Monthly IDCW,10.1731
2026-09-28,105548,HDFC Ultra Short to Short Term Fund - Daily IDCW,10.1365
2026-09-28,105578,UTI Ultra Short to Short Term Fund - Discontinued - Periodic Dividend Plan,1077.4771
2026-09-28,105603,Invesco India Arbitrage Fund - Regular Plan - Growth Option,34.3003
2026-09-28,105604,Invesco India Arbitrage Fund - Regular Plan - IDCW (Payout / Reinvestment),18.3055
2026-09-28,105605,UTI Ultra Short to Short Term Fund - Regular Plan - Daily IDCW (Reinvestment),1474.4935
2026-09-28,105627,UTI Ultra Short to Short Term Fund - Regular Plan - Weekly IDCW,1478.2238
2026-09-28,105628,SBI ELSS Tax Saver FUND - REGULAR PLAN- GROWTH,408.7289
2026-09-28,105637,JM Dynamic Term Fund (Regular) - Weekly IDCW,10.4988
2026-09-28,105639,JM Dynamic Term Fund (Regular) - Daily IDCW,9.9996
2026-09-28,105658,UTI Ultra Short to Short Term Fund - Regular Plan - Monthly IDCW,1504.0141
2026-09-28,105659,UTI Ultra Short to Short Term Fund - Discontinued Flexi Dividend Plan,1088.3355
2026-09-28,105667,DSP Dynamic Term Fund - Regular Plan - IDCW - Monthly,1054.7830
2026-09-28,105668,DSP Dynamic Term Fund - Regular Plan - IDCW,1257.3610
2026-09-28,105669,DSP Dynamic Term Fund - Regular Plan - Growth,3407.1529
2026-09-28,105670,UTI Ultra Short to Short Term Fund - Discontinued Monthly Dividend Option,1012.9418
2026-09-28,105689,Nippon India Interval Fund-Quarterly Interval Fund Series-II-Growth Option,38.6372
2026-09-28,105692,NIPPON INDIA QUARTERLY INTERVAL FUND - SERIES II - IDCW Option,13.5480
2026-09-28,105757,HDFC Mid Cap Fund - IDCW Plan,50.477
2026-09-28,105758,HDFC Mid Cap Fund - Growth Plan,201.193
2026-09-28,105804,Aditya Birla Sun Life Small Cap Fund - GROWTH,98.4615
2026-09-28,105805,Aditya Birla Sun Life Small Cap Fund -Regular - IDCW,37.9003
2026-09-28,105816,Franklin India Focused Equity Fund - IDCW,29.3173
2026-09-28,105817,Franklin India Focused Equity Fund - Growth Plan,95.0850
2026-09-28,105822,LIC MF Banking & PSU Debt Fund-Regular Plan-Daily IDCW,11.8525
2026-09-28,105823,LIC MF Banking & PSU Debt Fund-Regular Plan-Growth,36.9422
2026-09-28,105856,LIC MF Banking & PSU Debt Fund-Regular Plan-Monthly IDCW,13.8261
2026-09-28,105857,LIC MF Banking & PSU Debt Fund-Regular Plan-Weekly IDCW,10.3681
2026-09-28,105875,DSP Flexi Cap Fund - Regular Plan - Growth,99.3030
2026-09-28,105878,DSP Dynamic Term Fund - Regular Plan - IDCW - Weekly,1033.0445
2026-09-28,105887,Aditya Birla Sun Life Ultra Short Term Fund-Regular - weekly IDCW,100.4688
2026-09-28,105888,Aditya Birla Sun Life Ultra Short Term Fund-Regular - DAILY IDCW,100.0350
2026-09-28,105967,Kotak Arbitrage Fund - Regular Plan - IDCW - Payout & Re-investment of Income Distribution cum capital withdrawal option,10.7172
2026-09-28,105968,Kotak Arbitrage Fund - Regular Plan - Growth,40.2665
2026-09-28,105989,DSP Small Cap Fund - Regular - Growth,228.4020
2026-09-28,106095,SBI Infrastructure Fund - Regular Plan - Income Distribution cum Capital Withdrawal Option (IDCW),42.9268
2026-09-28,106096,SBI INFRASTRUCTURE FUND -  REGULAR PLAN - GROWTH,48.2551
2026-09-28,106143,Invesco India Large & Mid Cap Fund - Regular Plan - IDCW (Payout / Reinvestment),43.2
2026-09-28,106144,Invesco India Large & Mid Cap Fund - Regular Plan - Growth,106.79
2026-09-28,106166,CANARA ROBECO AGGRESSIVE HYBRID FUND - REGULAR PLAN - GROWTH OPTION,356.0500
2026-09-28,106167,CANARA ROBECO AGGRESSIVE HYBRID FUND - REGULAR PLAN - MONTHLY IDCW (Payout/Reinvestment),87.5800
2026-09-28,106168,JM Value Fund (Regular) - IDCW,66.2352
2026-09-28,106169,quant Infrastructure Fund - IDCW Option - Regular Plan,39.9142
2026-09-28,106170,quant Infrastructure Fund - Growth Option,40.0037
2026-09-28,106171,Invesco India Corporate Bond Fund - Regular Plan - Monthly IDCW (Payout / Reinvestment),1922.8817
2026-09-28,106172,Invesco India Corporate Bond Fund - Regular Plan - Quarterly IDCW (Payout / Reinvestment),1154.9414
2026-09-28,106177,Invesco India Corporate Bond Fund - Regular Plan - Growth,3354.821
2026-09-28,106179,Invesco India Corporate Bond Fund - Regular Plan - Annual IDCW (Payout / Reinvestment),1335.496
2026-09-28,106183,UTI Annual Interval Fund - I - Regular Plan - Growth Option,36.5907
2026-09-28,106185,UTI Annual Interval Fund - I - ( Instn Growth Option ),38.0621
2026-09-28,106186,UTI Annual Interval Fund - I - Regular Plan - IDCW,10.9827
2026-09-28,106193,KOTAK GOLD ETF,122.4099
2026-09-28,106212,SBI Ultra Short to Short Term Fund - Regular Plan - Growth,3739.9077
2026-09-28,106213,SBI Ultra Short to Short Term Fund - Regular Plan - Daily Income Distribution cum Capital Withdrawal Option (IDCW),1456.7472
2026-09-28,106214,SBI Ultra Short to Short Term Fund - Regular Plan - Weekly Income Distribution cum Capital Withdrawal Option (IDCW),1456.7336
2026-09-28,106215,SBI Ultra Short to Short Term Fund - Regular Plan - Fornightly Income Distribution cum Capital Withdrawal Option (IDCW),1482.2463
2026-09-28,106216,SBI Ultra Short to Short Term Fund - Regular Plan - Monthly Income Distribution cum Capital Withdrawal Option (IDCW),1640.2747
2026-09-28,106217,SBI Ultra Short to Short Term Fund - Ultra Short Term Fund - Institutional Plan - Growth,3805.8640
2026-09-28,106221,SBI Ultra Short to Short Term Fund - Ultra Short Term Fund - Institutional Plan - Daily Income Distribution cum Capital Withdrawal Option (IDCW),1457.0902
2026-09-28,106222,SBI Ultra Short to Short Term Fund - Ultra Short Term Fund- Institutional Plan - Weekly Income Distribution cum Capital Withdrawal Option (IDCW),1453.4730
2026-09-28,106227,SBI SHORT TERM FUND-SHORT TERM FUND - RETAIL - GROWTH,38.5804
2026-09-28,106228,SBI Short Term Fund - Short Term Fund - Retail Dividend - Weekly Income Distribution cum Capital Withdrawal Option (IDCW),16.0038
2026-09-28,106229,SBI Short Term Fund - Short Term Fund - Retail Dividend - Monthly Income Distribution cum Capital Withdrawal Option (IDCW),17.6709
2026-09-28,106230,SBI Short Term Fund - Short Term Fund - Retail Dividend - Fortnightly Income Distribution cum Capital Withdrawal Option (IDCW),16.0280
2026-09-28,106231,SBI SHORT TERM FUND - REGULAR PLAN -GROWTH,34.0991
2026-09-28,106232,SBI Short Term Fund - Regular Plan Weekly Income Distribution cum Capital Withdrawal Option (IDCW),15.4608
2026-09-28,106233,SBI Short Term Fund - Regular Plan - Monthly Income Distribution cum Capital Withdrawal Option (IDCW),18.8520
2026-09-28,106234,SBI Short Term Fund - Regular Plan Fortnightly Income Distribution cum Capital Withdrawal Option (IDCW),15.4455
2026-09-28,106235,Nippon India Large Cap  Fund- Growth Plan -Growth Option,85.4766
2026-09-28,106236,NIPPON INDIA LARGE CAP FUND - IDCW Option,24.9907
2026-09-28,106240,Nippon India Large Cap Fund- Growth Plan Bonus Option,85.4766
2026-09-28,106260,NIPPON INDIA GROWTH MID CAP FUND - INSTITUTIONAL Plan - IDCW Option,1329.7409
2026-09-28,106316,Invesco India Balanced Advantage Fund - Regular Plan - IDCW (Payout / Reinvestment),16.73
2026-09-28,106317,Invesco India Balanced Advantage Fund - Regular Plan - Growth,51.41
2026-09-28,106369,Sundaram Global Brand Theme-Equity Active FOF - Regular IDCW,34.7885
2026-09-28,106370,Sundaram Global Brand Theme-Equity Active FOF - Regular Growth,43.0347
2026-09-28,106383,UTI Short Term Fund - Discontinued Regular Option - Dividend Sub Option,25.0575
2026-09-28,106384,UTI Short Term Fund - Discontinued Regular Option -Growth Sub Option,47.3991
2026-09-28,106425,UTI India Consumer Fund - Regular Plan - Growth Option,55.447
2026-09-28,106426,UTI India Consumer Fund - Regular Plan - IDCW,48.4683
2026-09-28,106441,Kotak Global Emerging Market Overseas Equity Active FOF- Growth,40.028
2026-09-28,106442,Kotak Global Emerging Market Overseas Equity Active FOF - Payout of Income Distribution cum capital withdrawal option,40.031
2026-09-28,106596,DSP World Gold Mining Overseas Equity Omni FoF - Regular Plan - IDCW,35.6280
2026-09-28,106597,DSP World Gold Mining Overseas Equity Omni FoF - Regular Plan - Growth,58.8136
2026-09-28,106624,UTI Short Term Fund - Regular Plan - Growth Option,33.6721
2026-09-28,106653,Invesco India Infrastructure Fund - Regular Plan - IDCW (Payout / Reinvestment),42.19
2026-09-28,106654,Invesco India Infrastructure Fund - Regular Plan - Growth Option,65.63
2026-09-28,106793,HDFC ARBITRAGE FUND - Regular Plan -Growth Option,32.914
2026-09-28,106822,ICICI Prudential Small Cap Fund - IDCW,33.78
2026-09-28,106823,ICICI Prudential Small Cap Fund - Growth,90.98
2026-09-28,106838,HDFC Floating Interest Rates Fund - Daily IDCW Option,10.0611
2026-09-28,106839,HDFC Floating Interest Rates Fund - Monthly IDCW Option,10.1598
2026-09-28,106840,HDFC Floating Interest Rates Fund - Weekly IDCW Option,10.0219
2026-09-28,106841,HDFC Floating Interest Rates Fund - Growth Option,53.6222
2026-09-28,106871,LIC MF Large Cap Fund-Regular Plan-Growth,51.6324
2026-09-28,106872,Aditya Birla Sun Life International Equity Fund - Regular - IDCW,22.6970
2026-09-28,106873,Aditya Birla Sun Life International Equity Fund - Growth - Regular Plan,53.2608
2026-09-28,106929,Kotak Nifty PSU Bank ETF,80.3427
2026-09-28,106978,Franklin Asian Equity Fund - IDCW,21.1682
2026-09-28,106979,Franklin Asian Equity Fund - Growth Plan,44.8461
2026-09-28,106980,UTI Short Term Fund - Regular Plan - Discontinued Quarterly IDCW,17.4243
2026-09-28,107287,JM ELSS - Tax Saver Fund (Regular) - IDCW,51.2929
2026-09-28,107288,JM ELSS - Tax Saver Fund (Regular) - Growth option,51.2937
2026-09-28,107352,Invesco India Multi Cap Fund - Regular Plan - IDCW (Payout / Reinvestment),116.1
2026-09-28,107353,Invesco India Multi Cap Fund - Regular Plan - Growth Option,128.04
2026-09-28,107409,JM Focused Fund (Regular) - IDCW,19.5409
2026-09-28,107410,JM Focused Fund (Regular) - Growth Option,19.5416
2026-09-28,107471,Invesco India Gilt Fund - Regular Plan - Monthly IDCW (Reinvestment),1615.4542
2026-09-28,107472,Invesco India Gilt Fund - Regular Plan - Quarterly IDCW (Payout / Reinvestment),1307.622
2026-09-28,107476,Invesco India Gilt Fund - Regular Plan - Annual IDCW (Payout / Reinvestment),1154.4346
2026-09-28,107477,Invesco India Gilt Fund - Regular Plan - Growth,2867.982
2026-09-28,107524,HDFC Infrastructure Fund - Growth Plan,45.249
2026-09-28,107525,HDFC Infrastructure Fund - IDCW Plan,19.406
2026-09-28,107578,Mirae Asset Large Cap Fund - Regular Plan - Growth,106.610
2026-09-28,107579,Mirae Asset Large Cap Fund - Regular Plan - IDCW,27.306
2026-09-28,107693,Quantum Gold ETF,121.5172
2026-09-28,107700,Mirae Asset Ultra Short to Short Term Fund - Regular Plan - Daily IDCW,1004.6020
2026-09-28,107701,Mirae Asset Ultra Short to Short Term Fund - Regular Plan - Weekly IDCW,1106.0168
2026-09-28,107702,Mirae Asset Ultra Short to Short Term Fund - Regular Plan - Quarterly IDCW,1011.0613
2026-09-28,107704,Mirae Asset Ultra Short to Short Term Fund - Regular Plan - Monthly IDCW,1087.0457
2026-09-28,107705,Mirae Asset Ultra Short to Short Term Fund - Regular Plan - Growth,2422.5734
2026-09-28,107745,Aditya Birla Sun Life ELSS Tax Saver Fund - Growth Option,58.91
2026-09-28,107763,LIC MF Infrastructure Fund-Regular Plan-Growth,53.5955
2026-09-28,107764,LIC MF Infrastructure Fund-Regular Plan-IDCW,53.597
2026-09-28,107988,HSBC Global Emerging Markets Fund - Growth,34.5629
2026-09-28,107989,HSBC Global Emerging Markets Fund - IDCW,24.3837
2026-09-28,108166,Aditya Birla Sun Life Value Fund - Regular - IDCW,41.0278
2026-09-28,108167,Aditya Birla Sun Life Value Fund - Growth Option,134.1251
2026-09-28,108202,DSP Natural Resources And New Energy Fund - Regular - Growth,105.7580
2026-09-28,108203,DSP Natural Resources And New Energy Fund - Regular Plan - IDCW,31.0740
2026-09-28,108249,Nippon India Quant Fund -Growth Plan - Growth Option,69.7050
2026-09-28,108252,NIPPON INDIA QUANT FUND - IDCW Option,37.1592
2026-09-28,108258,Nippon India Quant Fund -Growth Plan -Bonus Option,69.7050
2026-09-28,108272,Aditya Birla Sun Life Banking & PSU Debt Fund  - REGULAR - IDCW,149.4838
2026-09-28,108273,Aditya Birla Sun Life Banking & PSU Debt Fund - Regular Plan-Growth,387.2458
2026-09-28,108274,Aditya Birla Sun Life Banking & PSU Debt Fund  - REGULAR - Quarterly IDCW,101.2045
2026-09-28,108377,Invesco India Financial Services Fund - Regular Plan -  IDCW (Payout / Reinvestment),70.65
2026-09-28,108378,Invesco India Financial Services Fund - Regular Plan - Growth,138.54
2026-09-28,108402,Taurus ELSS Tax Saver Fund - Regular Plan - Payout of Income Distribution cum Capital Withdrawal option,84.73
2026-09-28,108403,Taurus Large Cap Fund - Regular Plan - Payout of Income Distribution cum Capital Withdrawal option,62.91
2026-09-28,108465,ICICI Prudential Large Cap Fund (erstwhile Bluechip Fund)  - IDCW,27.77
2026-09-28,108466,ICICI Prudential Large Cap Fund (erstwhile Bluechip Fund)  - Growth,103.00
2026-09-28,108479,Quantum Nifty 50 ETF,251.0168
2026-09-28,108511,Kotak Dynamic Term Fund Regular Plan Growth,39.5257
2026-09-28,108544,Bandhan Income Plus Arbitrage Active FOF - Regular Plan - Quarterly IDCW,12.9286
2026-09-28,108545,Bandhan Income Plus Arbitrage Active FOF - Regular Plan - Growth,46.7912
2026-09-28,108546,Bandhan Income Plus Arbitrage Active FOF - Regular Plan - Half Yearly IDCW,13.2547
2026-09-28,108547,Bandhan Income Plus Arbitrage Active FOF - Regular Plan - Annual IDCW,14.8526
2026-09-28,108557,Bandhan Gilt Fund - Regular Plan - Quarterly IDCW,11.9602
2026-09-28,108558,Bandhan Gilt Fund - Regular - Plan B - Half Yearly IDCW,11.6823
2026-09-28,108559,Bandhan Gilt Fund - Regular Plan - Annual IDCW,11.5661
2026-09-28,108561,BANDHAN Dynamic Term Fund - Regular Plan B - Quarterly IDCW,11.6204
2026-09-28,108592,Bandhan Focused Fund - Regular Plan - Growth,89.830
2026-09-28,108593,Bandhan Focused Fund - Regular Plan - IDCW,19.237
2026-09-28,108594,BANDHAN Flexi Cap Fund - Regular Plan - Growth,201.613
2026-09-28,108595,BANDHAN Flexi Cap Fund - Regular Plan - IDCW,45.124
2026-09-28,108596,Bandhan Large & Mid Cap Fund - Regular Plan - Growth,136.829
2026-09-28,108597,Bandhan Large & Mid Cap Fund - Regular Plan - IDCW,27.061
2026-09-28,108632,BANDHAN Ultra Short to Short Term Fund - Regular Plan - Growth,41.4330
2026-09-28,108633,BANDHAN Ultra Short to Short Term Fund - Regular Plan - Daily IDCW,10.0976
2026-09-28,108634,BANDHAN Ultra Short to Short Term Fund - Regular Plan - Weekly IDCW,10.1120
2026-09-28,108635,BANDHAN Ultra Short to Short Term Fund - Regular Plan - Monthly IDCW,10.1455
2026-09-28,108644,Bandhan 10 year Constant Maturity Gilt Fund - Regular Plan - Monthly IDCW,10.2656
2026-09-28,108646,Bandhan 10 year Constant Maturity Gilt Fund - Regular Plan - Quarterly IDCW,11.4555
2026-09-28,108650,BANDHAN Money Market Fund - Regular Plan - Daily IDCW,10.0994
2026-09-28,108675,BANDHAN Dynamic Term Fund - Regular Plan B - Annual IDCW,11.5821
2026-09-28,108690,BANDHAN LIQUID Fund - Regular Plan - Growth,3398.7518
2026-09-28,108691,BANDHAN LIQUID Fund - Regular Plan - Weekly IDCW,1001.8345
2026-09-28,108692,BANDHAN LIQUID Fund - Regular Plan - Daily IDCW,1001.4161
2026-09-28,108693,BANDHAN LIQUID Fund - Regular Plan - Monthly IDCW,1005.6376
2026-09-28,108701,Bandhan Money Market Fund - Regular Plan - Weekly IDCW,10.1246
2026-09-28,108713,Bandhan Short Term Fund - Regular Plan - Fortnightly IDCW,10.4039
2026-09-28,108727,Bandhan Medium Term Fund - Regular Plan - Monthly IDCW,10.2462
2026-09-28,108728,Bandhan Medium Term Fund - Regular Plan - Growth,48.5178
2026-09-28,108729,Bandhan Medium Term Fund - Regular Plan - Fortnightly IDCW,10.2510
2026-09-28,108730,Bandhan Medium Term Fund - Regular Plan - Bi-Monthly IDCW,10.2946
2026-09-28,108731,Bandhan Medium Term Fund - Regular Plan - Daily IDCW,10.2631
2026-09-28,108753,Bandhan 10 year Constant Maturity Gilt Fund - Regular Plan - Growth,47.8192
2026-09-28,108756,BANDHAN Money Market Fund - Regular Plan - Growth,43.5933
2026-09-28,108757,BANDHAN Money Market Fund - Regular Plan - Monthly IDCW,10.3038
2026-09-28,108763,Bandhan Medium to Long Term Fund - Regular Plan - Half-yearly IDCW,12.1940
2026-09-28,108764,Bandhan Medium to Long Term Fund - Regular Plan - Quarterly IDCW,12.1615
2026-09-28,108765,Bandhan Medium to Long Term Fund - Regular Plan - Growth,67.8623
2026-09-28,108766,Bandhan Medium to Long Term Fund - Regular Plan - Annual IDCW,11.9467
2026-09-28,108767,Bandhan Short Term Fund - Regular Plan - Monthly IDCW,10.3816
2026-09-28,108768,Bandhan Short Term Fund - Regular Plan - Growth,61.1560
2026-09-28,108799,BANDHAN Large Cap Fund - Regular Plan - Growth,74.931
2026-09-28,108800,BANDHAN Large Cap Fund - Regular Plan - IDCW,20.654
2026-09-28,108845,BANDHAN Arbitrage Fund - Regular Plan - Growth,34.7154
2026-09-28,108847,BANDHAN Arbitrage Fund - Regular Plan - Monthly IDCW,10.7293
2026-09-28,108908,Bandhan Value Fund - Regular Plan - IDCW,35.520
2026-09-28,108909,Bandhan Value Fund - Regular Plan - Growth,142.106
2026-09-28,108992,BANDHAN Equity Savings Fund - Regular Plan - Monthly IDCW,10.759
2026-09-28,108995,BANDHAN Equity Savings Fund - Regular Plan - Growth,32.277
2026-09-28,109010,Kotak BSE Sensex ETF,79.9013
2026-09-28,109058,Sundaram Financial Services Opportunities Fund Regular Plan - Income Distribution cum Capital Withdrawal (IDCW),27.7050
2026-09-28,109059,Sundaram Financial Services Opportunities Fund Regular Plan - Growth,103.3780
2026-09-28,109254,BANK OF INDIA Liquid Fund- Regular Plan- Growth,3245.8275
2026-09-28,109255,BANK OF INDIA Liquid Fund- Regular Plan- Weekly IDCW,1005.0000
2026-09-28,109264,BANK OF INDIA Ultra Short Term Fund- Regular Plan- Weekly IDCW,1005.6204
2026-09-28,109269,BANK OF INDIA Ultra Short Term Fund- Regular Plan- Growth,3396.3291
2026-09-28,109274,quant Focused Fund - IDCW Option - Regular Plan,66.5431
2026-09-28,109275,quant Focused Fund - Growth Option - Regular Plan,89.4938
2026-09-28,109349,CANARA ROBECO LIQUID FUND - REGULAR PLAN - DAILY IDCW (Reinvestment),1005.5000
2026-09-28,109350,CANARA ROBECO LIQUID FUND - REGULAR PLAN - WEEKLY IDCW (Payout/Reinvestment),1000.7849
2026-09-28,109351,CANARA ROBECO LIQUID FUND - REGULAR PLAN - MONTHLY IDCW (Payout/Reinvestment),1005.5298
2026-09-28,109353,CANARA ROBECO LIQUID FUND - REGULAR PLAN - GROWTH OPTION,3389.5470
2026-09-28,109366,CANARA ROBECO ULTRA SHORT TERM FUND - REGULAR PLAN - WEEKLY IDCW (Payout/Reinvestment),1240.9677
2026-09-28,109370,CANARA ROBECO ULTRA SHORT TERM FUND - REGULAR PLAN - MONTHLY IDCW (Payout/Reinvestment),1005.7239
2026-09-28,109371,CANARA ROBECO ULTRA SHORT TERM FUND - REGULAR PLAN - GROWTH OPTION,4079.1833
2026-09-28,109372,CANARA ROBECO ULTRA SHORT TERM FUND - REGULAR PLAN - DAILY IDCW (Reinvestment),1240.7100
2026-09-28,109445,ICICI Prudential Banking and Financial Services Fund -  Growth,125.97
2026-09-28,109446,ICICI Prudential Banking and Financial Services Fund -  IDCW,24.04
2026-09-28,109472,NIPPON INDIA CORPORATE BOND FUND - DAILY IDCW Option,17.0371
2026-09-28,109473,NIPPON INDIA CORPORATE BOND FUND - WEEKLY IDCW Option,17.0418
2026-09-28,109501,UTI Ultra Short Term Fund - Regular Plan - Daily IDCW (Reinvestment),1053.0836
2026-09-28,109522,JM Flexi Cap Fund (Regular) - Growth option,97.2424
2026-09-28,109523,JM Flexi Cap Fund (Regular) - IDCW,74.9328
2026-09-28,109716,Nippon India Gilt  Fund -P F Option-Automatic Annual Reinvest Option,32.5364
2026-09-28,109717,Nippon India Gilt  Fund - Institutional Plan-Growth Plan -Growth Option,39.5757
2026-09-28,109720,Nippon India Gilt  Fund -Growth Plan - Growth Option,38.8003
2026-09-28,109721,Nippon India Gilt  Fund -P F Option-Defined Maturity Date Option,38.8003
2026-09-28,109723,NIPPON INDIA GILT  FUND - MONTHLY IDCW Option,10.6603
2026-09-28,109724,Nippon India Gilt  Fund-P F Option-Automatic Capital Appreciation Payout Option,38.8003
2026-09-28,109740,ICICI Prudential Medium to Long Term Fund - Growth,41.9431
2026-09-28,109741,ICICI Prudential Medium to Long Term Fund - IDCW Monthly,11.2143
2026-09-28,109743,ICICI Prudential Medium to Long Term Fund - IDCW Quarterly,11.4143
2026-09-28,109830,quant Flexi Cap Fund - Growth Option - Regular Plan,105.1448
2026-09-28,109831,quant Flexi Cap Fund - IDCW Option - Regular Plan,75.1489
2026-09-28,110282,Aditya Birla Sun Life Banking & PSU Debt Fund  - REGULAR - MONTHLY IDCW,111.5590
2026-09-28,110598,BANK OF INDIA Large & Mid Cap Fund Regular Plan- Quarterly IDCW,32.72
2026-09-28,110599,BANK OF INDIA Large & Mid Cap Fund Eco Plan- Growth,99.62
2026-09-28,110601,BANK OF INDIA Large & Mid Cap Fund Eco Plan-Bonus,99.62
2026-09-28,110603,BANK OF INDIA Large & Mid Cap Fund Regular Plan- Growth,89.84
2026-09-28,110604,BANK OF INDIA Large & Mid Cap Fund Eco Plan-Quarterly IDCW,28.10
2026-09-28,110606,BANK OF INDIA Large & Mid Cap Fund Regular Plan-Bonus,89.83
2026-09-28,110607,BANK OF INDIA Large & Mid Cap Fund Regular Plan- Regular IDCW,26.81
2026-09-28,110608,BANK OF INDIA Large & Mid Cap Fund Eco Plan-Regular IDCW,27.89
2026-09-28,111343,Bandhan 10 year Constant Maturity Gilt Fund - Regular Plan - Weekly IDCW,10.1162
2026-09-28,111521,Aditya Birla Sun Life Dynamic Term Fund -REGULAR - MONTHLY IDCW,10.6170
2026-09-28,111523,BANDHAN Dynamic Term Fund - Regular Plan B - IDCW,13.6891
2026-09-28,111524,BANDHAN Dynamic Term Fund - Regular Plan B - Growth,35.8014
2026-09-28,111525,Bandhan Gilt Fund - Regular Plan - Growth,37.4817
2026-09-28,111527,Bandhan Gilt Fund - Regular Plan - IDCW,14.1251
2026-09-28,111545,ICICI Prudential Floating Interest Rates Fund - Weekly IDCW,102.0894
2026-09-28,111549,Quantum ELSS Tax Saver Fund - Direct Plan Growth Option,119.05
2026-09-28,111550,Quantum ELSS Tax Saver Fund - Direct Plan IDCW,117.83
2026-09-28,111569,BANDHAN ELSS - Tax Saver Fund - Regular Plan - Growth,148.836
2026-09-28,111570,BANDHAN ELSS - Tax Saver Fund - Regular Plan - IDCW,30.061
2026-09-28,111585,BANK OF INDIA Short Term Fund-Regular Plan- Growth,28.3761
2026-09-28,111589,BANK OF INDIA Short Term Fund-Regular Plan- Monthly IDCW,14.5613
2026-09-28,111590,BANK OF INDIA Short Term Fund-Regular Plan- Quarterly IDCW,14.3495
2026-09-28,111599,UTI Multi Asset Allocation Fund - Regular Plan - Growth Option,76.1833
2026-09-28,111602,UTI Multi Asset Allocation Fund - Regular Plan - IDCW,28.4966
2026-09-28,111638,Edelweiss ELSS Tax Saver Fund - Regular Plan - Growth Option,109.98
2026-09-28,111639,Edelweiss ELSS Tax Saver Fund - Regular Plan - IDCW Option,29.44
2026-09-28,111640,Taurus Flexi Cap Fund - Regular Plan - Payout of Income Distribution cum Capital Withdrawal option,112.35
2026-09-28,111642,Taurus Mid Cap Fund - Regular Plan - Payout of Income Distribution cum Capital Withdrawal option,100.48
2026-09-28,111644,Mirae Asset Liquid Fund - Regular Plan - Weekly IDCW,1153.0639
2026-09-28,111645,Mirae Asset Liquid Fund - Regular Plan - Monthly IDCW,1152.7475
2026-09-28,111646,Mirae Asset Liquid Fund - Regular Plan - Growth,2951.0570
2026-09-28,111647,Mirae Asset Liquid Fund - Regular Plan - Daily IDCW,1066.4347
2026-09-28,111675,LIC MF Ultra Short to Short Term Fund-Regular Plan-Weekly IDCW,14.5745
2026-09-28,111676,LIC MF Ultra Short to Short Term Fund-Regular Plan-Daily IDCW,11.2188
2026-09-28,111704,Baroda BNP Paribas LIQUID FUND - Regular Plan - GROWTH OPTION,3236.2072
2026-09-28,111705,Baroda BNP Paribas LIQUID FUND - Regular Plan - WEEKLY IDCW OPTION,1001.1279
2026-09-28,111707,Baroda BNP Paribas LIQUID FUND - Regular Plan - DAILY IDCW OPTION,1001.1996
2026-09-28,111708,BANK OF INDIA ELSS Tax Saver FUND -Regular Plan-IDCW,31.13
2026-09-28,111709,BANK OF INDIA ELSS Tax Saver FUND -ECO Plan-Growth,175.43
2026-09-28,111710,BANK OF INDIA ELSS Tax Saver FUND  -Regular Plan- Growth,161.62
2026-09-28,111711,BANK OF INDIA ELSS Tax Saver FUND -ECO Plan-IDCW,29.12
2026-09-28,111712,BANK OF INDIA Conservative Hybrid Fund-Regular Plan-Growth,34.9040
2026-09-28,111713,BANK OF INDIA Conservative Hybrid Fund-Regular Plan-Quarterly IDCW,18.6253
2026-09-28,111714,BANK OF INDIA Conservative Hybrid Fund-Regular Plan-Annual IDCW,16.9438
2026-09-28,111715,BANK OF INDIA Conservative Hybrid Fund-ECO Plan-Growth,36.2871
2026-09-28,111716,BANK OF INDIA Conservative Hybrid Fund-Regular Plan-Monthly IDCW,17.9701
2026-09-28,111717,BANK OF INDIA Conservative Hybrid Fund-ECO Plan-Monthly IDCW,27.4882
2026-09-28,111722,CANARA ROBECO ELSS - TAX SAVER FUND - REGULAR PLAN - GROWTH OPTION,170.8300
2026-09-28,111743,Nippon India Ultra Short to Short Term  Fund - Retail Plan - Growth Plan -Bonus Option,2855.3357
2026-09-28,111744,NIPPON INDIA ULTRA SHORT TO SHORT TERM  FUND - RETAIL Plan - DAILY IDCW Option,1011.6709
2026-09-28,111745,NIPPON INDIA ULTRA SHORT TO SHORT TERM FUND - RETAIL Plan - WEEKLY IDCW Option,1012.0221
2026-09-28,111746,Nippon India Ultra Short to Short Term  Fund -Growth Plan -Bonus Option,2334.8521
2026-09-28,111747,NIPPON INDIA ULTRA SHORT To SHORT TERM FUND - DAILY IDCW Option,1011.6442
2026-09-28,111748,Nippon India Ultra Short to Short Term  Fund - Retail Plan - Growth Plan - Growth Option,3832.7986
2026-09-28,111749,NIPPON INDIA ULTRA SHORT TO SHORT TERM  FUND - MONTHLY IDCW Option,1029.7275
2026-09-28,111750,NIPPON INDIA ULTRA SHORT TO SHORT TERM  FUND - QUARTERLY IDCW Option,1014.6339
2026-09-28,111751,NIPPON ULTRA SHORT TO SHORT TERM  FUND - RETAIL Plan - MONTHLY IDCW Option,1031.5775
2026-09-28,111752,NIPPON INDIA ULTRA SHORT TO SHORT TERM  FUND - RETAIL Plan - QUARTERLY IDCW Option,1014.3360
2026-09-28,111753,Nippon India Ultra Short to Short Term  Fund- Growth Plan - Growth Option,4021.3488
2026-09-28,111754,NIPPON INDIA ULTRA SHORT TO SHORT TERM  FUND - WEEKLY IDCW Option,1011.8079
2026-09-28,111786,DSP Dynamic Term Fund - Regular Plan - IDCW - Daily,1045.3761
2026-09-28,111787,Taurus Ethical Fund - Regular Plan - Growth,121.25
2026-09-28,111788,Taurus Ethical Fund - Regular Plan - Payout of Income Distribution cum Capital Withdrawal option,80.51
2026-09-28,111803,Aditya Birla Sun Life Medium Term Fund- Growth - Regular Plan,43.7283
2026-09-28,111809,Aditya Birla Sun Life Medium Term Fund- REGULAR - Quarterly IDCW,13.5758
2026-09-28,111811,Aditya Birla Sun Life Medium Term Fund- REGULAR - HALFYEARLY IDCW,13.7936
2026-09-28,111812,Aditya Birla Sun Life Medium Term Fund - Regular - IDCW,16.6014
2026-09-28,111903,Taurus Ethical Fund -  Regular Plan - Bonus Option,121.23
2026-09-28,111935,Edelweiss Large Cap Fund -Plan B - Growth option,80.68
2026-09-28,111936,Edelweiss Large Cap Fund - Regular Plan - IDCW Option,25.27
2026-09-28,111937,Edelweiss Large Cap Fund -Plan C - Growth option,79.63
2026-09-28,111938,Edelweiss Large Cap Fund - Plan B - IDCW Option,73.87
2026-09-28,111939,Edelweiss Large Cap Fund - Plan C - IDCW Option,60.24
2026-09-28,111940,Edelweiss Large Cap Fund - Regular Plan - Growth Option,80.19
2026-09-28,111954,SBI Gold ETF,125.0385
2026-09-28,111957,ICICI Prudential Focused Fund - Growth,90.79
2026-09-28,111958,ICICI Prudential Focused Fund - IDCW,24.45
2026-09-28,111962,CANARA ROBECO DYNAMIC TERM FUND - REGULAR PLAN - GROWTH OPTION,29.5201
2026-09-28,111963,CANARA ROBECO DYNAMIC TERM FUND - REGULAR PLAN - IDCW (Payout/Reinvestment),13.1716
2026-09-28,111970,BANK OF INDIA Ultra Short Term Fund- Regular Plan- Daily IDCW,1005.0000
2026-09-28,111971,BANK OF INDIA Liquid Fund- Regular Plan- Daily IDCW,1005.0000
2026-09-28,111987,ICICI Prudential Corporate Bond Fund - Growth,31.8706
2026-09-28,111991,ICICI Prudential Corporate Bond Fund - Monthly IDCW,10.3633
2026-09-28,111992,ICICI Prudential Corporate Bond Fund -Quarterly IDCW,11.2069
2026-09-28,112012,Edelweiss Aggressive Hybrid Fund- Plan B-Growth Option,62.63
2026-09-28,112013,Edelweiss Aggressive Hybrid Fund  - Plan B - IDCW Option,62.21
2026-09-28,112038,Quantum Diversified Equity All Cap Active FOF - Direct Plan IDCW,82.479
2026-09-28,112039,Quantum Diversified Equity All Cap Active FOF - Direct Plan Growth Option,83.666
2026-09-28,112076,UTI Money Market Fund - Regular Plan - Daily IDCW (Reinvestment),1067.3607
2026-09-28,112077,UTI MMF - Regular Plan - Growth Option,3338.521
2026-09-28,112083,UTI Ultra Short Term Fund - Discontinued - INSTN GROWTH OPTION,3265.5838
2026-09-28,112087,Aditya Birla Sun Life Arbitrage Fund-Regular - IDCW,11.0037
2026-09-28,112088,Aditya BIRLA SUN LIFE ARBITRAGE FUND - REGULAR PLAN - GROWTH,28.5050
2026-09-28,112089,Kotak Flexi Cap Fund - Payout of Income Distribution cum capital withdrawal option,49.252
2026-09-28,112090,Kotak Flexi Cap Fund - Growth,81.565
2026-09-28,112092,Franklin Build India Fund Growth Plan,136.4286
2026-09-28,112093,Franklin Build India Fund - IDCW,38.8376
2026-09-28,112096,ICICI Prudential Dynamic Term Fund - Growth,38.9346
2026-09-28,112097,ICICI Prudential Dynamic Term Fund - IDCW,24.2117
2026-09-28,112098,Invesco India Large Cap Fund - Regular Plan - Growth,69.29
2026-09-28,112099,Invesco India Large Cap Fund - Regular Plan - IDCW (Payout / Reinvestment),25.67
2026-09-28,112108,Edelweiss Aggressive Hybrid Fund - Regular Plan - Growth Option,63.29
2026-09-28,112109,Edelweiss Aggressive Hybrid Fund - Regular Plan - IDCW Option,24.67
2026-09-28,112117,Edelweiss Balanced Advantage Fund - Regular Plan - Growth Option,51.93
2026-09-28,112118,Edelweiss Balanced Advantage Fund - Regular Plan - Quarterly - IDCW Option,20.86
2026-09-28,112120,Invesco India Money Market Fund - Regular - Growth,2880.1919
2026-09-28,112122,Invesco India Money Market Fund - Regular - Monthly IDCW (Payout / Reinvestment),1529.7529
2026-09-28,112123,Invesco India Money Market Fund - Growth,3287.8766
2026-09-28,112125,Invesco India Money Market Fund - Monthly IDCW (Payout / Reinvestment),1022.8755
2026-09-28,112126,DSP Global Clean Energy Overseas Equity Omni FoF - Regular Plan - Growth,27.4748
2026-09-28,112127,DSP Global Clean Energy Overseas Equity Omni FoF - Regular Plan - IDCW,19.1036
2026-09-28,112152,CANARA ROBECO CONSUMPTION FUND - REGULAR PLAN - GROWTH OPTION,103.4100
2026-09-28,112153,CANARA ROBECO CONSUMPTION FUND - REGULAR PLAN - IDCW (Payout/Reinvestment),42.2500
2026-09-28,112171,Invesco India PSU Equity Fund - Regular Plan - Growth,61.92
2026-09-28,112173,Invesco India PSU Equity Fund - Regular Plan - IDCW (Payout / Reinvestment),37.94
2026-09-28,112210,Axis Liquid Fund - Regular Plan - Growth Option,3138.4530
2026-09-28,112211,Axis Liquid Fund - Regular Plan - Daily IDCW,1001.3998
2026-09-28,112212,Axis Liquid Fund - Regular Plan - Weekly IDCW,1002.0913
2026-09-28,112213,Axis Liquid Fund - Regular Plan - Monthly IDCW,1001.7185
2026-09-28,112214,Axis Treasury Advantage Fund - Regular Plan - Growth Option,3332.4669
2026-09-28,112215,Axis Treasury Advantage Fund - Regular Plan - Daily IDCW,1013.0687
2026-09-28,112216,Axis Treasury Advantage Fund - Regular Plan - Weekly IDCW,1011.6337
2026-09-28,112217,Axis Treasury Advantage Fund - Regular Plan - Monthly IDCW,1010.0425
2026-09-28,112218,Tata Value Fund - Regular Plan - Payout of IDCW-Option A(5%),126.5314
2026-09-28,112277,Axis Large Cap Fund - Regular Plan - Growth,57.62
2026-09-28,112278,Axis Large Cap Fund - Regular Plan - IDCW,16.87
2026-09-28,112293,DSP World Mining Overseas Equity Omni FoF - Regular Plan - Growth,32.6846
2026-09-28,112322,Axis ELSS Tax Saver Fund - Regular Plan - IDCW,22.8655
2026-09-28,112323,Axis ELSS Tax Saver Fund - Regular Plan - Growth,93.3887
2026-09-28,112327,Bandhan Conservative Hybrid Passive FOF - Regular Plan - Growth,34.4146
2026-09-28,112328,Bandhan Conservative Hybrid Passive FOF - Regular Plan - IDCW,16.6888
2026-09-28,112329,Bandhan Multi-Asset Passive FOF - Regular Plan - Growth,41.1097
2026-09-28,112330,Bandhan Multi-Asset Passive FOF - Regular Plan - IDCW,20.1441
2026-09-28,112331,Bandhan Aggressive Hybrid Passive FOF - Regular Plan - IDCW,26.2726
2026-09-28,112332,Bandhan Aggressive Hybrid Passive FOF - Regular Plan - Growth,48.1409
2026-09-28,112340,NIPPON INDIA LIQUID FUND - QUARTERLY IDCW OPTION,1005.1260
2026-09-28,112341,NIPPON INDIA MONEY MARKET FUND - QUARTERLY IDCW Option,1011.8776
2026-09-28,112342,ICICI Prudential Banking and PSU Debt Fund - Growth,34.8313
2026-09-28,112347,DSP World Mining Overseas Equity Omni FoF - Regular Plan - IDCW,29.5683
2026-09-28,112351,Kotak Nifty 50 ETF,253.1037
2026-09-28,112352,BANDHAN Conservative Hybrid Fund - Regular Plan - IDCW,11.0541
2026-09-28,112353,BANDHAN Conservative Hybrid Fund - Regular Plan - Growth,32.6189
2026-09-28,112354,Axis Short Duration Fund - Regular Plan - Growth Option,33.0287
2026-09-28,112355,Axis Short Duration Fund - Regular Plan - Monthly IDCW,10.0242
2026-09-28,112356,Aditya Birla Sun Life Short Term Fund - REGULAR - Quarterly IDCW,10.3339
2026-09-28,112359,BANK OF INDIA Manufacturing & Infrastructure Fund-Growth,66.32
2026-09-28,112360,BANK OF INDIA Manufacturing & Infrastructure Fund-Quarterly IDCW,43.05
2026-09-28,112361,BANK OF INDIA Manufacturing & Infrastructure Fund-Regular IDCW,42.27
2026-09-28,112368,Invesco India Gold Exchange Traded Fund,127.5346
2026-09-28,112369,Axis Short Duration Fund - Regular Plan - Weekly IDCW,10.3754
2026-09-28,112378,CANARA ROBECO CONSERVATIVE HYBRID FUND - REGULAR PLAN - QUARTERLY IDCW (Payout/Reinvestment),13.1139
2026-09-28,112635,UTI Money Market Fund - Regular Plan - Weekly IDCW,1109.6688
2026-09-28,112636,Navi Liquid Fund-Regular Plan-Growth Option,30.4047
2026-09-28,112645,Navi Liquid Fund - Regular Plan Daily IDCW,10.0129
2026-09-28,112646,Navi Liquid Fund - Regular Plan Weekly IDCW,10.0129
2026-09-28,112647,Navi Liquid Fund - Regular Plan Monthly IDCW,10.0168
2026-09-28,112712,Axis Liquid Fund - Retail Plan - Daily IDCW,1000.9559
2026-09-28,112713,Axis Liquid Fund - Retail Plan - Growth Option,2856.2624
2026-09-28,112714,Axis Liquid Fund - Retail Plan - Monthly IDCW,1001.1205
2026-09-28,112715,Axis Liquid Fund - Retail Plan - Weekly IDCW,1000.5882
2026-09-28,112717,Axis Treasury Advantage Fund - Retail Plan - Growth Option,3124.3746
2026-09-28,112718,Axis Treasury Advantage Fund - Retail Plan - Monthly IDCW,1010.0437
2026-09-28,112719,Axis Treasury Advantage Fund - Retail Plan - Weekly IDCW,1011.6337
2026-09-28,112720,Axis Treasury Advantage Fund - Retail Plan - Daily IDCW,1012.2940
2026-09-28,112721,Axis Short Duration Fund - Retail Plan - Growth Option,32.6467
2026-09-28,112722,Axis Short Duration Fund - Retail Plan - Weekly IDCW,10.2061
2026-09-28,112723,Axis Short Duration Fund - Retail Plan - Monthly IDCW,10.0015
2026-09-28,112868,Sundaram Conservative Hybrid Fund (Formerly Known as Sundaram Debt Oriented Hybrid Fund) Regular Plan - Growth,29.0441
2026-09-28,112870,Sundaram Conservative Hybrid Fund (Formerly Known as Sundaram Debt Oriented Hybrid Fund) Regular Plan -Income Distribution cum Capital Withdrawal (IDCW),18.1374
2026-09-28,112877,BANDHAN Nifty 50 Index Fund - Regular Plan - Growth,49.2831
2026-09-28,112878,BANDHAN Nifty 50 Index Fund - Regular Plan - IDCW,44.7304
2026-09-28,112901,DSP Focused Fund - Regular Plan - Growth,53.1680
2026-09-28,112923,SBI PSU Fund - Regular Plan - Income Distribution cum Capital Withdrawal Option (IDCW),32.6817
2026-09-28,112924,Axis Conservative Hybrid Fund - Regular Plan - Growth Option,30.0601
2026-09-28,112925,Axis Conservative Hybrid Fund - Regular Plan - Quarterly IDCW,10.1468
2026-09-28,112926,Axis Conservative Hybrid Fund - Regular Plan - Half Yearly IDCW,12.3690
2026-09-28,112927,Axis Conservative Hybrid Fund - Regular Plan - Annual IDCW,13.5137
2026-09-28,112931,Mirae Asset Large & Midcap Fund - Regular Plan - IDCW,46.180
2026-09-28,112932,Mirae Asset Large & Midcap Fund - Regular Plan - Growth,150.143
2026-09-28,112936,Nippon India Aggressive Hybrid Fund - Growth Plan,103.4627
2026-09-28,112937,NIPPON INDIA AGGRESSIVE HYBRID FUND - IDCW Option,25.8522
2026-09-28,112938,Nippon India Credit Risk Fund  - Growth Plan,38.1268
2026-09-28,112939,Nippon India Credit Risk Fund  - Institutional Growth Plan,40.1763
2026-09-28,112941,NIPPON INDIA CREDIT RISK FUND - QUARTERLY IDCW Option,12.9949
2026-09-28,112942,NIPPON INDIA FLOATING INTEREST RATES  FUND - QUARTERLY IDCW Option,10.9412
2026-09-28,112948,Taurus Nifty 50 Index Fund - Regular Plan - Growth,43.3250
2026-09-28,112949,Taurus Nifty 50 Index Fund - Regular Plan - Payout of Income Distribution cum Capital Withdrawal option,26.2136
2026-09-28,112957,ICICI Prudential Nifty Next 50 Index Fund - Growth,61.8247
2026-09-28,112958,ICICI Prudential Nifty Next 50 Index Fund -IDCW,61.8239
2026-09-28,113032,DSP Focused Fund - Regular Plan - IDCW,19.6230
2026-09-28,113036,Baroda BNP Paribas Short Term Fund - Regular Plan - Growth Option,31.0471
2026-09-28,113037,Baroda BNP Paribas Short Term Fund - Regular Plan - Monthly IDCW Option,10.1556
2026-09-28,113047,HDFC Short Term Fund - Growth Option,34.1287
2026-09-28,113048,HDFC Short Term Fund - Fortnightly IDCW Option,10.1705
2026-09-28,113049,HDFC Gold ETF - Growth Option,125.283
2026-09-28,113064,Axis Multi Asset Allocation Fund - Regular Plan - Growth Option,43.9192
2026-09-28,113065,Axis Multi Asset Allocation Fund - Regular Plan - Monthly IDCW,18.8116
2026-09-28,113069,Motilal Oswal Nifty 50 ETF,238.7786
2026-09-28,113070,HDFC Corporate Bond Fund - Growth Option,34.2544
2026-09-28,113071,HDFC Corporate Bond Fund - Quarterly IDCW Option,10.4914
2026-09-28,113076,ICICI Prudential Gold ETF,125.6016
2026-09-28,113077,UTI Dynamic Term Fund - Regular Plan - Growth Option,32.3765
2026-09-28,113078,UTI Dynamic Term Fund - Regular Plan - Discontinued Quarterly IDCW,17.6287
2026-09-28,113097,ICICI Prudential Conservative Hybrid Fund - Plan - Quarterly IDCW,11.8890
2026-09-28,113098,ICICI Prudential Conservative Hybrid Fund - Plan - Half Yearly IDCW,12.6433
2026-09-28,113099,SBI PSU Fund - REGULAR PLAN -Growth,32.6855
2026-09-28,113134,Tata Aggressive Hybrid Fund- Regular Plan - Monthly Payout of IDCW Option,77.1056
2026-09-28,113137,ICICI Prudential Medium Term Fund - Quarterly IDCW,11.0336
2026-09-28,113144,CANARA ROBECO ULTRA SHORT TO SHORT TERM FUND - REGULAR PLAN - MONTHLY IDCW (Payout/Reinvestment),10.3037
2026-09-28,113153,DSP Small Cap Fund - Regular - IDCW,62.5830
2026-09-28,113169,Bandhan Medium Term Fund - Regular Plan - Quarterly IDCW,11.2451
2026-09-28,113177,Nippon India Small Cap Fund - Growth Plan - Growth Option,181.1200
2026-09-28,113178,Nippon India Small Cap Fund - Growth Plan - Bonus Option,181.1200
2026-09-28,113179,NIPPON INDIA SMALL CAP FUND - IDCW Option,93.1012
2026-09-28,113218,ICICI Prudential Dynamic Term Fund - Annual IDCW,10.9198
2026-09-28,113221,CANARA ROBECO LARGE CAP FUND - REGULAR PLAN - GROWTH OPTION,58.7500
2026-09-28,113222,CANARA ROBECO LARGE CAP FUND - REGULAR PLAN - IDCW (Payout/Reinvestment),27.1400
2026-09-28,113269,Nippon India Index Fund - BSE Sensex Plan - Growth Plan - Growth Option,37.2465
2026-09-28,113270,Nippon India Index Fund - BSE Sensex Plan - Growth Plan - Bonus Option,37.2465
2026-09-28,113271,NIPPON INDIA INDEX FUND - BSE SENSEX PLAN - QUARTERLY - IDCW Option,29.3621
2026-09-28,113294,NIPPON INDIA INDEX FUND - BSE SENSEX PLAN - HALF YEARLY - IDCW Option,29.3685
2026-09-28,113295,NIPPON INDIA INDEX FUND - BSE SENSEX PLAN - ANNUAL - IDCW Option,29.3585
2026-09-28,113296,Nippon India Index Fund - Nifty 50 Plan - Growth Plan - Growth Option,38.9240
2026-09-28,113297,Nippon India Index Fund - Nifty 50 Plan - Growth Plan - Bonus Option,38.9240
2026-09-28,113298,NIPPON INDIA INDEX FUND - NIFTY 50 PLAN - QUARTERLY - IDCW Option,30.6964
2026-09-28,113299,NIPPON INDIA INDEX FUND - NIFTY 50 PLAN - HALF YEARLY - IDCW Option,30.6977
2026-09-28,113300,NIPPON INDIA INDEX FUND - NIFTY 50 PLAN - ANNUAL - IDCW Option,30.5958
2026-09-28,113307,Aditya Birla Sun Life Ultra Short to Short Term Fund -Regular - DAILY IDCW,99.9315
2026-09-28,113345,Nippon India Arbitrage Fund - Growth Plan - Growth Option,28.4845
2026-09-28,113346,NIPPON INDIA ARBITRAGE FUND - IDCW Option,17.0707
2026-09-28,113361,BANDHAN Conservative Hybrid Fund - Regular Plan - Quarterly IDCW,13.4090
2026-09-28,113403,ICICI Prudential Dynamic Term Fund - Quarterly IDCW,11.8836
2026-09-28,113434,Axis Gold ETF,122.1541
2026-09-28,114239,ICICI Prudential Credit Risk Fund - Growth,34.8262
2026-09-28,114240,ICICI Prudential Credit Risk Fund - Quarterly IDCW,11.1880
2026-09-28,114297,SBI Overnight Fund - Regular Plan - Daily Income Distribution cum Capital Withdrawal Option (IDCW),1387.0927
2026-09-28,114348,SBI Money Market Fund - Regular Plan Daily Income Distribution cum Capital Withdrawal Option (IDCW),14.5501
2026-09-28,114359,Invesco India Ultra Short Term Fund - Regular Plan - Growth,2906.0604
2026-09-28,114360,Invesco India Ultra Short Term Fund - Regular Plan - Quarterly IDCW (Payout / Reinvestment),1128.0927
2026-09-28,114361,Invesco India Ultra Short Term Fund - Regular Plan - Annual IDCW (Payout / Reinvestment),1161.5087
2026-09-28,114362,Invesco India Ultra Short Term Fund - Regular Plan - Monthly IDCW (Payout / Reinvestment),1015.8381
2026-09-28,114456,Motilal Oswal Nifty Midcap 100 ETF,64.7057
2026-09-28,114457,Kotak Large Cap Fund - Payout of Income Distribution cumcapital withdrawal option,69.522
2026-09-28,114458,Kotak Large Cap Fund - Growth,538.581
2026-09-28,114476,BANDHAN Infrastructure Fund - Regular Plan - Growth,47.166
2026-09-28,114477,BANDHAN Infrastructure Fund - Regular Plan - IDCW,35.152
2026-09-28,114564,Axis Midcap Fund - Regular Plan - Growth,117.99
2026-09-28,114565,Axis Midcap Fund - Regular Plan - IDCW,40.23
2026-09-28,114616,Nippon India Gold Savings Fund-Growth plan- Growth Option,55.7078
2026-09-28,114617,NIPPON INDIA GOLD SAVINGS FUND - IDCW Option,55.7078
2026-09-28,114757,Kotak Gold Fund Payout of Income Distribution cum capital withdrawal option,55.863
2026-09-28,114758,Kotak Gold Fund Growth,55.864
2026-09-28,114858,Kotak Conservative Hybrid Fund - Monthly Payout of Income Distribution cum capital withdrawal option,11.9338
2026-09-28,114859,Kotak Conservative Hybrid Fund - Growth,59.067
2026-09-28,114930,Mirae Asset Great Consumer Fund - Regular Plan - IDCW,25.156
2026-09-28,114931,Mirae Asset Great Consumer Fund - Regular Plan - Growth,89.790
2026-09-28,114984,Motilal Oswal Nasdaq 100 ETF (MOFN100),284.0444
2026-09-28,115068,Axis Dynamic Bond Fund - Regular Plan - Growth Option,31.4908
2026-09-28,115069,Axis Dynamic Bond Fund - Regular Plan - Quarterly IDCW,11.4411
2026-09-28,115077,CANARA ROBECO SHORT TERM FUND - REGULAR PLAN - GROWTH OPTION,26.9099
2026-09-28,115078,CANARA ROBECO SHORT TERM FUND - REGULAR PLAN - MONTHLY IDCW (Payout/Reinvestment),15.7190
2026-09-28,115079,CANARA ROBECO SHORT TERM FUND - REGULAR PLAN - QUARTERLY IDCW (Payout/Reinvestment),15.3147
2026-09-28,115091,ICICI Prudential Ultra Short Term Fund - Quarterly IDCW,10.9713
2026-09-28,115092,ICICI Prudential Ultra Short Term Fund - Growth,29.8906
2026-09-28,115094,ICICI Prudential Ultra Short Term Fund - Monthly IDCW,10.6951
2026-09-28,115116,HSBC Brazil Fund-Growth,10.4861
2026-09-28,115117,HSBC Brazil Fund - IDCW,10.4861
2026-09-28,115127,Aditya Birla Sun Life Gold ETF,129.0187
2026-09-28,115131,Axis Dynamic Bond Fund - Regular Plan - Half Yearly IDCW,11.7732
2026-09-28,115132,Quantum Gold ETF FOF - Direct Plan Growth Option,56.0808
2026-09-28,115270,Union Flexi Cap Fund - Growth Option,50.85
2026-09-28,115284,Invesco India Nifty 50 Exchange Traded Fund,261.541
2026-09-28,115290,Union Flexi Cap Fund - IDCW Option,28.34
2026-09-28,115294,ICICI Prudential Technology Fund - IDCW,47.84
2026-09-28,115398,Union Liquid Fund - Growth Option,2710.1355
2026-09-28,115399,Union Liquid Fund - Fortnightly IDCW Option,1001.5956
2026-09-28,115400,Union Liquid Fund - Monthly IDCW Option,1001.0805
2026-09-28,115401,Union Liquid Fund - Daily IDCW Option,1001.4576
2026-09-28,115402,Union Liquid Fund - Weekly IDCW Option,1002.2239
2026-09-28,115458,Invesco India Ultra Short to Short Term Fund - Discretionary IDCW (Payout / Reinvestment),4158.3875
2026-09-28,115464,Tata Treasury Advantage Fund Regular Plan - Periodic Payout of IDCW Option,2681.6005
2026-09-28,115483,UTI Ultra Short to Short Term Fund - Regular Plan - Quarterly IDCW,1457.7379
2026-09-28,115489,BANDHAN LIQUID Fund - Regular Plan - Periodic IDCW,1467.3750
2026-09-28,115505,ICICI Prudential Liquid Fund - IDCW Others,193.6859
2026-09-28,115510,ICICI Prudential Floating Interest Rates Fund - IDCW Others,201.3907
2026-09-28,115511,ICICI Prudential Ultra Short to Short Term Fund - IDCW Others,196.8281
2026-09-28,115512,Aditya Birla Sun Life Nifty 50 ETF,26.7375
2026-09-28,115515,Invesco India Money Market Fund - Daily IDCW (Reinvestment),1000.29
2026-09-28,115676,SBI GOLD FUND REGULAR PLAN - GROWTH,42.6509
2026-09-28,115677,SBI Gold Fund - Regular Plan - Income Distribution cum Capital Withdrawal Option (IDCW),42.6576
2026-09-28,115833,ICICI Prudential Gold ETF FOF - Growth,45.0467
2026-09-28,115834,ICICI Prudential Gold ETF FOF - IDCW,45.0477
2026-09-28,115874,Bandhan Income Plus Arbitrage Active FOF - Regular Plan - Fortnightly IDCW,12.1318
2026-09-28,115897,Axis Gold Fund - Regular Plan - Growth Option,42.1037
2026-09-28,115898,Axis Gold Fund - Regular Plan - IDCW,42.1562
2026-09-28,115934,HDFC Gold ETF Fund of Fund - Growth Option,43.5489
2026-09-28,115942,Tata Retirement Savings Fund - Progressive Plan -Regular Plan-Growth Option,66.0172
2026-09-28,115943,Tata Retirement Savings Fund- Moderate Plan-Regular Plan-Growth Option,65.5201
2026-09-28,115944,Tata Retirement Savings Fund- Conservative Plan-Regular Plan-Growth Option,32.3114
2026-09-28,115991,Groww Liquid Fund (formerly known as Indiabulls Liquid Fund) - Regular Plan - Growth Option,2723.7584
2026-09-28,115992,Groww Liquid Fund (formerly known as Indiabulls Liquid Fund)- Regular Plan- - Income Distribution cum capital withdrawal Option (Reinvestment),1002.0894
2026-09-28,115993,Groww Liquid Fund (formerly known as Indiabulls Liquid Fund)- Regular Plan- Weekly - Income Distribution cum capital withdrawal Option (Payout & Reinvestment),1001.7855
2026-09-28,115994,Groww Liquid Fund (formerly known as Indiabulls Liquid) Fund- Regular Plan- Fortnightly - Income Distribution cum capital withdrawal Option (Payout & Reinvestment),1002.2061
2026-09-28,115995,Groww Liquid Fund (formerly known as Indiabulls Liquid Fund)- Regular Plan- Monthly - Income Distribution cum capital withdrawal Option (Payout & Reinvestment),1005.859
2026-09-28,116020,BANDHAN Ultra Short to Short Term Fund - Regular Plan - Periodic IDCW,13.7578
2026-09-28,116051,Union ELSS Tax Saver Fund - Growth Option,63.41
2026-09-28,116052,Union ELSS Tax Saver Fund - IDCW Option,35.45
2026-09-28,116075,Invesco India Gold ETF Fund of Fund - Regular Plan - IDCW (Payout / Reinvestment),40.9615
2026-09-28,116077,Invesco India Gold ETF Fund of Fund - Regular Plan - Growth,40.957
2026-09-28,116109,Invesco India Corporate Bond Fund - Regular Plan - Discretionary IDCW (Payout / Reinvestment),3524.6245
2026-09-28,116110,Invesco India Short Term Fund- Regular Plan - Discretionary IDCW (Payout / Reinvestment),2810.7677
2026-09-28,116174,ICICI Prudential Banking and PSU Debt Fund - Quarterly IDCW,11.0119
2026-09-28,116413,BANDHAN Ultra Short to Short Term Fund - Regular Plan - Quarterly IDCW,11.3032
2026-09-28,116470,Axis Gilt Fund - Regular Plan - Regular IDCW,9.9036
2026-09-28,116471,Axis Gilt Fund - Regular Plan - Growth Option,26.4730
2026-09-28,116472,Axis Gilt Fund - Regular Plan - Half Yearly IDCW,11.6819
2026-09-28,116484,PGIM India Dynamic Term Fund - Dividend Option - Quarterly,1019.3048
2026-09-28,116485,PGIM India Dynamic Term Fund - Growth Option,2690.7175
2026-09-28,116488,Invesco India Money Market Fund - Regular Plan - Daily IDCW (Reinvestment),1008.6058
2026-09-28,116547,Groww Largecap Fund (formerly known as Indiabulls Blue Chip Fund) - Regular Plan- Growth Option,41.01
2026-09-28,116548,Groww Largecap Fund (formerly known as Indiabulls Bluechip Fund)- Regular Plan- - Income Distribution cum capital withdrawal Option (Payout & Reinvestment),23.1
2026-09-28,116555,Union Dynamic Term Fund - Growth Option,23.3157
2026-09-28,116556,Union Dynamic Term Fund - IDCW Option,15.5446
2026-09-28,116632,Franklin U.S. Opportunities Equity Active Fund of Funds - IDCW,91.2033
2026-09-28,116633,Franklin U.S. Opportunities Equity Active Fund of Funds - Growth,93.7799
2026-09-28,116653,Invesco India Money Market Fund - Discretionary IDCW (Payout / Reinvestment),3291.2206
2026-09-28,116795,Aditya Birla Sun Life Gold Fund-REGULAR - IDCW,42.4715
2026-09-28,116796,Aditya Birla Sun Life Gold Fund-Growth,42.4736
2026-09-28,116894,Axis Strategic Bond Fund - Regular Plan - Growth Option,30.0669
2026-09-28,116895,Axis Strategic Bond Fund - Regular Plan - Quarterly IDCW,10.1385
2026-09-28,116896,Axis Strategic Bond Fund - Regular Plan - Half Yearly IDCW,10.3813
2026-09-28,117061,DSP Credit Risk Fund - Regular Plan - IDCW - Monthly,11.2666
2026-09-28,117062,DSP Credit Risk Fund - Regular Plan - IDCW - Quarterly,11.5783
2026-09-28,117063,DSP Ultra Short Term Fund - Regular Plan - IDCW - Monthly,1084.5135
2026-09-28,117312,Taurus Banking & Financial Services Fund - Regular Plan - Growth,50.69
2026-09-28,117313,Taurus Banking & Financial Services Fund - Regular Plan - Payout of Income Distribution cum Capital Withdrawal option,45.38
2026-09-28,117446,Axis Banking & PSU Debt Fund - Regular Plan - Growth option,2795.0800
2026-09-28,117447,Axis Banking & PSU Debt Fund - Regular Plan - Daily IDCW,1035.4567
2026-09-28,117448,Axis Banking & PSU Debt Fund - Regular Plan - Weekly IDCW,1035.0553
2026-09-28,117449,Axis Banking & PSU Debt Fund - Regular Plan - Monthly IDCW,1032.4784
2026-09-28,117547,Baroda BNP Paribas Banking and Financial Services Fund - Regular - IDCW Option,19.3407
2026-09-28,117549,Baroda BNP Paribas Banking and Financial Services Fund - Regular - Growth Option,47.1628
2026-09-28,117559,Axis Focused Fund - Regular Plan - IDCW,17.75
2026-09-28,117560,Axis Focused Fund - Regular Plan - Growth Option,53.83
2026-09-28,117608,Quantum Multi Asset Active FOF - Direct Plan Growth Option,36.5059
2026-09-28,117619,ICICI Prudential US Bluechip Equity Fund - IDCW,78.32
2026-09-28,117620,ICICI Prudential US Bluechip Equity Fund - Growth,78.33
2026-09-28,117691,DSP US Specific Equity Omni FoF - Regular Plan - Growth Option,93.2091
2026-09-28,117692,DSP US Specific Equity Omni FoF - Regular Plan - IDCW,42.1480
2026-09-28,117715,Kotak Credit Risk Fund - Regular Plan - Standard Income Distribution cum capital withdrawal option,13.876
2026-09-28,117716,Kotak Credit Risk Fund - Growth,31.9071
2026-09-28,117867,Bandhan Income Plus Arbitrage Active FOF - Regular Plan - Weekly IDCW,12.3716
2026-09-28,117868,Bandhan Income Plus Arbitrage Active FOF - Regular Plan - Daily IDCW,12.3589
2026-09-28,117973,Invesco India Short Term Fund - Regular Plan - Daily IDCW (Reinvestment),1032.3734
2026-09-28,117974,NIPPON INDIA DYNAMIC TERM FUND - QUARTERLY IDCW Option,10.2221
2026-09-28,117981,UTI Credit Risk Fund  - Regular Plan - Growth Option,18.3161
2026-09-28,117982,UTI Credit Risk Fund - Regular Plan - Discontinued Quarterly IDCW,13.0103
2026-09-28,117995,DSP Ultra Short Term Fund - Regular Plan - IDCW - Payout,1136.2070
2026-09-28,117998,Kotak Dynamic Term Fund Regular Plan - Standard Income Distribution cum capital withdrawal option,14.8911
2026-09-28,118211,SBI Credit Risk Fund - Regular Plan - Daily Income Distribution cum Capital Withdrawal Option (IDCW),16.4556
2026-09-28,118232,Invesco India Banking and PSU Debt Fund - Regular Plan - Growth Option,2396.468
2026-09-28,118233,Invesco India Banking and PSU Debt Fund - Regular Plan - Monthly IDCW (Payout / Reinvestment),1060.7548
2026-09-28,118234,Invesco India Banking and PSU Debt Fund - Regular Plan - Daily IDCW (Reinvestment),1046.9807
2026-09-28,118267,CANARA ROBECO INFRASTRUCTURE FUND - DIRECT PLAN - GROWTH OPTION,182.9100
2026-09-28,118268,CANARA ROBECO INFRASTRUCTURE FUND - DIRECT PLAN - IDCW (Payout/Reinvestment),82.9500
2026-09-28,118269,CANARA ROBECO LARGE CAP FUND - DIRECT PLAN - GROWTH OPTION,68.8200
2026-09-28,118270,CANARA ROBECO LARGE CAP FUND - DIRECT PLAN - IDCW (Payout/Reinvestment),50.1600
2026-09-28,118271,CANARA ROBECO AGGRESSIVE HYBRID FUND - DIRECT PLAN - MONTHLY IDCW (Payout/Reinvestment),125.5900
2026-09-28,118272,CANARA ROBECO AGGRESSIVE HYBRID FUND - DIRECT PLAN - GROWTH OPTION,408.2700
2026-09-28,118273,CANARA ROBECO CONSUMPTION FUND - DIRECT PLAN - GROWTH OPTION,120.6800
2026-09-28,118274,CANARA ROBECO CONSUMPTION FUND - DIRECT PLAN - IDCW (Payout/Reinvestment),78.3200
2026-09-28,118275,CANARA ROBECO FLEXI CAP FUND - DIRECT PLAN - GROWTH OPTION,373.1300
2026-09-28,118276,CANARA ROBECO FLEXI CAP FUND - DIRECT PLAN - IDCW (Payout/Reinvestment),88.0700
2026-09-28,118277,CANARA ROBECO LARGE AND MID CAP FUND - DIRECT PLAN - IDCW (Payout/Reinvestment),123.3100
2026-09-28,118278,CANARA ROBECO LARGE AND MID CAP FUND - DIRECT PLAN - GROWTH OPTION,285.7400
2026-09-28,118281,CANARA ROBECO MEDIUM TO LONG TERM FUND - DIRECT PLAN - QUARTERLY IDCW (Payout/Reinvestment),16.6245
2026-09-28,118282,CANARA ROBECO MEDIUM TO LONG TERM FUND - DIRECT PLAN - GROWTH OPTION,64.4022
2026-09-28,118283,CANARA ROBECO DYNAMIC TERM FUND - DIRECT PLAN - IDCW (Payout/Reinvestment),14.8887
2026-09-28,118284,CANARA ROBECO DYNAMIC TERM FUND - DIRECT PLAN - GROWTH OPTION,32.9885
2026-09-28,118285,CANARA ROBECO ELSS - TAX SAVER FUND - DIRECT PLAN - GROWTH OPTION,193.5100
2026-09-28,118286,CANARA ROBECO ELSS - TAX SAVER FUND - DIRECT PLAN - IDCW (Payout),75.0300
2026-09-28,118291,CANARA ROBECO ULTRA SHORT TO SHORT TERM FUND - DIRECT PLAN - GROWTH OPTION,46.7765
2026-09-28,118292,CANARA ROBECO ULTRA SHORT TO SHORT TERM FUND - DIRECT PLAN - IDCW (Payout/Reinvestment),38.8648
2026-09-28,118293,CANARA ROBECO ULTRA SHORT TO SHORT TERM FUND - DIRECT PLAN - DAILY IDCW (Reinvestment),10.2563
2026-09-28,118294,CANARA ROBECO ULTRA SHORT TO SHORT TERM  FUND - DIRECT PLAN - WEEKLY IDCW (Payout/Reinvestment),10.2563
2026-09-28,118295,CANARA ROBECO ULTRA SHORT TO SHORT TERM FUND - DIRECT PLAN - MONTHLY IDCW (Payout/Reinvestment),10.3061
2026-09-28,118298,CANARA ROBECO GILT FUND - DIRECT PLAN - IDCW (Payout/Reinvestment),16.1835
2026-09-28,118299,CANARA ROBECO GILT FUND - DIRECT PLAN - GROWTH OPTION,83.2025
2026-09-28,118304,CANARA ROBECO LIQUID FUND - DIRECT PLAN - IDCW (Payout/Reinvestment),2271.2823
2026-09-28,118305,CANARA ROBECO LIQUID FUND - DIRECT PLAN - GROWTH OPTION,3412.4372
2026-09-28,118306,CANARA ROBECO LIQUID FUND - DIRECT PLAN - MONTHLY IDCW (Payout/Reinvestment),1005.8171
2026-09-28,118307,CANARA ROBECO LIQUID FUND - DIRECT PLAN - DAILY IDCW (Reinvestment),1005.5000
2026-09-28,118308,CANARA ROBECO LIQUID FUND - DIRECT PLAN - WEEKLY IDCW (Payout/Reinvestment),1000.7978
2026-09-28,118309,CANARA ROBECO CONSERVATIVE HYBRID FUND - DIRECT PLAN - GROWTH OPTION,114.7166
2026-09-28,118310,CANARA ROBECO CONSERVATIVE HYBRID FUND - DIRECT PLAN - QUARTERLY IDCW (Payout/Reinvestment),15.7899
2026-09-28,118311,CANARA ROBECO CONSERVATIVE HYBRID FUND - DIRECT PLAN - MONTHLY IDCW (Payout/Reinvestment),15.7181
2026-09-28,118315,CANARA ROBECO ULTRA SHORT TERM FUND - DIRECT PLAN - DAILY IDCW (Reinvestment),1240.7100
2026-09-28,118316,CANARA ROBECO ULTRA SHORT TERM FUND - DIRECT PLAN - WEEKLY IDCW (Payout/Reinvestment),1241.0707
2026-09-28,118317,CANARA ROBECO ULTRA SHORT TERM FUND - DIRECT PLAN - GROWTH OPTION,4370.7407
2026-09-28,118318,CANARA ROBECO ULTRA SHORT TERM FUND - DIRECT PLAN - MONTHLY IDCW (Payout/Reinvestment),1006.2374
2026-09-28,118319,CANARA ROBECO ULTRA SHORT TERM FUND - DIRECT PLAN - IDCW (Payout/Reinvestment),2326.3105
2026-09-28,118320,CANARA ROBECO SHORT TERM FUND - DIRECT PLAN - GROWTH OPTION,29.5868
2026-09-28,118321,CANARA ROBECO SHORT TERM FUND - DIRECT PLAN - MONTHLY IDCW (Payout/Reinvestment),18.4225
2026-09-28,118322,CANARA ROBECO SHORT TERM FUND - DIRECT PLAN - QUARTERLY IDCW (Payout/Reinvestment),17.1377
2026-09-28,118363,BANDHAN LIQUID Fund -Direct Plan-Periodic IDCW,1385.1084
2026-09-28,118364,BANDHAN LIQUID Fund -Direct Plan-Growth,3438.1318
2026-09-28,118365,BANDHAN LIQUID Fund -Direct Plan -Monthly IDCW,1011.9546
2026-09-28,118366,BANDHAN LIQUID Fund -Direct Plan-Daily IDCW,1001.6663
2026-09-28,118367,BANDHAN LIQUID Fund -Direct Plan -Weekly IDCW,1007.5889
2026-09-28,118368,BANDHAN Ultra Short to Short Term Fund-Direct Plan-Daily IDCW,10.1076
2026-09-28,118369,BANDHAN Ultra Short to Short Term Fund-Direct Plan-Quarterly IDCW,11.2526
2026-09-28,118370,BANDHAN Ultra Short to Short Term Fund-Direct Plan-Periodic IDCW,13.9563
2026-09-28,118371,BANDHAN Ultra Short to Short Term Fund-Direct Plan-Growth,42.6070
2026-09-28,118372,BANDHAN Ultra Short to Short Term Fund-Direct Plan-Monthly IDCW,10.1616
2026-09-28,118373,BANDHAN Ultra Short to Short Term Fund-Direct Plan-Weekly IDCW,10.1005
2026-09-28,118383,Bandhan Money Market Fund -Direct Plan-Daily IDCW,10.0994
2026-09-28,118384,Bandhan Money Market Fund -Direct Plan-Growth,47.3536
2026-09-28,118385,Bandhan Money Market Fund -Direct Plan-Monthly IDCW,10.2414
2026-09-28,118386,Bandhan Money Market Fund -Direct Plan-Weekly IDCW,10.1022
2026-09-28,118387,Bandhan 10 year Constant Maturity Gilt Fund - Direct Plan - Growth,48.7515
2026-09-28,118388,Bandhan 10 year Constant Maturity Gilt Fund - Direct Plan - Quarterly IDCW,11.7582
2026-09-28,118389,Bandhan 10 year Constant Maturity Gilt Fund - Direct Plan - Weekly IDCW,17.6062
2026-09-28,118390,Bandhan 10 year Constant Maturity Gilt Fund - Direct Plan - Monthly IDCW,10.3061
2026-09-28,118393,Bandhan Medium to Long Term Fund - Direct Plan - Annual IDCW,16.3955
2026-09-28,118394,Bandhan Medium to Long Term Fund - Direct Plan - Growth,74.9375
2026-09-28,118395,Bandhan Medium to Long Term Fund - Direct Plan - Half Yearly IDCW,13.1538
2026-09-28,118396,Bandhan Medium to Long Term Fund - Direct Plan - Quarterly IDCW,12.7684
2026-09-28,118399,Bandhan Medium Term Fund - Direct Plan - Bi Monthly IDCW,10.6239
2026-09-28,118400,Bandhan Medium Term Fund - Direct Plan - Daily IDCW,10.4159
2026-09-28,118401,Bandhan Medium Term Fund - Direct Plan - Growth,53.3448
2026-09-28,118402,Bandhan Medium Term Fund - Direct Plan - Monthly IDCW,10.4843
2026-09-28,118403,Bandhan Medium Term Fund - Direct Plan - Quarterly IDCW,11.4656
2026-09-28,118405,Bandhan Short Term Fund - Direct Plan - Fortnightly IDCW,10.3613
2026-09-28,118406,Bandhan Short Term Fund - Direct Plan - Monthly IDCW,10.3982
2026-09-28,118407,Bandhan Short Term Fund - Direct Plan - Growth,65.8748
2026-09-28,118408,Bandhan Income Plus Arbitrage Active FOF - Direct Plan - Annual IDCW,15.1557
2026-09-28,118409,Bandhan Income Plus Arbitrage Active FOF - Direct Plan - Daily IDCW,12.4270
2026-09-28,118410,Bandhan Income Plus Arbitrage Active FOF - Direct Plan - Growth,49.3529
2026-09-28,118411,Bandhan Income Plus Arbitrage Active FOF - Direct Plan - Half Yearly IDCW,16.3827
2026-09-28,118412,Bandhan Income Plus Arbitrage Active FOF - Direct Plan - Weekly IDCW,12.4374
2026-09-28,118413,Bandhan Income Plus Arbitrage Active FOF - Direct Plan - Quarterly IDCW,13.0387
2026-09-28,118414,Bandhan Income Plus Arbitrage Active FOF - Direct Plan - Fortnightly IDCW,12.3698
2026-09-28,118415,BANDHAN Dynamic Term Fund-Direct Plan-Annual IDCW,12.1415
2026-09-28,118416,BANDHAN Dynamic Term Fund-Direct Plan-Growth,40.2202
2026-09-28,118417,BANDHAN Dynamic Term Fund-Direct Plan-IDCW,17.2674
2026-09-28,118418,BANDHAN Dynamic Term Fund-Direct Plan-Quarterly IDCW,13.6493
2026-09-28,118419,Bandhan Large & Mid Cap Fund - Direct Plan - Growth,161.691
2026-09-28,118420,Bandhan Large & Mid Cap Fund - Direct Plan - IDCW,35.970
2026-09-28,118421,Bandhan Focused Fund - Direct Plan - Growth,107.405
2026-09-28,118422,Bandhan Focused Fund - Direct Plan - IDCW,34.395
2026-09-28,118423,BANDHAN Flexi Cap Fund-Direct Plan-IDCW,49.578
2026-09-28,118424,BANDHAN Flexi Cap Fund-Direct Plan-Growth,222.338
2026-09-28,118462,Franklin India Large Cap Fund - Direct - IDCW,47.3773
2026-09-28,118463,Bandhan Gilt Fund - Direct Plan - IDCW,15.7441
2026-09-28,118464,Bandhan Gilt Fund - Direct Plan - Growth,40.8336
2026-09-28,118465,Bandhan Gilt Fund - Direct Plan - Half Yearly IDCW,12.7064
2026-09-28,118466,Bandhan Gilt Fund - Direct Plan - Quarterly IDCW,11.6789
2026-09-28,118467,Bandhan Gilt Fund - Direct Plan - Annual IDCW,12.7071
2026-09-28,118468,BANDHAN Infrastructure Fund-Direct Plan-IDCW,43.509
2026-09-28,118469,BANDHAN Infrastructure Fund-Direct Plan-Growth,55.936
2026-09-28,118472,BANDHAN ELSS - Tax Saver Fund - Direct Plan - IDCW,40.078
2026-09-28,118473,BANDHAN ELSS - Tax Saver Fund - Direct Plan - Growth,173.189
2026-09-28,118474,BANDHAN Arbitrage Fund-Direct Plan- Growth,37.9112
2026-09-28,118475,BANDHAN Arbitrage Fund-Direct Plan-Monthly IDCW,10.7962
2026-09-28,118476,BANDHAN Equity Savings Fund-Direct Plan-Monthly IDCW,11.423
2026-09-28,118477,BANDHAN Equity Savings Fund-Direct Plan-Growth,36.222
2026-09-28,118478,BANDHAN Large Cap Fund-Direct Plan-IDCW,27.464
2026-09-28,118479,BANDHAN Large Cap Fund-Direct Plan-Growth,87.256
2026-09-28,118480,Bandhan Value Fund - Direct Plan - IDCW,47.130
2026-09-28,118481,Bandhan Value Fund - Direct Plan - Growth,163.183
2026-09-28,118482,BANDHAN Nifty 50 Index Fund-Direct Plan-Growth,51.0475
2026-09-28,118483,BANDHAN Nifty 50 Index Fund-Direct Plan-IDCW,46.3966
2026-09-28,118484,Bandhan Aggressive Hybrid Passive FOF - Direct Plan - IDCW,36.0315
2026-09-28,118485,Bandhan Aggressive Hybrid Passive FOF - Direct Plan - Growth,52.3407
2026-09-28,118486,Bandhan Conservative Hybrid Passive FOF - Direct Plan - Growth,37.0320
2026-09-28,118487,Bandhan Conservative Hybrid Passive FOF - Direct Plan - IDCW,17.5005
2026-09-28,118488,Bandhan Multi-Asset Passive FOF - Direct Plan - IDCW,21.2373
2026-09-28,118489,Bandhan Multi-Asset Passive FOF - Direct Plan - Growth,44.2123
2026-09-28,118490,BANDHAN Conservative Hybrid Fund-Direct Plan-IDCW,13.0762
2026-09-28,118491,BANDHAN Conservative Hybrid Fund-Direct Plan-Growth,36.9471
2026-09-28,118492,BANDHAN Conservative Hybrid Fund-Direct Plan-Quarterly IDCW,16.1335
2026-09-28,118493,Templeton India Value Fund - Direct - IDCW,100.9130
2026-09-28,118494,Templeton India Value Fund - Direct - Growth,743.9950
2026-09-28,118497,Franklin India Government Securities Fund - Direct - IDCW,11.7083
2026-09-28,118498,Franklin India Government Securities Fund - Direct - Growth,67.6409
2026-09-28,118505,Franklin India Money Market Fund Retail Option - Direct - Quarterly - IDCW,11.6704
2026-09-28,118506,Franklin India Money Market Fund - Direct - Growth,56.1889
2026-09-28,118507,Franklin India Floating Rate Fund - Direct - IDCW,10.0372
2026-09-28,118508,Franklin India Floating Rate Fund - Direct - Growth,48.1858
2026-09-28,118509,Franklin India Large & Mid cap Fund - Direct - IDCW,21.8849
2026-09-28,118510,Franklin India Large & Mid Cap Fund - Direct - Growth,202.2310
2026-09-28,118524,Franklin India Small Cap Fund - Direct - IDCW,51.6706
2026-09-28,118525,Franklin India Small Cap Fund - Direct - Growth,198.8141
2026-09-28,118526,Franklin India Dividend Yield Fund - Direct - IDCW,24.8337
2026-09-28,118527,Franklin India Dividend Yield Fund - Direct - Growth,145.9736
2026-09-28,118531,Franklin India Large Cap Fund- Direct - Growth,1077.4976
2026-09-28,118532,Franklin India Mid Cap Fund - Direct - IDCW,100.4637
2026-09-28,118533,Franklin India Mid Cap Fund - Direct - Growth,3054.8538
2026-09-28,118534,Franklin India Flexi Cap Fund - Direct - IDCW,66.2539
2026-09-28,118535,Franklin India Flexi Cap Fund - Direct - Growth,1713.4856
2026-09-28,118536,Franklin India Technology Fund - Direct - IDCW,43.7086
2026-09-28,118537,Franklin India Technology Fund - Direct - Growth,501.5730
2026-09-28,118538,Franklin INDIA OPPORTUNITIES FUND - Direct - IDCW,42.4462
2026-09-28,118539,Franklin India Opportunities Fund - Direct - Growth,291.0611
2026-09-28,118540,Franklin India ELSS Tax Saver Fund - Direct - Growth,1533.6927
2026-09-28,118541,Franklin India ELSS Tax Saver Fund - Direct - IDCW,67.1573
2026-09-28,118542,Franklin India Dynamic Asset Allocation Active Fund of funds - Direct - IDCW,46.5090
2026-09-28,118543,Franklin India Dynamic Asset Allocation Active Fund Of Funds - Direct - Growth,185.0711
2026-09-28,118546,Franklin India Aggressive Hybrid Fund - Direct - Growth,300.3002
2026-09-28,118547,Franklin India Aggressive Hybrid Fund - Direct - IDCW,32.3712
2026-09-28,118548,Franklin India Retirement Fund - Direct - Growth,238.0789
2026-09-28,118549,Franklin India Retirement Fund - Direct - IDCW,18.1094
2026-09-28,118550,Franklin U.S. Opportunities Equity Active Fund of Funds - Direct - IDCW,103.0184
2026-09-28,118551,Franklin U.S. Opportunities Equity Active Fund of Funds - Direct - Growth,107.1497
2026-09-28,118556,Franklin Build India Fund - Direct - IDCW,47.4566
2026-09-28,118557,Franklin Build India Fund - Direct - Growth,158.7555
2026-09-28,118558,Franklin Asian Equity Fund - Direct - IDCW,22.6899
2026-09-28,118559,Franklin Asian Equity Fund - Direct - Growth,49.5536
2026-09-28,118563,Franklin India Focused Equity Fund - Direct - IDCW,34.7715
2026-09-28,118564,Franklin India Focused Equity Fund - Direct - Growth,108.1004
2026-09-28,118569,Franklin India Corporate Debt Fund - Direct - GROWTH,116.3109
2026-09-28,118570,Franklin India Corporate Debt Fund - Plan A - Direct - Annual - IDCW,19.1416
2026-09-28,118571,Franklin India Corporate Debt Fund - Plan A - Direct - Monthly - IDCW,16.8423
2026-09-28,118572,Franklin India Corporate Debt Fund - Plan A - Direct - Quarterly - IDCW,13.4667
2026-09-28,118573,Franklin India Corporate Debt Fund - Plan A - Direct - Half yearly - IDCW,14.4081
2026-09-28,118574,Franklin India Conservative Hybrid Fund - Direct - GROWTH,101.9947
2026-09-28,118575,Franklin India Conservative Hybrid Fund - Plan A - Direct - Monthly - IDCW,14.0719
2026-09-28,118576,Franklin India Conservative Hybrid Fund - Plan A - Direct - Quarterly - IDCW,13.2327
2026-09-28,118577,Franklin India Liquid Fund - Super Institutional - Direct - Growth,4282.3095
2026-09-28,118578,Franklin India Liquid Fund - Super Institutional Plan - Direct - Daily - IDCW,1002.8152
2026-09-28,118579,Franklin India Liquid Fund - Super Institutional Plan - Direct - Weekly - IDCW,1022.1217
2026-09-28,118580,Franklin India INDEX FUND- NSE Nifty 50 Index Fund - Direct - IDCW,169.8497
2026-09-28,118581,Franklin India INDEX FUND- NSE NIFTY 50 INDEX FUND- Direct - Growth,194.9767
2026-09-28,118585,Nippon India Arbitrage Fund - Direct Plan Growth Plan - Growth Option,31.0447
2026-09-28,118587,NIPPON INDIA ARBITRAGE FUND - DIRECT Plan - IDCW Option,19.1148
2026-09-28,118588,Nippon India Banking & Financial Services Fund - Direct Plan Growth Plan - Bonus Option,675.0473
2026-09-28,118589,Nippon India Banking & Financial Services Fund - Direct Plan Growth Plan - Growth Option,675.0473
2026-09-28,118591,Nippon India Banking & Financial Services Fund- DIRECT Plan - IDCW Option,98.0459
2026-09-28,118614,Edelweiss Balanced Advantage Fund - Direct Plan - Quarterly - IDCW Option,28.73
2026-09-28,118615,Edelweiss Balanced Advantage Fund -Direct Plan-Growth Option,59.86
2026-09-28,118616,Edelweiss Large Cap Fund - Direct Plan - IDCW Option,36.99
2026-09-28,118617,Edelweiss Large Cap Fund - Direct Plan-Growth option,93.7
2026-09-28,118619,Edelweiss ELSS Tax Saver Fund - Direct Plan - IDCW Option,44.85
2026-09-28,118620,Edelweiss ELSS Tax Saver Fund - Direct Plan-Growth Option,132.63
2026-09-28,118624,Edelweiss Aggressive Hybrid Fund-Direct Plan-Growth Option,74.17
2026-09-28,118625,Edelweiss Aggressive Hybrid Fund  - Direct Plan - IDCW Option,31.53
2026-09-28,118632,Nippon India Large Cap Fund - Direct Plan Growth Plan - Growth Option,96.2655
2026-09-28,118633,Nippon India Large Cap Fund - Direct Plan Growth Plan - Bonus Option,96.2655
2026-09-28,118634,NIPPON INDIA LARGE CAP FUND - DIRECT Plan - IDCW Option,38.2885
2026-09-28,118650,Nippon India Multi Cap Fund - Direct Plan Growth Plan - Growth Option,321.7470
2026-09-28,118651,Nippon India Multi Cap Fund - Direct Plan Growth Plan - Bonus Option,321.7470
2026-09-28,118652,NIPPON INDIA MULTI CAP FUND - DIRECT Plan - IDCW Option,83.2521
2026-09-28,118654,NIPPON INDIA FLOATING INTEREST RATES  FUND - DIRECT Plan - DAILY IDCW Option,10.2520
2026-09-28,118655,NIPPON INDIA FLOATING INTEREST RATES  FUND - DIRECT Plan - MONTHLY IDCW Option,11.2985
2026-09-28,118656,Nippon India Floating Interest Rates  Fund  - Direct Plan Growth Plan - Growth Option,50.9278
2026-09-28,118660,NIPPON INDIA FLOATING INTEREST RATES   FUND - DIRECT Plan - WEEKLY IDCW Option,10.2382
2026-09-28,118661,NIPPON INDIA FLOATING INTEREST RATES  FUND - DIRECT Plan - QUARTERLY IDCW Option,10.8411
2026-09-28,118662,NIPPON INDIA GOLD SAVINGS FUND - Direct Plan - IDCW Option,58.3922
2026-09-28,118663,Nippon India Gold Savings Fund - Direct Plan Growth Plan - Growth Option,58.3922
2026-09-28,118665,Nippon India Growth Mid Cap Fund - Direct Plan Growth Plan - Bonus Option,799.9957
2026-09-28,118666,NIPPON INDIA GROWTH MID CAP FUND - DIRECT Plan - IDCW Option,186.7773
2026-09-28,118668,Nippon India Growth Mid Cap Fund - Direct Plan Growth Plan - Growth Option,4815.2942
2026-09-28,118669,Nippon India Gilt  Fund - Direct Plan - P F Option - Automatic Capital Appreciation Payout Option,44.0468
2026-09-28,118670,NIPPON INDIA GILT  FUND - Direct Plan - MONTHLY IDCW Option,11.6345
2026-09-28,118672,Nippon India Gilt  Fund - Direct Plan Growth Plan - Growth Option,44.1613
2026-09-28,118673,Nippon India Gilt  Fund - Direct Plan - P F Option - Defined Maturity Date Option,44.2806
2026-09-28,118674,Nippon India Gilt Fund - Direct Plan - P F Option - Automatic Annual Reinvest Option,23.9027
2026-09-28,118675,Nippon India Vision Large & Mid Cap Fund - Direct Plan Growth Plan - Bonus Option,263.1529
2026-09-28,118676,NIPPON INDIA VISION LARGE & MID CAP  FUND - DIRECT Plan - IDCW Option,68.0037
2026-09-28,118678,Nippon India Vision Large & Mid Cap Fund - Direct Plan Growth Plan - Growth Option,1552.1414
2026-09-28,118679,Nippon India Medium to Long Term  Fund - Direct Plan Growth Plan-Bonus Option,29.8767
2026-09-28,118680,NIPPON INDIA MEDIUM TO LONG TERM  FUND - Direct Plan - ANNUAL IDCW Option,14.3143
2026-09-28,118681,NIPPON INDIA MEDIUM TO LONG TERM  FUND - Direct Plan - HALF YEARLY IDCW Option,13.3046
2026-09-28,118683,NIPPON INDIA MEDIUM TO LONG TERM  FUND - Direct Plan - MONTHLY IDCW Option,11.3257
2026-09-28,118684,NIPPON INDIA MEDIUM TO LONG TERM FUND - Direct Plan - QUARTERLY IDCW Option,13.8140
2026-09-28,118687,Nippon India Medium to Long Term Fund - Direct Plan Growth Plan - Growth Option,104.5519
2026-09-28,118689,NIPPON INDIA QUARTERLY INTERVAL FUND - SERIES II - Direct Plan - IDCW Option,13.5997
2026-09-28,118691,Nippon India Quarterly Interval Fund - Series II - Direct Plan Growth Plan - Growth,39.2454
2026-09-28,118692,Nippon India Focused Fund - Direct Plan Growth Plan - Growth Option,130.1693
2026-09-28,118693,NIPPON INDIA FOCUSED  FUND - DIRECT Plan - IDCW Option,43.4046
2026-09-28,118695,NIPPON INDIA LIQUID FUND - DIRECT Plan - DAILY IDCW OPTION,1528.7400
2026-09-28,118696,NIPPON INDIA LIQUID FUND - DIRECT Plan - MONTHLY IDCW OPTION,1587.8555
2026-09-28,118698,NIPPON INDIA LIQUID FUND - DIRECT Plan - QUARTERLY IDCW OPTION,1005.1751
2026-09-28,118700,NIPPON INDIA LIQUID FUND - DIRECT Plan - WEEKLY IDCW OPTION,1531.0246
2026-09-28,118701,Nippon India Liquid Fund - Direct Plan Growth Plan - Growth Option,6973.1109
2026-09-28,118702,Nippon India Ultra Short to Short Term Fund - Direct Plan Growth Plan - Bonus Option,2495.3443
2026-09-28,118703,NIPPON INDIA ULTRA SHORT TO SHORT TERM FUND - DIRECT Plan - DAILY IDCW Option,1011.8433
2026-09-28,118704,NIPPON INDIA ULTRA SHORT TO SHORT TERM FUND - DIRECT Plan - MONTHLY IDCW Option,1037.9040
2026-09-28,118705,NIPPON INDIA ULTRA SHORT TO SHORT TERM  FUND - DIRECT Plan - QUARTERLY IDCW Option,1014.8352
2026-09-28,118706,NIPPON INDIA ULTRA SHORT TO SHORT TERM  FUND - DIRECT Plan - WEEKLY IDCW Option,1012.0464
2026-09-28,118709,Nippon India Ultra Short to Short Term Fund - Direct Plan Growth Plan - Growth Option,4295.6869
2026-09-28,118715,Nippon India Money Market Fund - Direct Plan Growth Plan - Bonus Option,2679.5064
2026-09-28,118716,NIPPON INDIA MONEY MARKET FUND - DIRECT Plan - QUARTERLY IDCW Option,1011.8584
2026-09-28,118717,NIPPON INDIA MONEY MARKET FUND - DIRECT Plan - WEEKLY IDCW Option,1007.1850
2026-09-28,118718,NIPPON INDIA MONEY MARKET FUND - DIRECT Plan - DAILY IDCW Option,1006.2378
2026-09-28,118719,Nippon India Money Market Fund - Direct Plan Growth Plan - Growth Option,4556.8184
2026-09-28,118720,NIPPON INDIA MONEY MARKET FUND - DIRECT Plan - MONTHLY IDCW Option,1025.5661
2026-09-28,118722,Nippon India Consumption Fund - Direct Plan Growth Plan - Bonus,211.0521
2026-09-28,118724,Nippon India Consumption Fund - Direct Plan Growth Plan - Growth Option,211.0521
2026-09-28,118725,NIPPON INDIA CONSUMPTION FUND - DIRECT Plan - IDCW Option,51.6939
2026-09-28,118726,Nippon India Conservative Hybrid  Fund - Direct Plan Growth Plan - Growth Option,68.9928
2026-09-28,118727,NIPPON INDIA CONSERVATIVE HYBRID  FUND - DIRECT Plan - MONTHLY IDCW Option,11.6456
2026-09-28,118729,NIPPON INDIA CONSERVATIVE HYBRID  FUND - DIRECT Plan - QUARTERLY IDCW Option,12.7492
2026-09-28,118736,Nippon India Balanced Advantage Fund - Direct Plan Growth Plan - Growth Option,205.3256
2026-09-28,118738,NIPPON INDIA BALANCED ADVANTAGE FUND - DIRECT Plan - IDCW Option,44.5223
2026-09-28,118740,NIPPON INDIA INDEX FUND - NIFTY 50 PLAN - DIRECT Plan - QUARTERLY - IDCW Option,33.5266
2026-09-28,118741,Nippon India Index Fund - Nifty 50 Plan - Direct Plan Growth Plan - Growth Option,42.0898
2026-09-28,118742,Nippon India Index Fund - Nifty 50 Plan - Direct Plan Growth Plan - Bonus Option,42.0898
2026-09-28,118743,NIPPON INDIA INDEX FUND - NIFTY 50 PLAN - DIRECT Plan - ANNUAL - IDCW Option,33.5825
2026-09-28,118745,NIPPON INDIA INDEX FUND - NIFTY 50 PLAN - DIRECT Plan - HALF YEARLY - IDCW Option,33.5342
2026-09-28,118747,Nippon India Dynamic Term Fund - Direct Plan Growth Plan - Growth Option,42.2293
2026-09-28,118749,NIPPON INDIA DYNAMIC TERM FUND - Direct Plan - QUARTERLY IDCW Option,10.3224
2026-09-28,118750,NIPPON INDIA DYNAMIC TERM FUND - Direct Plan - IDCW Option,30.5096
2026-09-28,118756,NIPPON INDIA PHARMA FUND - DIRECT Plan - IDCW Option,175.0208
2026-09-28,118758,Nippon India Pharma Fund - Direct Plan Growth Plan - Bonus Option,639.5116
2026-09-28,118759,Nippon India Pharma Fund - Direct Plan Growth Plan - Growth Option,639.5116
2026-09-28,118760,NIPPON INDIA POWER & INFRA FUND - DIRECT Plan - IDCW Option,74.0414
2026-09-28,118762,Nippon India Power & Infra Fund - Direct Plan Growth Plan - Bonus Option,403.9330
2026-09-28,118763,Nippon India Power & Infra Fund - Direct Plan Growth Plan - Growth Option,403.9330
2026-09-28,118767,NIPPON INDIA QUANT FUND - DIRECT Plan - IDCW Option,43.5532
2026-09-28,118769,Nippon India Quant Fund - Direct Plan Growth Plan - Growth Option,75.9225
2026-09-28,118770,Nippon India Quant Fund - Direct Plan Growth Plan - Bonus Option,75.9225
2026-09-28,118775,NIPPON INDIA SMALL CAP FUND - Direct Plan - IDCW Option,108.8889
2026-09-28,118777,Nippon India Small Cap Fund - Direct Plan Growth Plan - Bonus Option,204.7460
2026-09-28,118778,Nippon India Small Cap Fund - Direct Plan Growth Plan - Growth Option,204.7460
2026-09-28,118780,Nippon India Credit Risk Fund - Direct Plan - Growth Plan,42.3590
2026-09-28,118781,NIPPON INDIA CREDIT RISK FUND - DIRECT Plan - QUARTERLY IDCW Option,13.5949
2026-09-28,118782,NIPPON INDIA VALUE FUND - DIRECT Plan - IDCW Option,62.2821
2026-09-28,118784,Nippon India Value Fund - Direct Plan Growth Plan,235.8360
2026-09-28,118785,Nippon India Index Fund - BSE Sensex Plan - Direct Plan Growth Plan - Bonus Option,39.6097
2026-09-28,118786,NIPPON INDIA INDEX FUND - BSE SENSEX PLAN - DIRECT Plan - ANNUAL - IDCW Option,31.5079
2026-09-28,118788,NIPPON INDIA INDEX FUND - BSE SENSEX PLAN - DIRECT Plan - HALF YEARLY - IDCW Option,31.4671
2026-09-28,118790,NIPPON INDIA INDEX FUND - BSE SENSEX PLAN - DIRECT Plan - QUARTERLY - IDCW Option,31.5102
2026-09-28,118791,Nippon India Index Fund - BSE Sensex Plan - Direct Plan Growth Plan - Growth Option,39.6097
2026-09-28,118793,NIPPON INDIA AGGRESSIVE HYBRID FUND - DIRECT Plan - IDCW Option,36.8082
2026-09-28,118794,Nippon India Aggressive Hybrid Fund  - Direct Plan Growth Plan,117.8090
2026-09-28,118796,Nippon India Short Term Fund - Direct Plan Growth Plan - Growth Option,61.5041
2026-09-28,118797,NIPPON INDIA SHORT TERM FUND - Direct Plan - MONTHLY IDCW Option,11.7370
2026-09-28,118800,NIPPON INDIA SHORT TERM FUND - Direct Plan - QUARTERLY IDCW OPTION,15.1797
2026-09-28,118801,NIPPON INDIA ELSS TAX SAVER FUND - DIRECT Plan - IDCW Option,44.1688
2026-09-28,118803,Nippon India ELSS Tax Saver Fund - Direct Plan Growth Plan - Growth Option,139.5558
2026-09-28,118807,Nippon India Corporate Bond Fund - Direct Plan Growth Plan - Bonus,47.9574
2026-09-28,118808,NIPPON INDIA CORPORATE BOND FUND - DIRECT Plan - DAILY IDCW Option,17.0415
2026-09-28,118809,NIPPON INDIA CORPORATE BOND FUND - DIRECT Plan - MONTHLY IDCW Option,11.7522
2026-09-28,118811,NIPPON INDIA CORPORATE BOND FUND - DIRECT Plan - QUARTERLY IDCW Option,12.0740
2026-09-28,118812,NIPPON INDIA CORPORATE BOND FUND - DIRECT Plan - WEEKLY IDCW Option,17.0454
2026-09-28,118814,Nippon India Corporate Bond Fund - Direct Plan Growth Plan - Growth Option,67.1722
2026-09-28,118825,Mirae Asset Large Cap Fund - Direct Plan - Growth,121.563
2026-09-28,118826,Mirae Asset Large Cap Fund - Direct Plan - IDCW,63.455
2026-09-28,118834,Mirae Asset Large & Midcap Fund - Direct Plan - Growth,170.845
2026-09-28,118835,Mirae Asset Large & Midcap Fund - Direct Plan - IDCW,80.112
2026-09-28,118837,Mirae Asset Great Consumer Fund - Direct Plan - Growth,108.829
2026-09-28,118838,Mirae Asset Great Consumer Fund - Direct Plan - IDCW,65.343
2026-09-28,118840,Mirae Asset Ultra Short to Short Term Fund - Direct Plan - Growth,2659.1728
2026-09-28,118841,Mirae Asset Ultra Short to Short Term Fund - Direct Plan - Monthly IDCW,1159.5626
2026-09-28,118842,Mirae Asset Ultra Short to Short Term Fund - Direct Plan - Quarterly IDCW,1012.4275
2026-09-28,118843,Mirae Asset Ultra Short to Short Term Fund - Direct Plan - Daily IDCW,1208.3684
2026-09-28,118844,Mirae Asset Ultra Short to Short Term Fund - Direct Plan - Weekly IDCW,1453.6958
2026-09-28,118859,Mirae Asset Liquid Fund - Direct Plan - Growth,3005.9590
2026-09-28,118860,Mirae Asset Liquid Fund - Direct Plan - Monthly IDCW,1135.0995
2026-09-28,118861,Mirae Asset Liquid Fund - Direct Plan - Daily IDCW,1075.8332
2026-09-28,118862,Mirae Asset Liquid Fund - Direct Plan - Weekly IDCW,1216.7692
2026-09-28,118866,Taurus ELSS Tax Saver Fund - Direct Plan - Growth,198.61
2026-09-28,118867,Taurus ELSS Tax Saver Fund - Direct Plan - Payout of Income Distribution cum Capital Withdrawal option,91.53
2026-09-28,118868,Taurus Banking & Financial Services Fund - Direct Plan - Growth,57.16
2026-09-28,118869,Taurus Banking & Financial Services Fund - Direct Plan - Payout of Income Distribution cum Capital Withdrawal option,56.50
2026-09-28,118870,Taurus Large Cap Fund - Direct Plan - Growth,175.22
2026-09-28,118871,Taurus Large Cap Fund - Direct Plan - Payout of Income Distribution cum Capital Withdrawal option,67.08
2026-09-28,118872,Taurus Mid Cap Fund - Direct Plan - Growth,133.75
2026-09-28,118873,Taurus Mid Cap Fund - Direct Plan - Payout of Income Distribution cum Capital Withdrawal option,106.28
2026-09-28,118876,Taurus Ethical Fund - Direct Plan - Growth,138.92
2026-09-28,118877,Taurus Ethical Fund - Direct Plan - Payout of Income Distribution cum Capital Withdrawal option,91.61
2026-09-28,118878,Taurus Ethical Fund-Direct Plan-Bonus Option #,45.53
2026-09-28,118879,Taurus Infrastructure Fund - Direct Plan - Growth,64.16
2026-09-28,118880,Taurus Infrastructure Fund - Direct Plan - Payout of Income Distribution cum Capital Withdrawal option,59.76
2026-09-28,118881,Taurus Nifty 50 Index Fund - Direct Plan - Growth,46.2950
2026-09-28,118882,Taurus Nifty 50 Index Fund - Direct Plan - Payout of Income Distribution cum Capital Withdrawal option,41.1173
2026-09-28,118883,Taurus Flexi Cap Fund - Direct Plan - Growth,248.52
2026-09-28,118884,Taurus Flexi Cap Fund - Direct Plan -  Payout of Income Distribution cum Capital Withdrawal option,109.10
2026-09-28,118901,HSBC Liquid Fund - Regular Daily IDCW,1001.3789
2026-09-28,118902,HSBC Liquid Fund - Regular Growth,2807.5289
2026-09-28,118903,HSBC Liquid Fund - Regular Monthly IDCW,1002.7544
2026-09-28,118904,HSBC Liquid Fund - Regular Weekly IDCW,1108.0848
2026-09-28,118906,HSBC Liquid Fund - IDCW,1019.3
2026-09-28,118907,HSBC Liquid Fund - Growth,4050.7147
2026-09-28,118908,HSBC Liquid Fund - Weekly IDCW,1001.8642
2026-09-28,118909,HSBC Liquid Fund - Institutional Daily IDCW,1562.8262
2026-09-28,118921,DSP Medium Term Fund - Direct Plan - IDCW - Monthly,11.2047
2026-09-28,118922,DSP Medium Term Fund - Direct Plan - IDCW,11.7406
2026-09-28,118924,DSP Medium Term Fund - Direct Plan - Growth,91.8444
2026-09-28,118934,HDFC Value Fund - IDCW Option - Direct Plan,44.723
2026-09-28,118935,HDFC Value Fund - Growth Option - Direct Plan,864.553
2026-09-28,118942,HDFC Ultra Short to Short Term Fund - Direct Plan - Growth,67.6419
2026-09-28,118943,HDFC Ultra Short to Short Term Fund - Direct Plan - Monthly IDCW,10.1803
2026-09-28,118944,HDFC Ultra Short to Short Term Fund - Direct Plan - Weekly IDCW,10.058
2026-09-28,118945,HDFC Ultra Short to Short Term Fund - Direct Plan - Daily IDCW,10.06
2026-09-28,118949,HDFC Focused Fund - IDCW Option - Direct Plan,30.669
2026-09-28,118950,HDFC Focused Fund - Growth Option - Direct Plan,257.893
2026-09-28,118954,HDFC Flexi Cap Fund - IDCW Option - Direct Plan,88.189
2026-09-28,118955,HDFC Flexi Cap Fund - Growth Option - Direct Plan,2181.069
2026-09-28,118959,HDFC Floating Interest Rates Fund - Direct Plan - Daily IDCW,10.0615
2026-09-28,118960,HDFC Floating Interest Rates Fund - Direct Plan - Monthly IDCW,10.1616
2026-09-28,118961,HDFC Floating Interest Rates Fund - Direct Plan - Growth Option,54.8575
2026-09-28,118962,HDFC Floating Interest Rates Fund - Direct Plan - Weekly IDCW,10.0232
2026-09-28,118968,HDFC Balanced Advantage Fund - Growth Plan - Direct Plan,551.039
2026-09-28,118969,HDFC Balanced Advantage Fund - IDCW Plan - Direct Plan,41.332
2026-09-28,118978,HDFC Infrastructure Fund - IDCW Option - Direct Plan,30.941
2026-09-28,118979,HDFC Infrastructure Fund - Growth Option - Direct Plan,50.561
2026-09-28,118986,HDFC Corporate Bond Fund - Quarterly IDCW Option - Direct Plan,10.391
2026-09-28,118987,HDFC Corporate Bond Fund - Growth Option - Direct Plan,35.1122
2026-09-28,118988,HDFC Mid Cap Fund - IDCW Option - Direct Plan,79.244
2026-09-28,118989,HDFC Mid Cap Fund - Growth Option - Direct Plan,223.172
2026-09-28,118992,DSP Conservative Hybrid Fund - Direct Plan - IDCW - Monthly,13.9474
2026-09-28,118993,DSP Conservative Hybrid Fund - Direct Plan - IDCW - Quarterly,13.8504
2026-09-28,118994,DSP Conservative Hybrid Fund - Direct Plan - Growth,68.5690
2026-09-28,119015,HDFC Short Term Fund - Fortnightly IDCW - Direct Plan,10.2781
2026-09-28,119016,HDFC Short Term Fund - Growth Option - Direct Plan,35.3628
2026-09-28,119017,HDFC Large Cap Fund - IDCW Option - Direct Plan,59.261
2026-09-28,119018,HDFC Large Cap Fund - Growth Option - Direct Plan,1170.112
2026-09-28,119019,DSP Aggressive Hybrid Fund - Direct Plan - Growth,384.3720
2026-09-28,119020,DSP Aggressive Hybrid Fund - Direct Plan - IDCW,67.8710
2026-09-28,119028,DSP Natural Resources and New Energy Fund - Direct Plan - Growth,119.2710
2026-09-28,119029,DSP Natural Resources and New Energy Fund - Direct Plan - IDCW,37.7210
2026-09-28,119053,Tata Aggressive Hybrid Fund -Direct Plan- Growth Option,478.9922
2026-09-28,119057,Tata Aggressive Hybrid Fund- Direct Plan - Monthly Payout of IDCW Option,93.6998
2026-09-28,119058,Tata Aggressive Hybrid Fund- Direct Plan - Periodic Payout of IDCW Option,94.0402
2026-09-28,119059,HDFC ELSS - Tax Saver Fund- IDCW Option - Direct Plan,89.192
2026-09-28,119060,HDFC ELSS - Tax Saver Fund - Growth Option - Direct Plan,1426.928
2026-09-28,119061,HDFC Aggressive Hybrid Fund - IDCW Option - Direct Plan,16.901
2026-09-28,119062,HDFC Aggressive Hybrid Fund - Growth Option - Direct Plan,120.657
2026-09-28,119063,HDFC Nifty 50 Index Fund - Direct Plan,222.9691
2026-09-28,119065,HDFC BSE Sensex Index Fund - Direct Plan,696.6611
2026-09-28,119066,HDFC Childrens Fund - Direct Plan,317.895
2026-09-28,119068,HDFC Medium to Long Term Fund - Quarterly IDCW- Direct Plan,12.7888
2026-09-28,119069,HDFC Medium to Long Term Fund - Growth Option - Direct Plan,67.0349
2026-09-28,119070,DSP Midcap Fund - Direct Plan - IDCW,66.9410
2026-09-28,119071,DSP Midcap Fund - Direct Plan - Growth,167.6320
2026-09-28,119072,HDFC Dynamic Term Fund - Half Yearly IDCW - Direct Plan,13.7284
2026-09-28,119073,HDFC Dynamic Term Fund - Quarterly IDCW - Direct Plan,14.1412
2026-09-28,119074,HDFC Dynamic Term Fund - Yearly IDCW - Direct Plan,15.3676
2026-09-28,119075,HDFC Dynamic Term Fund - Growth Option - Direct Plan,103.0687
2026-09-28,119076,DSP Flexi Cap Fund - Direct Plan - Growth,111.7910
2026-09-28,119077,DSP Flexi Cap Fund - Direct Plan - IDCW,82.1820
2026-09-28,119080,HDFC Medium Term Fund - Fortnightly IDCW Opt - Direct Plan,10.0769
2026-09-28,119081,HDFC Medium Term Fund - Growth Option - Direct Plan,65.931
2026-09-28,119082,DSP Credit Risk Fund - Direct Plan - Growth,60.8323
2026-09-28,119083,DSP Credit Risk Fund - Direct Plan - IDCW,12.7516
2026-09-28,119084,DSP Credit Risk Fund - Direct Plan -  IDCW - Monthly,11.2111
2026-09-28,119085,DSP Credit Risk Fund - Direct Plan - IDCW - Quarterly,11.6695
2026-09-28,119086,DSP Credit Risk Fund - Direct Plan - IDCW - Weekly,11.1110
2026-09-28,119087,DSP Credit Risk Fund - Direct Plan - IDCW - Daily,11.1016
2026-09-28,119088,HDFC Liquid Fund - IDCW Weekly - Direct Plan,1031.8923
2026-09-28,119089,HDFC Liquid Fund - IDCW Daily - Direct Plan,1019.82
2026-09-28,119090,HDFC Liquid Fund - IDCW Monthly - Direct Plan,1030.8651
2026-09-28,119091,HDFC Liquid Fund - Growth Option - Direct Plan,5591.1517
2026-09-28,119092,HDFC Money Market Fund - Growth Option - Direct Plan,6318.8612
2026-09-28,119093,HDFC Money Market Fund - Daily IDCW Option - Direct Plan,1063.64
2026-09-28,119094,HDFC Money Market Fund - Weekly IDCW Option -Direct Plan,1063.3474
2026-09-28,119095,DSP Focused Fund - Direct Plan - IDCW,38.8800
2026-09-28,119096,DSP Focused Fund - Direct Plan - Growth,60.1290
2026-09-28,119099,DSP Gilt Fund - Direct Plan - Growth,105.2386
2026-09-28,119100,DSP Gilt Fund - Direct Plan - IDCW - Monthly,10.7857
2026-09-28,119101,DSP Gilt Fund - Direct Plan - IDCW,12.8614
2026-09-28,119106,DSP Money Market Fund - Direct Plan - Growth,58.7746
2026-09-28,119107,DSP Money Market Fund - Direct Plan - IDCW - Monthly,11.0957
2026-09-28,119108,DSP Money Market Fund - Direct Plan - IDCW,12.7067
2026-09-28,119109,HDFC Overnight Fund - Daily IDCW Option - Direct Plan,1042.66
2026-09-28,119110,HDFC Overnight Fund - Growth Option - Direct Plan,4093.574
2026-09-28,119115,HDFC Gilt Fund - IDCW Option - Direct Plan,12.8909
2026-09-28,119116,HDFC Gilt Fund - Growth Option - Direct Plan,60.0146
2026-09-28,119118,HDFC Conservative Hybrid Fund - Growth Option - Direct Plan,88.3961
2026-09-28,119119,HDFC Conservative Hybrid Fund - IDCW Monthly - Direct Plan,14.6928
2026-09-28,119120,HDFC Conservative Hybrid Fund - IDCW Quarterly - Direct Plan,15.4735
2026-09-28,119123,DSP Liquid Fund - Direct Plan - IDCW - Weekly,1001.8641
2026-09-28,119124,DSP Liquid Fund - Direct Plan - IDCW - Daily,1001.4663
2026-09-28,119125,DSP Liquid Fund - Direct Plan - Growth,4073.5010
2026-09-28,119128,HDFC Equity Savings Fund - Growth Option - Direct Plan,75.651
2026-09-28,119129,HDFC Equity Savings Fund - IDCW Option - Direct Plan,14.676
2026-09-28,119130,HDFC Multi Asset Allocation Fund - IDCW Option - Direct Plan,21.031
2026-09-28,119131,HDFC Multi Asset Allocation Fund - Growth Option - Direct Plan,82.535
2026-09-28,119132,HDFC Gold ETF Fund of Fund - Direct Plan,45.7606
2026-09-28,119133,Groww Largecap Fund (formerly known as Indiabulls Blue Chip Fund) - Direct Plan - Growth Option,49.94
2026-09-28,119134,Groww Largecap Fund (formerly known as Indiabulls Bluechip Fund)- Direct Plan- - Income Distribution cum capital withdrawal Option (Payout & Reinvestment),28.92
2026-09-28,119135,Groww Liquid Fund ( formerly known as Indiabulls Liquid )Fund - Direct Plan - Growth Option,2760.5443
2026-09-28,119136,Groww Liquid Fund (formerly known as Indiabulls Liquid Fund) - Direct Plan- - Income Distribution cum capital withdrawal Option ( Reinvestment),1002.0907
2026-09-28,119137,Groww Liquid Fund (formerly known as Indiabulls Liquid Fund)- Direct Plan- Weekly - Income Distribution cum capital withdrawal Option (Payout & Reinvestment),1001.7855
2026-09-28,119138,Groww Liquid Fund (formerly known as Indiabulls Liquid Fund)- Direct Plan- Fortnightly - Income Distribution cum capital withdrawal Option (Payout & Reinvestment),1002.2183
2026-09-28,119139,Groww Liquid Fund (formerly known as Indiabulls Liquid Fund)- Direct Plan- Monthly - Income Distribution cum capital withdrawal Option (Payout & Reinvestment),1033.7048
2026-09-28,119159,Tata Large Cap Fund- Direct Plan - Payout of IDCW Option,117.9198
2026-09-28,119160,Tata Large Cap Fund -Direct Plan Growth Option,555.9106
2026-09-28,119161,Navi Liquid Fund - Direct Plan Monthly IDCW - Payout,10.0169
2026-09-28,119162,Navi Liquid Fund - Direct Plan Weekly IDCW - Payout,10.0126
2026-09-28,119163,Navi Liquid Fund - Direct Plan Daily IDCW - ReInvestment,10.0129
2026-09-28,119164,Navi Liquid Fund-Direct Plan-Growth Option,30.6958
2026-09-28,119171,Tata Ethical Fund- Direct Plan - Payout of IDCW Option,214.5375
2026-09-28,119172,Tata Ethical Fund -Direct Plan- Growth Option,401.2418
2026-09-28,119177,Tata Mid Cap Fund - Direct Plan- IDCW Option,163.9308
2026-09-28,119178,Tata Mid Cap Fund - Direct Plan- Growth Option,511.4138
2026-09-28,119201,Tata Large & Mid Cap Fund Direct Plan - Payout of IDCW Option,101.7658
2026-09-28,119202,Tata Large & MId Cap Fund -Direct Plan- Growth Option,550.6681
2026-09-28,119203,DSP Ultra Short Term Fund - Direct Plan - IDCW - Daily,1005.3951
2026-09-28,119204,DSP Ultra Short Term Fund - Direct Plan - IDCW - Monthly,1093.3864
2026-09-28,119205,DSP Ultra Short Term Fund - Direct Plan - Growth,4013.1309
2026-09-28,119206,DSP Ultra Short Term Fund - Direct Plan - IDCW,1150.1651
2026-09-28,119207,DSP Ultra Short Term Fund - Direct Plan - IDCW - Weekly,1005.3161
2026-09-28,119212,DSP Small Cap Fund - Direct Plan - Growth,253.6710
2026-09-28,119213,DSP Small Cap Fund - Direct Plan - IDCW,69.6260
2026-09-28,119218,DSP Large & Mid Cap Fund - Direct Plan - Growth,666.1480
2026-09-28,119219,DSP Large & Mid Cap Fund - Direct Plan - IDCW,99.3550
2026-09-28,119222,DSP Short Term Fund - Direct Plan - IDCW,12.3153
2026-09-28,119223,DSP Short Term Fund - Direct Plan - IDCW - Weekly,10.1607
2026-09-28,119224,DSP Short Term Fund - Direct Plan - IDCW - Monthly,11.7228
2026-09-28,119226,DSP Short Term Fund - Direct Plan - Growth,53.9375
2026-09-28,119231,Tata Value Fund -Direct Plan Growth Option,387.5548
2026-09-28,119232,Tata Value Fund- Direct Plan -Payout of IDCW-Option A(5%),142.4054
2026-09-28,119233,Tata Value Fund- Direct Plan - Payout of IDCW -Option B(10%),131.7067
2026-09-28,119236,DSP Dynamic Term Fund - Direct Plan - IDCW - Monthly,1065.5265
2026-09-28,119238,DSP Dynamic Term Fund - Direct Plan - IDCW,2494.3571
2026-09-28,119239,DSP Dynamic Term Fund - Direct Plan - Growth,3661.0370
2026-09-28,119241,DSP ELSS Tax Saver Fund - Direct Plan - IDCW,87.1300
2026-09-28,119242,DSP ELSS Tax Saver Fund - Direct Plan - Growth,147.8670
2026-09-28,119243,Tata Infrastructure Fund -Direct Plan -Growth Option,192.0172
2026-09-28,119244,Tata Infrastructure Fund- Direct Plan - Payout of IDCW Option,94.0496
2026-09-28,119247,DSP India T.I.G.E.R. Fund - Direct Plan - Growth,385.4070
2026-09-28,119248,DSP India T.I.G.E.R. Fund - Direct Plan - IDCW,56.7070
2026-09-28,119249,DSP Large Cap Fund - Direct Plan - IDCW,25.6520
2026-09-28,119250,DSP Large Cap Fund - Direct Plan - Growth,480.0400
2026-09-28,119251,Tata Retirement Savings Fund- Progressive Plan -Direct Plan-Growth Option,81.5502
2026-09-28,119252,DSP US Specific Equity Omni FoF - Direct Plan - Growth,103.2165
2026-09-28,119253,DSP US Specific Equity Omni FoF - Direct Plan - IDCW,82.1301
2026-09-28,119255,Tata Retirement Savings Fund- Moderate Plan -Direct Plan-Growth Option,79.3198
2026-09-28,119256,Tata Retirement Savings Fund- Conservative Plan-Direct Plan-Growth Option,38.3684
2026-09-28,119275,DSP Global Clean Energy Overseas Equity Omni FoF Direct Plan - Growth,29.1267
2026-09-28,119276,DSP Global Clean Energy Overseas Equity Omni FoF - Direct Plan - IDCW,20.3189
2026-09-28,119277,DSP World Gold Mining Overseas Equity Omni FoF - Direct Plan - Growth,63.3714
2026-09-28,119278,DSP World Gold Mining Overseas Equity Omni FoF - Direct Plan - IDCW,37.9327
2026-09-28,119279,DSP World Mining Overseas Equity Omni FoF - Direct Plan - Growth,35.4472
2026-09-28,119280,DSP World Mining Overseas Equity Omni FoF - Direct Plan - IDCW,32.0158
2026-09-28,119281,Tata ELSS Fund- Direct Plan - Payout of IDCW Option,226.6837
2026-09-28,119287,Tata S&P BSE Sensex Index Fund - Direct Plan,194.9740
2026-09-28,119288,Tata Nifty 50 Index Fund -Direct Plan,155.0331
2026-09-28,119292,Union Flexi Cap Fund - Direct Plan - Growth Option,57.35
2026-09-28,119293,Union Flexi Cap Fund - Direct Plan - IDCW Option,46.32
2026-09-28,119300,BANK OF INDIA Large & Mid Cap Fund Direct Plan- Bonus,54.11
2026-09-28,119301,Union Liquid Fund - Direct Plan - Daily IDCW Option,1003.3973
2026-09-28,119302,Union Liquid Fund - Direct Plan - Monthly IDCW Option,1001.5146
2026-09-28,119303,Union Liquid Fund - Direct Plan - Growth Option,2746.6566
2026-09-28,119304,Union Liquid Fund - Direct Plan - Weekly IDCW Option,1001.9927
2026-09-28,119305,Union Liquid Fund - Direct Plan - Fortnightly IDCW Option,1001.6141
2026-09-28,119306,Union ELSS Tax Saver Fund - Direct Plan - IDCW Option,69.61
2026-09-28,119307,Union ELSS Tax Saver Fund - Direct Plan - Growth Option,69.61
2026-09-28,119310,Union Dynamic Term Fund - Direct Plan - IDCW Option,16.5559
2026-09-28,119311,Union Dynamic Term Fund - Direct Plan - Growth Option,24.7165
2026-09-28,119312,Tata Childrens Fund-Direct Plan-Growth Option,59.7274
2026-09-28,119333,Baroda BNP Paribas Banking and Financial Services Fund - Direct - Growth Option,53.8506
2026-09-28,119334,Baroda BNP Paribas Banking and Financial Services Fund - Direct - IDCW Option,22.5707
2026-09-28,119340,Baroda BNP Paribas GILT FUND - Direct Plan - IDCW Option,35.3538
2026-09-28,119341,Baroda BNP Paribas GILT FUND - Direct Plan - Growth Option,48.1579
2026-09-28,119346,BANK OF INDIA Large & Mid Cap Fund Direct Plan-Regular IDCW,28.66
2026-09-28,119349,BANK OF INDIA Large & Mid Cap Fund Direct  Plan- Quarterly IDCW,29.10
2026-09-28,119350,BANK OF INDIA Large & Mid Cap Fund Direct Plan-Growth,104.80
2026-09-28,119351,BANK OF INDIA ELSS Tax Saver FUND -Direct Plan- Growth,190.86
2026-09-28,119352,BANK OF INDIA ELSS Tax Saver FUND -Direct Plan-IDCW,76.22
2026-09-28,119353,Baroda BNP Paribas MULTI CAP FUND - Direct Plan - IDCW Option,53.1036
2026-09-28,119354,Baroda BNP Paribas MULTI CAP FUND - Direct Plan - Growth Option,323.1814
2026-09-28,119363,BANK OF INDIA Manufacturing & Infrastructure Fund-Direct Plan-Regular IDCW,74.62
2026-09-28,119364,BANK OF INDIA Manufacturing & Infrastructure Fund-Direct Plan-Growth,79.09
2026-09-28,119365,BANK OF INDIA Manufacturing & Infrastructure Fund-Direct Plan-Quarterly IDCW,77.74
2026-09-28,119368,BANK OF INDIA Liquid Fund- Direct Plan- Daily IDCW,1005.0000
2026-09-28,119369,BANK OF INDIA Liquid Fund- Direct Plan- Growth,3279.7838
2026-09-28,119370,BANK OF INDIA Liquid Fund- Direct Plan- Weekly IDCW,1005.0000
2026-09-28,119379,BANK OF INDIA Ultra Short Term Fund- Direct Plan- Growth,3536.0286
2026-09-28,119380,BANK OF INDIA Ultra Short Term Fund- Direct Plan- Daily IDCW,1005.0000
2026-09-28,119381,BANK OF INDIA Ultra Short Term Fund- Direct Plan- Weekly IDCW,1005.8205
2026-09-28,119382,BANK OF INDIA Short Term Fund-Direct Plan- Growth,31.0708
2026-09-28,119383,BANK OF INDIA Short Term Fund-Direct Plan- Monthly IDCW,15.1061
2026-09-28,119384,BANK OF INDIA Short Term Fund-Direct Plan- Quarterly IDCW,14.3237
2026-09-28,119393,BANK OF INDIA Conservative Hybrid Fund Fund-Direct Plan-Growth,37.7680
2026-09-28,119394,BANK OF INDIA Conservative Hybrid Fund-Direct Plan-Monthly IDCW,16.8228
2026-09-28,119395,BANK OF INDIA Conservative Hybrid  Fund-Direct Plan-Quarterly IDCW,18.5553
2026-09-28,119396,BANK OF INDIA Conservative Hybrid Fund-Direct Plan-Annual IDCW,17.2088
2026-09-28,119399,Baroda BNP Paribas Short Term Fund - Direct Plan - Monthly IDCW Option,10.4594
2026-09-28,119400,Baroda BNP Paribas Short Term Fund - Direct Plan - Growth Option,33.9597
2026-09-28,119414,Baroda BNP Paribas LIQUID FUND - DIRECT PLAN - DAILY IDCW OPTION,1002.0849
2026-09-28,119415,Baroda BNP Paribas LIQUID FUND - DIRECT PLAN - GROWTH OPTION,3281.3724
2026-09-28,119416,Baroda BNP Paribas LIQUID FUND - DIRECT PLAN - WEEKLY IDCW OPTION,1221.1386
2026-09-28,119421,Tata Money Market Fund- Direct Plan - Daily Reinvestment of IDCW Option,1114.5200
2026-09-28,119424,Tata Money Market Fund- Direct Plan- Growth Option,5220.4145
2026-09-28,119433,Aditya Birla Sun Life Large & Mid Cap Fund -Direct - IDCW,207.97
2026-09-28,119436,Aditya Birla Sun Life Large & Mid Cap Fund - Growth - Direct Plan,1033.41
2026-09-28,119496,Aditya Birla Sun Life Short Term Fund - DIRECT - IDCW,11.1051
2026-09-28,119497,Aditya Birla Sun Life Short Term Fund-Quarterly-IDCW-Direct,10.8576
2026-09-28,119498,Aditya Birla Sun Life Short Term Fund - Growth - Direct Plan,55.2119
2026-09-28,119499,Aditya Birla Sun Life Ultra Short Term Fund-DIRECT - WEEKLY IDCW,100.5446
2026-09-28,119500,Aditya Birla Sun Life Ultra Short Term Fund-DIRECT - DAILY IDCW,100.0399
2026-09-28,119501,Aditya Birla Sun Life Ultra Short Term Fund - Growth - Direct Plan,605.1168
2026-09-28,119502,Aditya Birla Sun Life Dynamic Term Fund -Direct - Quarterly IDCW,11.1081
2026-09-28,119503,Aditya Birla Sun Life Dynamic Term Fund -DIRECT - MONTHLY IDCW,11.1326
2026-09-28,119505,Aditya Birla Sun Life Dynamic Term Fund - Growth - Direct Plan,52.8931
2026-09-28,119506,Aditya Birla Sun Life Dividend Yield Fund -DIRECT - IDCW,44.02
2026-09-28,119507,Aditya Birla Sun Life Dividend Yield Fund - Growth - Direct Plan,485.55
2026-09-28,119511,Aditya Birla Sun Life Money Market Fund - Growth - Direct Plan,406.3709
2026-09-28,119512,Aditya Birla Sun Life Money Market Fund - Direct - weekly IDCW,100.1230
2026-09-28,119513,Aditya Birla Sun Life Money Market Fund - Direct - daily IDCW,100.0200
2026-09-28,119514,Aditya Birla Sun Life Infrastructure Fund - Growth - Direct Plan,118.46
2026-09-28,119515,Aditya Birla Sun Life Infrastructure Fund -  Direct - IDCW,46.11
2026-09-28,119516,Aditya Birla Sun Life International Equity Fund - Direct - IDCW,53.8232
2026-09-28,119517,Aditya Birla Sun Life International Equity Fund - Growth - Direct Plan,57.7781
2026-09-28,119522,Aditya Birla Sun Life Ultra Short to Short Term Fund -Direct - weekly IDCW,100.5658
2026-09-28,119523,Aditya Birla Sun Life Ultra Short to Short Term Fund - Growth - Direct Plan,784.7658
2026-09-28,119524,Aditya Birla Sun Life Ultra Short to Short Term Fund -Direct - daily IDCW,99.9423
2026-09-28,119525,Aditya Birla Sun Life Arbitrage Fund-DIRECT - IDCW,11.4555
2026-09-28,119526,Aditya Birla Sun Life Arbitrage Fund - Growth - Direct Plan,31.0001
2026-09-28,119527,Aditya Birla Sun Life Large Cap Fund-DIRECT - IDCW,88.65
2026-09-28,119528,Aditya Birla Sun Life Large Cap Fund - Growth - Direct Plan,551.17
2026-09-28,119532,Aditya Birla Sun Life Corporate Bond Fund -DIRECT - MONTHLY IDCW,12.7300
2026-09-28,119533,Aditya Birla Sun Life Corporate Bond Fund - Growth - Direct Plan,121.4062
2026-09-28,119538,Aditya Birla Sun Life Medium Term Fund- Direct - IDCW,18.2815
2026-09-28,119539,Aditya Birla Sun Life Medium Term Fund - Growth - Direct Plan,47.9885
2026-09-28,119540,Aditya Birla Sun Life Medium Term Fund- DIRECT - HALF YEARLY IDCW,14.7744
2026-09-28,119541,Aditya Birla Sun Life Medium Term Fund - DIRECT - Quarterly IDCW,14.3463
2026-09-28,119543,Aditya Birla Sun Life ELSS Tax Saver Fund-DIRECT - IDCW,416.79
2026-09-28,119544,Aditya Birla Sun Life ELSS Tax Saver Fund - Growth - Direct Plan,66.32
2026-09-28,119548,Sundaram Value Fund Direct Plan - Income Distribution cum Capital Withdrawal (IDCW),17.6519
2026-09-28,119549,Sundaram Value Fund Direct Plan - Growth,215.7505
2026-09-28,119550,Aditya Birla Sun Life Banking & PSU Debt Fund- Direct Plan-Growth,403.6031
2026-09-28,119551,Aditya Birla Sun Life Banking & PSU Debt Fund  - DIRECT - IDCW,106.8699
2026-09-28,119552,Aditya Birla Sun Life Banking & PSU Debt Fund  - DIRECT - MONTHLY IDCW,116.3152
2026-09-28,119553,Aditya Birla Sun Life Banking & PSU Debt Fund  - Direct - Quarterly IDCW,103.6603
2026-09-28,119556,Aditya Birla Sun Life Small Cap Fund - Growth - Direct Plan,113.1253
2026-09-28,119557,Aditya Birla Sun Life Small Cap Fund -Direct - IDCW,73.8596
2026-09-28,119563,Aditya Birla Sun Life Focused Fund -Direct - IDCW,53.1497
2026-09-28,119564,Aditya Birla Sun Life Focused Fund - Growth - Direct Plan,160.1207
2026-09-28,119565,Sundaram Large and Midcap Direct Plan - Income Distribution cum Capital Withdrawal (IDCW),34.8681
2026-09-28,119566,Sundaram Large and Midcap Fund Direct Plan - Growth,101.0766
2026-09-28,119567,SBI Arbitrage Fund - Direct Plan - Income Distribution cum Capital Withdrawal Option (IDCW),20.9933
2026-09-28,119568,Aditya Birla Sun Life Liquid Fund - Growth - Direct Plan,460.1847
2026-09-28,119569,Aditya Birla Sun Life Liquid Fund -Direct - daily IDCW,100.1950
2026-09-28,119570,Aditya Birla Sun Life Liquid Fund -Direct - weekly IDCW,100.2708
2026-09-28,119571,Aditya Birla Sun Life Liquid Fund -DIRECT - IDCW,138.3975
2026-09-28,119574,SBI Arbitrage Fund - Direct Plan - Gr,38.8540
2026-09-28,119581,Sundaram Mid Cap Fund Direct Plan - Growth,1576.0172
2026-09-28,119582,Sundaram Mid Cap Fund Direct Plan - Income Distribution cum Capital Withdrawal (IDCW),69.0197
2026-09-28,119585,SBI Large Cap Fund - Direct Plan - Income Distribution cum Capital Withdrawal Option (IDCW),64.7793
2026-09-28,119588,Sundaram Small Cap Fund Direct Plan - Income Distribution cum Capital Withdrawal (IDCW),40.2930
2026-09-28,119589,Sundaram Small Cap Fund Direct Plan - Growth,326.9404
2026-09-28,119590,Aditya Birla Sun Life Consumption Fund -DIRECT - IDCW,44.45
2026-09-28,119591,Aditya Birla Sun Life Consumption Fund - Growth - Direct Plan,231.02
2026-09-28,119594,Sundaram Consumption Fund (Formerly Known asSundaram Rural and Consumption Fund Direct Plan - Income Distribution cum Capital Withdrawal (IDCW),27.2148
2026-09-28,119595,Sundaram Consumption Fund (Formerly Known as Sundaram Rural and Consumption Fund Direct Plan - Growth),102.3390
2026-09-28,119596,Sundaram Financial Services Opportunities Fund Direct Plan - Income Distribution cum Capital Withdrawal (IDCW),32.3140
2026-09-28,119597,Sundaram Financial Services Opportunities Fund Direct Plan - Growth,118.4969
2026-09-28,119598,SBI Large Cap FUND-DIRECT PLAN -GROWTH,99.8149
2026-09-28,119601,Sundaram Global Brand Theme-Equity Active FOF - Direct IDCW,39.9912
2026-09-28,119602,Sundaram Global Brand Theme-Equity Active FOF - Direct Growth,47.6517
2026-09-28,119604,SBI Aggresive Hybrid Fund - Direct Plan - Income Distribution cum Capital Withdrawal Option (IDCW),99.3451
2026-09-28,119605,Aditya Birla Sun Life Gilt Fund - Growth - Direct Plan,87.8259
2026-09-28,119606,Aditya Birla Sun Life Gilt Fund -DIRECT - Quarterly IDCW,11.3640
2026-09-28,119609,SBI AGGRESIVE HYBRID FUND - DIRECT PLAN - Growth,339.5033
2026-09-28,119613,SBI Comma Fund - Direct Plan - Income Distribution cum Capital Withdrawal Option (IDCW),70.8886
2026-09-28,119619,Aditya Birla Sun Life Midcap Fund -DIRECT - IDCW,98.19
2026-09-28,119620,Aditya Birla Sun Life Midcap Fund - Growth - Direct Plan,919.61
2026-09-28,119621,Sundaram Corporate Bond Fund Direct Plan - Growth,44.1010
2026-09-28,119625,Sundaram Banking and PSU Debt Fund Direct Plan - Growth,46.4528
2026-09-28,119626,Sundaram Banking and PSU Debt Fund Direct Plan - IDCW,11.5645
2026-09-28,119630,Sundaram Corporate Bond Fund Direct Plan-Income Distribution cum Capital Withdrawal(IDCW),19.6866
2026-09-28,119635,Sundaram Conservative Hybrid Fund (Formerly Known as Sundaram Debt Oriented Hybrid Fund) Direct Plan - Growth,32.3169
2026-09-28,119637,Sundaram Conservative Hybrid Fund (Formerly Known as Sundaram Debt Oriented Hybrid Fund) Direct Plan -Income Distribution cum Capital Withdrawal (IDCW),20.3034
2026-09-28,119646,Aditya Birla Sun Life MNC Fund - Growth - Direct Plan,1397.26
2026-09-28,119647,Aditya Birla Sun Life MNC Fund - DIRECT - IDCW,416.04
2026-09-28,119648,Aditya Birla Sun Life Nifty 50 Index Fund - Growth - Direct Plan,238.0744
2026-09-28,119649,Aditya Birla Sun Life Nifty 50 Index Fund -DIRECT - IDCW,24.1176
2026-09-28,119655,Aditya Birla Sun Life Medium to Long Term Fund - Direct - Quarterly IDCW,13.8365
2026-09-28,119657,Aditya Birla Sun Life Medium to Long Term Fund - Growth - Direct Plan,139.6670
2026-09-28,119658,Aditya Birla Sun Life Value Fund - Direct - IDCW,75.6274
2026-09-28,119659,Aditya Birla Sun Life Value Fund - Growth - Direct Plan,152.5089
2026-09-28,119670,SBI Dynamic Term Fund - Direct Plan - Income Distribution cum Capital Withdrawal Option (IDCW),23.1572
2026-09-28,119671,SBI Dynamic Term Fund - DIRECT PLAN - Growth,41.4586
2026-09-28,119672,Sundaram Medium Term Fund Direct Plan-IDCW,27.0702
2026-09-28,119675,Sundaram Medium Term Fund Direct Plan - Growth,80.4954
2026-09-28,119695,SBI Infrastructure Fund - Direct Plan - Income Distribution cum Capital Withdrawal Option (IDCW),46.5953
2026-09-28,119700,SBI INFRASTRUCTURE FUND -  DIRECT PLAN - GROWTH,52.6492
2026-09-28,119705,SBI COMMA Fund - DIRECT PLAN - Growth,124.5744
2026-09-28,119706,SBI Gilt Fund - Direct Plan - Income Distribution cum Capital Withdrawal Option (IDCW),23.1779
2026-09-28,119707,SBI GILT FUND - DIRECT PLAN - GROWTH,72.6226
2026-09-28,119708,SBI ESG Exclusionary Strategy Fund - Direct Plan - Income Distribution cum Capital Withdrawal Option (IDCW),90.1990
2026-09-28,119709,SBI ESG Exclusionary Strategy Fund - Direct Plan -Growth,251.2538
2026-09-28,119710,SBI MNC Fund - Direct Plan - Income Distribution cum Capital Withdrawal Option (IDCW),159.3698
2026-09-28,119711,SBI MNC FUND - DIRECT PLAN -GROWTH,446.4585
2026-09-28,119712,SBI Medium to Long Term Fund-DIRECT PLAN - Bonus,48.5154
2026-09-28,119713,SBI Medium to Long Term Fund - Direct Plan - Half Yearly - Income Distribution cum Capital Withdrawal Option (IDCW),22.7003
2026-09-28,119714,SBI Medium to Long Term Fund-DIRECT PLAN -Growth,80.0084
2026-09-28,119715,SBI Midcap Fund - Direct Plan - Income Distribution cum Capital Withdrawal Option (IDCW),149.6205
2026-09-28,119716,SBI MIDCAP FUND - DIRECT PLAN - GROWTH,263.9056
2026-09-28,119717,SBI Flexicap Fund - Direct Plan - Income Distribution cum Capital Withdrawal Option (IDCW),59.4824
2026-09-28,119718,SBI Flexicap Fund - DIRECT PLAN - Growth Option,119.0055
2026-09-28,119719,SBI Children's Fund - Savings Plan - DIRECT PLAN - GROWTH,131.2081
2026-09-28,119720,SBI Large & Midcap Fund - Direct Plan - Income Distribution cum Capital Withdrawal Option (IDCW),353.4464
2026-09-28,119721,SBI LARGE & MIDCAP FUND -DIRECT PLAN -Growth,678.1138
2026-09-28,119722,SBI ELSS Tax Saver Fund - Direct Plan - Income Distribution cum Capital Withdrawal Option (IDCW),110.2314
2026-09-28,119723,SBI ELSS Tax Saver FUND - DIRECT PLAN -GROWTH,445.0402
2026-09-28,119724,SBI Contra Fund - Direct Plan - Income Distribution cum Capital Withdrawal Option (IDCW),84.3022
2026-09-28,119727,SBI FOCUSED FUND - DIRECT PLAN -GROWTH,436.0647
2026-09-28,119730,SBI Consumption Opportunities Fund - Direct Plan - Income Distribution cum Capital Withdrawal Option (IDCW),222.0942
2026-09-28,119731,SBI Technology Opportunities Fund - Direct Plan - Income Distribution cum Capital Withdrawal Option (IDCW),157.1611
2026-09-28,119732,SBI PSU Fund - DIRECT PLAN - GROWTH,36.4222
2026-09-28,119733,SBI PSU Fund - Direct Plan - Income Distribution cum Capital Withdrawal Option (IDCW),36.3689
2026-09-28,119734,Kotak Medium to Long Term Fund - Direct Plan - Standard IDCW option,30.0513
2026-09-28,119735,Kotak Medium to Long Term Fund - Growth - Direct,90.2898
2026-09-28,119739,Kotak Short Term Fund -(Growth) - Direct,61.3116
2026-09-28,119740,Kotak Credit Risk Fund - Direct Plan - Standard Income Distribution cum capital withdrawal option,27.2669
2026-09-28,119741,Kotak Credit Risk Fund - Growth - Direct,36.3041
2026-09-28,119746,Kotak Money Market Fund - (Growth) - Direct,4913.6075
2026-09-28,119747,Kotak Money Market Fund - (Monthly Payout of Income Distribution cum capital withdrawal option) - Direct,1306.7809
2026-09-28,119750,Kotak Ultra Short Term Fund -Growth - Direct,48.6004
2026-09-28,119751,Kotak Ultra Short Term Fund -Monthly Payout of Income Distribution cum capital withdrawal option - Direct,20.9545
2026-09-28,119753,Kotak Dynamic Term Fund - Direct Plan - Standard Income Distribution cum capital withdrawal option,15.2726
2026-09-28,119755,Kotak Dynamic Term Fund - Growth - Direct,43.5173
2026-09-28,119757,Kotak Gilt Fund -Investment  Provident Fund and Trust-Growth - Direct,113.515
2026-09-28,119758,Kotak Gilt Fund -Investment Regular-Payout of Income Distribution cum capital withdrawal option - Direct,24.3881
2026-09-28,119759,Kotak Gilt Fund -Investment Regular-Growth - Direct,110.8293
2026-09-28,119764,Kotak Liquid Fund - Direct Plan - Daily Reinvestment of Income Distribution cum capital withdrawal option,1222.81
2026-09-28,119766,Kotak Liquid Fund - Direct Plan - Growth,5752.9642
2026-09-28,119767,Kotak Aggressive Hybrid Fund - Direct Plan - IDCW - Payout & Reinvestment of Income Distribution cum  capital withdrawal option,46.216
2026-09-28,119768,Kotak Contra Fund - Direct Plan - IDCW -Payout & Re-investment of Income Distribution cum capital withdrawal option- Direct,62.543
2026-09-28,119769,Kotak Contra Fund - Direct Plan - Growth,175.757
2026-09-28,119770,Kotak  Arbitrage Fund - Direct Plan - IDCW -Payout &  Reinvestment of Income Distribution cum capital withdrawal option,11.1988
2026-09-28,119771,Kotak Arbitrage Fund - Direct Plan - Growth,43.3547
2026-09-28,119772,Kotak ELSS Tax Saver Fund-Payout of Income Distribution cum capital withdrawal option - Direct,56.499
2026-09-28,119773,Kotak ELSS Tax Saver Fund-Growth - Direct,134.878
2026-09-28,119774,Kotak Mid Cap Fund  - Direct Plan - IDCW - Payout & Re-investment of Income Distribution cum capital withdrawal option,97.397
2026-09-28,119775,Kotak Mid Cap Fund - Direct Plan - Growth,163.478
2026-09-28,119776,Kotak Multi Asset Omni FOF - Direct Payout of Income Distribution cum capital withdrawal option,269.53
2026-09-28,119777,Kotak Multi Asset Omni FOF - Direct Growth - Direct,274.468
2026-09-28,119778,Kotak Global Emerging Market Overseas Equity Active FOF - Payout of Income Distribution cum capital withdrawal option - Direct,43.891
2026-09-28,119779,Kotak Global Emerging Market Overseas Equity Active FOF - Growth - Direct,43.707
2026-09-28,119780,Kotak Gold Fund Payout of Income Distribution cum capital withdrawal option- Direct,59.085
2026-09-28,119781,Kotak Gold Fund Growth - Direct,59.0855
2026-09-28,119782,SBI Healthcare Opportunities Fund - Direct Plan - Income Distribution cum Capital Withdrawal Option (IDCW),414.4298
2026-09-28,119783,SBI HEALTHCARE OPPORTUNITIES FUND - DIRECT PLAN -GROWTH,596.4992
2026-09-28,119784,SBI Ultra Short Term Fund - Direct Plan - Daily Income Distribution cum Capital Withdrawal Option (IDCW),2458.1071
2026-09-28,119788,SBI GOLD FUND- DIRECT PLAN - GROWTH,44.7310
2026-09-28,119789,SBI Gold Fund - Direct Plan - Income Distribution cum Capital Withdrawal Option (IDCW),44.6667
2026-09-28,119792,SBI Credit Risk Fund - Direct Plan - Daily Income Distribution cum Capital Withdrawal Option (IDCW),17.1744
2026-09-28,119793,SBI Credit Risk Fund - Direct Plan - Income Distribution cum Capital Withdrawal Option (IDCW),25.1873
2026-09-28,119798,SBI CREDIT RISK FUND - DIRECT PLAN -GROWTH,54.1244
2026-09-28,119799,SBI Liquid Fund - Direct Plan - Weekly Income Distribution cum Capital Withdrawal Option (IDCW),1386.1671
2026-09-28,119800,SBI Liquid Fund - DIRECT PLAN -Growth,4451.3131
2026-09-28,119804,SBI Liquid Fund - Direct Paln - Fortnightly Income Distribution cum Capital Withdrawal Option (IDCW),1453.5775
2026-09-28,119805,SBI Liquid Fund - Direct Plan - Daily Income Distribution cum Capital Withdrawal Option (IDCW),1144.0484
2026-09-28,119810,SBI Ultra Short to Short Term Fund,1508.9201
2026-09-28,119811,SBI Ultra Short to Short Term Fund - Direct Plan - Fortnightly Income Distribution cum Capital Withdrawal Option (IDCW),1535.2986
2026-09-28,119812,SBI Ultra Short to Short Term Fund - Direct Plan - Growth,3914.3086
2026-09-28,119813,SBI Short Term Fund - Direct Plan - Monthly Income Distribution cum Capital Withdrawal Option (IDCW),20.3099
2026-09-28,119815,SBI Short Term Fund - Direct Plan Fortnightly Income Distribution cum Capital Withdrawal Option (IDCW),24.5322
2026-09-28,119816,SBI SHORT TERM FUND - DIRECT PLAN -GROWTH,36.4227
2026-09-28,119817,SBI Short Term Fund - Direct Plan Weekly Income Distribution cum Capital Withdrawal Option (IDCW),15.9542
2026-09-28,119818,SBI Ultra Short to Short Term Fund - Direct Plan - Monthly Income Distribution cum Capital Withdrawal Option (IDCW),1739.4327
2026-09-28,119819,SBI Ultra Short to Short Term Fund - Direct Plan - Weekly Income Distribution cum Capital Withdrawal Option (IDCW),1511.1299
2026-09-28,119820,SBI Money Market Fund - Direct Plan - Income Distribution cum Capital Withdrawal Option (IDCW),19.0767
2026-09-28,119821,SBI Money Market Fund - Direct Plan - Growth,48.1286
2026-09-28,119822,SBI Money Market Fund - Direct Plan Daily Income Distribution cum Capital Withdrawal Option (IDCW),15.0284
2026-09-28,119823,SBI Money Market Fund - Direct Plan Weekly Income Distribution cum Capital Withdrawal Option (IDCW),16.9204
2026-09-28,119824,SBI MEDIUM TERM FUND - DIRECT PLAN - GROWTH,59.5952
2026-09-28,119825,SBI Medium Term Fund - Direct Plan - Income Distribution cum Capital Withdrawal Option (IDCW),23.0758
2026-09-28,119826,SBI Nifty Index Fund - Direct Plan - Income Distribution cum Capital Withdrawal Option (IDCW),109.4892
2026-09-28,119827,SBI NIFTY INDEX FUND - DIRECT PLAN - GROWTH,213.1650
2026-09-28,119828,SBI ULTRA SHORT TERM FUND - DIRECT PLAN - GROWTH,6573.7564
2026-09-28,119829,SBI Ultra Short Term Fund - Direct Plan - Weekly Income Distribution cum Capital Withdrawal Option (IDCW),1273.1090
2026-09-28,119831,SBI Overnight Fund - Direct Plan - Daily Income Distribution cum Capital Withdrawal Option (IDCW),1393.6782
2026-09-28,119832,SBI Overnight Fund - Direct Plan - Weekly Income Distribution cum Capital Withdrawal Option (IDCW),1423.1432
2026-09-28,119833,SBI OVERNIGHT FUND - DIRECT PLAN - GROWTH,4490.1159
2026-09-28,119834,SBI Focused Fund - Direct Plan - Income Distribution cum Capital Withdrawal Option (IDCW),106.2647
2026-09-28,119835,SBI CONTRA FUND - DIRECT PLAN - GROWTH,399.4542
2026-09-28,119836,SBI Conservative Hybrid Fund  - Direct Plan - Quarterly Income Distribution cum Capital Withdrawal Option (IDCW),25.5422
2026-09-28,119837,SBI Conservative Hybrid Fund - Direct Plan - Annual Income Distribution cum Capital Withdrawal Option (IDCW),33.3374
2026-09-28,119838,SBI Conservative Hybrid Fund - Direct Plan - Monthly Income Distribution cum Capital Withdrawal Option (IDCW),27.4858
2026-09-28,119839,SBI Conservative Hybrid Fund - Direct Plan - Growth,83.5977
2026-09-28,119840,SBI Multi Asset Allocation Fund - Direct Plan - Annual Income Distribution cum Capital Withdrawal Option (IDCW),41.9005
2026-09-28,119841,SBI Multi Asset Allocation Fund - Direct Plan - Monthly Income Distribution cum Capital Withdrawal Option (IDCW),33.0226
2026-09-28,119842,SBI Multi Asset Allocation Fund - Direct Plan - Quarterly Income Distribution cum Capital Withdrawal Option (IDCW),34.9328
2026-09-28,119843,SBI MULTI ASSET ALLOCATION FUND - DIRECT PLAN - GROWTH,73.5444
2026-09-28,119861,Tata Liquid Fund- Direct Plan-Growth Option,4494.8972
2026-09-28,119862,Tata Liquid Fund- Direct Plan - Daily Reinvestment of IDCW Option,1001.5187
2026-09-28,119863,Tata Treasury Advantage Fund - Direct Plan - Growth Option,4369.0837
2026-09-28,119864,Tata Treasury Advantage Fund Direct Plan - Daily Reinvestment of IDCW Option,1003.3220
2026-09-28,119865,Tata Treasury Advantage Fund Direct Plan - Weekly Payout of IDCW Option,1008.1595
2026-09-28,119949,Tata Short Term Bond Fund - Direct Plan - Growth Option,56.4331
2026-09-28,119950,Tata Short Term Bond Fund Direct Plan - Monthly Payout of IDCW Option,25.6328
2026-09-28,119953,Tata Gilt Securities Fund- Direct Plan - Growth Option,89.6522
2026-09-28,119954,Tata Gilt Securities Fund - Direct Plan - Payout of IDCW Option,25.2447
2026-09-28,119957,Tata Treasury Advantage Fund Direct Plan - Periodic Payout of IDCW Option,2771.5348
2026-09-28,120029,HSBC Large Cap Fund - Direct IDCW,38.5293
2026-09-28,120030,HSBC Large Cap Fund - Direct Growth,514.9468
2026-09-28,120035,HSBC Brazil Fund - Growth Direct,11.5415
2026-09-28,120036,HSBC Brazil Fund - IDCW Direct Plan,11.5316
2026-09-28,120037,HSBC Liquid Fund - Direct Daily IDCW,1001.576
2026-09-28,120038,HSBC Liquid Fund -  Growth Direct,2836.9651
2026-09-28,120039,HSBC Liquid Fund - Direct Monthly IDCW,1038.3629
2026-09-28,120040,HSBC Liquid Fund - Direct Weekly IDCW,1195.8414
2026-09-28,120043,HSBC Global Emerging Market Fund - Growth Direct,38.0915
2026-09-28,120044,HSBC Global Emerging Markets Fund - IDCW Direct Plan,30.0319
2026-09-28,120045,HSBC Flexi Cap Fund - Direct IDCW,46.7058
2026-09-28,120046,HSBC Flexi Cap Fund - Direct Growth,256.4174
2026-09-28,120059,HSBC Medium to Long Term Fund - Direct Growth,48.6958
2026-09-28,120073,HSBC Conservative Hybrid Fund - Direct Growth,70.7558
2026-09-28,120074,HSBC Conservative Hybrid Fund - Direct Monthly IDCW,16.8314
2026-09-28,120075,HSBC Conservative Hybrid Fund - Direct Quarterly IDCW,14.4707
2026-09-28,120084,PGIM India Dynamic Term Fund - Direct Plan-Growth Option,3102.5041
2026-09-28,120086,PGIM India Dynamic Term Fund - Direct Plan-Quarterly Dividend Option,1138.5389
2026-09-28,120101,HSBC Medium to Long Term Fund - Direct Quarterly IDCW,10.3184
2026-09-28,120136,SBI 10 Year Constant Maturity Gilt Fund - Direct Plan - Income Distribution cum Capital Withdrawal Option (IDCW),22.3011
2026-09-28,120137,SBI 10 YEAR CONSTANT MATURITY GILT FUND - DIRECT PLAN - GROWTH,68.5587
2026-09-28,120152,Kotak Large Cap  Fund - Growth - Direct,627.728
2026-09-28,120153,Kotak Large Cap Fund - Payout of Income Distribution cum capital withdrawal option - Direct,83.018
2026-09-28,120154,Kotak Conservative Hybrid Fund - Growth - Direct,69.1703
2026-09-28,120155,Kotak Conservative Hybrid Fund - Monthly Payout of Income Distribution cum capital withdrawal option - Direct,13.1423
2026-09-28,120157,Kotak Large & Mid Cap Fund - IDCW-Direct,69.228
2026-09-28,120158,Kotak Large & Mid Cap Fund - Direct- Growth,392.32
2026-09-28,120163,Kotak-Small Cap Fund - Payout of Income Distribution cum capital withdrawal option - Direct,142.219
2026-09-28,120164,Kotak-Small Cap Fund - Growth - Direct,323.793
2026-09-28,120165,Kotak Flexi Cap Fund - Payout of Income Distribution cum capital withdrawal option- Direct,56.68
2026-09-28,120166,Kotak Flexi Cap Fund - Growth - Direct,92.81
2026-09-28,120185,ICICI Prudential US Bluechip Equity Fund - Direct Plan -  IDCW,88.31
2026-09-28,120186,ICICI Prudential US Bluechip Equity Fund - Direct Plan -  Growth,88.32
2026-09-28,120188,ICICI Prudential Liquid Fund - Direct Plan - Daily IDCW,100.1082
2026-09-28,120190,ICICI Prudential Liquid Fund - Direct Plan - Weekly IDCW,100.2655
2026-09-28,120191,ICICI Prudential Liquid Fund - Direct Plan -  IDCW Others,195.4152
2026-09-28,120197,ICICI Prudential Liquid Fund - Direct Plan - Growth,421.3366
2026-09-28,120209,ICICI Prudential Money Market Fund Option - Direct Plan -  Daily IDCW,100.1435
2026-09-28,120211,ICICI Prudential Money Market Fund Option - Direct Plan -  Growth,416.2066
2026-09-28,120212,ICICI Prudential Money Market Fund Option - Direct Plan -  Weekly IDCW,100.8483
2026-09-28,120216,ICICI Prudential Money Market Fund Option - Direct Plan -  IDCW Others,190.7038
2026-09-28,120242,ICICI Prudential Multi Sector Passive FOF - Direct Plan - Growth,171.3589
2026-09-28,120243,ICICI Prudential Multi Sector Passive FOF - Direct Plan -  IDCW,134.9363
2026-09-28,120244,ICICI Prudential Banking and Financial Services Fund - Direct Plan -  Growth,143.11
2026-09-28,120245,ICICI Prudential Banking and Financial Services Fund - Direct Plan -  IDCW,65.76
2026-09-28,120248,LIC MF Liquid Fund-Direct Plan-Daily IDCW,1035.2975
2026-09-28,120249,LIC MF Liquid Fund-Direct Plan-Growth,5168.7446
2026-09-28,120251,ICICI Prudential Aggressive Hybrid Fund - Direct Plan - Growth,440.30
2026-09-28,120252,ICICI Prudential Aggressive Hybrid Fund - Direct Plan - Monthly IDCW,68.51
2026-09-28,120256,ICICI Prudential Banking and PSU Debt Fund - Direct Plan - Growth,36.4619
2026-09-28,120258,ICICI Prudential Banking and PSU Debt Fund - Direct Plan -  Quarterly IDCW,13.0117
2026-09-28,120259,LIC MF ULIS (5 Yrs. Single Premium)-Direct Plan-IDCW Reinvestment,40.2673
2026-09-28,120260,LIC MF Aggressive Hybrid Fund-Direct Plan-IDCW,22.5459
2026-09-28,120261,LIC MF Aggressive Hybrid Fund-Direct Plan-Growth,231.5352
2026-09-28,120263,LIC MF Flexi Cap Fund-Direct Plan-IDCW,38.0571
2026-09-28,120264,LIC MF Flexi Cap Fund-Direct Plan-Growth,113.1152
2026-09-28,120267,LIC MF Large Cap Fund-Direct Plan-Growth,59.4685
2026-09-28,120268,LIC MF Large Cap Fund-Direct Plan-IDCW,37.4472
2026-09-28,120269,LIC MF ELSS Tax Saver Fund-Direct Plan-IDCW,36.7065
2026-09-28,120270,LIC MF ELSS Tax Saver Fund-Direct Plan-Growth,166.2363
2026-09-28,120274,LIC MF Conservative Hybrid Fund-Direct Plan-Quarterly IDCW,18.6601
2026-09-28,120275,LIC MF Conservative Hybrid Fund-Direct Plan-Yearly IDCW,14.2874
2026-09-28,120276,LIC MF Conservative Hybrid Fund-Direct Plan-Growth,93.7256
2026-09-28,120277,LIC MF Conservative Hybrid Fund-Direct Plan-Monthly IDCW,12.9869
2026-09-28,120278,LIC MF Medium to Long Term Fund-Direct Plan-IDCW,19.8248
2026-09-28,120279,LIC MF Medium to Long Term Fund-Direct Plan-Growth,82.0545
2026-09-28,120282,LIC MF Gilt Fund-Direct Plan-Growth,66.6511
2026-09-28,120283,LIC MF Gilt Fund-Direct Plan-IDCW,19.1996
2026-09-28,120285,LIC MF Children's Fund-Direct Plan-Growth,37.8229
2026-09-28,120299,UTI MMF - Direct Plan - Growth Option,3382.5186
2026-09-28,120304,UTI Liquid Fund - Direct Plan - Growth Option,466.9148
2026-09-28,120307,LIC MF Nifty 50 Index Fund-Direct Plan-Growth,136.5221
2026-09-28,120308,LIC MF BSE Sensex Index Fund-Direct Plan-Growth,146.8497
2026-09-28,120309,LIC MF Nifty 50 Index Fund-Direct Plan-IDCW,50.3005
2026-09-28,120312,LIC MF BSE Sensex Index Fund-Direct Plan-IDCW,49.231
2026-09-28,120313,ICICI Prudential Income plus Arbitrage Omni FOF - Direct Plan - Growth,72.0370
2026-09-28,120314,ICICI Prudential Income plus Arbitrage Omni FOF - Direct Plan - IDCW,55.7053
2026-09-28,120315,LIC MF Ultra Short to Short Term Fund-Direct Plan-Growth,46.3805
2026-09-28,120316,LIC MF Ultra Short to Short Term Fund-Direct Plan-Daily IDCW,10.0472
2026-09-28,120317,LIC MF Ultra Short to Short Term Fund-Direct Plan-Monthly IDCW,24.2208
2026-09-28,120318,LIC MF Ultra Short to Short Term Fund-Direct Plan-Weekly IDCW,16.1544
2026-09-28,120322,ICICI Prudential Value Fund (erstwhile Value Discovery Fund) - Direct Plan - IDCW,109.38
2026-09-28,120323,ICICI Prudential Value Fund (erstwhile Value Discovery Fund) - Direct Plan - Growth,484.49
2026-09-28,120332,Invesco India Balanced Advantage Fund - Direct Plan - IDCW (Payout / Reinvestment),21.22
2026-09-28,120333,Invesco India Balanced Advantage Fund - Direct Plan - Growth,61.88
2026-09-28,120334,ICICI Prudential Multi Asset Allocation Fund - Direct Plan - Growth,872.6055
2026-09-28,120335,ICICI Prudential Multi Asset Allocation Fund - Direct Plan - IDCW,57.5649
2026-09-28,120336,LIC MF Banking & PSU Debt Fund-Direct Plan-Weekly IDCW,10.0392
2026-09-28,120337,LIC MF Banking & PSU Debt Fund-Direct Plan-Daily IDCW,14.2938
2026-09-28,120338,LIC MF Banking & PSU Debt Fund-Direct Plan-Growth,40.0579
2026-09-28,120339,LIC MF Banking & PSU Debt Fund-Direct Plan-Monthly IDCW,15.0863
2026-09-28,120348,Invesco India Contra Fund - Direct Plan - Growth,153.91
2026-09-28,120349,Invesco India Contra Fund - Direct Plan - IDCW (Payout / Reinvestment),64.09
2026-09-28,120350,LIC MF Infrastructure Fund-Direct Plan-IDCW,61.1321
2026-09-28,120351,LIC MF Infrastructure Fund-Direct Plan-Growth,62.2613
2026-09-28,120356,Invesco India Large & Mid Cap Fund - Direct Plan - IDCW (Payout / Reinvestment),54.57
2026-09-28,120357,Invesco India Large & Mid Cap Fund - Direct Plan - Growth,128.12
2026-09-28,120364,ICICI Prudential Arbitrage Fund - Direct Plan - Growth,39.7833
2026-09-28,120365,ICICI Prudential Arbitrage Fund - Direct Plan - IDCW,17.9301
2026-09-28,120376,ICICI Prudential Balanced Advantage Fund - Direct Plan -  IDCW,29.20
2026-09-28,120377,ICICI Prudential Balanced Advantage Fund - Direct Plan -  Growth,86.02
2026-09-28,120380,ICICI Prudential Mid Cap Fund - Direct Plan -  IDCW,69.04
2026-09-28,120381,ICICI Prudential Mid Cap Fund - Direct Plan -  Growth,372.71
2026-09-28,120384,Invesco India Financial Services Fund - Direct Plan - IDCW (Payout / Reinvestment),86.53
2026-09-28,120385,Invesco India Financial Services Fund - Direct Plan - Growth,168.12
2026-09-28,120388,Axis Liquid Fund - Direct Plan - Daily IDCW,1000.9560
2026-09-28,120389,Axis Liquid Fund - Direct Plan - Growth Option,3169.0740
2026-09-28,120390,Axis Liquid Fund - Direct Plan - Weekly IDCW,1002.0913
2026-09-28,120391,Axis Liquid Fund - Direct Plan - Monthly IDCW,1001.1368
2026-09-28,120392,Invesco India Large Cap Fund - Direct Plan - Growth,84.43
2026-09-28,120393,Invesco India Large Cap Fund - Direct Plan - IDCW (Payout / Reinvestment),34.27
2026-09-28,120394,Invesco India PSU Equity Fund - Direct Plan - IDCW (Payout / Reinvestment),47.24
2026-09-28,120395,Invesco India PSU Equity Fund - Direct Plan - Growth,74.53
2026-09-28,120396,ICICI Prudential Ultra Short to Short Term Fund - Direct Plan - Weekly IDCW,105.4609
2026-09-28,120397,ICICI Prudential Ultra Short to Short Term Fund - Direct Plan - Daily IDCW,105.6742
2026-09-28,120398,ICICI Prudential Ultra Short to Short Term Fund - Direct Plan - Growth,596.2312
2026-09-28,120399,ICICI Prudential Ultra Short to Short Term Fund - Direct Plan - IDCW Others,200.0567
2026-09-28,120400,Invesco India Arbitrage Fund - Direct Plan - IDCW (Payout / Reinvestment),20.309
2026-09-28,120401,Invesco India Arbitrage Fund - Direct Plan - Growth Option,37.4004
2026-09-28,120402,Invesco India Mid Cap Fund - Direct Plan - IDCW (Payout / Reinvestment),81.92
2026-09-28,120403,Invesco India Mid Cap Fund - Direct Plan - Growth Option,234.65
2026-09-28,120404,Invesco India Infrastructure Fund - Direct Plan - IDCW (Payout / Reinvestment),53.56
2026-09-28,120405,Invesco India Infrastructure Fund - Direct Plan - Growth Option,80.05
2026-09-28,120406,JM Liquid Fund (Direct) - Growth Option,77.6698
2026-09-28,120407,JM Liquid Fund (Direct) - Weekly IDCW,11.013
2026-09-28,120408,JM Liquid Fund (Direct) - Quarterly IDCW,44.0963
2026-09-28,120411,JM Liquid Fund (Direct) - Daily IDCW,10.4302
2026-09-28,120412,Invesco India Multi Cap Fund - Direct Plan - IDCW (Payout / Reinvestment),139.81
2026-09-28,120413,Invesco India Multi Cap Fund - Direct Plan - Growth Option,154.5
2026-09-28,120416,Invesco India ELSS Tax Saver Fund - Direct Plan - Growth,147.46
2026-09-28,120417,Invesco India ELSS Tax Saver Fund - Direct Plan - IDCW Payout,32.06
2026-09-28,120423,ICICI Prudential Floating Interest Rates Fund - Direct Plan - Daily IDCW,99.9681
2026-09-28,120424,ICICI Prudential Floating Interest Rates Fund - Direct Plan - Weekly IDCW,102.1225
2026-09-28,120425,ICICI Prudential Floating Interest Rates Fund - Direct Plan - Growth,501.9369
2026-09-28,120426,ICICI Prudential Floating Interest Rates Fund - Direct Plan - IDCW Others,214.5952
2026-09-28,120430,JM Medium to Long Term Fund (Direct) - Growth Option,71.8091
2026-09-28,120431,JM Medium to Long Term Fund (Direct) - Quarterly IDCW,25.3742
2026-09-28,120432,JM Dynamic Term Fund (Direct) - Daily IDCW,10.0601
2026-09-28,120433,JM Dynamic Term Fund (Direct) - Weekly IDCW,10.5105
2026-09-28,120434,JM Dynamic Term Fund (Direct) - IDCW,46.6479
2026-09-28,120435,JM Dynamic Term Fund - (Direct) - Growth Option,46.3985
2026-09-28,120436,Axis Banking & PSU Debt Fund - Direct Plan - Weekly IDCW,1035.3952
2026-09-28,120437,Axis Banking & PSU Debt Fund - Direct Plan - Daily IDCW,1035.8196
2026-09-28,120438,Axis Banking & PSU Debt Fund - Direct Plan - Growth Option,2892.3578
2026-09-28,120439,Axis Banking & PSU Debt Fund - Direct Plan - Monthly IDCW,1032.6145
2026-09-28,120443,Invesco India Banking and PSU Debt Fund - Direct Plan - Daily IDCW (Reinvestment),1060.3327
2026-09-28,120444,Invesco India Banking and PSU Debt Fund - Direct Plan -  Growth Option,2577.7599
2026-09-28,120445,Invesco India Banking and PSU Debt Fund - Direct Plan - Monthly IDCW (Payout / Reinvestment),1010.124
2026-09-28,120447,Axis Gilt Fund - Direct Plan - Growth Option,28.3445
2026-09-28,120448,Axis Gilt Fund - Direct Plan - Half Yearly IDCW,12.2389
2026-09-28,120449,Axis Gilt Fund - Direct Plan - Regular IDCW,9.9082
2026-09-28,120450,Axis Dynamic Bond Fund - Direct Plan - Half Yearly IDCW,12.9776
2026-09-28,120451,Axis Dynamic Bond Fund - Direct Plan - Growth Option,34.7144
2026-09-28,120452,Axis Dynamic Bond Fund - Direct Plan - Quarterly IDCW,11.4309
2026-09-28,120465,Axis Large Cap Fund - Direct Plan - Growth,66.96
2026-09-28,120466,Axis Large Cap Fund - Direct Plan - IDCW,24.26
2026-09-28,120467,Axis Focused Fund - Direct Plan - IDCW,31.95
2026-09-28,120468,Axis Focused Fund - Direct Plan - Growth Option,62.79
2026-09-28,120472,Axis Gold Fund - Direct Plan - IDCW,45.9887
2026-09-28,120473,Axis Gold Fund - Direct Plan - Growth option,45.9459
2026-09-28,120474,Axis Strategic Bond Fund - Direct Plan - Half Yearly IDCW,11.8957
2026-09-28,120475,Axis Strategic Bond Fund - Direct Plan - Growth Option,33.2919
2026-09-28,120476,Axis Strategic Bond Fund - Direct Plan - Quarterly IDCW,10.2631
2026-09-28,120477,Axis Conservative Hybrid Fund - Direct Plan - Annual IDCW,16.2310
2026-09-28,120478,Axis Conservative Hybrid Fund - Direct Plan - Half Yearly,12.8640
2026-09-28,120479,Axis Conservative Hybrid Fund - Direct Plan - Quarterly,12.4397
2026-09-28,120480,Axis Conservative Hybrid Fund - Direct Plan - Growth Option,35.6333
2026-09-28,120481,JM Arbitrage Fund (Direct)- IDCW,17.6672
2026-09-28,120482,JM Arbitrage Fund (Direct) - Growth Option,37.4913
2026-09-28,120483,JM Aggressive Hybrid Fund (Direct) - IDCW,75.4189
2026-09-28,120484,JM Aggressive Hybrid Fund (Direct) - Growth Option,136.7966
2026-09-28,120485,JM Value Fund (Direct) - IDCW,73.6159
2026-09-28,120486,JM Value Fund (Direct) - Growth Option,108.0459
2026-09-28,120487,JM Focused Fund (Direct) -  IDCW,22.7843
2026-09-28,120488,JM Focused Fund (Direct)  - Growth Option,23.2487
2026-09-28,120489,JM Large Cap Fund (Direct) - IDCW,68.9213
2026-09-28,120490,JM Large Cap Fund (Direct) - Growth Option,171.6645
2026-09-28,120491,JM Flexi Cap Fund (Direct) - IDCW,102.0553
2026-09-28,120492,JM Flexi Cap Fund (Direct) - Growth Option,112.2782
2026-09-28,120493,JM ELSS - Tax Saver Fund (Direct) - IDCW,58.0502
2026-09-28,120494,JM ELSS - Tax Saver Fund (Direct) - Growth Option,59.5176
2026-09-28,120496,Invesco India Corporate Bond Fund - Direct Plan - Monthly IDCW (Payout / Reinvestment),1253.0431
2026-09-28,120497,Invesco India Corporate Bond Fund - Direct Plan - Growth,3613.0226
2026-09-28,120499,Invesco India Corporate Bond Fund - Direct Plan - Discretionary IDCW (Payout / Reinvestment),3614.1757
2026-09-28,120500,Invesco India Corporate Bond Fund - Direct Plan - Annual IDCW (Payout / Reinvestment),1241.2065
2026-09-28,120501,Invesco India Corporate Bond Fund - Direct Plan - Quarterly IDCW (Payout / Reinvestment),1159.6622
2026-09-28,120502,Axis ELSS Tax Saver Fund - Direct Plan - IDCW,49.2239
2026-09-28,120503,Axis ELSS Tax Saver Fund - Direct Plan - Growth Option,106.3830
2026-09-28,120504,Axis Midcap Fund - Direct Plan - IDCW,53.79
2026-09-28,120505,Axis Midcap Fund - Direct Plan - Growth,138.78
2026-09-28,120506,Invesco India Money Market Fund - Direct Plan - Daily IDCW (Reinvestment),1012.2021
2026-09-28,120507,Invesco India Money Market Fund - Direct Plan - Growth,3411.9655
2026-09-28,120508,Invesco India Money Market Fund - Direct Plan - Discretionary IDCW (Payout / Reinvestment),3056.6113
2026-09-28,120509,Invesco India Money Market Fund - Direct Plan - Monthly IDCW (Payout / Reinvestment),1244.2956
2026-09-28,120510,Axis Short Duration Fund - Direct Plan - Growth Option,36.2695
2026-09-28,120511,Axis Short Duration Fund - Direct Plan - Monthly IDCW,10.0031
2026-09-28,120512,Axis Short Duration Fund - Direct Plan - Weekly IDCW,10.2270
2026-09-28,120513,Axis Treasury Advantage Fund - Direct Plan - Growth Option,3508.5630
2026-09-28,120514,Axis Treasury Advantage Fund - Direct Plan - Weekly IDCW,1011.6343
2026-09-28,120515,Axis Treasury Advantage Fund - Direct Plan - Daily IDCW,1012.3434
2026-09-28,120516,Axis Treasury Advantage Fund - Direct Plan - Monthly IDCW,1010.0749
2026-09-28,120517,Aditya Birla Sun Life Aggressive Hybrid Fund - Direct Plan-Growth,1688.19
2026-09-28,120518,Aditya Birla Sun Life Aggressive Hybrid Fund -DIRECT - IDCW,277.20
2026-09-28,120519,Invesco India Gilt Fund - Direct Plan - Annual IDCW (Payout / Reinvestment),1198.4977
2026-09-28,120520,Invesco India Gilt Fund - Direct  Plan - Growth,3200.36
2026-09-28,120521,Invesco India Gilt Fund - Direct Plan - Monthly IDCW (Reinvestment),2497.3592
2026-09-28,120522,Invesco India Gilt Fund - Direct Plan - Quarterly IDCW (Payout / Reinvestment),1109.0433
2026-09-28,120523,Axis Multi Asset Allocation Fund - Direct Plan - Monthly IDCW,26.5807
2026-09-28,120524,Axis Multi Asset Allocation Fund - Direct Plan - Growth Option,51.5893
2026-09-28,120530,Invesco India Gold ETF Fund of Fund - Direct Plan - IDCW (Payout / Reinvestment),42.6318
2026-09-28,120531,Invesco India Gold ETF Fund of Fund - Direct Plan - Growth,42.6972
2026-09-28,120534,Invesco India Liquid Fund - Direct Plan- Daily IDCW (Reinvestment),1005.8604
2026-09-28,120535,Invesco India Liquid Fund - Direct Plan - Weekly IDCW (Reinvestment),1072.3773
2026-09-28,120536,Invesco India Liquid Fund - Direct Plan - Monthly IDCW (Payout / Reinvestment),1087.6062
2026-09-28,120537,Invesco India Liquid Fund - Direct Plan - Growth,3908.5324
2026-09-28,120538,Aditya Birla Sun Life Digital India Fund -DIRECT - IDCW,47.84
2026-09-28,120539,Aditya Birla Sun Life Digital India Fund - Growth - Direct Plan,171.51
2026-09-28,120541,Invesco India Ultra Short Term Fund - Direct Plan - Growth,3121.6949
2026-09-28,120542,Invesco India Ultra Short Term Fund - Direct Plan - Monthly IDCW (Payout / Reinvestment),1358.0752
2026-09-28,120543,Invesco India Ultra Short Term Fund - Direct Plan - Annual IDCW (Payout / Reinvestment),2222.8621
2026-09-28,120544,Invesco India Ultra Short Term Fund - Direct Plan - Quarterly IDCW (Payout / Reinvestment),1029.5018
2026-09-28,120545,Aditya Birla Sun Life Gold Fund-DIRECT - IDCW,44.3114
2026-09-28,120546,Aditya Birla Sun Life Gold Fund - Growth - Direct Plan,44.3129
2026-09-28,120550,Aditya Birla Sun Life Conservative Hybrid Fund - DIRECT - MONTHLY IDCW,26.6950
2026-09-28,120558,UTI Liquid Fund - Direct Plan - Daily IDCW (Reinvestment),106.5304
2026-09-28,120559,Invesco India Short Term Fund - Direct Plan - Daily IDCW (Reinvestment),1019.9232
2026-09-28,120560,Invesco India Short Term Fund - Direct Plan - Growth,4194.7217
2026-09-28,120561,Invesco India Short Term Fund - Direct Plan - Monthly IDCW (Payout / Reinvestment),2760.2764
2026-09-28,120562,Invesco India Short Term Fund - Direct Plan -Weekly IDCW (Reinvestment),1019.1432
2026-09-28,120563,Invesco India Short Term Fund - Direct Plan -Discretionary IDCW (Payout / Reinvestment),2959.364
2026-09-28,120564,Aditya Birla Sun Life Flexi Cap Fund - Growth - Direct Plan,2127.92
2026-09-28,120565,Aditya Birla Sun Life Flexi Cap Fund -DIRECT - IDCW,231.68
2026-09-28,120566,Invesco India Ultra Short to Short Term Fund - Direct Plan -Daily IDCW (Reinvestment),1018.5377
2026-09-28,120567,Invesco India Ultra Short to Short Term Fund - Direct Plan - Discretionary IDCW (Payout / Reinvestment),4249.4094
2026-09-28,120568,Invesco India Ultra Short to Short Term Fund - Direct Plan - Weekly IDCW (Payout / Reinvestment),1205.7779
2026-09-28,120570,Invesco India Ultra Short to Short Term Fund - Direct Plan - Growth,4247.4923
2026-09-28,120571,Invesco India Ultra Short to Short Term Fund - Direct Plan - Monthly IDCW (Payout / Reinvestment),1089.7191
2026-09-28,120575,SBI CONSUMPTION OPPORTUNITIES FUND - DIRECT PLAN - GROWTH,315.4792
2026-09-28,120576,SBI CONSUMPTION OPPORTUNITIES FUND - REGULAR - GROWTH,273.1303
2026-09-28,120577,SBI TECHNOLOGY OPPORTUNITIES FUND - REGULAR PLAN - GROWTH,192.0091
2026-09-28,120578,SBI TECHNOLOGY OPPORTUNITIES FUND - DIRECT PLAN - GROWTH,221.2707
2026-09-28,120579,ICICI Prudential Children's Fund - Direct Plan,352.07
2026-09-28,120585,ICICI Prudential Large Cap Fund (erstwhile Bluechip Fund)  - Direct Plan - IDCW,57.59
2026-09-28,120586,ICICI Prudential Large Cap Fund (erstwhile Bluechip Fund) - Direct Plan - Growth,113.83
2026-09-28,120587,ICICI Prudential FMCG Fund - Direct Plan -  Growth,432.66
2026-09-28,120588,ICICI Prudential FMCG Fund - Direct Plan -  IDCW,142.04
2026-09-28,120589,ICICI Prudential Gilt Fund - Direct Plan - IDCW,18.4665
2026-09-28,120590,ICICI Prudential Gilt Fund - Direct Plan - Growth,115.7168
2026-09-28,120591,ICICI Prudential Small Cap Fund - Direct Plan - Growth,103.37
2026-09-28,120592,ICICI Prudential ELSS - Tax Saver Fund - Direct Plan - Growth,1006.53
2026-09-28,120593,ICICI Prudential ELSS - Tax Saver Fund - Direct Plan - IDCW,42.54
2026-09-28,120594,ICICI Prudential Technology Fund - Direct Plan -  Growth,192.14
2026-09-28,120595,ICICI Prudential Technology Fund - Direct Plan -  IDCW,111.63
2026-09-28,120596,ICICI Prudential Large & Mid Cap Fund - Direct Plan - Growth,1121.29
2026-09-28,120597,ICICI Prudential Large & Mid Cap Fund - Direct Plan - IDCW,52.38
2026-09-28,120598,ICICI Prudential Multi Cap Fund - Direct Plan -  IDCW,62.27
2026-09-28,120599,ICICI Prudential Multi Cap Fund - Direct Plan -  Growth,931.41
2026-09-28,120600,ICICI Prudential Dynamic Term Fund - Direct Plan - IDCW,27.5235
2026-09-28,120601,ICICI Prudential Dynamic Term Fund - Direct Plan - Annual IDCW,10.8948
2026-09-28,120602,ICICI Prudential Dynamic Term Fund - Direct Plan - Quarterly IDCW,12.2128
2026-09-28,120603,ICICI Prudential Dynamic Term Fund - Direct Plan - Growth,42.4136
2026-09-28,120604,ICICI Prudential Dynamic Term Fund - Direct Plan - Weekly IDCW,10.4547
2026-09-28,120613,ICICI Prudential Conservative Hybrid Fund - Direct Plan - Half Yearly IDCW,16.2019
2026-09-28,120614,ICICI Prudential Conservative Hybrid Fund - Direct Plan - Quarterly IDCW,14.6639
2026-09-28,120615,ICICI Prudential Conservative Hybrid Fund - Direct Plan - Monthly IDCW,16.0537
2026-09-28,120616,ICICI Prudential Conservative Hybrid Fund - Direct Plan - Growth,86.8400
2026-09-28,120617,ICICI Prudential Medium to Long Term Fund - Direct Plan - IDCW Monthly,11.4302
2026-09-28,120618,ICICI Prudential Medium to Long Term Fund - Direct Plan - IDCW Quarterly,11.7997
2026-09-28,120619,ICICI Prudential Medium to Long Term Fund - Direct Plan - Growth,44.6434
2026-09-28,120620,ICICI Prudential Nifty 50 Index Fund - Direct Plan Cumulative Option,241.1399
2026-09-28,120621,ICICI Prudential Infrastructure Fund - Direct Plan -  Growth,213.82
2026-09-28,120622,ICICI Prudential Infrastructure Fund - Direct Plan -  IDCW,46.72
2026-09-28,120656,UTI Large Cap Fund - Direct Plan - Growth Option,279.9134
2026-09-28,120657,UTI Large Cap Fund - Direct Plan - IDCW,59.4935
2026-09-28,120662,UTI - Flexi Cap Fund-Growth Option - Direct,340.0237
2026-09-28,120663,UTI Flexi Cap Fund - Direct Plan - IDCW,226.2803
2026-09-28,120664,UTI Large & Mid Cap Fund - Direct Plan - IDCW,94.9281
2026-09-28,120665,UTI Large & Mid Cap Fund - Direct Plan - Growth Option,193.1754
2026-09-28,120670,ICICI Prudential Medium Term Fund - Direct Plan - Growth,53.7032
2026-09-28,120671,ICICI Prudential Medium Term Fund - Direct Plan - Quarterly IDCW,11.6490
2026-09-28,120673,UTI Aggressive Hybrid Fund - Direct Plan - IDCW,43.9108
2026-09-28,120674,UTI Aggressive Hybrid Fund -Direct Plan - Growth,426.8736
2026-09-28,120675,ICICI Prudential Ultra Short Term Fund - Direct Plan -  Quarterly IDCW,11.1825
2026-09-28,120676,ICICI Prudential Ultra Short Term Fund - Direct Plan -  Growth,32.4821
2026-09-28,120677,ICICI Prudential Ultra Short Term Fund - Direct Plan -  Monthly IDCW,10.8281
2026-09-28,120679,ICICI Prudential Dynamic Asset Allocation Active FOF - Direct Plan - Growth,135.7243
2026-09-28,120680,ICICI Prudential Dynamic Asset Allocation Active FOF - Direct Plan - IDCW,106.4345
2026-09-28,120681,UTI MNC Fund - Direct Plan - IDCW,225.9201
2026-09-28,120682,UTI - MNC Fund - Growth Option - Direct,435.5231
2026-09-28,120683,ICICI Prudential Nifty Next 50 Index Fund - Direct Plan -  IDCW,65.4245
2026-09-28,120684,ICICI Prudential Nifty Next 50 Index Fund - Direct Plan -  Growth,65.4491
2026-09-28,120685,ICICI Prudential Gold ETF FOF - Direct Plan - Growth,46.8166
2026-09-28,120686,ICICI Prudential Gold ETF FOF - Direct Plan - IDCW,46.8210
2026-09-28,120687,ICICI Prudential Exports & Services Fund - Direct Plan - IDCW,73.26
2026-09-28,120688,ICICI Prudential Exports & Services Fund - Direct Plan - Growth,179.76
2026-09-28,120689,UTI Medium to Long Term Fund-Growth - Direct,83.0335
2026-09-28,120690,UTI Medium to Long Term Fund - Direct Plan - Discontinued Quarterly IDCW,26.2041
2026-09-28,120692,ICICI Prudential Corporate Bond Fund - Direct Plan - Growth,33.4737
2026-09-28,120694,ICICI Prudential Corporate Bond Fund - Direct Plan - Quarterly IDCW,15.5060
2026-09-28,120697,ICICI Prudential Corporate Bond Fund - Direct Plan - Monthly IDCW,10.2106
2026-09-28,120700,ICICI Prudential Aggressive Hybrid Active FOF - Direct Plan - Growth,237.7835
2026-09-28,120702,ICICI Prudential Diversified Debt Strategy Active FOF  - Direct Plan - Growth,49.7454
2026-09-28,120703,ICICI Prudential Diversified Debt Strategy Active FOF - Direct Plan -  IDCW,43.7956
2026-09-28,120705,Aditya Birla Sun Life Conservative Hybrid Fund - Growth / Payment - Direct Plan,78.5363
2026-09-28,120709,ICICI Prudential Credit Risk Fund - Direct Plan - Quarterly IDCW,11.8782
2026-09-28,120711,ICICI Prudential Credit Risk Fund - Direct Plan - Growth,38.6830
2026-09-28,120714,UTI ELSS Tax Saver Fund - Direct Plan - IDCW,51.1959
2026-09-28,120715,UTI ELSS Tax Saver Fund - Direct Plan - Growth Option,217.2416
2026-09-28,120716,UTI Nifty 50 Index Fund - Growth Option- Direct,160.4204
2026-09-28,120717,UTI Nifty 50 Index Fund - Direct Plan - IDCW,80.8221
2026-09-28,120718,UTI Short Term Fund - Direct Plan - Growth Option,36.0264
2026-09-28,120719,UTI Short Term Fund - Direct Plan - Discontinued Quarterly IDCW,20.3703
2026-09-28,120722,ICICI Prudential Focused Fund - Direct Plan - Growth,105.41
2026-09-28,120723,ICICI Prudential Focused Fund - Direct Plan - IDCW,59.07
2026-09-28,120724,UTI Children's Equity Fund - Direct Plan - Growth Option,86.6045
2026-09-28,120725,UTI Children's Equity Fund - Direct Plan - IDCW,86.7541
2026-09-28,120726,UTI Mid Cap Fund-Growth Option- Direct,340.1199
2026-09-28,120727,UTI Mid Cap Fund - Direct Plan - IDCW,167.374
2026-09-28,120728,UTI Infrastructure Fund-Growth Option- Direct,146.022
2026-09-28,120729,UTI Infrastructure Fund - Direct Plan - IDCW,76.4138
2026-09-28,120730,UTI Transportation and Logistics Fund - Direct Plan - IDCW,154.3671
2026-09-28,120731,UTI-Transportation and Logistics  Fund-Growth Option- Direct,333.768
2026-09-28,120732,UTI Banking and Financial Services Fund - Direct Plan - IDCW,84.6559
2026-09-28,120733,UTI Banking and Financial Services Fund - Direct Plan - Growth Option,216.2996
2026-09-28,120734,UTI Ultra Short to Short Term Fund - Direct Plan - Quarterly IDCW,2086.2884
2026-09-28,120735,UTI Ultra Short to Short Term Fund - Direct Plan - Growth Option,3891.0928
2026-09-28,120736,UTI Ultra Short to Short Term Fund - Direct Plan - Monthly IDCW,1519.1945
2026-09-28,120737,UTI Ultra Short to Short Term Fund - Direct Plan - Daily IDCW (Reinvestment),1485.6023
2026-09-28,120739,UTI Ultra Short to Short Term Fund - Direct Plan - Weekly IDCW,1022.8338
2026-09-28,120743,ICICI Prudential Long Term Fund - Direct Plan - Growth,100.1357
2026-09-28,120744,UTI Ultra Short Term Fund - Direct Plan - Daily IDCW (Reinvestment),1639.2666
2026-09-28,120745,UTI Ultra Short Term Fund - Direct Plan - Weekly IDCW (Reinvestment),1085.0214
2026-09-28,120746,UTI Ultra Short Term Fund - Direct Plan - Growth Option,4927.4083
2026-09-28,120747,ICICI Prudential Long Term Fund - Direct Plan - Quarterly IDCW,12.4221
2026-09-28,120749,UTI-Dividend Yield Fund.-Growth-Direct,184.0907
2026-09-28,120750,UTI Dividend Yield Fund - Direct Plan - IDCW,38.6399
2026-09-28,120751,UTI Value Fund - Direct Plan - Growth Option,174.5838
2026-09-28,120752,UTI Value Fund - Direct Plan - IDCW,56.9381
2026-09-28,120754,ICICI Prudential Short Term Fund - Direct Plan - Growth Option,70.6876
2026-09-28,120755,ICICI Prudential Short Term Fund - Direct Plan - Monthly IDCW,12.6804
2026-09-28,120760,UTI Multi Asset Allocation Fund - Direct Plan - Growth Option,85.5812
2026-09-28,120761,UTI Multi Asset Allocation Fund - Direct Plan - IDCW,33.5924
2026-09-28,120762,UTI Dynamic Term Fund - Direct Plan - Growth Option,35.5488
2026-09-28,120763,UTI Dynamic Term Fund - Direct Plan - Discontinued Quarterly IDCW,27.3563
2026-09-28,120764,UTI Credit Risk Fund - Direct Plan - Growth Option,20.8727
2026-09-28,120765,UTI Credit Risk Fund - Direct Plan - Discontinued Quarterly IDCW,14.7289
2026-09-28,120766,UTI Retirement Fund- Direct Plan,53.9209
2026-09-28,120771,UTI Children's Hybrid Fund - Direct Plan,40.6151
2026-09-28,120772,UTI Money Market Fund - Direct Plan - Daily IDCW (Reinvestment),1030.8658
2026-09-28,120777,UTI Liquid Fund - Direct Plan - Weekly IDCW,106.1868
2026-09-28,120778,UTI Conservative Hybrid Fund - Direct Plan - Monthly IDCW,18.8951
2026-09-28,120779,UTI Conservative Hybrid Fund - Direct Plan - Growth Option,76.0787
2026-09-28,120780,UTI India Consumer Fund - Direct Plan - Growth Option,60.6103
2026-09-28,120781,UTI India Consumer Fund - Direct Plan - IDCW,53.209
2026-09-28,120782,UTI Healthcare Fund - Direct Plan - Growth Option,386.9382
2026-09-28,120783,UTI Healthcare Fund - Direct Plan - IDCW,299.0749
2026-09-28,120784,UTI - Unit Linked Insurance Plan- Direct,46.1112
2026-09-28,120785,UTI - Overnight Fund - Direct Plan - Growth Option,3780.3745
2026-09-28,120786,UTI Overnight Fund - Direct Plan - Periodic IDCW,1983.9932
2026-09-28,120789,UTI Conservative Hybrid Fund - Direct Plan - Flexi IDCW,49.4217
2026-09-28,120790,UTI Conservative Hybrid Fund - Direct Plan - Monthly Payment Option,74.8388
2026-09-28,120791,UTI Gilt Fund - Direct Plan - IDCW,31.4402
2026-09-28,120792,UTI - GILT FUND - Direct Plan - Growth Option,67.9367
2026-09-28,120793,UTI Money Market Fund - Direct Plan - Weekly IDCW,1136.7155
2026-09-28,120794,UTI Liquid Fund - Direct Plan - Monthly IDCW,104.7942
2026-09-28,120795,UTI Arbitrage Fund - Direct Plan - Growth Option,40.3206
2026-09-28,120796,UTI Arbitrage Fund - Direct Plan - IDCW,23.4854
2026-09-28,120818,quant Aggressive Hybrid Fund-IDCW Option-Direct Plan,69.0601
2026-09-28,120819,quant Aggressive Hybrid Fund-Growth Option-Direct Plan,498.6189
2026-09-28,120820,quant Multi Asset Allocation Fund - IDCW Option - Direct Plan,164.2669
2026-09-28,120821,quant Multi Asset Allocation Fund-GROWTH OPTION-Direct Plan,178.243
2026-09-28,120822,quant Multi Cap Fund-IDCW Option - Direct Plan,82.979
2026-09-28,120823,quant Multi Cap Fund-GROWTH OPTION-Direct Plan,716.5182
2026-09-28,120825,quant Large & Mid Cap Fund - IDCW Option - Direct Plan,62.5363
2026-09-28,120826,quant Large & Mid Cap Fund - Growth Option-Direct Plan,134.3075
2026-09-28,120827,quant Small Cap Fund - IDCW Option - Direct Plan,244.7766
2026-09-28,120828,quant Small Cap Fund - Growth Option - Direct Plan,313.1381
2026-09-28,120832,quant Infrastructure Fund - IDCW Option - Direct Plan,44.5024
2026-09-28,120833,quant Infrastructure Fund - Growth Option-Direct Plan,44.5384
2026-09-28,120834,quant Focused Fund - Growth Option-Direct Plan,101.0439
2026-09-28,120835,quant Focused Fund - IDCW Option - Direct Plan,59.0666
2026-09-28,120836,quant Liquid Fund-Daily IDCW Option - Direct Plan,13.1487
2026-09-28,120837,quant Liquid Fund - Growth Option - Direct Plan,45.5921
2026-09-28,120838,quant Liquid Fund - Monthly IDCW Option - Direct Plan,15.8417
2026-09-28,120839,quant Liquid Fund - Weekly IDCW Option - Direct Plan,14.7184
2026-09-28,120840,quant Mid Cap Fund - IDCW Option - Direct Plan,85.0735
2026-09-28,120841,quant Mid Cap Fund - Growth Option - Direct Plan,242.2093
2026-09-28,120842,quant Flexi Cap Fund - IDCW Option - Direct Plan,80.5212
2026-09-28,120843,quant Flexi Cap Fund - Growth Option-Direct Plan,118.4586
2026-09-28,120846,quant ELSS Tax Saver Fund - IDCW Option - Direct Plan,60.3461
2026-09-28,120847,quant ELSS Tax Saver Fund - Growth Option - Direct Plan,452.6947
2026-09-28,120870,ICICI Prudential Small Cap Fund - Direct Plan - IDCW,71.53
2026-09-28,121109,SBI BSE SENSEX ETF,811.9126
2026-09-28,121146,Nippon India ETF Nifty 100,253.8274
2026-09-28,121279,Bandhan Banking and PSU Debt Fund - Direct Growth,27.1445
2026-09-28,121280,Bandhan Banking and PSU Debt Fund - Regular Growth,26.2769
2026-09-28,121281,Bandhan Banking and PSU Debt Fund - Direct IDCW,14.2786
2026-09-28,121282,Bandhan Banking and PSU Debt Fund - Regular IDCW,14.1894
2026-09-28,121366,ICICI Prudential Nifty 50 ETF,258.5053
2026-09-28,121891,UTI Ultra Short Term Fund - Regular Plan - Flexi IDCW,1759.335
2026-09-28,121892,UTI Ultra Short Term Fund - Direct Plan - Flexi IDCW,2390.6565
2026-09-28,121931,Bandhan Banking and PSU Debt Fund - Regular Fortnightly IDCW,10.6010
2026-09-28,121932,Bandhan Banking and PSU Debt Fund - Regular Monthly IDCW,10.6935
2026-09-28,121933,Bandhan Banking and PSU Debt Fund - Regular Annual IDCW,11.4215
2026-09-28,121934,Bandhan Banking and PSU Debt Fund - Direct Fortnightly IDCW,10.4459
2026-09-28,121935,Bandhan Banking and PSU Debt Fund - Direct Monthly IDCW,10.4515
2026-09-28,121936,Bandhan Banking and PSU Debt Fund - Direct Annual IDCW,12.4287
2026-09-28,121937,Bandhan Banking and PSU Debt Fund - Regular Quarterly IDCW,10.9666
2026-09-28,121938,Bandhan Banking and PSU Debt Fund - Direct Quarterly IDCW,11.0794
2026-09-28,121940,SBI Medium to Long Term Fund - Direct Plan - Quarterly Income Distribution cum Capital Withdrawal Option (IDCW),23.2396
2026-09-28,121944,SBI Medium to Long Term Fund - Regular Plan - Quarterly Income Distribution cum Capital Withdrawal Option (IDCW),20.6996
2026-09-28,122168,ICICI Prudential Balanced Advantage Fund - Monthly IDCW,22.04
2026-09-28,122236,ICICI Prudential Balanced Advantage Fund - Direct Plan - Monthly IDCW,26.65
2026-09-28,122387,Motilal Oswal Focused Fund - Regular Plan Growth Option,52.8391
2026-09-28,122388,Motilal Oswal Focused Fund Regular - IDCW Payout/Reinvestment,21.8150
2026-09-28,122389,Motilal Oswal Focused Fund - Direct Plan Growth Option,62.6008
2026-09-28,122390,Motilal Oswal Focused Fund Direct - IDCW Payout/Reinvestment,25.7332
2026-09-28,122443,Franklin India Money Market Fund Retail Option - Daily - IDCW,10.0651
2026-09-28,122444,Franklin India Money Market Fund Retail Option - Direct - Daily - IDCW,10.0691
2026-09-28,122531,ICICI Prudential Ultra Short to Short Term Fund - Monthly IDCW,101.9374
2026-09-28,122612,360 ONE Dynamic Term Fund - Regular Plan - Growth Option,24.0703
2026-09-28,122618,BANDHAN Dynamic Term Fund-Direct Plan-Half Yearly IDCW,11.4572
2026-09-28,122639,Parag Parikh Flexi Cap Fund - Direct Plan - Growth,88.9770
2026-09-28,122640,Parag Parikh Flexi Cap Fund - Regular Plan - Growth,81.0370
2026-09-28,122643,Aditya Birla Sun Life Floating Interest Rate Fund-Regular - DAILY IDCW,100.0000
2026-09-28,122644,Aditya Birla Sun Life Floating Interest Rate Fund-Regular Plan-Growth,374.4741
2026-09-28,122645,Aditya Birla Sun Life Floating Interest Rate Fund-Direct - daily IDCW,99.9961
2026-09-28,122646,Aditya Birla Sun Life Floating Interest Rate Fund-Direct Plan-Growth,385.7968
2026-09-28,122647,Aditya Birla Sun Life Floating Interest Rate Fund-REGULAR - WEEKLY IDCW,100.6543
2026-09-28,122648,Aditya Birla Sun Life Floating Interest Rate Fund-Direct - weekly IDCW,100.7419
2026-09-28,122651,ICICI Prudential Ultra Short to Short Term Fund - Direct Plan - Monthly IDCW,101.9463
2026-09-28,122711,360 ONE Dynamic Term Fund Regular Plan Bonus,24.0702
2026-09-28,122712,360 ONE Dynamic Term Fund Regular Plan Quarterly Dividend,23.2279
2026-09-28,122715,360 ONE Dynamic Term Fund Direct Plan Growth,25.4735
2026-09-28,122717,360 ONE Dynamic Term Fund Direct Plan Quarterly Dividend,23.5026
2026-09-28,122719,360 ONE Dynamic Term Fund Regular Plan Monthly Dividend,13.0122
2026-09-28,122720,360 ONE Dynamic Term Fund Regular Plan Half Yearly Dividend,23.2278
2026-09-28,122721,360 ONE Dynamic Term Fund Direct Plan Monthly Dividend,14.1344
2026-09-28,122748,ICICI Prudential Ultra Short to Short Term Fund - Fortnightly IDCW,101.7325
2026-09-28,122765,NIPPON INDIA AGGRESSIVE HYBRID FUND - QUARTERLY IDCW Option,21.9080
2026-09-28,122766,NIPPON INDIA AGGRESSIVE HYBRID FUND - DIRECT Plan - QUARTERLY IDCW Option,24.3906
2026-09-28,122868,BANDHAN Dynamic Term Fund - Regular Plan B - Half Yearly IDCW,11.1969
2026-09-28,122904,ICICI Prudential Ultra Short to Short Term Fund - Direct Plan - Fortnightly IDCW,101.7365
2026-09-28,122982,ICICI Prudential Ultra Short to Short Term Fund - Direct Plan - Quarterly IDCW,110.0325
2026-09-28,122995,ICICI Prudential Ultra Short to Short Term Fund - Quarterly IDCW,109.7527
2026-09-28,123004,ICICI Prudential Nifty 100 ETF,26.6989
2026-09-28,123287,DSP Money Market Fund - Regular Plan - IDCW - Daily,10.1021
2026-09-28,123288,DSP Money Market Fund - Direct Plan -  IDCW - Daily,10.1527
2026-09-28,123646,UTI Annual Interval Fund - I - Direct Plan - Growth Option,37.0585
2026-09-28,123651,ICICI Prudential Global Stable Equity Fund (FOF) - Growth,33.09
2026-09-28,123652,ICICI Prudential Global Stable Equity Fund (FOF) - Direct - IDCW,36.01
2026-09-28,123653,ICICI Prudential Global Stable Equity Fund (FOF) - IDCW,33.09
2026-09-28,123654,ICICI Prudential Global Stable Equity Fund (FOF) - Direct - Growth,36.01
2026-09-28,123663,UTI Annual Interval Fund - I - Direct Plan - Dividend Option,11.3647
2026-09-28,123690,Kotak Banking and PSU Debt - Growth,69.4731
2026-09-28,123691,Kotak Banking and PSU Debt - Monthly Payout of Income Distribution cum capital withdrawal option,13.0526
2026-09-28,123692,Kotak Banking and PSU Debt Direct - Monthly Payout of Income Distribution cum capital withdrawal option,10.2121
2026-09-28,123693,Kotak Banking and PSU Debt Direct - Growth,72.7021
2026-09-28,123704,Groww Short Term Fund (formerly known as Indiabulls Short Term Fund) - Direct Plan - Growth Option,2562.6752
2026-09-28,123705,Groww Short Term Fund (formerly known as Indiabulls Short Term Fund)- Direct Plan- Weekly - Income Distribution cum capital withdrawal Option (Payout & Reinvestment),1018.7144
2026-09-28,123706,Groww Short Term Fund (formerly known as Indiabulls Short Term Fund)- Direct Plan- Fortnightly - Income Distribution cum capital withdrawal Option (Payout & Reinvestment),1018.6384
2026-09-28,123707,Groww Short Term Fund (formerly known as Indiabulls Short Term Fund)- Direct Plan- Monthly - Income Distribution cum capital withdrawal Option (Payout & Reinvestment),1018.5728
2026-09-28,123708,Groww Short Term Fund (formerly known as Indiabulls Short Term Fund )- Regular Plan - Growth Option,2212.2429
2026-09-28,123709,Groww Short Term Fund (formerly known as Indiabulls Short Term Fund)- Regular Plan- Weekly - Income Distribution cum capital withdrawal Option (Payout & Reinvestment),1018.5615
2026-09-28,123710,Groww Short Term Fund (formerly known as Indiabulls Short Term Fund)- Regular Plan- Fortnightly - Income Distribution cum capital withdrawal Option (Payout & Reinvestment),1018.5001
2026-09-28,123711,Groww Short Term Fund (formerly known as Indiabulls Short Term Fund)- Regular Plan- Monthly - Income Distribution cum capital withdrawal Option (Payout & Reinvestment),1024.8848
2026-09-28,124172,DSP Banking and PSU Debt Fund - Regular Plan - Growth,25.2662
2026-09-28,124173,DSP Banking and PSU Debt Fund - Regular Plan - IDCW - Daily Reinvest,10.1069
2026-09-28,124174,DSP Banking and PSU Debt Fund - Regular Plan - IDCW,10.5760
2026-09-28,124175,DSP Banking and PSU Debt Fund - Direct Plan - Growth,26.2499
2026-09-28,124176,DSP Banking and PSU Debt Fund - Direct Plan - IDCW - Monthly,10.3804
2026-09-28,124177,DSP Banking and PSU Debt Fund - Direct Plan - IDCW - Quarterly,10.4315
2026-09-28,124178,DSP Banking and PSU Debt Fund - Direct Plan - IDCW,10.5939
2026-09-28,124179,DSP Banking and PSU Debt Fund - Regular Plan - IDCW - Weekly,10.1063
2026-09-28,124180,DSP Banking and PSU Debt Fund - Regular Plan - IDCW - Monthly,10.3635
2026-09-28,124181,DSP Banking and PSU Debt Fund - Regular Plan - IDCW - Quarterly,10.4155
2026-09-28,124182,DSP Banking and PSU Debt Fund - Direct Plan - IDCW - Daily Reinvest,10.1105
2026-09-28,124183,DSP Banking and PSU Debt Fund - Direct Plan - IDCW - Weekly,10.1100
2026-09-28,124233,Motilal Oswal Ultra Short Term Fund (MOFUSTF)-Regular Plan- Growth,17.5599
2026-09-28,124234,Motilal Oswal Ultra Short Term Fund (MOFUSTF) -Direct Plan- Growth,18.7895
2026-09-28,124265,UTI Overnight Fund - Regular Plan - Daily IDCW,1370.8617
2026-09-28,124266,UTI Overnight Fund - Direct Plan - Daily IDCW,1371.6621
2026-09-28,124303,Motilal Oswal Ultra Short Term Fund Regular - IDCW Daily Reinvestment,11.4495
2026-09-28,124305,Motilal Oswal Ultra Short Term Fund Regular - IDCW Quarterly Payout/Reinvestment,11.9737
2026-09-28,124306,Motilal Oswal Ultra Short Term Fund Direct - IDCW Weekly Reinvestment,11.7283
2026-09-28,124308,Motilal Oswal Ultra Short Term Fund Direct Plan - IDCW Monthly Payout/Reinvestment,11.7430
2026-09-28,124310,Motilal Oswal Ultra Short Term Fund Regular - IDCW Weekly Reinvestment,11.4645
2026-09-28,124311,Motilal Oswal Ultra Short Term Fund Direct - IDCW Fortnightly Reinvestment,11.7955
2026-09-28,124312,Motilal Oswal Ultra Short Term Fund Direct - IDCW Quarterly Payout/Reinvestment,12.3606
2026-09-28,124313,Motilal Oswal Ultra Short Term Fund Regular - IDCW Fortnightly Reinvestment,11.4997
2026-09-28,124315,Motilal Oswal Ultra Short Term Fund Regular - IDCW Monthly Payout/Reinvestment,11.4712
2026-09-28,124316,Motilal Oswal Ultra Short Term Fund Direct - IDCW Daily Reinvestment,11.7326
2026-09-28,124589,NIPPON INDIA FLOATING INTEREST RATES  FUND - IDCW Option,21.7743
2026-09-28,124590,NIPPON INDIA FLOATING INTEREST RATES  FUND - DIRECT Plan - IDCW Option,22.7217
2026-09-28,124832,Aditya Birla Sun Life Corporate Bond Fund -DIRECT - IDCW,10.6252
2026-09-28,124833,Aditya Birla Sun Life Corporate Bond Fund -REGULAR - IDCW,11.9057
2026-09-28,124962,UTI Short Term Fund - Direct Plan - Discontinued Flexi IDCW,19.8988
2026-09-28,125045,UTI Short Term Fund - Regular Plan - Discontinued Flexi IDCW,19.227
2026-09-28,125259,360 ONE LIQUID FUND REGULAR PLAN  GROWTH,2162.7319
2026-09-28,125264,NIPPON INDIA ULTRA SHORT TO SHORT TERM FUND - DIRECT Plan - IDCW Option,2271.9070
2026-09-28,125265,NIPPON INDIA ULTRA SHORT TO SHORT TERM FUND - IDCW Option,2137.6030
2026-09-28,125266,NIPPON INDIA CORPORATE BOND FUND - DIRECT Plan - IDCW Option,21.2851
2026-09-28,125267,NIPPON INDIA CORPORATE BOND FUND - IDCW Option,20.4064
2026-09-28,125268,NIPPON INDIA SHORT TERM FUND - IDCW Option,22.8634
2026-09-28,125269,NIPPON INDIA SHORT TERM FUND - Direct Plan - IDCW Option,24.9956
2026-09-28,125301,PGIM India Midcap Fund - Direct Plan - Dividend Option - Payout,62.36
2026-09-28,125305,PGIM India Midcap Fund - Regular Plan - Growth Option,64.03
2026-09-28,125306,PGIM India Midcap Fund - Regular Plan - Dividend Option - Payout,22.92
2026-09-28,125307,PGIM India Midcap Fund - Direct Plan - Growth Option,75.24
2026-09-28,125337,360 ONE LIQUID FUND REGULAR PLAN  WEEKLY DIVIDEND,1005.6536
2026-09-28,125342,360 ONE LIQUID FUND REGULAR PLAN  DAILY DIVIDEND REINVESTMENT,1000.9991
2026-09-28,125343,360 ONE LIQUID FUND DIRECT PLAN  WEEKLY DIVIDEND,1005.6894
2026-09-28,125345,360 ONE LIQUID FUND DIRECT PLAN  GROWTH,2179.1088
2026-09-28,125349,360 ONE LIQUID FUND DIRECT PLAN  DAILY DIVIDEND REINVESTMENT,1000.9991
2026-09-28,125350,Axis Small Cap Fund - Regular Plan - Growth,114.67
2026-09-28,125351,Axis Small Cap Fund - Direct Plan - IDCW,54.10
2026-09-28,125352,Axis Small Cap Fund - Regular Plan - IDCW,45.67
2026-09-28,125354,Axis Small Cap Fund - Direct Plan - Growth,134.11
2026-09-28,125494,SBI Small Cap Fund - Regular Plan - Growth,181.3244
2026-09-28,125495,SBI Small Cap Fund - Regular Plan - Income Distribution cum Capital Withdrawal Option (IDCW),107.1235
2026-09-28,125496,SBI Small Cap Fund - Direct Plan - Income Distribution cum Capital Withdrawal Option (IDCW),143.0115
2026-09-28,125497,SBI Small Cap Fund - Direct Plan - Growth,209.5278
2026-09-28,125498,SBI BANKING & PSU DEBT FUND - Regular Paln - Growth,3307.5390
2026-09-28,125499,SBI Banking & PSU Debt Fund - Regular Plan - Daily Income Distribution cum Capital Withdrawal Option (IDCW),1508.9912
2026-09-28,125500,SBI Banking & PSU Debt Fund - Regular Plan - Weekly Income Distribution cum Capital Withdrawal Option (IDCW),1508.6328
2026-09-28,125501,SBI Banking & PSU Debt Fund - Regular Plan - Monthly Income Distribution cum Capital Withdrawal Option (IDCW),1219.3953
2026-09-28,125502,SBI Banking & PSU Debt Fund - Direct Plan - Daily Income Distribution cum Capital Withdrawal Option (IDCW),1555.6962
2026-09-28,125503,SBI BANKING & PSU DEBT FUND - Direct Plan - Growth,3531.8817
2026-09-28,125504,SBI Banking & PSU Debt Fund - Direct Plan - Weekly Income Distribution cum Capital Withdrawal Option (IDCW),1552.2412
2026-09-28,125505,SBI Banking & PSU Debt Fund - Direct Plan - Monthly Income Distribution cum Capital Withdrawal Option (IDCW),1311.8367
2026-09-28,125595,Aditya Birla Sun Life Banking and Financial Services Fund - Regular Plan - Growth,59.38
2026-09-28,125596,Aditya Birla Sun Life Banking and Financial Services Fund - REGULAR - IDCW,21.72
2026-09-28,125597,Aditya Birla Sun Life Banking and Financial Services Fund - Direct Plan - Growth,67.34
2026-09-28,125598,Aditya Birla Sun Life Banking and Financial Services Fund - DIRECT - IDCW,29.69
2026-09-28,125711,Shriram Aggressive Hybrid Fund- Direct Growth,36.0717
2026-09-28,125712,Shriram Aggressive Hybrid Fund- Direct- IDCW,28.4154
2026-09-28,125713,Shriram Aggressive Hybrid Fund- Regular Growth,30.8942
2026-09-28,125714,Shriram Aggressive Hybrid Fund- Regular-IDCW,24.7017
2026-09-28,126350,Invesco India - Invesco Pan European Equity Fund of Fund - Regular Plan - IDCW (Payout / Reinvestment),26.5736
2026-09-28,126351,Invesco India - Invesco Pan European Equity Fund of Fund - Regular Plan - Growth Option,26.5739
2026-09-28,126352,Invesco India - Invesco Pan European Equity Fund of Fund - Direct Plan - IDCW (Payout / Reinvestment),28.9704
2026-09-28,126353,Invesco India - Invesco Pan European Equity Fund of Fund - Direct Plan - Growth Option,29.0588
2026-09-28,126389,BANK OF INDIA Ultra Short Term Fund- Direct Plan-Bonus,3520.7003
2026-09-28,126391,DSP Dynamic Asset Allocation Fund - Direct Plan - IDCW - Monthly,16.3830
2026-09-28,126392,DSP Dynamic Asset Allocation Fund - Regular Plan - IDCW - Monthly,13.6450
2026-09-28,126393,DSP Dynamic Asset Allocation Fund - Direct Plan - Growth,32.6100
2026-09-28,126394,DSP Dynamic Asset Allocation Fund - Regular Plan - Growth,28.0460
2026-09-28,126685,CANARA ROBECO CORPORATE BOND FUND - DIRECT PLAN - GROWTH OPTION,24.6489
2026-09-28,126686,CANARA ROBECO CORPORATE BOND FUND - DIRECT PLAN - IDCW (Payout/Reinvestment),12.4711
2026-09-28,126687,CANARA ROBECO CORPORATE BOND FUND - REGULAR PLAN - GROWTH OPTION,22.8220
2026-09-28,126688,CANARA ROBECO CORPORATE BOND FUND - REGULAR PLAN - IDCW (Payout/Reinvestment),11.5705
2026-09-28,126939,UTI Banking & PSU Debt Fund- Regular Plan - Growth Option,23.589
2026-09-28,126940,UTI Banking & PSU Debt Fund - Direct Plan - Growth Option,24.066
2026-09-28,126941,UTI Banking & PSU Debt Fund - Regular Plan - Discontinued Quarterly IDCW,16.188
2026-09-28,126942,UTI Banking & PSU Debt Fund - Direct Plan - Discontinued Quarterly IDCW,17.912
2026-09-28,127039,Motilal Oswal Midcap Fund-Regular Plan-Growth Option,99.3511
2026-09-28,127040,Motilal Oswal Midcap Fund-Regular - IDCW Payout/Reinvestment,44.8966
2026-09-28,127042,Motilal Oswal Midcap Fund-Direct Plan-Growth Option,114.8816
2026-09-28,127044,Motilal Oswal Midcap Fund-Direct - IDCW Payout/Reinvestment,46.8576
2026-09-28,127070,HSBC Asia Pacific IDCW Yield Fund IDCW,26.0343
2026-09-28,127071,HSBC Asia Pacific (Ex Japan) Dividend Yield Fund - Growth Direct,40.176
2026-09-28,127072,HSBC Asia Pacific IDCW Yield Fund Direct Plan IDCW,26.0549
2026-09-28,127073,HSBC Asia Pacific (Ex Japan) Dividend Yield Fund - Growth,36.9953
2026-09-28,127470,Bandhan Banking and PSU Debt Fund - Regular Daily IDCW,10.8677
2026-09-28,127471,Bandhan Banking and PSU Debt Fund - Direct Daily IDCW,10.4665
2026-09-28,127849,BANK OF INDIA BALANCED ADVANTAGE FUND REGULAR PLAN  GROWTH,25.4207
2026-09-28,127850,BANK OF INDIA BALANCED ADVANTAGE FUND DIRECT PLAN  GROWTH,27.8362
2026-09-28,127851,BANK OF INDIA BALANCED ADVANTAGE FUND  REGULAR PLAN IDCW,17.7358
2026-09-28,127852,BANK OF INDIA BALANCED ADVANTAGE FUND  DIRECT PLAN IDCW,16.7944
2026-09-28,128006,Kotak Medium Term Fund - Direct Growth,27.5299
2026-09-28,128009,Kotak Medium Term Fund - Growth,24.473
2026-09-28,128050,HDFC Credit Risk Fund - Quarterly IDCW - Direct Plan,10.7734
2026-09-28,128051,HDFC Credit Risk Fund - Growth Option - Direct Plan,28.3252
2026-09-28,128052,HDFC Credit Risk Fund - Quarterly IDCW Option,10.4278
2026-09-28,128053,HDFC Credit Risk Fund - Growth Option,26.0383
2026-09-28,128078,Kotak Medium Term Fund - Standard Income Distribution cum capital withdrawal option,15.0212
2026-09-28,128079,Kotak Medium Term Fund - Direct - Standard Income Distribution cum capital withdrawal option,27.5323
2026-09-28,128331,Nippon India ETF Nifty India Consumption,125.7128
2026-09-28,128626,HDFC Banking and PSU Debt Fund - IDCW Option - Direct Plan,9.9813
2026-09-28,128627,HDFC Banking and PSU Debt Fund - IDCW Option,10.0858
2026-09-28,128628,HDFC Banking and PSU Debt Fund - Growth Option,24.3167
2026-09-28,128629,HDFC Banking and PSU Debt Fund - Growth Option - Direct Plan,25.4366
2026-09-28,128639,Nippon India ETF Nifty Dividend Opportunities 50,73.0104
2026-09-28,128820,NIPPON INDIA ARBITRAGE FUND - MONTHLY IDCW Option,14.8474
2026-09-28,128821,NIPPON INDIA ARBITRAGE FUND - DIRECT Plan - MONTHLY IDCW Option,16.2488
2026-09-28,129006,Franklin India Banking & PSU Debt Fund - Growth,24.1262
2026-09-28,129007,Franklin India Banking and PSU Debt Fund - IDCW,10.8316
2026-09-28,129008,Franklin India Banking & PSU Debt Fund - Direct - Growth,25.2976
2026-09-28,129009,Franklin India Banking and PSU Debt Fund - Direct - IDCW,11.4474
2026-09-28,129046,Motilal Oswal Flexi cap Fund Direct Plan-Growth Option,69.0719
2026-09-28,129047,Motilal Oswal Flexi Cap Fund Direct - IDCW Payout/Reinvestment,34.1702
2026-09-28,129048,Motilal Oswal Flexi Cap Fund Regular Plan-Growth Option,61.6990
2026-09-28,129049,Motilal Oswal Flexi cap Fund Regular - IDCW Payout/Reinvestment,32.4060
2026-09-28,129051,HDFC ARBITRAGE FUND - Regular Plan - Monthly IDCW Option,11.423
2026-09-28,129052,HDFC ARBITRAGE FUND -Direct Plan - Growth Option,21.813
2026-09-28,129054,HDFC ARBITRAGE FUND - Monthly IDCW - Direct Plan,11.331
2026-09-28,129065,HSBC Aggressive Hybrid Active FOF - Growth,41.9699
2026-09-28,129187,Invesco India - Invesco Global Equity Income Fund of Fund - Regular Plan - Growth,37.2571
2026-09-28,129188,Invesco India - Invesco Global Equity Income Fund of Fund - Direct Plan - Growth,41.4195
2026-09-28,129189,Invesco India - Invesco Global Equity Income Fund of Fund - Regular Plan - IDCW (Payout / Reinvestment),37.2039
2026-09-28,129190,Invesco India - Invesco Global Equity Income Fund of Fund - Direct Plan - IDCW (Payout / Reinvestment),40.9157
2026-09-28,129191,HSBC Multi Asset Active FOF - Growth,40.9045
2026-09-28,129192,HSBC Multi Asset Active FOF IDCW,29.8496
2026-09-28,129193,HSBC Multi Asset Active FOF - Growth Direct,43.7043
2026-09-28,129194,HSBC Multi Asset Active FOF Direct Plan IDCW,20.9924
2026-09-28,129195,HSBC Income Plus Arbitrage Active FOF - Growth,22.7272
2026-09-28,129196,HSBC Income Plus Arbitrage Active FOF IDCW,16.3797
2026-09-28,129197,HSBC Income Plus Arbitrage Active FOF - Growth Direct,24.1929
2026-09-28,129198,HSBC Income Plus Arbitrage Active FOF Direct Plan IDCW,19.3511
2026-09-28,129199,HSBC Aggressive Hybrid Active FOF - Dividend,29.6137
2026-09-28,129200,HSBC Aggressive Hybrid Active FOF - Growth Direct,44.785
2026-09-28,129201,HSBC Aggressive Hybrid Active FOF - Dividend Direct,32.0932
2026-09-28,129210,Sundaram Infrastructure Advantage Fund Regular Plan - Income Distribution cum Capital Withdrawal (IDCW),55.2402
2026-09-28,129211,Sundaram Infrastructure Advantage Fund Direct Plan - Income Distribution cum Capital Withdrawal (IDCW),59.7621
2026-09-28,129212,Sundaram Infrastructure Advantage Fund Direct Plan - Growth,103.7949
2026-09-28,129213,Sundaram Infrastructure Advantage Fund Regular Plan - Growth,96.4573
2026-09-28,129309,ICICI Prudential Dividend Yield Fund Direct Plan IDCW Option,23.85
2026-09-28,129310,ICICI Prudential Dividend Yield Fund Growth Option,50.06
2026-09-28,129311,ICICI Prudential Dividend Yield Fund IDCW Option,17.79
2026-09-28,129312,ICICI Prudential Dividend Yield Fund Direct Plan Growth Option,56.66
2026-09-28,129436,Franklin India Money Market Fund Retail Option - Monthly - IDCW,10.4711
2026-09-28,129437,Franklin India Money Market Fund Retail Option - Direct - Monthly - IDCW,10.8612
2026-09-28,129646,Union Small Cap Fund - Direct Plan - IDCW Option,43.40
2026-09-28,129647,Union Small Cap Fund - Regular Plan - Growth Option,58.94
2026-09-28,129648,Union Small Cap Fund - Regular Plan - IDCW Option,45.23
2026-09-28,129649,Union Small Cap Fund - Direct Plan - Growth Option,65.95
2026-09-28,130013,ICICI Prudential Money Market Fund Option - IDCW Others,188.5471
2026-09-28,130037,Nippon India Medium Term Fund - Growth Option,16.8323
2026-09-28,130050,Nippon India Medium Term Fund - Direct Plan - Growth Option,18.3514
2026-09-28,130053,NIPPON INDIA MEDIUM TERM FUND - IDCW Option,14.4039
2026-09-28,130054,NIPPON INDIA MEDIUM TERM FUND - DIRECT Plan - IDCW Option,15.4785
2026-09-28,130055,NIPPON INDIA MEDIUM TERM FUND - DIRECT Plan - QUARTERLY IDCW Option,10.9366
2026-09-28,130056,NIPPON INDIA MEDIUM TERM FUND - QUARTERLY IDCW Option,10.8426
2026-09-28,130205,Edelweiss Arbitrage Fund- Regular Plan- Growth Option,20.7937
2026-09-28,130206,Edelweiss Arbitrage Fund- Direct Plan- Growth Option,22.5015
2026-09-28,130207,Edelweiss Arbitrage Fund - Regular Plan - IDCW Option,15.2593
2026-09-28,130208,Edelweiss Arbitrage Fund- Regular Plan -Bonus Option,20.8945
2026-09-28,130209,Edelweiss Arbitrage Fund - Direct Plan - IDCW Option,16.0866
2026-09-28,130309,Axis Credit Risk Fund - Regular Plan - Growth,23.3946
2026-09-28,130310,Axis Credit Risk Fund - Regular Plan - Weekly IDCW,10.1414
2026-09-28,130311,Axis Credit Risk Fund - Direct Plan - Weekly IDCW,10.3147
2026-09-28,130312,Axis Credit Risk Fund - Direct Plan - Monthly IDCW,10.1669
2026-09-28,130313,Axis Credit Risk Fund - Regular Plan - Monthly IDCW,10.1137
2026-09-28,130314,Axis Credit Risk Fund - Direct Plan - Growth,26.4145
2026-09-28,130490,DSP Income Plus Arbitrage Omni FoF - Regular Plan - IDCW,16.5888
2026-09-28,130491,DSP Income Plus Arbitrage Omni FoF - Direct Plan - IDCW,18.5224
2026-09-28,130492,DSP Income Plus Arbitrage Omni FoF - Regular Plan - Growth,22.4545
2026-09-28,130493,DSP Income Plus Arbitrage Omni FoF - Direct Plan - Growth,23.8831
2026-09-28,130496,HDFC Large & Mid Cap Fund - Growth Option,333.686
2026-09-28,130497,HDFC Large & Mid Cap Fund - IDCW Option,34.296
2026-09-28,130498,HDFC Large & Mid Cap Fund - Growth Option - Direct Plan,354.091
2026-09-28,130499,HDFC Large & Mid Cap Fund - IDCW Option - Direct Plan,45.978
2026-09-28,130501,HDFC Small Cap Fund - IDCW Option,39.741
2026-09-28,130502,HDFC Small Cap Fund - Growth Option,136.945
2026-09-28,130503,HDFC Small Cap Fund - Growth Option - Direct Plan,157.255
2026-09-28,130504,HDFC Small Cap Fund - IDCW Option - Direct Plan,63.662
2026-09-28,130533,HDFC Income Plus Arbitrage Active FOF - Growth Option,41.3536
2026-09-28,130540,HDFC Income Plus Arbitrage Active FOF - IDCW Option,36.2374
2026-09-28,130543,HDFC Income Plus Arbitrage Active FOF - Growth Option - Direct Plan,45.7662
2026-09-28,130547,HDFC Income Plus Arbitrage Active FOF - IDCW Option - Direct Plan,40.2012
2026-09-28,130603,JM Arbitrage Fund (Regular) - Bonus Option - Principal Units,18.9532
2026-09-28,130604,JM Arbitrage Fund (Direct) - Bonus Option - Principal Units,20.0633
2026-09-28,130721,Invesco India Credit Risk Fund - Regular Plan - Growth,2078.8146
2026-09-28,130722,Invesco India Credit Risk Fund - Direct Plan - Growth,2347.5158
2026-09-28,130723,Invesco India Credit Risk Fund - Regular Plan - Monthly IDCW (Payout / Reinvestment),1188.3506
2026-09-28,130724,Invesco India Credit Risk Fund - Direct Plan - Monthly IDCW (Payout / Reinvestment),1176.8012
2026-09-28,130725,Invesco India Credit Risk Fund - Direct Plan - Discretionary IDCW (Payout / Reinvestment),2365.0312
2026-09-28,130726,Invesco India Credit Risk Fund - Regular Plan - Discretionary IDCW (Payout / Reinvestment),2078.1588
2026-09-28,130771,Axis Arbitrage Fund - Regular Plan - Growth,20.0583
2026-09-28,130773,Axis Arbitrage Fund - Direct Plan - Growth,21.9748
2026-09-28,130774,Axis Arbitrage Fund - Direct Plan - Monthly IDCW,12.3872
2026-09-28,130776,Axis Arbitrage Fund - Regular Plan - Monthly IDCW,11.1620
2026-09-28,130787,Invesco India Arbitrage Fund - Direct Plan - Annual Bonus,37.3832
2026-09-28,130858,Nippon India Japan Equity Fund- Growth Plan- Bonus Option,28.0686
2026-09-28,130859,NIPPON INDIA - JAPAN EQUITY FUND - IDCW Option,28.0686
2026-09-28,130860,Nippon India Japan Equity Fund- Direct Plan- Growth Plan- Growth Option,31.7755
2026-09-28,130861,Nippon India Japan Equity Fund- Direct Plan- Growth Plan- Bonus Option,31.7755
2026-09-28,130863,Nippon India Japan Equity Fund- Growth Plan- Growth Option,28.0686
2026-09-28,130864,NIPPON INDIA - JAPAN EQUITY FUND - DIRECT Plan - IDCW Option,31.7755
2026-09-28,130904,JM Aggressive Hybrid Fund (Direct) - Annual Bonus Option,137.0204
2026-09-28,131051,ICICI Prudential 10 year Constant Maturity Gilt Fund - Growth,25.7134
2026-09-28,131054,ICICI Prudential 10 year Constant Maturity Gilt Fund - Direct Plan - Quarterly IDCW,11.4794
2026-09-28,131057,ICICI Prudential 10 year Constant Maturity Gilt Fund - quarterly IDCW,11.2216
2026-09-28,131061,ICICI Prudential 10 year Constant Maturity Gilt Fund - Direct Plan - Growth,26.3337
2026-09-28,131297,DSP 10 year Constant Maturity Gilt Fund - Regular Plan - Growth,22.1934
2026-09-28,131298,DSP 10 year Constant Maturity Gilt Fund - Regular Plan - IDCW,10.4777
2026-09-28,131299,DSP 10 year Constant Maturity Gilt Fund - Regular Plan - IDCW - Monthly,10.5712
2026-09-28,131300,DSP 10 year Constant Maturity Gilt Fund - Regular Plan - IDCW - Quarterly,10.7262
2026-09-28,131301,DSP 10 year Constant Maturity Gilt Fund - Direct Plan - Growth,22.7957
2026-09-28,131302,DSP 10 year Constant Maturity Gilt Fund - Direct Plan - IDCW - Quarterly,10.6784
2026-09-28,131303,DSP 10 year Constant Maturity Gilt Fund - Direct Plan - IDCW - Monthly,10.4229
2026-09-28,131304,DSP 10 year Constant Maturity Gilt Fund - Direct Plan - IDCW,10.6869
2026-09-28,131331,Nippon India ETF BSE Sensex,837.5052
2026-09-28,131354,BANDHAN Balanced Advantage Fund Regular Plan IDCW,13.848
2026-09-28,131355,BANDHAN Balanced Advantage Fund Direct Plan Growth,29.150
2026-09-28,131356,BANDHAN Balanced Advantage Fund Direct Plan IDCW,16.151
2026-09-28,131357,BANDHAN Balanced Advantage Fund Regular Plan Growth,24.833
2026-09-28,131372,Kotak Equity Savings Fund - Regular - Growth,27.2955
2026-09-28,131373,Kotak Equity Savings Fund - Direct - Growth,30.3656
2026-09-28,131374,Kotak Equity Savings Fund - Regular - Monthly Payout of Income Distribution cum capital withdrawal option,19.9847
2026-09-28,131375,Kotak Equity Savings Fund - Direct - Monthly Payout of Income Distribution cum capital withdrawal option,21.7226
2026-09-28,131382,Bandhan Short Term Fund - Direct Plan - Periodic IDCW,23.7786
2026-09-28,131383,Bandhan Short Term Fund - Regular Plan - Periodic IDCW,22.6920
2026-09-28,131384,Bandhan Medium Term Fund - Direct Plan - Periodic IDCW,13.9257
2026-09-28,131385,Bandhan Medium Term Fund - Regular Plan - Periodic IDCW,15.2837
2026-09-28,131386,Bandhan Medium to Long Term Fund - Direct Plan - Periodic IDCW,18.1974
2026-09-28,131387,Bandhan Medium to Long Term Fund - Regular Plan - Periodic IDCW,14.5647
2026-09-28,131388,Bandhan Money Market Fund -Direct Plan-Periodic IDCW,17.3690
2026-09-28,131389,Bandhan Money Market Fund - Regular Plan - Periodic IDCW,14.2979
2026-09-28,131390,Bandhan 10 year Constant Maturity Gilt Fund - Direct Plan - Periodic IDCW,14.5221
2026-09-28,131391,Bandhan 10 year Constant Maturity Gilt Fund - Regular Plan - Periodic IDCW,17.1181
2026-09-28,131394,Bandhan Gilt Fund - Direct Plan - Periodic IDCW,19.3274
2026-09-28,131395,Bandhan Gilt Fund - Regular Plan B - Periodic IDCW,17.6066
2026-09-28,131396,BANDHAN Dynamic Term Fund-Direct Plan-Periodic IDCW,14.1024
2026-09-28,131397,BANDHAN Dynamic Term Fund - Regular Plan B - Periodic IDCW,14.2266
2026-09-28,131398,Bandhan Income Plus Arbitrage Active FOF - Direct Plan - Periodic IDCW,16.9634
2026-09-28,131399,Bandhan Income Plus Arbitrage Active FOF - Regular Plan - Periodic IDCW,16.3629
2026-09-28,131418,UTI Credit Risk Fund - Regular Plan - Monthly IDCW,10.9991
2026-09-28,131419,UTI Credit Risk Fund - Direct Plan - Monthly IDCW,11.2902
2026-09-28,131424,UTI Short Term Fund - Regular Plan - Half-Yearly IDCW,14.4236
2026-09-28,131425,UTI Short Term Fund - Direct Plan - Half Yearly Dividend Option,14.7479
2026-09-28,131444,UTI Ultra Short Term Fund - Direct Plan - Monthly IDCW,1177.3136
2026-09-28,131445,UTI Ultra Short Term Fund - Regular Plan - Monthly IDCW,1129.8134
2026-09-28,131452,ICICI Prudential Aggressive Hybrid Fund - Half Yearly IDCW,23.73
2026-09-28,131453,ICICI Prudential Aggressive Hybrid Fund - Direct Plan - Half Yearly IDCW,27.30
2026-09-28,131476,JM Aggressive Hybrid Fund (Regular) - Annual IDCW,32.6417
2026-09-28,131477,JM Aggressive Hybrid Fund (Direct) - Annual IDCW,46.1572
2026-09-28,131480,ICICI Prudential Medium to Long Term Fund - Direct Plan - Half Yearly IDCW,10.6690
2026-09-28,131481,ICICI Prudential Medium to Long Term Fund - Half Yearly IDCW,10.9915
2026-09-28,131511,UTI Ultra Short Term Fund - Regular Plan - Fortnightly IDCW,1323.4277
2026-09-28,131512,UTI Ultra Short Term Fund - Direct Plan - Fortnightly IDCW,1359.1485
2026-09-28,131547,UTI Short Term Fund - Regular Plan - Monthly IDCW,11.8978
2026-09-28,131548,UTI Short Term Fund - Direct Plan - Monthly IDCW,10.5794
2026-09-28,131578,360 ONE Focused Fund -Regular Plan - Growth,47.0488
2026-09-28,131579,360 ONE Focused Fund - Regular Plan - Dividend,41.6287
2026-09-28,131580,360 ONE Focused Fund-Direct Plan-Growth,53.9604
2026-09-28,131581,360 ONE Focused Fund - Direct Plan - Dividend,53.4101
2026-09-28,131665,Aditya Birla Sun Life Balanced Advantage Fund -REGULAR - IDCW,25.53
2026-09-28,131666,Aditya Birla Sun Life Balanced Advantage Fund - Regular Plan - Growth Option,110.84
2026-09-28,131670,Aditya Birla Sun Life Balanced Advantage Fund - Direct Plan - Growth Option,127.46
2026-09-28,131671,Aditya Birla Sun Life Balanced Advantage Fund -DIRECT - IDCW,29.41
2026-09-28,131863,Aditya Birla Sun Life Multi Asset Omni FoF-REGULAR - IDCW,64.1123
2026-09-28,131864,Aditya Birla Sun Life Multi Asset Omni FoF- Regular Plan - Growth Option,74.8318
2026-09-28,131865,Aditya Birla Sun Life Multi Asset Omni FoF- Direct Plan - Growth Option,39.9475
2026-09-28,131866,Aditya Birla Sun Life Multi Asset Omni FOF-DIRECT - IDCW,35.4165
2026-09-28,131895,Aditya Birla Sun Life Income Plus Arbitrage Active FOF- REGULAR - IDCW,24.9804
2026-09-28,131896,Aditya Birla Sun Life Income Plus Arbitrage Active FOF- Regular Plan - Growth Option,39.8327
2026-09-28,131897,Aditya Birla Sun Life Income Plus Arbitrage Active FOF- DIRECT - IDCW,26.4542
2026-09-28,131898,Aditya Birla Sun Life Income Plus Arbitrage Active FOF- Direct Plan - Growth Option,42.2480
2026-09-28,132003,Aditya Birla Sun Life Global Excellence Equity Fund Of Fund-REGULAR - RETAIL - IDCW,44.2653
2026-09-28,132005,Aditya Birla Sun Life Global Excellence Equity Fund Of Fund- Retail Plan - Regular Plan - Growth Option,44.2379
2026-09-28,132009,Aditya Birla Sun Life Global Excellence Equity Fund Of Fund - Retail Plan - Direct Plan - Growth Option,47.3880
2026-09-28,132010,Aditya Birla Sun Life Global Excellence Equity Fund Of Fund-DIRECT - RETAIL - IDCW,47.4123
2026-09-28,132138,Aditya Birla SUn Life Global Emerging Opportunities Fund - Regular Plan - Growth Option,33.4466
2026-09-28,132139,Aditya Birla Sun Life Global Emerging Opportunities Fund - Regular - IDCW,33.4526
2026-09-28,132140,Aditya Birla Sun Life Global Emerging Opportunities Fund - Direct plan - Growth Option,35.2387
2026-09-28,132141,Aditya Birla Sun Life Global Emerging Opportunities Fund - Direct - IDCW,31.1668
2026-09-28,132174,Aditya Birla Sun Life Aggressive Hybrid Omni FOF- Regular Plan - Growth Option,42.9213
2026-09-28,132175,Aditya Birla Sun Life Aggressive Hybrid Omni FOF-  Regular -  IDCW,38.4973
2026-09-28,132178,Aditya Birla Sun Life Conservative Hybrid Active FOF- Regular Plan - Growth Option,35.3454
2026-09-28,132179,Aditya Birla Sun Life Conservative Hybrid Active FOF -Regular - IDCW,32.1569
2026-09-28,132180,Aditya Birla Sun Life Dynamic Asset Allocation Omni FOF- Regular Plan - Growth Option,55.2156
2026-09-28,132181,Aditya Birla Sun Life Dynamic Asset Allocation Omni FOF-Regular - IDCW,50.5417
2026-09-28,132183,Aditya Birla Sun Life Conservative Hybrid Active FOF- Direct Plan - Growth Option,37.7589
2026-09-28,132184,Aditya Birla Sun Life Conservative Hybrid Active FOF-Direct - IDCW,25.6375
2026-09-28,132185,Aditya Birla Sun Life Aggressive Hybrid Omni FOF- Direct Plan - Growth Option,46.1946
2026-09-28,132186,Aditya Birla Sun Life Dynamic Asset Allocation Omni FOF- Direct Plan - Growth Option,61.2289
2026-09-28,132187,Aditya Birla Sun Life Dynamic Asset Allocation Omni FOF- Direct - IDCW,56.0745
2026-09-28,132189,Aditya Birla Sun Life Aggressive Hybrid Omni FOF- Direct - IDCW,41.9562
2026-09-28,132756,Tata ELSS Fund-Growth-Direct Plan,52.3969
2026-09-28,132757,Tata ELSS Fund-Growth-Regular Plan,45.1806
2026-09-28,132848,HDFC Corporate Bond Fund - IDCW Option,20.7365
2026-09-28,132849,HDFC Corporate Bond Fund - IDCW Option - Direct Plan,21.5142
2026-09-28,132852,HDFC Medium Term Fund - IDCW Option,20.339
2026-09-28,132853,HDFC Medium Term Fund - IDCW Option - Direct Plan,22.0301
2026-09-28,132871,NIPPON INDIA CREDIT RISK FUND - IDCW Option,20.9137
2026-09-28,132873,NIPPON INDIA CREDIT RISK FUND - DIRECT Plan - IDCW Option,22.9341
2026-09-28,132917,Aditya Birla Sun Life Dynamic Term Fund -Regular - IDCW,12.1744
2026-09-28,132918,Aditya Birla Sun Life Dynamic Term Fund -Direct - IDCW,13.2748
2026-09-28,132987,Franklin India Income Plus Arbitrage Active Fund of Funds- Growth Plan,22.4627
2026-09-28,132988,Franklin India Income Plus Arbitrage Active Fund of Funds- IDCW,20.7464
2026-09-28,132989,Franklin India Income Plus Arbitrage Active Fund of Funds- Growth Plan - Direct,25.4328
2026-09-28,132990,Franklin India Income Plus Arbitrage Active Fund of Funds - Direct - IDCW,23.3111
2026-09-28,132995,Aditya Birla Sun Life Equity Savings Fund - Direct Plan - Growth,25.84
2026-09-28,132996,Aditya Birla Sun Life Equity Savings Fund - Direct - IDCW,15.16
2026-09-28,132997,Aditya Birla Sun Life Equity Savings Fund - Regular - IDCW,12.81
2026-09-28,132998,Aditya Birla Sun Life Equity Savings Fund - Regular Plan - Growth,23.18
2026-09-28,133035,Kotak Aggressive Hybrid Fund - Direct Plan -Growth,75.392
2026-09-28,133036,Kotak Aggressive Hybrid Fund - Regular Plan -Growth,63.227
2026-09-28,133051,ICICI Prudential Equity Savings Fund - Cumulative option,23.21
2026-09-28,133052,ICICI Prudential Equity Savings Fund - Direct Plan - Quarterly IDCW,15.48
2026-09-28,133053,ICICI Prudential Equity Savings Fund - Quarterly IDCW,12.94
2026-09-28,133054,ICICI Prudential Equity Savings Fund - Direct Plan - Cumulative option,25.05
2026-09-28,133059,UTI Ultra Short Term Fund - Direct Plan - Quarterly IDCW,2045.9065
2026-09-28,133122,Kotak Nifty Bank ETF,56.6122
2026-09-28,133127,UTI Ultra Short to Short Term Fund - Direct Plan - Flexi IDCW,1651.8157
2026-09-28,133130,UTI Ultra Short to Short Term Fund - Regular Plan - Flexi IDCW,1455.0661
2026-09-28,133147,HDFC Credit Risk Fund - IDCW Option - Direct Plan,24.8299
2026-09-28,133148,HDFC Credit Risk Fund - IDCW Option,23.9768
2026-09-28,133180,UTI Dynamic Term Fund - Direct Plan - Discontinued Flexi IDCW,17.84
2026-09-28,133265,Nippon India Gilt  Fund- Direct Plan- Growth Plan- Bonus Option,24.6818
2026-09-28,133280,UTI Medium to Long Term Fund - Direct Plan - Discontinued Flexi IDCW,16.1545
2026-09-28,133307,LIC MF Nifty 8-13 yr G-Sec ETF,29.0592
2026-09-28,133344,UTI Credit Risk Fund - Regular Plan - Annual IDCW,12.222
2026-09-28,133365,HDFC Medium to Long Term Fund - Normal IDCW - Direct Plan,21.1993
2026-09-28,133366,HDFC Medium to Long Term Fund - Normal IDCW Option,18.9705
2026-09-28,133367,HDFC Short Term Fund - Normal IDCW - Direct Plan,20.9521
2026-09-28,133368,HDFC Short Term Fund - Normal IDCW Option,20.2807
2026-09-28,133369,HDFC Dynamic Term Fund - Normal IDCW - Direct Plan,21.7018
2026-09-28,133370,HDFC Dynamic Term Fund - Normal IDCW Option,19.8377
2026-09-28,133383,Motilal Oswal ELSS Tax Saver Fund - IDCW Payout,30.5406
2026-09-28,133384,Motilal Oswal ELSS Tax Saver Fund Direct - IDCW Payout,39.7407
2026-09-28,133385,Motilal Oswal ELSS Tax Saver Fund - Regular Plan - Growth Option,55.3367
2026-09-28,133386,Motilal Oswal ELSS Tax Saver Fund - Direct Plan - Growth Option,64.2823
2026-09-28,133387,UTI Money Market Fund - Direct Plan - Monthly IDCW,1655.7467
2026-09-28,133390,JM Dynamic Term Fund (Regular) - Monthly IDCW,43.549
2026-09-28,133395,JM Arbitrage Fund (Direct) - Annual Bonus Option - Principal Units,19.2569
2026-09-28,133402,JM Aggressive Hybrid Fund (Direct) - Half Yearly IDCW,98.4342
2026-09-28,133404,JM Aggressive Hybrid Fund (Regular) - Monthly IDCW,85.1091
2026-09-28,133405,JM Aggressive Hybrid Fund (Regular) - Quarterly IDCW,30.3773
2026-09-28,133406,JM Aggressive Hybrid Fund (Direct) - Quarterly IDCW,34.6114
2026-09-28,133408,JM Aggressive Hybrid Fund (Regular) - Half Yearly IDCW,85.7913
2026-09-28,133412,JM Aggressive Hybrid Fund (Direct) - Monthly IDCW,98.4054
2026-09-28,133414,JM Dynamic Term Fund (Direct) - Monthly IDCW,47.0055
2026-09-28,133445,Aditya Birla Sun Life Medium to Long Term Fund - Regular - IDCW,12.1719
2026-09-28,133446,Aditya Birla Sun Life Medium to Long Term Fund - Direct - IDCW,13.0424
2026-09-28,133469,UTI Ultra Short to Short Term Fund - Direct Plan - Half-Yearly IDCW,1505.524
2026-09-28,133484,UTI Money Market Fund - Regular Plan - Monthly IDCW,1041.4534
2026-09-28,133513,Aditya Birla Sun Life Manufacturing Equity Fund - Regular Plan - Growth,39.20
2026-09-28,133514,Aditya Birla Sun Life Manufacturing Equity Fund - Direct - IDCW,25.80
2026-09-28,133515,Aditya Birla Sun Life Manufacturing Equity Fund - Regular - IDCW,23.34
2026-09-28,133516,Aditya Birla Sun Life Manufacturing Equity Fund - Direct Plan - Growth,43.61
2026-09-28,133565,Nippon India Retirement Fund- Wealth Creation Scheme- Growth Plan - Growth Option,27.5017
2026-09-28,133566,NIPPON INDIA RETIREMENT FUND - WEALTH CREATION SCHEME - Direct Plan - IDCW Option,21.7021
2026-09-28,133567,NIPPON INDIA RETIREMENT FUND - WEALTH CREATION SCHEME - IDCW Option,18.4560
2026-09-28,133568,Nippon India Retirement Fund- Wealth Creation Scheme- Direct Plan- Growth Plan - Growth Option,31.3327
2026-09-28,133569,Nippon India Retirement Fund- Income Generation Scheme- Direct Plan- Growth Plan - Growth Option,22.9365
2026-09-28,133570,NIPPON INDIA RETIREMENT FUND - INCOME GENERATION SCHEME - Direct Plan - IDCW Option,22.9365
2026-09-28,133571,NIPPON INDIA RETIREMENT FUND - INCOME GENERATION SCHEME - IDCW Option,19.8866
2026-09-28,133572,Nippon India Retirement Fund- Income Generation Scheme-Growth Plan - Growth Option,19.8839
2026-09-28,133628,Nippon India Retirement Fund- Income Generation Scheme- Growth Plan- Bonus Option,19.8839
2026-09-28,133629,Nippon India Retirement Fund- Income Generation Scheme- Direct Plan-Growth Plan- Bonus Option,22.9365
2026-09-28,133630,Nippon India Retirement Fund- Wealth Creation Scheme- Direct Plan-Growth Plan- Bonus Option,31.3327
2026-09-28,133631,Nippon India Retirement Fund- Wealth Creation Scheme- Growth Plan- Bonus Option,27.5017
2026-09-28,133679,BANDHAN Arbitrage Fund-Direct Plan-Annual IDCW,12.7384
2026-09-28,133680,BANDHAN Arbitrage Fund - Regular Plan - Annual IDCW,10.9663
2026-09-28,133681,BANDHAN Equity Savings Fund-Direct Plan-Annual IDCW,13.952
2026-09-28,133682,BANDHAN Equity Savings Fund - Regular Plan -Annual IDCW,12.512
2026-09-28,133709,LIC MF Large & Mid Cap Fund-Direct Plan-IDCW,34.5873
2026-09-28,133710,LIC MF Large & Mid Cap Fund-Direct Plan-Growth,43.5953
2026-09-28,133711,LIC MF Large & Mid Cap Fund-Regular Plan-Growth,37.3164
2026-09-28,133712,LIC MF Large & Mid Cap Fund-Regular Plan-IDCW,30.2133
2026-09-28,133733,UTI Ultra Short to Short Term Fund - Regular Plan - Fortnightly IDCW,1333.282
2026-09-28,133782,Kotak Corporate Bond Fund- Regular Plan-Growth Option,4003.5657
2026-09-28,133787,Kotak Corporate Bond Fund- Regular Plan-Monthly Dividend Option,1304.2103
2026-09-28,133791,Kotak Corporate Bond Fund- Direct Plan- Growth Option,4197.5485
2026-09-28,133792,Kotak Corporate Bond Fund- Direct Plan- Monthly Payout of Income Distribution cum capital withdrawal option,1068.299
2026-09-28,133796,Kotak Infrastructure & Economic Reform Fund - Standard Plan-Growth,68.578
2026-09-28,133799,Kotak Infrastructure & Economic Reform Fund - Standard Plan-Payout of Income Distribution cum capital withdrawal option,54.847
2026-09-28,133800,Kotak Infrastructure & Economic Reform Fund- Direct Plan- Payout of Income Distribution cum capital withdrawal option,81.27
2026-09-28,133801,Kotak Infrastructure & Economic Reform Fund- Direct Plan- Growth Option,82.211
2026-09-28,133805,Kotak Ultra Short to Short Term Fund - Regular Plan-Growth Option,3578.8696
2026-09-28,133809,Kotak Ultra Short to Short Term Fund - Regular Plan-Standard Income Distribution cum capital withdrawal option,1199.1276
2026-09-28,133810,Kotak Ultra Short to Short Term Fund- Direct Plan- Growth Option,3940.5843
2026-09-28,133812,Kotak Ultra Short to Short Term Fund - Direct Plan- Standard Income Distribution cum capital withdrawal option,1467.998
2026-09-28,133836,PGIM India Flexi Cap Fund - Regular Plan - Growth Option,35.81
2026-09-28,133837,PGIM India Flexi Cap Fund - Direct Plan - Dividend Option,20.09
2026-09-28,133838,PGIM India Flexi Cap Fund - Regular Plan - Dividend Option,17.51
2026-09-28,133839,PGIM India Flexi Cap Fund - Direct Plan - Growth Option,42.52
2026-09-28,133852,UTI Dynamic Term Fund - Regular Plan - Annual IDCW,13.892
2026-09-28,133857,SBI Banking & Financial Services Fund - Direct Plan - Income Distribution cum Capital Withdrawal Option (IDCW),41.8415
2026-09-28,133858,SBI BANKING & FINANCIAL SERVICES FUND - REGULAR PLAN - GROWTH,41.4237
2026-09-28,133859,SBI BANKING & FINANCIAL SERVICES FUND - DIRECT PLAN - GROWTH,46.8105
2026-09-28,133860,SBI Banking & Financial Services Fund - Regular Plan - Income Distribution cum Capital Withdrawal Option (IDCW),37.2005
2026-09-28,133865,NIPPON INDIA ELSS TAX SAVER FUND - DIRECT Plan - ANNUAL IDCW Option,21.8015
2026-09-28,133866,NIPPON INDIA ELSS TAX SAVER FUND - ANNUAL IDCW Option,19.7862
2026-09-28,133867,BANK OF INDIA Credit Risk Fund - Regular Plan,14.4764
2026-09-28,133868,BANK OF INDIA Credit Risk  Fund - Direct Plan,14.9034
2026-09-28,133869,UTI Medium to Long Term Fund - Regular Plan - Annual IDCW,13.0827
2026-09-28,133872,UTI Medium to Long Term Fund - Regular Plan - Discontinued Flexi IDCW,14.7506
2026-09-28,133873,UTI Ultra Short Term Fund - Regular Plan - Quarterly IDCW,1316.8901
2026-09-28,133894,Axis Short Duration Fund - Direct Plan - Regular IDCW,22.1897
2026-09-28,133895,Axis Short Duration Fund - Regular Plan - Regular IDCW,22.0956
2026-09-28,133908,LIC MF Banking and Financial Services Fund-Direct Plan-IDCW,22.8745
2026-09-28,133919,DSP Ultra Short to Short Term Fund - Regular Plan - IDCW - Daily,10.1725
2026-09-28,133920,DSP Ultra Short to Short Term Fund - Regular Plan - IDCW - Monthly,10.7143
2026-09-28,133921,DSP Ultra Short to Short Term Fund - Regular Plan - IDCW - Quarterly,10.9868
2026-09-28,133922,DSP Ultra Short to Short Term Fund - Direct Plan - IDCW - Daily,10.1184
2026-09-28,133923,DSP Ultra Short to Short Term Fund - Direct Plan - IDCW - Weekly,10.1249
2026-09-28,133924,DSP Ultra Short to Short Term Fund - Direct Plan - IDCW - Quarterly,11.0314
2026-09-28,133925,DSP Ultra Short to Short Term Fund - Direct Plan - Growth,22.0510
2026-09-28,133926,DSP Ultra Short to Short Term Fund - Regular Plan - Growth,21.2679
2026-09-28,133927,DSP Ultra Short to Short Term Fund - Regular Plan - IDCW - Weekly,10.1245
2026-09-28,133928,DSP Ultra Short to Short Term Fund - Direct Plan - IDCW - Monthly,11.8728
2026-09-28,133971,UTI Banking & PSU Debt Fund - Regular Plan - Discontinued Flexi IDCW,15.8191
2026-09-28,133972,UTI Banking & PSU Debt Fund - Direct Plan - Discontinued Flexi IDCW,20.7384
2026-09-28,133973,UTI Liquid Fund - Regular Plan - Annual IDCW,203.7844
2026-09-28,133974,Tata Short Term Bond Fund- Direct Plan - Periodic Payout of IDCW Option,29.9457
2026-09-28,133975,Tata Short Term Bond Fund- Regular Plan - Periodic Payout of IDCW Option,26.7468
2026-09-28,134008,SBI Nifty Bank ETF,560.2478
2026-09-28,134013,SBI Nifty Next 50 ETF,754.5914
2026-09-28,134014,SBI BSE 100 ETF,271.2153
2026-09-28,134015,LIC MF Banking and Financial Services Fund-Regular Plan-IDCW,20.1007
2026-09-28,134016,LIC MF Banking and Financial Services Fund-Regular Plan-Growth,20.1043
2026-09-28,134017,LIC MF Banking and Financial Services Fund-Direct Plan-Growth,23.0357
2026-09-28,134026,UTI Banking & PSU Debt Fund - Direct Plan - Monthly IDCW,13.7444
2026-09-28,134383,Aditya Birla Sun Life Credit Risk Fund - Regular Plan - Growth,25.4263
2026-09-28,134385,Aditya Birla Sun Life Credit Risk Fund - Direct - IDCW,14.7283
2026-09-28,134386,Aditya Birla Sun Life Credit Risk Fund - Regular - IDCW,13.2888
2026-09-28,134387,Aditya Birla Sun Life Credit Risk Fund - Direct Plan - Growth,28.1558
2026-09-28,134388,Aditya Birla Sun Life Credit Risk Fund - Direct Plan - Bonus,28.1546
2026-09-28,134427,UTI Liquid Fund - Direct Plan - Annual IDCW,205.3432
2026-09-28,134484,UTI Ultra Short Term Fund - Regular Plan - Annual IDCW,1491.3661
2026-09-28,134493,Quantum Dynamic Term Fund - Direct Plan Monthly IDCW,10.2899
2026-09-28,134494,Quantum Dynamic Term Fund - Direct Plan Growth Option,22.6121
2026-09-28,134495,UTI Medium Term Fund - Regular Plan - Monthly IDCW,13.796
2026-09-28,134497,UTI Medium Term Fund - Regular Plan - Half-Yearly IDCW,10.1746
2026-09-28,134498,UTI Medium Term Fund - Regular Plan - Dicontinued Flexi IDCW,14.1325
2026-09-28,134499,UTI Medium Term Fund - Regular Plan - Growth Option,19.1298
2026-09-28,134500,UTI Medium Term Fund - Regular Plan - Annual IDCW,14.0309
2026-09-28,134501,UTI Medium Term Fund - Direct Plan - Monthly IDCW,10.3602
2026-09-28,134502,UTI Medium Term Fund - Direct Plan - Discontinued Quarterly IDCW,15.4746
2026-09-28,134503,UTI Medium Term Fund - Direct Plan - Growth Option,20.6818
2026-09-28,134504,UTI Medium Term Fund - Direct Plan - Half-Yearly IDCW,15.4911
2026-09-28,134505,UTI Medium Term Fund - Direct Plan - Annual IDCW,15.3185
2026-09-28,134517,UTI Short Term Fund - Regular Plan - Annual IDCW,14.8908
2026-09-28,134545,Nippon India Banking and PSU Debt Fund- Growth Plan- Growth Option,21.9452
2026-09-28,134547,Nippon India Banking and PSU DEBT Fund- Direct Plan-Growth Plan- Growth Option,22.8857
2026-09-28,134548,NIPPON INDIA BANKING and PSU DEBT FUND - IDCW Option,21.9452
2026-09-28,134549,NIPPON INDIA BANKING and PSU DEBT FUND - MONTHLY IDCW Option,10.6631
2026-09-28,134550,NIPPON INDIA BANKING and PSU DEBT FUND - Direct Plan - MONTHLY IDCW Option,10.7333
2026-09-28,134551,NIPPON INDIA BANKING and PSU DEBT FUND - QUARTERLY IDCW Option,10.7207
2026-09-28,134552,Nippon India Banking and PSU Debt Fund- Direct Plan-Growth Plan- Bonus Option,22.8850
2026-09-28,134553,NIPPON INDIA BANKING and PSU DEBT FUND - WEEKLY IDCW Option,10.2456
2026-09-28,134554,NIPPON INDIA BANKING and DEBT PSU FUND - Direct Plan - WEEKLY IDCW Option,10.2469
2026-09-28,134555,NIPPON INDIA BANKING and PSU DEBT FUND - Direct Plan - IDCW Option,22.8857
2026-09-28,134556,NIPPON INDIA BANKING and PSU DEBT FUND - Direct Plan - QUARTERLY IDCW Option,10.7849
2026-09-28,134593,Nippon India Equity Savings Fund- Growth Plan- Growth Option,16.1972
2026-09-28,134594,Nippon India Equity Savings Fund- Direct Plan- Growth Plan-Growth Option,18.0711
2026-09-28,134595,Nippon India Equity Savings Fund- Direct Plan- Growth Plan- Bonus Option,18.0711
2026-09-28,134596,NIPPON INDIA EQUITY SAVINGS FUND - IDCW Option,13.8755
2026-09-28,134597,NIPPON INDIA EQUITY SAVINGS FUND - Direct Plan - IDCW Option,15.5775
2026-09-28,134598,NIPPON INDIA EQUITY SAVINGS FUND - MONTHLY IDCW Option,13.6868
2026-09-28,134599,NIPPON INDIA EQUITY SAVINGS FUND - Direct Plan - MONTHLY IDCW Option,15.3528
2026-09-28,134600,NIPPON INDIA EQUITY SAVINGS FUND - QUARTERLY IDCW Option,13.6774
2026-09-28,134601,NIPPON INDIA EQUITY SAVINGS FUND - Direct Plan - QUARTERLY IDCW Option,15.3379
2026-09-28,134602,Nippon India Equity Savings Fund- Growth Plan- Bonus Option,16.1972
2026-09-28,134639,SBI Equity Savings Fund - Regular Plan - Monthly Income Distribution cum Capital Withdrawal Option (IDCW),22.8194
2026-09-28,134640,SBI Equity Savings Fund - Direct Plan - Quarterly Income Distribution cum Capital Withdrawal Option (IDCW),25.8746
2026-09-28,134641,SBI Equity Savings Fund - Direct Plan - Monthly Income Distribution cum Capital Withdrawal Option (IDCW),25.0102
2026-09-28,134642,SBI Equity Savings Fund - Regular Plan - Quarterly Income Distribution cum Capital Withdrawal Option (IDCW),23.2752
2026-09-28,134643,SBI Equity Savings Fund - Direct Plan - Growth,27.3235
2026-09-28,134644,SBI Equity Savings Fund - Regular Plan - Growth,24.6136
2026-09-28,134763,UTI Money Market Fund - Regular Plan - Half-Yearly IDCW,1876.0242
2026-09-28,134782,Nippon India ETF Nifty 50 Value 20,131.9646
2026-09-28,134788,UTI Dynamic Term Fund - Direct Plan - Half-Yearly IDCW,17.4987
2026-09-28,134799,UTI Ultra Short Term Fund - Regular Plan - Half-Yearly IDCW,1031.7004
2026-09-28,134813,Mirae Asset Aggressive Hybrid Fund - Direct Plan - Growth,38.455
2026-09-28,134814,Mirae Asset Aggressive Hybrid Fund - Direct Plan - IDCW,20.476
2026-09-28,134815,Mirae Asset Aggressive Hybrid Fund - Regular Plan - Growth,32.446
2026-09-28,134816,Mirae Asset Aggressive Hybrid Fund - Regular Plan - IDCW,16.337
2026-09-28,134846,LIC MF ULIS (10 Yrs. Single Premium)-Regular Plan-IDCW Reinvestment,35.7814
2026-09-28,134847,LIC MF ULIS (10 Yrs. Regular Premium Reducing Cover Monthly)-Regular Plan-IDCW Reinvestment,35.7814
2026-09-28,134863,LIC MF ULIS (10 Yrs. Regular Premium Uniform Cover Monthly)-Regular Plan-IDCW Reinvestment,35.7814
2026-09-28,134864,LIC MF ULIS (10 Yrs. Regular Premium Reducing Cover Yearly)-Regular Plan-IDCW Reinvestment,35.7814
2026-09-28,134865,LIC MF ULIS (10 Yrs. Regular Premium Reducing Cover Half-Yearly)-Regular Plan-IDCW Reinvestment,35.7814
2026-09-28,134867,LIC MF ULIS (10 Yrs. Regular Premium Uniform Cover Half-Yearly)-Regular Plan-IDCW Reinvestment,35.7814
2026-09-28,134868,LIC MF ULIS (10 Yrs. Regular Premium Uniform Cover Yearly)-Regular Plan-IDCW Reinvestment,35.7814
2026-09-28,134869,LIC MF ULIS (15 Yrs. Regular Premium Reducing Cover Monthly)-Regular Plan-IDCW Reinvestment,35.7814
2026-09-28,134870,LIC MF ULIS (15 Yrs. Regular Premium Reducing Cover Half-Yearly)-Regular Plan-IDCW Reinvestment,35.7814
2026-09-28,134871,LIC MF ULIS (15 Yrs. Regular Premium Reducing Cover Yearly)-Regular Plan-IDCW Reinvestment,35.7814
2026-09-28,134872,LIC MF ULIS (15 Yrs. Regular Premium Uniform Cover Monthly)-Regular Plan-IDCW Reinvestment,35.7814
2026-09-28,134873,LIC MF ULIS (15 Yrs. Regular Premium Uniform Cover Half-Yearly)-Regular Plan-IDCW Reinvestment,35.7814
2026-09-28,134874,LIC MF ULIS (15Yrs. Regular Premium Uniform Cover Yearly)-Regular Plan-IDCW Reinvestment,35.7814
2026-09-28,134875,LIC MF ULIS (10 Yrs. Single Premium)-Direct Plan-IDCW Reinvestment,40.2673
2026-09-28,134876,LIC MF ULIS (10 Yrs. Regular Premium Reducing Cover Monthly)-Direct Plan-IDCW Reinvestment,40.2673
2026-09-28,134877,LIC MF ULIS (10 Yrs. Regular Premium Reducing Cover Yearly)-Direct Plan-IDCW Reinvestment,40.2673
2026-09-28,134878,LIC MF ULIS (10 Yrs. Regular Premium Reducing Cover Half-Yearly)-Direct Plan-IDCW Reinvestment,40.2673
2026-09-28,134879,LIC MF ULIS (10 Yrs. Regular Premium Uniform Cover Half-Yearly)-Direct Plan-IDCW Reinvestment,40.2673
2026-09-28,134880,LIC MF ULIS (10 Yrs. Regular Premium Uniform Cover Yearly)-Direct Plan-IDCW Reinvestment,40.2673
2026-09-28,134881,LIC MF ULIS (10 Yrs. Regular Premium Uniform Cover Monthly)-Direct Plan-IDCW Reinvestment,40.2673
2026-09-28,134882,LIC MF ULIS (15 Yrs. Regular Premium Reducing Cover Half-Yearly)-Direct Plan-IDCW Reinvestment,40.2673
2026-09-28,134883,LIC MF ULIS (15 Yrs. Regular Premium Reducing Cover Yearly)-Direct Plan-IDCW Reinvestment,40.2673
2026-09-28,134884,LIC MF ULIS (15 Yrs. Regular Premium Reducing Cover Monthly)-Direct Plan-IDCW Reinvestment,40.2673
2026-09-28,134885,LIC MF ULIS (15 Yrs. Regular Premium Uniform Cover Half-Yearly)-Direct Plan-IDCW Reinvestment,40.2673
2026-09-28,134886,LIC MF ULIS (15 Yrs. Regular Premium Uniform Cover Yearly)-Direct Plan-IDCW Reinvestment,40.2673
2026-09-28,134887,LIC MF ULIS (15 Yrs. Regular Premium Uniform Cover Monthly)-Direct Plan-IDCW Reinvestment,40.2673
2026-09-28,134922,Nippon India US Equity Opportunities Fund- Growth Plan- Growth Option,42.3620
2026-09-28,134923,Nippon India US Equity Opportunities Fund- Direct Plan- Growth Plan- Growth Option,47.8987
2026-09-28,134924,NIPPON INDIA - US EQUITY OPPORTUNITIES FUND - IDCW Option,42.3620
2026-09-28,134925,NIPPON INDIA - US EQUITY OPPORTUNITIES FUND - Direct Plan - IDCW Option,47.8987
2026-09-28,134954,JM Large Cap Fund (Regular) - Quarterly IDCW,33.2454
2026-09-28,134955,JM Large Cap Fund (Regular) - Half Yearly IDCW,24.1498
2026-09-28,134956,JM Large Cap Fund (Direct) - Monthly IDCW,70.071
2026-09-28,134957,JM Large Cap Fund (Direct) - Half Yearly IDCW,70.2175
2026-09-28,134958,JM Large Cap Fund (Direct) - Annual IDCW,70.7117
2026-09-28,134959,JM Large Cap Fund (Regular) - Monthly IDCW,22.8902
2026-09-28,134960,JM Large Cap Fund (Direct) - Quarterly IDCW,70.7243
2026-09-28,134961,JM Large Cap Fund (Regular) - Annual IDCW,29.4077
2026-09-28,134972,UTI Money Market Fund - Regular Plan - Annual IDCW,1988.5026
2026-09-28,134973,UTI Money Market Fund - Direct Plan - Annual IDCW,2007.6861
2026-09-28,134998,UTI Medium to Long Term Fund - Direct Plan - Half-Yearly IDCW,15.5473
2026-09-28,135051,UTI Credit Risk Fund - Regular Plan - Discontinued Flexi IDCW,11.8901
2026-09-28,135106,SBI Nifty 50 ETF,245.5519
2026-09-28,135120,Axis Equity Savings Fund - Direct Plan - Growth,26.28
2026-09-28,135121,Axis Equity Savings Fund - Direct Plan - Monthly IDCW,13.16
2026-09-28,135122,Axis Equity Savings Fund - Regular Plan - Growth,22.88
2026-09-28,135123,Axis Equity Savings Fund - Regular Plan - Monthly IDCW,10.96
2026-09-28,135124,Axis Equity Savings Fund - Direct Plan - Quarterly IDCW,13.45
2026-09-28,135125,Axis Equity Savings Fund - Regular Plan - Quarterly IDCW,11.27
2026-09-28,135167,JM Arbitrage Fund (Regular) - Annual IDCW,15.4025
2026-09-28,135168,JM Arbitrage Fund (Regular) - Monthly IDCW,13.7068
2026-09-28,135169,JM Arbitrage Fund (Regular) - Quarterly IDCW,15.7442
2026-09-28,135170,JM Arbitrage Fund (Regular) - Half Yearly IDCW,15.5145
2026-09-28,135171,JM Arbitrage Fund (Direct) - Half Yearly IDCW,17.3418
2026-09-28,135172,JM Arbitrage Fund (Direct) - Monthly IDCW,15.1394
2026-09-28,135173,JM Arbitrage Fund (Direct) - Annual IDCW,17.0608
2026-09-28,135174,JM Arbitrage Fund (Direct) - Quarterly IDCW,17.8153
2026-09-28,135191,UTI Ultra Short to Short Term Fund - Direct Plan - Fortnightly IDCW,1342.0111
2026-09-28,135290,UTI Credit Risk Fund - Direct Plan - Annual IDCW,13.2424
2026-09-28,135320,UTI Nifty 50 ETF,252.8594
2026-09-28,135321,UTI BSE Sensex ETF,807.1422
2026-09-28,135336,UTI Dynamic Term Fund - Regular Plan - Discontinued Flexi IDCW,17.1609
2026-09-28,135341,Groww Value Fund (formerly known as Indiabulls Value Fund) - Direct Plan - Growth Option,32.2918
2026-09-28,135342,Groww Value Fund (formerly known as Indiabulls Value Fund)- Direct Plan- - Income Distribution cum capital withdrawal Option (Payout & Reinvestment),32.1715
2026-09-28,135343,Groww Value Fund (formerly known as Indiabulls Value Fund) - Regular Plan - Growth Option,26.6363
2026-09-28,135344,Groww Value Fund (formerly known as Indiabulls Value Fund)- Regular Plan - Income Distribution cum capital withdrawal Option (Payout & Reinvestment),26.6275
2026-09-28,135371,UTI Money Market Fund - Regular Plan - Fortnightly IDCW,1162.0915
2026-09-28,135390,ICICI Prudential Nifty 50 Index Fund - IDCW Option,30.7635
2026-09-28,135391,ICICI Prudential Nifty 50 Index Fund - Direct Plan IDCW Option,32.4280
2026-09-28,135418,UTI Credit Risk Fund - Direct Plan - Half-Yearly IDCW,13.2964
2026-09-28,135419,UTI Credit Risk Fund - Regular Plan - Half-Yearly IDCW,12.2867
2026-09-28,135497,UTI Short Term Fund - Direct Plan - Annual IDCW,13.6607
2026-09-28,135500,Kotak Short Term Fund - Direct - Standard Income Distribution cum capital withdrawal option,16.2687
2026-09-28,135501,Kotak Short Term Fund - Regular Plan - Normal Dividend,12.2544
2026-09-28,135536,UTI Dynamic Term Fund - Direct Plan - Annual IDCW,15.0814
2026-09-28,135581,UTI Medium to Long Term Fund - Regular Plan - Half-Yearly IDCW,14.9873
2026-09-28,135598,PGIM India ELSS Tax Saver Fund - Regular Plan - Growth Option,33.55
2026-09-28,135599,PGIM India ELSS Tax Saver Fund - Regular Plan - Dividend Option,16.04
2026-09-28,135600,PGIM India ELSS Tax Saver Fund - Direct Plan - Dividend Option,17.35
2026-09-28,135601,PGIM India ELSS Tax Saver Fund - Direct Plan - Growth Option,39.11
2026-09-28,135606,UTI Money Market Fund - Direct Plan - Fortnightly IDCW,1254.2217
2026-09-28,135607,LIC MF Nifty 50 ETF,255.8238
2026-09-28,135672,LIC MF BSE Sensex ETF,822.7986
2026-09-28,135677,Navi Large & Midcap Fund- Direct Plan- Growth Option,42.951
2026-09-28,135678,Navi Large & Midcap Fund- Regular Plan- Growth Option,35.148
2026-09-28,135679,Navi Large & Midcap Fund - Direct Normal IDCW Payout,42.4327
2026-09-28,135680,Navi Large & Midcap Fund - Regular Normal IDCW Payout,35.1439
2026-09-28,135721,UTI Liquid Fund - Regular Plan - Quarterly IDCW,192.4178
2026-09-28,135744,Kotak Nifty 50 Value 20 ETF - Payout of Income Distribution cum capital withdrawal option,13.1859
2026-09-28,135759,Axis Children's Fund - Lock in - Regular Growth,25.5630
2026-09-28,135760,Axis Children's Fund - Lock in - Regular Plan - IDCW,23.5839
2026-09-28,135761,Axis Children's Fund - No Lock in - Regular Plan - IDCW,23.5626
2026-09-28,135762,Axis Children's Fund - Lock in - Direct Growth,29.3632
2026-09-28,135763,Axis Children's Fund - No Lock in - Direct Plan - IDCW,27.0999
2026-09-28,135764,Axis Children's Fund - No Lock in - Direct Growth,29.9247
2026-09-28,135765,Axis Children's Fund - Lock in - Direct Plan - IDCW,27.0488
2026-09-28,135766,Axis Children's Fund - No Lock in - Regular Plan - Growth,25.5598
2026-09-28,135781,Mirae Asset ELSS Tax Saver Fund - Direct Plan - Growth,54.938
2026-09-28,135782,Mirae Asset ELSS Tax Saver Fund - Direct Plan - IDCW,25.670
2026-09-28,135783,Mirae Asset ELSS Tax Saver Fund - Regular Plan - IDCW,21.546
2026-09-28,135784,Mirae Asset ELSS Tax Saver Fund - Regular Plan - Growth,48.004
2026-09-28,135789,TATA Banking & Financial Services Fund Direct Plan - Payout of Income Distribution cum capital withdrawal option,47.9505
2026-09-28,135790,TATA Banking & Financial Services Fund Regular Plan - Payout of Income Distribution cum capital withdrawal option,36.8968
2026-09-28,135791,TATA Banking & Financial Services Fund Regular Plan - Reinvestment of Income Distribution cum capital withdrawal option,36.8968
2026-09-28,135792,TATA Banking & Financial Services Fund Direct Plan - Reinvestment of Income Distribution cum capital withdrawal option,47.9505
2026-09-28,135793,Tata Banking And Financial Services Fund-Direct Plan-Growth,49.5010
2026-09-28,135794,Tata Banking And Financial Services Fund-Regular Plan-Growth,41.7916
2026-09-28,135795,TATA Digital India Fund Direct Plan - Payout of Income Distribution cum capital withdrawal option,44.5440
2026-09-28,135796,TATA Digital India Fund Regular Plan - Payout of Income Distribution cum capital withdrawal option,37.4512
2026-09-28,135797,Tata Digital India Fund-Regular Plan-Growth,38.9889
2026-09-28,135798,TATA Digital India Fund Direct Plan - Reinvestment of Income Distribution cum capital withdrawal option,44.5440
2026-09-28,135799,TATA Digital India Fund Regular Plan - Reinvestment of Income Distribution cum capital withdrawal option,37.4512
2026-09-28,135800,Tata Digital India Fund-Direct Plan-Growth,46.0890
2026-09-28,135801,TATA India Consumer Fund Direct Plan - Reinvestment of Income Distribution cum capital withdrawal option,52.4801
2026-09-28,135802,TATA India Consumer Fund Regular Plan - Payout of Income Distribution cum capital withdrawal option,41.0912
2026-09-28,135803,TATA India Consumer Fund Regular Plan - Reinvestment of Income Distribution cum capital withdrawal option,41.0912
2026-09-28,135804,Tata India Consumer Fund-Regular Plan-Growth,46.3613
2026-09-28,135805,Tata India Consumer Fund-Direct Plan-Growth,54.1506
2026-09-28,135806,TATA India Consumer Fund Direct Plan - Payout of Income Distribution cum capital withdrawal option,52.4801
2026-09-28,135807,TATA India Pharma & Health Care Fund Direct Plan - Payout of Income Distribution cum capital withdrawal option,37.6842
2026-09-28,135808,TATA India Pharma & Healthcare Fund Direct Plan - Reinvestment of Income Distribution cum capital withdrawal option,37.6842
2026-09-28,135809,TATA India Pharma & Health Care Fund Regular Plan - Payout of Income Distribution cum capital withdrawal option,31.6607
2026-09-28,135810,Tata India Pharma & Healthcare Fund-Direct Plan-Growth,38.9502
2026-09-28,135811,TATA India Pharma & Healthcare Fund Regular Plan - Reinvestment of Income Distribution cum capital withdrawal option,31.6607
2026-09-28,135812,Tata India Pharma & Healthcare Fund-Regular Plan-Growth,32.9202
2026-09-28,135813,Tata Resources & Energy Fund-Direct Plan-Growth,56.8565
2026-09-28,135814,TATA Resources & Energy Fund Regular Plan - Payout of Income Distribution cum capital withdrawal option,41.8199
2026-09-28,135815,Tata Resources & Energy Fund-Regular Plan-Growth,47.5860
2026-09-28,135816,TATA Resources & Energy Fund Direct Plan - Reinvestment of Income Distribution cum capital withdrawal option,55.1401
2026-09-28,135817,TATA Resources & Energy Fund Direct Plan - Payout of Income Distribution cum capital withdrawal option,55.1401
2026-09-28,135818,TATA Resources & Energy Fund Regular Plan - Reinvestment of Income Distribution cum capital withdrawal option,41.8199
2026-09-28,135853,HDFC NIFTY 50 ETF - Growth Plan,257.0109
2026-09-28,135854,HDFC BSE Sensex ETF - Growth Plan,82.6388
2026-09-28,135914,BANDHAN Corporate Bond Fund - Regular Growth,20.5118
2026-09-28,135915,BANDHAN Corporate Bond Fund - Regular Periodic IDCW,13.8276
2026-09-28,135916,BANDHAN Corporate Bond Fund - Direct Growth,21.2059
2026-09-28,135917,BANDHAN Corporate Bond Fund - Direct Periodic IDCW,14.0689
2026-09-28,135976,LIC MF ULIS (10 Yrs. Regular Premium Reducing Cover Quarterly)-Direct Plan-IDCW Reinvestment,40.2673
2026-09-28,135977,LIC MF ULIS (10 Yrs. Regular Premium Uniform Cover Quarterly)-Direct Plan-IDCW Reinvestment,40.2673
2026-09-28,135978,LIC MF ULIS (15 Yrs. Regular Premium Reducing Cover Quarterly)-Direct Plan-IDCW Reinvestment,40.2673
2026-09-28,135979,LIC MF ULIS (10 Yrs. Regular Premium Reducing Cover Quarterly)-Regular Plan-IDCW Reinvestment,35.7814
2026-09-28,135980,LIC MF ULIS (15 Yrs. Regular Premium Uniform Cover Quarterly)-Direct Plan-IDCW Reinvestment,40.2673
2026-09-28,135981,LIC MF ULIS (15 Yrs. Regular Premium Reducing Cover Quarterly)-Regular Plan-IDCW Reinvestment,35.7814
2026-09-28,135982,LIC MF ULIS (15 Yrs. Regular Premium Uniform Cover Quarterly)-Regular Plan-IDCW Reinvestment,35.7814
2026-09-28,135983,LIC MF ULIS (10 Yrs. Regular Premium Uniform Cover Quarterly)-Regular Plan-IDCW Reinvestment,35.7814
2026-09-28,136090,HDFC Retirement Fund - Equity Plan - Growth Option,46.682
2026-09-28,136094,HDFC Retirement Fund - Equity Plan - Growth Option - Direct Plan,53.504
2026-09-28,136110,UTI Banking & PSU Debt Fund - Regular Plan - Monthly IDCW,13.4621
2026-09-28,136111,Invesco India Ultra Short Term Fund - Regular Plan - Daily IDCW (Reinvestment),1476.608
2026-09-28,136112,Invesco India Ultra Short Term Fund - Direct Plan - Daily IDCW (Reinvestment),1582.3426
2026-09-28,136113,ICICI Prudential Aggressive Hybrid Fund - Annual IDCW,22.77
2026-09-28,136114,ICICI Prudential Aggressive Hybrid Fund - Direct Plan - Annual IDCW,25.83
2026-09-28,136302,UTI Credit Risk Fund - Direct Plan - Discontinued Flexi IDCW,13.2466
2026-09-28,136345,UTI Ultra Short to Short Term Fund - Regular Plan - Half-Yearly IDCW,1510.1794
2026-09-28,136463,HDFC Retirement Fund - Hybrid-Equity Plan - Growth Option,35.783
2026-09-28,136464,HDFC Retirement Fund - Hybrid-Equity Plan - Growth Option - Direct Plan,41.147
2026-09-28,136465,HDFC Retirement Fund - Hybrid-Debt Plan - Growth Option - Direct Plan,24.4817
2026-09-28,136466,HDFC Retirement Fund - Hybrid-Debt Plan - Growth Option,21.4318
2026-09-28,136473,LIC MF Nifty 100 ETF,262.2814
2026-09-28,136563,DSP Equity Savings Fund - Regular Plan - Growth,22.0550
2026-09-28,136564,DSP Equity Savings Fund - Regular Plan - IDCW,12.0100
2026-09-28,136565,DSP Equity Savings Fund - Regular Plan - IDCW - Monthly,13.2680
2026-09-28,136566,DSP Equity Savings Fund - Regular Plan - IDCW - Quarterly,13.3400
2026-09-28,136567,DSP Equity Savings Fund - Direct Plan - Growth,24.9820
2026-09-28,136568,DSP Equity Savings Fund - Direct Plan - IDCW,13.5600
2026-09-28,136569,DSP Equity Savings Fund - Direct Plan - IDCW - Monthly,17.0220
2026-09-28,136570,DSP Equity Savings Fund - Direct Plan - IDCW - Quarterly,17.0090
2026-09-28,138285,PGIM India Liquid Fund - Daily Dividend,100.304
2026-09-28,138287,PGIM India Liquid Fund - Monthly Dividend,115.8623
2026-09-28,138288,PGIM India Liquid Fund - Growth,366.7481
2026-09-28,138289,PGIM India Liquid Fund - Weekly Dividend,100.5507
2026-09-28,138297,PGIM India Liquid Fund - Direct Plan - Daily Dividend,132.4434
2026-09-28,138298,PGIM India Liquid Fund - Direct Plan - Monthly Dividend,115.4643
2026-09-28,138299,PGIM India Liquid Fund - Direct Plan - Growth,371.6284
2026-09-28,138301,PGIM India Liquid Fund - Direct Plan - Weekly Dividend,100.5515
2026-09-28,138307,PGIM India Large Cap Fund - Dividend,17.07
2026-09-28,138308,PGIM India Large Cap Fund - Growth,317.6
2026-09-28,138312,PGIM India Large Cap Fund - Direct Plan - Growth,383.8
2026-09-28,138313,PGIM India Large Cap Fund - Direct Plan - Dividend,24.82
2026-09-28,138315,PGIM India Corporate Bond Fund - Quarterly Dividend,11.0525
2026-09-28,138316,PGIM India Corporate Bond Fund - Monthly Dividend,12.0089
2026-09-28,138317,PGIM India Corporate Bond Fund - Annual Dividend,10.2642
2026-09-28,138318,PGIM India Corporate Bond Fund - Growth,45.4165
2026-09-28,138329,PGIM India Corporate Bond Fund - Direct Plan - Annual Dividend,15.8953
2026-09-28,138330,PGIM India Corporate Bond Fund - Direct Plan - Growth,51.0466
2026-09-28,138331,PGIM India Corporate Bond Fund - Direct Plan - Monthly Dividend,14.0421
2026-09-28,138332,PGIM India Corporate Bond Fund - Direct Plan - Quarterly Dividend,12.5931
2026-09-28,138341,PGIM India Ultra Short Term Fund - Weekly Dividend,10.0808
2026-09-28,138342,PGIM India Ultra Short Term Fund - Daily Dividend,10.0203
2026-09-28,138343,PGIM India Ultra Short Term Fund - Growth,36.4917
2026-09-28,138344,PGIM India Ultra Short Term Fund - Monthly Dividend,15.7599
2026-09-28,138358,PGIM India Ultra Short Term Fund - Direct Plan - Growth,38.4528
2026-09-28,138359,PGIM India Ultra Short Term Fund - Direct Plan - Monthly Dividend,12.2284
2026-09-28,138361,PGIM India Ultra Short Term Fund - Direct Plan - Daily Dividend,10.0241
2026-09-28,138362,PGIM India Ultra Short Term Fund - Direct Plan - Weekly Dividend,10.269
2026-09-28,138369,PGIM India Equity Savings Fund - Monthly Dividend option,12.1355
2026-09-28,138371,PGIM India Equity Savings Fund - Annual Dividend option,14.5728
2026-09-28,138372,PGIM India Equity Savings Fund - Growth Option,50.615
2026-09-28,138375,PGIM India Equity Savings Fund - Direct Plan - Annual Dividend,15.5814
2026-09-28,138376,PGIM India Equity Savings Fund - Direct Plan - Growth,57.8309
2026-09-28,138377,PGIM India Equity Savings Fund - Direct Plan - Monthly Dividend,13.4214
2026-09-28,138381,PGIM India Aggressive Hybrid Equity Fund - Dividend Option,13.4
2026-09-28,138382,PGIM India Aggressive Hybrid Equity Fund - Growth Option,124.94
2026-09-28,138386,PGIM India Aggressive Hybrid Equity Fund - Direct Plan - Growth,151.99
2026-09-28,138387,PGIM India Aggressive Hybrid Equity Fund - Direct Plan - Dividend,24.13
2026-09-28,138453,PGIM India Emerging Markets Equity Fund of Fund- Growth,23
2026-09-28,138456,PGIM India Emerging Markets Equity Fund of Fund - Direct Plan - Growth,26.53
2026-09-28,138467,PGIM India Gilt Fund - Quarterly Dividend,12.7299
2026-09-28,138470,PGIM India Gilt Fund - Growth,30.4611
2026-09-28,138472,PGIM India Gilt Fund - Direct Plan - Growth,33.3071
2026-09-28,138474,PGIM India Gilt Fund - Direct Plan - Quarterly Dividend,13.5947
2026-09-28,138523,PGIM India Global Equity Opportunities Fund of Fund- Growth,49.48
2026-09-28,138528,PGIM India Global Equity Opportunities Fund of Fund- Direct Plan - Growth,56.64
2026-09-28,138875,PGIM India Arbitrage Fund - Direct Plan - Growth,21.1644
2026-09-28,138876,PGIM India Arbitrage Fund - Regular Plan - Growth,19.6365
2026-09-28,138877,PGIM India Arbitrage Fund - Direct Plan - Regular Dividend,12.5914
2026-09-28,138878,PGIM India Arbitrage Fund - Direct Plan - Monthly Dividend,11.4553
2026-09-28,138883,PGIM India Arbitrage Fund - Regular Plan - Monthly Dividend,11.2146
2026-09-28,138887,PGIM India Arbitrage Fund - Regular Plan - Regular Dividend,11.8062
2026-09-28,139181,UTI Dynamic Term Fund - Regular Plan - Half-Yearly IDCW,15.9543
2026-09-28,139198,BANDHAN Corporate Bond Fund - Direct Monthly IDCW,10.3576
2026-09-28,139199,BANDHAN Corporate Bond Fund - Direct Quarterly IDCW,10.7413
2026-09-28,139200,BANDHAN Corporate Bond Fund - Direct Half Yearly IDCW,11.9009
2026-09-28,139201,BANDHAN Corporate Bond Fund - Direct Annual IDCW,10.5649
2026-09-28,139202,BANDHAN Corporate Bond Fund - Regular Monthly IDCW,10.6088
2026-09-28,139203,BANDHAN Corporate Bond Fund - Regular Half Yearly IDCW,11.2476
2026-09-28,139204,BANDHAN Corporate Bond Fund - Regular Annual IDCW,10.5396
2026-09-28,139205,BANDHAN Corporate Bond Fund - Regular Quarterly IDCW,10.7651
2026-09-28,139235,Canara Robeco Liquid Fund -Unclaimed Redemption and Dividend Plan -Direct Growth Option,1862.3970
2026-09-28,139236,UTI MMF - Regular Plan - Flexi Dividend Option,1291.7721
2026-09-28,139339,UTI Medium to Long Term Fund - Direct Plan - Annual IDCW,13.329
2026-09-28,139386,Navi Liquid Fund-Unclaimed Redemption and Dividend Plan less than 3 years,30.5945
2026-09-28,139387,Invesco India Liquid Fund - Unclaimed Redemption Plan - Below 3 years,1852.1483
2026-09-28,139388,Invesco India Liquid Fund - Unclaimed Redemption Plan - Above 3 Years,1000
2026-09-28,139389,Invesco India Liquid Fund - Unclaimed Dividend Plan - Below 3 Years,1852.5663
2026-09-28,139390,Invesco India Liquid Fund - Unclaimed Dividend Plan - Above 3 Years,1000
2026-09-28,139407,UTI Banking & PSU Debt Fund - Regular Plan - Half-Yearly IDCW,15.7527
2026-09-28,139430,SBI Nifty 10 yr Benchmark G-Sec ETF,260.9966
2026-09-28,139455,ICICI Prudential Nifty50 Value 20 ETF,12.8589
2026-09-28,139496,Nippon India ETF Nifty 8-13 yr G-Sec Long Term Gilt,29.5294
2026-09-28,139519,ICICI Prudential BSE Midcap Select ETF,18.7782
2026-09-28,139520,Axis Equity Savings Fund - Direct Plan - Regular IDCW,13.05
2026-09-28,139521,Axis Equity Savings Fund - Regular Plan - Regular IDCW,12.11
2026-09-28,139527,BANK OF INDIA AGGRESSIVE HYBRID FUND - DIRECT PLAN GROWTH,47.17
2026-09-28,139528,BANK OF INDIA AGGRESSIVE HYBRID FUND - REGULAR  PLAN IDCW,33.99
2026-09-28,139529,BANK OF INDIA AGGRESIVE HYBRID FUND - REGULAR  PLAN  GROWTH,42.59
2026-09-28,139530,BANK OF INDIA AGGRESSIVE HYBRID FUND - DIRECT PLAN IDCW,36.25
2026-09-28,139534,Mahindra Manulife Liquid Fund - Regular Plan - Daily IDCW,1001.6922
2026-09-28,139535,Mahindra Manulife Liquid Fund - Direct Plan - Daily IDCW,1302.7497
2026-09-28,139536,Mahindra Manulife Liquid Fund - Direct Plan - Weekly IDCW,1003.6047
2026-09-28,139537,Mahindra Manulife Liquid Fund - Regular Plan - Growth,1833.0843
2026-09-28,139538,Mahindra Manulife Liquid Fund - Direct Plan -Growth,1855.2600
2026-09-28,139541,Mahindra Manulife Liquid Fund - Regular Plan - Weekly IDCW,1010.0169
2026-09-28,139568,UTI Ultra Short Term Fund - Direct Plan - Annual IDCW,1549.8927
2026-09-28,139581,Aditya Birla Sun Life BSE Sensex ETF,73.4548
2026-09-28,139582,BANDHAN LIQUID Fund - Unclaimed IDCW Less than 3 years,1.8312
2026-09-28,139583,BANDHAN LIQUID Fund - Unclaimed IDCW More than 3 years,1.0000
2026-09-28,139584,BANDHAN LIQUID Fund - Unclaimed Redemption Less than 3 years,1.8312
2026-09-28,139585,BANDHAN LIQUID Fund - Unclaimed Redemption More than 3 years,1.0000
2026-09-28,139617,Taurus Unclaimed Redemption - Growth,17.7603
2026-09-28,139618,Taurus Investor Education Pool - Unclaimed Redemption - Growth,10.0000
2026-09-28,139619,Taurus Investor Education Pool - Unclaimed Dividend - Growth,10.0000
2026-09-28,139646,UTI Money Market Fund - Regular Plan - Quarterly IDCW,1027.7549
2026-09-28,139679,NIPPON INDIA AGGRESSIVE HYBRID FUND - DIRECT Plan - MONTHLY IDCW Option,18.1804
2026-09-28,139680,NIPPON INDIA AGGRESSIVE HYBRID FUND - MONTHLY IDCW Option,16.1454
2026-09-28,139709,Sundaram Long Term Micro Cap Tax Advantage Fund Series III Regular Plan - Growth,34.9268
2026-09-28,139710,Sundaram Long Term Micro Cap Tax Advantage Fund Series III Direct Plan - Payout of Income Distribution cum Capital Withdrawal (IDCW),31.6219
2026-09-28,139711,Sundaram Long Term Micro Cap Tax Advantage Fund Series III Direct Plan - Growth,36.0584
2026-09-28,139712,Sundaram Long Term Micro Cap Tax Advantage Fund Series III Regular Plan - Payout of Income Distribution cum Capital Withdrawal (IDCW),30.5583
2026-09-28,139780,Mahindra Manulife ELSS Tax Saver Fund - Regular Plan - IDCW,15.4858
2026-09-28,139781,Mahindra Manulife ELSS Tax Saver Fund - Direct Plan -Growth,31.2324
2026-09-28,139782,Mahindra Manulife ELSS Tax Saver Fund- Direct Plan - IDCW,19.6646
2026-09-28,139783,Mahindra Manulife ELSS Tax Saver Fund- Regular Plan - Growth,26.1525
2026-09-28,139820,PGIM India Aggressive Hybrid Equity Fund-Direct Plan-Monthly Dividend Option,23.91
2026-09-28,139821,PGIM India Aggressive Hybrid Equity Fund-Monthly Dividend Option,21.08
2026-09-28,139838,UTI Liquid Fund - Regular Plan - Fortnightly IDCW,115.6956
2026-09-28,139839,BANDHAN Nifty 50 ETF,251.9679
2026-09-28,139840,BANDHAN BSE Sensex ETF,792.2084
2026-09-28,139863,Motilal Oswal Balanced Advantage Fund (MOFDYNAMIC) - Regular Plan - Annual Dividend Payout Option,12.9590
2026-09-28,139865,Motilal Oswal Balanced Advantage Fund Direct - Quarterly IDCW Payout/Reinvestment,12.0875
2026-09-28,139866,Motilal Oswal Balanced Advantage Fund Direct - Annual IDCW Payout/Reinvestment,13.8836
2026-09-28,139870,Motilal Oswal Balanced Advantage Fund (MOFDYNAMIC) - Regular Plan - Growth Option,19.2210
2026-09-28,139871,Motilal Oswal Balanced Advantage Fund Regular - Quarterly IDCW Payout/Reinvestment,11.1381
2026-09-28,139872,Motilal Oswal Balanced Advantage Fund  (MOFDYNAMIC) - Direct Plan - Growth Option,21.7006
2026-09-28,139889,Franklin India Liquid Fund - Unclaimed Redemption Plan - Growth,18.0704
2026-09-28,139890,Franklin India Liquid Fund - Unclaimed IDCW Plan - Growth,18.0704
2026-09-28,139891,Franklin India Liquid Fund - Unclaimed Redemption Investor Education Plan - Growth,10.0000
2026-09-28,139892,Franklin India Liquid Fund - Unclaimed IDCW Investor Education Plan - Growth,10.0000
2026-09-28,139989,Sundaram Long Term Micro Cap Tax Advantage Fund Series IV Direct Plan - Payout of Income Distribution cum Capital Withdrawal (IDCW),29.5975
2026-09-28,139990,Sundaram Long Term Micro Cap Tax Advantage Fund Series IV Direct Plan - Growth,31.0965
2026-09-28,139991,Sundaram Long Term Micro Cap Tax Advantage Fund Series IV Regular Plan - Payout of Income Distribution cum Capital Withdrawal (IDCW),28.8745
2026-09-28,139992,Sundaram Long Term Micro Cap Tax Advantage Fund Series IV Regular Plan - Growth,30.3690
2026-09-28,140023,UTI Money Market Fund - Direct Plan - Half-Yearly IDCW,1890.0261
2026-09-28,140024,UTI Liquid Fund - Direct Plan - Quarterly IDCW,193.9326
2026-09-28,140084,Nippon India ETF Nifty 50 BeES,259.8330
2026-09-28,140085,Nippon India ETF Nifty Next 50 Junior BeES,761.1959
2026-09-28,140086,Nippon India ETF Nifty 1D Rate Liquid BeES - DAILY IDCW Option,1000.0000
2026-09-28,140087,Nippon India ETF Nifty Bank BeES,564.7216
2026-09-28,140088,Nippon India ETF Gold BeES,121.2239
2026-09-28,140089,Nippon India ETF Nifty PSU Bank BeES,89.6458
2026-09-28,140094,Nippon India ETF Nifty 50 Shariah BeES,427.8838
2026-09-28,140095,Nippon India ETF Hang Seng BeES,449.1018
2026-09-28,140102,Nippon India ETF Nifty Infrastructure BeES,908.9117
2026-09-28,140107,CPSE ETF,91.3007
2026-09-28,140116,UTI Banking & PSU Debt Fund - Regular Plan - Annual IDCW,13.4783
2026-09-28,140135,UTI Banking & PSU Debt Fund - Direct Plan - Annual IDCW,13.7816
2026-09-28,140172,Edelweiss Large & Mid Cap Fund - Regular Plan - Growth Option,86.619
2026-09-28,140173,Edelweiss Large and Mid Cap Fund - Regular Plan - IDCW Option,33.035
2026-09-28,140174,Edelweiss Large and Mid Cap Fund - Direct Plan - IDCW Option,40.186
2026-09-28,140175,Edelweiss Large & Mid Cap Fund - Direct Plan - Growth Option,103.604
2026-09-28,140176,Edelweiss Liquid Fund - Retail Plan - Growth Option,3277.5157
2026-09-28,140177,Edelweiss Liquid Fund - Retail Plan Daily - IDCW Option,1174.6145
2026-09-28,140178,Edelweiss Liquid Fund - Retail Plan - Weekly Dividend Option,1231.6638
2026-09-28,140180,Edelweiss Liquid Fund - Retail Plan Monthly - IDCW Option,1244.1467
2026-09-28,140181,Edelweiss Liquid Fund - Regular Plan Daily - IDCW Option,1334.442
2026-09-28,140182,Edelweiss Liquid Fund - Regular Plan - Growth Option,3603.9574
2026-09-28,140183,Edelweiss Liquid Fund - Regular Plan Monthly - IDCW Option,1082.9176
2026-09-28,140184,Edelweiss Liquid Fund - Regular Plan Fortnightly - IDCW Option,2152.6815
2026-09-28,140185,Edelweiss Liquid Fund - Regular Plan Weekly - IDCW Option,1215.8939
2026-09-28,140188,Edelweiss Liquid Fund - Regular Plan Annual - IDCW Option,2342.003
2026-09-28,140189,Edelweiss Liquid Fund - Regular Plan - Bonus Option,2099.448
2026-09-28,140190,Edelweiss Liquid Fund - Regular Plan - IDCW Option,3452.3382
2026-09-28,140192,Edelweiss Liquid Fund - Direct Plan Annual - IDCW Option,3529.9735
2026-09-28,140193,Edelweiss Liquid Fund - Direct Plan daily - IDCW Option,1194.2802
2026-09-28,140194,Edelweiss Liquid Fund - Direct Plan - Bonus Option,2141.909
2026-09-28,140195,Edelweiss Liquid Fund - Direct Plan weekly - IDCW Option,2174.3138
2026-09-28,140196,Edelweiss Liquid Fund - Direct Plan - Growth Option,3681.6446
2026-09-28,140197,Edelweiss Liquid Fund - Direct Plan Monthly - IDCW Option,1004.7363
2026-09-28,140198,Edelweiss Liquid Fund - Direct Plan - IDCW Option,3530.0144
2026-09-28,140199,Edelweiss Liquid Fund - Direct Plan Fortnightly - IDCW Option,2472.9852
2026-09-28,140225,Edelweiss Mid Cap Fund - Regular Plan - Growth Option,104.521
2026-09-28,140226,Edelweiss Mid Cap Fund - Regular Plan - IDCW Option,60.259
2026-09-28,140227,Edelweiss Mid Cap Fund - Direct Plan - IDCW Option,90.3
2026-09-28,140228,Edelweiss Mid Cap Fund - Direct Plan - Growth Option,123.838
2026-09-28,140229,Edelweiss Money Market Fund - Regular Plan - Growth Option,30.5811
2026-09-28,140230,Edelweiss Money Market Fund - Institutional Plan - Growth Option,26.1694
2026-09-28,140232,Edelweiss Money Market Fund - Regular Plan - IDCW Option,26.9499
2026-09-28,140233,Edelweiss Money Market Fund - Regular Plan - Annual - IDCW Option,28.3085
2026-09-28,140235,Edelweiss Money Market Fund - Direct Plan - IDCW Option,29.8611
2026-09-28,140236,Edelweiss Money Market Fund - Direct Plan - Annual - IDCW Option,31.94
2026-09-28,140237,Edelweiss Money Market Fund - Direct Plan - Growth Option,33.9703
2026-09-28,140255,Edelweiss ASEAN Equity Off-shore Fund - Regular Plan - Growth Option,37.495
2026-09-28,140256,Edelweiss ASEAN Equity Off-shore Fund - Direct Plan - Growth Option,42.215
2026-09-28,140273,Edelweiss US Value Equity Offshore Fund - Regular Plan - Growth Option,43.503
2026-09-28,140274,Edelweiss US Value Equity Offshore Fund - Direct Plan - Growth Option,48.6105
2026-09-28,140283,Edelweiss Banking and PSU Debt Fund - Regular Plan - Growth Option,26.0598
2026-09-28,140284,Edelweiss Banking and PSU Debt Fund - Regular Plan - IDCW Option,17.5141
2026-09-28,140286,Edelweiss Banking and PSU Debt Fund - Direct Plan - Growth Option,27.1054
2026-09-28,140288,Edelweiss Banking and PSU Debt Fund - Direct Plan - IDCW Option,18.4745
2026-09-28,140289,Edelweiss Banking and PSU Debt Fund - Regular Plan Weekly - IDCW Option,10.1342
2026-09-28,140290,Edelweiss Banking and PSU Debt Fund - Direct Plan weekly - IDCW Option,10.5413
2026-09-28,140291,Edelweiss Banking and PSU Debt Fund - Direct Plan Fortnightly - IDCW Option,14.3457
2026-09-28,140292,Edelweiss Banking and PSU Debt Fund - Regular Plan Monthly - IDCW Option,11.1548
2026-09-28,140293,Edelweiss Banking and PSU Debt Fund - Direct Plan Monthly - IDCW Option,10.9086
2026-09-28,140294,Edelweiss Banking and PSU Debt Fund - Regular Plan Fortnightly - IDCW Option,13.8665
2026-09-28,140295,Edelweiss Europe Dynamic Equity Offshore Fund - Growth Option - Regular Plan,30.9982
2026-09-28,140296,Edelweiss Europe Dynamic Equity Offshore Fund - Growth Option - Direct Plan,34.5388
2026-09-28,140297,Edelweiss Gilt Fund - Regular Plan - Growth Option,24.6222
2026-09-28,140298,Edelweiss Gilt Fund - Direct Plan - Growth Option,26.4078
2026-09-28,140301,Edelweiss Gilt Fund - Regular Plan - IDCW Option,22.9654
2026-09-28,140302,Edelweiss Gilt Fund - Direct Plan - IDCW Option,24.6277
2026-09-28,140303,Edelweiss Gilt Fund - Regular Plan Weekly - IDCW Option,10.1033
2026-09-28,140304,Edelweiss Gilt Fund - Direct Plan weekly - IDCW Option,13.2771
2026-09-28,140305,Edelweiss Gilt Fund - Regular Plan Fortnightly - IDCW Option,23.1613
2026-09-28,140306,Edelweiss Gilt Fund - Direct Plan Fortnightly - IDCW Option,21.8325
2026-09-28,140307,Edelweiss Gilt Fund - Regular Plan Monthly - IDCW Option,10.2502
2026-09-28,140308,Edelweiss Gilt Fund - Direct Plan Monthly - IDCW Option,16.3426
2026-09-28,140309,Edelweiss Gilt Fund - Direct Plan - Annual Dividend Option,24.7451
2026-09-28,140310,Edelweiss Gilt Fund - Regular Plan - Annual - IDCW Option,22.96
2026-09-28,140327,Edelweiss Emerging Markets Opportunities Equity Offshore Fund - Direct Plan - Growth Option,31.0316
2026-09-28,140328,Edelweiss Emerging Markets Opportunities Equity Offshore Fund - Regular Plan - Growth Option,28.2723
2026-09-28,140347,Edelweiss Equity Savings Fund - Direct Plan - Growth Option,30.4116
2026-09-28,140348,Edelweiss Equity Savings Fund - Direct Plan - IDCW Option,21.5010
2026-09-28,140349,Edelweiss Equity Savings Fund - Regular Plan - IDCW Option,18.2151
2026-09-28,140350,Edelweiss Equity Savings Fund - Direct Plan - Bonus Option,30.4226
2026-09-28,140351,Edelweiss Equity Savings Fund - Regular Plan - Growth Option,27.2304
2026-09-28,140353,Edelweiss Flexi Cap Fund - Direct Plan - Growth Option,43.838
2026-09-28,140354,Edelweiss Flexi Cap Fund - Direct Plan - IDCW Option,35.504
2026-09-28,140355,Edelweiss Flexi Cap Fund - Regular Plan - Growth Option,37.257
2026-09-28,140356,Edelweiss Flexi Cap Fund - Regular - IDCW Option,30.106
2026-09-28,140381,Bandhan Aggressive Hybrid Fund-Regular Plan Growth,27.156
2026-09-28,140382,Bandhan Aggressive Hybrid Fund-Direct Plan Growth,31.200
2026-09-28,140383,Bandhan Aggressive Hybrid Fund-Direct Plan IDCW,21.306
2026-09-28,140384,Bandhan Aggressive Hybrid Fund-Regular Plan IDCW,18.569
2026-09-28,140437,Navi Liquid Fund-Unclaimed Redemption and Dividend Plan greater than 3 years,10
2026-09-28,140442,Mahindra Manulife Equity Savings Fund -Direct Plan -Quarterly IDCW,17.2635
2026-09-28,140444,Mahindra Manulife Equity Savings Fund - Direct Plan -Growth,25.4844
2026-09-28,140446,Mahindra Manulife Equity Savings Fund -Regular Plan -Quarterly IDCW,13.7303
2026-09-28,140447,Mahindra Manulife Equity Savings Fund - Regular Plan - Growth,21.4209
2026-09-28,140463,Baroda BNP Paribas Short Term Fund - Direct Plan - Quarterly IDCW,11.2593
2026-09-28,140465,Baroda BNP Paribas Short Term Fund - Regular Plan - Quarterly IDCW,10.6317
2026-09-28,140486,SBI Long Term Advantage Fund - Series IV - Direct Plan - Income Distribution cum Capital Withdrawal Option (IDCW),39.7467
2026-09-28,140487,SBI Long Term Advantage Fund - Series IV - Direct Plan - Growth,46.8421
2026-09-28,140488,SBI Long Term Advantage Fund - Series IV - Regular Plan - Growth,44.4159
2026-09-28,140489,SBI Long Term Advantage Fund - Series IV - Regular Plan - Income Distribution cum Capital Withdrawal Option (IDCW),37.6292
2026-09-28,140504,UTI Liquid Fund - Direct Plan - Half-Yearly IDCW,160.3998
2026-09-28,140517,UTI Liquid Fund - Regular Plan - Flexi IDCW,167.9547
2026-09-28,140530,CANARA ROBECO ULTRA SHORT TERM FUND- REGULAR PLAN - IDCW (Payout),1558.5589
2026-09-28,140603,BANDHAN Credit Risk Fund-Direct Plan-Growth,19.0670
2026-09-28,140604,BANDHAN Credit Risk Fund-Direct Plan-Quarterly IDCW,10.8630
2026-09-28,140605,BANDHAN CREDIT RISK FUND - DIRECT PLAN HALF YEARLY IDCW,10.4454
2026-09-28,140606,BANDHAN Credit Risk Fund-Direct Plan-Periodic IDCW,14.2066
2026-09-28,140607,BANDHAN Credit Risk Fund - Regular Plan Quarterly IDCW,10.6315
2026-09-28,140608,BANDHAN Credit Risk Fund - Regular Plan Annual IDCW,10.4752
2026-09-28,140609,BANDHAN Credit Risk Fund - Regular Plan Growth,17.3475
2026-09-28,140610,BANDHAN Credit Risk Fund-Direct Plan-Annual IDCW,10.5985
2026-09-28,140611,BANDHAN Credit Risk Fund - Regular Plan Half Yearly IDCW,10.4228
2026-09-28,140612,BANDHAN Credit Risk Fund - Regular Plan Periodic IDCW,13.4711
2026-09-28,140613,Mahindra Manulife Low Duration Fund - Direct Plan -Growth,1897.1417
2026-09-28,140614,Mahindra Manulife Low Duration Fund - Regular Plan - Daily IDCW,999.4631
2026-09-28,140615,Mahindra Manulife Low Duration Fund - Regular Plan - Weekly IDCW,1052.4572
2026-09-28,140616,Mahindra Manulife Low Duration Fund - Regular Plan - Monthly IDCW,1117.0100
2026-09-28,140617,Mahindra Manulife Low Duration Fund - Direct Plan - Daily IDCW,1276.9719
2026-09-28,140618,Mahindra Manulife Low Duration Fund - Direct Plan - Weekly IDCW,1030.1293
2026-09-28,140619,Mahindra Manulife Low Duration Fund - Direct Plan - Monthly IDCW,1137.2369
2026-09-28,140620,Mahindra Manulife Low Duration Fund - Regular Plan - Growth,1751.9152
2026-09-28,140769,Mirae Asset Dynamic Term Fund - Direct Plan - Growth,18.6791
2026-09-28,140770,Mirae Asset Dynamic Term Fund - Direct Plan - IDCW,18.6561
2026-09-28,140771,Mirae Asset Dynamic Term Fund - Regular Plan - Growth,16.9065
2026-09-28,140772,Mirae Asset Dynamic Term Fund - Regular Plan - IDCW,16.9069
2026-09-28,140809,Groww Largecap Fund (formerly known as Indiabulls Bluechip Fund)- Direct Plan- Monthly - Income Distribution cum capital withdrawal Option (Payout & Reinvestment),22.3
2026-09-28,140810,Groww Largecap Fund (formerly known as Indiabulls Bluechip Fund)- Regular Plan- Monthly - Income Distribution cum capital withdrawal Option (Payout & Reinvestment),23.61
2026-09-28,140811,Groww Largecap Fund (formerly known as Indiabulls Bluechip Fund)- Direct Plan- Quarterly - Income Distribution cum capital withdrawal Option (Payout & Reinvestment),27.86
2026-09-28,140812,Groww Largecap Fund (formerly known as Indiabulls Bluechip Fund)- Regular Plan- Quarterly - Income Distribution cum capital withdrawal Option (Payout & Reinvestment),24.48
2026-09-28,140813,Groww Largecap Fund (formerly known as Indiabulls Bluechip Fund)- Regular Plan- Half Yearly - Income Distribution cum capital withdrawal Option (Payout & Reinvestment),24.62
2026-09-28,140814,Groww Largecap Fund (formerly known as Indiabulls Bluechip Fund)- Direct Plan- Half Yearly -Income Distribution cum capital withdrawal Option (Payout & Reinvestment),28.07
2026-09-28,140815,Groww Value Fund (formerly known as Indiabulls Value Fund)- Direct Plan- Monthly - Income Distribution cum capital withdrawal Option (Payout & Reinvestment),23.682
2026-09-28,140816,Groww Value Fund (formerly known as Indiabulls Value Fund)- Regular Plan- Monthly - Income Distribution cum capital withdrawal Option (Payout & Reinvestment.,20.6709
2026-09-28,140817,Groww Value Fund (formerly known as Indiabulls Value Fund)- Direct Plan- Quarterly - Income Distribution cum capital withdrawal Option (Payout & Reinvestment),25.8344
2026-09-28,140818,Groww Value Fund (formerly known as Indiabulls Value Fund)- Regular Plan- Quarterly - Income Distribution cum capital withdrawal Option (Payout & Reinvestment),20.1447
2026-09-28,140819,Groww Value Fund (formerly known as Indiabulls Value Fund)- Direct Plan- Half Yearly - Income Distribution cum capital withdrawal Option (Payout & Reinvestment),25.8549
2026-09-28,140820,Groww Value Fund (formerly known as Indiabulls Value Fund)- Regular Plan- Half Yearly -Income Distribution cum capital withdrawal Option (Payout & Reinvestment),21.8184
2026-09-28,140913,UTI Liquid Fund - Direct Plan - Fortnightly IDCW,115.7812
2026-09-28,141060,Quantum Dynamic Term Fund - Regular Plan Monthly IDCW,10.3389
2026-09-28,141061,Quantum Dynamic Term Fund - Regular Plan Growth Option,22.1152
2026-09-28,141062,Quantum Diversified Equity All Cap Active FOF - Regular Plan IDCW,80.590
2026-09-28,141063,Quantum Diversified Equity All Cap Active FOF - Regular Plan Growth Option,81.775
2026-09-28,141064,Quantum Gold ETF FOF - Regular Plan Growth Option,55.1551
2026-09-28,141065,Quantum Liquid Fund - Regular Plan Daily IDCW,10.0002
2026-09-28,141066,Quantum Liquid Fund - Regular Plan Growth Option,37.5056
2026-09-28,141067,Quantum Liquid Fund - Regular Plan Monthly IDCW,10.0165
2026-09-28,141068,Quantum Value Fund - Regular Plan Growth Option,112.70
2026-09-28,141069,Quantum Value Fund - Regular Plan IDCW,111.86
2026-09-28,141070,Quantum ELSS Tax Saver Fund - Regular Plan Growth Option,111.96
2026-09-28,141071,Quantum ELSS Tax Saver Fund - Regular Plan IDCW,110.76
2026-09-28,141072,Quantum Multi Asset Active FOF - Regular Plan Growth Option,35.5162
2026-09-28,141139,Sundaram Long Term Micro Cap Tax Advantage Fund Series V Regular Plan - Growth,29.7196
2026-09-28,141140,Sundaram Long Term Micro Cap Tax Advantage Fund Series V Regular Plan - Payout of Income Distribution cum Capital Withdrawal (IDCW),28.2593
2026-09-28,141141,Sundaram Long Term Micro Cap Tax Advantage Fund Series V Direct Plan - Growth,30.6486
2026-09-28,141142,Sundaram Long Term Micro Cap Tax Advantage Fund Series V Direct Plan - Payout of Income Distribution cum Capital Withdrawal (IDCW),29.1791
2026-09-28,141223,Mahindra Manulife Multi Cap Fund - Direct Plan - IDCW,32.3994
2026-09-28,141224,Mahindra Manulife Multi Cap Fund - Regular Plan - Growth,38.3972
2026-09-28,141225,Mahindra Manulife Multi Cap Fund - Regular Plan - IDCW,26.1904
2026-09-28,141226,Mahindra Manulife Multi Cap Fund - Direct Plan -Growth,45.2711
2026-09-28,141247,Union Largecap Fund - Regular Plan - Growth Option,22.04
2026-09-28,141248,Union Largecap Fund - Direct Plan - Growth Option,23.66
2026-09-28,141249,Union Largecap Fund - Direct Plan - IDCW Option,23.66
2026-09-28,141250,Union Largecap Fund - Regular Plan - IDCW Option,22.04
2026-09-28,141375,UTI Banking & PSU Debt Fund - Direct Plan - Half-Yearly IDCW,15.9696
2026-09-28,141410,NAVI Large & Midcap Fund - Regular Half Yearly IDCW Payout,35.1568
2026-09-28,141411,Navi Large & Midcap Fund - Regular Annual IDCW payout,36.1497
2026-09-28,141414,Navi Large & Midcap Fund - Direct Annual IDCW Payout,42.2872
2026-09-28,141415,Navi Large & Midcap Fund - Direct Half Yearly IDCW Payout,42.3246
2026-09-28,141545,Axis Nifty 50 ETF,252.4300
2026-09-28,141564,Sundaram Long Term Micro Cap Tax Advantage Fund Series VI Direct Plan - Growth,29.4911
2026-09-28,141565,Sundaram Long Term Micro Cap Tax Advantage Fund Series VI Regular Plan - Growth,28.0439
2026-09-28,141566,Sundaram Long Term Micro Cap Tax Advantage Fund Series VI Regular Plan - Payout of Income Distribution cum Capital Withdrawal (IDCW),27.1026
2026-09-28,141567,Sundaram Long Term Micro Cap Tax Advantage Fund Series VI Direct Plan - Payout of Income Distribution cum Capital Withdrawal (IDCW),28.5432
2026-09-28,141586,Axis Corporate Bond Fund - Direct Plan - Daily IDCW,10.2066
2026-09-28,141587,Axis Corporate Bond Fund - Direct Plan - Weekly IDCW,10.3390
2026-09-28,141588,Axis Corporate Bond Fund - Direct Plan Growth,19.3549
2026-09-28,141589,Axis Corporate Bond Fund - Regular Plan - Daily IDCW,10.1989
2026-09-28,141590,Axis Corporate Bond Fund - Direct Plan - Monthly IDCW,10.1879
2026-09-28,141591,Axis Corporate Bond Fund - Direct Plan - Regular IDCW,15.0998
2026-09-28,141592,Axis Corporate Bond Fund - Regular Plan - Weekly IDCW,10.2140
2026-09-28,141593,Axis Corporate Bond Fund - Regular Plan Growth,18.1541
2026-09-28,141594,Axis Corporate Bond Fund - Regular Plan - Monthly IDCW,10.1846
2026-09-28,141595,Axis Corporate Bond Fund - Regular Plan - Regular IDCW,14.0258
2026-09-28,141596,ICICI Prudential Nifty 100 Low Volatility 30 ETF,21.0171
2026-09-28,141605,Edelweiss Arbitrage Fund - Monthly  Regular Plan - IDCW Option,16.6569
2026-09-28,141606,Edelweiss Arbitrage Fund - Monthly  Direct Plan - IDCW Option,18.1535
2026-09-28,141642,Axis Balanced Advantage Fund - Direct Plan - Growth,23.65
2026-09-28,141643,Axis Balanced Advantage Fund - Direct Plan - IDCW,13.79
2026-09-28,141644,Axis Balanced Advantage Fund - Regular Plan - Growth,20.93
2026-09-28,141645,Axis Balanced Advantage Fund - Regular Plan - IDCW,12.60
2026-09-28,141665,UTI Nifty Next 50 Exchange Traded Fund,76.0227
2026-09-28,141766,Edelweiss Balanced Advantage Fund - Regular Plan - Monthly - IDCW Option,19.81
2026-09-28,141767,Edelweiss Balanced Advantage Fund - Direct Plan - Monthly - IDCW Option,25.36
2026-09-28,141768,UTI Liquid Fund - Direct Plan - Flexi IDCW,169.1299
2026-09-28,141807,Groww ELSS Tax Saver Fund (formerly known as Indiabulls Tax Savings Fund)- Direct Plan- Dividend Option,20.89
2026-09-28,141808,Groww ELSS Tax Saver Fund (formerly known as Indiabulls Tax Savings Fund)- Direct Plan- Growth Option,20.93
2026-09-28,141810,Groww ELSS Tax Saver Fund (formerly known as Indiabulls Tax Savings Fund)- Regular Plan- - Income Distribution cum capital withdrawal Option (Payout),18.13
2026-09-28,141839,ICICI Prudential BSE Sensex Index Fund - Cumulative Option,23.9838
2026-09-28,141840,ICICI Prudential BSE Sensex Index Fund - IDCW Option,23.9845
2026-09-28,141841,ICICI Prudential BSE Sensex Index Fund - Direct Plan - Cumulative Option,24.3174
2026-09-28,141842,ICICI Prudential BSE Sensex Index Fund - Direct Plan - IDCW Option,24.3172
2026-09-28,141862,Groww ELSS Tax Saver Fund (formerly known as Indiabulls Tax Savings Fund)-Regular Plan-Growth Option,18.12
2026-09-28,141875,DSP Nifty 50 Equal Weight Index Fund - Regular Plan - Growth,25.0286
2026-09-28,141876,DSP Nifty 50 Equal Weight Index Fund - Regular Plan - IDCW,20.5322
2026-09-28,141877,DSP Nifty 50 Equal Weight Index Fund - Direct Plan - Growth,26.1626
2026-09-28,141878,DSP Nifty 50 Equal Weight Index Fund - Direct Plan - IDCW,21.4089
2026-09-28,141921,HDFC Housing Opportunities Fund  - IDCW Option - Direct Plan,16.463
2026-09-28,141922,HDFC Housing Opportunities Fund  - IDCW Option,14.726
2026-09-28,141923,HDFC Housing Opportunities Fund  - Growth Option,20.542
2026-09-28,141924,HDFC Housing Opportunities Fund  - Growth Option - Direct Plan,22.453
2026-09-28,141925,Axis Flexi Cap Fund - Direct Plan - Growth,30.61
2026-09-28,141926,Axis Flexi Cap fund - Direct Plan - IDCW,18.94
2026-09-28,141927,Axis Flexi Cap Fund - Regular Plan - Growth,27.40
2026-09-28,141928,Axis Flexi Cap Fund - Regular Plan - IDCW,17.12
2026-09-28,141933,Edelweiss Equity Savings Fund - Direct Plan - Monthly - IDCW Option,16.6224
2026-09-28,141934,Edelweiss Equity Savings Fund - Regular Plan - Monthly - IDCW Option,14.3469
2026-09-28,141949,BANK OF INDIA Mid Cap Tax Fund Series 1 Direct Plan IDCW,30.61
2026-09-28,141950,BANK OF INDIA Mid Cap Tax Fund Series 1 Direct Plan Growth,30.61
2026-09-28,141951,BANK OF INDIA Mid Cap Tax Fund Series 1 Regular Plan IDCW,29.49
2026-09-28,141952,BANK OF INDIA Mid Cap Tax Fund Series 1 Regular Plan Growth,29.49
2026-09-28,141957,BHARAT 22 ETF,110.5095
2026-09-28,141958,UTI Ultra Short to Short Term Fund - Direct Plan - Annual IDCW,1440.3529
2026-09-28,142035,Union Balanced Advantage Fund - Regular Plan - Growth Option,20.07
2026-09-28,142036,Union Balanced Advantage Fund - Regular Plan - IDCW Option,18.07
2026-09-28,142037,Union Balanced Advantage Fund - Direct Plan - IDCW Option,19.92
2026-09-28,142038,Union Balanced Advantage Fund - Direct Plan - Growth Option,21.93
2026-09-28,142107,Mahindra Manulife Mid Cap Fund- Regular Plan - IDCW,25.3900
2026-09-28,142108,Mahindra Manulife Mid Cap Fund - Direct Plan - IDCW,30.1806
2026-09-28,142109,Mahindra Manulife Mid Cap Fund - Regular Plan - Growth,34.5839
2026-09-28,142110,Mahindra Manulife Mid Cap Fund - Direct Plan -Growth,39.7781
2026-09-28,142133,ICICI Prudential Long Term Wealth Enhancement Fund - Direct Plan IDCW Option,29.10
2026-09-28,142134,ICICI Prudential Long Term Wealth Enhancement Fund - Direct Plan Cumulative Option,29.10
2026-09-28,142135,ICICI Prudential Long Term Wealth Enhancement Fund - IDCW Option,27.78
2026-09-28,142136,ICICI Prudential Long Term Wealth Enhancement Fund - Cumulative Option,27.78
2026-09-28,142137,SBI Long Term Advantage Fund - Series V - Regular Plan - Income Distribution cum Capital Withdrawal Option (IDCW),31.5483
2026-09-28,142138,SBI Long Term Advantage Fund - Series V - Direct Plan - Growth,32.9264
2026-09-28,142139,SBI Long Term Advantage Fund Series V - Regular Plan - Growth,31.5615
2026-09-28,142140,SBI Long Term Advantage Fund - Series V - Direct Plan - Income Distribution cum Capital Withdrawal Option (IDCW),32.9276
2026-09-28,142151,Sundaram Long Term Tax Advantage Fund Series III Regular Plan - Growth,30.6301
2026-09-28,142152,Sundaram Long Term Tax Advantage Fund Series III Regular Plan - Payout of Income Distribution cum Capital Withdrawal (IDCW),29.1181
2026-09-28,142153,Sundaram Long Term Tax Advantage Fund Series III Direct Plan - Growth,31.7045
2026-09-28,142154,Sundaram Long Term Tax Advantage Fund Series III Direct Plan - Payout of Income Distribution cum Capital Withdrawal (IDCW),30.1826
2026-09-28,142249,UTI Money Market Fund - Direct Plan - Quarterly IDCW,1794.8065
2026-09-28,142278,DSP Arbitrage Fund - Regular - IDCW - Monthly,11.8920
2026-09-28,142279,DSP Arbitrage Fund - Direct - IDCW,12.7530
2026-09-28,142280,DSP Arbitrage Fund - Regular - IDCW,12.1030
2026-09-28,142281,DSP Arbitrage Fund - Direct - IDCW - Monthly,13.3100
2026-09-28,142282,DSP Arbitrage Fund - Regular - Growth,16.0080
2026-09-28,142283,DSP Arbitrage Fund - Direct - Growth,16.8950
2026-09-28,142383,Edelweiss Recently Listed IPO Fund Regular Plan Growth,32.3202
2026-09-28,142384,Edelweiss Recently Listed IPO Fund REGULAR PLAN - IDCW Option,32.3185
2026-09-28,142386,Edelweiss Recently Listed IPO Fund - DIRECT PLAN - IDCW Option,35.1306
2026-09-28,142388,Edelweiss Recently Listed IPO Fund Direct Plan Growth,35.1305
2026-09-28,142589,DSP NIFTY 1D Rate Liquid ETF,1000.0000
2026-09-28,142640,Mirae Asset Short Term Fund - Direct Plan - IDCW,17.7462
2026-09-28,142641,Mirae Asset Short Term Fund - Direct Plan - Growth,17.7962
2026-09-28,142642,Mirae Asset Short Term Fund - Regular Plan - Growth,16.6026
2026-09-28,142643,Mirae Asset Short Term Fund - Regular Plan - IDCW,16.6062
2026-09-28,143077,Sundaram Long Term Tax Advantage Fund Series IV Regular Plan - Growth,35.6170
2026-09-28,143078,Sundaram Long Term Tax Advantage Fund Series IV Regular Plan - Payout of Income Distribution cum Capital Withdrawal (IDCW),32.6844
2026-09-28,143079,Sundaram Long Term Tax Advantage Fund Series IV Direct Plan - Growth,36.4090
2026-09-28,143080,Sundaram Long Term Tax Advantage Fund Series IV Direct Plan - Payout of Income Distribution cum Capital Withdrawal (IDCW),33.4518
2026-09-28,143125,UTI Money Market Fund - Direct Plan - Flexi IDCW,1733.8605
2026-09-28,143162,Navi Aggressive Hybrid Fund - Regular Plan - Growth,21.9143
2026-09-28,143163,Navi Aggressive Hybrid Fund - Direct Plan - Growth,25.5021
2026-09-28,143166,Navi Aggressive Hybrid Fund - Regular Plan Normal IDCW,21.9156
2026-09-28,143167,Navi Aggressive Hybrid Fund - Direct Plan Normal IDCW,25.384
2026-09-28,143176,SBI Long Term Advantage Fund - Series VI - Regular Plan - Growth,29.7832
2026-09-28,143177,SBI Long Term Advantage Fund - Series VI - Regular Plan - Income Distribution cum Capital Withdrawal Option (IDCW),29.7895
2026-09-28,143178,SBI Long Term Advantage Fund - Series VI - Direct Plan - Growth,31.0532
2026-09-28,143179,SBI Long Term Advantage Fund - Series VI - Direct Plan - Income Distribution cum Capital Withdrawal Option (IDCW),31.0268
2026-09-28,143185,Navi Aggressive Hybrid Fund - Direct Plan Quarterly IDCW,25.3663
2026-09-28,143186,Navi Aggressive Hybrid Fund - Direct Plan Half Yearly IDCW,25.3594
2026-09-28,143189,Navi Aggressive Hybrid Fund - Regular Plan Half Yearly IDCW,21.9285
2026-09-28,143192,Navi Aggressive Hybrid Fund - Direct Plan Monthly IDCW,25.3828
2026-09-28,143195,Navi Aggressive Hybrid Fund - Direct Plan Annual IDCW,25.3876
2026-09-28,143197,Navi Aggressive Hybrid Fund - Regular Plan Monthly IDCW,21.9137
2026-09-28,143198,Navi Aggressive Hybrid Fund - Regular Plan Annual IDCW,21.9117
2026-09-28,143199,Navi Aggressive Hybrid Fund - Regular Plan Quarterly IDCW,21.9144
2026-09-28,143239,Union Corporate Bond Fund - Regular Plan - Growth Option,16.0629
2026-09-28,143240,Union Corporate Bond Fund - Regular Plan - IDCW Option,16.0629
2026-09-28,143241,Union Corporate Bond Fund - Direct Plan - Growth Option,16.4891
2026-09-28,143242,Union Corporate Bond Fund - Direct Plan - IDCW Option,16.4891
2026-09-28,143247,ICICI Prudential BSE 500 ETF,37.6379
2026-09-28,143258,BANDHAN Equity Savings Fund-Direct Plan -Quarterly IDCW,13.286
2026-09-28,143259,BANDHAN Equity Savings Fund- Regular Plan -Quarterly IDCW,12.655
2026-09-28,143260,Parag Parikh Liquid Fund- Regular Plan- Growth,1561.1212
2026-09-28,143261,Parag Parikh Liquid Fund- Regular Plan- Monthly IDCW,1003.0000
2026-09-28,143262,Parag Parikh Liquid Fund- Direct Plan- Monthly IDCW,1003.0000
2026-09-28,143263,Parag Parikh Liquid Fund- Direct Plan- Daily Reinvestment of IDCW,1000.5405
2026-09-28,143264,Parag Parikh Liquid Fund- Regular Plan- Daily Reinvestment of IDCW,1000.5404
2026-09-28,143265,Parag Parikh Liquid Fund- Direct Plan- Weekly Reinvestment of IDCW,1001.0000
2026-09-28,143266,Parag Parikh Liquid Fund- Regular Plan- Weekly Reinvestment of IDCW,1001.0000
2026-09-28,143269,Parag Parikh Liquid Fund- Direct Plan- Growth,1574.3300
2026-09-28,143340,UTI Nifty Next 50 Index Fund - Regular Plan - Growth Option,25.0875
2026-09-28,143341,UTI Nifty Next 50 Index Fund - Direct Plan - Growth Option,26.1424
2026-09-28,143366,Bandhan Short Term Fund - Regular Plan - Quarterly IDCW,10.9006
2026-09-28,143367,Bandhan Short Term Fund - Direct Plan - Quarterly IDCW,10.8415
2026-09-28,143368,Bandhan Short Term Fund - Regular Plan - Annual IDCW,10.9256
2026-09-28,143369,Bandhan Short Term Fund - Direct Plan - Annual IDCW,11.1657
2026-09-28,143464,Baroda BNP Paribas Ultra Short Term Fund - Regular Plan - Growth,1666.6849
2026-09-28,143493,Nippon India Ultra Short Term Fund- Growth Option,4341.2759
2026-09-28,143494,Nippon India Ultra Short Term Fund- Direct Plan- Growth Option,4830.7353
2026-09-28,143495,NIPPON INDIA ULTRA SHORT TERM FUND - WEEKLY IDCW OPTION,1092.2182
2026-09-28,143496,NIPPON INDIA ULTRA SHORT TERM FUND - QUARTERLY IDCW Option,1008.1079
2026-09-28,143497,NIPPON INDIA ULTRA SHORT TERM FUND - DIRECT Plan - MONTHLY IDCW Option,1033.8865
2026-09-28,143498,NIPPON INDIA ULTRA SHORT TERM FUND - DAILY IDCW OPTION,1114.1500
2026-09-28,143499,NIPPON INDIA ULTRA SHORT TERM FUND - MONTHLY IDCW Option,1023.5203
2026-09-28,143500,NIPPON INDIA ULTRA SHORT TERM FUND - DIRECT Plan - DAILY IDCW OPTION,1114.1500
2026-09-28,143501,NIPPON INDIA ULTRA SHORT TERM FUND - DIRECT Plan - WEEKLY IDCW OPTION,1092.2833
2026-09-28,143502,NIPPON INDIA ULTRA SHORT TERM FUND - DIRECT Plan - QUARTERLY IDCW Option,1014.6166
2026-09-28,143507,Baroda BNP Paribas Ultra Short Term Fund - Regular Plan - Daily IDCW,1006.2583
2026-09-28,143508,Baroda BNP Paribas Ultra Short Term Fund- Direct Plan- Growth,1691.9184
2026-09-28,143509,Baroda BNP Paribas Ultra Short Term Fund- Direct Plan- Weekly IDCW,1001.6901
2026-09-28,143510,Baroda BNP Paribas Ultra Short Term Fund- Regular Plan- Weekly IDCW,1001.6589
2026-09-28,143511,Baroda BNP Paribas Ultra Short Term Fund- Direct Plan- Daily IDCW,1007.0751
2026-09-28,143532,Invesco India Aggressive Hybrid Fund - Direct Plan - IDCW (Payout / Reinvestment),23.4755
2026-09-28,143534,Invesco India Aggressive Hybrid Fund - Regular Plan - IDCW (Payout / Reinvestment),20.712
2026-09-28,143536,Invesco India Aggressive Hybrid Fund - Regular Plan - Growth,20.7109
2026-09-28,143537,Invesco India Aggressive Hybrid Fund - Direct Plan - Growth,23.5777
2026-09-28,143603,JM Ultra Short to Short Term Fund (Regular) - Daily IDCW,10.8173
2026-09-28,143604,JM Ultra Short to Short Term Fund (Direct) - Daily IDCW,10.8479
2026-09-28,143605,JM Ultra Short to Short Term Fund (Regular) - Fortnightly IDCW,11.0797
2026-09-28,143606,JM Ultra Short to Short Term Fund (Direct) - Fortnightly IDCW,11.1204
2026-09-28,143607,JM Ultra Short to Short Term Fund (Regular) - Growth Option,39.7801
2026-09-28,143608,JM Ultra Short to Short Term Fund (Regular) - Weekly IDCW,11.4096
2026-09-28,143609,JM Ultra Short to Short Term Fund - Bonus Option - Principal Units,23.9666
2026-09-28,143610,JM Ultra Short to Short Term Fund (Direct) - Bonus Option - Principal Units,24.7521
2026-09-28,143611,JM Ultra Short to Short Term Fund (Direct) - Weekly IDCW,11.4504
2026-09-28,143612,JM Ultra Short to Short Term Fund (Direct) - Growth,41.1099
2026-09-28,143613,BANK OF INDIA Arbitrage Fund Direct Plan Annual IDCW,13.9855
2026-09-28,143614,BANK OF INDIA Arbitrage Fund Direct Plan Growth,15.4759
2026-09-28,143615,BANK OF INDIA Arbitrage Fund Direct Plan Monthly IDCW,13.9424
2026-09-28,143616,BANK OF INDIA Arbitrage Fund Direct Plan Quarterly IDCW,14.6999
2026-09-28,143617,BANK OF INDIA Arbitrage Fund Regular Plan IDCW Annual IDCW,13.6115
2026-09-28,143618,BANK OF INDIA Arbitrage Fund Regular Plan IDCW Monthly IDCW,13.3497
2026-09-28,143619,BANK OF INDIA Arbitrage Fund Regular Plan IDCW Quarterly IDCW,14.0929
2026-09-28,143620,BANK OF INDIA Arbitrage Fund Regular Growth,14.7304
2026-09-28,143701,NIPPON INDIA NIVESH LAKSHYA LONG TERM FUND - DIRECT Plan - HALF YEARLY IDCW Option,11.8537
2026-09-28,143702,Nippon India Nivesh Lakshya Long Term Fund- Growth Option,17.9378
2026-09-28,143703,NIPPON INDIA NIVESH LAKSHYA LONG TERM FUND - ANNUAL IDCW Option,11.8091
2026-09-28,143704,Nippon India Nivesh Lakshya Long Term Fund- Direct Plan- Growth Option,18.4103
2026-09-28,143705,NIPPON INDIA NIVESH LAKSHYA LONG TERM FUND - DIRECT Plan - MONTHLY IDCW Option,11.5186
2026-09-28,143706,NIPPON INDIA NIVESH LAKSHYA LONG TERM FUND - IDCW Option,17.9367
2026-09-28,143707,NIPPON INDIA NIVESH LAKSHYA LONG TERM FUND - DIRECT Plan - IDCW Option,18.4105
2026-09-28,143708,NIPPON INDIA NIVESH LAKSHYA LONG TERM FUND - QUARTERLY IDCW Option,11.3191
2026-09-28,143709,NIPPON INDIA NIVESH LAKSHYA LONG TERM  FUND - DIRECT Plan - QUARTERLY IDCW Option,11.3309
2026-09-28,143710,NIPPON INDIA NIVESH LAKSHYA LONG TERM FUND LONG DURATION - HALF YEARLY IDCW Option,11.8197
2026-09-28,143711,NIPPON INDIA NIVESH LAKSHYA LONG TERM FUND - DIRECT Plan - ANNUAL IDCW Option,11.8368
2026-09-28,143712,NIPPON INDIA NIVESH LAKSHYA LONG TERM FUND - MONTHLY IDCW Option,11.5013
2026-09-28,143783,Mirae Asset Healthcare Fund - Direct Plan - Growth,51.965
2026-09-28,143784,Mirae Asset Healthcare Fund - Direct Plan - IDCW,31.299
2026-09-28,143785,Mirae Asset Healthcare Fund - Regular Plan - Growth,45.815
2026-09-28,143786,Mirae Asset Healthcare Fund - Regular Plan - IDCW,26.971
2026-09-28,143787,Navi Flexi Cap Fund - Regular Plan - Growth,24.3545
2026-09-28,143788,NAVI FLEXI CAP FUND - REGULAR PLAN QUARTERLY IDCW PAYOUT,24.3518
2026-09-28,143789,NAVI FLEXI CAP FUND - REGULAR PLAN NORMAL IDCW PAYOUT,24.3581
2026-09-28,143790,NAVI FLEXI CAP FUND - REGULAR PLAN MONTHLY IDCW PAYOUT,24.3643
2026-09-28,143791,NAVI FLEXI CAP FUND - DIRECT PLAN QUARTERLY IDCW PAYOUT,28.3816
2026-09-28,143792,NAVI FLEXI CAP FUND - DIRECT PLAN NORMAL IDCW PAYOUT,28.3222
2026-09-28,143793,Navi Flexi Cap Fund - Direct Plan - Growth,28.5788
2026-09-28,143794,NAVI FLEXI CAP FUND - REGULAR PLAN HALF YEARLY IDCW PAYOUT,24.3585
2026-09-28,143795,NAVI FLEXI CAP FUND - REGULAR PLAN ANNUAL IDCW PAYOUT,24.3552
2026-09-28,143796,NAVI FLEXI CAP FUND - DIRECT PLAN MONTHLY IDCW PAYOUT,28.3532
2026-09-28,143797,NAVI FLEXI CAP FUND - DIRECT PLAN HALF YEARLY IDCW PAYOUT,28.3592
2026-09-28,143798,NAVI FLEXI CAP FUND - DIRECT PLAN ANNUAL IDCW PAYOUT,28.3584
2026-09-28,143873,ICICI Prudential Healthcare Fund - Cumulative Option,42.89
2026-09-28,143874,ICICI Prudential Healthcare Fund - Direct Plan - Cumulative Option,46.66
2026-09-28,143875,ICICI Prudential Healthcare Fund - IDCW Option,23.04
2026-09-28,143876,ICICI Prudential Healthcare Fund - Direct Plan - IDCW Option,26.19
2026-09-28,143903,ICICI Prudential BHARAT 22 FOF - Direct Plan Cumulative Option,32.3367
2026-09-28,143904,ICICI Prudential BHARAT 22 FOF - Cumulative Option,32.3247
2026-09-28,144171,BANDHAN ULTRA SHORT TERM FUND - REGULAR PLAN GROWTH,16.4231
2026-09-28,144172,BANDHAN ULTRA SHORT TERM FUND - REGULAR PLAN DAILY IDCW,10.0519
2026-09-28,144173,BANDHAN ULTRA SHORT TERM FUND - DIRECT PLAN GROWTH,16.6636
2026-09-28,144174,BANDHAN ULTRA SHORT TERM FUND - DIRECT PLAN-DAILY IDCW,10.0367
2026-09-28,144189,BANDHAN ULTRA SHORT TERM FUND - REGULAR PLAN WEEKLY IDCW,10.0753
2026-09-28,144190,BANDHAN ULTRA SHORT TERM FUND - REGULAR PLAN QUARTERLY IDCW,10.6574
2026-09-28,144191,BANDHAN ULTRA SHORT TERM FUND - DIRECT PLAN- WEEKLY IDCW,10.0737
2026-09-28,144192,BANDHAN ULTRA SHORT TERM FUND - DIRECT PLAN QUARTERLY IDCW,10.6792
2026-09-28,144193,BANDHAN ULTRA SHORT TERM FUND - REGULAR PLAN PERIODIC IDCW,13.8225
2026-09-28,144194,BANDHAN ULTRA SHORT TERM FUND - REGULAR PLAN MONTHLY IDCW,10.0910
2026-09-28,144195,BANDHAN ULTRA SHORT TERM FUND - DIRECT PLAN -MONTHLY IDCW,10.0870
2026-09-28,144196,BANDHAN ULTRA SHORT TERM FUND - DIRECT PLAN PERIODIC IDCW,14.1695
2026-09-28,144309,BANK OF INDIA Midcap Tax Fund Series 2 Direct Plan IDCW,35.51
2026-09-28,144310,Union Equity Savings Fund - Regular Plan - Growth Option,17.24
2026-09-28,144311,Union Equity Savings Fund - Regular Plan - IDCW Option,16.03
2026-09-28,144312,Union Equity Savings Fund - Direct Plan - Growth Option,18.02
2026-09-28,144313,Union Equity Savings Fund - Direct Plan - IDCW Option,16.81
2026-09-28,144314,BANK OF INDIA Midcap Tax Fund Series 2 Regular Plan Growth,34.08
2026-09-28,144315,BANK OF INDIA Midcap Tax Fund Series 2 Direct Plan Growth,35.51
2026-09-28,144316,BANK OF INDIA Midcap Tax Fund Series 2 Regular Plan IDCW,34.10
2026-09-28,144333,Kotak Balanced Advantage Fund -Regular Plan - Growth Option,20.545
2026-09-28,144334,Kotak Balanced Advantage Fund -Direct Plan  -Payout of Income Distribution cum capital withdrawal option,22.581
2026-09-28,144335,Kotak Balanced Advantage Fund  - Direct Plan -Growth Option,22.581
2026-09-28,144336,Kotak Balanced Advantage Fund - Regular Plan - Payout of Income Distribution cum capital withdrawal option Option,20.545
2026-09-28,144337,UTI Corporate Bond Fund - Regular Plan - Annual IDCW,13.5073
2026-09-28,144338,UTI Corporate Bond Fund - Regular Plan - Discontinued Flexi IDCW,15.3399
2026-09-28,144339,UTI Corporate Bond Fund - Direct Plan - Growth Option,17.8681
2026-09-28,144340,UTI Corporate Bond Fund - Direct Plan - Half-Yearly IDCW,15.2678
2026-09-28,144341,UTI Corporate Bond Fund - Direct Plan - Discontinued Flexi IDCW,15.7487
2026-09-28,144342,UTI Corporate Bond Fund - Regular Plan - Discontinued Quarterly IDCW,15.1484
2026-09-28,144343,UTI Corporate Bond Fund - Regular Plan - Half-Yearly IDCW,14.7192
2026-09-28,144344,UTI Corporate Bond Fund - Direct Plan - Annual IDCW,13.9053
2026-09-28,144345,UTI Corporate Bond Fund - Regular Plan - Growth Option,17.4207
2026-09-28,144346,UTI Corporate Bond Fund - Direct Plan - Discontinued Quarterly IDCW,15.6275
2026-09-28,144393,Axis Aggressive Hybrid Fund - Regular Plan - Growth Option,20.24
2026-09-28,144394,Axis Aggressive Hybrid Fund - Direct Plan - Growth Option,22.47
2026-09-28,144395,Axis Aggressive Hybrid Fund - Direct Plan - Regular IDCW,15.15
2026-09-28,144396,Axis Aggressive Hybrid Fund - Regular Plan - Regular IDCW,13.60
2026-09-28,144397,Axis Aggressive Hybrid Fund - Direct Plan - Monthly IDCW,14.94
2026-09-28,144398,Axis Aggressive Hybrid Fund - Direct Plan - Quarterly IDCW,14.13
2026-09-28,144399,Axis Aggressive Hybrid Fund - Regular Plan - Monthly IDCW,12.09
2026-09-28,144400,Axis Aggressive Hybrid Fund - Regular Plan - Quarterly IDCW,12.18
2026-09-28,144401,Mahindra Manulife Dynamic Bond Fund - Regular Plan - Growth,14.9033
2026-09-28,144402,Mahindra Manulife Dynamic Bond Fund - Regular Plan - Quarterly IDCW,10.2100
2026-09-28,144403,Mahindra Manulife Dynamic Bond Fund - Direct Plan - Growth,16.3289
2026-09-28,144404,Mahindra Manulife Dynamic Bond Fund - Direct Plan - Quarterly IDCW,11.4248
2026-09-28,144405,Mahindra Manulife Dynamic Bond Fund - Regular Plan - IDCW,11.5504
2026-09-28,144406,Mahindra Manulife Dynamic Bond Fund - Direct Plan - IDCW,12.8583
2026-09-28,144461,Franklin India Equity Savings Fund- Growth,16.8995
2026-09-28,144462,Franklin India Equity Savings Fund - Direct - IDCW,14.2783
2026-09-28,144463,Franklin India Equity Savings Fund - Quarterly - IDCW,12.1081
2026-09-28,144464,Franklin India Equity Savings Fund - Monthly - IDCW,13.0158
2026-09-28,144465,Franklin India Equity Savings Fund - Direct - Monthly - IDCW,13.4939
2026-09-28,144466,Franklin India Equity Savings Fund- Growth Direct,18.6453
2026-09-28,144467,Franklin India Equity Savings Fund - Direct - Quarterly - IDCW,13.7324
2026-09-28,144468,Franklin India Equity Savings Fund - IDCW,13.1081
2026-09-28,144475,UTI Liquid Fund - Regular Plan - Half-Yearly IDCW,141.9682
2026-09-28,144484,UTI Equity Savings Fund - Regular Plan - Growth Option,18.6143
2026-09-28,144485,UTI Equity Savings Fund - Regular Plan - IDCW,18.6143
2026-09-28,144486,UTI Equity Savings Fund - Regular Plan - Monthly IDCW,18.6144
2026-09-28,144487,UTI Equity Savings Fund - Regular Plan - Quarterly IDCW,18.6142
2026-09-28,144488,UTI Equity Savings Fund - Direct Plan - Quarterly IDCW,20.0381
2026-09-28,144489,UTI Equity Savings Fund - Direct Plan - Monthly IDCW,20.0392
2026-09-28,144490,UTI Equity Savings Fund - Direct Plan - Growth Option,20.0381
2026-09-28,144491,UTI Equity Savings Fund - Direct Plan - IDCW,20.0381
2026-09-28,144543,TATA Flexi Cap Fund Direct Plan - Reinvestment of Income Distribution cum capital withdrawal option,24.4926
2026-09-28,144544,TATA Flexi Cap Fund Regular Plan - Payout of Income Distribution cum capital withdrawal option,21.6305
2026-09-28,144545,TATA Flexi Cap Fund Regular Plan - Reinvestment of Income Distribution cum capital withdrawal option,21.6305
2026-09-28,144546,Tata Flexi Cap Fund-Direct Plan-Growth,25.4192
2026-09-28,144547,TATA Flexi Cap Fund - Direct Plan - Payout of Income Distribution cum capital withdrawal option,24.4926
2026-09-28,144548,Tata Flexi Cap Fund -Regular Plan-Growth,22.5535
2026-09-28,144587,ICICI Prudential Nifty Next 50 ETF,74.2794
2026-09-28,144644,DSP Corporate Bond Fund - Regular - Growth,17.1650
2026-09-28,144645,DSP Corporate Bond Fund - Regular - IDCW - Monthly,10.6376
2026-09-28,144646,DSP Corporate Bond Fund - Direct - Growth,17.5187
2026-09-28,144647,DSP Corporate Bond Fund - Direct - IDCW,11.6439
2026-09-28,144648,DSP Corporate Bond Fund - Direct - IDCW - Quarterly,11.5709
2026-09-28,144649,DSP Corporate Bond Fund - Regular - IDCW - Quarterly,10.9032
2026-09-28,144650,DSP Corporate Bond Fund - Regular - IDCW,11.6063
2026-09-28,144651,DSP Corporate Bond Fund - Direct - IDCW - Monthly,10.6644
2026-09-28,144753,Axis Ultra Short Duration Fund - Direct Plan - Daily IDCW,10.0338
2026-09-28,144754,Axis Ultra Short Duration Fund - Direct Plan Growth,16.9584
2026-09-28,144755,Axis Ultra Short Duration Fund - Direct Plan - Monthly IDCW,10.0200
2026-09-28,144756,Axis Ultra Short Duration Fund - Direct Plan - Regular IDCW,16.9596
2026-09-28,144757,Axis Ultra Short Duration Fund - Direct Plan - Weekly IDCW,10.0500
2026-09-28,144758,Axis Ultra Short Duration Fund - Regular Plan - Daily IDCW,10.0689
2026-09-28,144759,Axis Ultra Short Duration Fund - Regular Plan Growth,15.8189
2026-09-28,144760,Axis Ultra Short Duration Fund - Regular Plan - Monthly IDCW,10.0297
2026-09-28,144761,Axis Ultra Short Duration Fund - Regular Plan - Regular IDCW,15.8189
2026-09-28,144762,Axis Ultra Short Duration Fund - Regular Plan - Weekly IDCW,10.0671
2026-09-28,144834,Sundaram Services Fund Regular Plan - Reinvestment of Income Distribution cum Capital Withdrawal (IDCW),20.9230
2026-09-28,144835,Sundaram Services Fund Direct Plan - Growth,38.6207
2026-09-28,144836,Sundaram Services Fund Direct Plan - Payout of Income Distribution cum Capital Withdrawal (IDCW),23.0016
2026-09-28,144837,Sundaram Services Fund Direct Plan - Reinvestment of Income Distribution cum Capital Withdrawal (IDCW),23.0016
2026-09-28,144838,Sundaram Services Fund Regular Plan - Growth,35.1972
2026-09-28,144839,Sundaram Services Fund Regular Plan - Payout of Income Distribution cum Capital Withdrawal (IDCW),20.9230
2026-09-28,144902,Shriram Flexi Cap Fund - Regular Growth,18.843
2026-09-28,144903,Shriram Flexi Cap Fund - Regular-IDCW,18.8362
2026-09-28,144905,Shriram Flexi Cap Fund - Direct Growth,21.6794
2026-09-28,144906,Shriram Flexi Cap Fund - Direct-IDCW,21.4615
2026-09-28,144916,SBI BSE Sensex Next 50 ETF,905.9894
2026-09-28,144947,ICICI Prudential BSE Liquid Rate ETF - IDCW,1000.0000
2026-09-28,145034,HDFC Ultra Short Term Fund - Direct Plan-Growth Option,16.7331
2026-09-28,145035,HDFC Ultra Short Term Fund - Direct Plan-Weekly IDCW Option,10.0555
2026-09-28,145036,HDFC Ultra Short Term Fund - Direct Plan-Monthly IDCW Option,10.0969
2026-09-28,145037,HDFC Ultra Short Term Fund - Monthly IDCW Option,10.1947
2026-09-28,145038,HDFC Ultra Short Term Fund - Weekly IDCW Option,10.0549
2026-09-28,145039,HDFC Ultra Short Term Fund - Direct Plan-Daily IDCW Option,10.092
2026-09-28,145040,HDFC Ultra Short Term Fund - Growth Option,16.3096
2026-09-28,145041,HDFC Ultra Short Term Fund - Daily IDCW Option,10.103
2026-09-28,145042,Sundaram Money Market Fund Regular Plan - Growth,16.2126
2026-09-28,145044,Sundaram Money Market Fund Regular Plan- Income Distribution cum Capital Withdrawal (IDCW),11.4473
2026-09-28,145049,Sundaram Money Market Fund Regular Plan -Income Distribution cum Capital Withdrawal(IDCW),11.4473
2026-09-28,145050,Sundaram Money Market Fund Direct Plan - Growth,16.3523
2026-09-28,145051,Sundaram Money Market Fund Direct Plan - Income Distribution cum Capital Withdrawal (IDCW),11.4974
2026-09-28,145056,Sundaram Money Market Fund Direct Plan - Income Distribution cum Capital Withdrawal(IDCW),11.4974
2026-09-28,145075,ICICI Prudential Manufacturing Fund - Direct Plan - Cumulative Option,41.32
2026-09-28,145076,ICICI Prudential Manufacturing Fund - Direct Plan - IDCW Option,24.59
2026-09-28,145077,ICICI Prudential Manufacturing Fund - Cumulative Option,37.91
2026-09-28,145078,ICICI Prudential Manufacturing Fund - IDCW Option,21.71
2026-09-28,145109,Axis Large & Mid Cap Fund - Direct Plan - IDCW,25.34
2026-09-28,145110,Axis Large & Mid Cap Fund - Direct Plan - Growth,37.77
2026-09-28,145111,Axis Large & Mid Cap Fund - Regular Plan - IDCW,19.74
2026-09-28,145112,Axis Large & Mid Cap Fund - Regular Plan - Growth,33.84
2026-09-28,145137,Invesco India Small Cap Fund - Direct Plan - Growth,53.34
2026-09-28,145138,Invesco India Small Cap Fund - Direct Plan - IDCW (Payout / Reinvestment),39.62
2026-09-28,145139,Invesco India Small Cap Fund - Regular Plan - Growth,47.41
2026-09-28,145140,Invesco India Small Cap Fund - Regular Plan - IDCW (Payout / Reinvestment),33.91
2026-09-28,145205,TATA SmallCap Fund Regular Plan - Payout of Income Distribution cum capital withdrawal option,37.8472
2026-09-28,145206,Tata Small Cap Fund-Direct Plan-Growth,44.8865
2026-09-28,145207,TATA SmallCap Fund - Direct Plan - Payout of Income Distribution cum capital withdrawal option,43.3660
2026-09-28,145208,Tata Small Cap Fund-Regular Plan-Growth,39.3601
2026-09-28,145209,TATA Small Cap Fund Direct Plan - Reinvestment of Income Distribution cum capital withdrawal option,43.3660
2026-09-28,145210,TATA Small Cap Fund Regular Plan - Reinvestment of Income Distribution cum capital withdrawal option,37.8472
2026-09-28,145287,UTI Floating Interest Rates Fund - Regular Plan  - Growth Option,1602.8883
2026-09-28,145288,UTI Floating Interest Rates Fund - Regular Plan - Half-Yearly IDCW,1415.595
2026-09-28,145289,UTI Floating Interest Rates Fund - Regular Plan - Annual IDCW,1522.2486
2026-09-28,145290,UTI Floating Interest Rates Fund - Direct Plan - Quarterly IDCW,1435.9609
2026-09-28,145291,UTI Floating Interest Rates Fund - Direct Plan - Flexi IDCW,1588.5061
2026-09-28,145292,UTI Floating Interest Rates Fund - Regular Plan - Flexi IDCW,1465.323
2026-09-28,145293,UTI Floating Interest Rates Fund - Direct Plan - Annual IDCW,1543.5626
2026-09-28,145294,UTI Floating Interest Rates Fund - Regular Plan - Quarterly IDCW,1298.4284
2026-09-28,145295,UTI Floating Interest Rates Fund - Direct Plan - Growth Option,1686.1779
2026-09-28,145296,UTI Floating Interest Rates Fund - Direct Plan - Half-Yearly IDCW,1536.9526
2026-09-28,145355,Mahindra Manulife Consumption Fund- Regular Plan - Growth,21.1974
2026-09-28,145356,Mahindra Manulife Consumption Fund - Direct Plan -Growth,24.2387
2026-09-28,145357,Mahindra Manulife Consumption Fund - Direct Plan - IDCW,17.1646
2026-09-28,145358,Mahindra Manulife Consumption Fund - Regular Plan - IDCW,14.4269
2026-09-28,145387,Baroda BNP Paribas Balanced Advantage Fund-Regular Plan -Growth Option,24.9660
2026-09-28,145389,Baroda BNP Paribas Balanced Advantage Fund-Regular Plan-IDCW Option,15.3021
2026-09-28,145396,Baroda BNP Paribas Balanced Advantage Fund-Direct Plan-Growth Option,27.6535
2026-09-28,145397,Baroda BNP Paribas Balanced Advantage Fund-Direct Plan-IDCW Option,16.9804
2026-09-28,145399,ICICI Prudential Ultra Short Term Fund - Daily IDCW,10.0697
2026-09-28,145400,ICICI Prudential Ultra Short Term Fund - Direct Plan - Weekly IDCW,10.0899
2026-09-28,145402,ICICI Prudential Ultra Short Term Fund - Weekly IDCW,10.0732
2026-09-28,145404,ICICI Prudential Ultra Short Term Fund - Direct Plan - Daily IDCW,10.0007
2026-09-28,145453,DSP Healthcare Fund - Regular Plan - IDCW,26.2260
2026-09-28,145454,DSP Healthcare Fund - Direct Plan - Growth,50.7640
2026-09-28,145455,DSP Healthcare Fund - Direct Plan - IDCW,29.3560
2026-09-28,145456,DSP Healthcare Fund - Regular Plan - Growth,45.2740
2026-09-28,145471,Union Value Fund - Regular Plan - Growth Option,27.57
2026-09-28,145472,Union Value Fund - Regular Plan - IDCW Option,27.57
2026-09-28,145473,Union Value Fund - Direct Plan - Growth Option,29.68
2026-09-28,145474,Union Value Fund - Direct Plan - IDCW Option,29.68
2026-09-28,145481,ADITYA BIRLA SUNLIFE OVERNIGHT FUND-REGULAR PLAN-GROWTH,1480.2121
2026-09-28,145482,ADITYA BIRLA SUN LIFE OVERNIGHT FUND-  Regular - Weekly Reinvestment of IDCW option,1000.4245
2026-09-28,145483,ADITYA BIRLA SUN LIFE OVERNIGHT FUND- Regular - Daily Reinvestment of IDCW,1000.0200
2026-09-28,145485,ADITYA BIRLA SUN LIFE OVERNIGHT FUND- Regular- Monthly Payout of IDCW option,1000.4239
2026-09-28,145486,ADITYA BIRLA SUN LIFE OVERNIGHT FUND-DIRECT PLAN-GROWTH,1493.6470
2026-09-28,145487,ADITYA BIRLA SUN LIFE OVERNIGHT FUND- Direct - Daily Reinvestment of IDCW,1000.0200
2026-09-28,145488,ADITYA BIRLA SUN LIFE OVERNIGHT FUND-  Direct - Monthly Payout of IDCW,1000.4335
2026-09-28,145489,ADITYA BIRLA SUN LIFE OVERNIGHT FUND-  Direct - Weekly Reinvestment of IDCW,1001.4124
2026-09-28,145535,ICICI Prudential Overnight Fund - Growth,1478.6474
2026-09-28,145536,ICICI Prudential Overnight Fund - Direct Plan - Growth,1488.2291
2026-09-28,145537,ICICI Prudential Overnight Fund - Direct Plan - Daily IDCW,1000.0050
2026-09-28,145538,ICICI Prudential Overnight Fund - Weekly IDCW,1000.9595
2026-09-28,145539,ICICI Prudential Overnight Fund - Direct Plan - Weekly IDCW,1000.9702
2026-09-28,145547,ICICI Prudential Overnight Fund - Daily IDCW,1000.0050
2026-09-28,145551,Motilal Oswal Nasdaq 100 Fund of Fund- Regular Plan Growth,66.2990
2026-09-28,145552,Motilal Oswal Nasdaq 100 Fund of Fund- Direct Plan Growth,68.3183
2026-09-28,145589,Groww Dynamic Term Fund (formerly known as Indiabulls Dynamic Bond Fund) - Direct Plan - Growth option,1578.5838
2026-09-28,145590,Groww Dynamic Term Fund (formerly known as Indiabulls Dynamic Bond Fund) - Regular Plan - Growth option,1496.3354
2026-09-28,145591,Groww Dynamic Term Fund (formerly known as Indiabulls Dynamic Bond Fund)- Direct Plan- Monthly - Income Distribution cum capital withdrawal Option (Payout & Reinvestment),1011.4555
2026-09-28,145592,Groww Dynamic Term Fund (formerly known as Indiabulls Dynamic Bond Fund)- Regular Plan- Monthly - Income Distribution cum capital withdrawal Option (Payout & Reinvestment),1011.1154
2026-09-28,145593,Groww Dynamic Term Fund (formerly known as Indiabulls Dynamic Bond Fund)- Regular Plan- - Income Distribution cum capital withdrawal Option ( Reinvestment),1017.8505
2026-09-28,145594,Groww Dynamic Term Fund (formerly known as Indiabulls Dynamic Bond Fund)- Regular Plan- Weekly - Income Distribution cum capital withdrawal Option (Payout & Reinvestment),1014.7436
2026-09-28,145595,Groww Dynamic Term Fund (formerly known as Indiabulls Dynamic Bond Fund)- Direct Plan- Fortnightly - Income Distribution cum capital withdrawal Option (Payout & Reinvestment),1020.3724
2026-09-28,145596,Groww Dynamic Term Fund (formerly known as Indiabulls Dynamic Bond Fund)- Direct Plan- - Income Distribution cum capital withdrawal Option ( Reinvestment),1015.3385
2026-09-28,145597,Groww Dynamic Term Fund (formerly known as Indiabulls Dynamic Bond Fund)- Direct Plan- Weekly - Income Distribution cum capital withdrawal Option (Payout & Reinvestment),1015.161
2026-09-28,145598,Groww Dynamic Term Fund (formerly known as Indiabulls Dynamic Bond Fund)- Regular Plan- Fortnightly - Income Distribution cum capital withdrawal Option (Payout & Reinvestment),1016.4441
2026-09-28,145599,Groww Aggressive Hybrid Fund (formerly known as Indiabulls Equity Hybrid Fund) - Direct Plan - Growth option,22.5938
2026-09-28,145600,Groww Aggressive Hybrid Fund (formerly known as Indiabulls Equity Hybrid Fund)- Direct Plan- - Income Distribution cum capital withdrawal Option (Payout & Reinvestment),22.3952
2026-09-28,145601,Groww Aggressive Hybrid Fund (formerly known as Indiabulls Equity Hybrid Fund)- Direct Plan- Quarterly - Income Distribution cum capital withdrawal Option (Payout & Reinvestment),22.1296
2026-09-28,145602,Groww Aggressive Hybrid Fund (formerly known as Indiabulls Equity Hybrid Fund)- Direct Plan- Half Yearly - Income Distribution cum capital withdrawal Option (Payout & Reinvestment),21.719
2026-09-28,145603,Groww Aggressive Hybrid Fund (formerly known as Indiabulls Equity Hybrid Fund)- Regular Plan- - Income Distribution cum capital withdrawal Option (Payout & Reinvestment),19.9657
2026-09-28,145604,Groww Aggressive Hybrid Fund (formerly known as Indiabulls Equity Hybrid Fund)- Regular Plan- Monthly - Income Distribution cum capital withdrawal Option (Payout & Reinvestment.,19.9669
2026-09-28,145605,Groww Aggressive Hybrid Fund (formerly known as Indiabulls Equity Hybrid Fund) - Regular Plan - Growth option,19.9686
2026-09-28,145606,Groww Aggressive Hybrid Fund (formerly known as Indiabulls Equity Hybrid Fund)- Direct Plan- Monthly - Income Distribution cum capital withdrawal Option (Payout & Reinvestment),22.3596
2026-09-28,145607,Groww Aggressive Hybrid Fund (formerly known as Indiabulls Equity Hybrid Fund)- Regular Plan- Quarterly - Income Distribution cum capital withdrawal Option (Payout & Reinvestment),21.1655
2026-09-28,145608,Groww Aggressive Hybrid Fund (formerly known as Indiabulls Equity Hybrid Fund)- Regular Plan- Half Yearly - Income Distribution cum capital withdrawal Option (Payout & Reinvestment),19.9217
2026-09-28,145633,Mirae Asset Nifty 50 ETF,248.0836
2026-09-28,145648,SBI Nifty 200 Quality 30 ETF,210.3602
2026-09-28,145675,BANK OF INDIA Small Cap Fund Direct Plan IDCW,49.35
2026-09-28,145676,BANK OF INDIA Small Cap Fund Regular Plan IDCW,42.35
2026-09-28,145677,BANK OF INDIA Small Cap Fund Regular Plan Growth,58.09
2026-09-28,145678,BANK OF INDIA Small Cap Fund Direct Plan Growth,65.91
2026-09-28,145693,Mirae Asset Equity Savings Fund - Direct Plan - Growth,22.836
2026-09-28,145694,Mirae Asset Equity Savings Fund - Direct Plan - IDCW,13.657
2026-09-28,145695,Mirae Asset Equity Savings Fund - Regular Plan - Growth,21.078
2026-09-28,145696,Mirae Asset Equity Savings Fund - Regular Plan - IDCW,12.476
2026-09-28,145723,Tata Arbitrage Fund-Regular Plan-Growth,15.4149
2026-09-28,145724,Tata Arbitrage Fund-Direct Plan-Growth,16.3718
2026-09-28,145725,TATA Arbitrage Fund Direct Plan - Monthly Reinvestment of Income Distribution cum capital withdrawal option,15.7281
2026-09-28,145726,TATA Arbitrage Fund Regular Plan - Monthly Reinvestment of Income Distribution cum capital withdrawal option,14.7349
2026-09-28,145727,TATA Arbitrage Fund Direct Plan - Monthly Payout of Income Distribution cum capital withdrawal option,15.7281
2026-09-28,145728,TATA Arbitrage Fund Regular Plan - Monthly Payout of Income Distribution cum capital withdrawal option,14.7349
2026-09-28,145801,Tata Nifty 50 Exchange Traded Fund,248.2135
2026-09-28,145810,Nippon India Overnight Fund - Direct Plan - Growth Option,148.3709
2026-09-28,145811,Nippon India Overnight Fund - Regular Plan - Growth Option,147.3216
2026-09-28,145812,NIPPON INDIA OVERNIGHT FUND - DIRECT Plan - DAILY IDCW Option,100.0050
2026-09-28,145819,Shriram ELSS Tax Saver Fund - Direct Growth,22.6672
2026-09-28,145820,Shriram ELSS Tax Saver Fund - Regular Growth,19.796
2026-09-28,145821,Shriram ELSS Tax Saver Fund - Regular-IDCW,19.7986
2026-09-28,145822,Shriram ELSS Tax Saver Fund - Direct- IDCW,22.4846
2026-09-28,145823,NIPPON INDIA OVERNIGHT FUND - DIRECT Plan - WEEKLY IDCW Option,100.0471
2026-09-28,145824,NIPPON INDIA OVERNIGHT FUND - DIRECT Plan - MONTHLY IDCW Option,100.1634
2026-09-28,145825,NIPPON INDIA OVERNIGHT FUND - DIRECT Plan - QUARTERLY IDCW Option,100.4150
2026-09-28,145826,NIPPON INDIA OVERNIGHT FUND - WEEKLY IDCW Option,100.0463
2026-09-28,145827,NIPPON INDIA OVERNIGHT FUND - MONTHLY IDCW Option,100.1538
2026-09-28,145830,NIPPON INDIA OVERNIGHT FUND - DAILY IDCW Option,100.0050
2026-09-28,145833,NIPPON INDIA OVERNIGHT FUND - QUARTERLY IDCW Option,100.4103
2026-09-28,145834,Motilal Oswal Liquid Fund - Direct Growth,14.9861
2026-09-28,145881,Aditya Birla Sunlife Nifty Next 50 ETF,74.1171
2026-09-28,145890,LIC MF Arbitrage Fund-Regular Plan-Growth,14.8186
2026-09-28,145891,LIC MF Arbitrage Fund-Direct Plan-Weekly IDCW,14.6745
2026-09-28,145892,LIC MF Arbitrage Fund-Regular Plan-Monthly IDCW,14.4778
2026-09-28,145893,LIC MF Arbitrage Fund-Regular Plan-Weekly IDCW,14.3856
2026-09-28,145894,LIC MF Arbitrage Fund-Direct Plan-Monthly IDCW,13.9554
2026-09-28,145895,LIC MF Arbitrage Fund-Direct Plan-Growth,15.6162
2026-09-28,145896,ICICI Prudential India Opportunities Fund - Cumulative Option,34.76
2026-09-28,145897,ICICI Prudential India Opportunities Fund - Direct Plan - Cumulative Option,38.27
2026-09-28,145898,ICICI Prudential India Opportunities Fund - Direct Plan - IDCW Option,23.35
2026-09-28,145899,ICICI Prudential India Opportunities Fund - IDCW Option,20.29
2026-09-28,145946,Motilal Oswal Liquid Fund - Regular Growth,14.8031
2026-09-28,145951,LIC MF Short Term Fund-Regular Plan-IDCW,15.435
2026-09-28,145952,LIC MF Short Term Fund-Regular Plan-Growth,15.435
2026-09-28,145953,LIC MF Short Term Fund-Direct Plan-IDCW,16.6657
2026-09-28,145954,LIC MF Short Term Fund-Direct Plan-Growth,16.6657
2026-09-28,145963,WhiteOak Capital Liquid Fund- Regular plan-Daily Reinvestment of Income Distribution cum capital withdrawal option (IDCW),1001.9023
2026-09-28,145964,WhiteOak Capital Liquid Fund- Regular plan-Weekly Payout/ Reinvestment of Income Distribution cum capital withdrawal option (IDCW),1002.4892
2026-09-28,145965,WhiteOak Capital Liquid Fund- Regular plan-Fortnightly Payout/ Reinvestment of Income Distribution cum capital withdrawal option (IDCW),1003.3466
2026-09-28,145966,WhiteOak Capital Liquid Fund- Direct plan-Fortnightly Payout/ Reinvestment of Income Distribution cum capital withdrawal option (IDCW),1002.2221
2026-09-28,145967,WhiteOak Capital Liquid Fund- Direct plan-Monthly  Payout/ Reinvestment of Income Distribution cum capital withdrawal option (IDCW),1003.9391
2026-09-28,145968,WhiteOak Capital Liquid Fund- Regular plan-Growth Option,1513.0611
2026-09-28,145969,WhiteOak Capital Liquid Fund- Direct plan-Daily Reinvestment of Income Distribution cum capital withdrawal option (IDCW),1001.9025
2026-09-28,145970,WhiteOak Capital Liquid Fund- Direct plan-Weekly Payout/ Reinvestment of Income Distribution cum capital withdrawal option (IDCW),1002.5492
2026-09-28,145971,WhiteOak Capital Liquid Fund- Direct plan-Growth Option,1524.0606
2026-09-28,145972,WhiteOak Capital Liquid Fund- Regular plan-Monthly Payout/ Reinvestment of Income Distribution cum capital withdrawal option (IDCW),1003.4983
2026-09-28,146005,TATA Balanced Advantage Fund Regular Plan - Payout of Income Distribution cum capital withdrawal option,19.3805
2026-09-28,146006,TATA Balanced Advantage Fund Direct Plan - Payout of Income Distribution cum capital withdrawal option,21.8858
2026-09-28,146007,Tata Balanced Advantage Fund-Regular Plan-Growth,20.2009
2026-09-28,146008,TATA Balanced Advantage Fund Direct Plan - Reinvestment of Income Distribution cum capital withdrawal option,21.8858
2026-09-28,146009,TATA Balanced Advantage Fund Regular Plan - Reinvestment of Income Distribution cum capital withdrawal option,19.3805
2026-09-28,146010,Tata Balanced Advantage Fund-Direct Plan-Growth,22.7094
2026-09-28,146061,DSP Overnight Fund - Regular Plan - Growth,1470.3104
2026-09-28,146062,DSP Overnight Fund - Direct Plan - Growth,1479.3564
2026-09-28,146063,DSP Overnight Fund - Regular Plan - IDCW - Weekly,1001.5700
2026-09-28,146065,DSP Overnight Fund - Direct Plan - IDCW - Daily,1000.0099
2026-09-28,146066,DSP Overnight Fund - Regular Plan - IDCW - Daily,1000.0099
2026-09-28,146067,TATA Ultra Short Term Fund-Direct Plan - Weekly Payout of Income Distribution cum capital withdrawal option,10.4095
2026-09-28,146068,TATA Ultra Short Term Fund Direct Plan - Weekly Reinvestment of Income Distribution cum capital withdrawal option,10.4095
2026-09-28,146069,TATA Ultra Short Term Fund-Direct Plan - Monthly Payout of Income Distribution cum capital withdrawal option,16.2201
2026-09-28,146070,Tata Ultra Short Term Fund-Regular Plan-Growth,15.2494
2026-09-28,146071,TATA Ultra Short Term Fund-Regular Plan - Weekly Payout of Income Distribution cum capital withdrawal option,10.3814
2026-09-28,146072,TATA Ultra Short Term Fund-Regular Plan - Monthly Payout of Income Distribution cum capital withdrawal option,15.2560
2026-09-28,146073,TATA Ultra Short Term Fund Regular Plan - Monthly Reinvestment of Income Distribution cum capital withdrawal option,15.2560
2026-09-28,146074,TATA Ultra Short Term Fund Regular Plan -Weekly Reinvestment of Income Distribution cum capital withdrawal option,10.3814
2026-09-28,146075,Tata Ultra Short Term Fund-Direct Plan-Growth,16.1985
2026-09-28,146076,TATA Ultra Short Term Fund Direct Plan - Monthly Reinvestment of Income Distribution cum capital withdrawal option,16.2201
2026-09-28,146127,CANARA ROBECO SMALL CAP FUND - REGULAR PLAN - GROWTH OPTION,39.9400
2026-09-28,146128,CANARA ROBECO SMALL CAP FUND - REGULAR PLAN - IDCW (Payout/Reinvestment),32.4800
2026-09-28,146130,CANARA ROBECO SMALL CAP FUND - DIRECT PLAN - GROWTH OPTION,44.7500
2026-09-28,146131,CANARA ROBECO SMALL CAP FUND - DIRECT PLAN - IDCW (Payout/Reinvestment),36.8200
2026-09-28,146138,Kotak Overnight Fund-Regular Plan- Daily Reinvestment of Income Distribution cum capital withdrawal option,1004.7568
2026-09-28,146140,Kotak Overnight Fund-Direct Plan- Daily Reinvestment of Income Distribution cum capital withdrawal option,1003.6055
2026-09-28,146141,Kotak Overnight Fund -Direct Plan-Growth Option,1473.5732
2026-09-28,146142,Kotak Overnight Fund -Regular plan-Growth Option,1463.1726
2026-09-28,146183,BANDHAN Overnight Fund - Direct Plan - Monthly IDCW,1004.1532
2026-09-28,146184,BANDHAN Overnight Fund - Direct Plan - Periodic IDCW,1342.2758
2026-09-28,146185,BANDHAN Overnight Fund - Regular Plan - Monthly IDCW,1004.0987
2026-09-28,146186,BANDHAN Overnight Fund - REGULAR PLAN PERIODIC IDCW,1336.6716
2026-09-28,146187,BANDHAN Overnight Fund - Regular Plan - Growth,1460.8209
2026-09-28,146188,BANDHAN Overnight Fund - Regular Plan - Daily IDCW,1000.0098
2026-09-28,146189,BANDHAN Overnight Fund - Regular Plan - Weekly IDCW,1001.3477
2026-09-28,146190,BANDHAN Overnight Fund - Direct Plan - Daily IDCW,1000.0098
2026-09-28,146191,BANDHAN Overnight Fund - Direct Plan - Growth,1472.9338
2026-09-28,146192,BANDHAN Overnight Fund - Direct Plan - Weekly IDCW,1000.4333
2026-09-28,146193,Edelweiss Small Cap Fund - Regular Plan - Growth,46.403
2026-09-28,146194,Edelweiss Small Cap Fund - Regular Plan - IDCW Option,40.323
2026-09-28,146196,Edelweiss Small Cap Fund - Direct Plan - Growth,52.133
2026-09-28,146197,Edelweiss Small Cap Fund - Direct Plan - IDCW Option,45.608
2026-09-28,146207,SBI Corporate Bond Fund - Regular Plan - Growth,16.4234
2026-09-28,146208,SBI Corporate Bond Fund - Regular Plan - Monthly Income Distribution cum Capital Withdrawal Option (IDCW),15.4995
2026-09-28,146210,SBI Corporate Bond Fund - Regular Plan - Quarterly Income Distribution cum Capital Withdrawal Option (IDCW),15.9571
2026-09-28,146212,SBI Corporate Bond Fund - Direct Plan - Monthly Income Distribution cum Capital Withdrawal Option (IDCW),16.0516
2026-09-28,146215,SBI Corporate Bond Fund - Direct Plan - Growth,17.0056
2026-09-28,146216,SBI Corporate Bond Fund - Direct Plan - Quarterly Income Distribution cum Capital Withdrawal Option (IDCW),16.5318
2026-09-28,146218,Motilal Oswal Liquid Fund Direct - IDCW  Quarterly Payout/Reinvestment,10.4077
2026-09-28,146220,Motilal Oswal Liquid Fund Regular - IDCW Monthly Payout/Reinvestment,10.0346
2026-09-28,146222,Motilal Oswal Liquid Fund Regular - IDCW Quarterly Payout/Reinvestment,10.3923
2026-09-28,146223,Motilal Oswal Liquid Fund Direct - IDCW Monthly Payout/Reinvestment,10.0348
2026-09-28,146224,Motilal Oswal Liquid Fund Regular - IDCW Weekly Reinvestment,10.0176
2026-09-28,146226,Motilal Oswal Liquid Fund Direct - IDCW Fortnightly Reinvestment,10.0136
2026-09-28,146227,Motilal Oswal Liquid Fund Regular - IDCW Daily Reinvestment,10.0055
2026-09-28,146228,Motilal Oswal Liquid Fund Direct - IDCW Reinvestment,10.0077
2026-09-28,146229,Motilal Oswal Liquid Fund Direct - IDCW Weekly Reinvestment,10.0106
2026-09-28,146230,Motilal Oswal Liquid Fund Regular - IDCW Fortnightly Reinvestment,10.0088
2026-09-28,146271,Nippon India ETF Nifty Midcap 150,228.3942
2026-09-28,146294,Union Arbitrage Fund - Regular Plan - Growth Option,15.0474
2026-09-28,146295,Union Arbitrage Fund - Regular Plan - IDCW Option,14.6927
2026-09-28,146296,Union Arbitrage Fund - Direct Plan - IDCW Option,15.3173
2026-09-28,146297,Union Arbitrage Fund - Direct Plan - Growth Option,15.6896
2026-09-28,146346,ICICI Prudential Retirement Fund - Pure Equity - Growth Option,34.11
2026-09-28,146347,ICICI Prudential Retirement Fund - Pure Equity - IDCW Option,34.12
2026-09-28,146348,ICICI Prudential Retirement Fund - Pure Equity - Direct Plan - IDCW Option,38.19
2026-09-28,146349,ICICI Prudential Retirement Fund - Pure Equity - Direct Plan - Growth Option,38.20
2026-09-28,146376,DSP Nifty 50 Index Fund - Direct Plan - Growth,22.5095
2026-09-28,146377,DSP Nifty 50 Index Fund - Direct Plan - IDCW,19.2605
2026-09-28,146378,DSP Nifty 50 Index Fund - Regular Plan - IDCW,18.0812
2026-09-28,146379,DSP Nifty 50 Index Fund - Regular Plan - Growth,22.1730
2026-09-28,146380,DSP Nifty Next 50 Index Fund - Regular Plan - Growth,27.1884
2026-09-28,146381,DSP Nifty Next 50 Index Fund - Direct Plan - Growth,27.8997
2026-09-28,146382,DSP Nifty Next 50 Index Fund - Direct Plan - IDCW,22.8535
2026-09-28,146383,DSP Nifty Next 50 Index Fund - Regular Plan - IDCW,22.2908
2026-09-28,146388,UTI - BSE Sensex Next 50 Exchange Traded Fund,90.3437
2026-09-28,146405,ADITYA BIRLA SUN LIFE BAL BHAVISHYA YOJNA- Regular - IDCW,16.49
2026-09-28,146407,ADITYA BIRLA SUN LIFE BAL BHAVISHYA YOJNA DIRECT GROWTH,22.83
2026-09-28,146408,ADITYA BIRLA SUN LIFE BAL BHAVISHYA YOJNA- Direct - IDCW,18.62
2026-09-28,146409,ADITYA BIRLA SUN LIFE BAL BHAVISHYA YOJNA REGULAR GROWTH,20.21
2026-09-28,146455,Invesco India Equity Savings Fund - Regular Plan - IDCW (Payout / Reinvestment),16.5433
2026-09-28,146456,Invesco India Equity Savings Fund - Regular Plan - Growth,16.5442
2026-09-28,146457,Invesco India Equity Savings Fund - Direct Plan - Growth,18.7455
2026-09-28,146458,Invesco India Equity Savings Fund - Direct Plan - IDCW (Payout / Reinvestment),18.6903
2026-09-28,146512,NIPPON INDIA NIFTY NEXT 50 JUNIOR BEES FOF - IDCW Option,26.1507
2026-09-28,146513,Nippon India Nifty Next 50 Junior BeES FoF - Direct Plan - Growth Plan - Growth Option,26.6003
2026-09-28,146514,Nippon India Nifty Next 50 Junior BeES FoF - Growth Plan - Growth Option,26.1507
2026-09-28,146515,NIPPON INDIA NIFTY NEXT 50 JUNIOR BEES FOF - DIRECT Plan - IDCW Option,26.6003
2026-09-28,146548,Mahindra Manulife Large Cap Fund - Regular Plan - IDCW,13.9788
2026-09-28,146549,Mahindra Manulife Large Cap Fund - Direct Plan -Growth,23.9687
2026-09-28,146550,Mahindra Manulife Large Cap Fund - Direct Plan - IDCW,16.6987
2026-09-28,146551,Mahindra Manulife Large Cap Fund - Regular Plan - Growth,20.9560
2026-09-28,146574,Aditya Birla Sun Life Retirement Fund-The 30s Plan-Regular - Payout of IDCW,16.643
2026-09-28,146575,Aditya Birla Sun Life Retirement Fund-The 30s Plan-Direct Growth,24.677
2026-09-28,146576,Aditya Birla Sun Life Retirement Fund-The 30s Plan-Direct - Payout of IDCW,18.649
2026-09-28,146577,Aditya Birla Sun Life Retirement Fund-The 30s Plan-Regular Growth,22.021
2026-09-28,146641,SBI Equity Minimum Variance Fund - Regular Plan - Income Distribution cum Capital Withdrawal Option (IDCW),22.8348
2026-09-28,146642,SBI Equity Minimum Variance Fund - Direct Plan - Income Distribution cum Capital Withdrawal Option (IDCW),23.4542
2026-09-28,146643,SBI Equity Minimum Variance Fund - Direct Plan - Growth,23.4557
2026-09-28,146644,SBI Equity Minimum Variance Fund - Regular Plan - Growth,22.8312
2026-09-28,146675,Axis Overnight Fund - Direct Plan - Growth Option,1462.0802
2026-09-28,146676,Axis Overnight Fund - Direct Plan - Weekly IDCW,1000.7022
2026-09-28,146677,Axis Overnight Fund - Direct Plan - Monthly IDCW,1001.2598
2026-09-28,146678,Axis Overnight Fund - Regular Plan - Growth Option,1456.4084
2026-09-28,146679,Axis Overnight Fund - Direct Plan - Daily IDCW,1000.5073
2026-09-28,146680,Axis Overnight Fund - Regular Plan - Weekly IDCW,1000.6715
2026-09-28,146681,Axis Overnight Fund - Regular Plan - Monthly IDCW,1001.2513
2026-09-28,146682,Axis Overnight Fund - Regular Plan - Daily IDCW,1000.5032
2026-09-28,146695,BANDHAN Fixed Term Plan Series 179 REGULAR PLAN-GROWTH (3652 days),17.8065
2026-09-28,146699,BANDHAN Fixed Term Plan Series 179 DIRECT PLAN HALF YEARLY-IDCW (3652 days),11.5835
2026-09-28,146701,BANDHAN Fixed Term Plan Series 179 DIRECT PLAN-GROWTH (3652 days),18.1457
2026-09-28,146702,BANDHAN Fixed Term Plan Series 179 REGULAR PLAN PERIODIC-IDCW (3652 days),15.3412
2026-09-28,146716,ICICI Prudential Retirement Fund - Hybrid Conservative - Direct Plan - Growth Option,20.0365
2026-09-28,146717,ICICI Prudential Retirement Fund - Hybrid Conservative - Growth Option,18.1322
2026-09-28,146718,ICICI Prudential Retirement Fund - Hybrid Conservative - Direct Plan - IDCW Option,20.0361
2026-09-28,146719,ICICI Prudential Retirement Fund - Hybrid Conservative - IDCW Option,18.1321
2026-09-28,146720,ICICI Prudential Retirement Fund - Hybrid Aggressive - Direct Plan - IDCW Option,30.67
2026-09-28,146721,ICICI Prudential Retirement Fund - Hybrid Aggressive - Direct Plan - Growth Option,30.67
2026-09-28,146722,ICICI Prudential Retirement Fund - Hybrid Aggressive - Growth Option,27.31
2026-09-28,146723,ICICI Prudential Retirement Fund - Hybrid Aggressive - IDCW Option,27.31
2026-09-28,146724,ICICI Prudential Retirement Fund - Pure Debt - IDCW Option,15.6390
2026-09-28,146725,ICICI Prudential Retirement Fund - Pure Debt - Direct Plan - IDCW Option,17.1630
2026-09-28,146726,ICICI Prudential Retirement Fund - Pure Debt - Growth Option,15.6388
2026-09-28,146727,ICICI Prudential Retirement Fund - Pure Debt - Direct Plan - Growth Option,17.1631
2026-09-28,146769,HSBC Large & Mid Cap Fund - Regular IDCW,19.9509
2026-09-28,146770,HSBC Large & Mid Cap Fund - Direct IDCW,22.2068
2026-09-28,146771,HSBC Large & Mid Cap Fund - Regular Growth,28.8108
2026-09-28,146772,HSBC Large & Mid Cap Fund - Direct Growth,31.8965
2026-09-28,146795,ICICI Prudential Fixed Maturity Plan - Series 85 - 10 Years Plan I - Direct Plan Cumulative Option,18.0790
2026-09-28,146797,ICICI Prudential Fixed Maturity Plan - Series 85 - 10 Years Plan I - Cumulative Option,17.8234
2026-09-28,146800,ICICI Prudential Fixed Maturity Plan - Series 85 - 10 Years Plan I - Quarterly IDCW Option,17.4589
2026-09-28,146927,Aditya Birla Sun Life Retirement Fund-The 40s Plan- Direct - Payout of IDCW,15.859
2026-09-28,146928,Aditya Birla Sun Life Retirement Fund-The 40s Plan-Regular - Payout of IDCW,14.188
2026-09-28,146929,Aditya Birla Sun Life Retirement Fund-The 40s Plan-Regular Plan-Growth,18.774
2026-09-28,146930,Aditya Birla Sun Life Retirement Fund-The 40s Plan-Direct Plan-Growth,20.985
2026-09-28,146937,Aditya Birla Sun Life Retirement Fund-The 50s Plan- Direct - Payout of IDCW,12.5574
2026-09-28,146938,Aditya Birla Sun Life Retirement Fund-The 50s Plan-Regular Plan-Growth,14.9771
2026-09-28,146939,Aditya Birla Sun Life Retirement Fund-The 50s Plan- Regular - Payout of IDCW,11.3233
2026-09-28,146940,Aditya Birla Sun Life Retirement Fund-The 50s Plan-Direct Plan-Growth,16.6100
2026-09-28,146941,Aditya Birla Sun Life Retirement Fund-The 50s Plus-Debt Plan-Regular Plan-Growth,13.5647
2026-09-28,146942,Aditya Birla Sun Life Retirement Fund-The 50s Plus-Debt Plan - Regular - Payout of IDCW,10.4806
2026-09-28,146943,Aditya Birla Sun Life Retirement Fund-The 50s Plus-Debt Plan-Direct Plan-Growth,14.9110
2026-09-28,146944,Aditya Birla Sun Life Retirement Fund-The 50s Plus-Debt Plan - Direct - Payout of IDCW,11.5190
2026-09-28,146949,ICICI Prudential Bharat Consumption Fund - Direct Plan - IDCW Option,16.80
2026-09-28,146950,ICICI Prudential Bharat Consumption Fund - Growth Option,24.10
2026-09-28,146951,ICICI Prudential Bharat Consumption Fund - Direct Plan - Growth Option,26.17
2026-09-28,146952,ICICI Prudential Bharat Consumption Fund - IDCW Option,14.98
2026-09-28,146957,Sundaram Overnight Fund Direct Plan - Monthly Reinvestment of Income Distribution cum Capital Withdrawal (IDCW),1060.0534
2026-09-28,146959,Sundaram Overnight Fund Regular Plan - Growth,1456.0038
2026-09-28,146960,Sundaram Overnight Fund Regular Plan - Monthly Payout of Income Distribution cum Capital Withdrawal (IDCW),1054.5577
2026-09-28,146961,Sundaram Overnight Fund Regular Plan - Monthly Reinvestment of Income Distribution cum Capital Withdrawal (IDCW),1054.5577
2026-09-28,146962,Sundaram Overnight Fund Direct Plan - Monthly Payout of Income Distribution cum Capital Withdrawal (IDCW),1060.0534
2026-09-28,146963,Sundaram Overnight Fund Direct Plan - Growth,1466.7123
2026-09-28,146973,SBI Fixed Maturity Plan (FMP) - Series 1 (3668 Days) - Regular Plan - Income Distribution cum Capital Withdrawal Option (IDCW),17.5070
2026-09-28,146974,SBI Fixed Maturity Plan (FMP) - Series 1 (3668 Days) - Direct Plan - Growth,17.7349
2026-09-28,146975,SBI Fixed Maturity Plan (FMP) - Series 1 (3668 Days) - Direct Plan - Income Distribution cum Capital Withdrawal Option (IDCW),17.7529
2026-09-28,146976,SBI Fixed Maturity Plan (FMP) - Series 1 (3668 Days) - Regular Plan - Growth,17.5071
2026-09-28,146977,Tata Overnight Fund-Regular Plan-Growth,1445.7108
2026-09-28,146978,TATA Overnight Fund Direct Plan - Daily Reinvestment of Income Distribution cum capital withdrawal option,1000.0000
2026-09-28,146979,TATA Overnight Fund Regular Plan - Daily Reinvestment of Income Distribution cum capital withdrawal option,1000.0000
2026-09-28,146980,Tata Overnight Fund-Direct Plan-Growth,1458.1433
2026-09-28,146997,Union Overnight Fund - Regular Plan - Growth Option,1443.0873
2026-09-28,146998,Union Overnight Fund - Regular Plan - Daily IDCW Option,1001.2621
2026-09-28,147000,Union Overnight Fund - Regular Plan - Monthly IDCW Option,1001.0472
2026-09-28,147002,Union Overnight Fund - Direct Plan - Daily IDCW Option,1000.8090
2026-09-28,147003,Union Overnight Fund - Direct Plan - Growth Option,1453.8285
2026-09-28,147006,Union Overnight Fund - Direct Plan - Monthly IDCW Option,1001.0584
2026-09-28,147095,NIPPON INDIA FIXED MATURITY  PLAN - XLI - SERIES 8 - DIRECT Plan - IDCW Option,17.7730
2026-09-28,147096,NIPPON INDIA FIXED MATURITY PLAN  - XLI - SERIES 8 - IDCW Option,17.3839
2026-09-28,147097,Nippon India Fixed Maturity Plan XLI - Series 8 - Growth Option,17.3839
2026-09-28,147098,Nippon India Fixed Maturity Plan XLI - Series 8 - Direct Plan - Growth Option,17.7730
2026-09-28,147128,UTI Ultra Short Term Fund - Direct Plan - Half-Yearly IDCW,1562.3145
2026-09-28,147153,ITI Liquid Fund - Regular Plan - Growth Option,1462.1975
2026-09-28,147154,ITI Liquid Fund - Regular Plan - Daily IDCW Option,1000.9999
2026-09-28,147155,ITI Liquid Fund - Regular Plan - Fortnightly Income Distribution cum capital withdrawal option Option,1001.2682
2026-09-28,147156,ITI Liquid Fund - Regular Plan - Monthly IDCW Option,1000.7692
2026-09-28,147157,ITI Liquid Fund - Direct Plan - Growth Option,1477.0041
2026-09-28,147158,ITI Liquid Fund - Direct Plan - Daily IDCW Option,1000.9945
2026-09-28,147159,ITI Liquid Fund - Direct Plan - Weekly IDCW Option,1001.6935
2026-09-28,147161,ITI Liquid Fund - Direct Plan - Annually IDCW Option,1478.9647
2026-09-28,147162,ITI Liquid Fund - Regular Plan - Annually IDCW Option,1471.9264
2026-09-28,147163,ITI Liquid Fund - Direct Plan - Monthly IDCW Option,1001.2719
2026-09-28,147164,ITI Liquid Fund - Regular Plan - Weekly IDCW Option,1001.6775
2026-09-28,147183,ITI Multi Cap Fund - Direct Plan - Growth Option,29.5125
2026-09-28,147184,ITI Multi Cap Fund - Regular Plan - Growth Option,25.6570
2026-09-28,147185,ITI Multi Cap Fund - Regular Plan - IDCW Option,22.4429
2026-09-28,147186,ITI Multi Cap Fund - Direct Plan - IDCW Option,26.1092
2026-09-28,147193,Baroda BNP Paribas Overnight Fund - Regular Plan - Growth,1443.7723
2026-09-28,147194,Baroda BNP Paribas Overnight Fund - Regular Plan - Daily IDCW,1000.0018
2026-09-28,147195,Baroda BNP Paribas Overnight Fund - Direct Plan - Weekly IDCW,1000.9443
2026-09-28,147196,Baroda BNP Paribas Overnight Fund - Direct Plan - Growth,1450.7844
2026-09-28,147197,Baroda BNP Paribas Overnight Fund - Direct Plan - Daily IDCW,1000.0028
2026-09-28,147198,Baroda BNP Paribas Overnight Fund - Regular Plan - Weekly IDCW,1001.4226
2026-09-28,147203,Mirae Asset Focused Fund - Regular Plan - Growth,24.486
2026-09-28,147204,Mirae Asset Focused Fund - Regular Plan - IDCW,22.510
2026-09-28,147205,Mirae Asset Focused Fund - Direct Plan - IDCW,24.851
2026-09-28,147206,Mirae Asset Focused Fund - Direct Plan - Growth,27.018
2026-09-28,147211,Franklin India Overnight Fund - Direct Weekly Dividend Plan - Weekly - IDCW,1000.1375
2026-09-28,147212,Franklin India Overnight Fund - Direct Daily Dividend Plan - Daily - IDCW,1000.0007
2026-09-28,147213,Franklin India Overnight fund- Growth,1435.7638
2026-09-28,147214,Franklin India Overnight Fund- Growth - Direct,1440.9198
2026-09-28,147215,Franklin India Overnight Fund - Daily Dividend Plan - Daily - IDCW,1000.0001
2026-09-28,147216,Franklin India Overnight Fund - Weekly Dividend Plan - Weekly - IDCW,1000.1400
2026-09-28,147247,SBI Fixed Maturity Plan (FMP) - Series 6 (3668 Days) - Regular Plan - Growth,16.9449
2026-09-28,147248,SBI Fixed Maturity Plan (FMP) - Series 6 (3668 Days) - Direct Plan - Growth,17.2448
2026-09-28,147249,SBI Fixed Maturity Plan (FMP) - Series 6 (3668 Days) - Direct Plan - Income Distribution cum Capital Withdrawal Option (IDCW),17.2451
2026-09-28,147250,SBI Fixed Maturity Plan (FMP) - Series 6 (3668 Days) - Regular Plan - Income Distribution cum Capital Withdrawal Option (IDCW),16.9469
2026-09-28,147265,Kotak Floating Interest Rates Fund -REGULAR PLAN-STANDARD Reinvestment of Income Distribution cum capital withdrawal option,1444.018
2026-09-28,147266,Kotak Floating Interest Rates Fund -REGULAR PLAN-GROWTH OPTION,1620.2703
2026-09-28,147267,Kotak Floating Interest Rates Fund -DIRECT PLAN-Standard Reinvestment of Income Distribution cum capital withdrawal option,1451.8483
2026-09-28,147269,Kotak Floating Interest Rates Fund - Direct Plan - Growth Option,1666.6529
2026-09-28,147287,HSBC Overnight Fund - Direct Growth,1445.2265
2026-09-28,147288,HSBC Overnight Fund - Regular Weekly IDCW,1000.8546
2026-09-28,147289,HSBC Overnight Fund - Regular Daily IDCW,1000.0149
2026-09-28,147290,HSBC Overnight Fund - Regular Growth,1432.6017
2026-09-28,147291,HSBC Overnight Fund - Direct Daily IDCW,1000.0149
2026-09-28,147296,HSBC Overnight Fund - Direct Weekly IDCW,1000.8514
2026-09-28,147300,HSBC Overnight Fund - Direct Monthly IDCW,1000.4165
2026-09-28,147301,HSBC Overnight Fund - Regular Monthly IDCW,1000.4112
2026-09-28,147303,DSP Quant Fund - Regular Plan - Growth,20.5360
2026-09-28,147304,DSP Quant Fund - Direct Plan - IDCW,16.5460
2026-09-28,147305,DSP Quant Fund - Regular Plan - IDCW,15.5950
2026-09-28,147306,DSP Quant Fund - Direct Plan - Growth,21.6660
2026-09-28,147307,WhiteOak Capital Ultra Short Term Fund- Regular plan-Growth Option,1461.0195
2026-09-28,147308,WhiteOak Capital Ultra Short Term Fund- Regular plan-Daily Reinvestment of Income Distribution cum capital withdrawal option (IDCW),1004.9926
2026-09-28,147309,WhiteOak Capital Ultra Short Term Fund- Regular plan-Fortnightly Payout/ Reinvestment of Income Distribution cum capital withdrawal option (IDCW),1005.1036
2026-09-28,147310,WhiteOak Capital Ultra Short Term Fund- Regular plan-Weekly Payout/ Reinvestment of Income Distribution cum capital withdrawal option (IDCW),1006.6630
2026-09-28,147311,WhiteOak Capital Ultra Short Term Fund- Direct plan-Growth Option,1522.4316
2026-09-28,147312,WhiteOak Capital Ultra Short Term Fund- Direct plan-Monthly Payout/ Reinvestment of Income Distribution cum capital withdrawal option (IDCW),1007.3911
2026-09-28,147313,WhiteOak Capital Ultra Short Term Fund- Direct plan-Weekly Payout/ Reinvestment of Income Distribution cum capital withdrawal option (IDCW),1005.3530
2026-09-28,147314,WhiteOak Capital Ultra Short Term Fund- Regular plan-Monthly Payout/ Reinvestment of Income Distribution cum capital withdrawal option (IDCW),1006.0930
2026-09-28,147315,WhiteOak Capital Ultra Short Term Fund- Direct plan-Fortnightly Payout/ Reinvestment of Income Distribution cum capital withdrawal option (IDCW),1005.1982
2026-09-28,147316,WhiteOak Capital Ultra Short Term Fund- Direct plan-Daily Reinvestment of Income Distribution cum capital withdrawal option (IDCW),1004.9898
2026-09-28,147345,ICICI Prudential MNC Fund - Growth Option,29.45
2026-09-28,147346,ICICI Prudential MNC Fund - Direct Plan - Growth Option,32.27
2026-09-28,147347,ICICI Prudential MNC Fund - Direct Plan - IDCW Option,19.35
2026-09-28,147348,ICICI Prudential MNC Fund - IDCW Option,17.00
2026-09-28,147371,QUANTUM ESG BEST IN CLASS STRATEGY FUND - REGULAR PLAN - GROWTH OPTION,22.36
2026-09-28,147372,QUANTUM ESG BEST IN CLASS STRATEGY FUND - DIRECT PLAN - GROWTH OPTION,24.00
2026-09-28,147373,Baroda BNP Paribas Money Market Fund - Direct Plan - Monthly IDCW,1039.2071
2026-09-28,147376,Baroda BNP Paribas Money Market Fund - Regular Plan - Monthly IDCW,1018.8003
2026-09-28,147377,Baroda BNP Paribas Money Market Fund- Direct Plan - Growth,1516.0554
2026-09-28,147378,Baroda BNP Paribas Money Market Fund - Direct Plan-Daily IDCW,1000.0000
2026-09-28,147379,Baroda BNP Paribas Money Market Fund -Direct Plan - Weekly IDCW,1000.7735
2026-09-28,147380,Baroda BNP Paribas Money Market Fund-Regular Plan- Daily IDCW,1005.9752
2026-09-28,147381,Baroda BNP Paribas Money Market Fund-Regular Plan-Weekly IDCW,1000.7361
2026-09-28,147382,Baroda BNP Paribas Money Market Fund-Regular Plan - Growth,1490.2722
2026-09-28,147403,Shriram Balanced Advantage Fund - Direct- IDCW,18.2059
2026-09-28,147404,Shriram Balanced Advantage Fund - Regular-IDCW,16.082
2026-09-28,147405,Shriram Balanced Advantage Fund - Regular Growth,16.0599
2026-09-28,147406,Shriram Balanced Advantage Fund - Direct Growth,18.3646
2026-09-28,147407,Aditya Birla Sun Life Pharma and Healthcare Fund-Regular-Growth,36.14
2026-09-28,147408,Aditya Birla Sun Life Pharma and Healthcare Fund-Regular - Payout of IDCW,23.86
2026-09-28,147409,Aditya Birla Sun Life Pharma and Healthcare Fund-Direct-Growth,40.30
2026-09-28,147410,Aditya Birla Sun Life Pharma and Healthcare Fund-Direct - Payout of IDCW,26.20
2026-09-28,147441,Motilal Oswal Liquid Fund - Unclaimed Dividend- Upto 3 years,14.5969
2026-09-28,147442,Motilal Oswal Liquid Fund - Unclaimed Dividend - Greater than 3 years,10.0000
2026-09-28,147443,Motilal Oswal Liquid Fund - Unclaimed Redemption - Greater than 3 years,10.0000
2026-09-28,147444,Motilal Oswal Liquid Fund - Unclaimed Redemption - Upto 3 years,14.3063
2026-09-28,147445,Mirae Asset Midcap Fund - Direct Plan - Growth,42.336
2026-09-28,147446,Mahindra Manulife Aggressive Hybrid Fund - Direct Plan -Growth,29.3838
2026-09-28,147447,Mahindra Manulife Aggressive Hybrid Fund - Regular Plan - Growth,25.9055
2026-09-28,147448,Mahindra Manulife Aggressive Hybrid Fund - Direct Plan - Monthly IDCW,19.9760
2026-09-28,147449,Mahindra Manulife Aggressive Hybrid Fund - Regular Plan - Monthly IDCW,16.9569
2026-09-28,147450,Groww Overnight Fund (formerly known as Indiabulls Overnight Fund)- Direct Plan- Growth Option,1422.2031
2026-09-28,147451,Groww Overnight Fund (formerly known as Indiabulls Overnight Fund)- Direct Plan- Weekly - Income Distribution cum capital withdrawal Option (Payout & Reinvestment),1002.3136
2026-09-28,147452,Groww Overnight Fund (formerly known as Indiabulls Overnight Fund)- Direct Plan- Fortnightly - Income Distribution cum capital withdrawal Option (Payout & Reinvestment),1215.1835
2026-09-28,147453,Groww Overnight Fund (formerly known as Indiabulls Overnight Fund)- Direct Plan- Monthly - Income Distribution cum capital withdrawal Option (Payout & Reinvestment),1004.8044
2026-09-28,147454,Groww Overnight Fund (formerly known as Indiabulls Overnight Fund)- Regular Plan- Growth Option,1412.4814
2026-09-28,147455,Groww Overnight Fund (formerly known as Indiabulls Overnight Fund)- Regular Plan- - Income Distribution cum capital withdrawal Option ( Reinvestment),1001.0535
2026-09-28,147456,Groww Overnight Fund (formerly known as Indiabulls Overnight Fund)- Regular Plan- Weekly - Income Distribution cum capital withdrawal Option (Payout & Reinvestment),1001.0171
2026-09-28,147457,Groww Overnight Fund (formerly known as Indiabulls Overnight Fund)- Regular Plan- Fortnightly - Income Distribution cum capital withdrawal Option (Payout & Reinvestment),1001.3322
2026-09-28,147458,Groww Overnight Fund (formerly known as Indiabulls Overnight Fund)- Direct Plan- - Income Distribution cum capital withdrawal Option ( Reinvestment),1001.3708
2026-09-28,147459,Groww Overnight Fund (formerly known as Indiabulls Overnight Fund)- Regular Plan- Monthly - Income Distribution cum capital withdrawal Option (Payout & Reinvestment),1004.7197
2026-09-28,147472,Kotak Focused Fund- Regular Plan-Income Distribution cum capital withdrawal option,26.266
2026-09-28,147473,Kotak Focused Fund- Direct Plan- Growth option,29.329
2026-09-28,147475,Kotak Focused Fund-Direct Plan- Income Distribution cum capital withdrawal option,29.33
2026-09-28,147477,Kotak Focused Fund- Regular plan _ Growth Option,26.266
2026-09-28,147478,Mirae Asset Midcap Fund - Direct Plan - IDCW,27.822
2026-09-28,147479,Mirae Asset Midcap Fund - Regular Plan - Growth,38.639
2026-09-28,147480,Mirae Asset Midcap Fund - Regular Plan - IDCW,25.234
2026-09-28,147481,Parag Parikh ELSS Tax Saver Fund- Direct Growth,30.8099
2026-09-28,147482,Parag Parikh ELSS Tax Saver Fund- Regular Growth,28.2883
2026-09-28,147483,ICICI Prudential Nifty Bank ETF,56.0107
2026-09-28,147490,Union Focused Fund - Regular Plan - Growth Option,26.55
2026-09-28,147491,Union Focused Fund - Direct Plan - IDCW Option,25.24
2026-09-28,147492,Union Focused Fund - Direct Plan - Growth Option,28.43
2026-09-28,147493,Union Focused Fund - Regular Plan - IDCW Option,23.37
2026-09-28,147494,Baroda BNP Paribas Equity Savings Fund - Regular Plan - Growth,17.0988
2026-09-28,147495,Baroda BNP Paribas Equity Savings Fund - Regular Plan - IDCW,12.7429
2026-09-28,147496,Baroda BNP Paribas Equity Savings Fund - Direct Plan - Growth,18.4938
2026-09-28,147498,Baroda BNP Paribas Equity Savings Fund - Direct Plan - IDCW,13.7820
2026-09-28,147512,LIC MF Overnight Fund-Regular Plan-IDCW,1255.4398
2026-09-28,147513,LIC MF Overnight Fund-Direct Plan-IDCW,1431.8278
2026-09-28,147514,LIC MF Overnight Fund-Direct Plan-Weekly IDCW,1111.2649
2026-09-28,147515,LIC MF Overnight Fund-Direct Plan-Growth,1431.6545
2026-09-28,147516,LIC MF Overnight Fund-Direct Plan-Daily IDCW,1129.359
2026-09-28,147517,LIC MF Overnight Fund-Regular Plan-Daily IDCW,1128.5044
2026-09-28,147518,LIC MF Overnight Fund-Regular Plan-Weekly IDCW,1179.9539
2026-09-28,147519,LIC MF Overnight Fund-Regular Plan-Growth,1419.5312
2026-09-28,147530,ICICI Prudential Nifty Private Bank ETF,26.7892
2026-09-28,147531,CANARA ROBECO OVERNIGHT FUND - DIRECT PLAN - GROWTH OPTION,1425.5604
2026-09-28,147532,CANARA ROBECO OVERNIGHT FUND - DIRECT PLAN - DAILY IDCW (Reinvestment),1001.0012
2026-09-28,147533,CANARA ROBECO OVERNIGHT FUND - REGULAR PLAN - DAILY IDCW (Reinvestment),1001.0000
2026-09-28,147534,CANARA ROBECO OVERNIGHT FUND - REGULAR PLAN - GROWTH OPTION,1423.8827
2026-09-28,147541,ITI ELSS Tax Saver Fund - Direct Plan - Growth Option,28.2820
2026-09-28,147542,ITI ELSS Tax Saver Fund - Direct Plan - IDCW Option,25.0215
2026-09-28,147543,ITI ELSS Tax Saver Fund - Regular Plan - IDCW Option,21.6026
2026-09-28,147544,ITI ELSS Tax Saver Fund - Regular Plan - Growth Option,24.6820
2026-09-28,147549,Edelweiss Overnight Fund - Regular Plan - Fortnightly - IDCW Option,1095.155
2026-09-28,147550,Edelweiss Overnight Fund - Direct Plan - Fortnightly - IDCW Option,1367.4324
2026-09-28,147551,Edelweiss Overnight Fund - Direct Plan - Annual - IDCW Option,1358.4619
2026-09-28,147552,Edelweiss Overnight Fund - Regular Plan - Daily - IDCW Option,1008.3779
2026-09-28,147553,Edelweiss Overnight Fund - Regular Plan - Weekly - IDCW Option,1017.3893
2026-09-28,147554,Edelweiss Overnight Fund - Direct Plan - Monthly - IDCW Option,1057.9503
2026-09-28,147555,Edelweiss Overnight Fund - Regular Plan - Monthly - IDCW Option,1004.8308
2026-09-28,147556,Edelweiss Overnight Fund - Regular Plan - Annual - IDCW Option,1352.4152
2026-09-28,147557,Edelweiss Overnight Fund - Direct Plan - Daily - IDCW Option,1000.2522
2026-09-28,147558,Edelweiss Overnight Fund - Direct Plan - Weekly - IDCW Option,1379.4657
2026-09-28,147563,Mahindra Manulife Overnight Fund - Direct Plan - Daily IDCW,1432.8196
2026-09-28,147564,Mahindra Manulife Overnight Fund - Direct Plan -Growth,1429.2940
2026-09-28,147565,Mahindra Manulife Overnight Fund - Regular Plan - Growth,1418.9469
2026-09-28,147566,Mahindra Manulife Overnight Fund - Regular Plan - Daily IDCW,1258.4583
2026-09-28,147567,Axis Money Market Fund - Direct Plan - Growth Option,1566.3933
2026-09-28,147568,Axis Money Market Fund - Regular Plan - Growth Option,1548.9254
2026-09-28,147569,Edelweiss Overnight Fund - Regular Plan - Growth,1423.0156
2026-09-28,147570,Edelweiss Overnight Fund - Direct Plan - Growth,1428.6092
2026-09-28,147571,Axis Money Market Fund - Direct Plan - Daily IDCW,1005.6131
2026-09-28,147572,Axis Money Market Fund - Direct Plan - Monthly IDCW,1009.2876
2026-09-28,147573,Axis Money Market Fund - Direct Plan - Quarterly IDCW,1204.2640
2026-09-28,147574,Axis Money Market Fund - Regular Plan - Quarterly IDCW,1187.8563
2026-09-28,147575,Axis Money Market Fund - Regular Plan - Annual IDCW,1310.2924
2026-09-28,147576,Axis Money Market Fund - Direct Plan - Annual IDCW,1326.7246
2026-09-28,147577,Axis Money Market Fund - Regular Plan - Daily IDCW,1005.6127
2026-09-28,147578,Axis Money Market Fund - Regular Plan - Monthly IDCW,1006.0281
2026-09-28,147579,Nippon India ETF BSE Sensex Next 50,88.4311
2026-09-28,147600,PGIM India Overnight Fund - Regular Plan- Growth Option,1416.6117
2026-09-28,147605,PGIM India Overnight Fund - Direct Plan - Daily Dividend Option,1000.0087
2026-09-28,147606,PGIM India Overnight Fund - Direct Plan - Growth Option,1423.0697
2026-09-28,147607,PGIM India Overnight Fund - Regular Plan - Weekly Dividend Option,1007.1287
2026-09-28,147608,PGIM India Overnight Fund - Direct Plan - Weekly Dividend Option,1000.4616
2026-09-28,147609,PGIM India Overnight Fund - Regular Plan - Daily Dividend Option,1000
2026-09-28,147614,Tata Nifty Private Bank Exchange Traded Fund,274.7151
2026-09-28,147615,ITI Arbitrage Fund - Direct Plan - IDCW Option,14.6206
2026-09-28,147616,ITI Arbitrage Fund - Regular Plan - IDCW Option,13.8768
2026-09-28,147617,ITI Arbitrage Fund - Direct Plan - Growth Option,14.6206
2026-09-28,147618,ITI Arbitrage Fund - Regular Plan - Growth Option,13.8768
2026-09-28,147619,Motilal Oswal Nifty Bank Index - Regular Plan,19.2730
2026-09-28,147620,Motilal Oswal Nifty Bank Index Fund - Direct Plan,20.2737
2026-09-28,147621,Motilal Oswal Nifty Midcap 150 Index Fund - Regular Plan,38.0511
2026-09-28,147622,Motilal Oswal Nifty Midcap 150 Index Fund - Direct Plan,40.0732
2026-09-28,147623,Motilal Oswal Nifty Smallcap 250 Index Fund- Direct Plan,40.0590
2026-09-28,147624,Motilal Oswal Nifty Smallcap 250 Index - Regular Plan,38.1397
2026-09-28,147625,Motilal Oswal Nifty 500 Index Fund - Direct Plan,26.0039
2026-09-28,147626,Motilal Oswal Nifty 500 Index Fund - Regular Plan,24.7824
2026-09-28,147645,ICICI Prudential Global Advantage Fund (FOF) - Direct Plan - IDCW,22.9984
2026-09-28,147646,ICICI Prudential Global Advantage Fund (FOF) - IDCW,21.9300
2026-09-28,147647,ICICI Prudential Global Advantage Fund (FOF) - Growth Option,21.9306
2026-09-28,147648,ICICI Prudential Global Advantage Fund (FOF) - Direct Plan - Growth Option,22.9984
2026-09-28,147661,ICICI Prudential Commodities Fund - Growth Option,46.26
2026-09-28,147662,ICICI Prudential Commodities Fund - Direct Plan - Growth Option,50.53
2026-09-28,147663,ICICI Prudential Commodities Fund - IDCW Option,29.74
2026-09-28,147664,ICICI Prudential Commodities Fund - Direct Plan - IDCW Option,33.50
2026-09-28,147665,Axis Nifty 100 Index Fund - Regular Plan - Growth Option,20.3436
2026-09-28,147666,Axis Nifty 100 Index Fund - Direct Plan - Growth Option,21.4503
2026-09-28,147667,Axis Nifty 100 Index Fund - Regular Plan - IDCW,19.2956
2026-09-28,147668,Axis Nifty 100 Index Fund - Direct Plan - IDCW,20.3784
2026-09-28,147701,Motilal Oswal Large and Midcap Fund - Regular Plan Growth,36.1782
2026-09-28,147703,Motilal Oswal Large and Midcap Fund Regular - IDCW Payout/Reinvestment,25.6853
2026-09-28,147704,Motilal Oswal Large and Midcap Fund - Direct Plan Growth,39.9302
2026-09-28,147706,Motilal Oswal Large and Midcap Fund Direct - IDCW Payout/Reinvestment,28.2224
2026-09-28,147708,ITI Overnight Fund - Direct Plan - Daily IDCW Option,1001.0004
2026-09-28,147709,ITI Overnight Fund - Regular Plan - Daily IDCW Option,1000.9999
2026-09-28,147711,ITI Overnight Fund - Direct Plan - Weekly IDCW option,1001.7893
2026-09-28,147712,ITI Overnight Fund - Regular Plan - Weekly IDCW Option,1001.7839
2026-09-28,147713,ITI Overnight Fund - Direct Plan - Growth Option,1395.9694
2026-09-28,147714,ITI Overnight Fund - Regular Plan - Growth Option,1386.3520
2026-09-28,147716,ITI Overnight Fund - Regular Plan - Fortnightly IDCW Option,1001.2758
2026-09-28,147717,ITI Overnight Fund - Direct Plan - Monthly IDCW Option,1001.2645
2026-09-28,147718,ITI Overnight Fund - Regular Plan - Monthly IDCW Option,1001.2607
2026-09-28,147724,Kotak Pioneer Fund- Regular Plan- Growth Option,35.087
2026-09-28,147725,Kotak Pioneer Fund-Direct Plan-Reinvestment of Income Distribution cum capital withdrawal option,39.027
2026-09-28,147727,Kotak Pioneer Fund- Direct Plan- Growth Option,39.033
2026-09-28,147728,Kotak Pioneer Fund- Regular Plan- Reinvestment of Income Distribution cum capital withdrawal option,35.102
2026-09-28,147729,Mahindra Manulife Ultra Short Duration Fund - Regular Plan - Daily IDCW,1114.2033
2026-09-28,147730,Mahindra Manulife Ultra Short Duration Fund - Regular Plan - Weekly IDCW,1000.5443
2026-09-28,147731,Mahindra Manulife Ultra Short Duration Fund - Direct Plan -Growth,1526.4298
2026-09-28,147732,Mahindra Manulife Ultra Short Duration Fund - Direct Plan - Weekly IDCW,1000.5875
2026-09-28,147733,Mahindra Manulife Ultra Short Duration Fund - Direct Plan - Daily IDCW,1269.0475
2026-09-28,147734,Mahindra Manulife Ultra Short Duration Fund - Regular Plan - Growth,1482.5008
2026-09-28,147735,Aditya Birla Sun Life Nifty Bank ETF,55.9202
2026-09-28,147736,Mirae Asset Overnight Fund - Direct Plan - Growth,1416.3850
2026-09-28,147737,Mirae Asset Overnight Fund - Direct Plan - Daily IDCW,1000.0242
2026-09-28,147738,Mirae Asset Overnight Fund - Direct Plan - Monthly IDCW,1000.5563
2026-09-28,147739,Mirae Asset Overnight Fund - Regular Plan - Growth,1407.4850
2026-09-28,147740,Mirae Asset Overnight Fund - Direct Plan - Weekly IDCW,1000.6975
2026-09-28,147741,Mirae Asset Overnight Fund - Regular Plan - Weekly IDCW,1000.6927
2026-09-28,147742,Mirae Asset Overnight Fund - Regular Plan - Monthly IDCW,1000.5562
2026-09-28,147743,Mirae Asset Overnight Fund - Regular Plan - Daily IDCW,1000.0067
2026-09-28,147748,Union Large & Midcap Fund - Regular Plan - Growth Option,26.42
2026-09-28,147749,Union Large & Midcap Fund - Regular Plan - IDCW Option,26.42
2026-09-28,147750,Union Large & Midcap Fund - Direct Plan - Growth Option,28.74
2026-09-28,147751,Union Large & Midcap Fund - Direct Plan - IDCW Option,28.74
2026-09-28,147756,TATA Focused Fund Regular Plan - Reinvestment of Income Distribution cum capital withdrawal option,20.8008
2026-09-28,147757,Tata Focused Fund-Direct Plan-Growth,24.2297
2026-09-28,147758,TATA Focused Fund Direct Plan - Reinvestment of Income Distribution cum capital withdrawal option,23.3365
2026-09-28,147759,TATA Focused Fund Direct Plan - Payout of Income Distribution cum capital withdrawal option,23.3365
2026-09-28,147760,Tata Focused Fund-Regular Plan-Growth,21.6900
2026-09-28,147761,TATA Focused Fund Regular Plan - Payout of Income Distribution cum capital withdrawal option,20.8008
2026-09-28,147766,LIC MF Ultra Short Term Fund-Regular Plan-Daily IDCW,1093.4116
2026-09-28,147767,LIC MF Ultra Short Term Fund-Regular Plan-Weekly IDCW,1030.5775
2026-09-28,147768,LIC MF Ultra Short Term Fund-Regular Plan-Monthly IDCW,1417.3359
2026-09-28,147769,LIC MF Ultra Short Term Fund-Direct Plan-Weekly IDCW,1102.5111
2026-09-28,147770,LIC MF Ultra Short Term Fund-Regular Plan-Growth,1417.5215
2026-09-28,147771,LIC MF Ultra Short Term Fund-Direct Plan-Daily IDCW,1102.1326
2026-09-28,147772,LIC MF Ultra Short Term Fund-Direct Plan-Growth,1464.1125
2026-09-28,147773,LIC MF Ultra Short Term Fund-Direct Plan-Monthly IDCW,1463.4208
2026-09-28,147786,ITI Balanced Advantage Fund - Regular Plan - IDCW Option,11.8719
2026-09-28,147787,ITI Balanced Advantage Fund - Regular Plan - Growth Option,14.1809
2026-09-28,147788,ITI Balanced Advantage Fund - Direct Plan - IDCW Option,13.7678
2026-09-28,147789,ITI Balanced Advantage Fund - Direct Plan - Growth Option,16.1486
2026-09-28,147794,Motilal Oswal Nifty 50 Index Fund - Direct plan - Growth,19.8945
2026-09-28,147795,Motilal Oswal Nifty 50 Index Fund - Regular plan - Growth,19.3491
2026-09-28,147796,Motilal Oswal Nifty Next 50 Index Fund - Direct plan - Growth,25.2932
2026-09-28,147797,Motilal Oswal Nifty Next 50 Index Fund - Regular plan - Growth,24.1414
2026-09-28,147822,Axis Retirement Fund - Aggressive Plan - Direct Plan - IDCW,18.10
2026-09-28,147823,Axis Retirement Fund - Aggressive Plan - Regular Growth,17.79
2026-09-28,147824,Axis Retirement Fund - Aggressive Plan - Regular Plan - IDCW,16.40
2026-09-28,147825,Axis Retirement Fund - Aggressive Plan - Direct Growth,19.68
2026-09-28,147826,Axis Retirement Fund - Dynamic Plan - Direct Growth,21.10
2026-09-28,147827,Axis Retirement Fund - Dynamic Plan - Direct Plan - IDCW,19.24
2026-09-28,147828,Axis Retirement Fund - Dynamic Plan - Regular Growth,19.00
2026-09-28,147829,Axis Retirement Fund - Dynamic Plan - Regular Plan - IDCW,17.51
2026-09-28,147830,Axis Retirement Fund - Conservative Plan - Direct Growth,17.1953
2026-09-28,147831,Axis Retirement Fund - Conservative Plan - Direct Plan - IDCW,15.6681
2026-09-28,147832,Axis Retirement Fund - Conservative Plan - Regular Growth,15.5571
2026-09-28,147833,Axis Retirement Fund - Conservative Plan - Regular Plan - IDCW,14.3358
2026-09-28,147834,JM Overnight Fund (Regular) - Weekly IDCW,1000.814
2026-09-28,147835,JM Overnight Fund (Direct) - Weekly IDCW,1000.8219
2026-09-28,147836,JM Overnight Fund (Regular) - Growth,1391.8966
2026-09-28,147837,JM Overnight Fund - (Direct) - Growth,1398.5372
2026-09-28,147838,JM Overnight Fund (Direct) - Daily IDCW,1000
2026-09-28,147839,JM Overnight Fund (Regular) - Daily IDCW,1000
2026-09-28,147840,Mahindra Manulife Large & Mid Cap Fund - Direct Plan -Growth,30.3477
2026-09-28,147841,Mahindra Manulife Large & Mid Cap Fund - Direct Plan - IDCW,21.9820
2026-09-28,147842,Mahindra Manulife Large & Mid Cap Fund - Regular Plan - IDCW,19.0601
2026-09-28,147843,Mahindra Manulife Large & Mid Cap Fund - Regular Plan - Growth,27.0742
2026-09-28,147844,Aditya Birla Sun Life PSU Equity Fund-Direct Plan-Growth,38.18
2026-09-28,147845,Aditya Birla Sun Life PSU Equity Fund-Direct - Payout of IDCW,29.00
2026-09-28,147846,Aditya Birla Sun Life PSU Equity Fund-Regular Plan-Growth,34.45
2026-09-28,147847,Aditya Birla Sun Life PSU Equity Fund-Regular - Payout of IDCW,24.70
2026-09-28,147849,Bharat Bond ETF - April 2030,1607.7307
2026-09-28,147854,Bharat Bond FOF - April 2030 - Regular Plan - Growth Option,16.0203
2026-09-28,147855,BHARAT Bond FOF - April 2030 - Direct Plan - IDCW Option,16.0203
2026-09-28,147856,BHARAT Bond FOF - April 2030 - Regular Plan - IDCW Option,16.0203
2026-09-28,147857,Bharat Bond FOF - April 2030 - Direct Plan - Growth Option,16.0203
2026-09-28,147878,Invesco India Overnight Fund - Regular Plan - Growth,1390.184
2026-09-28,147879,Invesco India Overnight Fund - Regular Plan - Monthly IDCW (Payout / Reinvestment),1004.4905
2026-09-28,147880,Invesco India Overnight Fund - Regular Plan - Daily IDCW (Reinvestment),1000.1395
2026-09-28,147881,Invesco India Overnight Fund - Regular Plan - Weekly IDCW (Reinvestment),1000.273
2026-09-28,147883,Invesco India Overnight Fund - Direct Plan - Growth,1395.46
2026-09-28,147884,Invesco India Overnight Fund - Direct Plan - Daily IDCW (Reinvestment),1000.5303
2026-09-28,147886,Invesco India Overnight Fund - Direct Plan - Monthly IDCW (Payout / Reinvestment),1004.1884
2026-09-28,147888,Axis Income Plus Arbitrage Omni FOF - Regular Plan - IDCW,15.4019
2026-09-28,147889,Axis Income Plus Arbitrage Omni FOF - Direct Plan - Growth Option,15.7415
2026-09-28,147890,Axis Income Plus Arbitrage Omni FOF - Regular Plan - Growth Option,15.3975
2026-09-28,147891,Axis Income Plus Arbitrage Omni FOF - Direct Plan - IDCW,15.7547
2026-09-28,147892,Axis Income Plus Arbitrage Omni FOF - Direct Plan - Monthly IDCW,15.7547
2026-09-28,147893,Axis Income Plus Arbitrage Omni FOF - Direct Plan - Quarterly IDCW,12.1522
2026-09-28,147894,Axis Income Plus Arbitrage Omni FOF - Direct Plan - Half Yearly Dividend Option,11.4382
2026-09-28,147895,Axis Income Plus Arbitrage Omni FOF - Direct Plan - Annual IDCW,14.2572
2026-09-28,147896,Axis Income Plus Arbitrage Omni FOF - Regular Plan - Monthly IDCW,15.3966
2026-09-28,147897,Axis Income Plus Arbitrage Omni FOF - Regular Plan - Half Yearly IDCW,11.9706
2026-09-28,147898,Axis Income Plus Arbitrage Omni FOF - Regular Plan - Annual IDCW,13.9532
2026-09-28,147905,Axis Income Plus Arbitrage Omni FOF - Regular Plan - Quarterly IDCW,11.2922
2026-09-28,147906,Mirae Asset Nifty Next 50 ETF,726.8153
2026-09-28,147907,HSBC Ultra Short Term Fund - Regular Growth,1462.2741
2026-09-28,147908,HSBC Ultra Short Term Fund - Direct Growth,1485.391
2026-09-28,147909,HSBC Ultra Short Term Fund - Regular Daily IDCW,1031.7278
2026-09-28,147910,HSBC Ultra Short Term Fund - Direct Daily IDCW,1079.9409
2026-09-28,147911,HSBC Ultra Short Term Fund - Regular Weekly IDCW,1041.7008
2026-09-28,147912,HSBC Ultra Short Term Fund - Direct Weekly IDCW,1007.6223
2026-09-28,147915,HSBC Ultra Short Term Fund - Direct Monthly IDCW,1011.7933
2026-09-28,147916,HSBC Ultra Short Term Fund - Regular Monthly IDCW,1027.3839
2026-09-28,147917,ITI Small Cap Fund - Direct Plan - IDCW Option,35.8618
2026-09-28,147918,ITI Small Cap Fund - Regular Plan - IDCW Option,31.5761
2026-09-28,147919,ITI Small Cap Fund - Direct Plan - Growth Option,37.8295
2026-09-28,147920,ITI Small Cap Fund - Regular Plan - Growth Option,33.4908
2026-09-28,147921,ICICI Prudential Nifty Midcap 150 ETF,22.8633
2026-09-28,147928,Axis ESG Integration Strategy Fund - Direct Plan - Growth Option,21.86
2026-09-28,147929,Axis ESG Integration Strategy Fund - Regular Plan - Growth Option,20.15
2026-09-28,147930,Axis ESG Integration Strategy Fund - Regular Plan - IDCW,13.16
2026-09-28,147931,Axis ESG Integration Strategy Fund - Direct Plan - IDCW,14.29
2026-09-28,147936,BANK OF INDIA Overnight Fund Regular Plan Growth,1400.9215
2026-09-28,147943,BANDHAN SMALL CAP FUND - DIRECT PLAN IDCW,39.515
2026-09-28,147944,BANDHAN SMALL CAP FUND - REGULAR PLAN GROWTH,51.295
2026-09-28,147945,BANDHAN SMALL CAP FUND - REGULAR PLAN IDCW,35.707
2026-09-28,147946,BANDHAN SMALL CAP FUND - DIRECT PLAN GROWTH,56.777
2026-09-28,147948,BANK OF INDIA Overnight Fund Direct Plan- Monthly IDCW,1000.0000
2026-09-28,147949,BANK OF INDIA Overnight Fund Regular Plan- Monthly IDCW,1000.0044
2026-09-28,147950,BANK OF INDIA Overnight Fund Direct Plan- Weekly IDCW,1000.0000
2026-09-28,147951,BANK OF INDIA Overnight Fund Direct Plan Growth,1405.1202
2026-09-28,147952,BANK OF INDIA Overnight Fund Direct Plan- Daily IDCW,1000.0000
2026-09-28,147953,BANK OF INDIA Overnight Fund Regular Plan- Daily IDCW,1000.0000
2026-09-28,148033,ICICI Prudential Diversified Equity All Cap Omni FOF - Growth,30.3446
2026-09-28,148034,ICICI Prudential Diversified Equity All Cap Omni FOF - IDCW,23.4616
2026-09-28,148035,ICICI Prudential Diversified Equity All Cap Omni FOF - Direct Plan - Growth,31.8058
2026-09-28,148036,ICICI Prudential Diversified Equity All Cap Omni FOF - Direct Plan - IDCW,24.7703
2026-09-28,148049,Tata Multi Asset Allocation Fund-Direct Plan-Dividend Payout,27.3328
2026-09-28,148050,Tata Multi Asset Allocation Fund-Regular Plan-Growth,24.5533
2026-09-28,148051,Tata Multi Asset Allocation Fund-Regular Plan-Dividend Reinvestment,24.5533
2026-09-28,148052,Tata Multi Asset Allocation Fund-Direct Plan-Dividend Reinvestment,27.3328
2026-09-28,148053,Tata Multi Asset Allocation Fund-Direct Plan-Growth,27.3328
2026-09-28,148054,Tata Multi Asset Allocation Fund-Regular Plan-Dividend Payout,24.5533
2026-09-28,148063,Edelweiss US Technology Equity Fund of Fund- Direct Plan- Growth,41.5718
2026-09-28,148064,Edelweiss US Technology Equity Fund of Fund- Regular Plan- Growth,39.0683
2026-09-28,148071,Union Midcap Fund - Regular Plan - Growth Option,50.62
2026-09-28,148072,Union Midcap Fund - Regular Plan - IDCW Option,50.62
2026-09-28,148073,Union Midcap Fund - Direct Plan - Growth Option,55.34
2026-09-28,148074,Union Midcap Fund - Direct Plan - IDCW Option,55.34
2026-09-28,148157,PGIM India Money Market Fund - Regular Plan - Monthly Dividend Option,1038.7019
2026-09-28,148158,PGIM India Money Market Fund - Regular Plan - Weekly Dividend Option,1001.6436
2026-09-28,148159,PGIM India Money Market Fund - Regular Plan - Growth Option,1430.7322
2026-09-28,148160,PGIM India Money Market Fund - Regular Plan - Daily Dividend Option,1009.0935
2026-09-28,148161,PGIM India Money Market Fund - Direct Plan - Growth Option,1478.4117
2026-09-28,148162,PGIM India Money Market Fund - Direct Plan - Daily Dividend Option,1010.4294
2026-09-28,148163,PGIM India Money Market Fund - Direct Plan - Monthly Dividend Option,1049.2905
2026-09-28,148164,PGIM India Money Market Fund - Direct Plan - Weekly Dividend Option,1001.5377
2026-09-28,148173,UTI Nifty Bank ETF,56.4184
2026-09-28,148351,ITI Large Cap Fund - Regular Plan - Growth Option,17.1104
2026-09-28,148352,ITI Large Cap Fund - Direct Plan - IDCW Option,18.2152
2026-09-28,148353,ITI Large Cap Fund - Direct Plan - Growth Option,19.1926
2026-09-28,148354,ITI Large Cap Fund - Regular Plan - IDCW Option,16.1438
2026-09-28,148381,Motilal Oswal S&P 500 Index Fund - Direct Plan Growth,34.0376
2026-09-28,148382,Motilal Oswal S&P 500 Index Fund - Regular Plan Growth,32.8170
2026-09-28,148387,SBI Fixed Maturity Plan (FMP) - Series 34 (3682 Days) - Direct Plan - Growth,14.8537
2026-09-28,148388,SBI Fixed Maturity Plan (FMP) - Series 34 (3682 Days) - Direct Plan - Income Distribution cum Capital Withdrawal Option (IDCW),14.8538
2026-09-28,148389,SBI Fixed Maturity Plan (FMP) - Series 34 (3682 Days) - Regular Plan - Growth,14.6423
2026-09-28,148390,SBI Fixed Maturity Plan (FMP) - Series 34 (3682 Days) - Regular Plan - Income Distribution cum Capital Withdrawal Option (IDCW),14.6424
2026-09-28,148400,Mirae Asset Arbitrage Fund - Regular Plan - Growth,13.957
2026-09-28,148401,Mirae Asset Arbitrage Fund - Direct Plan - Growth,14.622
2026-09-28,148402,Mirae Asset Arbitrage Fund - Direct Plan - IDCW,14.602
2026-09-28,148403,Mirae Asset Arbitrage Fund - Regular Plan - IDCW,13.956
2026-09-28,148404,BANK OF INDIA Flexi Cap Fund Direct Plan -Growth,41.66
2026-09-28,148405,BANK OF INDIA Flexi Cap Fund Regular Plan -Growth,37.84
2026-09-28,148406,BANK OF INDIA Flexi Cap Fund Direct Plan -IDCW,35.61
2026-09-28,148407,BANK OF INDIA Flexi Cap Fund Regular Plan -IDCW,34.38
2026-09-28,148408,Nippon India ETF Nifty IT,31.2207
2026-09-28,148409,HSBC Focused Fund - Regular Growth,26.5766
2026-09-28,148410,HSBC Focused Fund - Regular IDCW,17.1668
2026-09-28,148411,HSBC Focused Fund - Direct Growth,28.9061
2026-09-28,148412,HSBC Focused Fund - Direct IDCW,21.4474
2026-09-28,148413,JM Liquid Fund - Unclaimed Brokerage I.E.F. (Direct) - Growth Plan,41.4437
2026-09-28,148414,JM Liquid Fund - Unclaimed Application Refund Amount I.E.F. (Direct) - Growth Plan,41.4437
2026-09-28,148416,Mirae Asset Banking and PSU Debt Fund - Regular Plan - Growth,13.6394
2026-09-28,148417,Mirae Asset Banking and PSU Debt Fund - Direct Plan - IDCW,14.0163
2026-09-28,148418,Mirae Asset Banking and PSU Debt Fund - Regular Plan - IDCW,13.6406
2026-09-28,148419,Mirae Asset Banking and PSU Debt Fund - Direct Plan - Growth,14.0235
2026-09-28,148445,BHARAT Bond ETF- April 2031,1429.7742
2026-09-28,148450,BHARAT Bond FOF- April 2031- Direct Plan- Growth Option,14.2016
2026-09-28,148451,BHARAT Bond FOF - April 2031 - Regular Plan - IDCW Option,14.2016
2026-09-28,148452,BHARAT Bond FOF- April 2031- Regular Plan- Growth Option,14.2015
2026-09-28,148453,BHARAT Bond FOF - April 2031 - Direct Plan - IDCW Option,14.2016
2026-09-28,148456,ICICI Prudential Nifty Alpha Low- Volatility 30 ETF,26.5930
2026-09-28,148457,Nippon India Multi Asset Allocation Fund - Direct Plan - Growth Option,26.4853
2026-09-28,148458,NIPPON INDIA MULTI ASSET ALLOCATION FUND - DIRECT Plan - IDCW Option,25.1282
2026-09-28,148459,Nippon India Multi Asset Allocation Fund - Regular Plan - Growth Option,24.4548
2026-09-28,148460,NIPPON INDIA MULTI ASSET ALLOCATION FUND - IDCW Option,23.1019
2026-09-28,148461,HDFC NIFTY Bank ETF - GROWTH,56.1487
2026-09-28,148466,ICICI Prudential Nifty IT ETF,31.2439
2026-09-28,148467,Mahindra Manulife Arbitrage Fund - Regular Plan - Growth,13.1523
2026-09-28,148468,Mahindra Manulife Arbitrage Fund - Direct Plan -Growth,13.8212
2026-09-28,148469,Mahindra Manulife Arbitrage Fund - Regular Plan - IDCW,12.5470
2026-09-28,148470,Mahindra Manulife Arbitrage Fund - Direct Plan - IDCW,13.2151
2026-09-28,148471,Baroda BNP Paribas Large and Mid Cap Fund-Regular Plan-Growth Option,26.4917
2026-09-28,148472,Baroda BNP Paribas Large and Mid Cap Fund-Regular plan-IDCW Option,17.4721
2026-09-28,148474,Baroda BNP Paribas Large and Mid Cap Fund- Direct Plan -Growth Option,28.8941
2026-09-28,148475,Baroda BNP Paribas Large and Mid Cap Fund-Direct Plan-IDCW Option,20.2619
2026-09-28,148481,Invesco India Focused Fund - Direct Plan - Growth,31.16
2026-09-28,148482,Invesco India Focused Fund - Direct Plan - IDCW (Payout / Reinvestment),22.92
2026-09-28,148483,Invesco India Focused Fund - Regular Plan - Growth,28.53
2026-09-28,148484,Invesco India Focused Fund - Regular Plan - IDCW (Payout / Reinvestment),20.53
2026-09-28,148485,Axis Global Equity Alpha Fund of Fund - Direct Plan - Growth Option,26.8173
2026-09-28,148486,Axis Global Equity Alpha Fund of Fund - Regular Plan - Growth Option,25.2845
2026-09-28,148487,Axis Global Equity Alpha Fund of Fund - Direct Plan - IDCW,26.8091
2026-09-28,148488,Axis Global Equity Alpha Fund of Fund - Regular Plan - IDCW,25.2847
2026-09-28,148489,SBI Children's Fund - Investment Plan - Regular Plan - Growth,49.1575
2026-09-28,148490,SBI Children's Fund - Investment Plan - Direct Plan - Growth,52.9421
2026-09-28,148500,Mirae Asset Diversified Equity Allocator Passive FOF - Direct Plan - Growth,24.067
2026-09-28,148501,Mirae Asset Diversified Equity Allocator Passive FOF - Direct Plan - IDCW,24.086
2026-09-28,148502,Mirae Asset Diversified Equity Allocator Passive FOF - Regular Plan - Growth,23.960
2026-09-28,148503,Mirae Asset Diversified Equity Allocator Passive FOF - Regular Plan - IDCW,23.963
2026-09-28,148504,Sundaram Large Cap Fund(Formerly Known as Sundaram Blue Chip Fund) Regular Plan - Growth,19.9241
2026-09-28,148505,Sundaram Large Cap Fund (Formerly Known as Sundaram Blue Chip Fund)  Regular Plan - Payout of Income Distribution cum Capital Withdrawal (IDCW),14.4432
2026-09-28,148506,Sundaram Large Cap Fund (Formerly Known as Sundaram Blue Chip Fund) Regular Plan - Reinvestment of Income Distribution cum Capital Withdrawal (IDCW),14.4432
2026-09-28,148507,Sundaram Large Cap Fund (Formerly Known as Sundaram Blue Chip Fund)Direct Plan - Growth,21.7113
2026-09-28,148508,Sundaram Large Cap Fund (Formerly Known as Sundaram Blue Chip Fund) Direct Plan - Payout of Income Distribution cum Capital Withdrawal (IDCW),15.7638
2026-09-28,148509,Sundaram Large Cap Fund (Formerly Known as Sundaram Blue Chip  Fund)  Direct Plan - Reinvestment of Income Distribution cum Capital Withdrawal (IDCW),15.7638
2026-09-28,148514,ICICI Prudential ESG Exclusionary Strategy Fund - IDCW,14.01
2026-09-28,148515,ICICI Prudential ESG Exclusionary Strategy Fund - Direct Plan - IDCW,15.47
2026-09-28,148516,ICICI Prudential ESG Exclusionary Strategy Fund - Direct Plan - Growth,22.25
2026-09-28,148517,ICICI Prudential ESG Exclusionary Strategy Fund - Growth,20.60
2026-09-28,148518,Nippon India Nifty Smallcap 250 Index Fund - Regular Plan - Growth Option,34.0689
2026-09-28,148519,Nippon India Nifty Smallcap 250 Index Fund - Direct Plan - Growth Option,35.4496
2026-09-28,148520,NIPPON INDIA NIFTY SMALLCAP 250 INDEX FUND - IDCW Option,34.0689
2026-09-28,148521,NIPPON INDIA NIFTY SMALLCAP 250 INDEX FUND - DIRECT Plan - IDCW Option,35.4496
2026-09-28,148529,Mirae Asset Ultra Short-Term Fund - Direct Plan - Growth,1433.5637
2026-09-28,148530,Mirae Asset Ultra Short-Term Fund - Regular Plan - Growth,1413.7240
2026-09-28,148531,Mirae Asset Ultra Short-Term Fund - Regular Plan - IDCW,1413.1655
2026-09-28,148532,Mirae Asset Ultra Short-Term Fund - Direct Plan - IDCW,1433.0974
2026-09-28,148533,ITI Banking & PSU Debt Fund - Regular Plan - IDCW Option,13.7696
2026-09-28,148534,ITI Banking & PSU Debt Fund - Direct Plan - Growth Option,14.2235
2026-09-28,148535,ITI Banking & PSU Debt Fund - Regular Plan - Growth Option,13.7684
2026-09-28,148536,ITI Banking & PSU Debt Fund - Direct Plan - IDCW Option,14.2218
2026-09-28,148537,Aditya Birla Sun Life Special Opportunities Fund-Regular Plan-Growth,27.99
2026-09-28,148538,Aditya Birla Sun Life Special Opportunities Fund-Regular - IDCW,21.74
2026-09-28,148539,Aditya Birla Sun Life Special Opportunities Fund-Direct-Growth,30.36
2026-09-28,148540,Aditya Birla Sun Life Special Opportunities Fund-Direct - IDCW,23.59
2026-09-28,148541,SBI Nifty Private Bank ETF,270.8996
2026-09-28,148542,SBI Nifty IT ETF,311.5953
2026-09-28,148543,SBI Floating Interest Rates Fund - Regular Plan - Growth,14.3203
2026-09-28,148544,SBI Floating Interest Rates Fund - Regular Plan - Monthly Income Distribution cum Capital Withdrawal Option (IDCW),14.3241
2026-09-28,148546,SBI Floating Interest Rates Fund - Regular Plan - Quarterly Income Distribution cum Capital Withdrawal Option (IDCW),14.3214
2026-09-28,148549,SBI Floating Interest Rates Fund - Direct Plan - Quarterly Income Distribution cum Capital Withdrawal Option (IDCW),14.4793
2026-09-28,148550,SBI Floating Interest Rates Fund - Direct Plan - Growth,14.4789
2026-09-28,148551,SBI Floating Interest Rates Fund - Direct Plan - Monthly Income Distribution cum Capital Withdrawal Option (IDCW),14.4780
2026-09-28,148555,Edelweiss MSCI India Domestic & World Healthcare 45 Index Fund Direct Plan - Growth,24.8825
2026-09-28,148556,Edelweiss MSCI India Domestic & World Healthcare 45 Index Fund - Direct Plan - IDCW Option,21.9472
2026-09-28,148557,Edelweiss MSCI India Domestic & World Healthcare 45 index Fund Regular Plan - Growth,24.0618
2026-09-28,148558,Edelweiss MSCI India Domestic & World Healthcare 45 Index Fund - Regular Plan - IDCW Option,21.1286
2026-09-28,148559,Axis NIFTY Bank ETF,562.3545
2026-09-28,148560,quant ESG Integration Strategy Fund - Growth Option - Regular Plan,37.5434
2026-09-28,148561,quant ESG Integration Strategy Fund - IDCW Option - Regular Plan,37.361
2026-09-28,148563,quant ESG Integration Strategy Fund - IDCW Option - Direct Plan,41.068
2026-09-28,148564,quant ESG Integration Strategy Fund - Growth Option - Direct Plan,41.1209
2026-09-28,148566,Mahindra Manulife Focused Fund - Regular Plan - IDCW,16.7507
2026-09-28,148567,Mahindra Manulife Focused Fund - Direct Plan -Growth,28.0648
2026-09-28,148569,Mahindra Manulife Focused Fund - Direct Plan - IDCW,19.0984
2026-09-28,148571,Mahindra Manulife Focused Fund - Regular Plan - Growth,25.2314
2026-09-28,148572,Mirae Asset Nifty 100 ESG Sector Leaders ETF,39.0978
2026-09-28,148573,Mirae Asset Nifty 100 ESG Sector Leaders Fund of Fund - Regular Plan - IDCW,16.904
2026-09-28,148574,Mirae Asset Nifty 100 ESG Sector Leaders Fund of Fund - Direct Plan - Growth,17.296
2026-09-28,148575,Mirae Asset Nifty 100 ESG Sector Leaders Fund of Fund - Direct Plan - IDCW,17.292
2026-09-28,148576,Mirae Asset Nifty 100 ESG Sector Leaders Fund of Fund - Regular Plan - Growth,16.938
2026-09-28,148590,Union Aggressive Hybrid Fund - Regular Plan - IDCW Option,16.37
2026-09-28,148591,Union Aggressive Hybrid Fund - Regular Plan - Growth Option,18.15
2026-09-28,148592,Union Aggressive Hybrid Fund - Direct Plan - Growth Option,19.39
2026-09-28,148593,Union Aggressive Hybrid Fund - Direct Plan - IDCW Option,17.60
2026-09-28,148594,DSP Value Fund - Regular Plan - Growth,22.8880
2026-09-28,148595,DSP Value Fund - Direct Plan - Growth,23.9450
2026-09-28,148596,DSP Value Fund - Direct Plan - IDCW,18.1370
2026-09-28,148597,DSP Value Fund - Regular Plan - IDCW,15.9970
2026-09-28,148598,ICICI Prudential Quant Fund Growth,22.29
2026-09-28,148599,ICICI Prudential Quant Fund IDCW,14.26
2026-09-28,148600,ICICI Prudential Quant Fund Direct Plan Growth,23.16
2026-09-28,148601,ICICI Prudential Quant Fund Direct Plan IDCW,14.98
2026-09-28,148602,Kotak ESG Exclusionary Strategy Fund - Regular Plan - Growth Option,16.009
2026-09-28,148603,Kotak ESG Exclusionary Strategy Fund - Regular Plan - Payout of Income Distribution cum capital withdrawal option,16.009
2026-09-28,148605,Kotak ESG Exclusionary Strategy Fund - Direct Plan - Payout of Income Distribution cum capital withdrawal option,17.542
2026-09-28,148606,Kotak ESG Exclusionary Strategy Fund - Direct Plan - Growth Option,17.544
2026-09-28,148608,HDFC Dividend Yield Fund - IDCW Option Direct Plan,21.025
2026-09-28,148609,HDFC Dividend Yield Fund - Growth Option Direct Plan,25.947
2026-09-28,148610,HDFC Dividend Yield Fund - Growth Plan,23.993
2026-09-28,148611,HDFC Dividend Yield Fund - IDCW Plan,19.121
2026-09-28,148612,Invesco India - Invesco Global Consumer Trends Fund of Fund - Regular Plan - IDCW (Payout / Reinvestment),12.3732
2026-09-28,148613,Invesco India - Invesco Global Consumer Trends Fund of Fund - Regular Plan - Growth,12.3734
2026-09-28,148614,Invesco India - Invesco Global Consumer Trends Fund of Fund - Direct Plan - Growth,13.0952
2026-09-28,148615,Invesco India - Invesco Global Consumer Trends Fund of Fund - Direct Plan - IDCW (Payout / Reinvestment),13.0944
2026-09-28,148616,UTI Small Cap Fund - Regular Plan - IDCW (Payout),26.8082
2026-09-28,148617,UTI Small Cap Fund - Regular Plan - Growth Option,26.8085
2026-09-28,148618,UTI Small Cap Fund - Direct Plan - Growth Option,29.2334
2026-09-28,148619,UTI Small Cap Fund - Direct Plan - IDCW (Payout),29.2334
2026-09-28,148620,Motilal Oswal Nifty 5 year Benchmark G-sec ETF,64.7864
2026-09-28,148621,Mirae Asset Banking and Financial Services Fund - Regular Plan - Growth,20.423
2026-09-28,148622,Mirae Asset Banking and Financial Services Fund - Regular Plan - IDCW,20.449
2026-09-28,148623,Mirae Asset Banking and Financial Services Fund - Direct Plan - Growth,22.338
2026-09-28,148624,Mirae Asset Banking and Financial Services Fund - Direct Plan - IDCW,22.240
2026-09-28,148631,Axis Innovation Fund - Regular Plan - Growth Option,21.35
2026-09-28,148632,Axis Innovation Fund - Direct Plan - IDCW,19.20
2026-09-28,148633,Axis Innovation Fund - Regular Plan - IDCW,17.87
2026-09-28,148634,Axis Innovation Fund - Direct Plan - Growth Option,22.93
2026-09-28,148635,Aditya Birla Sun Life ESG Integration Strategy Fund-Regular Plan-Growth,17.25
2026-09-28,148636,Aditya Birla Sun Life ESG Integration Strategy Fund-Regular - Payout of IDCW,14.00
2026-09-28,148637,Aditya Birla Sun Life ESG Integration Strategy Fund-Direct Plan-Growth,18.66
2026-09-28,148640,Aditya Birla Sun Life ESG Integration Strategy Fund-Direct - Payout of IDCW,15.15
2026-09-28,148641,Nippon India Diversified Equity Flexicap Passive FoF - Regular Plan - Growth Option,19.9616
2026-09-28,148642,Nippon India Diversified Equity Flexicap Passive FoF - Direct Plan - Growth Option,20.4888
2026-09-28,148643,Nippon India Diversified Equity Flexicap Passive FoF - IDCW Option,19.9616
2026-09-28,148644,Nippon India Diversified Equity Flexicap Passive FoF- DIRECT Plan - IDCW Option,20.4888
2026-09-28,148645,Kotak International REIT Overseas Equity Active FOF - Regular Plan - Growth,11.0201
2026-09-28,148646,Kotak International REIT Overseas Equity Active FOF - Direct Plan - Growth,11.5938
2026-09-28,148647,Kotak International REIT Overseas Equity Active FOF - Regular Plan - Payout of Income Distribution cum capital withdrawal option,11.0202
2026-09-28,148649,Kotak International REIT Overseas Equity Active FOF - Direct Plan - Payout of Income Distribution cum capital withdrawal option,11.5936
2026-09-28,148651,ICICI Prudential Business Cycle Fund Direct Plan Growth,25.07
2026-09-28,148652,ICICI Prudential Business Cycle Fund Direct Plan IDCW,18.25
2026-09-28,148653,ICICI Prudential Business Cycle Fund Growth,23.47
2026-09-28,148654,ICICI Prudential Business Cycle Fund IDCW,16.78
2026-09-28,148657,PGIM India Balanced Advantage Fund - Regular Plan - Growth Option,14.52
2026-09-28,148658,PGIM India Balanced Advantage Fund -  Direct Plan - Growth Option,16.01
2026-09-28,148659,PGIM India Balanced Advantage Fund - Direct Plan - Dividend Option,10.55
2026-09-28,148660,PGIM India Balanced Advantage Fund - Regular Plan - Dividend Option,10.34
2026-09-28,148661,Kotak US Specific Equity Passive FOF - Regular Plan - Growth,28.8078
2026-09-28,148662,Kotak US Specific Equity Passive FOF- Direct Plan - Growth,29.4435
2026-09-28,148663,Nippon India Multi - Asset Omni FoF - Regular Plan - Growth Option,23.1745
2026-09-28,148664,Nippon India Multi - Asset Omni FoF - DIRECT Plan - IDCW Option,24.5027
2026-09-28,148665,Nippon India Multi - Asset Omni FoF - IDCW Option,23.1745
2026-09-28,148666,Nippon India Multi - Asset Omni FoF - Direct Plan - Growth Option,24.5027
2026-09-28,148683,SBI Retirement Benefit Fund - Aggressive Plan - Direct Plan - Growth,21.0633
2026-09-28,148684,SBI Retirement Benefit Fund - Aggressive Hybrid Plan - Regular Plan - Income Distribution cum Capital Withdrawal Option (IDCW),19.0752
2026-09-28,148685,SBI Retirement Benefit Fund - Aggressive Hybrid Plan - Direct Plan - Growth,20.3363
2026-09-28,148686,SBI Retirement Benefit Fund - Aggressive Hybrid Plan - Direct Plan - Income Distribution cum Capital Withdrawal Option (IDCW),20.3384
2026-09-28,148687,SBI Retirement Benefit Fund - Conservative Plan - Regular Plan - Income Distribution cum Capital Withdrawal Option (IDCW),14.5234
2026-09-28,148688,SBI Retirement Benefit Fund - Conservative Plan - Direct Plan - Growth,14.9303
2026-09-28,148689,SBI Retirement Benefit Fund - Conservative Plan - Direct Plan - Income Distribution cum Capital Withdrawal Option (IDCW),14.9281
2026-09-28,148690,SBI Retirement Benefit Fund - Conservative Hybrid Plan - Direct Plan - Growth,16.1730
2026-09-28,148691,SBI Retirement Benefit Fund - Aggressive Plan - Regular Plan - Income Distribution cum Capital Withdrawal Option (IDCW),19.6491
2026-09-28,148692,SBI Retirement Benefit Fund - Conservative Hybrid Plan - Regular Plan - Growth,15.6435
2026-09-28,148693,SBI Retirement Benefit Fund - Conservative Hybrid Plan - Direct Plan - Income Distribution cum Capital Withdrawal Option (IDCW),16.1709
2026-09-28,148694,SBI Retirement Benefit Fund - Aggressive Plan - Direct Plan - Income Distribution cum Capital Withdrawal Option (IDCW),21.0521
2026-09-28,148695,SBI Retirement Benefit Fund - Aggressive Hybrid Plan - Regular Plan - Growth,19.0756
2026-09-28,148696,SBI Retirement Benefit Fund - Conservative Plan - Regular Plan - Growth,14.5236
2026-09-28,148697,SBI Retirement Benefit Fund - Conservative Hybrid Plan - Regular Plan - Income Distribution cum Capital Withdrawal Option (IDCW),15.6452
2026-09-28,148698,SBI Retirement Benefit Fund - Aggressive Plan - Regular Plan - Growth,19.6486
2026-09-28,148699,Axis Greater China Equity Fund of Fund - Direct Plan - Growth Option,12.79
2026-09-28,148700,Axis Greater China Equity Fund of Fund - Direct Plan - IDCW,12.78
2026-09-28,148701,Axis Greater China Equity Fund of Fund - Regular Plan - Growth Option,12.03
2026-09-28,148702,Axis Greater China Equity Fund of Fund - Regular Plan - IDCW,12.03
2026-09-28,148703,UTI Nifty 200 Momentum 30 Index Fund - Direct Plan - Growth Option,20.5494
2026-09-28,148704,UTI Nifty 200 Momentum 30 Index Fund - Regular Plan - Growth Option,19.9989
2026-09-28,148705,BANDHAN FLOATING INTEREST RATES FUND  - REGULAR PLAN GROWTH,13.8391
2026-09-28,148706,BANDHAN FLOATING INTEREST RATES FUND  - REGULAR PLAN QUARTERLY IDCW,10.4885
2026-09-28,148707,BANDHAN FLOATING INTEREST RATES FUND  - REGULAR PLAN MONTHLY IDCW,10.1490
2026-09-28,148708,BANDHAN FLOATING INTEREST RATES FUND  - REGULAR PLAN WEEKLY IDCW,10.1168
2026-09-28,148709,BANDHAN FLOATING INTEREST RATES FUND  - REGULAR PLAN PERIODIC IDCW,13.8407
2026-09-28,148710,BANDHAN FLOATING INTEREST RATES FUND  - REGULAR PLAN DAILY IDCW,10.1127
2026-09-28,148711,BANDHAN FLOATING INTEREST RATES FUND  - DIRECT PLAN GROWTH,14.2477
2026-09-28,148712,BANDHAN FLOATING INTEREST RATES FUND  - DIRECT PLAN QUARTERLY IDCW,10.5355
2026-09-28,148713,BANDHAN FLOATING INTEREST RATES FUND  - DIRECT PLAN MONTHLY IDCW,10.1544
2026-09-28,148714,BANDHAN FLOATING INTEREST RATES FUND  - DIRECT PLAN DAILY IDCW,10.1135
2026-09-28,148715,BANDHAN FLOATING INTEREST RATES FUND  - DIRECT PLAN PERIODIC IDCW,13.9340
2026-09-28,148716,BANDHAN FLOATING INTEREST RATES FUND  - DIRECT PLAN WEEKLY IDCW,10.1186
2026-09-28,148717,BANDHAN FLOATING INTEREST RATES FUND- DIRECT PLAN ANNUAL IDCW,10.5304
2026-09-28,148718,BANDHAN FLOATING INTEREST RATES FUND  - REGULAR PLAN ANNUAL IDCW,10.4856
2026-09-28,148719,Nippon India Nifty 50 Value 20 Index Fund - Regular Plan - Growth Option,16.1820
2026-09-28,148720,NIPPON INDIA NIFTY 50 VALUE 20 INDEX FUND - IDCW Option,16.1820
2026-09-28,148721,Nippon India Nifty 50 Value 20 Index Fund - Direct Plan - Growth Option,16.6952
2026-09-28,148722,NIPPON INDIA NIFTY 50 VALUE 20 INDEX FUND - DIRECT Plan - IDCW Option,16.6952
2026-09-28,148723,Nippon India Nifty Midcap 150 Index Fund - Regular Plan - Growth Option,24.8266
2026-09-28,148724,NIPPON INDIA NIFTY MIDCAP 150 INDEX FUND - IDCW Option,24.8266
2026-09-28,148725,NIPPON INDIA NIFTY MIDCAP 150 INDEX FUND - DIRECT Plan - IDCW Option,25.5845
2026-09-28,148726,Nippon India Nifty Midcap 150 Index Fund - Direct Plan - Growth Option,25.5845
2026-09-28,148727,Mahindra Manulife Short Duration Fund - Regular Plan - Growth,13.5278
2026-09-28,148728,Mahindra Manulife Short Duration Fund - Regular Plan - IDCW,11.4956
2026-09-28,148729,Mahindra Manulife Short Duration Fund - Direct Plan -Growth,14.2728
2026-09-28,148730,Mahindra Manulife Short Duration Fund - Direct Plan - IDCW,12.2008
2026-09-28,148731,ITI Mid Cap Fund - Direct Plan - IDCW Option,22.8811
2026-09-28,148732,ITI Mid Cap Fund - Regular Plan - Growth Option,22.4203
2026-09-28,148733,ITI Mid Cap Fund - Direct Plan - Growth Option,24.9558
2026-09-28,148734,ITI Mid Cap Fund - Regular Plan - IDCW Option,20.3997
2026-09-28,148743,Kotak Nifty Next 50 Index Fund - Regular Plan - Growth Option,20.0842
2026-09-28,148744,Kotak Nifty Next 50 Index Fund - Regular Plan - Payout of Income Distribution cum capital withdrawal option,20.0847
2026-09-28,148745,Kotak Nifty Next 50 Index Fund - Direct Plan - Growth Option,20.6413
2026-09-28,148746,Kotak Nifty Next 50 Index Fund - Direct Plan -Payout of Income Distribution cum capital withdrawal option,20.6409
2026-09-28,148747,Motilal Oswal Multi Asset Passive Fund of Fund - Direct Growth,19.2716
2026-09-28,148748,Motilal Oswal Multi Asset Passive Fund of Fund - Regular Growth,18.7234
2026-09-28,148749,Motilal Oswal Asset Allocation FOF- C- Regular Growth,17.2297
2026-09-28,148750,Motilal Oswal Asset Allocation FOF- C- Direct Growth,17.7374
2026-09-28,148751,Invesco India ESG Integration Strategy Fund - Direct Plan - Growth,17.96
2026-09-28,148752,Invesco India ESG Integration Strategy Fund - Direct Plan - IDCW (Payout / Reinvestment),14.65
2026-09-28,148753,Invesco India ESG Integration Strategy Fund - Regular Plan - Growth,16.49
2026-09-28,148754,Invesco India ESG Integration Strategy Fund - Regular Plan - IDCW (Payout / Reinvestment),13.3
2026-09-28,148755,Mirae Asset Corporate Bond Fund - Direct Plan - Growth,13.8366
2026-09-28,148756,Mirae Asset Corporate Bond Fund - Direct Plan - IDCW,13.8331
2026-09-28,148757,Mirae Asset Corporate Bond Fund - Regular Plan - Growth,13.5061
2026-09-28,148758,Mirae Asset Corporate Bond Fund - Regular Plan - IDCW,13.5060
2026-09-28,148759,SBI US Specific Equity Active FoF- Regular Plan - Income Distribution cum Capital Withdrawal Option (IDCW),24.0723
2026-09-28,148760,SBI US Specific Equity Active FoF - Direct Plan - Growth,25.0574
2026-09-28,148761,SBI US Specific Equity Active FoF- Direct Plan - Income Distribution cum Capital Withdrawal Option (IDCW),25.0574
2026-09-28,148762,SBI US Specific Equity Active FoF- Regular Plan - Growth,24.0731
2026-09-28,148763,Kotak Nifty IT ETF,31.2199
2026-09-28,148768,DSP Floating Interest Rates Fund - Regular Plan - Growth,14.0837
2026-09-28,148769,DSP Floating Interest Rates Fund - Direct Plan - IDCW,14.3006
2026-09-28,148770,DSP Floating Interest Rates Fund - Regular Plan - IDCW,14.0837
2026-09-28,148771,DSP Floating Interest Rates Fund - Direct Plan - Growth,14.3006
2026-09-28,148786,BANDHAN CRISIL IBX Gilt June 2027 Index Fund Regular Plan-Growth,13.7496
2026-09-28,148787,BANDHAN CRISIL IBX Gilt June 2027 Index Fund Regular Plan-IDCW,10.4242
2026-09-28,148788,BANDHAN CRISIL IBX Gilt June 2027 Index Fund Direct Plan-IDCW,10.4403
2026-09-28,148789,BANDHAN CRISIL IBX Gilt June 2027 Index Fund Direct Plan-Growth,13.9407
2026-09-28,148790,BANDHAN CRISIL IBX Gilt April 2028 Index Fund Regular Plan-Growth,13.8256
2026-09-28,148791,BANDHAN CRISIL IBX Gilt April 2028 Index Fund Direct Plan-IDCW,10.4192
2026-09-28,148792,BANDHAN CRISIL IBX Gilt April 2028 Index Fund Direct Plan-Growth,14.0178
2026-09-28,148793,BANDHAN CRISIL IBX Gilt April 2028 Index Fund Regular Plan-IDCW,10.4115
2026-09-28,148799,Axis NIFTY IT ETF,309.6338
2026-09-28,148800,Nippon India ETF Nifty 5 yr Benchmark G-Sec,65.6577
2026-09-28,148805,Aditya Birla Sun Life Nifty Midcap 150 Index Fund-Regular Growth,24.1544
2026-09-28,148806,Aditya Birla Sun Life Nifty Midcap 150 Index Fund - Regular - Payout of IDCW,24.1506
2026-09-28,148807,Aditya Birla Sun Life Nifty Midcap 150 Index Fund-Direct Growth,24.9765
2026-09-28,148809,Aditya Birla Sun Life Nifty Midcap 150 Index Fund - Direct - Payout of IDCW,24.9761
2026-09-28,148811,Aditya Birla Sun Life Nifty Smallcap 50 Index Fund-Regular Growth,22.9792
2026-09-28,148812,Aditya Birla Sun Life Nifty Smallcap 50 Index Fund-Regular - Payout of IDCW,22.9814
2026-09-28,148814,Aditya Birla Sun Life Nifty Smallcap 50 Index Fund-Direct - Payout of IDCW,23.7478
2026-09-28,148815,Aditya Birla Sun Life Nifty Smallcap 50 Index Fund-Direct Growth,23.7520
2026-09-28,148821,ICICI Prudential Nifty 100 Low Volatility 30 ETF FOF - Growth,17.1020
2026-09-28,148822,ICICI Prudential Nifty 100 Low Volatility 30 ETF FOF - Direct Plan - Growth,17.5195
2026-09-28,148823,ICICI Prudential Nifty 100 Low Volatility 30 ETF FOF - Direct Plan - IDCW,17.5195
2026-09-28,148824,ICICI Prudential Nifty 100 Low Volatility 30 ETF FOF - IDCW,17.1021
2026-09-28,148833,TRUSTMF Liquid Fund-Regular Plan-Growth,1366.8984
2026-09-28,148834,TRUSTMF Liquid Fund-Regular Plan-Daily Income Distribution cum Capital Withdrawal,1224.7635
2026-09-28,148836,TRUSTMF Liquid Fund-Regular Plan-Weekly Income Distribution cum Capital Withdrawal,1199.3923
2026-09-28,148837,TRUSTMF Liquid Fund-Direct Plan-Weekly Income Distribution cum Capital Withdrawal,1253.2260
2026-09-28,148839,TRUSTMF Liquid Fund-Direct Plan-Monthly Income Distribution cum Capital Withdrawal,1225.4516
2026-09-28,148841,TRUSTMF Liquid Fund-Direct Plan-Growth,1378.1945
2026-09-28,148842,TRUSTMF Liquid Fund-Direct Plan-Daily Income Distribution cum Capital Withdrawal,1298.3469
2026-09-28,148843,TRUSTMF Liquid Fund-Regular Plan-Monthly Income Distribution cum Capital Withdrawal,1215.3551
2026-09-28,148882,Canara Robeco Focused Fund - Direct Plan - IDCW (Payout/Reinvestment),17.5300
2026-09-28,148883,Canara Robeco Focused Fund - Direct Plan - Growth Option,20.6200
2026-09-28,148884,Canara Robeco Focused Fund - Regular Plan - Growth Option,18.9800
2026-09-28,148885,Canara Robeco Focused Fund - Regular Plan - IDCW (Payout/Reinvestment),16.0700
2026-09-28,148900,HDFC Multi-Asset Active FOF - IDCW Option,19.053
2026-09-28,148901,HDFC Multi-Asset Active FOF - Growth Option,19.053
2026-09-28,148902,HDFC Multi-Asset Active FOF - IDCW Option - Direct Plan,20.263
2026-09-28,148903,HDFC Multi-Asset Active FOF - Growth Option -Direct Plan,20.263
2026-09-28,148906,ITI Ultra Short Term Fund - Regular Plan - Growth Option,1323.9944
2026-09-28,148907,ITI Ultra Short Term Fund - Regular Plan - Weekly IDCW Option,1001.8301
2026-09-28,148909,ITI Ultra Short Term Fund - Direct Plan - Annually IDCW Option,1385.0107
2026-09-28,148911,ITI Ultra Short Term Fund - Regular Plan - Fortnightly IDCW Option,1000.9998
2026-09-28,148912,ITI Ultra Short Term Fund - Regular Plan - Daily IDCW Option,1001.0002
2026-09-28,148913,ITI Ultra Short Term Fund - Direct Plan - Growth Option,1383.2486
2026-09-28,148914,ITI Ultra Short Term Fund - Regular Plan - Monthly IDCW Option,1001.0001
2026-09-28,148915,ITI Ultra Short Term Fund - Direct Plan - Weekly IDCW Option,1001.7094
2026-09-28,148916,ITI Ultra Short Term Fund - Direct Plan - Monthly IDCW Option,1001.0001
2026-09-28,148917,ITI Ultra Short Term Fund - Regular Plan - Annually IDCW Option,1324.0564
2026-09-28,148918,Aditya Birla Sun Life Multi-Cap Fund-Regular Growth,20.75
2026-09-28,148919,Aditya Birla Sun Life Multi-Cap Fund-Regular-IDCW Payout,17.07
2026-09-28,148920,Aditya Birla Sun Life Multi-Cap Fund-Direct IDCW Payout,18.34
2026-09-28,148921,Aditya Birla Sun Life Multi-Cap Fund-Direct Growth,22.29
2026-09-28,148922,quant Quantamental Fund - IDCW Option - Regular Plan,23.9811
2026-09-28,148923,quant Quantamental Fund - Growth Option - Regular Plan,23.9532
2026-09-28,148924,quant Quantamental Fund - IDCW Option - Direct Plan,26.1374
2026-09-28,148925,quant Quantamental Fund - Growth Option - Direct Plan,25.9947
2026-09-28,148927,Mirae Asset NYSE FANG + ETF,179.1601
2026-09-28,148928,Mirae Asset NYSE FANG + ETF Fund of Fund - Direct Plan - Growth,50.180
2026-09-28,148929,Mirae Asset NYSE FANG + ETF Fund of Fund - Regular Plan - Growth,49.140
2026-09-28,148934,Axis NIFTY Healthcare ETF,168.3083
2026-09-28,148943,SBI Nifty Next 50 Index Fund - Regular Plan - Growth,19.0561
2026-09-28,148944,SBI Nifty Next 50 Index Fund - Regular Plan - Income Distribution cum Capital Withdrawal Option (IDCW),19.0564
2026-09-28,148945,SBI Nifty Next 50 Index Fund - Direct Plan - Growth,19.5324
2026-09-28,148946,SBI Nifty Next 50 Index Fund - Direct Plan - Income Distribution cum Capital Withdrawal Option (IDCW),19.5313
2026-09-28,148947,Tata Dividend Yield Fund-Direct Plan-Growth,20.9395
2026-09-28,148948,Tata Dividend Yield Fund-Regular Plan-Growth,19.0877
2026-09-28,148949,Tata Dividend Yield Fund-Regular Plan-IDCW Reinvestment,19.0877
2026-09-28,148950,Tata Dividend Yield Fund-Regular Plan-IDCW Payout,19.0877
2026-09-28,148951,Tata Dividend Yield Fund-Direct Plan-IDCW Reinvestment,20.9395
2026-09-28,148952,Tata Dividend Yield Fund-Direct Plan-IDCW Payout,20.9395
2026-09-28,148953,Axis Global Innovation Fund of Fund - Regular Plan - Growth,19.61
2026-09-28,148954,Axis Global Innovation Fund of Fund - Direct Plan - Growth,20.68
2026-09-28,148955,Axis Global Innovation Fund of Fund - Direct Plan - IDCW,20.67
2026-09-28,148956,Axis Global Innovation Fund of Fund - Regular Plan - IDCW,19.61
2026-09-28,148957,ICICI Prudential Nifty Healthcare ETF,169.7717
2026-09-28,148958,Parag Parikh Conservative Hybrid Fund - Direct Plan - Growth,16.0454
2026-09-28,148959,Parag Parikh Conservative Hybrid Fund - Regular Plan - Growth,15.7873
2026-09-28,148960,Parag Parikh Conservative Hybrid Fund - Regular Plan - Monthly IDCW,10.5821
2026-09-28,148961,Parag Parikh Conservative Hybrid Fund - Direct Plan - Monthly IDCW,10.8254
2026-09-28,148962,Aditya Birla Sun Life Nifty 50 Equal Weight Index Fund-Direct Growth,18.1464
2026-09-28,148963,Aditya Birla Sun Life Nifty 50 Equal Weight Index Fund-Direct-IDCW,18.1466
2026-09-28,148964,Aditya Birla Sun Life Nifty 50 Equal Weight Index Fund-Regular IDCW,17.5482
2026-09-28,148965,Aditya Birla Sun Life Nifty 50 Equal Weight Index Fund-Regular Growth,17.5484
2026-09-28,148970,ITI Value Fund - Direct Plan - IDCW Option,17.2380
2026-09-28,148971,ITI Value Fund - Regular Plan - IDCW Option,15.4509
2026-09-28,148972,ITI Value Fund - Direct Plan - Growth Option,18.2086
2026-09-28,148973,ITI Value Fund - Regular Plan - Growth Option,16.4107
2026-09-28,148974,Kotak Nifty 50 Index Fund - Regular Plan-Growth,14.912
2026-09-28,148976,Kotak Nifty 50 Index Fund - Direct Plan-IDCW Payout,15.151
2026-09-28,148978,Kotak Nifty 50 Index Fund - Direct Plan-Growth,15.154
2026-09-28,148979,Kotak Nifty 50 Index Fund - Regular Plan-IDCW Payout,14.911
2026-09-28,148980,BANK OF INDIA Large Cap Fund Direct Plan Growth,17.42
2026-09-28,148981,BANK OF INDIA Large Cap Fund Direct Plan IDCW,17.39
2026-09-28,148982,BANK OF INDIA Large Cap Fund Regular Plan Growth,16.29
2026-09-28,148983,BANK OF INDIA Large Cap Fund Regular Plan IDCW,16.29
2026-09-28,148984,HDFC Banking & Financial Services Fund - IDCW Option,14.876
2026-09-28,148985,HDFC Banking & Financial Services Fund - IDCW Option - Direct Plan,16.102
2026-09-28,148986,HDFC Banking & Financial Services Fund - Growth Option - Direct Plan,18.219
2026-09-28,148987,HDFC Banking & Financial Services Fund - Growth Option,16.947
2026-09-28,148988,ICICI Prudential Flexi Cap Fund - IDCW,16.64
2026-09-28,148989,ICICI Prudential Flexi Cap Fund - Growth,19.86
2026-09-28,148990,ICICI Prudential Flexi Cap Fund - Direct Plan - Growth,21.05
2026-09-28,148991,ICICI Prudential Flexi Cap Fund - Direct Plan - IDCW,17.81
2026-09-28,148992,Axis Quant Fund - Regular Plan - Growth,15.08
2026-09-28,148993,Axis Quant Fund - Direct Plan - Growth,16.38
2026-09-28,148994,Axis Quant Fund - Direct Plan - IDCW,15.10
2026-09-28,148995,Axis Quant Fund - Regular Plan - IDCW,13.91
2026-09-28,149000,Tata Floating Rate Fund-Direct Plan-IDCW Monthly Payout,13.9835
2026-09-28,149001,Tata Floating Rate Fund-Direct Plan-IDCW Quarterly Payout,13.9835
2026-09-28,149002,Tata Floating Rate Fund-Direct Plan-IDCW Periodic Payout,13.9835
2026-09-28,149003,Tata Floating Rate Fund-Regular Plan-Growth,13.6718
2026-09-28,149004,Tata Floating Rate Fund-Regular Plan-IDCW Monthly Payout,13.6718
2026-09-28,149005,Tata Floating Rate Fund-Regular Plan-IDCW Quarterly Payout,13.6718
2026-09-28,149006,Tata Floating Rate Fund-Regular Plan-IDCW Periodic Payout,13.6718
2026-09-28,149007,Tata Floating Rate Fund -Direct Plan-Growth,13.9835
2026-09-28,149008,Nippon India Nifty Pharma ETF,27.5178
2026-09-28,149009,Invesco India Medium Term Fund - Regular Plan - Quarterly IDCW (Payout / Reinvestment),1028.3354
2026-09-28,149010,Invesco India Medium Term Fund - Regular Plan - Discretionary IDCW(Payout / Reinvestment)),1296.3863
2026-09-28,149011,Invesco India Medium Term Fund - Direct Plan - Growth,1354.0916
2026-09-28,149012,Invesco India Medium Term Fund - Regular Plan - Growth,1296.3784
2026-09-28,149013,Invesco India Medium Term Fund - Direct Plan - Discretionary IDCW (Payout/Reinvestment),1353.9868
2026-09-28,149014,Invesco India Medium Term Fund - Direct Plan - Quarterly IDCW (Payout / Reinvestment)),1029.4542
2026-09-28,149019,PGIM India Small Cap Fund - Direct Plan- Growth Option,19.87
2026-09-28,149020,PGIM India Small Cap Fund - Regular Plan - Growth Option,18.25
2026-09-28,149021,ITI Dynamic Term Fund - Regular Plan - Growth Option,12.6917
2026-09-28,149022,ITI Dynamic Term Fund - Regular Plan - Monthly IDCW Option,9.8973
2026-09-28,149023,ITI Dynamic Term Fund - Direct Plan - Monthly IDCWOption,10.0358
2026-09-28,149024,ITI Dynamic Term Fund - Regular Plan - Quarterly IDCW Option,12.6953
2026-09-28,149025,ITI Dynamic Term Fund - Direct Plan - Quarterly IDCW Option,13.4325
2026-09-28,149026,ITI Dynamic Term Fund - Regular Plan - Half Yearly IDCW Option,12.6965
2026-09-28,149027,ITI Dynamic Term Fund - Regular Plan - Annually IDCWOption,12.6928
2026-09-28,149028,ITI Dynamic Term Fund - Direct Plan - Half Yearly IDCW Option,11.1426
2026-09-28,149029,ITI Dynamic Term Fund - Direct Plan - Growth Option,13.4042
2026-09-28,149030,ITI Dynamic Term Fund - Direct Plan - Annually IDCW Option,13.4034
2026-09-28,149031,PGIM India Small Cap Fund - Direct Plan - IDCW Option,15.64
2026-09-28,149032,PGIM India Small Cap Fund - Regular Plan - IDCW Option,14.85
2026-09-28,149033,Tata Floating Rate Fund-Direct Plan-IDCW Periodic Dividend Reinvestment,13.9835
2026-09-28,149034,Tata Floating Rate Fund-Direct Plan-IDCW Quarterly Dividend Reinvestment,13.9835
2026-09-28,149035,Tata Floating Rate Fund-Regular Plan-IDCW Monthly Dividend Reinvestment,13.6718
2026-09-28,149036,Tata Floating Rate Fund-Regular Plan-IDCW Periodic Dividend Reinvestment,13.6718
2026-09-28,149037,Tata Floating Rate Fund-Direct Plan-IDCW Monthly Dividend Reinvestment,13.9835
2026-09-28,149038,Tata Floating Rate Fund-Regular Plan-IDCW Quarterly Dividend Reinvestment,13.6718
2026-09-28,149039,Navi Nifty 50 Index Fund-Direct Plan-Growth,15.0509
2026-09-28,149040,Navi Nifty 50 Index Fund-Regular Plan-Growth,14.8899
2026-09-28,149041,SBI Nifty Consumption ETF,116.5024
2026-09-28,149046,Axis Floater Fund - Regular Plan - Quarterly IDCW,1317.4915
2026-09-28,149047,Axis Floater Fund - Regular Plan - Annual IDCW,1362.6921
2026-09-28,149048,Axis Floater Fund - Regular Plan - Growth,1398.8565
2026-09-28,149049,Axis Floater Fund - Direct Plan - Growth,1424.4701
2026-09-28,149050,Axis Floater Fund - Direct Plan - Daily IDCW,998.5189
2026-09-28,149051,Axis Floater Fund - Direct Plan - Monthly IDCW,1005.0521
2026-09-28,149052,Axis Floater Fund - Direct Plan - Quarterly IDCW,1340.5654
2026-09-28,149053,Axis Floater Fund - Regular Plan - Monthly IDCW,1005.7884
2026-09-28,149054,Axis Floater Fund - Regular Plan - Daily IDCW,1008.2830
2026-09-28,149055,Axis Floater Fund - Direct Plan - Annual IDCW,1386.0696
2026-09-28,149056,Kotak Global Innovation Overseas Equity Active FOF - Regular Plan-Growth,15.2164
2026-09-28,149058,Kotak Global Innovation Overseas Equity Active FOF - Regular Plan -IDCW Option,15.2168
2026-09-28,149059,Kotak Global Innovation Overseas Equity Active FOF- Direct Plan -Growth,16.1715
2026-09-28,149060,Kotak Global Innovation Overseas Equity Active FOF- Direct Plan - IDCW Option,16.169
2026-09-28,149066,Tata Business Cycle Fund-Direct Plan-IDCW Payout,19.8105
2026-09-28,149067,Tata Business Cycle Fund-Direct Plan-IDCW Reinvestment,19.8105
2026-09-28,149068,Tata Business Cycle Fund-Regular Plan-Growth,18.2832
2026-09-28,149069,Tata Business Cycle Fund-Regular Plan-IDCW Reinvestment,18.2832
2026-09-28,149070,Tata Business Cycle Fund-Regular Plan-IDCW Payout,18.2832
2026-09-28,149071,Tata Business Cycle Fund-Direct Plan-Growth,19.8105
2026-09-28,149072,ICICI Prudential Nifty FMCG ETF,48.6634
2026-09-28,149073,TRUSTMF Short Term Fund-Regular Plan-Growth,1328.8790
2026-09-28,149074,TRUSTMF Short Term Fund-Regular Plan-Weekly Income Distribution Cum Capital Withdrawal,1117.2025
2026-09-28,149075,TRUSTMF Short Term Fund-Regular Plan-Quarterly Income Distribution Cum Capital Withdrawal,1143.6274
2026-09-28,149076,TRUSTMF Short Term Fund-Direct Plan-Growth,1363.5050
2026-09-28,149077,TRUSTMF Short Term Fund-Direct Plan-Weekly Income Distribution Cum Capital Withdrawal,1138.1483
2026-09-28,149078,TRUSTMF Short Term Fund-Direct Plan-Monthly Income Distribution Cum Capital Withdrawal,1162.3061
2026-09-28,149079,TRUSTMF Short Term Fund-Direct Plan-Quarterly Income Distribution Cum Capital Withdrawal,1175.8821
2026-09-28,149080,TRUSTMF Short Term Fund-Regular Plan-Monthly Income Distribution Cum Capital Withdrawal,1140.6542
2026-09-28,149085,Canara Robeco Value Fund - Direct Plan - Growth Option,18.5500
2026-09-28,149086,Canara Robeco Value Fund - Direct Plan - IDCW (Payout/Reinvestment),16.5700
2026-09-28,149087,Canara Robeco Value Fund - Regular Plan - IDCW (Payout/Reinvestment),15.3200
2026-09-28,149088,Canara Robeco Value Fund - Regular Plan - Growth Option,17.1400
2026-09-28,149089,Nippon India Flexi Cap Fund - Regular Plan - Growth Plan - Growth Option,16.0700
2026-09-28,149090,UTI Focused Fund (30 stocks) - Regular Plan - Growth Option,14.7542
2026-09-28,149091,UTI Focused Fund (30 stocks) - Direct Plan - Growth Option,15.9079
2026-09-28,149092,UTI Focused Fund (30 stocks) - Regular Plan - IDCW Payout Option,14.7543
2026-09-28,149093,UTI Focused Fund (30 stocks) - Direct Plan - IDCW Payout Option,15.9075
2026-09-28,149094,Nippon India Flexi Cap Fund - Direct Plan - Growth Plan - Growth Option,17.2488
2026-09-28,149095,Nippon India Flexi Cap Fund - Direct Plan - IDCW Option,17.2488
2026-09-28,149096,Nippon India Flexi Cap Fund - Regular Plan - IDCW Option,16.0700
2026-09-28,149097,Bandhan US specific Equity Active FOF - IDCW - REGULAR PLAN,20.198
2026-09-28,149098,Bandhan US specific Equity Active FOF - GROWTH - DIRECT PLAN,21.290
2026-09-28,149099,Bandhan US specific Equity Active FOF - IDCW - DIRECT PLAN,21.290
2026-09-28,149100,Bandhan US specific Equity Active FOF - GROWTH - REGULAR PLAN,20.198
2026-09-28,149101,Mahindra Manulife Flexi Cap Fund - Regular Plan -Growth,15.4308
2026-09-28,149102,Mahindra Manulife Flexi Cap Fund - Regular Plan -IDCW,12.2154
2026-09-28,149103,Mahindra Manulife Flexi Cap Fund - Direct Plan -IDCW,13.6024
2026-09-28,149104,Mahindra Manulife Flexi Cap Fund - Direct Plan -Growth,16.8954
2026-09-28,149105,Mirae Asset Nifty Financial Services ETF,25.6755
2026-09-28,149106,HDFC NIFTY50 Equal weight Index Fund - Growth Option,17.2795
2026-09-28,149107,HDFC NIFTY50 Equal weight Index Fund - Direct Plan - Growth Option,17.7371
2026-09-28,149112,Mirae Asset Money Market Fund - Direct Plan - Growth,1383.7588
2026-09-28,149113,Mirae Asset Money Market Fund - Direct Plan - IDCW,1381.4832
2026-09-28,149114,Mirae Asset Money Market Fund - Regular Plan - IDCW,1359.0093
2026-09-28,149115,Mirae Asset Money Market Fund - Regular Plan - Growth,1359.0189
2026-09-28,149116,Union Money Market Fund - Regular Plan -  Growth Option,1325.5009
2026-09-28,149117,Union Money Market Fund - Direct Plan -  Growth Option,1373.6734
2026-09-28,149118,Union Money Market Fund - Regular Plan - Daily IDCW Option,1003.2031
2026-09-28,149123,Union Money Market Fund - Direct Plan -  Monthly IDCW Option,1010.1298
2026-09-28,149132,SBI Balanced Advantage Fund - Regular Plan - Growth,15.4546
2026-09-28,149133,SBI Balanced Advantage Fund - Regular Plan - Income Distribution cum Capital Withdrawal Option (IDCW),15.4548
2026-09-28,149134,SBI Balanced Advantage Fund - Direct Plan - Growth,16.2149
2026-09-28,149135,SBI Balanced Advantage Fund - Direct Plan - Income Distribution cum Capital Withdrawal Option (IDCW),16.2153
2026-09-28,149140,Baroda BNP Paribas Business Cycle Fund - Regular Plan - Growth,15.5370
2026-09-28,149141,Baroda BNP Paribas Business Cycle Fund - Direct Plan - Growth,16.7221
2026-09-28,149142,Baroda BNP Paribas Business Cycle Fund - Regular Plan - IDCW Option,12.9791
2026-09-28,149143,Baroda BNP Paribas Business Cycle Fund - Direct Plan - IDCW Option,13.9702
2026-09-28,149156,Axis NIFTY India Consumption ETF,116.1497
2026-09-28,149157,ICICI Prudential Nifty Alpha Low - Volatility 30 ETF FOF - Growth,14.1463
2026-09-28,149158,ICICI Prudential Nifty Alpha Low - Volatility 30 ETF FOF - Direct Plan - Growth,14.4690
2026-09-28,149159,ICICI Prudential Nifty Alpha Low - Volatility 30 ETF FOF - IDCW,14.1463
2026-09-28,149160,ICICI Prudential Nifty Alpha Low - Volatility 30 ETF FOF - Direct Plan - IDCW,14.4686
2026-09-28,149165,Axis Value Fund - Regular Plan - IDCW,16.40
2026-09-28,149166,Axis Value Fund - Direct Plan - Growth,20.92
2026-09-28,149167,Axis Value Fund - Regular Plan - Growth,19.50
2026-09-28,149168,Axis Value Fund - Direct Plan - IDCW,17.59
2026-09-28,149169,Mirae Asset S&P 500 Top 50 ETF,68.6188
2026-09-28,149170,Mirae Asset S&P 500 Top 50 ETF Fund of Fund - Direct Plan - Growth,35.097
2026-09-28,149171,Mirae Asset S&P 500 Top 50 ETF Fund of Fund - Regular Plan - Growth,34.389
2026-09-28,149180,HDFC Developed World Overseas Equity Passive FOF - Direct Plan - Growth Option,22.098
2026-09-28,149181,HDFC Developed World Overseas Equity Passive FOF - Growth Option,21.596
2026-09-28,149182,Kotak Multi Cap Fund-Regular Plan-Growth,19.772
2026-09-28,149183,Kotak Multi Cap Fund- Regular Plan -IDCW Option,18.171
2026-09-28,149185,Kotak Multi Cap Fund-Direct Plan-Growth,21.207
2026-09-28,149187,Kotak Multi Cap Fund-Direct Plan-IDCW Option,19.49
2026-09-28,149188,DSP FMP Series - 264 - 60M - 17D - Regular Plan - Growth,13.3782
2026-09-28,149189,DSP FMP Series - 264 - 60M - 17D - Regular - IDCW,13.3776
2026-09-28,149190,DSP FMP Series - 264 - 60M - 17D - Direct - Growth,13.4805
2026-09-28,149191,DSP FMP Series - 264 - 60M - 17D - Direct - IDCW,13.4805
2026-09-28,149194,SBI Fixed Maturity Plan (FMP) - Series 51 (1846 Days) - Direct Plan - Income Distribution Capital Withdrawal Option (IDCW),13.4422
2026-09-28,149195,SBI Fixed Maturity Plan (FMP) - Series 51 (1846 Days) - Direct Plan - Growth,13.4417
2026-09-28,149196,SBI Fixed Maturity Plan (FMP) - Series 51 (1846 Days) - Regular Plan - Income Distribution Capital Withdrawal Option (IDCW),13.3529
2026-09-28,149197,SBI Fixed Maturity Plan (FMP) - Series 51 (1846 Days) - Regular Plan - Growth,13.3528
2026-09-28,149198,Aditya Birla Sun Life Nifty SDL Plus PSU Bond SEP 2026 60:40 Index Fund-Regular Growth,13.2530
2026-09-28,149199,Aditya Birla Sun Life Nifty SDL Plus PSU Bond SEP 2026 60:40 Index Fund-Direct Growth,13.3559
2026-09-28,149200,Aditya Birla Sun Life Nifty SDL Plus PSU Bond SEP 2026 60:40 Index Fund-Direct IDCW,13.3561
2026-09-28,149201,Aditya Birla Sun Life Nifty SDL Plus PSU Bond SEP 2026 60:40 Index Fund-Regular IDCW,13.2539
2026-09-28,149208,ICICI Prudential Nifty PSU Bond Plus SDL Sep 2027 40:60 Index Fund - Growth,13.2969
2026-09-28,149210,ICICI Prudential Nifty PSU Bond Plus SDL Sep 2027 40:60 Index Fund - Direct Plan Growth,13.4236
2026-09-28,149218,ICICI Prudential NASDAQ 100 Index Fund - Growth,24.6789
2026-09-28,149219,ICICI Prudential NASDAQ 100 Index Fund - Direct Plan - Growth,25.2619
2026-09-28,149220,ICICI Prudential NASDAQ 100 Index Fund - IDCW,24.6785
2026-09-28,149221,ICICI Prudential NASDAQ 100 Index Fund - Direct Plan - IDCW,25.2595
2026-09-28,149224,ICICI Prudential Nifty PSU Bond Plus SDL Sep 2027 40:60 Index Fund - Annual - IDCW,13.2967
2026-09-28,149227,ICICI Prudential Nifty PSU Bond Plus SDL Sep 2027 40:60 Index Fund - Direct Plan Annual - IDCW,13.4236
2026-09-28,149228,Mahindra Manulife Asia Pacific REITs FOF - Regular Plan - Growth,10.2839
2026-09-28,149229,Mahindra Manulife Asia Pacific REITs FOF - Regular Plan - IDCW,10.2839
2026-09-28,149230,Mahindra Manulife Asia Pacific REITs FOF - Direct Plan - Growth,10.7776
2026-09-28,149231,Mahindra Manulife Asia Pacific REITs FOF - Direct Plan - IDCW,10.7776
2026-09-28,149232,SBI Fixed Maturity Plan (FMP) - Series 52 (1848 Days) - Direct Plan - Growth,13.4200
2026-09-28,149233,SBI Fixed Maturity Plan (FMP) - Series 52 (1848 Days) - Regular Plan - Income Distribution Cum Withdrawal (IDCW),13.3341
2026-09-28,149234,SBI Fixed Maturity Plan (FMP) - Series 52 (1848 Days) - Direct Plan - Income Distribution Cum Withdrawal (IDCW),13.4200
2026-09-28,149235,SBI Fixed Maturity Plan (FMP) - Series 52 (1848 Days) - Regular Plan - Growth,13.3341
2026-09-28,149240,Motilal Oswal 5 Year G-Sec Fund Of Fund Direct -Growth,13.1307
2026-09-28,149241,Motilal Oswal 5 Year G-Sec Fund Of Fund Regular -Growth,13.0814
2026-09-28,149246,Edelweiss NIFTY PSU Bond Plus SDL Apr 2027 50:50 Index Fund - Direct Plan - IDCW,12.6386
2026-09-28,149247,Edelweiss NIFTY PSU Bond Plus SDL Apr 2027 50:50 Index Fund - Direct Plan Growth,13.4478
2026-09-28,149248,Edelweiss NIFTY PSU Bond Plus SDL Apr 2027 50:50 Index Fund - Regular Plan - IDCW,12.5133
2026-09-28,149249,Edelweiss NIFTY PSU Bond Plus SDL Apr 2027 50:50 Index Fund - Regular Plan - Growth,13.3199
2026-09-28,149250,Edelweiss Nifty 50 Index Fund Direct Plan Growth,13.5181
2026-09-28,149251,Edelweiss Nifty 50 Index Fund Direct Plan IDCW,13.331
2026-09-28,149252,Edelweiss Nifty 50 Index Fund Regular Plan Growth,13.0368
2026-09-28,149253,Edelweiss Nifty 50 Index Fund Regular Plan IDCW,13.0366
2026-09-28,149254,Edelweiss Nifty 100 Quality 30 Index Fund Direct Plan Growth,14.1492
2026-09-28,149255,Edelweiss Nifty 100 Quality 30 Index Fund Direct Plan IDCW,13.9513
2026-09-28,149256,Edelweiss Nifty 100 Quality 30 Index Fund Regular Plan Growth,13.7116
2026-09-28,149257,Edelweiss Nifty 100 Quality 30 Index Fund Regular Plan IDCW,13.7106
2026-09-28,149258,LIC MF Balanced Advantage Fund-Regular Plan-IDCW,11.7069
2026-09-28,149259,LIC MF Balanced Advantage Fund-Regular Plan-Growth,13.494
2026-09-28,149260,LIC MF Balanced Advantage Fund-Direct Plan-IDCW,12.5428
2026-09-28,149261,LIC MF Balanced Advantage Fund-Direct Plan-Growth,14.6105
2026-09-28,149262,Aditya Birla Sun Life Nifty Healthcare ETF,17.0200
2026-09-28,149263,NJ Balanced Advantage Fund - Regular Plan - IDCW Payout Option,13.40
2026-09-28,149264,NJ Balanced Advantage Fund - Direct Plan - Growth Option,14.29
2026-09-28,149265,NJ Balanced Advantage Fund - Direct Plan - IDCW Payout Option,14.29
2026-09-28,149266,NJ Balanced Advantage Fund - Regular Plan - Growth Option,13.40
2026-09-28,149268,ITI Pharma and Healthcare Fund - Direct Plan - Growth Option,19.8882
2026-09-28,149269,ITI Pharma and Healthcare Fund - Regular Plan - IDCW Option,18.0503
2026-09-28,149270,ITI Pharma and Healthcare Fund - Regular Plan - Growth Option,18.0503
2026-09-28,149271,ITI Pharma and Healthcare Fund - Direct Plan - IDCW Option,19.8859
2026-09-28,149277,SBI Fixed Maturity Plan (FMP) - Series 53 (1839 Days) - Direct Plan - Income Distribution Cum Withdrawal Option (IDCW),13.4425
2026-09-28,149278,SBI Fixed Maturity Plan (FMP) - Series 53 (1839 Days) - Regular Plan - Growth,13.3696
2026-09-28,149279,SBI Fixed Maturity Plan (FMP) - Series 53 (1839 Days) - Direct Plan - Growth,13.4425
2026-09-28,149280,SBI Fixed Maturity Plan (FMP) - Series 53 (1839 Days) - Regular Plan - Income  Distribution Cum Withdrawal Option (IDCW),13.3697
2026-09-28,149281,ICICI Prudential Nifty Smallcap 250 Index Fund - Growth,17.8200
2026-09-28,149282,ICICI Prudential Nifty Smallcap 250 Index Fund - IDCW,17.8207
2026-09-28,149283,ICICI Prudential Nifty Smallcap 250 Index Fund - Direct Plan - Growth,18.3546
2026-09-28,149284,ICICI Prudential Nifty Smallcap 250 Index Fund - Direct Plan - IDCW,18.3539
2026-09-28,149285,ICICI Prudential Nifty India Consumption ETF,116.9623
2026-09-28,149286,DSP Nifty 50 Equal Weight ETF,326.3182
2026-09-28,149287,HDFC NIFTY Next 50 Index Fund - Growth Option,16.305
2026-09-28,149288,HDFC NIFTY Next 50 Index Fund - Direct Plan - Growth Option,16.6477
2026-09-28,149289,Aditya Birla Sun Life US Equity Passive FOF-Direct IDCW,23.8228
2026-09-28,149290,Aditya Birla Sun Life US Equity Passive FOF-Regular Growth,23.3779
2026-09-28,149291,Aditya Birla Sun Life US Equity Passive FOF-Direct-Growth,23.8195
2026-09-28,149292,Aditya Birla Sun Life US Equity Passive FOF-Regular IDCW,23.3760
2026-09-28,149293,Aditya Birla Sun Life Nifty IT ETF,30.7697
2026-09-28,149294,Aditya Birla Sun Life Business Cycle Fund-Regular IDCW Payout,13.75
2026-09-28,149295,Aditya Birla Sun Life Business Cycle Fund-Direct Growth,16.69
2026-09-28,149296,Aditya Birla Sun Life Business Cycle Fund-Regular-Growth,15.72
2026-09-28,149297,Aditya Birla Sun Life Business Cycle Fund-Direct IDCW Payout,14.61
2026-09-28,149298,PGIM India Global Select Real Estate Securities Fund of Fund - Direct Plan - Growth Option,13.2
2026-09-28,149299,PGIM India Global Select Real Estate Securities Fund of Fund - Regular Plan - Growth Option,12.68
2026-09-28,149302,BANDHAN MULTI CAP FUND - IDCW - REGULAR PLAN,14.755
2026-09-28,149303,BANDHAN MULTI CAP FUND - GROWTH - DIRECT PLAN,18.207
2026-09-28,149304,BANDHAN MULTI CAP FUND - IDCW - DIRECT PLAN,16.042
2026-09-28,149305,BANDHAN MULTI CAP FUND - GROWTH - REGULAR PLAN,16.923
2026-09-28,149306,SBI Fixed Maturity Plan (FMP) - Series 54 (1842 Days) - Regular Plan - Income Distribution Cum Capital Withdrawal Option (IDCW),13.3497
2026-09-28,149307,SBI Fixed Maturity Plan (FMP) - Series 54 (1842 Days) - Direct Plan - Growth,13.4272
2026-09-28,149308,SBI Fixed Maturity Plan (FMP) - Series 54 (1842 Days) - Regular Plan - Growth,13.3497
2026-09-28,149309,SBI Fixed Maturity Plan (FMP) - Series 54 (1842 Days) - Direct Plan - Income Distribution Cum Withdrawal Option (IDCW),13.4278
2026-09-28,149310,Unclaimed Redemption - Upto 3 years (Invested in DSP Overnight Fund),13.1777
2026-09-28,149311,Unclaimed Redemption - Beyond 3 years (Invested in DSP Overnight Fund),10.0000
2026-09-28,149312,Unclaimed IDCW - Upto 3 years (Invested in DSP Overnight Fund),13.1777
2026-09-28,149313,Unclaimed IDCW - Beyond 3 years (Invested in DSP Overnight Fund),10.0000
2026-09-28,149316,360 ONE QUANT FUND REGULAR INCOME DISTRIBUTION CUM CAPITAL WITHDRAWAL,18.1927
2026-09-28,149317,360 ONE QUANT FUND REGULAR GROWTH,18.1927
2026-09-28,149318,360 ONE QUANT FUND DIRECT GROWTH,19.3411
2026-09-28,149319,360 ONE QUANT FUND DIRECT INCOME DISTRIBUTION CUM CAPITAL WITHDRAWAL,19.3411
2026-09-28,149321,ITI Banking and Financial Services Fund - Direct Plan - Growth Option,16.5963
2026-09-28,149322,ITI Banking and Financial Services Fund - Direct Plan - IDCW Option,15.6612
2026-09-28,149323,ITI Banking and Financial Services Fund - Regular Plan - IDCW Option,14.1772
2026-09-28,149324,ITI Banking and Financial Services Fund -Regular Plan - Growth Option,15.1005
2026-09-28,149331,ICICI Prudential BSE 500 ETF FOF - Direct Plan - Growth,15.2856
2026-09-28,149332,ICICI Prudential BSE 500 ETF FOF - IDCW,14.9425
2026-09-28,149333,ICICI Prudential BSE 500 ETF FOF - Direct Plan - IDCW,15.2852
2026-09-28,149334,ICICI Prudential BSE 500 ETF FOF - Growth,14.9425
2026-09-28,149335,Quant Value Fund - Growth Option  - Direct Plan,22.9573
2026-09-28,149336,Quant Value Fund - IDCW Option- Regular Plan,21.3319
2026-09-28,149337,Quant Value Fund - Growth Option - Regular Plan,21.2156
2026-09-28,149338,Quant Value Fund - IDCW Option - Direct Plan,21.8122
2026-09-28,149339,Edelweiss NIFTY Large Midcap 250 Index Fund - Direct Plan Payout,15.6551
2026-09-28,149341,Edelweiss NIFTY Large Midcap 250 Index Fund - Regular Plan Growth,16.0928
2026-09-28,149342,Edelweiss NIFTY Large Midcap 250 Index Fund - Regular Plan Payout,15.1346
2026-09-28,149343,Edelweiss NIFTY Large Midcap 250 Index Fund - Direct Plan Growth,16.6136
2026-09-28,149345,SBI Fixed Maturity Plan (FMP) - Series 55 (1849 Days) - Direct Plan - Growth,13.3975
2026-09-28,149346,SBI Fixed Maturity Plan (FMP) - Series 55 (1849 Days) - Regular Plan - Income Distribution Cum Capital Withdrawal Option (IDCW),13.3217
2026-09-28,149347,SBI Fixed Maturity Plan (FMP) - Series 55 (1849 Days) - Regular Plan - Growth,13.3217
2026-09-28,149348,SBI Fixed Maturity Plan (FMP) - Series 55 (1849 Days) - Direct Plan - Income Distribution cum Capital Withdrawal Option (IDCW),13.3975
2026-09-28,149351,Tata Corporate Bond Fund-Regular Plan-Growth,13.0635
2026-09-28,149352,Tata Corporate Bond Fund-Regular Plan-IDCW Periodic Reinvestment,13.0635
2026-09-28,149353,Tata Corporate Bond Fund-Regular Plan-IDCW Monthly Payout,13.0635
2026-09-28,149354,Tata Corporate Bond Fund-Regular Plan-IDCW Quarterly Payout,13.0635
2026-09-28,149355,Tata Corporate Bond Fund-Direct Plan-IDCW Periodic Payout,13.4249
2026-09-28,149356,Tata Corporate Bond Fund-Direct Plan-IDCW Periodic Reinvestment,13.4249
2026-09-28,149357,Tata Corporate Bond Fund-Direct Plan-IDCW Monthly Reinvestment,13.4249
2026-09-28,149358,Tata Corporate Bond Fund-Direct Plan-IDCW Quarterly Reinvestment,13.4249
2026-09-28,149359,Tata Corporate Bond Fund-Regular Plan-IDCW Quarterly Reinvestment,13.0635
2026-09-28,149360,Tata Corporate Bond Fund-Regular Plan-IDCW Periodic Payout,13.0635
2026-09-28,149361,Tata Corporate Bond Fund-Direct Plan-Growth,13.4249
2026-09-28,149362,Tata Corporate Bond Fund-Direct Plan-IDCW Quarterly Payout,13.4249
2026-09-28,149363,Tata Corporate Bond Fund-Regular Plan-IDCW Monthly Reinvestment,13.0635
2026-09-28,149364,Tata Corporate Bond Fund-Direct Plan-IDCW Monthly Payout,13.4249
2026-09-28,149365,HDFC Multi Cap Fund - IDCW Option,16.359
2026-09-28,149366,HDFC Multi Cap Fund - Growth Option,18.058
2026-09-28,149367,HDFC Multi Cap Fund - IDCW Option - Direct Plan,17.435
2026-09-28,149368,HDFC Multi Cap Fund - Growth Option - Direct Plan,19.079
2026-09-28,149371,Axis Nifty 50 Index Fund - Regular Plan - Growth Option,13.6703
2026-09-28,149372,Axis Nifty 50 Index Fund - Regular Plan - IDCW,12.9670
2026-09-28,149373,Axis Nifty 50 Index Fund - Direct Plan - Growth,13.8642
2026-09-28,149374,Axis Nifty 50 Index Fund - Direct Plan - IDCW,13.1500
2026-09-28,149379,Mirae Asset Hang Seng TECH ETF,17.6943
2026-09-28,149380,Mirae Asset Hang Seng TECH ETF Fund of Fund - Regular Plan - Growth,11.128
2026-09-28,149381,Mirae Asset Hang Seng TECH ETF Fund of Fund - Direct Plan - Growth,11.374
2026-09-28,149382,Axis Multicap Fund - Regular Plan - Growth,19.23
2026-09-28,149383,Axis Multicap Fund - Direct Growth,20.42
2026-09-28,149384,Axis Multicap Fund - Direct Plan - IDCW,19.42
2026-09-28,149387,Axis Multicap Fund - Regular Plan - IDCW,18.30
2026-09-28,149388,ICICI Prudential Nifty Midcap 150 Index Fund - IDCW,19.1100
2026-09-28,149389,ICICI Prudential Nifty Midcap 150 Index Fund - Direct Plan - Growth,19.7618
2026-09-28,149390,ICICI Prudential Nifty Midcap 150 Index Fund - Growth,19.1103
2026-09-28,149391,ICICI Prudential Nifty Midcap 150 Index Fund - Direct Plan - IDCW,19.7615
2026-09-28,149392,DSP Nifty 50 ETF,240.2699
2026-09-28,149394,Groww Overnight Fund (formerly known as Indiabulls Overnight Fund)- Unclaimed Dividend < 3 years,1319.605
2026-09-28,149395,Groww Overnight Fund (formerly known as Indiabulls Overnight Fund)- Unclaimed Redemption > 3 Years,1000
2026-09-28,149396,Groww Overnight Fund (formerly known as Indiabulls Overnight Fund)- Unclaimed Redemption < 3 Years,1305.2443
2026-09-28,149397,Kotak Nifty Alpha 50 ETF,51.5121
2026-09-28,149398,BHARAT Bond ETF - April 2032,1338.5963
2026-09-28,149399,BHARAT Bond ETF FOF - April 2032 Regular Plan Growth,13.2919
2026-09-28,149400,BHARAT Bond ETF FOF - April 2032 Regular Plan Dividend,12.702
2026-09-28,149401,BHARAT Bond ETF FOF - April 2032 Direct Growth,13.2919
2026-09-28,149402,BHARAT Bond ETF FOF - April 2032 Direct Plan Dividend,12.702
2026-09-28,149403,DSP Nifty Midcap 150 Quality 50 ETF,23.9693
2026-09-28,149404,Mahindra Manulife Balanced Advantage Fund - Regular Plan - Growth,14.5429
2026-09-28,149405,Mahindra Manulife Balanced Advantage Fund - Regular Plan - IDCW,11.5171
2026-09-28,149406,Mahindra Manulife Balanced Advantage Fund - Direct Plan - Growth,15.7970
2026-09-28,149407,Mahindra Manulife Balanced Advantage Fund - Direct Plan - IDCW,12.6869
2026-09-28,149408,ICICI Prudential Overnight fund - Direct Plan - Unclaimed IDCW Transitory Scheme,1313.0907
2026-09-28,149409,ICICI Prudential Overnight fund - Direct Plan - Unclaimed Redemption Stable Scheme,1000.0000
2026-09-28,149410,ICICI Prudential Overnight fund - Direct Plan - Unclaimed Redemption Transitory Scheme,1313.1034
2026-09-28,149411,ICICI Prudential Overnight fund - Direct Plan - Unclaimed IDCW Stable Scheme,1000.0000
2026-09-28,149412,BANK OF INDIA Overnight Fund Unclaimed IDCW Plan - Greater than 3 Years,1000.0000
2026-09-28,149413,BANK OF INDIA Overnight Fund Unclaimed Redemption Plan - Upto 3 Years,1321.2973
2026-09-28,149414,BANK OF INDIA Overnight Fund Unclaimed IDCW Plan - Up to 3 Years,1321.0610
2026-09-28,149415,BANK OF INDIA Overnight Fund Unclaimed Redemption Plan - Greater than 3 Years,1000.0000
2026-09-28,149430,SBI Fixed Maturity Plan (FMP) - Series 57 (1835 Days) - Direct Plan - Income Distribution cum Capital Withdrawal Option (IDCW),13.3116
2026-09-28,149431,SBI Fixed Maturity Plan (FMP) - Series 57 (1835 Days) - Direct Plan - Growth,13.3113
2026-09-28,149432,SBI Fixed Maturity Plan (FMP) - Series 57 (1835 Days) - Regular Plan - Growth,13.2373
2026-09-28,149433,SBI Fixed Maturity Plan (FMP) - Series 57 (1835 Days) - Regular Plan - Income Distribution cum Capital Withdrawal Option (IDCW),13.2377
2026-09-28,149438,Motilal Oswal Nasdaq Q50 ETF,120.4431
2026-09-28,149439,ICICI Prudential Passive Multi-Asset Fund of Funds - Growth,16.4
2026-09-28,149440,ICICI Prudential Passive Multi-Asset Fund of Funds - IDCW,16.4001
2026-09-28,149441,ICICI Prudential Passive Multi-Asset Fund of Funds - Direct Plan - Growth,16.735
2026-09-28,149442,ICICI Prudential Passive Multi-Asset Fund of Funds - Direct Plan - IDCW,16.7459
2026-09-28,149443,Franklin India Overnight Fund- Unclaimed IDCW Plan,13.0780
2026-09-28,149444,Franklin India Overnight Fund- Unclaimed Redemption Investor EducationPlan,10.0000
2026-09-28,149445,Franklin India Overnight Fund- Unclaimed IDCW Investor Education Plan,10.0000
2026-09-28,149446,Franklin India Overnight Fund- Unclaimed Redemption Plan,13.0780
2026-09-28,149447,Navi Nifty Next 50 Index Fund- Direct Plan- Growth,16.7758
2026-09-28,149448,Navi Nifty Next 50 Index Fund- Regular Plan- Growth,16.3289
2026-09-28,149449,Samco Flexi Cap Fund - Regular Plan - Growth Option,9.31
2026-09-28,149450,Samco Flexi Cap Fund - Direct Plan - Growth Option,9.96
2026-09-28,149451,Union Overnight Fund - Unclaimed Amounts Plan - IDCW Beyond 3 years,1000.0000
2026-09-28,149452,Union Overnight Fund - Unclaimed Amounts Plan - IDCW Upto 3 years,1309.4691
2026-09-28,149453,Union Overnight Fund - Unclaimed Amounts Plan - Redemption Beyond 3 years,1000.0000
2026-09-28,149454,Union Overnight Fund - Unclaimed Amounts Plan - Redemption Upto 3 years,1309.4585
2026-09-28,149455,ICICI Prudential Strategic Metal and Energy Equity Fund of Fund - Direct Plan Growth,32.6436
2026-09-28,149456,ICICI Prudential Strategic Metal and Energy Equity Fund of Fund - Growth,31.2584
2026-09-28,149457,ICICI Prudential Strategic Metal and Energy Equity Fund of Fund - IDCW,31.2528
2026-09-28,149458,ICICI Prudential Strategic Metal and Energy Equity Fund of Fund - Direct Plan IDCW,32.643
2026-09-28,149459,SBI Fixed Maturity Plan (FMP) - Series 58 (1842 Days) - Regular Plan - Growth,13.3497
2026-09-28,149460,SBI Fixed Maturity Plan (FMP) - Series 58 (1842 Days) - Direct Plan - Growth,13.4224
2026-09-28,149461,SBI Fixed Maturity Plan (FMP) - Series 58 (1842 Days) - Direct Plan - Income Distribution cum Capital withdrawal option (IDCW),13.4228
2026-09-28,149462,SBI Fixed Maturity Plan (FMP) - Series 58 (1842 Days) - Regular Plan - Income Distribution cum Capital withdrawal option (IDCW),13.3497
2026-09-28,149463,ICICI Prudential Nifty Auto ETF,27.5017
2026-09-28,149464,ICICI PRUDENTIAL SILVER ETF,220.6714
2026-09-28,149465,Nippon India Nifty Auto ETF,274.5482
2026-09-28,149466,Axis Nifty Next 50 Index Fund - Direct Plan - Growth,17.4787
2026-09-28,149467,Axis Nifty Next 50 Index Fund - Regular Plan - Growth,16.9169
2026-09-28,149468,Axis Nifty Next 50 Index Fund - Regular Plan - IDCW,16.0495
2026-09-28,149469,Axis Nifty Next 50 Index Fund - Direct Plan - IDCW,16.5856
2026-09-28,149470,Mahindra Manulife Overnight Fund - Unclaimed Redemption/IDCW upto 3 years,1310.7955
2026-09-28,149471,Mahindra Manulife Overnight Fund - Unclaimed Redemption/IDCW beyond 3 years,1000.0000
2026-09-28,149472,SBI CPSE Bond Plus SDL Sep 2026 50:50 Index Fund - Regular Plan - Growth,13.1593
2026-09-28,149473,SBI CPSE Bond Plus SDL Sep 2026 50:50 Index Fund - Regular Plan - Income Distribution cum Capital Withdrawal Option (IDCW),13.1596
2026-09-28,149474,SBI CPSE Bond Plus SDL Sep 2026 50:50 Index Fund - Direct Plan - Growth,13.2594
2026-09-28,149475,SBI CPSE Bond Plus SDL Sep 2026 50:50 Index Fund - Direct Plan - Income Distribution cum Capital Withdrawal Option (IDCW),13.3166
2026-09-28,149476,Edelweiss Overnight Fund - Unclaimed IDCW Plan - Above 3 years,1000
2026-09-28,149477,Edelweiss Overnight Fund - Unclaimed IDCW Plan - Upto 3 years,1307.0996
2026-09-28,149478,Edelweiss Overnight Fund - Unclaimed Redemption Plan - Upto 3 years,1307.0979
2026-09-28,149479,Edelweiss Overnight Fund - Unclaimed Redemption Plan - Above 3 years,1000
2026-09-28,149480,Sundaram Nifty 100 Equal Weight Fund (Formerly Known as Principal Nifty 100 Equal Weight Fund-Income Distribution CUM Capital Withdrawal,72.0169
2026-09-28,149481,Sundaram Nifty 100 Equal Weight Fund (Formerly Known as Principal Nifty 100 Equal Weight Fund)-Growth,176.4244
2026-09-28,149482,Sundaram Nifty 100 Equal Weight Fund (Formerly Known as Principal Nifty 100 Equal Weight Fund)- Direct Plan - Income Distribution CUM Capital Withdrawal Option,76.3292
2026-09-28,149483,Sundaram Nifty 100 Equal Weight Fund (Formerly Known as Principal Nifty 100 Equal Weight Fund) - Direct Plan - Growth Option,186.9337
2026-09-28,149519,Sundaram Ultra Short to Short Term Fund Regular Plan - Growth,3695.1119
2026-09-28,149521,Sundaram Ultra Short to Short Term Fund Regular Plan - IDCW,1100.2200
2026-09-28,149525,Sundaram Ultra Short to Short Term Fund Direct Plan - IDCW,1123.9579
2026-09-28,149526,Sundaram Ultra Short to Short Term Fund Direct Plan - Growth,3999.6738
2026-09-28,149531,Sundaram Focused Fund (Formerly Known as Principal Focused Multicap Fund)- Income Distribution CUM Capital Withdrawal Option (IDCW),38.2874
2026-09-28,149532,Sundaram Focused Fund (Formerly Known as Principal Focused Multicap Fund)-Growth Option,160.5357
2026-09-28,149533,Sundaram Focused Fund (Formerly Known as Principal Focused Multicap Fund)- Direct Plan - Growth Option,179.8886
2026-09-28,149534,Sundaram Focused Fund (Formerly Known as Principal Focused Multicap Fund)- Direct Plan - Income Distribution CUM Capital Withdrawal Option (IDCW),42.1585
2026-09-28,149535,Sundaram Ultra Short Term Fund Regular Plan - Growth,2863.7061
2026-09-28,149537,Sundaram Ultra Short Term Fund Regular Plan - IDCW,1074.9311
2026-09-28,149539,Sundaram Ultra Short Term Fund Direct Plan - Growth,3170.5836
2026-09-28,149540,Sundaram Ultra Short Term Fund Direct Plan - IDCW,1096.7726
2026-09-28,149549,Sundaram Arbitrage Fund( Formerly Known as Principal Arbitrage Fund) - Direct Plan- Monthly Income Distribution CUM Capital Withdrawal,13.4192
2026-09-28,149550,Sundaram Arbitrage Fund (Formerly Known as Prinicpal Arbitrage Fund) - Direct Plan - Growth,16.5057
2026-09-28,149551,Sundaram Arbitrage Fund (Formerly Known as Principal Arbitrage Fund)- Regular Plan - Monthly Income Distribution CUM Capital Withdrawal,12.8116
2026-09-28,149552,Sundaram Arbitrage Fund (Formerly Know as Principal Arbitrage Fund) - Regular Plan - Growth,15.4974
2026-09-28,149569,Sundaram ELSS Tax Saver Fund Regular Growth,474.3840
2026-09-28,149570,Sundaram ELSS Tax Saver Fund Direct Plan Growth,510.5002
2026-09-28,149571,Sundaram ELSS Tax Saver Fund Direct Plan - Income Distribution CUM Capital Withdrawal Option (IDCW),488.8711
2026-09-28,149572,Sundaram ELSS Tax Saver Fund Regular Plan - Income Distribution CUM Capital Withdrawal Option (IDCW),364.6645
2026-09-28,149585,Sundaram Short Duration Fund (Formerly Known as Principal Short Term Debt Fund)- Growth Plan,47.0906
2026-09-28,149586,Sundaram Short Duration Fund (Formerly Known as Principal Short Term Debt Fund)- Income Distribution CUM Capital Withdrawal Option (IDCW),13.0390
2026-09-28,149587,Sundaram Short Duration Fund (Formerly Known as Principal Short Term Debt Fund)- Direct Plan - Growth Option,51.2908
2026-09-28,149588,Sundaram Short Duration Fund (Formerly Known as Principal Short Term Debt Fund) - Direct Plan - Income Distribution CUM Capital Withdrawal Plan (IDCW),13.1929
2026-09-28,149599,Sundaram Aggressive Hybrid Fund (Formerly Known as Principal Hybrid Equity Fund)-Growth,154.7661
2026-09-28,149600,Sundaram Aggressive Hybrid Fund (Formerly Known as Principal Hybrid Equity Fund)- Monthly Income Distribution CUM Capital Withdrawal,23.5471
2026-09-28,149601,Sundaram Aggressive Hybrid Fund (Formerly Known as Principal Hybrid Equity Fund)- Direct Plan - Growth Option,179.6421
2026-09-28,149602,Sundaram Aggressive Hybrid Fund(Formerly Known as Principal Hybrid Equity Fund)-Direct Plan - Monthly Income Distribution CUM Capital Withdrawal Option,37.0339
2026-09-28,149660,Sundaram Liquid Fund (Formerly Known as Principal Cash Management Fund) - Regular Plan IDCW,1050.1149
2026-09-28,149661,Sundaram Liquid Fund (Formerly Known as Principal Cash Management Fund) -Growth Option,2482.5561
2026-09-28,149662,Sundaram Liquid Fund (Formerly Known as Principal Cash Management Fund) -Direct Plan - IDCW,1053.6096
2026-09-28,149664,Sundaram Liquid Fund (Formerly Known as Principal Cash Management Fund) - Direct Plan - Growth Option,2517.9711
2026-09-28,149666,Sundaram Multi Cap Fund (Formerly Known as Principal Multi Cap Growth Fund)- Income Distribution CUM Capital Withdrawal Option (IDCW),61.9399
2026-09-28,149667,Sundaram Multi Cap Fund (Formerly Known as Principal Multi Cap Growth Fund)-Growth Option,378.4037
2026-09-28,149668,Sundaram Multi Cap Fund (Formerly Known as Principal Multi Cap Growth Fund) - Direct Plan - Income Distribution CUM Capital Withdrawal Option (IDCW),84.6330
2026-09-28,149669,Sundaram Multi Cap Fund (Formerly Known as Principal Multi Cap Growth Fund)-Direct Plan - Growth Option,426.6042
2026-09-28,149674,Sundaram Equity Savings Fund (Formerly Known as Principal Equity Savings Fund) - Growth Option,70.0443
2026-09-28,149675,Sundaram Equity Savings Fund (Formerly Known as Principal Equity Savings Fund)- Income Distribution CUM Capital Withdrawal (IDCW),14.0537
2026-09-28,149677,Sundaram Equity Savings Fund (Formerly Known as  Principal Equity Savings Fund) - Direct Plan - Income Distribution CUM Capital Withdrawal Option (IDCW),15.3572
2026-09-28,149679,Sundaram Equity Savings Fund (Formerly Known as Principal Equity Savings Fund) - Direct Plan - Growth Option,82.7608
2026-09-28,149697,Sundaram Dividend Yield Fund (Formerly Known as Principal Dividend Yield Fund)-Growth Plan,126.2072
2026-09-28,149698,Sundaram Dividend Yield Fund (Formerly Known as Principal Dividend Yield Fund)- Income Distribution CUM Capital Withdrawal Plan,34.3166
2026-09-28,149699,Sundaram Dividend Yield Fund (Formerly Known as Principal Dividend Yield Fund)- Direct Plan - Income Distribution CUM Capital Withdrawal Option,58.3145
2026-09-28,149700,Sundaram Dividend Yield Fund (Formerly Known as Principal Dividend Yield Fund) - Direct Plan - Growth Option,139.7103
2026-09-28,149715,Sundaram Dynamic Asset Allocation Fund Regular Plan - Growth,34.1738
2026-09-28,149716,Sundaram Dynamic Asset Allocation Fund Regular Plan - Monthly IDCW,13.6083
2026-09-28,149717,Sundaram Dynamic Asset Allocation Fund Direct Plan - Growth,40.7861
2026-09-28,149718,Sundaram Dynamic Asset Allocation Fund Direct Plan - Monthly IDCW,16.9508
2026-09-28,149757,Kotak Nifty Midcap 50 ETF,17.5886
2026-09-28,149758,Nippon India Silver ETF,211.3689
2026-09-28,149759,Nippon India Silver ETF FOF-Regular Plan- Growth Option,32.9863
2026-09-28,149760,Nippon India Silver ETF FOF- Direct Plan-Growth Option,33.5592
2026-09-28,149761,Nippon India Silver ETF FOF- Regular Plan-IDCW Option,32.9863
2026-09-28,149762,Nippon India Silver ETF FOF- Direct Plan-IDCW Option,33.5592
2026-09-28,149763,Invesco India Flexi Cap Fund - Direct Plan - Growth,20.11
2026-09-28,149764,Invesco India Flexi Cap Fund - Regular Plan - IDCW,16.69
2026-09-28,149765,Invesco India Flexi Cap Fund - Direct Plan - IDCW,18
2026-09-28,149766,Invesco India Flexi Cap Fund - Regular Plan - Growth,18.77
2026-09-28,149775,ICICI Prudential Silver ETF FOF - Direct Plan - Growth,33.7758
2026-09-28,149776,ICICI Prudential Silver ETF FOF - Direct Plan - IDCW,33.7763
2026-09-28,149777,ICICI Prudential Silver ETF FOF - Growth,33.0128
2026-09-28,149778,ICICI Prudential Silver ETF FOF - IDCW,33.0121
2026-09-28,149779,Aditya Birla Sun Life Silver ETF,220.7590
2026-09-28,149780,Aditya Birla Sun Life Silver ETF FOF-Direct Growth,34.2532
2026-09-28,149781,Aditya Birla Sun Life Silver ETF FOF-Direct IDCW,34.2409
2026-09-28,149783,Aditya Birla Sun Life Silver ETF FOF-Regular Growth,33.5484
2026-09-28,149784,Aditya Birla Sun Life Silver ETF FOF-Regular IDCW,33.5420
2026-09-28,149786,Mirae Asset Nifty India Manufacturing ETF,159.2076
2026-09-28,149787,Mirae Asset Nifty India Manufacturing ETF FOF - Direct Plan - IDCW,19.956
2026-09-28,149788,Mirae Asset Nifty India Manufacturing ETF FOF - Regular Plan - Growth,19.600
2026-09-28,149789,Mirae Asset Nifty India Manufacturing ETF FOF - Regular Plan - IDCW,19.673
2026-09-28,149790,Mirae Asset Nifty India Manufacturing ETF FOF - Direct Plan - Growth,19.955
2026-09-28,149791,Aditya Birla Sun Life Nifty SDL Apr 2027 Index Fund-Regular-IDCW Payout,13.1782
2026-09-28,149792,Aditya Birla Sun Life Nifty SDL Apr 2027 Index Fund-Regular Growth,13.1782
2026-09-28,149793,Aditya Birla Sun Life Nifty SDL Apr 2027 Index Fund-Direct IDCW Payout,13.3652
2026-09-28,149794,Aditya Birla Sun Life Nifty SDL Apr 2027 Index Fund-Direct Growth,13.3655
2026-09-28,149795,TRUST MF OVERNIGHT FUND-REGULAR-GROWTH,1302.2251
2026-09-28,149796,TRUST MF OVERNIGHT FUND-DIRECT PLAN-DAILY IDCW REINVESTMENT,1277.3395
2026-09-28,149797,TRUST MF OVERNIGHT FUND-DIRECT PLAN-GROWTH,1305.3171
2026-09-28,149798,TRUST MF OVERNIGHT FUND-REGULAR PLAN-DAILY IDCW REINVESTMENT,1261.2567
2026-09-28,149799,Motilal Oswal Nifty 200 Momentum 30 Index Fund-Regular Plan,14.3174
2026-09-28,149800,Motilal Oswal Nifty 200 Momentum 30 Index Fund-Direct Plan,14.7763
2026-09-28,149801,Motilal Oswal Nifty 200 Momentum 30 ETF,59.9510
2026-09-28,149802,UTI BSE Sensex Index Fund - Regular Plan  -Growth Option,13.1059
2026-09-28,149803,UTI BSE Sensex Index Fund - Direct Plan - Growth Option,13.1655
2026-09-28,149804,Navi Nifty Bank Index Fund- Direct Plan- Growth,14.3773
2026-09-28,149805,Navi Nifty Bank Index Fund- Regular Plan- Growth,13.8909
2026-09-28,149814,DSP Global Innovation Overseas Equity Omni FoF - Regular - IDCW,22.3015
2026-09-28,149815,DSP Global Innovation Overseas Equity Omni FoF - Direct - IDCW,23.2543
2026-09-28,149816,DSP Global Innovation Overseas Equity Omni FoF - Direct - Growth,23.2543
2026-09-28,149817,DSP Global Innovation Overseas Equity Omni FoF - Regular - Growth,22.3015
2026-09-28,149826,JM Overnight Fund - (Direct) - Unclaimed Redemption I.E.F. - Growth Plan,1073.9936
2026-09-28,149827,JM Overnight Fund - (Direct) - Unclaimed IDCW I.E.F. - Growth Plan,1073.9936
2026-09-28,149828,JM Overnight Fund - (Direct) - Unclaimed IDCW - Growth Plan,1403.8401
2026-09-28,149829,JM Overnight Fund - (Direct) - Unclaimed Redemption - Growth Plan,1398.5597
2026-09-28,149830,Navi Total Stock Market US Specific Equity Passive FoF- Direct Plan- Growth,22.9665
2026-09-28,149831,Navi Total Stock Market US Specific Equity Passive FoF- Regular Plan- Growth,22.9665
2026-09-28,149832,BANDHAN NIFTY 100 INDEX FUND - DIRECT PLAN - GROWTH,14.3704
2026-09-28,149833,BANDHAN NIFTY 100 INDEX FUND - REGULAR PLAN - GROWTH,14.0475
2026-09-28,149834,BANDHAN NIFTY 100 INDEX FUND - REGULAR PLAN - IDCW,14.0497
2026-09-28,149835,BANDHAN NIFTY 100 INDEX FUND - DIRECT PLAN - IDCW,14.3672
2026-09-28,149836,Aditya Birla Sun Life Nifty Next 50 Index Fund-Regular IDCW,17.0372
2026-09-28,149837,Aditya Birla Sun Life Nifty Next 50 Index Fund-Regular Growth,17.0228
2026-09-28,149838,Aditya Birla Sun Life Nifty Next 50 Index Fund-Direct Growth,17.5107
2026-09-28,149839,Aditya Birla Sun Life Nifty Next 50 Index Fund-Direct IDCW,17.4999
2026-09-28,149840,Kotak Manufacture in India Fund - Regular Plan Growth,21.984
2026-09-28,149841,Kotak Manufacture in India Fund - Direct Plan Growth,23.595
2026-09-28,149842,Kotak Manufacture in India Fund - Direct Plan IDCW Option,23.595
2026-09-28,149843,Kotak Manufacture in India Fund - Regular Plan IDCW Option,21.984
2026-09-28,149844,Axis Multi Factor Passive FoF - Regular Plan - Growth Option,14.8042
2026-09-28,149845,Axis Multi Factor Passive FoF - Regular Plan - IDCW,14.8051
2026-09-28,149846,Axis Multi Factor Passive FoF - Direct Plan - IDCW,15.0252
2026-09-28,149847,Axis Multi Factor Passive FoF - Direct Plan - Growth Option,15.0255
2026-09-28,149852,Kotak Nifty SDL Apr  2027 Top 12 Equal Weight Index Fund-Regular Plan- Growth,13.1846
2026-09-28,149853,Kotak Nifty SDL Apr  2027 Top 12 Equal Weight Index Fund-Regular Plan-IDCW Option,13.1848
2026-09-28,149854,Kotak Nifty SDL Apr 2027 Top 12 Equal Weight Index Fund-Direct Plan-IDCW Option,13.278
2026-09-28,149855,Kotak Nifty SDL Apr  2027 Top 12 Equal Weight Index Fund-Direct Plan-Growth,13.2787
2026-09-28,149858,ICICI Prudential Nifty Bank Index Fund - Direct Plan Growth,15.7343
2026-09-28,149859,ICICI Prudential Nifty Bank Index Fund - Growth,15.2732
2026-09-28,149860,ICICI Prudential Nifty Bank Index Fund - IDCW,15.2732
2026-09-28,149861,ICICI Prudential Nifty Bank Index Fund - Direct Plan IDCW,15.7341
2026-09-28,149862,Kotak Nifty SDL Apr 2032 Top 12 Equal Weight Index Fund-Regular Plan-Growth,13.2924
2026-09-28,149864,Kotak Nifty SDL Apr 2032 Top 12 Equal Weight Index Fund-Direct Plan-IDCW Option,13.3952
2026-09-28,149865,Kotak Nifty SDL Apr 2032 Top 12 Equal Weight Index Fund-Direct Plan- Growth,13.3968
2026-09-28,149866,Kotak Nifty SDL Apr 2032 Top 12 Equal Weight Index Fund-Regular Plan-IDCW Option,13.2965
2026-09-28,149868,HDFC NIFTY 100 Index Fund - Direct Plan - Growth Option,14.2857
2026-09-28,149869,HDFC NIFTY 100 Index Fund - Growth Option,13.9675
2026-09-28,149870,HDFC Nifty 100 Equal Weight Index Fund - Direct Plan - Growth Option,16.8644
2026-09-28,149871,HDFC Nifty 100 Equal Weight Index Fund - Growth Option,16.5026
2026-09-28,149872,Axis CRISIL IBX SDL May 2027 Index Fund - Regular Plan - Growth,13.1889
2026-09-28,149873,Axis CRISIL IBX SDL May 2027 Index Fund - Direct Plan - Growth,13.2733
2026-09-28,149874,Axis CRISIL IBX SDL May 2027 Index Fund - Direct Plan - IDCW,13.2729
2026-09-28,149875,Axis CRISIL IBX SDL May 2027 Index Fund - Regular Plan - IDCW,13.1891
2026-09-28,149876,SBI Fixed Maturity Plan (FMP) - Series 60 (1878 Days) - Regular Plan - Growth,13.2630
2026-09-28,149877,SBI Fixed Maturity Plan (FMP) - Series 60 (1878 Days) - Regular Plan - Income Distribution cum Capital Withdrawal Option (IDCW),13.2631
2026-09-28,149878,SBI Fixed Maturity Plan (FMP) - Series 60 (1878 Days) - Direct Plan - Growth,13.3349
2026-09-28,149879,SBI Fixed Maturity Plan (FMP) - Series 60 (1878 Days) - Direct Plan - Income Distribution cum Capital Withdrwal Option (IDCW),13.3354
2026-09-28,149880,UTI BSE Low Volatility Index Fund - Regular Plan - Growth Option,15.0777
2026-09-28,149881,UTI BSE Low Volatility Index Fund - Direct Plan  - Growth Option,15.4016
2026-09-28,149882,SBI Multicap Fund- Direct Plan- Growth option,17.4857
2026-09-28,149883,SBI Multicap Fund- Regular Plan- Income Distribution cum Capital Withdrawal Option (IDCW),16.7845
2026-09-28,149886,SBI Multicap Fund- Regular Plan- Growth Option,16.7817
2026-09-28,149887,SBI Multicap Fund- Direct Plan - Income Distribution cum Capital Withdrawal Option (IDCW),17.4858
2026-09-28,149892,Navi Nifty Midcap 150 Index Fund Direct Plan- Growth,20.9127
2026-09-28,149893,Navi Nifty Midcap 150 Index Fund Regular Plan- Growth,20.1263
2026-09-28,149894,Axis Nifty Smallcap 50 Index Fund - Direct Plan - Growth Option,20.6506
2026-09-28,149895,Axis Nifty Smallcap 50 Index Fund - Direct Plan - IDCW,20.6505
2026-09-28,149896,Axis Nifty Smallcap 50 Index Fund - Regular Plan - Growth Option,19.9701
2026-09-28,149897,Axis Nifty Smallcap 50 Index Fund - Regular Plan - IDCW,19.9703
2026-09-28,149910,Navi NASDAQ100 US Specific Equity Passive FOF- Direct- Growth,25.927
2026-09-28,149911,Navi NASDAQ100 US Specific Equity Passive FOF- Regular- Growth,25.7224
2026-09-28,149914,Nippon India Fixed Maturity Plan-XLIII-Series 5- Direct Plan-Payout of IDCW,13.5723
2026-09-28,149915,Nippon India Fixed Maturity Plan-XLIII-Series 5- Regular Plan-Growth Option,13.4488
2026-09-28,149916,Nippon India Fixed Maturity Plan-XLIII-Series 5- Regular Plan-Payout of IDCW,13.4488
2026-09-28,149917,Nippon India Fixed Maturity Plan-XLIII-Series 5- Direct Plan-Growth Option,13.5723
2026-09-28,149918,Mirae Asset Nifty Midcap 150 ETF,22.5868
2026-09-28,149919,Motilal Oswal BSE Low Volatility Index Fund-Direct plan,15.2958
2026-09-28,149920,Motilal Oswal BSE Low Volatility Index Fund-Regular plan,14.8475
2026-09-28,149921,Motilal Oswal BSE Low Volatility ETF,34.6059
2026-09-28,149922,HDFC FMP 1861D March 2022 - Growth Option,13.3034
2026-09-28,149923,HDFC FMP 1861D March 2022 - Quarterly Dividend Option - Direct Plan,10.0063
2026-09-28,149924,HDFC FMP 1861D March 2022 - Growth Option - Direct Plan,13.4032
2026-09-28,149925,HDFC FMP 1861D March 2022 - IDCW Option,13.3034
2026-09-28,149926,HDFC FMP 1861D March 2022 - IDCW Option - Direct Plan,13.4032
2026-09-28,149927,HDFC FMP 1861D March 2022 - Quarterly Dividend Option,10.006
2026-09-28,149928,ICICI Prudential Nifty 5 yr Benchmark G-SEC ETF,65.7932
2026-09-28,149935,Axis Nifty Midcap 50 Index Fund - Direct Plan - IDCW Option,20.9409
2026-09-28,149936,Axis Nifty Midcap 50 Index Fund - Direct Plan - Growth Option,20.9417
2026-09-28,149937,Axis Nifty Midcap 50 Index Fund - Regular Plan - IDCW Option,20.2492
2026-09-28,149938,Axis Nifty Midcap 50 Index Fund - Regular Plan - Growth Option,20.2491
2026-09-28,149959,Tata Nifty India Digital Exchange Traded Fund,84.8585
2026-09-28,149960,Invesco India - Invesco EQQQ Nasdaq-100 ETF Fund of Fund - Regular Plan - Growth,26.8804
2026-09-28,149961,Invesco India - Invesco EQQQ Nasdaq-100 ETF Fund of Fund - Direct Plan - Growth,27.1645
2026-09-28,149962,HSBC CRISIL IBX 50:50 Gilt Plus SDL Apr 2028 Index Fund - Direct - Payout of IDCW,13.3692
2026-09-28,149963,HSBC CRISIL IBX 50:50 Gilt Plus SDL Apr 2028 Index Fund - Regular - Growth,13.2612
2026-09-28,149964,HSBC CRISIL IBX 50:50 Gilt Plus SDL Apr 2028 Index Fund - Regular - payout of IDCW,13.2611
2026-09-28,149966,HSBC CRISIL IBX 50:50 Gilt Plus SDL Apr 2028 Index Fund - Direct - Growth,13.3692
2026-09-28,149968,DSP Nifty SDL Plus G-Sec Jun 2028 30:70 Index Fund - Regular - Growth,13.2874
2026-09-28,149969,DSP Nifty SDL Plus G-Sec Jun 2028 30:70 Index Fund - Regular - IDCW,13.2874
2026-09-28,149970,DSP Nifty SDL Plus G-Sec Jun 2028 30:70 Index Fund - Direct - Growth,13.3781
2026-09-28,149971,DSP Nifty SDL Plus G-Sec Jun 2028 30:70 Index Fund - Direct - IDCW,13.3781
2026-09-28,149988,Baroda BNP Paribas Overnight Fund - Plan C - Unclaimed IDCW - Greater than 3 years,1000.0000
2026-09-28,149989,Baroda BNP Paribas Overnight Fund - Plan C - Unclaimed Redemption - Up to 3 years,1301.6527
2026-09-28,149990,Baroda BNP Paribas Overnight Fund - Plan C - Unclaimed Redemption - Greater than 3 years,1000.0000
2026-09-28,149991,Baroda BNP Paribas Overnight Fund - Plan C - Unclaimed IDCW - Up to 3 years,1301.6831
2026-09-28,149992,SBI Fixed Maturity Plan (FMP)- Series 61 (1927 Days)- Regular Plan- Income Distribution Cum Capital withdrawal option,13.3003
2026-09-28,149993,SBI Fixed Maturity Plan (FMP)- Series 61 (1927 Days)- Direct Plan- Growth option,13.3705
2026-09-28,149994,SBI Fixed Maturity Plan (FMP)- Series 61 (1927 Days)- Regular Plan- Growth option,13.3004
2026-09-28,149995,SBI Fixed Maturity Plan (FMP)- Series 61 (1927 Days)- Direct Plan- Income Distribution Cum Capital withdrawal option,13.3707
2026-09-28,149996,ICICI Prudential Nifty SDL Sep 2027 Index Fund - Annual IDCW,13.2290
2026-09-28,149997,ICICI Prudential Nifty SDL Sep 2027 Index Fund - Direct Plan - Annual IDCW,13.3177
2026-09-28,149998,ICICI Prudential Nifty SDL Sep 2027 Index Fund - Growth,13.2290
2026-09-28,149999,ICICI Prudential Nifty SDL Sep 2027 Index Fund - Direct Plan - Growth,13.3176
2026-09-28,150000,Kotak Nifty 100 Low Volatility 30 ETF,20.0367
2026-09-28,150001,HDFC FMP 1876D March 2022 - Growth Option,13.264
2026-09-28,150002,HDFC FMP 1876D March 2022 - Growth Option - Direct Plan,13.3526
2026-09-28,150003,HDFC FMP 1876D March 2022 - IDCW Option - Direct Plan,13.3526
2026-09-28,150004,HDFC FMP 1876D March 2022 - IDCW Option,13.264
2026-09-28,150005,HDFC FMP 1876D March 2022 - Quarterly Dividend Option,10.005
2026-09-28,150006,HDFC FMP 1876D March 2022 - Quarterly Dividend Option - Direct Plan,10.0053
2026-09-28,150008,Nippon India Nifty AAA CPSE Bond Plus SDL - Apr 2027 Maturity 60:40 Index Fund - Direct Plan - IDCW Option,12.8546
2026-09-28,150009,Nippon India Nifty AAA CPSE Bond Plus SDL - Apr 2027 Maturity 60:40 Index Fund - Regular Plan - IDCW Option,12.7790
2026-09-28,150011,Nippon India Nifty AAA CPSE Bond Plus SDL - Apr 2027 Maturity 60:40 Index Fund - Regular Plan - Growth Option,13.1028
2026-09-28,150012,Nippon India Nifty AAA CPSE Bond Plus SDL - Apr 2027 Maturity 60:40 Index Fund - Direct Plan - Growth Option,13.2065
2026-09-28,150156,BARODA BNP PARIBAS ELSS Tax Saver Fund - Regular - Growth Option,95.5746
2026-09-28,150157,BARODA BNP PARIBAS ELSS Tax Saver Fund- Regular - IDCW Option,21.0074
2026-09-28,150158,BARODA BNP PARIBAS ELSS Tax Saver Fund - Direct Plan - IDCW Option,27.0440
2026-09-28,150159,BARODA BNP PARIBAS ELSS Tax Saver Fund - Direct Plan - Growth Option,109.2945
2026-09-28,150160,BARODA BNP PARIBAS Ultra Short to Short Term Fund-Defunct Plan-Growth Option,43.0109
2026-09-28,150161,BARODA BNP PARIBAS Ultra Short to Short Term Fund-Defunct Plan-Weekly IDCW Option,10.0094
2026-09-28,150162,BARODA BNP PARIBAS Ultra Short to Short Term Fund-Defunct Plan-Monthly IDCW Option,10.5012
2026-09-28,150163,BARODA BNP PARIBAS Ultra Short to Short Term Fund-Defunct Plan- Daily IDCW Option,10.0468
2026-09-28,150164,BARODA BNP PARIBAS Ultra Short to Short Term FUND - Regular Plan - DAILY IDCW OPTION,10.0573
2026-09-28,150165,BARODA BNP PARIBAS Ultra Short to Short Term FUND - Regular Plan - GROWTH OPTION,42.9364
2026-09-28,150166,BARODA BNP PARIBAS Ultra Short to Short FUND - Regular Plan - WEEKLY IDCW OPTION,10.0094
2026-09-28,150167,BARODA BNP PARIBAS Ultra Short to Short Term FUND - Regular Plan - MONTHLY IDCW OPTION,10.2700
2026-09-28,150168,BARODA BNP PARIBAS Ultra Short to Short term Fund Direct Plan - Daily IDCW Option,10.0930
2026-09-28,150169,BARODA BNP PARIBAS Ultra Short to Short Term Fund - Direct Plan - Growth Option,47.4609
2026-09-28,150170,BARODA BNP PARIBAS Ultra Short to Short term Fund - Direct Plan - Monthly IDCW Option,10.4507
2026-09-28,150171,BARODA BNP PARIBAS Ultra Short to Short Term Fund - Direct Plan - Weekly IDCW Option,10.0106
2026-09-28,150172,Baroda BNP Paribas Dynamic Term Fund-Defunct Plan - Growth Option,32.6930
2026-09-28,150173,Baroda BNP Paribas Dynamic Term Fund - Regular Plan - Growth Option,46.4252
2026-09-28,150174,Baroda BNP Paribas Dynamic Term Fund - Regular Plan - Daily IDCW Option,10.0388
2026-09-28,150175,Baroda BNP Paribas Dynamic Term Fund - Regular Plan - Weekly IDCW Option,10.0239
2026-09-28,150176,Baroda BNP Paribas Dynamic Term Fund - Regular Plan - Monthly IDCW Option,10.0583
2026-09-28,150177,Baroda BNP Paribas Dynamic Term Fund - Regular Plan - Quarterly IDCW Option,10.1525
2026-09-28,150178,Baroda BNP Paribas Dynamic Term Fund - Regular Plan - Half Yearly IDCW Option,10.1877
2026-09-28,150179,Baroda BNP Paribas Dynamic Term Fund - Direct Plan - Daily IDCW Option,10.0508
2026-09-28,150180,Baroda BNP Paribas Dynamic Term Fund - Direct Plan - Growth Option,52.3269
2026-09-28,150182,Baroda BNP Paribas Dynamic Term Fund - Direct Plan - Monthly IDCW Option,10.3444
2026-09-28,150183,Baroda BNP Paribas Dynamic Term Fund - Direct Plan - Quarterly IDCW Option,10.3563
2026-09-28,150184,Baroda BNP Paribas Dynamic Term Fund - Direct Plan - Weekly IDCW Option,10.0369
2026-09-28,150185,BARODA BNP PARIBAS LARGE CAP Fund- Regular Plan - Growth Option,211.7331
2026-09-28,150186,BARODA BNP PARIBAS LARGE CAP Fund - Regular Plan - IDCW Option,20.6555
2026-09-28,150187,BARODA BNP PARIBAS LARGE CAP Fund - Direct Plan - Growth Option,247.7925
2026-09-28,150188,BARODA BNP PARIBAS LARGE CAP Fund - Direct Plan - IDCW Option,25.1792
2026-09-28,150203,BARODA BNP PARIBAS Conservative Hybrid Fund-Regular Plan-Growth Option,46.1609
2026-09-28,150204,BARODA BNP PARIBAS Conservative hybrid Fund-Regular Plan-Monthly IDCW Option,10.5050
2026-09-28,150205,BARODA BNP PARIBAS Conservative Hybrid Fund-Regular Plan-Quarterly IDCW Option,10.7316
2026-09-28,150206,BARODA BNP PARIBAS Conservative Hybrid Fund - Direct Plan - Growth Option,57.2949
2026-09-28,150207,BARODA BNP PARIBAS Conservative Hybrid Fund - Direct Plan - Monthly IDCW Option,12.9908
2026-09-28,150208,BARODA BNP PARIBAS Conservative Hybrid Fund - Direct Plan - Quarterly IDCW Option,12.6661
2026-09-28,150209,BARODA BNP PARIBAS Mid Cap Fund - Regular Plan - Growth Option,106.8357
2026-09-28,150210,BARODA BNP PARIBAS Mid Cap Fund - Regular Plan - IDCW Option,55.6109
2026-09-28,150211,BARODA BNP PARIBAS Mid Cap Fund - Direct Plan - IDCW Option,71.5150
2026-09-28,150212,BARODA BNP PARIBAS Mid Cap Fund - Direct Plan - Growth Option,129.3676
2026-09-28,150228,BARODA BNP PARIBAS Corporate Bond Fund - Defunct Plan - Quarterly-IDCW Option,10.4434
2026-09-28,150229,BARODA BNP PARIBAS Corporate Bond Fund - Defunct Plan - Growth Option,34.0923
2026-09-28,150230,BARODA BNP PARIBAS Corporate Bond Fund - Defunct Plan - Annual-IDCW Option,12.2720
2026-09-28,150231,BARODA BNP PARIBAS Corporate Bond Fund - Defunct Plan - Monthly-IDCW Option,10.3474
2026-09-28,150232,BARODA BNP PARIBAS CORPORATE BOND FUND - Regular Plan - QUARTERLY IDCW OPTION,10.4562
2026-09-28,150233,BARODA BNP PARIBAS CORPORATE BOND FUND - Regular Plan - ANNUAL IDCW OPTION,12.1926
2026-09-28,150234,BARODA BNP PARIBAS CORPORATE BOND FUND - Regular Plan - MONTHLY IDCW OPTION,10.3935
2026-09-28,150235,BARODA BNP PARIBAS CORPORATE BOND FUND - Regular Plan - GROWTH OPTION,29.4554
2026-09-28,150236,BARODA BNP PARIBAS Corporate Bond Fund - Direct Plan - Annual IDCW Option,12.5827
2026-09-28,150237,BARODA BNP PARIBAS Corporate Bond Fund - Direct Plan - Growth Option,31.3914
2026-09-28,150238,BARODA BNP PARIBAS Corporate Bond Fund - Direct Plan - Monthly IDCW Option,10.5711
2026-09-28,150239,BARODA BNP PARIBAS Corporate Bond Fund - Direct Plan - Quarterly IDCW Option,10.7042
2026-09-28,150250,BARODA BNP PARIBAS ARBITRAGE FUND- REGULAR PLAN- GROWTH OPTION,17.1596
2026-09-28,150251,BARODA BNP PARIBAS ARBITRAGE FUND-DIRECT PLAN-GROWTH OPTION,18.3049
2026-09-28,150252,BARODA BNP PARIBAS ARBITRAGE FUND -DIRECT PLAN - ADHOC IDCW OPTION,11.6967
2026-09-28,150253,BARODA BNP PARIBAS ARBITRAGE FUND-REGULAR PLAN- ADHOC IDCW OPTION,11.1989
2026-09-28,150254,BARODA BNP PARIBAS ARBITRAGE FUND REGULAR PLAN MONTHLY IDCW Option,10.5977
2026-09-28,150255,BARODA BNP PARIBAS ARBITRAGE FUND DIRECT PLAN MONTHLY IDCW Option,10.8255
2026-09-28,150256,BARODA BNP PARIBAS ARBITRAGE FUND DIRECT PLAN QUARTERLY IDCW Option,11.0602
2026-09-28,150257,BARODA BNP PARIBAS ARBITRAGE FUND REGULAR PLAN QUARTERLY IDCW Option,10.8755
2026-09-28,150258,Baroda BNP Paribas Aggressive Hybrid Fund- REGULAT PLAN -GROWTH OPTION,27.0620
2026-09-28,150259,Baroda BNP Paribas Aggressive Hybrid Fund -DIRECT PLAN- IDCW OPTION,17.2564
2026-09-28,150260,Baroda BNP Paribas Aggressive Hybrid Fund- DIRECT PLAN - GROWTH OPTION,31.5300
2026-09-28,150261,Baroda BNP Paribas Aggressive Hybrid Fund- REGULAR PLAN- IDCW OPTION,14.8148
2026-09-28,150262,BARODA BNP PARIBAS Focused Fund - Regular Plan - IDCW Option,13.2406
2026-09-28,150263,BARODA BNP PARIBAS Focused Fund - Regular Plan-Growth Option,20.0891
2026-09-28,150264,BARODA BNP PARIBAS Focused Fund - Direct Plan - Growth Option,23.2451
2026-09-28,150265,BARODA BNP PARIBAS Focused Fund - Direct Plan - IDCW Option,15.2870
2026-09-28,150266,BARODA BNP PARIBAS India Consumption Fund - Direct Plan - Growth Option,33.1653
2026-09-28,150267,BARODA BNP PARIBAS India Consumption Fund - Regular Plan - IDCW Option,18.1541
2026-09-28,150268,BARODA BNP PARIBAS India Consumption Fund - Regular Plan - Growth Option,29.4315
2026-09-28,150269,BARODA BNP PARIBAS India Consumption Fund - Direct Plan - IDCW Option,21.1042
2026-09-28,150284,Baroda BNP Paribas Aqua Fund of Fund - Regular Plan Growth,15.1629
2026-09-28,150285,Baroda BNP Paribas Aqua Fund of Fund - Direct Plan - Growth Option,16.0526
2026-09-28,150286,Baroda BNP Paribas Aqua Fund of Fund - Regular Plan - IDCW Option,15.1629
2026-09-28,150287,Baroda BNP Paribas Aqua Fund of Fund - Direct Plan - IDCW Option,16.0526
2026-09-28,150308,ICICI PRUDENTIAL HOUSING OPPORTUNITIES FUND - Growth,16.60
2026-09-28,150309,ICICI PRUDENTIAL HOUSING OPPORTUNITIES FUND - IDCW,13.96
2026-09-28,150310,ICICI PRUDENTIAL HOUSING OPPORTUNITIES FUND - Direct Plan Growth,17.50
2026-09-28,150311,ICICI PRUDENTIAL HOUSING OPPORTUNITIES FUND - Direct Plan IDCW,14.84
2026-09-28,150312,UTI Nifty Midcap 150 Quality 50 Index Fund - Regular Plan - Growth Option,13.5388
2026-09-28,150313,UTI Nifty Midcap 150 Quality 50 Index Fund - Direct Plan - Growth Option,13.8166
2026-09-28,150314,Aditya Birla Sun Life Fixed Term Plan - Series TQ (1879 days) - Regular Plan - Growth Option,13.2800
2026-09-28,150315,Aditya Birla Sun Life Fixed Term Plan - Series TQ (1879 days) - Regular Plan - Payout of IDCW option,13.2798
2026-09-28,150316,Aditya Birla Sun Life Fixed Term Plan - Series TQ (1879 days) - Direct Plan - Growth Option,13.3283
2026-09-28,150326,Tata Nifty SDL Plus AAA PSU Bond Dec 6040 Index Fund- Direct Plan-Growth,13.3948
2026-09-28,150327,Tata Nifty SDL Plus AAA PSU Bond Dec 6040 Index Fund-Direct Plan-IDCW Payout,13.3948
2026-09-28,150328,Tata Nifty SDL Plus AAA PSU Bond Dec 6040 Index Fund-Direct Plan- IDCW Reinvestment,13.3948
2026-09-28,150329,Tata Nifty SDL Plus AAA PSU Bond Dec 6040 Index Fund-Regular Plan- IDCW Reinvestment,13.2351
2026-09-28,150330,Tata Nifty SDL Plus AAA PSU Bond Dec 6040 Index Fund-Regular Plan -Growth,13.2351
2026-09-28,150331,Tata Nifty SDL Plus AAA PSU Bond Dec 6040 Index Fund -Regular Plan-IDCW Payout,13.2351
2026-09-28,150340,Tata Nifty India Digital ETF Fund of Fund-Direct Plan-IDCW Payout,13.2214
2026-09-28,150341,Tata Nifty India Digital ETF Fund of Fund-Direct Plan- IDCW Reinvestment,13.2214
2026-09-28,150342,Tata Nifty India Digital ETF Fund of Fund-Regular Plan-IDCW Payout,12.9666
2026-09-28,150343,Tata Nifty India Digital ETF Fund of Fund-Regular Plan-IDCW Reinvestment,12.9666
2026-09-28,150344,Tata Nifty India Digital ETF Fund of Fund-Direct Plan-Growth,13.2214
2026-09-28,150345,Tata Nifty India Digital ETF Fund of Fund -Regular Plan-Growth,12.9666
2026-09-28,150346,WhiteOak Capital Flexi Cap Fund Direct Plan-Growth,18.440
2026-09-28,150347,WhiteOak Capital Flexi Cap Fund Regular Plan-Growth,17.372
2026-09-28,150348,WhiteOak Capital Flexi Cap Fund Regular Plan IDCW,17.372
2026-09-28,150349,WhiteOak Capital Flexi Cap Fund Direct Plan IDCW,18.440
2026-09-28,150350,Aditya Birla Sun Life Crisil IBX 60:40 SDL+AAA PSU-Apr 2027 Index Fund-Regular IDCW,13.1019
2026-09-28,150351,Aditya Birla Sun Life Crisil IBX 60:40 SDL+AAA PSU-Apr 2027 Index Fund-Regular Growth,13.1056
2026-09-28,150352,Aditya Birla Sun Life Crisil IBX 60:40 SDL+AAA PSU-Apr 2027 Index Fund-Direct IDCW,13.2064
2026-09-28,150353,Aditya Birla Sun Life Crisil IBX 60:40 SDL+AAA PSU-Apr 2027 Index Fund-Direct Growth,13.2042
2026-09-28,150358,Mirae Asset Nifty SDL Jun 2027 Index Fund - Direct Plan - Growth,13.2906
2026-09-28,150359,Mirae Asset Nifty SDL Jun 2027 Index Fund - Direct Plan - IDCW,13.2911
2026-09-28,150360,Mirae Asset Nifty SDL Jun 2027 Index Fund - Regular Plan - Growth,13.1946
2026-09-28,150361,Mirae Asset Nifty SDL Jun 2027 Index Fund - Regular Plan - IDCW,13.1952
2026-09-28,150366,NJ Arbitrage Fund - Regular Plan - Growth Option,12.7934
2026-09-28,150367,NJ Arbitrage Fund - Direct Plan - Growth Option,13.1703
2026-09-28,150368,NJ Overnight Fund - Regular Plan - Growth Option,1272.5684
2026-09-28,150369,NJ Overnight Fund - Direct Plan - Growth Option,1277.8700
2026-09-28,150376,Edelweiss Focused Fund - Direct Plan - Growth,16.9
2026-09-28,150382,Edelweiss Focused Fund - Regular Plan - Growth,15.803
2026-09-28,150383,Edelweiss Focused Fund - Direct Plan - IDCW,15.456
2026-09-28,150384,Edelweiss Focused Fund - Regular Plan - IDCW,14.364
2026-09-28,150385,Baroda BNP Paribas Flexi Cap Fund - Regular Plan - Growth Option,15.2848
2026-09-28,150386,Baroda BNP Paribas Flexi Cap Fund - Regular Plan - IDCW Option,12.7614
2026-09-28,150387,Baroda BNP Paribas Flexi Cap Fund - Direct Plan - Growth Option,16.1659
2026-09-28,150388,Baroda BNP Paribas Flexi Cap Fund - Direct Plan - IDCW Option,13.5009
2026-09-28,150389,Quantum Nifty 50 ETF FOF - Regular Plan - Growth,13.5378
2026-09-28,150390,Quantum Nifty 50 ETF FOF - Direct Plan - Growth,13.6055
2026-09-28,150391,LIC MF Money Market Fund-Direct Plan-IDCW,1305.6002
2026-09-28,150392,LIC MF Money Market Fund-Direct Plan-Growth,1305.6002
2026-09-28,150393,LIC MF Money Market Fund-Regular Plan-Growth,1285.4525
2026-09-28,150394,LIC MF Money Market Fund-Regular Plan-IDCW,1285.4525
2026-09-28,150401,BANDHAN MID CAP FUND - IDCW - DIRECT PLAN,19.898
2026-09-28,150402,BANDHAN MID CAP FUND - GROWTH - REGULAR PLAN,18.693
2026-09-28,150403,BANDHAN MID CAP FUND - IDCW - REGULAR PLAN,17.534
2026-09-28,150404,BANDHAN MID CAP FUND - GROWTH - DIRECT PLAN,19.916
2026-09-28,150405,Union Gilt Fund - Regular Plan - Growth Option,12.0944
2026-09-28,150406,Union Gilt Fund - Regular Plan - Annual IDCW Option,11.3766
2026-09-28,150407,Union Gilt Fund - Direct Plan - Growth Option,12.3389
2026-09-28,150408,Union Gilt Fund - Direct Plan - Annual IDCW Option,11.6550
2026-09-28,150409,UTI 10 year Constant Maturity Gilt Fund - Regular Plan - Growth Option,12.9547
2026-09-28,150410,UTI 10 year Constant Maturity Gilt Fund - Direct Plan - Growth Option,13.2154
2026-09-28,150411,UTI 10 year Constant Maturity Gilt Fund - Regular Plan - Discontinued Quarterly IDCW Option,12.9548
2026-09-28,150412,UTI 10 year Constant Maturity Gilt Fund - Direct Plan - Discontinued Quarterly IDCW Option,13.2156
2026-09-28,150415,UTI 10 year Constant Maturity Gilt Fund - Direct Plan - Half Yearly IDCW Option,13.085
2026-09-28,150416,UTI 10 year Constant Maturity Gilt Fund - Regular Plan - Half Yearly IDCW Option,12.9544
2026-09-28,150419,UTI 10 year Constant Maturity Gilt Fund - Regular Plan - Annual IDCW Option,11.2758
2026-09-28,150420,UTI 10 year Constant Maturity Gilt Fund - Regular Plan - Discontinued Flexi IDCW Option,12.9542
2026-09-28,150423,UTI 10 year Constant Maturity Gilt Fund - Direct Plan - Annual IDCW Option,11.5213
2026-09-28,150424,UTI 10 year Constant Maturity Gilt Fund - Direct Plan - Discontinued Flexi IDCW Option,13.2155
2026-09-28,150427,DSP Nifty Midcap 150 Quality 50 Index Fund - Regular - Growth,13.8737
2026-09-28,150428,DSP Nifty Midcap 150 Quality 50 Index Fund - Direct - Growth,14.2493
2026-09-28,150429,DSP Nifty Midcap 150 Quality 50 Index Fund - Direct - IDCW,13.5365
2026-09-28,150430,DSP Nifty Midcap 150 Quality 50 Index Fund - Regular - IDCW,12.4640
2026-09-28,150439,quant Large Cap Fund - IDCW Option - Direct Plan,16.4384
2026-09-28,150440,quant Large Cap Fund - Growth Option - Direct Plan,16.3708
2026-09-28,150441,quant Large Cap Fund - Growth Option - Regular Plan,15.3475
2026-09-28,150442,quant Large Cap Fund - IDCW Option - Regular Plan,15.2626
2026-09-28,150443,Motilal Oswal BSE Financials ex Bank 30 Index Fund Direct Growth,16.8123
2026-09-28,150444,Motilal Oswal BSE Financials ex Bank 30 Index Fund Regular Growth,16.3416
2026-09-28,150445,Motilal Oswal BSE Healthcare ETF,51.8820
2026-09-28,150451,ICICI Prudential Nifty 200 Momentum 30 Index Fund - IDCW,15.7038
2026-09-28,150452,ICICI Prudential Nifty 200 Momentum 30 Index Fund - Direct Plan - Growth,16.1211
2026-09-28,150453,ICICI Prudential Nifty 200 Momentum 30 Index Fund - Direct Plan - IDCW,16.1187
2026-09-28,150454,ICICI Prudential Nifty 200 Momentum 30 Index Fund - Growth,15.7041
2026-09-28,150455,ICICI Prudential Nifty 200 Momentum 30 ETF,30.1591
2026-09-28,150456,Union Gilt Fund - Direct Plan - Half-yearly IDCW Option,11.9871
2026-09-28,150457,Union Gilt Fund - Regular Plan - Half-yearly IDCW Option,11.7405
2026-09-28,150466,ICICI Prudential Nifty IT Index Fund - Growth,9.7635
2026-09-28,150467,ICICI Prudential Nifty IT Index Fund - IDCW,9.7636
2026-09-28,150468,ICICI Prudential Nifty IT Index Fund - Direct Plan - Growth,9.9831
2026-09-28,150469,ICICI Prudential Nifty IT Index Fund - Direct Plan - IDCW,9.9880
2026-09-28,150470,Mirae Asset Balanced Advantage Fund - Direct Plan - Growth,15.256
2026-09-28,150471,Mirae Asset Balanced Advantage Fund - Direct Plan - IDCW,14.046
2026-09-28,150473,Mirae Asset Balanced Advantage Fund - Regular Plan - Growth,14.403
2026-09-28,150474,Mirae Asset Balanced Advantage Fund - Regular Plan - IDCW,13.270
2026-09-28,150476,HDFC NIFTY 100 ETF - Growth Option,24.743
2026-09-28,150477,HDFC NIFTY NEXT 50 ETF - Growth Option,71.9449
2026-09-28,150478,Franklin India Balanced Advantage Fund- IDCW,12.5780
2026-09-28,150479,Franklin India Balanced Advantage Fund- IDCW- Direct,12.5969
2026-09-28,150480,Franklin India Balanced Advantage Fund- Growth,14.1155
2026-09-28,150481,Franklin India Balanced Advantage Fund- Growth- Direct,15.0641
2026-09-28,150482,Aditya Birla Sun Life Long Term Fund-Regular Growth,12.9585
2026-09-28,150483,Aditya Birla Sun Life Long Term Fund-Regular IDCW Payout,10.5748
2026-09-28,150484,Aditya Birla Sun Life Long Term Fund-Direct Growth,13.2984
2026-09-28,150485,Aditya Birla Sun Life Long Term Fund-Direct IDCW Payout,10.8572
2026-09-28,150487,Nippon India Nifty Alpha Low Volatility 30 Index Fund - Direct Plan - Growth Option,15.5071
2026-09-28,150488,Nippon India Nifty Alpha Low Volatility 30 Index Fund - Direct Plan - IDCW Option,15.5071
2026-09-28,150490,Nippon India Nifty Alpha Low Volatility 30 Index Fund - Regular Plan - Growth Option,15.1537
2026-09-28,150491,Nippon India Nifty Alpha Low Volatility 30 Index Fund - Regular Plan - IDCW Option,15.1537
2026-09-28,150492,Kotak Nifty India Consumption ETF,11.6177
2026-09-28,150497,Aditya Birla Sun Life Nifty 200 Quality 30 ETF,20.2060
2026-09-28,150498,Aditya Birla Sun Life Nifty 200 Momentum 30 ETF,29.9915
2026-09-28,150499,HSBC Overnight Fund - Unclaimed IDCW Below three years,1282.6269
2026-09-28,150500,HSBC Overnight Fund - Unclaimed Redemption above three years,1000
2026-09-28,150501,HSBC Overnight Fund - Unclaimed IDCW Above three years,1000
2026-09-28,150502,HSBC Overnight Fund - Unclaimed Redemption Below three years,1282.6469
2026-09-28,150503,Canara Robeco Banking and PSU Debt Fund- Regular Plan- Growth Option,12.7189
2026-09-28,150504,Canara Robeco Banking and PSU Debt Fund- Regular Plan- IDCW (Payout/ Reinvestment),10.6716
2026-09-28,150505,Canara Robeco Banking and PSU Debt Fund- Direct Plan- Growth Option,12.8784
2026-09-28,150507,Canara Robeco Banking and PSU Debt Fund- Direct Plan- IDCW Payout,10.7964
2026-09-28,150511,TRUSTMF MONEY MARKET FUND-REGULAR PLAN-GROWTH,1314.4633
2026-09-28,150512,TRUSTMF MONEY MARKET FUND-REGULAR PLAN-MONTHLY IDCW,1158.3124
2026-09-28,150513,TRUSTMF MONEY MARKET FUND-DIRECT PLAN-GROWTH,1326.0326
2026-09-28,150514,TRUSTMF MONEY MARKET FUND-DIRECT PLAN-MONTHLY IDCW,1169.0259
2026-09-28,150515,Navi Nifty India Manufacturing Index Fund- Direct Plan- Growth,19.0487
2026-09-28,150516,Navi Nifty India Manufacturing Index Fund- Regular Plan- Growth,18.4682
2026-09-28,150517,Motilal Oswal BSE Enhanced Value ETF,108.3246
2026-09-28,150518,Motilal Oswal BSE Enhanced Value Index Fund-Direct plan,26.2569
2026-09-28,150519,Motilal Oswal BSE Enhanced Value Index Fund-Regular plan,25.5392
2026-09-28,150520,Motilal Oswal BSE Quality ETF,190.5301
2026-09-28,150521,Motilal Oswal BSE Quality Index Fund-Direct plan,16.7032
2026-09-28,150522,Motilal Oswal BSE Quality Index Fund-Regular plan,16.2412
2026-09-28,150523,DSP Silver ETF,21.3048
2026-09-28,150526,ICICI Prudential Nifty Infrastructure ETF,90.4664
2026-09-28,150531,Kotak Nifty MNC ETF,31.8044
2026-09-28,150532,Tata Housing Opportunities Fund - Direct Plan - Growth,15.2908
2026-09-28,150533,Tata Housing Opportunities Fund - Direct Plan - IDCW Reinvestment,15.2908
2026-09-28,150534,Tata Housing Opportunities Fund - Direct Plan - IDCW Payout,15.2908
2026-09-28,150535,Tata Housing Opportunities Fund - Regular Plan - IDCW Payout,14.2683
2026-09-28,150536,Tata Housing Opportunities Fund - Regular Plan - IDCW Reinvestment,14.2683
2026-09-28,150537,Tata Housing Opportunities Fund - Regular Plan - Growth,14.2683
2026-09-28,150538,ICICI Prudential PSU Equity Fund - Growth,21.12
2026-09-28,150539,ICICI Prudential PSU Equity Fund - Direct Plan - Growth,22.31
2026-09-28,150540,ICICI Prudential PSU Equity Fund - IDCW,17.78
2026-09-28,150541,ICICI Prudential PSU Equity Fund - Direct Plan - IDCW,18.92
2026-09-28,150542,JM Short Term Fund (Regular) - Growth,12.7222
2026-09-28,150543,JM Short Term Fund (Regular) - IDCW,12.7228
2026-09-28,150544,JM Short Term Fund (Direct) - IDCW,13.1349
2026-09-28,150545,JM Short Term Fund (Direct) - Growth,13.1344
2026-09-28,150552,Union Retirement Fund - Regular Plan - Growth Option,15.91
2026-09-28,150553,Union Retirement Fund - Regular Plan - IDCW Option,14.74
2026-09-28,150554,Union Retirement Fund - Direct Plan - Growth Option,16.83
2026-09-28,150555,Union Retirement Fund - Direct Plan - IDCW Option,16.64
2026-09-28,150556,HDFC Silver ETF - Growth Option,211.2738
2026-09-28,150568,Sundaram Flexicap Fund Regular Growth,13.7350
2026-09-28,150569,Sundaram Flexicap Fund Regular Plan IDCW Payout,11.3554
2026-09-28,150570,Sundaram Flexicap Fund Regular Plan IDCW Reinvestment,11.3554
2026-09-28,150571,Sundaram Flexicap Fund Direct Growth,14.6006
2026-09-28,150572,Sundaram Flexicap Fund Direct Plan IDCW Reinvestment,12.0813
2026-09-28,150573,Sundaram Flexicap Fund Direct Plan IDCW Payout,12.0813
2026-09-28,150578,Edelweiss Gold and Silver ETF FOF - Direct Plan - IDCW,31.35
2026-09-28,150579,Edelweiss Gold and Silver ETF FOF - Regular Plan - Growth,32.436
2026-09-28,150580,Edelweiss Gold and Silver ETF FOF - Regular Plan - IDCW,30.827
2026-09-28,150581,Edelweiss Gold and Silver ETF FOF - Direct Plan - Growth,32.96
2026-09-28,150582,WhiteOak Capital Mid Cap Fund Direct Plan IDCW,22.641
2026-09-28,150583,WhiteOak Capital Mid Cap Fund Regular Plan Growth,21.278
2026-09-28,150584,WhiteOak Capital Mid Cap Fund Direct Plan Growth,22.641
2026-09-28,150585,WhiteOak Capital Mid Cap Fund Regular Plan IDCW,21.278
2026-09-28,150586,WhiteOak Capital ELSS Tax Saver Fund Direct Plan IDCW,18.593
2026-09-28,150587,WhiteOak Capital ELSS Tax Saver Fund Direct Plan Growth,18.593
2026-09-28,150588,WhiteOak Capital ELSS Tax Saver Fund Regular Plan IDCW,17.380
2026-09-28,150589,WhiteOak Capital ELSS Tax Saver Fund Regular Plan Growth,17.380
2026-09-28,150590,BANDHAN NIFTY200 MOMENTUM 30 INDEX FUND - IDCW - DIRECT PLAN,15.1027
2026-09-28,150591,BANDHAN NIFTY200 MOMENTUM 30 INDEX FUND - GROWTH - DIRECT PLAN,15.1286
2026-09-28,150592,BANDHAN NIFTY200 MOMENTUM 30 INDEX FUND - GROWTH - REGULAR PLAN,14.7507
2026-09-28,150593,BANDHAN NIFTY200 MOMENTUM 30 INDEX FUND - IDCW - REGULAR PLAN,14.7502
2026-09-28,150594,Mirae Asset Global Electric & Autonomous Vehicles Equity Passive FOF - Regular Plan - Growth,15.389
2026-09-28,150595,Mirae Asset Global Electric & Autonomous Vehicles Equity Passive FOF - Direct Plan - Growth,15.639
2026-09-28,150596,Mirae Asset Global X Artificial Intelligence & Technology ETF Fund of Fund - Regular Plan - Growth,36.226
2026-09-28,150597,Mirae Asset Global X Artificial Intelligence & Technology ETF Fund of Fund - Direct Plan- Growth,36.461
2026-09-28,150610,Axis Silver ETF,219.8057
2026-09-28,150615,Axis Silver Fund of Fund- Direct Plan-Growth Option,37.8596
2026-09-28,150616,Axis Silver Fund of Fund- Direct Plan - IDCW Option,37.8592
2026-09-28,150617,Axis Silver Fund of Fund -Regular Plan- Growth Option,37.0825
2026-09-28,150618,Axis Silver Fund of Fund - Regular Plan - IDCW Option,37.0811
2026-09-28,150619,HDFC NIFTY 50 VALUE 20 ETF - Growth Option,118.7113
2026-09-28,150620,HDFC NIFTY100 QUALITY 30 ETF - Growth Option,56.0164
2026-09-28,150621,HDFC NIFTY GROWTH SECTORS 15 ETF - Growth Option,112.4407
2026-09-28,150622,Kotak Business Cycle Fund-Regular Plan-IDCW option,15.771
2026-09-28,150624,Kotak Business Cycle - Direct Plan - Growth,18.01
2026-09-28,150625,Kotak Business Cycle Fund-Direct Plan-IDCW option,16.739
2026-09-28,150626,Kotak Business Cycle Fund-Regular Plan--Growth,16.968
2026-09-28,150627,Nippon India Fixed Maturity Plan-XLIV-Series 1-Direct Plan-Growth Option,13.4452
2026-09-28,150628,Nippon India Fixed Maturity Plan-XLIV-Series 1-Direct Plan-Payout of IDCW,13.4452
2026-09-28,150629,Nippon India Fixed Maturity Plan-XLIV-Series 1-Regular Plan-Growth Option,13.3375
2026-09-28,150630,Nippon India Fixed Maturity Plan-XLIV-Series 1-Regular Plan-Payout of IDCW,13.3375
2026-09-28,150631,Samco Overnight Fund - Direct Plan - Growth Option,1259.6618
2026-09-28,150632,Samco Overnight Fund - Regular Plan - Growth Option,1249.0682
2026-09-28,150633,BANDHAN NIFTY100 LOW VOLATILITY 30 INDEX FUND - GROWTH - REGULAR PLAN,14.6038
2026-09-28,150634,BANDHAN NIFTY100 LOW VOLATILITY 30 INDEX FUND - IDCW - DIRECT PLAN,14.9449
2026-09-28,150635,BANDHAN NIFTY100 LOW VOLATILITY 30 INDEX FUND - IDCW - REGULAR PLAN,14.6035
2026-09-28,150636,BANDHAN NIFTY100 LOW VOLATILITY 30 INDEX FUND - GROWTH - DIRECT PLAN,15.0194
2026-09-28,150637,ICICI Prudential Nifty50 Equal Weight Index Fund- Growth,15.9330
2026-09-28,150638,ICICI Prudential Nifty50 Equal Weight Index Fund- IDCW,15.9329
2026-09-28,150639,ICICI Prudential Nifty50 Equal Weight Index Fund- Direct Plan - Growth,16.3282
2026-09-28,150640,ICICI Prudential Nifty50 Equal Weight Index Fund- Direct Plan - IDCW,16.3280
2026-09-28,150641,Motilal Oswal Gold and Silver Passive Fund of Funds(Regular Plan),29.3837
2026-09-28,150642,Motilal Oswal Gold and Silver Passive Fund of Funds(Direct Plan),29.7921
2026-09-28,150643,ICICI Prudential Nifty Auto Index Fund - Direct Plan - Growth,21.4566
2026-09-28,150644,ICICI Prudential Nifty Auto Index Fund - Direct Plan - IDCW,21.4563
2026-09-28,150645,ICICI Prudential Nifty Auto Index Fund - Growth,20.9902
2026-09-28,150646,ICICI Prudential Nifty Auto Index Fund - IDCW,20.9906
2026-09-28,150657,HDFC NIFTY200 MOMENTUM 30 ETF - Growth Option,29.8921
2026-09-28,150658,HDFC NIFTY100 Low Volatility 30 ETF - Growth Option,19.5623
2026-09-28,150659,LIC MF Multi Cap Fund-Direct Plan-Growth,19.097
2026-09-28,150660,LIC MF Multi Cap Fund-Direct Plan-IDCW,19.097
2026-09-28,150661,LIC MF Multi Cap Fund-Regular Plan-Growth,17.9417
2026-09-28,150662,LIC MF Multi Cap Fund-Regular Plan-IDCW,17.9417
2026-09-28,150671,Edelweiss CRISIL IBX 50:50 Gilt Plus SDL April 2037 Index Fund - Direct Plan - Growth,13.3101
2026-09-28,150672,SBI Nifty Midcap 150 Index Fund - Regular Plan - Growth,18.8684
2026-09-28,150673,SBI Nifty Midcap 150 Index Fund - Direct Plan - Growth,19.2511
2026-09-28,150674,SBI Nifty Midcap 150 Index Fund - Regular Plan - Income Distribution cum Capital Withdrawal Option (IDCW),18.8686
2026-09-28,150675,SBI Nifty Midcap 150 Index Fund - Direct Plan - Income Distribution cum Capital Withdrawal Option (IDCW),19.2505
2026-09-28,150676,SBI Nifty Smallcap 250 Index Fund - Regular Plan - Growth,19.1034
2026-09-28,150677,SBI Nifty Smallcap 250 Index Fund - Direct Plan - Growth,19.4987
2026-09-28,150678,SBI Nifty Smallcap 250 Index Fund - Direct Plan - Income Distribution cum Capital Withdrawal Option (IDCW),19.4982
2026-09-28,150679,SBI Nifty Smallcap 250 Index Fund - Regular Plan - Income Distribution cum Capital Withdrawal Option (IDCW),19.1040
2026-09-28,150680,SBI CRISIL IBX Gilt Index - June 2036 Fund - Regular Plan - Income Distribution cum Capital Withdrawal Option (IDCW),13.2645
2026-09-28,150681,SBI |CRISIL IBX Gilt Index - June 2036 Fund - Direct Plan - Growth,13.3919
2026-09-28,150682,SBI CRISIL IBX Gilt Index - June 2036 Fund - Direct Plan - Income Distribution cum Capital Withdrawal Option (IDCW),13.3919
2026-09-28,150683,SBI CRISIL IBX Gilt Index - June 2036 Fund - Regular Plan - Growth,13.2641
2026-09-28,150684,ICICI PRUDENTIAL TRANSPORTATION AND LOGISTICS FUND - Growth,21.70
2026-09-28,150685,ICICI PRUDENTIAL TRANSPORTATION AND LOGISTICS FUND - Direct Plan - Growth,22.76
2026-09-28,150686,ICICI PRUDENTIAL TRANSPORTATION AND LOGISTICS FUND - IDCW,18.40
2026-09-28,150687,ICICI PRUDENTIAL TRANSPORTATION AND LOGISTICS FUND - Direct Plan - IDCW,19.42
2026-09-28,150688,Aditya Birla Sun Life Multi-Asset Passive FOF-Direct Growth,17.2699
2026-09-28,150689,Aditya Birla Sun Life Multi-Asset Passive FOF-Direct IDCW,17.2707
2026-09-28,150690,Aditya Birla Sun Life Multi-Asset Passive FOF-Regular Growth,17.0496
2026-09-28,150691,Aditya Birla Sun Life Multi-Asset Passive FOF-Regular IDCW,17.0498
2026-09-28,150702,Aditya Birla Sun Life Crisil IBX 50:50 Gilt Plus SDL Apr 2028 Index Fund-Direct Growth,13.3736
2026-09-28,150703,Aditya Birla Sun Life Crisil IBX 50:50 Gilt Plus SDL Apr 2028 Index Fund-Regular Growth,13.2927
2026-09-28,150704,Aditya Birla Sun Life Crisil IBX 50:50 Gilt Plus SDL APR 2028 Index Fund-Direct IDCW,13.3712
2026-09-28,150705,Aditya Birla Sun Life Crisil IBX 50:50 Gilt Plus SDL Apr 2028 Index Fund-Regular IDCW,13.2939
2026-09-28,150706,SBI CRISIL IBX Gilt Index - April 2029 Fund - Direct Plan - Growth,13.3547
2026-09-28,150707,SBI CRISIL IBX Gilt Index - April 2029 Fund - Regular Plan - Growth,13.2326
2026-09-28,150708,SBI CRISIL IBX Gilt Index - April 2029 Fund - Direct Plan - Income Distribution cum Capital Withdrawal Option (IDCW),13.3547
2026-09-28,150709,SBI CRISIL IBX Gilt Index - April 2029 Fund - Regular Plan - Income Distribution cum Capital Withdrawal Option (IDCW),13.2334
2026-09-28,150710,SBI CRISIL IBX SDL Index - September 2027 Fund - Regular Plan - Income Distribution cum Capital Withdrawal Option (IDCW),13.2210
2026-09-28,150711,SBI CRISIL IBX SDL Index - September 2027 Fund - Direct Plan - Growth,13.3121
2026-09-28,150712,SBI CRISIL IBX SDL Index - September 2027 Fund - Regular Plan - Growth,13.2205
2026-09-28,150713,SBI CRISIL IBX SDL Index - September 2027 Fund - Direct Plan - Income Distribution cum Capital Withdrawal Option (IDCW),13.3181
2026-09-28,150714,UTI Gold ETF Fund of Fund - Direct Plan - Growth Option,28.2588
2026-09-28,150715,UTI Gold ETF Fund of Fund - Regular Plan - Growth Opton,27.7941
2026-09-28,150716,BANDHAN TRANSPORTATION AND LOGISTICS FUND - GROWTH - DIRECT PLAN,21.113
2026-09-28,150717,BANDHAN TRANSPORTATION AND LOGISTICS FUND - GROWTH - REGULAR PLAN,19.852
2026-09-28,150718,BANDHAN TRANSPORTATION AND LOGISTICS FUND - IDCW - REGULAR PLAN,18.583
2026-09-28,150719,BANDHAN TRANSPORTATION AND LOGISTICS FUND - IDCW - DIRECT PLAN,21.086
2026-09-28,150720,Edelweiss CRISIL IBX 50:50 Gilt Plus SDL April 2037 Index Fund - Regular Plan - Growth,13.1631
2026-09-28,150721,Edelweiss CRISIL IBX 50:50 Gilt Plus SDL April 2037 Index Fund - Regular Plan - IDCW Option,12.1793
2026-09-28,150722,Edelweiss CRISIL IBX 50:50 Gilt Plus SDL April 2037 Index Fund - Direct Plan - IDCW Option,12.3255
2026-09-28,150723,Kotak Nifty SDL Plus AAA PSU Bond Jul 2028 60:40 Index Fund Regular Plan - Growth,13.1973
2026-09-28,150724,Kotak Nifty SDL Plus AAA PSU Bond Jul 2028 60:40 Index Fund Regular Plan - IDCW,13.1931
2026-09-28,150725,Kotak Nifty SDL Plus AAA PSU Bond Jul 2028 60:40 Index Fund Direct Plan - Growth,13.2987
2026-09-28,150726,Kotak Nifty SDL Plus AAA PSU Bond Jul 2028 60:40 Index Fund Direct Plan - IDCW,13.2988
2026-09-28,150727,Edelweiss CRISIL IBX 50:50 Gilt Plus SDL June 2027 Index Fund - Direct Plan - Growth,13.2757
2026-09-28,150728,ICICI Prudential Nifty SDL Dec 2028 Index Fund - Growth,13.3151
2026-09-28,150729,ICICI Prudential Nifty SDL Dec 2028 Index Fund - Direct Plan - Growth,13.4087
2026-09-28,150730,ICICI Prudential Nifty SDL Dec 2028 Index Fund - Direct Plan - Annual IDCW,13.4090
2026-09-28,150731,ICICI Prudential Nifty SDL Dec 2028 Index Fund - Annual IDCW,13.3151
2026-09-28,150732,ICICI Prudential Nifty G-Sec Dec 2030 Index Fund - Growth,13.2622
2026-09-28,150733,ICICI Prudential Nifty G-Sec Dec 2030 Index Fund - Direct Plan - Growth,13.3600
2026-09-28,150734,ICICI Prudential Nifty G-Sec Dec 2030 Index Fund - Annual IDCW,13.2623
2026-09-28,150735,ICICI Prudential Nifty G-Sec Dec 2030 Index Fund - Direct Plan - Annual IDCW,13.3593
2026-09-28,150736,HDFC Silver ETF Fund of Fund - Growth Option,35.7849
2026-09-28,150737,HDFC Silver ETF Fund of Fund - Growth Option - Direct Plan,36.3088
2026-09-28,150738,Tata Nifty Midcap 150 Momentum 50 Index Fund - Growth - Direct Plan,18.0028
2026-09-28,150739,Tata Nifty Midcap 150 Momentum 50 Index Fund - IDCW Reinvestment - Direct Plan,18.0028
2026-09-28,150740,Tata Nifty Midcap 150 Momentum 50 Index Fund - IDCW Payout - Direct Plan,18.0028
2026-09-28,150741,Tata Nifty Midcap 150 Momentum 50 Index Fund - Growth - Regular Plan,17.5057
2026-09-28,150742,Tata Nifty Midcap 150 Momentum 50 Index Fund - IDCW Payout - Regular Plan,17.5057
2026-09-28,150743,Tata Nifty Midcap 150 Momentum 50 Index Fund - IDCW Reinvestment - Regular Plan,17.5057
2026-09-28,150748,Axis NASDAQ 100 US Specific Equity Passive FOF - Regular Plan - IDCW,30.2695
2026-09-28,150749,Axis NASDAQ 100 US Specific Equity Passive FOF - Direct Plan - IDCW,30.7148
2026-09-28,150750,Axis NASDAQ 100 US Specific Equity Passive FOF - Regular Plan - Growth,30.2697
2026-09-28,150751,Axis NASDAQ 100 US Specific Equity Passive FOF - Direct Plan - Growth,30.7149
2026-09-28,150770,Edelweiss CRISIL IBX 50:50 Gilt Plus SDL June 2027 Index Fund - Direct Plan - IDCW,11.6694
2026-09-28,150771,Edelweiss CRISIL IBX 50:50 Gilt Plus SDL June 2027 Index Fund - Regular Plan - Growth,13.1481
2026-09-28,150772,Edelweiss CRISIL IBX 50:50 Gilt Plus SDL June 2027 Index Fund - Regular Plan - IDCW,11.5423
2026-09-28,150777,Aditya Birla Sun Life Crisil IBX Gilt-Apr 2029 Index Fund-Regular Growth,13.3206
2026-09-28,150778,Aditya Birla Sun Life Crisil IBX Gilt-Apr-2029 Index Fund-Direct Growth,13.4064
2026-09-28,150779,Aditya Birla Sun Life Crisil IBX Gilt-Apr 2029 Index Fund-Regular IDCW,10.2894
2026-09-28,150780,Aditya Birla Sun Life Crisil IBX Gilt-Apr 2029 Index Fund-Direct IDCW,10.3888
2026-09-28,150789,Mirae Asset CRISIL IBX Gilt Index - April 2033 Index Fund - Direct Plan - IDCW,13.3353
2026-09-28,150790,Mirae Asset CRISIL IBX Gilt Index - April 2033 Index Fund - Regular Plan - Growth,13.1891
2026-09-28,150791,Mirae Asset CRISIL IBX Gilt Index - April 2033 Index Fund - Regular Plan - IDCW,13.1900
2026-09-28,150792,Mirae Asset CRISIL IBX Gilt Index - April 2033 Index Fund - Direct Plan - Growth,13.3394
2026-09-28,150797,WhiteOak Capital Large Cap Fund Direct Plan Growth,15.161
2026-09-28,150798,WhiteOak Capital Large Cap Fund Direct Plan IDCW,15.161
2026-09-28,150799,WhiteOak Capital Large Cap Fund Regular Plan Growth,14.233
2026-09-28,150800,WhiteOak Capital Large Cap Fund Regular Plan IDCW,14.233
2026-09-28,150801,HDFC NIFTY IT ETF - Growth option,30.0296
2026-09-28,150802,HDFC NIFTY Private Bank ETF - Growth Option,27.0219
2026-09-28,150803,HDFC Business Cycle Fund - Growth Option,14.926
2026-09-28,150804,HDFC Business Cycle Fund - IDCW Option - Direct Plan,15.631
2026-09-28,150805,HDFC Business Cycle Fund - Growth Option - Direct Plan,15.631
2026-09-28,150806,HDFC Business Cycle Fund - IDCW Option,14.926
2026-09-28,150807,Edelweiss CRISIL IBX 50:50 Gilt Plus SDL Sep 2028 Index Fund - Direct Plan - Growth,13.2957
2026-09-28,150812,JM Mid Cap Fund (Regular) - Growth,20.5477
2026-09-28,150813,JM Mid Cap Fund (Regular) - IDCW,20.5477
2026-09-28,150814,JM Mid Cap Fund (Direct) - IDCW,21.9508
2026-09-28,150815,JM Mid Cap Fund (Direct) - Growth,21.9508
2026-09-28,150816,Canara Robeco Mid Cap Fund- Regular Plan- Growth Option,17.8700
2026-09-28,150817,Canara Robeco Mid Cap Fund- Direct Plan- Growth Option,18.8300
2026-09-28,150818,Canara Robeco Mid Cap Fund- Direct Plan- IDCW,17.3500
2026-09-28,150819,Canara Robeco Mid Cap Fund- Regular Plan- IDCW,16.4400
2026-09-28,150820,Kotak Income Plus Arbitrage Omni  FOF-Regular Plan-Growth,13.1613
2026-09-28,150821,Kotak Income Plus Arbitrage Omni FOF-Regular Plan-IDCW,13.1611
2026-09-28,150822,Kotak Income Plus Arbitrage Omni FOF-Direct Plan-Growth,13.2407
2026-09-28,150823,Kotak Income Plus Arbitrage Omni FOF-Direct Plan-IDCW,13.2408
2026-09-28,150824,Nippon India Nifty SDL Plus G-Sec - Jun 2028 Maturity 70:30 Index Fund-Direct Plan-Growth Option,13.1669
2026-09-28,150825,Nippon India Nifty SDL Plus G-Sec - Jun 2028 Maturity 70:30 Index Fund-Regular Plan-Growth Option,13.0662
2026-09-28,150826,Nippon India Nifty SDL Plus G-Sec - Jun 2028 Maturity 70:30 Index Fund-Direct Plan-IDCW Option,13.1669
2026-09-28,150827,Nippon India Nifty SDL Plus G-Sec - Jun 2028 Maturity 70:30 Index Fund-Regular Plan IDCW Option,13.0662
2026-09-28,150838,Samco ELSS Tax Saver Fund - Direct Plan - Growth Option,13.77
2026-09-28,150839,Samco ELSS Tax Saver Fund - Regular Plan - Growth Option,13.05
2026-09-28,150842,DSP FMP Series - 267 - 1172 Days - Direct - Growth,13.0248
2026-09-28,150843,DSP FMP Series - 267 - 1172 Days - Regular - Growth,12.9705
2026-09-28,150844,HDFC Nifty G-Sec Dec 2026 Index Fund - Growth Option,13.0052
2026-09-28,150845,HDFC Nifty G-Sec Dec 2026 Index Fund - Growth Option - Direct Plan,13.0821
2026-09-28,150846,HDFC Nifty G-Sec July 2031 Index Fund - Growth Option,13.1687
2026-09-28,150847,HDFC Nifty G-Sec July 2031 Index Fund - Growth Option - Direct Plan,13.2518
2026-09-28,150848,Edelweiss CRISIL IBX 50:50 Gilt Plus SDL Sep 2028 Index Fund - Regular Plan - Growth,13.1624
2026-09-28,150849,Edelweiss CRISIL IBX 50:50 Gilt Plus SDL Sep 2028 Index Fund - Regular Plan - IDCW,12.3593
2026-09-28,150850,Edelweiss CRISIL IBX 50:50 Gilt Plus SDL Sep 2028 Index Fund - Direct Plan - IDCW,12.4926
2026-09-28,150851,Axis Nifty SDL September 2026 Debt Index Fund - Regular Plan - Growth,13.0027
2026-09-28,150852,Axis Nifty SDL September 2026 Debt Index Fund - Direct Plan - IDCW,13.0649
2026-09-28,150853,Axis Nifty SDL September 2026 Debt Index Fund - Regular Plan -  IDCW,13.0014
2026-09-28,150854,Axis Nifty SDL September 2026 Debt Index Fund - Direct Plan - Growth,13.0649
2026-09-28,150855,Union Multicap Fund - Regular Plan - Growth Option,17.02
2026-09-28,150856,Union Multicap Fund - Regular Plan - IDCW Option,17.02
2026-09-28,150857,Union Multicap Fund - Direct Plan - IDCW Option,17.86
2026-09-28,150858,Union Multicap Fund - Direct Plan - Growth Option,17.86
2026-09-28,150863,Baroda BNP Paribas Multi Asset Fund - Regular Plan - Growth Option,15.6307
2026-09-28,150864,Baroda BNP Paribas Multi Asset Fund - Regular Plan - IDCW Option,13.6611
2026-09-28,150865,Baroda BNP Paribas Multi Asset Fund - Direct Plan - Growth Option,16.4510
2026-09-28,150866,Baroda BNP Paribas Multi Asset Fund - Direct Plan - IDCW Option,14.6382
2026-09-28,150867,BANDHAN CRISIL IBX 90:10 SDL PLUS GILT - NOV 2026 INDEX FUND - DIRECT IDCW,10.6734
2026-09-28,150868,BANDHAN CRISIL IBX 90:10 SDL PLUS GILT - NOV 2026 INDEX FUND - DIRECT GROWTH,13.1101
2026-09-28,150869,BANDHAN CRISIL IBX 90:10 SDL PLUS GILT - NOV 2026 INDEX FUND - REGULAR GROWTH,12.9836
2026-09-28,150870,BANDHAN CRISIL IBX 90:10 SDL PLUS GILT - NOV 2026 INDEX FUND - REGULAR IDCW,10.5203
2026-09-28,150871,BANDHAN CRISIL IBX 90:10 SDL PLUS GILT APRIL 2032 INDEX FUND - DIRECT GROWTH,13.1281
2026-09-28,150872,BANDHAN CRISIL IBX 90:10 SDL PLUS GILT APRIL 2032 INDEX FUND - DIRECT IDCW,10.7532
2026-09-28,150873,BANDHAN CRISIL IBX 90:10 SDL PLUS GILT APRIL 2032 INDEX FUND - REGULAR GROWTH,13.0406
2026-09-28,150874,BANDHAN CRISIL IBX 90:10 SDL PLUS GILT APRIL 2032 INDEX FUND - REGULAR IDCW,10.6833
2026-09-28,150879,ICICI Prudential Nifty Financial Services Ex-BaNk ETF,30.5150
2026-09-28,150888,BANDHAN CRISIL IBX 90:10 SDL PLUS GILT - SEP27 INDEX FUND - DIRECT GROWTH,13.2020
2026-09-28,150889,BANDHAN CRISIL IBX 90:10 SDL PLUS GILT SEP27 INDEX FUND - DIRECT IDCW,10.6000
2026-09-28,150890,BANDHAN CRISIL IBX 90:10 SDL PLUS GILT SEP27 INDEX FUND - REGULAR GROWTH,13.0756
2026-09-28,150891,BANDHAN CRISIL IBX 90:10 SDL PLUS GILT SEP27 INDEX FUND - REGULAR IDCW,10.5838
2026-09-28,150892,Edelweiss Nifty Smallcap 250 Index Fund - Direct Plan - Growth,18.6369
2026-09-28,150893,Edelweiss Nifty Smallcap 250 Index Fund - Regular Plan - IDCW,16.9563
2026-09-28,150894,Edelweiss Nifty Smallcap 250 Index Fund - Regular Plan - Growth,18.1593
2026-09-28,150895,Edelweiss Nifty Smallcap 250 Index Fund - Direct Plan - IDCW,17.4332
2026-09-28,150896,Edelweiss Nifty Next 50 Index Fund - Direct Plan - IDCW,16.4354
2026-09-28,150897,Edelweiss Nifty Next 50 Index Fund - Regular Plan - Growth,15.9945
2026-09-28,150898,Edelweiss Nifty Next 50 Index Fund - Regular Plan - IDCW,15.9944
2026-09-28,150899,Edelweiss Nifty Next 50 Index Fund - Direct Plan - Growth,16.4357
2026-09-28,150900,Edelweiss Nifty Midcap150 Momentum 50 Index Fund - Regular Plan - Growth,17.6232
2026-09-28,150901,Edelweiss Nifty Midcap150 Momentum 50 Index Fund - Regular Plan - IDCW,17.6232
2026-09-28,150902,Edelweiss Nifty Midcap150 Momentum 50 Index Fund - Direct Plan - Growth,18.0987
2026-09-28,150903,Edelweiss Nifty Midcap150 Momentum 50 Index Fund - Direct Plan - IDCW,18.1016
2026-09-28,150904,Nippon India Nifty G-Sec Sep 2027 Maturity Index Fund-Regular Plan-Growth Option,12.9077
2026-09-28,150905,Nippon India Nifty G-Sec Sep 2027 Maturity Index Fund-Regular Plan-IDCW Option,12.9077
2026-09-28,150906,Nippon India Nifty G-Sec Sep 2027 Maturity Index Fund-Direct Plan-Growth Option,13.0099
2026-09-28,150907,Nippon India Nifty G-Sec Sep 2027 Maturity Index Fund-Direct Plan-IDCW Option,13.0099
2026-09-28,150912,Mahindra Manulife Small Cap Fund - Regular Plan - Growth,22.1366
2026-09-28,150913,Mahindra Manulife Small Cap Fund - Direct Plan - IDCW,22.5523
2026-09-28,150914,Mahindra Manulife Small Cap Fund - Regular Plan - IDCW,21.2185
2026-09-28,150915,Mahindra Manulife Small Cap Fund - Direct Plan - Growth,23.4772
2026-09-28,150920,Nippon India Nifty G-Sec Jun 2036 Maturity Index Fund-Direct Plan-Growth Option,13.1096
2026-09-28,150921,Nippon India Nifty G-Sec Jun 2036 Maturity Index fund-Direct Plan-IDCW Option,13.1096
2026-09-28,150922,Nippon India Nifty G-Sec Jun 2036 Maturity Index Fund-Regular Plan-IDCW Option,13.0001
2026-09-28,150923,Nippon India Nifty G-Sec Jun 2036 Maturity Index Fund-Regular Plan-Growth Option,13.0001
2026-09-28,150928,ICICI Prudential Nifty Pharma Index Fund - Direct Plan - IDCW,20.7247
2026-09-28,150929,ICICI Prudential Nifty Pharma Index Fund - Growth,20.2289
2026-09-28,150930,ICICI Prudential Nifty Pharma Index Fund - Direct Plan - Growth,20.7237
2026-09-28,150931,ICICI Prudential Nifty Pharma Index Fund - IDCW,20.2289
2026-09-28,150948,Kotak Silver ETF,21.4503
2026-09-28,150987,BHARAT Bond ETF - April 2033,1299.2868
2026-09-28,150988,BHARAT Bond ETF FOF - April 2033 - Regular Plan - IDCW,13.0039
2026-09-28,150989,BHARAT Bond ETF FOF - April 2033 - Direct Plan - Growth,13.004
2026-09-28,150990,BHARAT Bond ETF FOF - April 2033 - Direct Plan - IDCW,13.004
2026-09-28,150991,BHARAT Bond ETF FOF - April 2033 - Regular Plan - Growth,13.004
2026-09-28,150992,HSBC Corporate Bond Fund - Regular Growth,77.8395
2026-09-28,150993,HSBC Corporate Bond Fund - Regular Quarterly IDCW,10.7029
2026-09-28,150994,HSBC Corporate Bond Fund - Regular Semi Annual IDCW,16.1076
2026-09-28,150995,HSBC Corporate Bond Fund -Regular Plan - Bonus,29.5676
2026-09-28,150996,HSBC Corporate Bond Fund - Direct Growth,83.2016
2026-09-28,150997,HSBC Corporate Bond Fund - Direct Semi Annual IDCW,19.3301
2026-09-28,150998,HSBC Corporate Bond Fund - Direct Quarterly IDCW,11.1195
2026-09-28,151000,HSBC Corporate Bond Fund - Direct Annual IDCW,11.8181
2026-09-28,151001,HSBC Corporate Bond Fund - Regular Annual IDCW,11.5221
2026-09-28,151012,HSBC Gilt Fund - Regular Quarterly IDCW,9.9645
2026-09-28,151013,HSBC Gilt Fund - Regular Growth,66.2966
2026-09-28,151014,HSBC Gilt Fund - Direct Growth,77.0696
2026-09-28,151015,HSBC Gilt Fund - Direct Quarterly IDCW,11.6687
2026-09-28,151033,HSBC Midcap Fund - Regular IDCW,78.1962
2026-09-28,151034,HSBC Midcap Fund - Regular Growth,452.6941
2026-09-28,151035,HSBC Midcap Fund - Direct IDCW,91.4229
2026-09-28,151036,HSBC Midcap Fund - Direct Growth,518.1538
2026-09-28,151037,HSBC Infrastructure Fund - Regular Growth,49.1562
2026-09-28,151038,HSBC Infrastructure Fund - Regular IDCW,32.6167
2026-09-28,151039,HSBC Infrastructure Fund - Direct IDCW,36.6162
2026-09-28,151040,HSBC Infrastructure Fund - Direct Growth,55.9518
2026-09-28,151041,HSBC Credit Risk Fund- Regular Plan - Bonus,34.0024
2026-09-28,151042,HSBC Credit Risk Fund - Regular IDCW,11.1277
2026-09-28,151043,HSBC Credit Risk Fund - Regular Growth,34.5491
2026-09-28,151044,HSBC Credit Risk Fund - Direct IDCW,12.2386
2026-09-28,151045,HSBC Credit Risk Fund - Direct Growth,37.7825
2026-09-28,151046,HSBC Credit Risk Fund - Regular Annual IDCW,12.5287
2026-09-28,151047,HSBC Credit Risk Fund - Direct Annual IDCW,13.7035
2026-09-28,151048,HSBC Money Market Fund - Regular Growth,28.5188
2026-09-28,151049,HSBC Money Market Fund - Regular Daily IDCW,10.8591
2026-09-28,151050,HSBC Money Market Fund - Regular Weekly IDCW,13.0988
2026-09-28,151051,HSBC Money Market Fund - Regular Monthly IDCW,11.5447
2026-09-28,151052,HSBC Money Market Fund - Direct Monthly IDCW,12.1945
2026-09-28,151053,HSBC Money Market Fund - Direct Weekly IDCW,13.1861
2026-09-28,151054,HSBC Money Market Fund - Direct Growth,29.9819
2026-09-28,151055,HSBC Money Market Fund - Direct Daily IDCW,10.8591
2026-09-28,151056,HSBC Equity Savings Fund - Regular Monthly IDCW,15.071
2026-09-28,151057,HSBC Equity Savings Fund - Regular Quarterly IDCW,15.9623
2026-09-28,151058,HSBC Equity Savings Fund - Regular Growth,36.2913
2026-09-28,151059,HSBC Equity Savings Fund - Direct Quarterly IDCW,17.8268
2026-09-28,151060,HSBC Equity Savings Fund - Direct Growth,40.6771
2026-09-28,151061,HSBC Equity Savings Fund - Direct Monthly IDCW,17.2504
2026-09-28,151062,HSBC Short Term Fund - Bonus,28.1259
2026-09-28,151063,HSBC Short Term Fund -  Regular Plan - Monthly IDCW,11.0427
2026-09-28,151064,HSBC Short Term Fund - Regular Quarterly IDCW,10.2072
2026-09-28,151065,HSBC Short Term Fund - Regular Growth,28.1271
2026-09-28,151067,HSBC Short Term Fund - Direct Growth,29.9414
2026-09-28,151068,HSBC Short Term Fund - Direct Plan -  Monthly IDCW,11.7117
2026-09-28,151069,HSBC Short Term Fund - Direct Quarterly IDCW,11.0532
2026-09-28,151070,HSBC Short Term Fund - Direct Annual IDCW,12.2414
2026-09-28,151071,HSBC Short Term Fund - Regular Annual IDCW,11.6479
2026-09-28,151076,HSBC ELSS Tax saver Fund - Regular Growth,138.0278
2026-09-28,151077,HSBC ELSS Tax saver Fund - Regular IDCW Payout,26.5868
2026-09-28,151078,HSBC ELSS Tax saver Fund - Direct Growth,151.8077
2026-09-28,151079,HSBC ELSS Tax saver Fund - Direct IDCW Payout,39.2842
2026-09-28,151084,HSBC Dynamic Term Fund - Regular Growth,30.5359
2026-09-28,151085,HSBC Dynamic Term Fund - Regular Monthly IDCW,10.5791
2026-09-28,151086,HSBC Dynamic Term Fund - Direct Monthly IDCW,12.6088
2026-09-28,151087,HSBC Dynamic Term Fund - Direct Growth,33.2587
2026-09-28,151088,HSBC Dynamic Term Fund - Direct Annual IDCW,10.766
2026-09-28,151089,HSBC Dynamic Term Fund - Regular Annual IDCW,10.2072
2026-09-28,151102,HSBC Banking and PSU Debt Fund - Regular Daily IDCW,11.0744
2026-09-28,151103,HSBC Banking and PSU Debt Fund - Regular Weekly IDCW,10.2841
2026-09-28,151104,HSBC Banking and PSU Debt Fund - Regular Growth,25.7015
2026-09-28,151105,HSBC Banking and PSU Debt Fund - Regular Monthly IDCW,10.229
2026-09-28,151106,HSBC Banking and PSU Debt Fund - Direct Monthly IDCW,11.0465
2026-09-28,151107,HSBC Banking and PSU Debt Fund - Direct Growth,27.1838
2026-09-28,151108,HSBC Banking and PSU Debt Fund - Direct Daily IDCW,11.1533
2026-09-28,151109,HSBC Banking and PSU Debt Fund - Direct Weekly IDCW,10.3129
2026-09-28,151110,HSBC Value Fund - Regular Growth,110.0744
2026-09-28,151111,HSBC Value Fund - Regular IDCW,47.7032
2026-09-28,151112,HSBC Value Fund - Direct IDCW,61.5099
2026-09-28,151113,HSBC Value Fund - Direct Growth,124.295
2026-09-28,151114,HSBC Ultra Short to Short Term Fund - Regular Growth,30.8328
2026-09-28,151115,HSBC Ultra Short to Short Term Fund - Regular Monthly IDCW,10.343
2026-09-28,151116,HSBC Ultra Short to Short Term Fund - Direct Monthly IDCW,11.0537
2026-09-28,151117,HSBC Ultra Short to Short Term Fund - Direct Growth,32.7187
2026-09-28,151118,HSBC Ultra Short to Short Term Fund - Direct Annual IDCW,10.6471
2026-09-28,151119,HSBC Ultra Short to Short Term Fund - Regular Annual IDCW,10.447
2026-09-28,151120,HSBC Aggressive Hybrid Fund - Regular Growth,58.4237
2026-09-28,151121,HSBC Aggressive Hybrid Fund - Regular IDCW,27.1876
2026-09-28,151122,HSBC Aggressive Hybrid Fund - Direct Growth,67.2106
2026-09-28,151123,HSBC Aggressive Hybrid Fund - Direct IDCW,32.8754
2026-09-28,151124,HSBC Aggressive Hybrid Fund - Regular Annual IDCW,17.0622
2026-09-28,151125,HSBC Aggressive Hybrid Fund - Direct Annual IDCW,19.3873
2026-09-28,151126,HSBC Balanced Advantage Fund - Regular IDCW,17.7582
2026-09-28,151127,HSBC Balanced Advantage Fund - Regular Growth,43.3123
2026-09-28,151128,HSBC Balanced Advantage Fund - Direct IDCW,21.4376
2026-09-28,151129,HSBC Balanced Advantage Fund - Direct Growth,50.9695
2026-09-28,151130,HSBC Small Cap Fund - Direct Growth,100.5923
2026-09-28,151131,HSBC Small Cap Fund - Regular IDCW,40.4721
2026-09-28,151132,HSBC Small Cap Fund - Direct IDCW,47.7668
2026-09-28,151133,HSBC Small Cap Fund - Regular Growth,89.4364
2026-09-28,151134,HSBC Arbitrage Fund - Regular Growth,20.3689
2026-09-28,151135,HSBC Arbitrage Fund - Direct Monthly IDCW,10.2187
2026-09-28,151136,HSBC Arbitrage Fund - Direct Quarterly IDCW,10.6642
2026-09-28,151137,HSBC Arbitrage Fund - Regular Quarterly IDCW,10.551
2026-09-28,151138,HSBC Arbitrage Fund - Direct Growth,21.9598
2026-09-28,151140,HSBC Arbitrage Fund - Regular Monthly IDCW,10.2123
2026-09-28,151142,HSBC Business Cycles Fund - Direct Growth,47.5537
2026-09-28,151143,HSBC Business Cycles Fund - Regular IDCW,22.5926
2026-09-28,151144,HSBC Business Cycles Fund - Regular Growth,42.5998
2026-09-28,151145,HSBC Business Cycles Fund - Direct IDCW,25.2153
2026-09-28,151146,HSBC Medium Term Fund - Direct Growth,23.8231
2026-09-28,151147,HSBC Medium Term Fund - Regular IDCW,10.4826
2026-09-28,151148,HSBC Medium Term Fund - Direct IDCW,11.386
2026-09-28,151149,HSBC Medium Term Fund - Regular Growth,21.6485
2026-09-28,151150,HSBC Medium Term Fund - Direct Annual IDCW,11.6741
2026-09-28,151151,HSBC Medium Term Fund - Regular Annual IDCW,10.5632
2026-09-28,151156,HSBC NIFTY 50 INDEX FUND - Direct IDCW,26.9857
2026-09-28,151157,HSBC NIFTY 50 INDEX FUND - Direct Growth,26.9858
2026-09-28,151158,HSBC NIFTY 50 INDEX FUND - Regular Growth,26.4816
2026-09-28,151159,HSBC NIFTY 50 INDEX FUND - Regular IDCW,26.4816
2026-09-28,151160,HSBC NIFTY NEXT 50 INDEX FUND - Direct Growth,30.864
2026-09-28,151161,HSBC NIFTY NEXT 50 INDEX FUND - Regular IDCW,30.0103
2026-09-28,151162,HSBC NIFTY NEXT 50 INDEX FUND - Regular Growth,30.0102
2026-09-28,151163,HSBC NIFTY NEXT 50 INDEX FUND - Direct IDCW,30.864
2026-09-28,151164,360 ONE ELSS Tax Saver Nifty 50 Index Fund - Regular Plan - Growth,12.8414
2026-09-28,151165,360 ONE ELSS Tax Saver Nifty 50 Index Fund - Direct Plan - Growth,12.9625
2026-09-28,151166,360 ONE ELSS Tax Saver Nifty 50 Index Fund - Direct Plan - IDCW Payout,12.9625
2026-09-28,151167,360 ONE ELSS Tax Saver Nifty 50 Index Fund - Regular Plan - IDCW Payout,12.8414
2026-09-28,151176,Axis Long Duration Fund - Direct Plan -Daily IDCW,981.8815
2026-09-28,151177,Axis Long Duration Fund - Regular Plan - Daily IDCW,981.2184
2026-09-28,151178,Axis Long Duration Fund - Regular Plan - Growth,1230.7983
2026-09-28,151179,Axis Long Duration Fund - Direct Plan - Growth,1251.1352
2026-09-28,151180,HDFC Nifty G-Sec Jun 2027 Index Fund - Growth Option,12.9682
2026-09-28,151181,HDFC Nifty G-Sec Jun 2027 Index Fund - Growth Option - Direct Plan,13.0439
2026-09-28,151182,HDFC Nifty G-Sec Sep 2032 Index Fund - Growth Option,13.0242
2026-09-28,151183,HDFC Nifty G-Sec Sep 2032 Index Fund - Growth Option - Direct Plan,13.1091
2026-09-28,151184,UTI CRISIL SDL Maturity April 2033 Index Fund - Regular Plan - Growth Option,12.8561
2026-09-28,151185,UTI CRISIL SDL Maturity April 2033 Index Fund - Direct Plan - Growth Option,12.9791
2026-09-28,151190,quant Overnight Fund - Growth Option - Direct Plan,12.6108
2026-09-28,151191,quant Overnight Fund - IDCW Option - Regular Plan,12.5515
2026-09-28,151193,quant Overnight Fund - IDCW Option - Direct Plan,12.6159
2026-09-28,151195,quant Overnight Fund - Growth Option - Regular Plan,12.5631
2026-09-28,151196,ICICI Prudential Nifty 10 yr Benchmark G-sec ETF,260.5629
2026-09-28,151201,Axis Long Duration Fund - Regular Plan - Monthly IDCW,1002.3764
2026-09-28,151202,Axis Long Duration Fund - Direct Plan - Monthly IDCW,1001.9954
2026-09-28,151203,Axis Long Duration Fund - Regular Plan - Quarterly IDCW,1190.6246
2026-09-28,151204,Axis Long Duration Fund - Direct Plan - Quarterly IDCW,1210.8864
2026-09-28,151205,Axis Long Duration Fund - Direct Plan - Annual IDCW,1240.0751
2026-09-28,151206,Axis Long Duration Fund - Regular Plan - Annual IDCW,1219.7865
2026-09-28,151207,ICICI Prudential Nifty Commodities ETF,95.5873
2026-09-28,151208,ICICI Prudential Nifty SDL Sep 2026 Index Fund - Growth,12.8557
2026-09-28,151209,ICICI Prudential Nifty SDL Sep 2026 Index Fund - Annual IDCW,12.8555
2026-09-28,151210,ICICI Prudential Nifty SDL Sep 2026 Index Fund - Direct Plan - Annual IDCW,12.9531
2026-09-28,151211,ICICI Prudential Nifty SDL Sep 2026 Index Fund - Direct Plan - Growth,12.9532
2026-09-28,151212,SBI Long Term Fund - Regular Plan - Growth,12.4594
2026-09-28,151213,SBI Long Term Fund - Regular Plan - Income Distribution cum Capital Withdrawal Option (IDCW),12.4596
2026-09-28,151214,SBI Long Term Fund - Direct Plan - Growth,12.6527
2026-09-28,151215,SBI Long Term Fund - Direct Plan - Income Distribution cum Capital Withdrawal Option (IDCW),12.6531
2026-09-28,151228,quant Gilt Fund - Growth Option - Direct Plan,12.4921
2026-09-28,151229,quant Gilt Fund - IDCW Option - Direct Plan,12.475
2026-09-28,151230,quant Gilt Fund - Growth Option - Regular Plan,12.0456
2026-09-28,151231,quant Gilt Fund - IDCW Option - Regular Plan,12.056
2026-09-28,151232,Tata Multicap Fund - Direct Plan - Growth,15.6048
2026-09-28,151233,Tata Multicap Fund - Direct Plan - IDCW Reinvestment,15.6048
2026-09-28,151234,Tata Multicap Fund - Direct Plan - IDCW Payout,15.6048
2026-09-28,151235,Tata Multicap Fund - Regular Plan - Growth,14.7544
2026-09-28,151236,Tata Multicap Fund - Regular Plan - IDCW Reinvestment,14.7544
2026-09-28,151237,Tata Multicap Fund - Regular Plan - IDCW Payout,14.7544
2026-09-28,151238,UTI CRISIL SDL Maturity June 2027 Index Fund - Regular Plan - Growth Option,12.9085
2026-09-28,151239,UTI CRISIL SDL Maturity June 2027 Index Fund - Direct Plan - Growth Option,13.0267
2026-09-28,151262,DSP Nifty Bank ETF,55.8413
2026-09-28,151267,WhiteOak Capital Balanced Advantage Fund Direct Plan Growth,15.313
2026-09-28,151268,WhiteOak Capital Balanced Advantage Fund Regular Plan Growth,14.470
2026-09-28,151273,Tata Nifty G-Sec Dec 2029 Index Fund - Direct Plan - Growth,13.0567
2026-09-28,151274,Tata Nifty G-Sec Dec 2029 Index Fund - Direct Plan - IDCW Payout,13.0567
2026-09-28,151275,Tata Nifty G-Sec Dec 2029 Index Fund - Regular Plan - Growth,12.8974
2026-09-28,151276,Tata Nifty G-Sec Dec 2029 Index Fund - Regular Plan - IDCW Reinvestment,12.8974
2026-09-28,151277,Tata Nifty G-Sec Dec 2029 Index Fund - Regular Plan - IDCW Payout,12.8974
2026-09-28,151278,Tata Nifty G-Sec Dec 2029 Index Fund - Direct Plan - IDCW Reinvestment,13.0567
2026-09-28,151285,Kotak FMP Series 304-Regular Plan-Growth Option,13.1267
2026-09-28,151286,Kotak FMP Series 304-Direct Plan-Growth Option,13.1426
2026-09-28,151287,Kotak FMP Series 304-Direct Plan-Payout of IDCW,13.1414
2026-09-28,151288,Kotak FMP Series 304-Regular Plan-Payout of IDCW,13.1269
2026-09-28,151289,HSBC Multi Cap Fund - Regular - Growth,19.7647
2026-09-28,151290,HSBC Multi Cap Fund - Direct - Growth,20.7283
2026-09-28,151291,HSBC Multi Cap Fund - Direct - IDCW,20.0216
2026-09-28,151292,HSBC Multi Cap Fund - Regular - IDCW,16.2477
2026-09-28,151297,Axis CRISIL IBX 50:50 Gilt Plus SDL June 2028 Index Fund - Regular Plan - Growth,12.8758
2026-09-28,151298,Axis CRISIL IBX 50:50 Gilt Plus SDL June 2028 Index Fund - Regular Plan - IDCW,12.8758
2026-09-28,151299,Axis CRISIL IBX 50:50 Gilt Plus SDL June 2028 Index Fund - Direct Plan - IDCW,12.9703
2026-09-28,151300,Axis CRISIL IBX 50:50 Gilt Plus SDL June 2028 Index Fund - Direct Plan - Growth,12.9645
2026-09-28,151301,Tata Nifty G Sec Dec 2026 Index Fund-Direct Plan-Growth,12.8976
2026-09-28,151302,Tata Nifty G Sec Dec 2026 Index Fund-Direct Plan-IDCW Payout,12.8976
2026-09-28,151303,Tata Nifty G SEc Dec 2026 Index Fund-Regular Plan-IDCW Reinvestment,12.7450
2026-09-28,151304,Tata Nifty G Sec Dec 2026 Index Fund-Regular Plan-IDCW Payout,12.7450
2026-09-28,151305,Tata Nifty G Sec Dec 2026 Index Fund-Direct Plan-IDCW Reinvestment,12.8976
2026-09-28,151306,Tata Nifty G Sec Dec 2026 Index Fund-Regular Plan-Growth,12.7450
2026-09-28,151307,Aditya Birla Sun Life Multi Asset Allocation Fund-Direct Growth,17.3713
2026-09-28,151308,Aditya Birla Sun Life Multi Asset Allocation Fund-Direct IDCW,15.7037
2026-09-28,151309,Aditya Birla Sun Life Multi Asset Allocation Fund-Regular Growth,16.5149
2026-09-28,151310,Aditya Birla Sun Life Multi Asset Allocation Fund-Regular IDCW,13.9059
2026-09-28,151311,HDFC Long Term Fund - IDCW Option,10.519
2026-09-28,151312,HDFC Long Term Fund - IDCW Option - Direct Plan,10.2917
2026-09-28,151313,HDFC Long Term Fund - Growth Option - Direct Plan,12.4114
2026-09-28,151314,HDFC Long Term Fund - Growth Option,12.2535
2026-09-28,151319,TRUSTMF CORPORATE BOND FUND-REGULAR PLAN-MONTHLY IDCW,1164.0553
2026-09-28,151320,TRUSTMF CORPORATE BOND FUND-DIRECT PLAN-GROWTH,1276.4459
2026-09-28,151321,TRUSTMF CORPORATE BOND FUND-DIRECT PLAN-MONTHLY IDCW,1184.5723
2026-09-28,151322,TRUSTMF CORPORATE BOND FUND-REGULAR PLAN-GROWTH,1257.8032
2026-09-28,151327,DSP CRISIL-IBX 50:50 Gilt Plus SDL - April 2033 Index Fund - Regular - Growth,12.8772
2026-09-28,151328,DSP CRISIL-IBX 50:50 Gilt Plus SDL - April 2033 Index Fund - Direct - IDCW,12.9984
2026-09-28,151329,DSP CRISIL-IBX 50:50 Gilt Plus SDL - April 2033 Index Fund - Direct - Growth,12.9984
2026-09-28,151330,DSP CRISIL-IBX 50:50 Gilt Plus SDL - April 2033 Index Fund - Regular - IDCW,12.8772
2026-09-28,151358,Kotak Nifty 1D Rate Liquid ETF,1124.5399
2026-09-28,151365,Edelweiss CRISIL IBX 50:50 Gilt Plus SDL Short Duration Index fund - Direct Plan - Growth,12.8583
2026-09-28,151366,Axis Business Cycles Fund - Regular Plan - Growth,16.70
2026-09-28,151367,Axis Business Cycles Fund - Regular Plan - IDCW,15.40
2026-09-28,151368,Axis Business Cycles Fund - Direct Plan - Growth,17.49
2026-09-28,151369,Axis Business Cycles Fund - Direct Plan - IDCW,16.12
2026-09-28,151370,DSP Nifty SDL Plus G-Sec Sep 2027 50:50 Index Fund - Regular - Growth,12.9291
2026-09-28,151371,DSP Nifty SDL Plus G-Sec Sep 2027 50:50 Index Fund - Direct - IDCW,13.0105
2026-09-28,151372,DSP Nifty SDL Plus G-Sec Sep 2027 50:50 Index Fund - Regular - IDCW,12.9291
2026-09-28,151373,DSP Nifty SDL Plus G-Sec Sep 2027 50:50 Index Fund - Direct - Growth,13.0105
2026-09-28,151374,HDFC NIFTY Midcap 150 ETF - Growth Option,22.3634
2026-09-28,151375,HDFC NIFTY Smallcap 250 ETF - Growth Option,180.1754
2026-09-28,151376,HDFC BSE 500 ETF - Growth Option,35.7553
2026-09-28,151377,ITI Flexi Cap Fund- Regular Plan- Growth,19.5074
2026-09-28,151378,ITI Flexi Cap Fund- Regular Plan- IDCW,18.8625
2026-09-28,151379,ITI Flexi Cap Fund- Direct Plan- Growth,20.7362
2026-09-28,151380,ITI Flexi Cap Fund- Direct Plan- IDCW,20.0850
2026-09-28,151381,Kotak Banking & Financial Services Fund - Regular Plan - Growth,15.307
2026-09-28,151382,Kotak Banking & Financial Services Fund - Regular Plan - IDCW Payout,15.307
2026-09-28,151383,Kotak Banking & Financial Services Fund - Direct Plan - IDCW Payout,16.174
2026-09-28,151384,Kotak Banking & Financial Services Fund - Direct Plan - Growth,16.177
2026-09-28,151389,Nippon India Nifty SDL Plus G-Sec - Jun 2029 Maturity 70:30 Index Fund-Regular Plan-IDCW Option,12.8841
2026-09-28,151390,Nippon India Nifty SDL Plus G-Sec-Jun 2029 Maturity 70:30 Index Fund-Direct Plan-Growth Option,12.9729
2026-09-28,151391,Nippon India Nifty SDL Plus G-Sec-Jun 2029 Maturity 70:30 Index Fund-Direct Plan-IDCW Option,12.9729
2026-09-28,151392,Nippon India Nifty SDL Plus G-Sec-Jun 2029 Maturity 70:30 Index Fund-Regular Plan- Growth Option,12.8841
2026-09-28,151397,Edelweiss CRISIL IBX 50:50 Gilt Plus SDL Short Duration Index fund - Direct Plan - IDCW,12.0596
2026-09-28,151398,Edelweiss CRISIL IBX 50:50 Gilt Plus SDL Short Duration Index fund - Regular Plan - Growth,12.6641
2026-09-28,151399,Edelweiss CRISIL IBX 50:50 Gilt Plus SDL Short Duration Index fund - Regular Plan - IDCW,11.8663
2026-09-28,151404,"PGIM India CRISIL IBX Gilt Index - Apr 2028 Fund - Regular Plan, Growth Option",12.8346
2026-09-28,151405,"PGIM India CRISIL IBX Gilt Index - Apr 2028 Fund - Regular Plan, IDCW Option",10.6113
2026-09-28,151406,"PGIM India CRISIL IBX Gilt Index - Apr 2028 Fund - Direct Plan, IDCW Option",10.6771
2026-09-28,151407,"PGIM India CRISIL IBX Gilt Index - Apr 2028 Fund - Direct Plan, Growth Option",12.9106
2026-09-28,151408,BANDHAN CRISIL IBX GILT APRIL 2032 INDEX FUND - DIRECT GROWTH,12.9989
2026-09-28,151409,BANDHAN CRISIL IBX GILT APRIL 2032 INDEX FUND - REGULAR GROWTH,12.8798
2026-09-28,151410,BANDHAN CRISIL IBX GILT APRIL 2032 INDEX FUND - REGULAR IDCW,10.8406
2026-09-28,151411,BANDHAN CRISIL IBX GILT APRIL 2032 INDEX FUND - DIRECT IDCW,11.0183
2026-09-28,151412,Mirae Asset Flexi Cap Fund - Direct Plan - Growth,16.560
2026-09-28,151413,Mirae Asset Flexi Cap Fund - Direct Plan -  IDCW,16.511
2026-09-28,151414,Mirae Asset Flexi Cap Fund - Regular Plan - Growth,15.709
2026-09-28,151415,Mirae Asset Flexi Cap Fund - Regular Plan - IDCW,15.714
2026-09-28,151416,Mirae Asset Gold ETF,142.6157
2026-09-28,151417,Kotak Nifty SDL Jul 2033 Index Fund Regular Plan Growth Option,12.7959
2026-09-28,151418,Kotak Nifty SDL Jul 2033 Index Fund Direct Plan IDCW,12.5251
2026-09-28,151419,Kotak Nifty SDL Jul 2033 Index Fund Regular Plan IDCW,12.7915
2026-09-28,151420,Kotak Nifty SDL Jul 2033 Index Fund Direct Plan Growth Option,12.9048
2026-09-28,151425,Aditya Birla Sun Life CRISIL IBX SDL Jun 2032 INDEX FUND - Direct IDCW Payout,12.9581
2026-09-28,151426,Aditya Birla Sun Life CRISIL IBX SDL Jun 2032 INDEX FUND - Regular IDCW Payout,12.7897
2026-09-28,151427,Aditya Birla Sun Life CRISIL IBX SDL Jun 2032 INDEX FUND - Direct Growth,12.9558
2026-09-28,151428,Aditya Birla Sun Life CRISIL IBX SDL Jun 2032 INDEX FUND - Regular Growth,12.7895
2026-09-28,151433,AXIS CRISIL IBX 50:50 Gilt Plus SDL September 2027 Index Fund- REGULAR PLAN-GROWTH,12.8921
2026-09-28,151434,AXIS CRISIL IBX 50:50 Gilt Plus SDL September 2027 Index Fund- REGULAR PLAN-IDCW,12.8881
2026-09-28,151435,AXIS CRISIL IBX 50:50 Gilt Plus SDL September 2027 Index Fund- DIRECT PLAN-GROWTH,12.9815
2026-09-28,151436,AXIS CRISIL IBX 50:50 Gilt Plus SDL September 2027 Index Fund- DIRECT PLAN- IDCW,12.9814
2026-09-28,151439,Nippon India Nifty G-Sec Oct 2028 Maturity Index Fund-Regular Plan-Growth Option,12.8794
2026-09-28,151440,Nippon India Nifty G-Sec Oct 2028 Maturity Index Fund-Direct Plan-Growth Option,12.9595
2026-09-28,151441,Nippon India Nifty G-Sec Oct 2028 Maturity Index Fund-Regular Plan-IDCW Option,12.8794
2026-09-28,151442,Nippon India Nifty G-Sec Oct 2028 Maturity Index Fund-Direct Plan-IDCW Option,12.9595
2026-09-28,151443,Bank of India Multi Cap Fund Direct Plan - Growth,20.30
2026-09-28,151444,Bank of India Multi Cap Fund Direct Plan - IDCW,20.27
2026-09-28,151445,Bank of India Multi Cap Fund Regular Plan - Growth,19.49
2026-09-28,151446,Bank of India Multi Cap Fund Regular Plan - IDCW,19.49
2026-09-28,151447,DSP FMP Series - 270 - 1172 Days - Regular - Growth,12.7363
2026-09-28,151449,DSP FMP Series - 270 - 1172 Days - Direct - Growth,12.7823
2026-09-28,151450,DSP FMP Series - 270 - 1172 Days - Direct - IDCW,12.7836
2026-09-28,151455,HDFC Nifty SDL Oct 2026 Index Fund - Growth Option,12.8287
2026-09-28,151456,HDFC Nifty SDL Oct 2026 Index Fund - Growth Option - Direct Plan,12.9007
2026-09-28,151457,HDFC MNC Fund - Growth Option,13.672
2026-09-28,151458,HDFC MNC Fund - Growth Option - Direct Plan,14.254
2026-09-28,151459,HDFC MNC Fund - IDCW Option,13.672
2026-09-28,151460,HDFC MNC Fund - IDCW Option - Direct Plan,14.254
2026-09-28,151465,HDFC FMP 2638D February 2023 - Growth Option,13.0542
2026-09-28,151467,HDFC FMP 2638D February 2023 - Quarterly IDCW Option,9.9863
2026-09-28,151468,HDFC FMP 2638D February 2023 - IDCW Option,13.0542
2026-09-28,151469,HDFC FMP 2638D February 2023 - Quarterly IDCW Option - Direct Plan,9.9864
2026-09-28,151470,HDFC FMP 2638D February 2023 - Growth Option - Direct Plan,13.1734
2026-09-28,151471,NAVI ELSS TAX SAVER NIFTY 50 INDEX FUND - DIRECT PLAN GROWTH,13.8639
2026-09-28,151472,NAVI ELSS TAX SAVER NIFTY 50 INDEX FUND - REGULAR PLAN GROWTH,13.4123
2026-09-28,151473,NAVI ELSS TAX SAVER NIFTY 50 INDEX FUND - DIRECT PLAN IDCW PAYOUT,13.8701
2026-09-28,151474,NAVI ELSS TAX SAVER NIFTY 50 INDEX FUND - REGULAR PLAN IDCW PAYOUT,13.4653
2026-09-28,151475,SBI Dividend Yield Fund - Direct Plan - Income Distribution cum Capital Withdrawal (IDCW) Option,15.7385
2026-09-28,151476,SBI Dividend Yield Fund - Regular Plan - Growth,15.1832
2026-09-28,151477,SBI Dividend Yield Fund - Regular Plan - Income Distribution cum Capital Withdrawal (IDCW) Option,15.1830
2026-09-28,151478,SBI Dividend Yield Fund - Direct Plan - Growth,15.7374
2026-09-28,151479,HSBC CRISIL IBX Gilt June 2027 Index Fund - Direct - Growth,12.8143
2026-09-28,151480,HSBC CRISIL IBX Gilt June 2027 Index Fund - Regular - Growth,12.7017
2026-09-28,151481,HSBC CRISIL IBX Gilt June 2027 Index Fund - Regular - IDCW,12.7018
2026-09-28,151482,HSBC CRISIL IBX Gilt June 2027 Index Fund - Direct - IDCW,12.8145
2026-09-28,151483,UTI Fixed Term Income Fund Series XXXVI - I (1574 Days) - Regular Plan - Growth Option,12.894
2026-09-28,151484,UTI Fixed Term Income Fund Series XXXVI - I (1574 Days) - Direct Plan - Payout of IDCW Option,12.5073
2026-09-28,151485,UTI Fixed Term Income Fund Series XXXVI - I (1574 Days) - Direct Plan - Growth Option,13.078
2026-09-28,151486,UTI Fixed Term Income Fund Series XXXVI - I (1574 Days) - Regular Plan - Payout of IDCW Option,12.3289
2026-09-28,151487,UTI NIFTY SDL Plus AAA PSU Bond Apr 2028- 75:25 Index Fund - Direct Plan - Growth Option,12.9772
2026-09-28,151488,UTI NIFTY SDL Plus AAA PSU Bond Apr 2028- 75:25 Index Fund - Regular Plan - Growth Option,12.8771
2026-09-28,151489,HDFC Nifty G-Sec Jun 2036 Index Fund - Growth Option - Direct Plan,13.0016
2026-09-28,151490,HDFC Nifty G-Sec Jun 2036 Index Fund - Growth Option,12.9175
2026-09-28,151491,ICICI Prudential Fixed Maturity Plan - Series 88 - 1303 Days Plan S - Growth,12.7599
2026-09-28,151492,ICICI Prudential Fixed Maturity Plan - Series 88 - 1303 Days Plan S - Direct Plan - IDCW,12.8727
2026-09-28,151493,ICICI Prudential Fixed Maturity Plan - Series 88 - 1303 Days Plan S - Direct Plan - Growth,12.8729
2026-09-28,151494,ICICI Prudential Fixed Maturity Plan - Series 88 - 1303 Days Plan S - IDCW,12.7599
2026-09-28,151495,HDFC Nifty G-Sec Apr 2029 Index Fund - Growth Option - Direct Plan,12.9987
2026-09-28,151496,HDFC Nifty G-Sec Apr 2029 Index Fund - Growth Option,12.9252
2026-09-28,151523,UTI Long Term Fund - Direct Plan - Growth Option,12.2007
2026-09-28,151524,UTI Long Term Fund - Direct Plan - Quarterly IDCW Option,12.2007
2026-09-28,151525,UTI Long Term Fund - Direct Plan - Annual IDCW Option,11.2485
2026-09-28,151526,UTI Long Term Fund - Direct Plan - Flexi IDCW Option,12.0462
2026-09-28,151527,UTI Long Term Fund - Regular Plan - Growth Option,11.8053
2026-09-28,151528,UTI Long Term Fund - Regular Plan - Quarterly IDCW Option,11.8053
2026-09-28,151529,UTI Long Term Fund - Regular Plan - Half Yearly IDCW Option,11.8054
2026-09-28,151530,UTI Long Term Fund - Direct Plan - Half Yearly IDCW Option,12.2007
2026-09-28,151531,UTI Long Term Fund - Regular Plan - Annual IDCW Option,10.8707
2026-09-28,151532,UTI Long Term Fund - Regular Plan - Flexi IDCW Option,11.8054
2026-09-28,151533,Aditya Birla Sun Life CRISIL Liquid Overnight ETF - IDCW Daily Reinvestment with Weekly Payout,1000.0000
2026-09-28,151546,Bandhan US Treasury Bond 0-1 year specific Debt Passive FOF - REGULAR PLAN - GROWTH,13.4921
2026-09-28,151547,Bandhan US Treasury Bond 0-1 year specific Debt Passive FOF- REGULAR PLAN- IDCW,13.4921
2026-09-28,151548,Bandhan US Treasury Bond 0-1 year specific Debt Passive FOF - DIRECT PLAN - GROWTH,13.5202
2026-09-28,151549,Bandhan US Treasury Bond 0-1 year specific Debt Passive FOF - DIRECT PLAN - IDCW,13.5202
2026-09-28,151560,Aditya Birla Sun Life Nifty SDL SEP 2027 Index Fund-Regular Growth,12.8980
2026-09-28,151561,Aditya Birla Sun Life Nifty SDL SEP 2027 Index Fund-Regular IDCW,12.8979
2026-09-28,151562,Aditya Birla Sun Life Nifty SDL SEP 2027 Index Fund-Direct Growth,13.0038
2026-09-28,151563,Aditya Birla Sun Life Nifty SDL SEP 2027 Index Fund-Direct IDCW,13.0025
2026-09-28,151570,HDFC NIFTY SDL Plus G-Sec Jun 2027 40:60 Index Fund - Growth Option - Direct Plan,12.8247
2026-09-28,151571,HDFC NIFTY SDL Plus G-Sec Jun 2027 40:60 Index Fund - Growth Option,12.7592
2026-09-28,151572,ICICI Prudential Nifty PSU Bank ETF,81.4177
2026-09-28,151573,Baroda BNP Paribas NIFTY SDL December 2028 Index Fund - Regular Plan - IDCW Option,11.9246
2026-09-28,151574,Baroda BNP Paribas NIFTY SDL December 2028 Index Fund - Direct Plan - Growth Option,12.9233
2026-09-28,151575,Baroda BNP Paribas NIFTY SDL December 2028 Index Fund - Direct Plan - IDCW Option,12.1266
2026-09-28,151576,Baroda BNP Paribas NIFTY SDL December 2028 Index Fund - Regular Plan - Growth Option,12.7888
2026-09-28,151577,Aditya Birla Sun Life Crisil IBX Gilt Apr 2028 Index Fund-Direct Growth,12.7139
2026-09-28,151578,ICICI Prudential Innovation Fund - Direct Plan - IDCW,16.63
2026-09-28,151579,ICICI Prudential Innovation Fund - Growth,18.89
2026-09-28,151580,ICICI Prudential Innovation Fund - Direct Plan - Growth,19.64
2026-09-28,151581,ICICI Prudential Innovation Fund - IDCW,15.92
2026-09-28,151582,Aditya Birla Sun Life Crisil IBX Gilt Apr 2028 Index Fund-Regular IDCW,12.5978
2026-09-28,151583,Aditya Birla Sun Life Crisil IBX Gilt Apr 2028 Index Fund-Regular Growth,12.5984
2026-09-28,151584,Aditya Birla Sun Life Crisil IBX Gilt Apr 2028 Index Fund-Direct IDCW,12.7173
2026-09-28,151585,Axis BSE Sensex ETF,75.5900
2026-09-28,151590,Invesco India Nifty G-sec Jul 2027 Index Fund - Regular Plan - Growth,1274.5155
2026-09-28,151591,Invesco India Nifty G-sec Jul 2027 Index Fund - Regular Plan - IDCW Payout,1274.5273
2026-09-28,151592,Invesco India Nifty G-sec Jul 2027 Index Fund - Direct Plan - IDCW Payout,1281.1313
2026-09-28,151593,Invesco India Nifty G-sec Jul 2027 Index Fund - Direct Plan - Growth,1281.1318
2026-09-28,151594,Invesco India Nifty G-sec Sep 2032 Index Fund - Regular Plan - Growth,1276.935
2026-09-28,151595,Invesco India Nifty G-sec Sep 2032 Index Fund - Regular Plan - IDCW Payout,1276.9174
2026-09-28,151596,Invesco India Nifty G-sec Sep 2032 Index Fund - Direct Plan - IDCW Payout,1283.4935
2026-09-28,151597,Invesco India Nifty G-sec Sep 2032 Index Fund - Direct Plan - Growth,1283.4945
2026-09-28,151602,Kotak Silver ETF Fund of Fund - Regular Plan - Growth Option,29.018
2026-09-28,151603,Kotak Silver ETF Fund of Fund - Direct Plan - Growth Option,29.4727
2026-09-28,151604,Mirae Asset Nifty 100 Low Volatility 30 ETF,195.8020
2026-09-28,151609,NJ ELSS Tax Saver Fund Regular Growth,13.70
2026-09-28,151610,NJ ELSS Tax Saver Fund Regular IDCW,13.70
2026-09-28,151611,NJ ELSS Tax Saver Fund Direct Growth,14.53
2026-09-28,151612,NJ ELSS Tax Saver Fund Direct IDCW,14.53
2026-09-28,151647,Kotak Nifty Smallcap 50 Index Fund - Regular Plan - Growth,22.194
2026-09-28,151648,Kotak Nifty Smallcap 50 Index Fund - Regular Plan - IDCW,22.194
2026-09-28,151649,Kotak Nifty Smallcap 50 Index Fund - Direct Plan - Growth,22.683
2026-09-28,151650,Kotak Nifty Smallcap 50 Index Fund - Direct Plan - IDCW,22.695
2026-09-28,151691,Mirae Asset Nifty SDL June 2028 Index Fund - Direct Plan - Growth,12.8758
2026-09-28,151692,Mirae Asset Nifty SDL June 2028 Index Fund - Direct Plan - IDCW,12.8750
2026-09-28,151693,Mirae Asset Nifty SDL June 2028 Index Fund - Regular Plan - IDCW,12.7093
2026-09-28,151694,Mirae Asset Nifty SDL June 2028 Index Fund - Regular Plan - Growth,12.7089
2026-09-28,151695,Mirae Asset Nifty 8-13 yr G-Sec ETF,30.0471
2026-09-28,151708,Nippon India Fixed Maturity Plan-XLV-Series 5-Direct Plan-Growth Option,13.3669
2026-09-28,151710,Nippon India Fixed Maturity Plan-XLV-Series 5-Regular Plan-Growth Option,13.2333
2026-09-28,151712,quant Dynamic Asset Allocation Fund - IDCW Option - Direct Plan,16.7283
2026-09-28,151713,quant Dynamic Asset Allocation Fund - Growth Option - Direct Plan,16.7344
2026-09-28,151714,quant Dynamic Asset Allocation Fund - Growth Option - Regular Plan,15.8851
2026-09-28,151715,quant Dynamic Asset Allocation Fund - IDCW Option - Regular Plan,15.8866
2026-09-28,151724,HDFC NIFTY Midcap 150 Index Fund - Growth Option - Direct Plan,18.8637
2026-09-28,151725,HDFC NIFTY Midcap 150 Index Fund - Growth Option,18.5053
2026-09-28,151726,HDFC NIFTY Smallcap 250 Index Fund - Growth Option,19.1279
2026-09-28,151727,HDFC NIFTY Smallcap 250 Index Fund - Growth Option - Direct Plan,19.4888
2026-09-28,151728,HDFC BSE 500 Index Fund - Growth Option - Direct Plan,15.042
2026-09-28,151729,HDFC BSE 500 Index Fund - Regular Plan - Growth Option,14.7545
2026-09-28,151730,UTI Silver Exchange Traded Fund,213.3922
2026-09-28,151731,UTI Silver ETF Fund of Fund - Direct Plan - Growth Option,28.1181
2026-09-28,151732,UTI Silver ETF Fund of Fund - Regular Plan - Growth Option,27.7712
2026-09-28,151737,DSP Gold ETF,14.2516
2026-09-28,151738,UTI Nifty 500 Value 50 Index Fund - Regular Plan - Growth Option,21.0088
2026-09-28,151739,UTI Nifty 500 Value 50 Index Fund - Direct Plan - Growth Option,21.348
2026-09-28,151745,WhiteOak Capital Multi Asset Allocation Fund Direct Plan Growth,16.512
2026-09-28,151746,WhiteOak Capital Multi Asset Allocation Fund Regular Plan Growth,15.872
2026-09-28,151747,Baroda BNP Paribas Value Fund - Regular Plan - Growth option,13.2379
2026-09-28,151748,HDFC Defence Fund - IDCW Option,29.401
2026-09-28,151749,HDFC Defence Fund - IDCW Option - Direct Plan,30.496
2026-09-28,151750,HDFC Defence Fund - Growth Option - Direct Plan,30.496
2026-09-28,151751,HDFC Defence Fund - Growth Option,29.401
2026-09-28,151752,Samco Active Momentum Fund - Regular Plan - Growth Option,15.21
2026-09-28,151753,Samco Active Momentum Fund - Direct Plan - Growth Option,15.91
2026-09-28,151754,Baroda BNP Paribas Value Fund - Regular Plan - IDCW option,12.0699
2026-09-28,151755,Baroda BNP Paribas Value Fund - Direct Plan - Growth option,13.8086
2026-09-28,151756,Baroda BNP Paribas Value Fund - Direct Plan - IDCW option,12.5909
2026-09-28,151757,quant Business Cycle Fund - Growth Option - Direct Plan,16.7109
2026-09-28,151758,quant Business Cycle Fund - Growth Option - Regular Plan,15.8693
2026-09-28,151759,quant Business Cycle Fund - IDCW Option - Direct Plan,16.6984
2026-09-28,151760,quant Business Cycle Fund - IDCW Option - Regular Plan,15.8845
2026-09-28,151761,UTI Nifty50 Equal Weight Index Fund - Regular Plan - Growth Option,14.2754
2026-09-28,151762,UTI Nifty50 Equal Weight Index Fund - Direct Plan - Growth Option,14.4894
2026-09-28,151763,UTI BSE Housing Index Fund - Regular Plan - Growth Option,13.2363
2026-09-28,151764,UTI BSE Housing Index Fund - Direct Plan - Growth Option,13.4315
2026-09-28,151765,SBI BSE Sensex Index Fund - Regular Plan - Growth,11.9258
2026-09-28,151766,SBI BSE Sensex Index Fund - Regular Plan - IDCW,11.9258
2026-09-28,151769,SBI BSE Sensex Index Fund - Direct Plan - Growth,12.0135
2026-09-28,151770,SBI BSE Sensex Index Fund - Direct Plan - IDCW,12.0140
2026-09-28,151775,ITI Focused Fund - Regular Plan - IDCW,14.8286
2026-09-28,151776,ITI Focused Fund - Direct Plan - IDCW,15.7980
2026-09-28,151777,ITI Focused Fund - Direct Plan - Growth,16.8135
2026-09-28,151778,ITI Focused Fund - Regular Plan - Growth,15.8330
2026-09-28,151779,Mirae Asset Silver ETF,215.2500
2026-09-28,151780,Kotak Nifty 200 Momentum 30 Index Fund - Regular Plan - IDCW Payout,13.928
2026-09-28,151781,Kotak Nifty 200 Momentum 30 Index Fund - Direct Plan - Growth Option,14.152
2026-09-28,151782,Kotak Nifty 200 Momentum 30 Index Fund - Direct Plan - IDCW Payout,14.152
2026-09-28,151783,Kotak Nifty 200 Momentum 30 Index Fund - Regular Plan - Growth Option,13.927
2026-09-28,151784,Axis Nifty IT Index Fund - Regular Plan - IDCW,9.6595
2026-09-28,151785,Axis Nifty IT Index Fund - Direct Plan - Growth,9.8728
2026-09-28,151786,Axis Nifty IT Index Fund - Direct Plan - IDCW,9.8728
2026-09-28,151787,Axis Nifty IT Index Fund - Regular Plan - Growth,9.6594
2026-09-28,151788,quant BFSI Fund - Growth Option - Regular Plan,20.0644
2026-09-28,151789,quant BFSI Fund - IDCW Option - Regular Plan,20.0628
2026-09-28,151790,quant BFSI Fund - IDCW Option - Direct Plan,21.1709
2026-09-28,151791,quant BFSI Fund - Growth Option - Direct Plan,21.1475
2026-09-28,151792,Edelweiss Multi Asset Allocation Fund - Direct Plan - Growth,12.6776
2026-09-28,151793,Edelweiss Multi Asset Allocation Fund - Direct Plan - IDCW Option,12.2719
2026-09-28,151794,Edelweiss Multi Asset Allocation Fund - Regular Plan - IDCW Option,12.1388
2026-09-28,151795,Edelweiss Multi Asset Allocation Fund - Regular Plan - Growth,12.5436
2026-09-28,151796,360 ONE FLEXICAP FUND-DIRECT PLAN- GROWTH,16.8440
2026-09-28,151797,360 ONE FLEXICAP FUND-REGULAR PLAN- IDCW,16.0162
2026-09-28,151798,360 ONE FLEXICAP FUND-DIRECT PLAN- IDCW,16.8440
2026-09-28,151799,360 ONE FLEXICAP FUND-REGULAR PLAN- GROWTH,16.0162
2026-09-28,151802,HDFC Consumption Fund - IDCW Option,13.324
2026-09-28,151803,HDFC Consumption Fund - Growth Option,13.324
2026-09-28,151804,HDFC Consumption Fund - Growth Option - Direct Plan,13.848
2026-09-28,151805,HDFC Consumption Fund - IDCW Option - Direct Plan,13.848
2026-09-28,151810,Mirae Asset Multicap Fund - Direct Plan - Growth,14.963
2026-09-28,151811,Mirae Asset Multicap Fund - Direct Plan - IDCW,14.962
2026-09-28,151812,Mirae Asset Multicap Fund - Regular Plan - Growth,14.294
2026-09-28,151813,Mirae Asset Multicap Fund - Regular Plan - IDCW,14.283
2026-09-28,151814,Motilal Oswal Nifty Microcap 250 Index Fund- Direct- Growth Option,19.0512
2026-09-28,151815,Motilal Oswal Nifty Microcap 250 Index Fund- Regular- Growth Option,18.6684
2026-09-28,151816,BANDHAN FINANCIAL SERVICES FUND - DIRECT PLAN - GROWTH,15.045
2026-09-28,151817,BANDHAN FINANCIAL SERVICES FUND - DIRECT PLAN - IDCW,13.123
2026-09-28,151818,BANDHAN FINANCIAL SERVICES FUND - REGULAR PLAN - GROWTH,14.297
2026-09-28,151819,BANDHAN FINANCIAL SERVICES FUND - REGULAR PLAN - IDCW,12.481
2026-09-28,151820,DSP Nifty IT ETF,29.8038
2026-09-28,151821,Canara Robeco Multi Cap Fund - Regular Plan - Growth Option,14.3600
2026-09-28,151822,Canara Robeco Multi Cap Fund - Direct Plan - IDCW Option,13.4300
2026-09-28,151823,Canara Robeco Multi Cap Fund - Regular Plan - IDCW Option,12.8300
2026-09-28,151824,Canara Robeco Multi Cap Fund - Direct Plan - Growth Option,15.0200
2026-09-28,151833,Bajaj Finserv Liquid Fund - Direct Plan - Growth,1242.9829
2026-09-28,151834,Bajaj Finserv Liquid Fund - Direct Plan - Weekly - IDCW,1034.6939
2026-09-28,151835,Bajaj Finserv Liquid Fund - Direct Plan - Daily - IDCW,1034.6939
2026-09-28,151836,Bajaj Finserv Liquid Fund - Direct Plan - Monthly - IDCW,1036.5789
2026-09-28,151837,Bajaj Finserv Liquid Fund - Regular Plan - Growth,1235.8603
2026-09-28,151838,Bajaj Finserv Liquid Fund - Direct Plan - Fortnightly - IDCW,1035.6107
2026-09-28,151839,Bajaj Finserv Liquid Fund - Regular Plan - Daily - IDCW,1033.8241
2026-09-28,151840,Bajaj Finserv Liquid Fund - Regular Plan - Weekly - IDCW,1033.8241
2026-09-28,151841,Bajaj Finserv Liquid Fund - Regular Plan - Fortnightly - IDCW,1034.7004
2026-09-28,151842,Bajaj Finserv Liquid Fund - Regular Plan - Monthly - IDCW,1035.6361
2026-09-28,151843,Bajaj Finserv Overnight Fund - Direct Plan - Daily - IDCW,1033.1412
2026-09-28,151844,Bajaj Finserv Overnight Fund - Direct Plan - Weekly - IDCW,1033.1412
2026-09-28,151845,Bajaj Finserv Overnight Fund - Direct Plan - Monthly - IDCW,1035.0147
2026-09-28,151846,Bajaj Finserv Overnight Fund - Regular Plan - Weekly - IDCW,1032.8859
2026-09-28,151847,Bajaj Finserv Overnight Fund - Regular Plan - Fortnightly - IDCW,1033.8781
2026-09-28,151848,Bajaj Finserv Overnight Fund - Regular Plan - Monthly - IDCW,1034.7388
2026-09-28,151849,Bajaj Finserv Overnight Fund - Direct Plan - Growth,1211.9457
2026-09-28,151850,Bajaj Finserv Overnight Fund - Direct Plan - Fortnightly - IDCW,1034.1572
2026-09-28,151851,Bajaj Finserv Overnight Fund - Regular Plan - Growth,1209.9872
2026-09-28,151852,Bajaj Finserv Overnight Fund - Regular Plan - Daily - IDCW,1032.8859
2026-09-28,151853,quant Healthcare Fund - Growth Option - Direct Plan,19.1938
2026-09-28,151854,quant Healthcare Fund - IDCW Option - Direct Plan,19.1918
2026-09-28,151855,quant Healthcare Fund - Growth Option - Regular Plan,18.2166
2026-09-28,151856,quant Healthcare Fund - IDCW Option - Regular Plan,18.2157
2026-09-28,151857,Mirae Asset Nifty Bank ETF,555.7769
2026-09-28,151862,HDFC Charity Fund for Cancer Cure - IDCW Option - Direct Plan - 50% IDCW Donation Option,10.2265
2026-09-28,151863,HDFC Charity Fund for Cancer Cure - IDCW Option - 75% IDCW Donation Option,10.2265
2026-09-28,151864,HDFC Charity Fund for Cancer Cure - IDCW Option - Direct Plan - 75% IDCW Donation Option,10.2265
2026-09-28,151865,HDFC Charity Fund for Cancer Cure - IDCW Option - 50% IDCW Donation Option,10.2265
2026-09-28,151878,Kotak Quant Fund - Regular Plan - Growth Option,14.703
2026-09-28,151879,Kotak Quant Fund - Regular Plan - IDCW Payout,14.59
2026-09-28,151880,Kotak Quant Fund - Direct plan - IDCW Payout,14.894
2026-09-28,151881,Kotak Quant Fund - Direct Plan - Growth Option,14.894
2026-09-28,151882,UTI Balanced Advantage Fund - Regular Plan - Growth Option,12.1668
2026-09-28,151883,UTI Balanced Advantage Fund - Direct Plan - Payout of IDCW Option,12.6966
2026-09-28,151884,UTI Balanced Advantage Fund - Regular Plan - Payout of IDCW Option,12.1669
2026-09-28,151885,UTI Balanced Advantage Fund - Direct Plan - Growth Option,12.6966
2026-09-28,151886,DSP BSE Sensex ETF,75.1382
2026-09-28,151887,DSP Nifty Private Bank ETF,26.9264
2026-09-28,151888,DSP Nifty PSU Bank ETF,81.1808
2026-09-28,151889,Bajaj Finserv Money Market Fund-Direct Plan-Growth,1257.9896
2026-09-28,151890,Bajaj Finserv Money Market Fund-Direct Plan-IDCW,1257.9896
2026-09-28,151891,Bajaj Finserv Money Market Fund-Regular Plan-IDCW,1234.0567
2026-09-28,151892,Bajaj Finserv Money Market Fund-Regular Plan-Monthly-IDCW,1045.3305
2026-09-28,151893,Bajaj Finserv Money Market Fund-Regular Plan-Growth,1234.0567
2026-09-28,151894,Bajaj Finserv Money Market Fund-Direct Plan-Monthly-IDCW,1037.0499
2026-09-28,151895,Bajaj Finserv Flexi Cap Fund-Direct Plan-Growth,15.846
2026-09-28,151896,Bajaj Finserv Flexi Cap Fund-Direct Plan-IDCW,15.846
2026-09-28,151897,Bajaj Finserv Flexi Cap Fund-Regular Plan-IDCW,15.178
2026-09-28,151898,Bajaj Finserv Flexi Cap Fund -Regular Plan-Growth,15.178
2026-09-28,151899,HDFC Transportation and Logistics Fund - IDCW Option - Direct Plan,19.952
2026-09-28,151900,HDFC Transportation and Logistics Fund - Growth Option,19.235
2026-09-28,151901,HDFC Transportation and Logistics Fund - Growth Option - Direct Plan,19.952
2026-09-28,151902,HDFC Transportation and Logistics Fund - IDCW Option,19.235
2026-09-28,151903,Union Innovation & Opportunities Fund - Regular Plan - Growth Option,15.73
2026-09-28,151904,Union Innovation & Opportunities Fund - Direct Plan - IDCW Option,15.30
2026-09-28,151905,Union Innovation & Opportunities Fund - Direct Plan - Growth Option,16.45
2026-09-28,151906,Union Innovation & Opportunities Fund - Regular Plan - IDCW Option,14.58
2026-09-28,151907,ICICI Prudential Nifty 200 Quality 30 ETF,20.0075
2026-09-28,151908,Mirae Asset Nifty 1D Rate Liquid ETF-IDCW,1000.0000
2026-09-28,151909,Kotak Nifty Financial Services Ex-Bank Index Fund - Regular Plan - Growth option,15.303
2026-09-28,151910,Kotak Nifty Financial Services Ex-Bank Index Fund - Regular Plan - IDCW option,15.303
2026-09-28,151911,Kotak Nifty Financial Services Ex-Bank Index Fund - Direct Plan - Growth option,15.565
2026-09-28,151912,Kotak Nifty Financial Services Ex-Bank Index Fund - Direct Plan - IDCW option,15.564
2026-09-28,151913,quant Manufacturing Fund - Growth Option - Regular Plan,16.259
2026-09-28,151914,quant Manufacturing Fund - IDCW Option - Direct Plan,17.0456
2026-09-28,151915,quant Manufacturing Fund - IDCW Option - Regular Plan,16.383
2026-09-28,151916,quant Manufacturing Fund - Growth Option - Direct Plan,17.0505
2026-09-28,151917,NJ Flexi Cap Fund - Direct Plan - Growth Option,13.25
2026-09-28,151918,NJ Flexi Cap Fund - Direct Plan - IDCW Option,13.25
2026-09-28,151919,NJ Flexi Cap Fund - Regular Plan - IDCW Option,12.63
2026-09-28,151920,NJ Flexi Cap Fund - Regular Plan - Growth Option,12.63
2026-09-28,151927,LIC MF Liquid Fund-Regular Plan-Weekly IDCW,1002.7792
2026-09-28,151928,LIC MF Liquid Fund-Regular Plan-Monthly IDCW,1232.7357
2026-09-28,151930,LIC MF Liquid Fund-Direct Plan-Monthly IDCW,1254.2835
2026-09-28,151932,LIC MF Liquid Fund-Direct Plan-Weekly IDCW,1120.704
2026-09-28,151935,LIC MF Nifty Next 50 Index Fund-Regular Plan-Growth,52.3627
2026-09-28,151936,LIC MF Nifty Next 50 Index Fund-Regular Plan-IDCW,52.3627
2026-09-28,151937,LIC MF Nifty Next 50 Index Fund-Direct Plan-Growth,57.8139
2026-09-28,151938,LIC MF Nifty Next 50 Index Fund-Direct Plan-IDCW,57.8138
2026-09-28,151949,LIC MF Equity Savings Fund-Regular Plan-Monthly IDCW,21.9612
2026-09-28,151950,LIC MF Equity Savings Fund-Regular Plan-Growth,28.3828
2026-09-28,151951,LIC MF Equity Savings Fund-Regular Plan-Quarterly IDCW,20.6382
2026-09-28,151952,LIC MF Equity Savings Fund-Direct Plan-Growth,32.435
2026-09-28,151953,LIC MF Equity Savings Fund-Direct Plan-Monthly IDCW,21.5064
2026-09-28,151954,LIC MF Equity Savings Fund-Direct Plan-Quarterly IDCW,17.5638
2026-09-28,151955,LIC MF Short Term Fund-Regular Plan-Monthly IDCW,15.0346
2026-09-28,151956,LIC MF Short Term Fund-Regular Plan-Weekly IDCW,12.7819
2026-09-28,151959,LIC MF Short Term Fund-Direct Plan-Monthly IDCW,16.6633
2026-09-28,151960,LIC MF Short Term Fund-Direct Plan-Weekly IDCW,16.6654
2026-09-28,151961,LIC MF Gold Exchange Traded Fund,132.1792
2026-09-28,151973,LIC MF Gold ETF Fund of Fund-Regular Plan-Growth,37.7755
2026-09-28,151974,LIC MF Gold ETF Fund of Fund-Direct Plan-Growth,39.9695
2026-09-28,151986,LIC MF Medium to Long Term Fund-Regular Plan-Quarterly IDCW,16.0533
2026-09-28,151988,LIC MF Medium to Long Term Fund-Direct Plan-Quarterly IDCW,19.8249
2026-09-28,151989,LIC MF Medium to Long Term Fund-Regular Plan-Annual IDCW,16.5532
2026-09-28,151990,LIC MF Medium to Long Term Fund-Direct Plan-Annual IDCW,19.8247
2026-09-28,151999,LIC MF Mid Cap Fund-Direct Plan-IDCW,31.766
2026-09-28,152000,LIC MF Mid Cap Fund-Regular Plan-IDCW,28.019
2026-09-28,152001,LIC MF Mid Cap Fund-Regular Plan-Growth,29.8544
2026-09-28,152002,LIC MF Mid Cap Fund-Direct Plan-Growth,33.8156
2026-09-28,152003,LIC MF Small Cap Fund-Regular Plan-Growth,34.8707
2026-09-28,152004,LIC MF Small Cap Fund-Direct Plan-Growth,39.6687
2026-09-28,152005,LIC MF Small Cap Fund-Direct Plan-IDCW,39.6599
2026-09-28,152006,LIC MF Small Cap Fund-Regular Plan-IDCW,34.8703
2026-09-28,152007,LIC MF Focused Fund-Regular Plan-IDCW,21.5821
2026-09-28,152008,LIC MF Focused Fund-Direct Plan-IDCW,24.0183
2026-09-28,152009,LIC MF Focused Fund-Regular Plan-Growth,21.5824
2026-09-28,152010,LIC MF Focused Fund-Direct Plan-Growth,24.048
2026-09-28,152015,LIC MF Value Fund-Direct Plan-IDCW,31.009
2026-09-28,152016,LIC MF Value Fund-Regular Plan-Growth,28.4166
2026-09-28,152017,LIC MF Value Fund-Regular Plan-IDCW,28.4168
2026-09-28,152018,LIC MF Value Fund-Direct Plan-Growth,31.0421
2026-09-28,152019,LIC MF Dividend Yield Fund-Regular Plan-Growth,31.8703
2026-09-28,152020,LIC MF Dividend Yield Fund-Regular Plan-IDCW,31.8696
2026-09-28,152021,LIC MF Dividend Yield Fund-Direct Plan-IDCW,35.1955
2026-09-28,152022,LIC MF Dividend Yield Fund-Direct Plan-Growth,35.2142
2026-09-28,152023,LIC MF Healthcare Fund-Direct Plan-IDCW,37.5358
2026-09-28,152024,LIC MF Healthcare Fund-Direct Plan-Growth,37.5481
2026-09-28,152025,LIC MF Healthcare Fund-Regular Plan-Growth,33.8667
2026-09-28,152026,LIC MF Healthcare Fund-Regular Plan-IDCW,33.8672
2026-09-28,152027,HSBC Consumption Fund - Regular Growth,15.0009
2026-09-28,152028,HSBC Consumption Fund - Direct IDCW,14.3901
2026-09-28,152030,HSBC Consumption Fund - Regular IDCW,13.8551
2026-09-28,152032,HSBC Consumption Fund - Direct Growth,15.6329
2026-09-28,152033,Nippon India Innovation Fund-Direct Plan-Growth Option,15.0614
2026-09-28,152034,Nippon India Innovation Fund-Regular Plan-Growth Option,14.4666
2026-09-28,152035,Nippon India Innovation Fund-Direct Plan-IDCW Option,15.0614
2026-09-28,152036,Nippon India Innovation Fund-Regular Plan-IDCW Option,14.4666
2026-09-28,152037,Kotak BSE Housing Index Fund - Direct Plan - IDCW Option,12.509
2026-09-28,152038,Kotak  BSE Housing Index Fund - Regular Plan - Growth Option,12.307
2026-09-28,152039,Kotak BSE Housing Index Fund - Direct Plan - Growth Option,12.511
2026-09-28,152040,Kotak  BSE Housing Index Fund - Regular Plan - IDCW Option,12.307
2026-09-28,152041,Bandhan Nifty IT Index Fund - Direct Plan - Growth,9.5619
2026-09-28,152042,Bandhan Nifty IT Index Fund - Direct Plan - IDCW,9.5650
2026-09-28,152043,Bandhan Nifty IT Index Fund - Regular Plan - Growth,9.3729
2026-09-28,152044,Bandhan Nifty IT Index Fund - Regular Plan - IDCW,9.3721
2026-09-28,152045,Mahindra Manulife Business Cycle Fund - Direct Plan - Growth,15.8681
2026-09-28,152046,Mahindra Manulife Business Cycle Fund-  Regular Plan - Growth,15.0741
2026-09-28,152047,Mahindra Manulife Business Cycle Fund - Regular Plan - IDCW,12.8734
2026-09-28,152048,Mahindra Manulife Business Cycle Fund - Direct Plan - IDCW,13.6287
2026-09-28,152050,UTI Nifty Midcap 150 Exchange Traded Fund,223.2357
2026-09-28,152051,Shriram Multi Asset Allocation Fund - Direct Growth,13.4912
2026-09-28,152052,Shriram Multi Asset Allocation Fund - Regular Growth,12.7688
2026-09-28,152053,DSP Multi Asset Allocation Fund - Regular - Growth,15.7141
2026-09-28,152054,DSP Multi Asset Allocation Fund - Regular - IDCW,14.1604
2026-09-28,152055,DSP Multi Asset Allocation Fund - Direct - IDCW,15.5564
2026-09-28,152056,DSP Multi Asset Allocation Fund - Direct - Growth,16.3337
2026-09-28,152057,HDFC Technology Fund - IDCW Option,11.081
2026-09-28,152058,HDFC Technology Fund - Growth Option,11.081
2026-09-28,152059,HDFC Technology Fund - Growth Option - Direct Plan,11.49
2026-09-28,152060,HDFC Technology Fund - IDCW Option - Direct Plan,11.49
2026-09-28,152061,NAVI BSE SENSEX INDEX FUND - REGULAR PLAN - GROWTH,11.119
2026-09-28,152062,NAVI BSE SENSEX INDEX FUND - DIRECT PLAN - GROWTH,11.3505
2026-09-28,152063,Kotak Multi Asset Allocation Fund - Direct Plan - IDCW Option,15.309
2026-09-28,152064,Kotak Multi Asset Allocation Fund - Direct Plan - Growth Option,16.268
2026-09-28,152065,Kotak Multi Asset Allocation Fund - Regular Plan - Growth Option,15.625
2026-09-28,152066,Kotak Multi Asset Allocation Fund - Regular Plan - IDCW Option,14.705
2026-09-28,152067,quant Teck Fund - Growth Option - Direct Plan,10.9052
2026-09-28,152068,quant Teck Fund - IDCW Option - Direct Plan,10.8993
2026-09-28,152069,quant Teck Fund - IDCW Option - Regular Plan,10.3919
2026-09-28,152070,quant Teck Fund - Growth Option - Regular Plan,10.3905
2026-09-28,152071,WhiteOak Capital Multi Cap Fund Direct Plan Growth,16.368
2026-09-28,152072,WhiteOak Capital Multi Cap Fund Regular Plan Growth,15.623
2026-09-28,152073,360 ONE Balanced Hybrid Fund - Direct Plan - IDCW,13.5927
2026-09-28,152074,360 ONE Balanced Hyrbrid fund - Regular Plan - IDCW,12.9916
2026-09-28,152075,360 ONE Balanced Hybrid Fund - Regular Plan - Growth,12.9916
2026-09-28,152076,360 ONE Balanced Hybrid Fund- Direct Plan - Growth,13.5927
2026-09-28,152077,Bajaj Finserv Arbitrage Fund-Direct Plan-Growth,12.282
2026-09-28,152078,Bajaj Finserv Arbitrage Fund- Regular Plan-Growth,12.023
2026-09-28,152079,Bajaj Finserv Arbitrage Fund-Regular Plan-IDCW,12.023
2026-09-28,152080,Bajaj Finserv Arbitrage Fund- Direct Plan-IDCW,12.282
2026-09-28,152081,HDFC Pharma and Healthcare Fund - IDCW Option - Direct Plan,22.315
2026-09-28,152082,HDFC Pharma and Healthcare Fund - Growth Option - Direct Plan,22.315
2026-09-28,152083,HDFC Pharma and Healthcare Fund - IDCW Option,21.54
2026-09-28,152084,HDFC Pharma and Healthcare Fund - Growth Option,21.54
2026-09-28,152086,UTI Innovation Fund - Regular Plan - Growth Option,11.0247
2026-09-28,152087,UTI Innovation Fund - Direct Plan - Growth Option,11.4922
2026-09-28,152088,UTI Innovation Fund - Regular Plan - Payout of IDCW Optioni,11.0247
2026-09-28,152089,UTI Innovation Fund - Direct Plan - Payout of IDCW Option,11.4922
2026-09-28,152090,Motilal Oswal Developed Market Ex US ETFs Fund of Funds Direct Plan Growth,18.7438
2026-09-28,152091,Motilal Oswal Developed Market Ex US ETFs Fund of Funds Regular Plan Growth,18.4415
2026-09-28,152092,Groww Nifty Total Market Index Fund - Direct Plan - Growth,13.4369
2026-09-28,152093,Edelweiss Multi Cap Fund - Direct Plan - IDCW,15.4314
2026-09-28,152094,Edelweiss Multi Cap Fund - Direct Plan - Growth,15.9239
2026-09-28,152095,Edelweiss Multi Cap Fund - Regular Plan - Growth,15.222
2026-09-28,152096,Edelweiss Multi Cap Fund - Regular Plan - IDCW,14.7313
2026-09-28,152097,Mirae Asset BSE Sensex ETF,75.1723
2026-09-28,152098,Kotak Nifty G-Sec July 2033 Index Fund - Direct Plan - Growth,12.3709
2026-09-28,152099,Kotak Nifty G-Sec July 2033 Index Fund - Direct Plan - IDCW Payout,12.371
2026-09-28,152100,Kotak Nifty G-Sec July 2033 Index Fund - Regular Plan - Growth,12.2796
2026-09-28,152101,Kotak Nifty G-Sec July 2033 Index Fund - Regular Plan - IDCW Payout,12.2795
2026-09-28,152102,Bandhan Retirement Fund - Direct Plan - Growth,12.774
2026-09-28,152103,Bandhan Retirement Fund - Regular Plan - Growth,12.164
2026-09-28,152104,Bandhan Retirement Fund - Direct Plan - IDCW,12.764
2026-09-28,152105,Bandhan Retirement Fund - Regular Plan - IDCW,12.165
2026-09-28,152106,Motilal Oswal Nifty 500 ETF,22.7598
2026-09-28,152107,QUANTUM SMALL CAP FUND - DIRECT PLAN GROWTH OPTION,13.92
2026-09-28,152108,QUANTUM SMALL CAP FUND - REGULAR PLAN GROWTH OPTION,13.33
2026-09-28,152109,Parag Parikh Arbitrage Fund - Direct Plan Growth,12.1718
2026-09-28,152110,Parag Parikh Arbitrage Fund - Regular Plan Growth,12.0462
2026-09-28,152116,NJ Overnight Fund - Unclaimed Redemption Plan - Upto 3 Years,1110.0102
2026-09-28,152125,Groww Nifty Total Market Index Fund - Direct Plan - IDCW,13.4366
2026-09-28,152126,Groww Nifty Total Market Index Fund - Regular Plan - IDCW,13.1805
2026-09-28,152127,Groww Nifty Total Market Index Fund - Regular Plan - Growth,13.1798
2026-09-28,152128,Baroda BNP Paribas Small Cap Fund - Direct Plan - Growth option,14.4111
2026-09-28,152129,Baroda BNP Paribas Small Cap Fund - Direct Plan - IDCW option,14.0627
2026-09-28,152130,Baroda BNP Paribas Small Cap Fund - Regular Plan - Growth option,13.8403
2026-09-28,152131,Baroda BNP Paribas Small Cap Fund - Regular Plan - IDCW option,13.4866
2026-09-28,152132,WhiteOak Capital Balanced Hybrid Fund Direct Plan Growth,13.678
2026-09-28,152133,WhiteOak Capital Balanced Hybrid Fund Regular Plan Growth,13.088
2026-09-28,152134,Mirae Asset Nifty 200 Alpha 30 ETF,25.3984
2026-09-28,152135,Helios Flexi Cap Fund - Direct Plan - Growth Option,15.64
2026-09-28,152136,Helios Flexi Cap Fund - Regular Plan - Growth Option,15.01
2026-09-28,152137,Helios Flexi Cap Fund - Regular Plan - IDCW Option,15.01
2026-09-28,152138,Helios Flexi Cap Fund - Direct Plan - IDCW Option,15.64
2026-09-28,152139,Aditya Birla Sun Life US Treasury 1-3 Year Bond ETFs Fund Of Funds-Direct IDCW Payout,12.8673
2026-09-28,152140,Aditya Birla Sun Life US Treasury 1-3 Year Bond ETFs Fund Of Funds-Direct Growth,12.8673
2026-09-28,152142,Aditya Birla Sun Life US Treasury 1-3 Year Bond ETFs Fund Of Funds-Regular Growth,12.8500
2026-09-28,152144,Aditya Birla Sun Life US Treasury 1-3 Year Bond ETFs Fund Of Funds-Regular IDCW,12.8488
2026-09-28,152145,Aditya Birla Sun Life US Treasury 3-10 Year Bond ETFs Fund Of Funds-Direct IDCW,12.7689
2026-09-28,152147,Aditya Birla Sun Life US Treasury 3-10 Year Bond ETFs Fund Of Funds-Regular Growth,12.7498
2026-09-28,152149,Aditya Birla Sun Life US Treasury 3-10 Year Bond ETFs Fund Of Funds-Regular IDCW,12.7499
2026-09-28,152150,Aditya Birla Sun Life US Treasury 3-10 Year Bond ETFs Fund Of Funds-Direct Growth,12.7689
2026-09-28,152151,Helios Overnight Fund - Direct Plan - Daily IDCW Option,1000.0000
2026-09-28,152152,Helios Overnight Fund - Direct Plan - Growth Option,1183.8657
2026-09-28,152153,Helios Overnight Fund - Regular Plan - Growth Option,1182.1505
2026-09-28,152154,Helios Overnight Fund - Regular Plan - Daily IDCW Option,1000.0000
2026-09-28,152155,Mirae Asset Nifty IT ETF,29.7936
2026-09-28,152156,Zerodha Nifty LargeMidcap 250 Index Fund - Direct Plan - Growth option,13.7534
2026-09-28,152157,Zerodha ELSS Tax Saver Nifty LargeMidcap 250 Index Fund - Direct Plan - Growth option,13.7834
2026-09-28,152158,Aditya Birla Sun Life Transportation and Logistics Fund-Direct Growth,17.67
2026-09-28,152159,Aditya Birla Sun Life Transportation and Logistics Fund-Direct IDCW,17.66
2026-09-28,152160,Aditya Birla Sun Life Transportation and Logistics Fund-Regular IDCW,16.97
2026-09-28,152161,Aditya Birla Sun Life Transportation and Logistics Fund-Regular Growth,16.97
2026-09-28,152162,Bajaj Finserv Banking and PSU Debt Fund-Direct Plan- Growth,12.2314
2026-09-28,152163,Bajaj Finserv Banking and PSU Debt Fund- Direct Plan- IDCW,12.2314
2026-09-28,152164,Bajaj Finserv Banking and PSU Debt Fund-  Direct Plan-Monthly- IDCW,10.9686
2026-09-28,152165,Bajaj Finserv Banking and PSU Debt Fund- Regular Plan- Growth,12.0397
2026-09-28,152166,Bajaj Finserv Banking and PSU Debt Fund- Regular Plan- IDCW,12.0397
2026-09-28,152167,Bajaj Finserv Banking and PSU Debt Fund-Regular Plan-Monthly-IDCW,10.8932
2026-09-28,152168,SBI NIFTY 1D Rate Liquid ETF - IDCW,1000.0000
2026-09-28,152169,Kotak Consumption Fund - Direct plan - Growth Option,14.379
2026-09-28,152170,Kotak Consumption Fund - Regular plan - Growth Option,13.744
2026-09-28,152171,Kotak Consumption Fund - Regular plan - IDCW Option,13.742
2026-09-28,152172,Kotak Consumption Fund - Direct plan - IDCW Option,14.376
2026-09-28,152177,Bandhan Nifty Alpha 50 Index Fund - Direct Plan - Growth,14.1571
2026-09-28,152178,Bandhan Nifty Alpha 50 Index Fund - Direct Plan - IDCW,14.1483
2026-09-28,152179,Bandhan Nifty Alpha 50 Index Fund - Regular Plan - Growth,13.8850
2026-09-28,152180,Bandhan Nifty Alpha 50 Index Fund - Regular Plan - IDCW,13.8847
2026-09-28,152181,DSP Gold ETF Fund of Fund - Regular - IDCW,22.8329
2026-09-28,152182,DSP Gold ETF Fund of Fund - Regular - Growth,22.8329
2026-09-28,152183,DSP Gold ETF Fund of Fund - Direct - Growth,23.0770
2026-09-28,152184,DSP Gold ETF Fund of Fund - Direct - IDCW,23.0770
2026-09-28,152185,Samco Dynamic Asset Allocation Fund - Regular Plan - IDCW Option,10.05
2026-09-28,152186,Samco Dynamic Asset Allocation Fund - Direct Plan - IDCW Option,10.50
2026-09-28,152187,Samco Dynamic Asset Allocation Fund - Regular Plan - Growth Option,10.05
2026-09-28,152188,Samco Dynamic Asset Allocation Fund - Direct Plan - Growth Option,10.51
2026-09-28,152189,quant Momentum Fund - Growth Option - Direct Plan,15.1582
2026-09-28,152190,quant Momentum Fund - Growth Option - Regular Plan,14.6173
2026-09-28,152191,quant Momentum Fund - IDCW Option - Regular Plan,14.5709
2026-09-28,152192,quant Momentum Fund - IDCW Option - Direct Plan,15.1426
2026-09-28,152193,Edelweiss Gold ETF,146.5711
2026-09-28,152194,Bajaj Finserv Balanced Advantage Fund-Direct Plan-Growth,11.932
2026-09-28,152195,Bajaj Finserv Balanced Advantage Fund-Direct Plan-IDCW,11.932
2026-09-28,152196,Bajaj Finserv Balanced Advantage Fund-Regular Plan-Growth,11.428
2026-09-28,152197,Bajaj Finserv Balanced Advantage Fund-Regular Plan-IDCW,11.428
2026-09-28,152199,Franklin India Money Market Fund Wkly IDCW R,10.0800
2026-09-28,152200,Franklin India Money Market Fund - DP - Wkly IDCW R,10.0910
2026-09-28,152202,Axis India Manufacturing Fund - Direct Plan - Growth,16.50
2026-09-28,152203,Axis India Manufacturing Fund - Regular Plan - IDCW,15.89
2026-09-28,152204,Axis India Manufacturing Fund - Direct Plan - IDCW,16.50
2026-09-28,152205,Axis India Manufacturing Fund - Regular Plan - Growth,15.89
2026-09-28,152206,DSP Banking & Financial Services Fund - Direct - Growth,14.5990
2026-09-28,152207,DSP Banking & Financial Services Fund - Direct - IDCW,12.2990
2026-09-28,152208,DSP Banking & Financial Services Fund - Regular - Growth,14.0060
2026-09-28,152209,DSP Banking & Financial Services Fund - Regular - IDCW,12.8300
2026-09-28,152212,Edelweiss Silver ETF,220.7991
2026-09-28,152213,Kotak Healthcare Fund - Regular Plan - IDCW Option,17.018
2026-09-28,152214,Kotak Healthcare Fund - Direct Plan - Growth Option,17.805
2026-09-28,152215,Kotak Healthcare Fund - Direct Plan - IDCW Option,17.803
2026-09-28,152216,Kotak Healthcare Fund - Regular Plan - Growth Option,17.013
2026-09-28,152217,Union Children's Fund - Regular Plan - Growth Option,12.34
2026-09-28,152218,Union Children's Fund - Regular Plan - IDCW Option,10.74
2026-09-28,152219,Union Children's Fund - Direct Plan - Growth Option,12.79
2026-09-28,152220,Union Children's Fund - Direct Plan - IDCW Option,12.79
2026-09-28,152225,Whiteoak Capital Large & Mid Cap Fund Regular Plan Growth,13.242
2026-09-28,152226,Whiteoak Capital Large & Mid Cap Fund Direct Plan Growth,13.832
2026-09-28,152231,Baroda BNP Paribas Gold ETF,141.9817
2026-09-28,152232,Motilal Oswal Small Cap Fund - Regular - Growth,16.6919
2026-09-28,152234,Motilal Oswal Small Cap Fund - Regular - IDCW,16.6923
2026-09-28,152235,Motilal Oswal Small Cap Fund - Direct IDCW,17.3077
2026-09-28,152237,Motilal Oswal Small Cap Fund - Direct - Growth,17.3078
2026-09-28,152238,Axis US Specific Treasury Dynamic Debt Passive FOF - Regular Plan - IDCW Option,11.8489
2026-09-28,152239,Axis US Specific Treasury Dynamic Debt Passive FOF - Regular Plan - Growth Option,11.8490
2026-09-28,152240,Axis US Specific Treasury Dynamic Debt Passive FOF - Direct Plan - Growth Option,11.8654
2026-09-28,152241,Axis US Specific Treasury Dynamic Debt Passive FOF - Direct Plan - IDCW Option,11.8643
2026-09-28,152242,DSP Nifty Smallcap250 Quality 50 Index Fund - Regular - IDCW,10.0919
2026-09-28,152243,DSP Nifty Smallcap250 Quality 50 Index Fund - Direct - Growth,10.8812
2026-09-28,152244,DSP Nifty Smallcap250 Quality 50 Index Fund - Direct - IDCW,10.8812
2026-09-28,152245,DSP Nifty Smallcap250 Quality 50 Index Fund - Regular - Growth,10.6711
2026-09-28,152254,Groww Banking & Financial Services Fund - Direct Plan - Growth,13.1107
2026-09-28,152255,quant Commodities Fund - Growth Option - Direct Plan,14.3763
2026-09-28,152256,quant Commodities Fund - Growth Option - Regular Plan,13.7929
2026-09-28,152257,quant Commodities Fund - IDCW Option - Direct Plan,14.3716
2026-09-28,152258,quant Commodities Fund - IDCW Option - Regular Plan,13.7908
2026-09-28,152263,BANDHAN Nifty Smallcap 250 Index Fund - Direct Plan - IDCW,12.9700
2026-09-28,152264,BANDHAN Nifty Smallcap 250 Index Fund - Direct Plan - Growth,12.9698
2026-09-28,152265,BANDHAN Nifty Smallcap 250 Index Fund - Regular Plan - IDCW,12.7243
2026-09-28,152266,BANDHAN Nifty Smallcap 250 Index Fund - Regular Plan - Growth,12.7238
2026-09-28,152267,Aditya Birla Sun Life Crisil IBX Gilt Apr 2033 Index Fund-Direct Growth,12.1044
2026-09-28,152268,Aditya Birla Sun Life Crisil IBX Gilt Apr 2033 Index Fund-Regular Growth,12.0243
2026-09-28,152269,Aditya Birla Sun Life Crisil IBX Gilt Apr 2033 Index Fund-Regular IDCW payout,12.0245
2026-09-28,152270,Aditya Birla Sun Life Crisil IBX Gilt Apr 2033 Index Fund-Direct IDCW Payout,12.1040
2026-09-28,152273,Groww Banking & Financial Services Fund-IDCW,13.1098
2026-09-28,152274,Groww Banking & Financial Services Fund - Regular - Growth,12.4612
2026-09-28,152276,Groww Banking & Financial Services Fund - Regular Plan - IDCW,12.4612
2026-09-28,152284,Tata Gold Exchange Traded Fund,14.2566
2026-09-28,152285,Tata Silver Exchange Traded Fund,21.4743
2026-09-28,152286,Tata Gold ETF Fund of Fund Regular Plan IDCW Payout Option,22.2291
2026-09-28,152287,Tata Gold ETF Fund of Fund Direct Plan Growth Option,22.5287
2026-09-28,152288,Tata Gold ETF Fund of Fund Direct Plan IDCW Payout Option,22.5287
2026-09-28,152289,Tata Gold ETF Fund of Fund Direct Plan IDCW Reinvestment Option,22.5287
2026-09-28,152290,Tata Gold ETF Fund of Fund Regular Plan Growth Option,22.2291
2026-09-28,152291,Tata Gold ETF Fund of Fund Regular Plan IDCW Reinvestment Option,22.2291
2026-09-28,152292,Tata Silver ETF Fund of Fund Regular Plan IDCW Reinvestment Option,28.4934
2026-09-28,152293,Tata Silver ETF Fund of Fund Direct Plan Growth Option,28.8608
2026-09-28,152294,Tata Silver ETF Fund of Fund Direct Plan IDCW Payout Option,28.8608
2026-09-28,152295,Tata Silver ETF Fund of Fund Direct Plan IDCW Reinvestment Option,28.8608
2026-09-28,152296,Tata Silver ETF Fund of Fund Regular Plan IDCW Payout Option,28.4934
2026-09-28,152297,Tata Silver ETF Fund of Fund Regular Plan Growth Option,28.4934
2026-09-28,152298,Quantum Liquid Fund - Unclaimed IDCW Plan Below 3 years,11.8883
2026-09-28,152299,Quantum Liquid Fund - Unclaimed IDCW Plan Above 3 years,10.0000
2026-09-28,152300,Quantum Liquid Fund - Unclaimed Redemption Plan Below 3 years,11.4138
2026-09-28,152301,Quantum Liquid Fund - Unclaimed Redemption Plan Above 3 years,10.0000
2026-09-28,152306,DSP Nifty Healthcare ETF,16.7004
2026-09-28,152307,DSP Multi Cap Fund - Regular - Growth,11.9170
2026-09-28,152308,DSP Multi Cap Fund - Regular - IDCW,10.9980
2026-09-28,152309,DSP Multi Cap Fund - Direct - IDCW,11.3640
2026-09-28,152310,DSP Multi Cap Fund - Direct - Growth,12.3930
2026-09-28,152311,Sundaram Multi Asset Allocation Fund Regular Plan Growth,12.7762
2026-09-28,152312,Sundaram Multi Asset Allocation Fund Direct Plan IDCW Reinvestment,13.2988
2026-09-28,152313,Sundaram Multi Asset Allocation Fund Regular Plan IDCW Reinvestment,12.7762
2026-09-28,152314,Sundaram Multi Asset Allocation Fund Direct Plan Growth,13.2988
2026-09-28,152315,Sundaram Multi Asset Allocation Fund Regular Plan IDCW Payout,12.7762
2026-09-28,152316,Sundaram Multi Asset Allocation Fund Direct Plan IDCW Payout,13.2988
2026-09-28,152321,WhiteOak Capital Banking & Financial Services Fund - Direct Growth,12.865
2026-09-28,152322,WhiteOak Capital Banking & Financial Services Fund - Regular Growth,12.295
2026-09-28,152323,Bandhan Multi Asset Allocation Fund - Direct Plan - IDCW,13.6029
2026-09-28,152324,Bandhan Multi Asset Allocation Fund - Direct Plan - Growth,14.5030
2026-09-28,152325,Bandhan Multi Asset Allocation Fund - Regular Plan - IDCW,13.0673
2026-09-28,152326,Bandhan Multi Asset Allocation Fund - Regular Plan - Growth,13.9316
2026-09-28,152327,Zerodha Nifty 1D Rate Liquid ETF - Growth Option,116.1187
2026-09-28,152328,Baroda BNP Paribas Nifty 50 Index Fund - Regular Plan - IDCW option,10.6543
2026-09-28,152329,Baroda BNP Paribas Nifty 50 Index Fund - Direct Plan - Growth option,10.7628
2026-09-28,152330,Baroda BNP Paribas Nifty 50 Index Fund - Direct Plan - IDCW option,10.7628
2026-09-28,152331,Baroda BNP Paribas Nifty 50 Index Fund - Regular Plan - Growth option,10.6543
2026-09-28,152336,quant Consumption Fund - Growth Option - Direct Plan,10.4128
2026-09-28,152337,quant Consumption Fund - IDCW Option - Regular Plan,9.9959
2026-09-28,152338,quant Consumption Fund - Growth Option - Regular Plan,9.9921
2026-09-28,152339,quant Consumption Fund - IDCW Option - Direct Plan,10.4174
2026-09-28,152344,Mirae Asset Multi Asset Allocation Fund - Direct Plan - Growth,13.845
2026-09-28,152345,Mirae Asset Multi Asset Allocation Fund - Direct Plan - IDCW,13.843
2026-09-28,152346,Mirae Asset Multi Asset Allocation Fund - Regular Plan - IDCW,13.270
2026-09-28,152347,Mirae Asset Multi Asset Allocation Fund - Regular Plan - Growth,13.276
2026-09-28,152348,WhiteOak Capital Pharma and Heathcare Fund Regular Plan Growth,16.790
2026-09-28,152349,WhiteOak Capital Pharma and Heathcare Fund Direct Plan Growth,17.582
2026-09-28,152350,HDFC NIFTY PSU BANK ETF,81.2116
2026-09-28,152351,Motilal Oswal Large Cap Direct Plan IDCW,12.2351
2026-09-28,152352,Motilal Oswal Large Cap Regular Plan Growth,13.1302
2026-09-28,152353,Motilal Oswal Large Cap Regular Plan IDCW,11.6952
2026-09-28,152354,Motilal Oswal Large Cap Direct Plan Growth,13.5739
2026-09-28,152355,UTI Nifty IT ETF,295.7068
2026-09-28,152356,Bajaj Finserv Nifty 50 ETF,234.6866
2026-09-28,152357,Bajaj Finserv Nifty Bank ETF,55.4467
2026-09-28,152358,Old Bridge Focused Fund - Direct Growth,13.75
2026-09-28,152359,Old Bridge Focused Fund - Direct IDCW,13.75
2026-09-28,152361,Old Bridge Focused Fund - Regular Growth,13.37
2026-09-28,152363,Old Bridge Focused Fund - Regular IDCW,13.37
2026-09-28,152364,ICICI Prudential Nifty50 Value 20 Index Fund - IDCW,9.4549
2026-09-28,152365,ICICI Prudential Nifty50 Value 20 Index Fund - Direct Plan - Growth,9.5659
2026-09-28,152366,ICICI Prudential Nifty50 Value 20 Index Fund - Growth,9.4550
2026-09-28,152367,ICICI Prudential Nifty50 Value 20 Index Fund - Direct Plan - IDCW,9.5659
2026-09-28,152368,UTI Nifty 5 yr Benchmark G-Sec ETF,65.8199
2026-09-28,152369,UTI Nifty 10 yr Benchmark G-Sec ETF,26.2186
2026-09-28,152370,SBI Nifty50 Equal Weight Index Fund - Direct Plan - Growth,11.6794
2026-09-28,152371,SBI Nifty50 Equal Weight Index Fund - Direct Plan - Income Distribution Cum Capital Withdrawal Option,11.6786
2026-09-28,152372,SBI Nifty50 Equal Weight Index Fund - Regular Plan - Growth,11.5280
2026-09-28,152373,SBI Nifty50 Equal Weight Index Fund - Regular Plan - Income Distribution Cum Capital Withdrawal Option,11.5279
2026-09-28,152378,HSBC Multi Asset Allocation Fund - Regular - Growth,13.4551
2026-09-28,152379,HSBC Multi Asset Allocation Fund - Regular - IDCW,12.2834
2026-09-28,152380,HSBC Multi Asset Allocation Fund - Direct - Growth,13.9352
2026-09-28,152381,HSBC Multi Asset Allocation Fund - Direct - IDCW,13.5828
2026-09-28,152382,PGIM India Large and Midcap Fund - Direct Plan - Growth Option,12.78
2026-09-28,152383,PGIM India Large and Midcap Fund - Regular Plan - Growth Option,12.22
2026-09-28,152384,PGIM India Large and Midcap Fund - Direct Plan - IDCW option,11.6
2026-09-28,152385,PGIM India Large and Midcap Fund - Regular Plan - IDCW Option,11.33
2026-09-28,152386,Nippon India Nifty Bank Index Fund - Direct Plan - IDCW Option,11.7708
2026-09-28,152387,Nippon India Nifty Bank Index Fund - Regular Plan - Growth Option,11.5898
2026-09-28,152388,Nippon India Nifty Bank Index Fund - Regular Plan - IDCW Option,11.5898
2026-09-28,152389,Nippon India Nifty Bank Index Fund - Direct Plan - Growth Option,11.7708
2026-09-28,152390,Nippon India Nifty IT Index Fund - Direct Plan - IDCW Option,7.7086
2026-09-28,152391,Nippon India Nifty IT Index Fund - Regular Plan - Growth Option,7.5835
2026-09-28,152392,Nippon India Nifty IT Index Fund - Direct Plan - Growth Option,7.7086
2026-09-28,152393,Nippon India Nifty IT Index Fund - Regular Plan - IDCW Option,7.5835
2026-09-28,152395,Bank of India Multi Asset Allocation Fund-Regular Plan-IDCW,12.5669
2026-09-28,152396,Bank of India Multi Asset Allocation Fund-Direct Plan-Growth,12.9089
2026-09-28,152398,Bank of India Multi Asset Allocation Fund-Regular Plan-Growth,12.5659
2026-09-28,152399,Bank of India Multi Asset Allocation Fund-Direct Plan-IDCW,12.9028
2026-09-28,152404,LIC MF Nifty Midcap 100 ETF,60.3478
2026-09-28,152405,Bajaj Finserv Large & Mid Cap Fund- Direct Plan- IDCW,12.376
2026-09-28,152406,Bajaj Finserv Large & Mid Cap Fund- Regular Plan- Growth,11.920
2026-09-28,152407,Bajaj Finserv Large & Mid Cap Fund- Regular Plan- IDCW,11.920
2026-09-28,152408,Bajaj Finserv Large & Mid Cap Fund- Direct Plan- Growth,12.376
2026-09-28,152409,Union Business Cycle Fund - Direct Plan - Growth Option,11.73
2026-09-28,152410,Union Business Cycle Fund - Direct Plan - IDCW Option,11.73
2026-09-28,152411,Union Business Cycle Fund - Regular Plan - Growth Option,11.34
2026-09-28,152412,Union Business Cycle Fund - Regular Plan - IDCW Option,11.34
2026-09-28,152413,quant PSU Fund - Growth Option - Regular Plan,10.1712
2026-09-28,152414,quant PSU Fund - IDCW Option - Regular Plan,10.171
2026-09-28,152415,quant PSU Fund - Growth Option - Direct Plan,10.5505
2026-09-28,152416,quant PSU Fund - IDCW Option - Direct Plan,10.5564
2026-09-28,152417,SBI Energy Opportunities Fund - Direct Plan - Growth,10.9023
2026-09-28,152418,SBI Energy Opportunities Fund - Regular Plan - Growth,10.6054
2026-09-28,152419,SBI Energy Opportunities Fund - Regular Plan - Income Distribution Cum Capital Withdrawal Option,10.6057
2026-09-28,152420,SBI Energy Opportunities Fund - Direct Plan - Income Distribution Cum Capital Withdrawal Option,10.9021
2026-09-28,152421,Axis BSE Sensex Index Fund - Regular Plan - Growth,10.0999
2026-09-28,152422,Axis BSE Sensex Index Fund - Direct Plan - Growth,10.2509
2026-09-28,152423,Axis BSE Sensex Index Fund - Regular Plan - IDCW,10.0996
2026-09-28,152424,Axis BSE Sensex Index Fund - Direct Plan - IDCW,10.2509
2026-09-28,152429,HDFC NIFTY200 Momentum 30 Index Fund - Regular Plan,9.8003
2026-09-28,152430,HDFC NIFTY200 Momentum 30 Index Fund - Direct Plan,9.9244
2026-09-28,152431,Groww Nifty Smallcap 250 Index Fund - Direct Plan - Growth,11.9302
2026-09-28,152433,Groww Nifty Smallcap 250 Index Fund - Regular Plan - Growth,11.7663
2026-09-28,152434,Groww Nifty Smallcap 250 Index Fund - Regular Plan - Regular Plan - IDCW,11.7522
2026-09-28,152436,Groww Nifty Smallcap 250 Index Fund - Direct Plan - IDCW,11.9351
2026-09-28,152437,Edelweiss Technology Fund - Direct Plan - Growth,12.8096
2026-09-28,152438,Edelweiss Technology Fund - Direct Plan - IDCW,12.8096
2026-09-28,152439,Edelweiss Technology Fund - Regular Plan - Growth,12.2624
2026-09-28,152440,Edelweiss Technology Fund - Regular Plan - IDCW,12.2624
2026-09-28,152441,Mahindra Manulife Multi Asset Allocation Fund- Regular Plan - Growth,13.5712
2026-09-28,152443,Mahindra Manulife Multi Asset Allocation Fund- Direct Plan - Growth,14.1330
2026-09-28,152444,Mahindra Manulife Multi Asset allocation Fund - Regular Plan - IDCW,12.7487
2026-09-28,152445,Mahindra Manulife Multi Asset Allocation Fund - Direct Plan - IDCW,13.2977
2026-09-28,152447,Canara Robeco Manufacturing Fund - Regular Plan - Growth Option,13.8200
2026-09-28,152448,Canara Robeco Manufacturing Fund -Regular Plan - IDWC Option,13.8100
2026-09-28,152449,Canara Robeco Manufacturing Fund - Direct Plan - IDWC Option,14.3000
2026-09-28,152450,Canara Robeco Manufacturing Fund - Direct Plan - Growth Option,14.3100
2026-09-28,152455,Mirae Asset Nifty Smallcap 250 Momentum Quality 100 ETF,47.8196
2026-09-28,152456,Mirae Asset Nifty Smallcap 250 Momentum Quality 100 ETF Fund of Fund - Direct Plan - IDCW,10.623
2026-09-28,152457,Mirae Asset Nifty Smallcap 250 Momentum Quality 100 ETF Fund of Fund - Regular Plan - Growth,10.490
2026-09-28,152458,Mirae Asset Nifty Smallcap 250 Momentum Quality 100 ETF Fund of Fund - Regular Plan - IDCW,10.492
2026-09-28,152459,Mirae Asset Nifty Smallcap 250 Momentum Quality 100 ETF Fund of Fund - Direct Plan - Growth,10.626
2026-09-28,152460,Kotak Technology Fund - Regular Plan - Growth Option,9.945
2026-09-28,152461,Kotak Technology Fund - Regular Plan - IDCW Option,9.946
2026-09-28,152462,Kotak Technology Fund - Direct Plan - Growth Option,10.324
2026-09-28,152463,Kotak Technology Fund - Direct Plan - IDCW Option,10.323
2026-09-28,152464,Parag Parikh Dynamic Asset Allocation Fund - Regular Plan Growth,11.6998
2026-09-28,152467,Parag Parikh Dynamic Asset Allocation Fund - Regular Plan - Monthly IDCW Reinvestment,9.9970
2026-09-28,152468,Parag Parikh Dynamic Asset Allocation Fund - Direct Plan Growth,11.7948
2026-09-28,152469,Parag Parikh Dynamic Asset Allocation Fund - Direct Plan - Monthly IDCW Reinvestment,10.2531
2026-09-28,152470,Baroda BNP Paribas Innovation Fund Direct plan - Growth Option,13.8196
2026-09-28,152471,Baroda BNP Paribas Innovation Fund Direct plan - IDCW Option,13.8196
2026-09-28,152472,Baroda BNP Paribas Innovation Fund Regular plan - Growth Option,13.3183
2026-09-28,152473,Baroda BNP Paribas Innovation Fund Regular plan - IDCW Option,13.1843
2026-09-28,152474,Quantum Multi Asset Allocation Fund - Direct Plan Growth Option,11.94
2026-09-28,152475,Quantum Multi Asset Allocation Fund - Regular Plan Growth Option,11.46
2026-09-28,152476,Zerodha Gold ETF,23.0846
2026-09-28,152481,ICICI Prudential Nifty LargeMidcap 250 Index Fund - Growth,11.7938
2026-09-28,152482,ICICI Prudential Nifty LargeMidcap 250 Index Fund - Direct Plan - Growth,11.9538
2026-09-28,152483,ICICI Prudential Nifty LargeMidcap 250 Index Fund - Direct Plan - IDCW,11.9538
2026-09-28,152484,ICICI Prudential Nifty LargeMidcap 250 Index Fund - IDCW,11.7933
2026-09-28,152489,Kotak Long Term Fund - Regular Plan - Growth,10.9928
2026-09-28,152490,Kotak Long Term Fund - Regular Plan - IDCW,10.9928
2026-09-28,152491,Kotak Long Term Fund - Direct Plan - Growth,11.0747
2026-09-28,152492,Kotak Long Term Fund - Direct Plan - IDCW,11.0741
2026-09-28,152509,Helios Balanced Advantage Fund- Direct Plan- Growth Option,11.69
2026-09-28,152510,Helios Balanced Advantage Fund- Regular Plan-IDCW Option,11.17
2026-09-28,152511,Helios Balanced Advantage Fund- Direct Plan-IDCW Option,11.61
2026-09-28,152512,Helios Balanced Advantage Fund- Regular Plan- Growth Option,11.24
2026-09-28,152517,Bandhan Long Term Fund - Regular Plan - IDCW,10.2503
2026-09-28,152518,Bandhan Long Term Fund - Regular Plan - Growth,11.2261
2026-09-28,152519,Bandhan Long Term Fund - Direct Plan - IDCW,10.4509
2026-09-28,152520,Bandhan Long Term Fund - Direct Plan - Growth,11.3431
2026-09-28,152521,HDFC NIFTY Realty Index Fund - Direct Plan,9.5612
2026-09-28,152522,HDFC NIFTY Reality Index Fund - Regular Plan,9.4473
2026-09-28,152527,DSP US Specific Debt Passive FoF - Regular - Growth,12.1673
2026-09-28,152528,DSP US Specific Debt Passive FoF - Direct - Growth,12.1827
2026-09-28,152529,DSP US Specific Debt Passive FoF - Direct - IDCW,12.1827
2026-09-28,152530,DSP US Specific Debt Passive FoF - Regular - IDCW,12.1673
2026-09-28,152535,Navi NiftyIT Index Fund - Direct Plan- Growth,8.3791
2026-09-28,152536,Navi NiftyIT Index Fund - Regular Plan -Growth,8.231
2026-09-28,152537,PGIM India Retirement Fund - Direct Plan - Growth Option,12.43
2026-09-28,152538,PGIM India Retirement Fund - Regular Plan - Growth Option,11.95
2026-09-28,152539,PGIM India Retirement Fund - Direct Plan - IDCW Payout Option,12.43
2026-09-28,152540,PGIM India Retirement Fund - Regular Plan - IDCW Payout Option,11.95
2026-09-28,152541,Motilal Oswal Nifty Realty ETF,85.4520
2026-09-28,152546,Motilal Oswal Nifty Smallcap 250 ETF,17.9630
2026-09-28,152555,DSP BSE Liquid Rate ETF,1146.6821
2026-09-28,152556,Tata Nifty Auto Index Fund - Regular Plan - IDCW Reinvestment,11.9127
2026-09-28,152557,Tata Nifty Auto Index Fund - Direct Plan - Growth,12.1023
2026-09-28,152558,Tata Nifty Auto Index Fund - Direct Plan - IDCW Reinvestment,12.1023
2026-09-28,152559,Tata Nifty Auto Index Fund - Direct Plan - IDCW payout,12.1023
2026-09-28,152560,Tata Nifty Auto Index Fund - Regular Plan - Growth,11.9127
2026-09-28,152561,Tata Nifty Auto Index Fund - Regular Plan - IDCW Payout,11.9127
2026-09-28,152562,Tata Nifty MidSmall Healthcare Index Fund - Regular Plan - IDCW Payout,14.9481
2026-09-28,152563,Tata Nifty MidSmall Healthcare Index Fund - Regular Plan - IDCW Reinvestment,14.9481
2026-09-28,152564,Tata Nifty MidSmall Healthcare Index Fund - Direct Plan - Growth,15.1851
2026-09-28,152565,Tata Nifty MidSmall Healthcare Index Fund - Direct Plan - IDCW Payout,15.1851
2026-09-28,152566,Tata Nifty MidSmall Healthcare Index Fund - Direct Plan - IDCW Reinvestment,15.1851
2026-09-28,152567,Tata Nifty MidSmall Healthcare Index Fund - Regular Plan - Growth,14.9481
2026-09-28,152568,Tata Nifty Realty Index Fund - Regular Plan - IDCW Payout,8.6034
2026-09-28,152569,Tata Nifty Realty Index Fund - Regular Plan - IDCW Reinvestment,8.6034
2026-09-28,152570,Tata Nifty Realty Index Fund - Direct Plan - Growth,8.7452
2026-09-28,152571,Tata Nifty Realty Index Fund - Direct Plan - IDCW Payout,8.7452
2026-09-28,152572,Tata Nifty Realty Index Fund - Direct Plan - IDCW Reinvestment,8.7452
2026-09-28,152573,Tata Nifty Realty Index Fund - Regular Plan - Growth,8.6034
2026-09-28,152574,Tata Nifty Financial Services Index Fund - Regular Plan - Growth,11.4327
2026-09-28,152575,Tata Nifty Financial Services Index Fund - Regular Plan - IDCW Payout,11.4327
2026-09-28,152576,Tata Nifty Financial Services Index Fund - Regular Plan - IDCW Reinvestment,11.4327
2026-09-28,152577,Tata Nifty Financial Services Index Fund - Direct Plan - Growth,11.6156
2026-09-28,152578,Tata Nifty Financial Services Index Fund - Direct Plan - IDCW Reinvestment,11.6156
2026-09-28,152579,Tata Nifty Financial Services Index Fund - Direct Plan - IDCW Payout,11.6156
2026-09-28,152580,Invesco India Money Market Fund - Weekly IDCW (Payout / Reinvestment),1000.7141
2026-09-28,152582,TRUSTMF Flexi Cap Fund-Regular Plan- Growth,12.03
2026-09-28,152583,TRUSTMF Flexi Cap Fund-Regular Plan- IDCW,12.03
2026-09-28,152584,TRUSTMF Flexi Cap Fund-Direct Plan- Growth,12.52
2026-09-28,152585,TRUSTMF Flexi Cap Fund-Direct Plan- IDCW,12.51
2026-09-28,152586,Samco Special Opportunities Fund - Direct Plan - Growth,9.35
2026-09-28,152587,Samco Special Opportunities Fund - Regular Plan - Growth,9.02
2026-09-28,152588,Tata Nifty500 Multicap India Manufacturing 50:30:20 Index Fund -Direct Plan-Growth,12.0469
2026-09-28,152589,Tata Nifty500 Multicap India Manufacturing 50:30:20 Index Fund -Direct Plan-IDCW-Payout,12.0469
2026-09-28,152590,Tata Nifty500 Multicap India Manufacturing 50:30:20 Index Fund -Regular Plan-Growth,11.8595
2026-09-28,152591,Tata Nifty500 Multicap India Manufacturing 50:30:20 Index Fund -Regular Plan-IDCW Payout,11.8595
2026-09-28,152592,Tata Nifty500 Multicap India Manufacturing 50:30:20 Index Fund -Regular Plan -IDCW-Reinvestment,11.8595
2026-09-28,152593,Tata Nifty500 Multicap India Manufacturing 50:30:20 Index Fund -Direct Plan-IDCW-Reinvestment,12.0469
2026-09-28,152594,Tata Nifty500 Multicap Infrastructure 50:30:20 Index Fund - Direct Plan - IDCW Reinvestment,10.5572
2026-09-28,152595,Tata Nifty500 Multicap Infrastructure 50:30:20 Index Fund - Direct Plan - Growth,10.5572
2026-09-28,152596,Tata Nifty500 Multicap Infrastructure 50:30:20 Index Fund - Regular Plan - Growth,10.3883
2026-09-28,152597,Tata Nifty500 Multicap Infrastructure 50:30:20 Index Fund - Regular Plan - IDCW Payout,10.3883
2026-09-28,152598,Tata Nifty500 Multicap Infrastructure 50:30:20 Index Fund - Direct Plan - IDCW Payout,10.5572
2026-09-28,152599,Tata Nifty500 Multicap Infrastructure 50:30:20 Index Fund - Regular Plan - IDCW Reinvestment,10.3883
2026-09-28,152600,HDFC Manufacturing fund - Growth Option - Direct Plan,11.998
2026-09-28,152601,HDFC Manufacturing fund - IDCW - Regular Plan,11.694
2026-09-28,152602,HDFC Manufacturing fund - Growth Option - Regular Plan,11.694
2026-09-28,152603,HDFC Manufacturing fund - IDCW - Direct Plan,11.998
2026-09-28,152604,Bandhan Innovation Fund - Direct Plan - IDCW,14.773
2026-09-28,152605,Bandhan Innovation Fund - Regular Plan - IDCW,14.246
2026-09-28,152606,Bandhan Innovation Fund - Regular Plan - Growth,15.181
2026-09-28,152607,Bandhan Innovation Fund - Direct Plan - Growth,15.744
2026-09-28,152612,JM Small Cap Fund (Regular) - Growth Option,11.3698
2026-09-28,152613,JM Small Cap Fund (Regular) - IDCW Option,11.3699
2026-09-28,152614,JM Small Cap Fund (Direct) - Growth Option,11.8083
2026-09-28,152615,JM Small Cap Fund (Direct) - IDCW Option,11.8085
2026-09-28,152616,Edelweiss Nifty Alpha Low Volatility 30 Index Fund - Direct Plan - Growth,9.681
2026-09-28,152617,Edelweiss Nifty Alpha Low Volatility 30 Index Fund - Regular Plan - Growth,9.5166
2026-09-28,152618,Edelweiss Nifty Alpha Low Volatility 30 Index Fund - Regular Plan - IDCW Payout,9.5166
2026-09-28,152619,Edelweiss Nifty Alpha Low Volatility 30 Index Fund - Direct Plan - IDCW Payout,9.681
2026-09-28,152620,Aditya Birla Sun Life Nifty PSE ETF,9.8006
2026-09-28,152625,Baroda BNP Paribas Retirement Fund - Regular plan - Growth option,11.2523
2026-09-28,152626,Baroda BNP Paribas Retirement Fund - Direct plan - IDCW option,11.6924
2026-09-28,152627,Baroda BNP Paribas Retirement Fund - Regular plan - IDCW option,11.2523
2026-09-28,152628,Baroda BNP Paribas Retirement Fund - Direct plan - Growth option,11.6924
2026-09-28,152629,Axis Nifty Bank Index Fund - Direct Plan - Growth Option,11.2678
2026-09-28,152630,Axis Nifty Bank Index Fund - Regular Plan - IDCW Option,11.0461
2026-09-28,152631,Axis Nifty Bank Index Fund - Direct Plan - IDCW Option,11.2678
2026-09-28,152632,Axis Nifty Bank Index Fund - Regular Plan - Growth Option,11.0464
2026-09-28,152633,Groww Nifty Non-Cyclical Consumer Index Fund - Regular Plan - Growth,9.8507
2026-09-28,152634,Mirae Asset Nifty MidSmallcap400 Momentum Quality 100 ETF,50.2451
2026-09-28,152635,Groww Nifty Non-Cyclical Consumer Index Fund - IDCW,9.8496
2026-09-28,152636,Groww Nifty Non-Cyclical Consumer Index Fund - Direct Plan - IDCW,9.9827
2026-09-28,152637,Groww Nifty Non-Cyclical Consumer Index Fund - Direct Plan Growth,9.9827
2026-09-28,152638,Bajaj Finserv Nifty 1D Rate Liquid ETF,1100.6143
2026-09-28,152639,Bajaj Finserv Multi Asset Allocation Fund - Direct Growth,12.3425
2026-09-28,152640,Bajaj Finserv Multi Asset Allocation Fund - Regular IDCW,11.9199
2026-09-28,152641,Bajaj Finserv Multi Asset Allocation Fund - Direct IDCW,12.3425
2026-09-28,152642,Bajaj Finserv Multi Asset Allocation Fund - Regular Growth,11.9199
2026-09-28,152643,WhiteOak Capital Special Opportunities Fund - Regular Growth,14.151
2026-09-28,152644,WhiteOak Capital Special Opportunities Fund - Direct Growth,14.746
2026-09-28,152645,Mirae Asset Nifty MidSmallcap400 Momentum Quality 100 ETF Fund of Fund - Direct Plan - Growth,10.138
2026-09-28,152646,Mirae Asset Nifty MidSmallcap400 Momentum Quality 100 ETF Fund of Fund - Direct Plan - IDCW,10.138
2026-09-28,152647,Mirae Asset Nifty MidSmallcap400 Momentum Quality 100 ETF Fund of Fund - Regular Plan - Growth,10.011
2026-09-28,152648,Mirae Asset Nifty MidSmallcap400 Momentum Quality 100 ETF Fund of Fund - Regular Plan - IDCW,10.016
2026-09-28,152649,Motilal Oswal Multi Cap Fund Regular Plan IDCW,14.3805
2026-09-28,152650,Motilal Oswal Multi Cap Fund Regular Plan Growth,14.5997
2026-09-28,152651,Motilal Oswal Multi Cap Fund-Direct Plan Growth,15.0335
2026-09-28,152652,Motilal Oswal Multi Cap Fund-Direct Plan IDCW,14.8125
2026-09-28,152653,DSP Nifty Bank Index Fund - Regular - Growth,11.0637
2026-09-28,152654,DSP Nifty Bank Index Fund - Direct - Growth,11.2346
2026-09-28,152655,SBI Automotive Opportunities Fund - Direct Plan - Income Distribution Cum Capital Withdrawal Option,13.4039
2026-09-28,152656,SBI Automotive Opportunities Fund - Regular Plan - Income Distribution Cum Capital Withdrawal Option,13.0665
2026-09-28,152657,SBI Automotive Opportunities Fund - Direct Plan - Growth,13.4042
2026-09-28,152658,SBI Automotive Opportunities Fund - Regular Plan - Growth,13.0663
2026-09-28,152659,Aditya Birla Sun Life Crisil IBX Gilt June 2027 Index Fund-Direct Growth,11.7153
2026-09-28,152660,Aditya Birla Sun Life Crisil IBX Gilt June 2027 Index Fund-Regular Growth,11.6441
2026-09-28,152661,Aditya Birla Sun Life Crisil IBX Gilt June 2027 Index Fund-Regular IDCW Payout,11.6440
2026-09-28,152662,Aditya Birla Sun Life Crisil Ibx Gilt June 2027 Index Fund-Direct IDCW Payout,11.7159
2026-09-28,152663,Kotak NIFTY 100 Low Volatility 30 Index Fund - Direct plan - Growth option,10.3183
2026-09-28,152664,Kotak NIFTY 100 Low Volatility 30 Index Fund - Regular plan - Growth option,10.1691
2026-09-28,152665,Kotak NIFTY 100 Low Volatility 30 Index Fund - Direct plan - IDCW option,10.3183
2026-09-28,152666,Kotak NIFTY 100 Low Volatility 30 Index Fund - Regular plan - IDCW option,10.1691
2026-09-28,152667,Zerodha Nifty 100 ETF,10.0554
2026-09-28,152668,Zerodha Nifty Midcap 150 ETF,11.1243
2026-09-28,152669,Mahindra Manulife Manufacturing Fund - Regular Plan - IDCW,10.5033
2026-09-28,152670,Mahindra Manulife Manufacturing Fund - Direct Plan - IDCW,10.8807
2026-09-28,152671,Mahindra Manulife Manufacturing Fund - Regular Plan - Growth,10.5033
2026-09-28,152672,Mahindra Manulife Manufacturing Fund - Direct Plan - Growth,10.8807
2026-09-28,152673,Sundaram Business Cycle Fund Direct Plan IDCW Reinvestment,11.3101
2026-09-28,152674,Sundaram Business Cycle Fund Regular Plan IDCW Payout,10.9212
2026-09-28,152675,Sundaram Business Cycle Fund Regular Plan IDCW Reinvestment,10.9212
2026-09-28,152676,Sundaram Business Cycle Fund Direct Plan IDCW Payout,11.3101
2026-09-28,152677,Sundaram Business Cycle Fund Direct Plan Growth,11.3101
2026-09-28,152678,Sundaram Business Cycle Fund Regular Plan Growth,10.9212
2026-09-28,152679,Helios Financial Services Fund - Direct Plan - Growth Option,11.40
2026-09-28,152680,Helios Financial Services Fund - Direct Plan - IDCW Option,11.40
2026-09-28,152681,Helios Financial Services Fund - Regular Plan - IDCW Option,11.00
2026-09-28,152682,Helios Financial Services Fund - Regular Plan - Growth Option,11.00
2026-09-28,152683,Baroda BNP Paribas Nifty Bank ETF,54.9747
2026-09-28,152684,Aditya Birla Sun Life Quant Fund - Direct Growth,10.20
2026-09-28,152685,Aditya Birla Sun Life Quant Fund - Direct IDCW Payout,10.19
2026-09-28,152686,Aditya Birla Sun Life Quant Fund - Regular Growth,9.88
2026-09-28,152687,Aditya Birla Sun Life Quant Fund - Regular IDCW Payout,9.87
2026-09-28,152688,Canara Robeco Balanced Advantage Fund - Direct Plan - Growth Option,10.2400
2026-09-28,152689,Canara Robeco Balanced Advantage Fund - Direct Plan - IDCW Option,10.1500
2026-09-28,152690,Canara Robeco Balanced Advantage Fund - Regular Plan - Growth Option,9.9400
2026-09-28,152691,Canara Robeco Balanced Advantage Fund - Regular Plan - IDCW Option,9.8400
2026-09-28,152692,Motilal Oswal Quant Fund - Regular - Growth,9.3487
2026-09-28,152693,Motilal Oswal Quant Fund - Regular - IDCW,8.6192
2026-09-28,152694,Motilal Oswal Quant Fund - Direct - Growth,9.9068
2026-09-28,152695,Motilal Oswal Quant Fund - Direct - IDCW,9.3163
2026-09-28,152696,Baroda BNP Paribas Manufacturing Fund - Regular Plan - Growth Option,10.6669
2026-09-28,152697,Baroda BNP Paribas Manufacturing Fund - Direct Plan - Growth Option,10.9994
2026-09-28,152698,Baroda BNP Paribas Manufacturing Fund - Direct Plan - IDCW Option,10.9994
2026-09-28,152699,Baroda BNP Paribas Manufacturing Fund - Regular Plan - IDCW Option,10.6669
2026-09-28,152700,Kotak Special Opportunities Fund - Regular Plan - IDCW Option,11.252
2026-09-28,152702,Kotak Special Opportunities Fund - Direct Plan - Growth Option,11.604
2026-09-28,152703,Kotak Special Opportunities Fund - Regular Plan - Growth Option,11.252
2026-09-28,152704,Kotak Special Opportunities Fund - Direct Plan - IDCW Payout Option,11.605
2026-09-28,152710,Edelweiss Business Cycle Fund - Direct Plan - Growth,9.1673
2026-09-28,152711,Motilal Oswal Nifty India Defence Index Fund Regular Plan Growth,11.9211
2026-09-28,152712,Motilal Oswal Nifty India Defence Index Fund Direct Plan Growth,12.1049
2026-09-28,152713,HDFC NIFTY100 Low Volatility 30 Index Fund - Direct Plan,9.8854
2026-09-28,152714,HDFC NIFTY100 Low Volatility 30 Index Fund - Regular Plan,9.7758
2026-09-28,152715,Mirae Asset Nifty EV and New Age Automotive ETF,30.9806
2026-09-28,152716,Bandhan Nifty Total Market Index Fund - Direct Plan - Growth,9.8228
2026-09-28,152717,Bandhan Nifty Total Market Index Fund - Regular Plan - Growth,9.6816
2026-09-28,152718,Mirae Asset Nifty200 Alpha 30 ETF Fund of Fund - Direct Plan - Growth,8.888
2026-09-28,152719,Mirae Asset Nifty200 Alpha 30 ETF Fund of Fund - Direct Plan - IDCW,8.894
2026-09-28,152720,Mirae Asset Nifty200 Alpha 30 ETF Fund of Fund - Regular Plan - Growth,8.798
2026-09-28,152721,Mirae Asset Nifty200 Alpha 30 ETF Fund of Fund - Regular Plan - IDCW,8.791
2026-09-28,152722,Edelweiss Business Cycle Fund - Regular Plan - IDCW Option,8.8571
2026-09-28,152723,Edelweiss Business Cycle Fund - Direct Plan - IDCW Option,9.1673
2026-09-28,152724,Edelweiss Business Cycle Fund - Regular Plan - Growth,8.8571
2026-09-28,152725,SBI Silver ETF,216.6607
2026-09-28,152726,ICICI PRUDENTIAL ENERGY OPPORTUNITIES FUND - Growth,11.22
2026-09-28,152727,ICICI PRUDENTIAL ENERGY OPPORTUNITIES FUND - IDCW,11.22
2026-09-28,152728,ICICI PRUDENTIAL ENERGY OPPORTUNITIES FUND - Direct Plan - Growth,11.51
2026-09-28,152729,ICICI PRUDENTIAL ENERGY OPPORTUNITIES FUND - Direct Plan - IDCW,11.51
2026-09-28,152730,Axis Nifty 500 Index Fund - Regular Plan - Growth Option,9.5844
2026-09-28,152731,Axis Nifty 500 Index Fund - Direct Plan - Growth Option,9.7785
2026-09-28,152732,ADITYA BIRLA SUN LIFE CRISIL BROAD BASED GILT ETF,113.1163
2026-09-28,152733,SBI Silver ETF Fund of Fund- Regular Plan - Growth,23.3352
2026-09-28,152734,SBI Silver ETF FOF- Regular Plan - Income Distribution Cum Capital Withdrawal Option (IDCW),23.3382
2026-09-28,152735,SBI Silver ETF Fund of Fund- Direct Plan - Growth,23.5173
2026-09-28,152736,SBI Silver ETF Fund of Fund- Direct Plan - Income Distribution Cum Capital Withdrawal Option (IDCW),23.5173
2026-09-28,152737,Franklin India Multi Cap Fund - Direct - IDCW,11.1333
2026-09-28,152738,Franklin India Multi Cap Fund - Growth,10.7929
2026-09-28,152739,Franklin India Multi Cap Fund - Direct - Growth,11.1333
2026-09-28,152740,Franklin India Multi Cap Fund - IDCW,10.7929
2026-09-28,152741,Shriram Nifty 1D Rate Liquid ETF - Growth,1123.2737
2026-09-28,152742,Tata Nifty India Tourism Index Fund - Direct - Growth,8.7507
2026-09-28,152743,Tata Nifty India Tourism Index Fund - Direct - IDCW Reinvestment,8.7507
2026-09-28,152744,Tata Nifty India Tourism Index Fund - Direct - IDCW Payout,8.7507
2026-09-28,152745,Tata Nifty India Tourism Index Fund - Regular - IDCW Payout,8.6230
2026-09-28,152746,Tata Nifty India Tourism Index Fund - Regular - Growth,8.6230
2026-09-28,152747,Tata Nifty India Tourism Index Fund - Regular - IDCW Reinvestment,8.6230
2026-09-28,152748,ICICI Prudential Nifty Oil & Gas ETF,10.8348
2026-09-28,152749,SBI Nifty50 Equal Weight ETF,31.7433
2026-09-28,152750,NAVI NIFTY 500 MULTICAP 50-25-25 REGULAR PLAN,9.6716
2026-09-28,152751,NAVI NIFTY 500 MULTICAP 50-25-25 DIRECT PLAN,9.8148
2026-09-28,152752,Kotak BSE PSU Index Fund - Regular Plan - Growth,8.835
2026-09-28,152753,Kotak BSE PSU Index Fund - Regular Plan - IDCW Payout and Reinvestment,8.835
2026-09-28,152754,Kotak BSE PSU Index Fund - Direct Plan - IDCW Payout and Reinvestment,8.959
2026-09-28,152755,Kotak BSE PSU Index Fund - Direct Plan - Growth,8.959
2026-09-28,152756,Invesco India Manufacturing Fund - Direct Plan - Growth,12.06
2026-09-28,152757,Invesco India Manufacturing Fund - Direct Plan - IDCW,12.06
2026-09-28,152758,Invesco India Manufacturing Fund - Regular Plan - Growth,11.67
2026-09-28,152759,Invesco India Manufacturing Fund - Regular Plan - IDCW,11.68
2026-09-28,152760,Motilal Oswal Manufacturing Fund - Direct Plan- Growth,11.6259
2026-09-28,152761,Motilal Oswal Manufacturing Fund - Regular Plan - IDCW,11.2799
2026-09-28,152762,Motilal Oswal Manufacturing Fund - Direct Plan - IDCW,11.6252
2026-09-28,152763,Motilal Owsal Manufacturing Fund - Regular Plan - Growth,11.2801
2026-09-28,152764,GROWW NIFTY EV & NEW AGE AUTOMOTIVE ETF,30.8551
2026-09-28,152765,KOTAK NIFTY MIDCAP 50 INDEX FUND-REGULAR PLAN-GROWTH,10.456
2026-09-28,152766,KOTAK NIFTY MIDCAP 50 INDEX FUND-REGULAR PLAN-IDCW PAYOUT AND REINVESTMENT,10.456
2026-09-28,152767,KOTAK NIFTY MIDCAP 50 INDEX FUND-DIRECT PLAN- GROWTH,10.592
2026-09-28,152768,KOTAK NIFTY MIDCAP 50 INDEX FUND-DIRECT PLAN-IDCW PAYOUT AND REINVESTMENT,10.592
2026-09-28,152769,ICICI Prudential Nifty Metal ETF,12.9358
2026-09-28,152770,Groww Nifty EV & New Age Automotive ETF FOF- Direct Plan - Growth,9.4671
2026-09-28,152771,Groww Nifty EV & New Age Automotive ETF FOF - Direct Plan - IDCW,9.4676
2026-09-28,152772,Groww Nifty EV & New Age Automotive ETF FOF - Regular Plan - IDCW,9.387
2026-09-28,152773,Groww Nifty EV & New Age Automotive ETF FOF - Regular Plan - Growth,9.3869
2026-09-28,152774,SBI Innovative Opportunities Fund - Regular Plan - Growth,10.4225
2026-09-28,152775,SBI Innovative Opportunities Fund - Regular Plan - Income Distribution Cum Capital Withdrawal Option,10.4230
2026-09-28,152776,SBI Innovative Opportunities Fund - Direct Plan - Growth,10.6619
2026-09-28,152777,SBI Innovative Opportunities Fund - Direct Plan - Income Distribution Cum Capital Withdrawal Option,10.6619
2026-09-28,152778,HDFC NIFTY500 Multicap 50:25:25 Index Fund - Direct Plan,9.7539
2026-09-28,152779,HDFC NIFTY500 Multicap 50:25:25 index Fund - Regular Plan,9.6557
2026-09-28,152780,BAJAJ FINSERV LARGE CAP FUND - REGULAR PLAN - GROWTH,9.759
2026-09-28,152781,BAJAJ FINSERV LARGE CAP FUND - DIRECT PLAN - IDCW,10.072
2026-09-28,152782,BAJAJ FINSERV LARGE CAP FUND - REGULAR PLAN - IDCW,9.759
2026-09-28,152783,BAJAJ FINSERV LARGE CAP FUND - DIRECT PLAN - GROWTH,10.072
2026-09-28,152784,Union Multi Asset Allocation Fund- Direct Plan - IDCW Option,11.27
2026-09-28,152785,Union Multi Asset Allocation Fund- Regular Plan - IDCW Option,10.98
2026-09-28,152786,Union Multi Asset Allocation Fund- Regular Plan - Growth Option,11.85
2026-09-28,152787,Union Multi Asset Allocation Fund- Direct Plan - Growth Option,12.14
2026-09-28,152788,Bank of India Business Cycle Fund - Direct Plan - Dividend,9.74
2026-09-28,152789,Bank of India Business Cycle Fund - Direct Plan - Growth,9.74
2026-09-28,152790,Bank of India Business Cycle Fund - Regular Plan - Growth,9.49
2026-09-28,152791,Bank of India Business Cycle Fund - Regular Plan - Dividend,9.49
2026-09-28,152792,Bandhan Nifty Bank Index Fund - Regular Plan - Growth,10.5339
2026-09-28,152793,Bandhan Nifty Bank Index Fund - Direct Plan - Growth,10.7115
2026-09-28,152794,Motilal Oswal Business Cycle Fund-Regular Plan-Growth,12.4114
2026-09-28,152795,Motilal Oswal Business Cycle Fund-Regular Plan-IDCW,12.4115
2026-09-28,152796,Motilal Oswal Business Cycle Fund - Direct Plan- Growth,12.7622
2026-09-28,152797,Motilal Oswal Business Cycle Fund - Direct Plan- IDCW,12.7615
2026-09-28,152798,Aditya Birla Sun Life Nifty India Defence Index Fund-Direct Growth,13.2173
2026-09-28,152799,Aditya Birla Sun Life Nifty India Defence Index Fund-Direct IDCW Payout,13.2178
2026-09-28,152800,Aditya Birla Sun Life Nifty India Defence Index Fund-Regular-Growth,13.0186
2026-09-28,152801,Aditya Birla Sun Life Nifty India Defence Index Fund-Regular IDCW Payout,13.0161
2026-09-28,152802,Aditya Birla Sun Life Crisil 10 Year Gilt ETF,111.0333
2026-09-28,152803,Axis Consumption Fund Direct Plan - IDCW,9.14
2026-09-28,152804,Axis Consumption Fund Regular Plan - Growth,8.89
2026-09-28,152805,Axis Consumption Fund Direct Plan - Growth,9.14
2026-09-28,152806,Axis Consumption Fund Regular Plan - IDCW,8.89
2026-09-28,152807,Baroda BNP Paribas Dividend Yield Fund - Regular Plan - Growth Option,9.3996
2026-09-28,152808,Baroda BNP Paribas Dividend Yield Fund - Regular Plan - IDCW Option,9.3996
2026-09-28,152809,Baroda BNP Paribas Dividend Yield Fund - Direct Plan - IDCW Option,9.6916
2026-09-28,152810,Baroda BNP Paribas Dividend Yield Fund - Direct Plan - Growth Option,9.6916
2026-09-28,152811,Mirae Asset Nifty500 Multicap 50:25:25 ETF,16.0502
2026-09-28,152812,DSP Nifty Top 10 Equal Weight ETF,82.5784
2026-09-28,152813,DSP Nifty Top 10 Equal Weight Index Fund - Regular - Growth,8.3482
2026-09-28,152814,DSP Nifty Top 10 Equal Weight Index Fund - Direct - Growth,8.4685
2026-09-28,152815,PGIM India Multi Cap Fund - Direct Plan - Growth Option,10.76
2026-09-28,152816,PGIM India Multi Cap Fund - Regular Plan - Growth Option,10.39
2026-09-28,152817,PGIM India Multi Cap Fund - Direct Plan - IDCW Option,10.76
2026-09-28,152818,PGIM India Multi Cap Fund - Regular Plan - IDCW Option,10.39
2026-09-28,152821,ITI Large & Midcap Fund - Direct Plan - Growth,10.2439
2026-09-28,152822,ITI Large & Midcap Fund - Regular Plan - IDCW Option,9.8986
2026-09-28,152823,ITI Large & Midcap Fund - Direct Plan - IDCW Option,10.2439
2026-09-28,152824,ITI Large & Midcap Fund - Regular Plan - Growth,9.8986
2026-09-28,152825,Franklin India Ultra Short Duration Fund - Direct - Growth,11.5523
2026-09-28,152826,Franklin India Ultra Short Duration Fund - IDCW,10.6560
2026-09-28,152827,Franklin India Ultra Short Duration Fund - Direct - IDCW,10.7301
2026-09-28,152828,Franklin India Ultra Short Duration Fund - Growth,11.4452
2026-09-28,152829,HSBC India Export Opportunities Fund - Direct Growth,11.8084
2026-09-28,152830,HSBC India Export Opportunities Fund - Regular Growth,11.489
2026-09-28,152831,HSBC India Export Opportunities Fund - Direct IDCW,11.8083
2026-09-28,152832,HSBC India Export Opportunities Fund - Regular IDCW,11.489
2026-09-28,152833,Tata Nifty200 Alpha 30 Index Fund - Direct - IDCW Reinvestment,8.6629
2026-09-28,152834,Tata Nifty200 Alpha 30 Index Fund - Regular -Growth,8.5463
2026-09-28,152835,Tata Nifty200 Alpha 30 Index Fund - Regular - IDCW Payout,8.5463
2026-09-28,152836,Tata Nifty200 Alpha 30 Index Fund - Direct -Growth,8.6629
2026-09-28,152837,Tata Nifty200 Alpha 30 Index Fund - Direct - IDCW Payout,8.6629
2026-09-28,152838,Tata Nifty200 Alpha 30 Index Fund - Regular - IDCW Reinvestment,8.5463
2026-09-28,152839,Nippon India Nifty 500 Equal Weight Index Fund - Direct Plan - IDCW Option,9.5631
2026-09-28,152840,Nippon India Nifty 500 Equal Weight Index Fund - Regular Plan - Growth Option,9.4547
2026-09-28,152841,Nippon India Nifty 500 Equal Weight Index Fund - Regular Plan - IDCW Option,9.4547
2026-09-28,152842,Nippon India Nifty 500 Equal Weight Index Fund - Direct Plan - Growth Option,9.5631
2026-09-28,152843,Bandhan BSE Healthcare Index Fund Regular Plan - Growth,11.6103
2026-09-28,152844,Bandhan BSE Healthcare Index Fund Direct Plan - Growth,11.8035
2026-09-28,152845,Groww Nifty India Defence ETF,92.1719
2026-09-28,152846,Motilal Oswal Nifty India Defence ETF,101.4057
2026-09-28,152847,Samco Multi Cap Fund - Direct Plan - Growth,9.12
2026-09-28,152848,Samco Multi Cap Fund - Regular Plan - Growth,8.85
2026-09-28,152849,WhiteOak Capital Arbitrage Fund Direct Plan Growth,11.545
2026-09-28,152850,WhiteOak Capital Arbitrage Fund Regular Plan Growth,11.369
2026-09-28,152851,Franklin India Medium to Long Duration Fund - Direct Growth,11.2432
2026-09-28,152852,Franklin India Medium to Long Duration Fund - Direct - IDCW,10.5193
2026-09-28,152853,Franklin India Medium to Long Duration Fund - Growth,11.1281
2026-09-28,152854,Franklin India Medium to Long Duration Fund - IDCW,10.4421
2026-09-28,152855,Bandhan Nifty Midcap 150 Index Fund-Direct Plan-Growth,10.0520
2026-09-28,152856,Bandhan Nifty Midcap 150 Index Fund-Regular Plan-Growth,9.9081
2026-09-28,152857,Edelweiss Nifty Bank ETF - Growth,54.994
2026-09-28,152858,UTI Nifty 200 Quality 30 Index Fund - Regular Plan - Growth Option,8.398
2026-09-28,152859,UTI Nifty 200 Quality 30 Index Fund - Direct Plan - Growth Option,8.4841
2026-09-28,152860,Invesco India Technology Fund - Direct Plan - IDCW,9.69
2026-09-28,152861,Invesco India Technology Fund - Regular Plan - IDCW,9.39
2026-09-28,152862,Invesco India Technology Fund - Regular Plan - Growth,9.39
2026-09-28,152863,Invesco India Technology Fund - Direct Plan - Growth,9.69
2026-09-28,152864,UTI Nifty Private Bank Index Fund - Direct Plan - Growth Option,9.8345
2026-09-28,152865,UTI Nifty Private Bank Index Fund - Regular Plan - Growth Option,9.7348
2026-09-28,152866,Kotak CRISIL -IBX AAA Financial Services Index Sep-2027 Fund-REGULAR PLAN-GROWTH,11.5677
2026-09-28,152867,Kotak CRISIL-IBX AAA Financial Services Index Sep-2027 Fund-REGULAR PLAN-IDCW,11.5676
2026-09-28,152868,Kotak CRISIL -IBX AAA Financial Services Index Sep-2027 Fund-DIRECT PLAN-IDCW,11.6153
2026-09-28,152869,Kotak CRISIL -IBX AAA Financial Services Index Sep-2027 Fund-DIRECT PLAN-GROWTH Option,11.6175
2026-09-28,152870,Kotak Nifty India Tourism Index Fund-Direct-Growth Option,8.241
2026-09-28,152871,Kotak Nifty India Tourism Index Fund-Regular Plan-IDCW Option,8.136
2026-09-28,152872,Kotak Nifty India Tourism Index Fund-Regular plan-Growth,8.136
2026-09-28,152873,Kotak Nifty India Tourism Index Fund-Direct Plan-IDCW Option,8.242
2026-09-28,152874,Motilal Oswal Nifty 500 Momentum 50 ETF,52.3634
2026-09-28,152875,Motilal Oswal Nifty 500 Momentum 50 Index Fund-Direct Plan-Growth,8.1995
2026-09-28,152876,Motilal Oswal Nifty 500 Momentum 50 Index Fund-Regular Plan-Growth,8.0881
2026-09-28,152877,Bandhan Business Cycle Fund - Regular Plan - Growth,9.398
2026-09-28,152878,Bandhan Business Cycle Fund - Direct Plan - Growth,9.689
2026-09-28,152879,Bandhan Business Cycle Fund - Direct Plan - IDCW,9.689
2026-09-28,152880,Bandhan Business Cycle Fund - Regular Plan - IDCW,9.398
2026-09-28,152881,Nippon India Nifty 500 Momentum 50 Index Fund - Direct Plan - Growth Option,8.2876
2026-09-28,152882,Nippon India Nifty 500 Momentum 50 Index Fund - Regular Plan - IDCW Option,8.1850
2026-09-28,152883,Nippon India Nifty 500 Momentum 50 Index Fund - Regular Plan - Growth Option,8.1850
2026-09-28,152884,Nippon India Nifty 500 Momentum 50 Index Fund - Direct Plan - IDCW Option,8.2876
2026-09-28,152885,Axis CRISIL-IBX AAA Bond NBFC - Jun 2027 Index Fund - Regular Plan - IDCW Option,11.5171
2026-09-28,152886,Axis CRISIL-IBX AAA Bond NBFC - Jun 2027 Index Fund - Regular Plan - Growth Option,11.5170
2026-09-28,152887,Axis CRISIL-IBX AAA Bond NBFC - Jun 2027 Index Fund - Direct Plan - Growth Option,11.5931
2026-09-28,152888,Axis CRISIL-IBX AAA Bond NBFC - Jun 2027 Index Fund - Direct Plan - IDCW Option,11.5930
2026-09-28,152889,HDFC NIFTY LargeMidcap 250 Index Fund - Growth Option - Direct,9.7304
2026-09-28,152890,HDFC NIFTY LargeMidcap 250 Index Fund - Growth Option,9.6385
2026-09-28,152891,Groww Nifty 1D Rate Liquid ETF,110.9282
2026-09-28,152906,SBI Nifty 500 Index Fund- Regular Plan- Growth,9.1890
2026-09-28,152907,SBI Nifty 500 Index Fund- Regular Plan- Income Distribution Cum Capital Withdrawal (IDCW),9.1888
2026-09-28,152908,SBI Nifty 500 Index Fund- Direct Plan- Growth,9.2783
2026-09-28,152909,SBI Nifty 500 Index Fund- Direct Plan- Income Distribution Cum Capital Withdrawal (IDCW),9.2783
2026-09-28,152910,Kotak MNC Fund-Direct Plan-Growth,12.56
2026-09-28,152911,Kotak MNC Fund-Direct Plan-IDCW Option,12.56
2026-09-28,152912,KotaK MNC Fund-Regular Plan-IDCW OPTION,12.22
2026-09-28,152913,Kotak MNC Fund-Regular Plan- Growth,12.22
2026-09-28,152914,WhiteOak Capital Digital Bharat Fund Regular Plan Growth,9.640
2026-09-28,152915,WhiteOak Capital Digital Bharat Fund Direct Plan Growth,9.975
2026-09-28,152916,Kotak Nifty Midcap 150 Momentum 50 Index Fund-Direct Plan-Growth,9.266
2026-09-28,152917,Kotak Nifty Midcap 150 Momentum 50 Index Fund-Direct Plan-IDCW option,9.266
2026-09-28,152918,Kotak Nifty Midcap 150 Momentum 50 Index Fund-Regular Plan-Growth,9.148
2026-09-28,152919,Kotak Nifty Midcap 150 Momentum 50 Index Fund-Regular plan-IDCW option,9.148
2026-09-28,152920,LIC MF Manufacturing Fund-Direct Plan-Growth,11.7082
2026-09-28,152921,LIC MF Manufacturing Fund-Direct Plan-IDCW,11.7082
2026-09-28,152922,LIC MF Manufacturing Fund-Regular Plan-Growth,11.3507
2026-09-28,152923,LIC MF Manufacturing Fund-Regular Plan-IDCW,11.3507
2026-09-28,152924,Mirae Asset Nifty Metal ETF,12.9823
2026-09-28,152925,Groww Nifty India Defence ETF FOF - Direct Growth,13.6117
2026-09-28,152926,Groww Nifty India Defence ETF FOF - Direct - IDCW,13.6119
2026-09-28,152927,Groww Nifty India Defence ETF FOF - Regular - Growth,13.5071
2026-09-28,152928,Groww Nifty India Defence ETF FOF - Regular - IDCW,13.5055
2026-09-28,152929,Mirae Asset Nifty PSU Bank ETF,80.9651
2026-09-28,152930,Baroda BNP Paribas Nifty200 Momentum 30 Index Fund - Regular Plan - Growth Option,7.7325
2026-09-28,152931,Baroda BNP Paribas Nifty200 Momentum 30 Index Fund - Direct Plan - Growth Option,7.8272
2026-09-28,152932,ICICI Prudential Nifty200 Value 30 ETF,14.5318
2026-09-28,152933,ICICI Prudential Nifty200 Value 30 Index Fund - Direct Plan - IDCW,10.5238
2026-09-28,152934,ICICI Prudential Nifty200 Value 30 Index Fund - Growth,10.4113
2026-09-28,152935,ICICI Prudential Nifty200 Value 30 Index Fund - IDCW,10.4112
2026-09-28,152936,ICICI Prudential Nifty200 Value 30 Index Fund - Direct Plan - Growth,10.5238
2026-09-28,152937,TRUSTMF SMALL CAP FUND -DIRECT PLAN-IDCW,13.72
2026-09-28,152938,TRUSTMF SMALL CAP FUND -REGULAR PLAN- IDCW,13.30
2026-09-28,152939,TRUSTMF SMALL CAP FUND -DIRECT PLAN-GROWTH,13.72
2026-09-28,152940,TRUSTMF SMALL CAP FUND -REGULAR PLAN-GROWTH,13.29
2026-09-28,152941,Helios Large & Mid Cap Fund - Direct Plan - Growth Option,11.31
2026-09-28,152942,Helios Large & Mid Cap Fund - Direct Plan - IDCW Option,11.31
2026-09-28,152943,Helios Large & Mid Cap Fund - Regular Plan - Growth Option,10.96
2026-09-28,152944,Helios Large & Mid Cap Fund - Regular Plan - IDCW Option,10.96
2026-09-28,152945,Aditya Birla Sun Life Crisil-IBX AAA NBFC-HFC Index-Sep 2026 Fund-Regular Growth,11.4866
2026-09-28,152946,Aditya Birla Sun Life Crisil-IBX AAA NBFC-HFC Index-Sep 2026 Fund-Regular IDCW Payout,11.4866
2026-09-28,152947,Aditya Birla Sun Life Crisil-IBX AAA NBFC-HFC Index-Sep 2026 Fund-Direct Growth,11.5510
2026-09-28,152948,Aditya Birla Sun Life Crisil-IBX AAA NBFC-HFC INDEX-Sep 2026 Fund-Direct IDCW Payout,11.5510
2026-09-28,152949,Axis Nifty500 Value 50 Index Fund - Direct Plan - Growth Option,10.9887
2026-09-28,152950,Axis Nifty500 Value 50 Index Fund - Regular Plan - Growth Option,10.8039
2026-09-28,152951,Tata Nifty Capital Markets Index Fund - Direct Plan Growth Option,13.9933
2026-09-28,152952,Tata Nifty Capital Markets Index Fund - Direct Plan IDCW Reinvestment Option,13.9933
2026-09-28,152953,Tata Nifty Capital Markets Index Fund - Direct Plan IDCW Payout Option,13.9933
2026-09-28,152954,Tata Nifty Capital Markets Index Fund - Regular Plan Growth Option,13.8243
2026-09-28,152955,Tata Nifty Capital Markets Index Fund - Regular Plan IDCW Reinvestment Option,13.8243
2026-09-28,152956,Tata Nifty Capital Markets Index Fund - Regular Plan IDCW Payout Option,13.8243
2026-09-28,152957,Groww Gold ETF,14.3253
2026-09-28,152962,WhiteOak Capital ESG Best-In-Class Strategy Fund Direct Plan Growth,9.974
2026-09-28,152963,WhiteOak Capital ESG Best-In-Class Strategy Fund Regular Plan Growth,9.649
2026-09-28,152964,Motilal Oswal Digital India Fund - Direct Plan - Growth,11.0326
2026-09-28,152965,Motilal Oswal Digital India Fund - Direct Plan- IDCW,11.0322
2026-09-28,152966,Motilal Oswal Digital India Fund - Regular Plan- Growth,10.7333
2026-09-28,152967,Motilal Oswal Digital India Fund - Regular Plan - IDCW,10.7334
2026-09-28,152968,Mirae Asset Nifty Total Market Index Fund - Direct Plan - Growth,10.0062
2026-09-28,152969,Mirae Asset Nifty Total Market Index Fund - Direct Plan - IDCW,10.0059
2026-09-28,152970,Mirae Asset Nifty Total Market Index Fund - Regular Plan - Growth,9.8754
2026-09-28,152971,Mirae Asset Nifty Total Market Index Fund - Regular Plan - IDCW,9.8751
2026-09-28,152972,Mirae Asset Nifty 50 Index Fund - Direct Plan - Growth,9.5100
2026-09-28,152973,Mirae Asset Nifty 50 Index Fund - Direct Plan - IDCW,9.5101
2026-09-28,152974,Mirae Asset Nifty 50 Index Fund - Regular Plan - Growth,9.3949
2026-09-28,152975,Mirae Asset Nifty 50 Index Fund - Regular Plan - IDCW,9.3966
2026-09-28,152976,Mirae Asset Nifty LargeMidcap 250 Index Fund - Direct Plan - Growth,10.1034
2026-09-28,152977,Mirae Asset Nifty LargeMidcap 250 Index Fund - Direct Plan - IDCW,10.1042
2026-09-28,152978,Mirae Asset Nifty LargeMidcap 250 Index Fund - Regular Plan - Growth,9.9797
2026-09-28,152979,Mirae Asset Nifty LargeMidcap 250 Index Fund - Regular Plan - IDCW,9.9791
2026-09-28,152980,Groww Gold ETF FOF - DIRECT - GROWTH,17.9834
2026-09-28,152981,Edelweiss Nifty500 Multicap Momentum Quality 50 ETF - Growth,40.3894
2026-09-28,152982,Edelweiss Nifty500 Multicap Momentum Quality 50 Index Fund - Direct - IDCW - Payout,8.8432
2026-09-28,152983,Edelweiss Nifty500 Multicap Momentum Quality 50 Index Fund - Regular - IDCW - Payout,8.7301
2026-09-28,152985,Edelweiss Nifty500 Multicap Momentum Quality 50 Index Fund - Direct - Growth,8.8432
2026-09-28,152988,Edelweiss Nifty500 Multicap Momentum Quality 50 Index Fund - Regular - Growth,8.7301
2026-09-28,152990,Bandhan Nifty 500 Value 50 Index Fund Direct Plan - Growth,10.8625
2026-09-28,152991,Bandhan Nifty 500 Value 50 Index Fund Regular Plan - Growth,10.7279
2026-09-28,152992,Nippon India CRISIL - IBX AAA Financial Services - Dec 2026 Index Fund - Direct Plan - Growth Option,11.5095
2026-09-28,152993,Nippon India CRISIL - IBX AAA Financial Services - Dec 2026 Index Fund - Direct Plan - IDCW Option,11.5095
2026-09-28,152994,Nippon India CRISIL - IBX AAA Financial Services - Dec 2026 Index Fund - Regular Plan - Growth Option,11.4652
2026-09-28,152995,Nippon India CRISIL - IBX AAA Financial Services - Dec 2026 Index Fund - Regular Plan - IDCW Option,11.4652
2026-09-28,152996,Nippon India CRISIL - IBX AAA Financial Services - Jan 2028 Index Fund - Direct Plan - Growth Option,11.4671
2026-09-28,152997,Nippon India CRISIL - IBX AAA Financial Services - Jan 2028 Index Fund - Direct Plan - IDCW Option,11.4671
2026-09-28,152998,Nippon India CRISIL - IBX AAA Financial Services - Jan 2028 Index Fund - Regular Plan - Growth Option,11.4189
2026-09-28,152999,Nippon India CRISIL - IBX AAA Financial Services - Jan 2028 Index Fund - Regular Plan - IDCW Option,11.4189
2026-09-28,153000,Baroda BNP Paribas Nifty Midcap 150 Index Fund - Direct Plan - Growth Option,10.6279
2026-09-28,153001,Baroda BNP Paribas Nifty Midcap 150 Index Fund - Regular Plan - Growth Option,10.4902
2026-09-28,153002,Bandhan Nifty 500 Momentum 50 Index Fund Regular Plan-Growth,8.7385
2026-09-28,153003,Bandhan Nifty 500 Momentum 50 Index Fund Direct Plan-Growth,8.8480
2026-09-28,153004,Groww Gold ETF FOF - DIRECT - IDCW,17.9834
2026-09-28,153005,Groww Gold ETF FOF - REGULAR - IDCW,17.8816
2026-09-28,153006,Groww Gold ETF FOF - REGULAR - GROWTH,17.8812
2026-09-28,153007,Mirae Asset Gold ETF Fund of Fund - Direct Plan - Growth,18.546
2026-09-28,153008,Mirae Asset Gold ETF Fund of Fund - Direct Plan - IDCW,18.545
2026-09-28,153009,Mirae Asset Gold ETF Fund of Fund - Regular Plan - Growth,18.361
2026-09-28,153010,Mirae Asset Gold ETF Fund of Fund - Regular Plan - IDCW,18.350
2026-09-28,153011,Zerodha Gold ETF FoF-Direct Plan - Growth Option,19.1547
2026-09-28,153012,SBI Nifty India Consumption Index Fund- Regular Plan- Growth,9.7549
2026-09-28,153013,SBI Nifty India Consumption Index Fund- Regular Plan- IDCW Payout,9.7549
2026-09-28,153014,SBI Nifty India Consumption Index Fund- Direct Plan- IDCW Payout,9.8450
2026-09-28,153015,SBI Nifty India Consumption Index Fund- Direct Plan- Growth,9.8450
2026-09-28,153021,Samco Overnight Fund - Unclaimed Redemption Upto 3 years,1101.9891
2026-09-28,153022,Motilal Oswal Nifty MidSmall Healthcare Index Fund-Regular Plan-Growth,12.3802
2026-09-28,153023,Motilal Oswal Nifty MidSmall Healthcare Index Fund- Direct Plan-Growth,12.4876
2026-09-28,153024,Motilal Oswal Nifty MidSmall India Consumption Index Fund-Regular Plan-Growth,9.3872
2026-09-28,153025,Motilal Oswal Nifty MidSmall India Consumption Index Fund - Direct Plan- Growth,9.4695
2026-09-28,153026,Motilal Oswal Nifty MidSmall Financial Services Index Fund-Regular Plan-Growth,13.6970
2026-09-28,153027,Motilal Oswal Nifty MidSmall Financial Services Index Fund - Direct Plan- Growth,13.8169
2026-09-28,153028,Motilal Oswal Nifty MidSmall IT and Telecom Index Fund-Regular Plan-Growth,9.0378
2026-09-28,153029,Motilal Oswal Nifty MidSmall IT and Telecom Index Fund - Direct Plan- Growth,9.1176
2026-09-28,153030,Aditya Birla Sun Life Crisil-IBX AAA Financial Services Index-Sep 2027 Fund-Direct Growth,11.4424
2026-09-28,153031,Aditya Birla Sun Life Crisil-IBX AAA Financial Services Index-Sep 2027 Fund-Direct IDCW Payout,11.4425
2026-09-28,153032,Aditya Birla Sun Life Crisil-IBX AAA Financial Services Index-Sep 2027 Fund-Regular IDCW Payout,11.3961
2026-09-28,153033,Aditya Birla Sun Life Crisil-IBX AAA Financial Services Index-Sep 2027 Fund-Regular Growth,11.3961
2026-09-28,153034,Groww Multicap Fund - Direct - Growth,12.3174
2026-09-28,153035,Shriram Liquid Fund - Direct Plan Growth Option,1124.1041
2026-09-28,153036,Shriram Liquid Fund - Regular Plan Growth Option,1121.1629
2026-09-28,153037,PGIM India Healthcare Fund - Direct Plan - IDCW Option,12.39
2026-09-28,153038,PGIM India Healthcare Fund - Regular Plan - IDCW Option,12.01
2026-09-28,153039,PGIM India Healthcare Fund - Direct Plan - Growth Option,12.39
2026-09-28,153040,PGIM India Healthcare Fund - Regular Plan - Growth Option,12.01
2026-09-28,153041,Franklin India Arbitrage Fund - Direct - IDCW,11.3455
2026-09-28,153042,Franklin India Arbitrage Fund - Growth,11.1947
2026-09-28,153043,Franklin India Arbitrage Fund - Direct - Growth,11.3455
2026-09-28,153044,Franklin India Arbitrage Fund - IDCW,11.1947
2026-09-28,153045,Mirae Asset Nifty 1D Rate Liquid ETF - Growth,1105.0886
2026-09-28,153046,Invesco India Multi Asset Allocation Fund - Regular Plan - Growth,12.12
2026-09-28,153047,Invesco India Multi Asset Allocation Fund - Direct Plan - Growth,12.4
2026-09-28,153048,Invesco India Multi Asset Allocation Fund - Regular Plan - IDCW,12.12
2026-09-28,153049,Invesco India Multi Asset Allocation Fund - Direct Plan - IDCW,12.38
2026-09-28,153054,Tata India Innovation Fund- Regular IDCW payout,9.8295
2026-09-28,153055,Tata India Innovation Fund- Direct Growth,10.1036
2026-09-28,153056,Tata India Innovation Fund- Direct IDCW Reinvestment,10.1036
2026-09-28,153057,Tata India Innovation Fund- Direct IDCW payout,10.1036
2026-09-28,153058,Tata India Innovation Fund- Regular IDCW Reinvestment,9.8295
2026-09-28,153059,Tata India Innovation Fund- Regular Growth,9.8295
2026-09-28,153060,Nippon India Nifty Realty Index Fund-Direct Plan- Growth Option,7.8919
2026-09-28,153061,Nippon India Nifty Realty Index Fund-Regular Plan- Growth Option,7.8124
2026-09-28,153062,Nippon India Nifty Realty Index Fund-Regular Plan- IDCW Option,7.8124
2026-09-28,153063,Nippon India Nifty Realty Index Fund-Direct Plan- IDCW Option,7.8919
2026-09-28,153064,Nippon India Nifty Auto Index Fund - Direct Plan- Growth Option,11.3901
2026-09-28,153065,Nippon India Nifty Auto Index Fund - Regular Plan- IDCW Option,11.2799
2026-09-28,153066,Nippon India Nifty Auto Index Fund - Regular Plan- Growth Option,11.2799
2026-09-28,153067,Nippon India Nifty Auto Index Fund - Direct Plan- IDCW Option,11.3901
2026-09-28,153068,ICICI Prudential Equity Minimum Variance Fund - IDCW,10.04
2026-09-28,153069,ICICI Prudential Equity Minimum Variance Fund - Growth,10.04
2026-09-28,153070,ICICI Prudential Equity Minimum Variance Fund - Direct Plan - Growth,10.26
2026-09-28,153071,ICICI Prudential Equity Minimum Variance Fund - Direct Plan - IDCW,10.26
2026-09-28,153072,BAJAJ FINSERV CONSUMPTION FUND - REGULAR - GROWTH,9.007
2026-09-28,153073,BAJAJ FINSERV CONSUMPTION FUND - REGULAR - IDCW,9.007
2026-09-28,153074,BAJAJ FINSERV CONSUMPTION FUND - DIRECT - IDCW,9.282
2026-09-28,153075,BAJAJ FINSERV CONSUMPTION FUND - DIRECT - GROWTH,9.282
2026-09-28,153076,Shriram Multi Sector Rotation Fund - Direct Plan Growth Option,7.9571
2026-09-28,153077,Shriram Multi Sector Rotation Fund - Regular Plan Growth Option,7.7158
2026-09-28,153078,Aditya Birla Sun Life BSE India Infrastructure Index Fund-Direct IDCW Payout,8.7211
2026-09-28,153079,Aditya Birla Sun Life BSE India Infrastructure Index Fund-Regular IDCW Payout,8.6296
2026-09-28,153080,Aditya Birla Sun Life BSE India Infrastructure Index Fund-Regular Growth,8.6293
2026-09-28,153081,Aditya Birla Sun Life BSE India Infrastructure Index Fund-Direct Growth,8.7211
2026-09-28,153082,Axis Momentum Fund - Regular Plan - IDCW Option,8.68
2026-09-28,153083,Axis Momentum Fund - Direct Plan - Growth Option,8.92
2026-09-28,153084,Axis Momentum Fund - Direct Plan - IDCW Option,8.92
2026-09-28,153085,Axis Momentum Fund - Regular Plan - Growth Option,8.68
2026-09-28,153086,UTI Nifty Alpha Low-Volatility 30 Index Fund - Direct Plan - Growth Option,9.3821
2026-09-28,153087,UTI Nifty Alpha Low-Volatility 30 Index Fund - Regular Plan - Growth Option,9.2997
2026-09-28,153088,UTI Nifty Midcap 150 Index Fund - Regular Plan - Growth Option,10.5002
2026-09-28,153089,UTI Nifty Midcap 150 Index Fund - Direct Plan - Growth Option,10.5941
2026-09-28,153090,Samco Arbitrage Fund - Direct Plan - Growth,10.97
2026-09-28,153091,Samco Arbitrage Fund - Regular Plan - Growth,10.74
2026-09-28,153092,Samco Multi Asset Allocation Fund - Direct Plan - Growth,12.25
2026-09-28,153093,Samco Multi Asset Allocation Fund - Regular Plan - Growth,11.91
2026-09-28,153094,Quantum Ethical Fund - Direct Plan Growth Option,9.90
2026-09-28,153095,Quantum Ethical Fund - Regular Plan Growth Option,9.66
2026-09-28,153096,HDFC Nifty India Digital Index Fund - Growth Option - Regular,8.1507
2026-09-28,153097,HDFC Nifty India Digital Index Fund - Growth Option - Direct,8.2216
2026-09-28,153098,Groww Multicap Fund - Direct - IDCW,12.3173
2026-09-28,153099,Groww Multicap Fund - Regular - IDCW,11.9283
2026-09-28,153100,Groww Multicap Fund - Regular - Growth,11.9201
2026-09-28,153101,Franklin India Long Duration Fund - IDCW,10.3661
2026-09-28,153102,Franklin India Long Duration Fund - Direct - Growth,10.8252
2026-09-28,153103,Franklin India Long Duration Fund - Direct - IDCW,10.3763
2026-09-28,153104,Franklin India Long Duration Fund - Growth,10.7315
2026-09-28,153105,Mirae Asset Long Term Fund - Direct Plan - Growth,10.4273
2026-09-28,153106,Mirae Asset Long Term Fund - Direct Plan - IDCW,10.4201
2026-09-28,153107,Mirae Asset Long Term Fund - Regular Plan - Growth,10.3302
2026-09-28,153108,Mirae Asset Long Term Fund - Regular Plan - IDCW,10.3302
2026-09-28,153109,Union Active Momentum Fund - Direct Plan - Growth Option,10.23
2026-09-28,153110,Union Active Momentum Fund - Direct Plan - IDCW Option,10.23
2026-09-28,153111,Union Active Momentum Fund - Regular Plan - Growth Option,9.98
2026-09-28,153112,Union Active Momentum Fund - Regular Plan - IDCW Option,9.98
2026-09-28,153113,Bandhan Nifty 200 Quality 30 Index Fund - Regular Plan - Growth,9.0462
2026-09-28,153114,Bandhan Nifty 200 Quality 30 Index Fund - Direct Plan - Growth,9.1540
2026-09-28,153115,Edelweiss CRISIL IBX AAA Financial Services - Jan 2028 Index Fund - Direct - Growth,11.398
2026-09-28,153116,Kotak Transportation & Logistics Fund-Regular-Growth,11.996
2026-09-28,153117,Kotak Transportation & Logistics Fund-Direct -IDCW-PAYOUT & REINVESTMENT,12.336
2026-09-28,153118,Kotak Transportation & Logistics Fund-Direct Growth,12.337
2026-09-28,153119,Kotak Transportation & Logistics Fund-Regular-IDCW Payout & Reinvestment,11.996
2026-09-28,153120,DSP Business Cycle Fund - Regular - IDCW,9.8600
2026-09-28,153121,DSP Business Cycle Fund - Direct - Growth,10.1290
2026-09-28,153122,DSP Business Cycle Fund - Regular - Growth,9.8600
2026-09-28,153123,DSP Business Cycle Fund - Direct - IDCW,10.1290
2026-09-28,153124,Aditya Birla Sun Life Conglomerate Fund-Direct Growth,10.63
2026-09-28,153125,Aditya Birla Sun Life Conglomerate Fund-Direct IDCW Payout,10.63
2026-09-28,153126,Aditya Birla Sun Life Conglomerate Fund-Regular IDCW Payout,10.37
2026-09-28,153127,Aditya Birla Sun Life Conglomerate Fund-Regular Growth,10.37
2026-09-28,153128,Edelweiss CRISIL IBX AAA Financial Services - Jan 2028 Index Fund - Direct - IDCW - Payout,10.894
2026-09-28,153129,Edelweiss CRISIL IBX AAA Financial Services - Jan 2028 Index Fund - Regular - IDCW - Payout,10.851
2026-09-28,153130,Edelweiss CRISIL IBX AAA Financial Services - Jan 2028 Index Fund - Regular - Growth,11.354
2026-09-28,153131,Tata BSE Select Business Groups Index Fund - Direct IDCW Payout,9.6956
2026-09-28,153132,Tata BSE Select Business Groups Index Fund - Direct Growth,9.6956
2026-09-28,153133,Tata BSE Select Business Groups Index Fund - Regular IDCW Payout,9.5597
2026-09-28,153134,Tata BSE Select Business Groups Index Fund - Regular Growth,9.5597
2026-09-28,153135,Tata BSE Select Business Groups Index Fund - Direct IDCW Reinvestment,9.6956
2026-09-28,153136,Tata BSE Select Business Groups Index Fund - Regular IDCW Reinvestment,9.5597
2026-09-28,153137,Motilal Oswal Nifty Capital Market Index Fund - Regular Plan - Growth,12.0917
2026-09-28,153138,Motilal Oswal Nifty Capital Market Index Fund - Direct Plan - Growth,12.2308
2026-09-28,153139,Bank of India Consumption Fund - Direct - Growth,11.02
2026-09-28,153140,Bank of India Consumption Fund - Regular - Growth,10.79
2026-09-28,153141,Bank of India Consumption Fund - Regular - IDCW,10.79
2026-09-28,153142,Bank of India Consumption Fund - Direct - IDCW,11.01
2026-09-28,153143,Kotak Nifty 100 Equal Weight index Fund - Direct Plan - IDCW Option,10.656
2026-09-28,153144,Kotak Nifty 100 Equal Weight Index Fund - Regular Plan - IDCW Option,10.563
2026-09-28,153145,Kotak Nifty 100 Equal Weight Index Fund - Regular Plan - Growth,10.563
2026-09-28,153146,Kotak Nifty 100 Equal Weight Index Fund - Direct Plan - Growth,10.657
2026-09-28,153147,Kotak Nifty 50 Equal Weight Index Fund - Direct Plan - IDCW Option,10.69
2026-09-28,153148,Kotak Nifty 50 Equal Weight Index Fund - Regular Plan - Growth,10.594
2026-09-28,153149,Kotak Nifty 50 Equal Weight Index Fund - Regular Plan - IDCW Option,10.594
2026-09-28,153150,Kotak Nifty 50 Equal Weight Index Fund - Direct Plan - Growth,10.689
2026-09-28,153151,SBI Quant Fund- Direct Plan- Income Distribution cum Capital Withdrawal Option (IDCW),9.2388
2026-09-28,153152,SBI Quant Fund- Regular Plan- Income Distribution Cum Capital Withdrawal Option (IDCW),9.0579
2026-09-28,153153,SBI Quant Fund- Regular Plan- Growth,9.0579
2026-09-28,153154,SBI Quant Fund- Direct Plan- Growth,9.2390
2026-09-28,153155,BAJAJ FINSERV HEALTHCARE FUND - REGULAR - GROWTH,11.658
2026-09-28,153156,BAJAJ FINSERV HEALTHCARE FUND - DIRECT - IDCW,12.008
2026-09-28,153157,BAJAJ FINSERV HEALTHCARE FUND - DIRECT - GROWTH,12.008
2026-09-28,153158,BAJAJ FINSERV HEALTHCARE FUND - REGULAR - IDCW,11.658
2026-09-28,153159,ICICI Prudential Nifty 500 Index Fund - Direct Plan - IDCW,10.0428
2026-09-28,153160,ICICI Prudential Nifty 500 Index Fund - IDCW,9.9421
2026-09-28,153161,ICICI Prudential Nifty 500 Index Fund - Direct Plan - Growth,10.0430
2026-09-28,153162,ICICI Prudential Nifty 500 Index Fund - Growth,9.9420
2026-09-28,153169,Baroda BNP Paribas Children's Fund - Regular Plan - IDCW Option,10.7541
2026-09-28,153170,Baroda BNP Paribas Children's Fund - Regular Plan - Growth Option,10.7541
2026-09-28,153171,Baroda BNP Paribas Children's Fund - Direct Plan - Growth Option,11.0987
2026-09-28,153176,Aditya Birla Sun Life Crisil-IBX Financial Services 3 to 6 months Debt Index Fund-Direct IDCW Payout,11.3294
2026-09-28,153177,Aditya Birla Sun Life Crisil-IBX Financial Services 3 to 6 Months Debt Index Fund-Regular Growth,11.2853
2026-09-28,153178,Aditya Birla Sun Life Crisil-IBX Financial Services 3 to 6 Months  Debt Index Fund-Regular IDCW Payout,11.2853
2026-09-28,153179,Aditya Birla Sun Life Crisil-IBX financial Services 3 to 6 months Debt Index Fund-Direct Growth,11.3293
2026-09-28,153180,Edelweiss BSE Capital Markets & Insurance  ETF - Growth,22.9729
2026-09-28,153181,ICICI Prudential Rural Opportunities Fund - Growth,10.46
2026-09-28,153182,ICICI Prudential Rural Opportunities Fund - Direct Plan - IDCW,10.66
2026-09-28,153183,ICICI Prudential Rural Opportunities Fund - IDCW,10.46
2026-09-28,153184,ICICI Prudential Rural Opportunities Fund - Direct Plan - Growth,10.67
2026-09-28,153185,Motilal Oswal Arbitrage Fund-Direct Plan-IDCW,11.1425
2026-09-28,153186,Motilal Oswal Arbitrage Fund-Regular Plan-IDCW,10.9576
2026-09-28,153187,Motilal Oswal Arbitrage Fund-Direct Plan-Growth,11.3079
2026-09-28,153188,Motilal Oswal Arbitrage Fund-Regular Plan-Growth,11.1220
2026-09-28,153189,WhiteOak Capital Quality Equity Fund Direct Plan Growth,10.131
2026-09-28,153190,WhiteOak Capital Quality Equity Fund Regular Plan Growth,9.848
2026-09-28,153191,Mirae Asset Nifty India New Age Consumption ETF,11.4414
2026-09-28,153192,Mirae Asset Nifty India New Age Consumption ETF Fund of Fund - Direct Plan - Growth,9.390
2026-09-28,153193,Mirae Asset Nifty India New Age Consumption ETF Fund of Fund - Direct Plan - IDCW,9.390
2026-09-28,153194,Mirae Asset Nifty India New Age Consumption ETF Fund of Fund - Regular Plan - Growth,9.326
2026-09-28,153195,Mirae Asset Nifty India New Age Consumption ETF Fund of Fund - Regular Plan - IDCW,9.327
2026-09-28,153196,Mirae Asset Small Cap Fund - Direct Plan - Growth,12.682
2026-09-28,153197,Mirae Asset Small Cap Fund - Direct Plan - IDCW,12.682
2026-09-28,153198,Mirae Asset Small Cap Fund - Regular Plan - Growth,12.356
2026-09-28,153199,Mirae Asset Small Cap Fund - Regular Plan - IDCW,12.359
2026-09-28,153200,BAJAJ FINSERV ELSS - TAX SAVER FUND - REGULAR - IDCW,11.219
2026-09-28,153201,BAJAJ FINSERV ELSS - TAX SAVER FUND - DIRECT - GROWTH,11.550
2026-09-28,153202,BAJAJ FINSERV ELSS - TAX SAVER FUND - REGULAR - GROWTH,11.219
2026-09-28,153203,BAJAJ FINSERV ELSS - TAX SAVER FUND - DIRECT - IDCW,11.550
2026-09-28,153204,UTI Quant Fund - Direct Plan - Growth Option,10.2001
2026-09-28,153205,UTI Quant Fund - Regular Plan - Growth Option,9.923
2026-09-28,153206,Bajaj Finserv Gilt Fund - Direct - Growth,1074.5674
2026-09-28,153207,Bajaj Finserv Gilt Fund - Direct - IDCW,1074.5674
2026-09-28,153209,Bajaj Finserv Gilt Fund - Regular - IDCW,1059.5860
2026-09-28,153211,Bajaj Finserv Gilt Fund - Regular - Growth,1059.5860
2026-09-28,153212,Bandhan Nifty Alpha Low Volatility 30 Index Fund - Regular Plan - Growth,9.7228
2026-09-28,153213,Bandhan Nifty Alpha Low Volatility 30 Index Fund - Direct Plan - Growth,9.8463
2026-09-28,153214,Edelweiss Consumption Fund - Direct - Growth,10.9407
2026-09-28,153215,Edelweiss Consumption Fund - Regular - IDCW - Payout,10.652
2026-09-28,153216,DSP BSE SENSEX Next 30 Index Fund - Regular - Growth,11.6942
2026-09-28,153217,DSP BSE SENSEX Next 30 Index Fund - Regular - IDCW,11.6942
2026-09-28,153218,DSP BSE SENSEX Next 30 Index Fund - Direct - IDCW,11.8184
2026-09-28,153219,DSP BSE SENSEX Next 30 Index Fund - Direct - Growth,11.8184
2026-09-28,153220,Kotak Nifty SmallCap 250 Index Fund - Direct - IDCW,11.619
2026-09-28,153221,Kotak Nifty SmallCap 250 Index Fund- Regular - Growth,11.526
2026-09-28,153222,Kotak Nifty SmallCap 250 Index Fund- Regular - IDCW,11.526
2026-09-28,153223,Kotak Nifty SmallCap 250 Index Fund- Direct - Growth,11.619
2026-09-28,153224,Baroda BNP Paribas Energy Opportunities Fund - Regular Plan - ICDW Option,11.1355
2026-09-28,153225,Baroda BNP Paribas Energy Opportunities Fund - Direct Plan - Growth Option,11.3945
2026-09-28,153226,Baroda BNP Paribas Energy Opportunities Fund - Regular Plan - Growth Option,11.1355
2026-09-28,153227,Baroda BNP Paribas Energy Opportunities Fund - Direct Plan - IDCW Option,11.3945
2026-09-28,153228,DSP BSE SENSEX Next 30 ETF,41.2431
2026-09-28,153229,Groww Nifty India Railways PSU ETF,26.2433
2026-09-28,153230,Groww Nifty India Railways PSU Index Fund - Direct Plan - Growth,7.1388
2026-09-28,153231,Groww Nifty India Railways PSU Index Fund - Direct Plan - IDCW,7.1385
2026-09-28,153232,Groww Nifty India Railways PSU Index Fund - Regular Plan - Growth,7.0758
2026-09-28,153233,Groww Nifty India Railways PSU Index Fund - Regular Plan - IDCW,7.0735
2026-09-28,153238,Samco Large Cap Fund - Regular Plan - Growth Option,8.65
2026-09-28,153239,Samco Large Cap Fund - Direct Plan - Growth Option,8.86
2026-09-28,153240,Union Short Term Fund - Regular Plan - Growth Option,10.9941
2026-09-28,153241,Union Short Term Fund - Regular Plan - IDCW Option,10.9941
2026-09-28,153242,Union Short Term Fund - Direct Plan - Growth Option,11.0656
2026-09-28,153243,Union Short Term Fund - Direct Plan - IDCW Option,11.0656
2026-09-28,153244,Axis Nifty500 Momentum 50 Index Fund - Direct Plan - Growth Option,10.9338
2026-09-28,153245,Axis Nifty500 Momentum 50 Index Fund - Regular Plan - Growth Option,10.7776
2026-09-28,153246,LIC MF Multi Asset Allocation Fund-Direct Plan-Growth,12.2451
2026-09-28,153247,LIC MF Multi Asset Allocation Fund-Direct Plan-IDCW,12.2451
2026-09-28,153248,LIC MF Multi Asset Allocation Fund-Regular Plan-Growth,11.9518
2026-09-28,153249,LIC MF Multi Asset Allocation Fund-Regular Plan-IDCW,11.9518
2026-09-28,153250,SBI Nifty Bank Index Fund-Direct Plan- Growth,10.9368
2026-09-28,153251,SBI Nifty Bank Index Fund- Regular Plan- Income Distribution Cum Capital Withdrawal Option,10.8525
2026-09-28,153252,SBI Nifty Bank Index Fund-Direct Plan- Income Distribution Cum Capital Withdrawal Option,10.9367
2026-09-28,153253,SBI Nifty Bank Index Fund-Regular Plan- Growth,10.8524
2026-09-28,153254,Edelweiss Consumption Fund - Direct - IDCW - Payout,10.9407
2026-09-28,153255,Edelweiss Consumption Fund - Regular - Growth,10.652
2026-09-28,153256,Motilal Oswal Innovation Opportunities Fund- Regular Plan- Growth,14.5525
2026-09-28,153257,Motilal Oswal Innovation Opportunities Fund- Regular Plan- IDCW,14.5527
2026-09-28,153258,Motilal Oswal Innovation Opportunities Fund - Direct Plan- Growth,14.8848
2026-09-28,153259,Motilal Oswal Innovation Opportunities Fund - Direct Plan- IDCW,14.8838
2026-09-28,153260,ITI Bharat Consumption Fund - Direct Plan - Growth,11.8241
2026-09-28,153261,ITI Bharat Consumption Fund - Direct Plan - IDCW Option,11.1962
2026-09-28,153262,ITI Bharat Consumption Fund - Regular Plan - IDCW Option,10.8816
2026-09-28,153263,ITI Bharat Consumption Fund - Regular Plan Plan - Growth,11.5030
2026-09-28,153264,HDFC Nifty100 Quality 30 Index Fund - Direct Plan,10.4148
2026-09-28,153265,HDFC Nifty100 Quality 30 Index Fund - Regular Plan,10.3358
2026-09-28,153266,HSBC Financial Services Fund - Direct Growth,12.1685
2026-09-28,153267,HSBC Financial Services Fund - Regular Growth,11.8929
2026-09-28,153268,HSBC Financial Services Fund - Regular IDCW,11.8929
2026-09-28,153269,HSBC Financial Services Fund - Direct IDCW,12.1683
2026-09-28,153270,UTI Nifty India Manufacturing Index Fund - Direct Plan - Growth Option,12.1769
2026-09-28,153271,UTI Nifty India Manufacturing Index Fund - Regular Plan - Growth Option,12.0873
2026-09-28,153272,UTI Nifty Midsmallcap 400 Momentum Quality 100 Index Fund - Direct Plan - Growth Option,11.4751
2026-09-28,153273,UTI Nifty Midsmallcap 400 Momentum Quality 100 Index Fund - Regular Plan - Growth Option,11.3831
2026-09-28,153274,Nippon India Active Momentum Fund-Direct Plan - Growth Option,12.6421
2026-09-28,153276,Nippon India Active Momentum Fund - Regular Plan- Growth Option,12.4484
2026-09-28,153277,Nippon India Active Momentum Fund- Direct Plan IDCW Option,12.6421
2026-09-28,153278,Nippon India Active Momentum Fund- Regular Plan- IDCW Option,12.4484
2026-09-28,153280,Shriram Unclaimed Redemption Liquid Fund,1109.0212
2026-09-28,153281,Shriram Unclaimed Redemption Stable Scheme Liquid Fund,1000
2026-09-28,153282,Shriram Unclaimed IDCW Liquid Fund,1096.7442
2026-09-28,153283,Shriram Unclaimed IDCW Stable Scheme Liquid Fund,1000
2026-09-28,153284,Kotak BSE Sensex Index Fund - Regular - Growth,9.701
2026-09-28,153285,Kotak BSE Sensex Index Fund - Regular - IDCW,9.701
2026-09-28,153286,Kotak BSE Sensex Index Fund- Direct - Growth,9.728
2026-09-28,153287,Kotak BSE Sensex Index Fund- Direct - IDCW,9.728
2026-09-28,153288,Invesco India Business Cycle Fund - Regular Plan - Growth,13.91
2026-09-28,153289,Invesco India Business Cycle Fund - Regular Plan - IDCW,13.91
2026-09-28,153290,Invesco India Business Cycle Fund - Direct Plan - IDCW,14.28
2026-09-28,153291,Invesco India Business Cycle Fund - Direct Plan - Growth,14.27
2026-09-28,153292,Bank of India Money Market Fund - Direct - Weekly IDCW,10.0939
2026-09-28,153293,Bank of India Money Market Fund - Regular - Growth,11.1275
2026-09-28,153294,Bank of India Money Market Fund - Direct - Growth,11.2118
2026-09-28,153295,Bank of India Money Market Fund - Direct - Monthly IDCW,10.1038
2026-09-28,153296,Bank of India Money Market Fund - Direct - Daily IDCW,10.0500
2026-09-28,153298,Bank of India Money Market Fund - Regular - Daily IDCW,10.0500
2026-09-28,153299,Bank of India Money Market Fund - Regular - Monthly IDCW,10.1027
2026-09-28,153301,Bank of India Money Market Fund - Regular - Weekly IDCW,10.0573
2026-09-28,153302,Mahindra Manulife Value Fund - Regular Plan - IDCW,12.1170
2026-09-28,153303,Mahindra Manulife Value Fund - Direct Plan - Growth,12.4555
2026-09-28,153304,Mahindra Manulife Value Fund - Regular Plan - Growth,12.1170
2026-09-28,153305,Mahindra Manulife Value Fund - Direct Plan - IDCW,12.4555
2026-09-28,153306,BAJAJ FINSERV MULTI CAP FUND - DIRECT - IDCW,12.233
2026-09-28,153307,BAJAJ FINSERV MULTI CAP FUND - REGULAR - GROWTH,11.941
2026-09-28,153308,BAJAJ FINSERV MULTI CAP FUND - REGULAR - IDCW,11.941
2026-09-28,153309,BAJAJ FINSERV MULTI CAP FUND - DIRECT - GROWTH,12.233
2026-09-28,153310,Kotak CRISIL - IBX AAA Bond Financial Services Index Dec 2026 Fund - Regular - IDCW,11.1972
2026-09-28,153311,Kotak CRISIL - IBX AAA Bond Financial Services Index Dec 2026 Fund - Regular - Growth,11.1972
2026-09-28,153312,Kotak CRISIL - IBX AAA Bond Financial Services Index Dec 2026 Fund - Direct - IDCW,11.2329
2026-09-28,153313,Kotak CRISIL - IBX AAA Bond Financial Services Index Dec 2026 Fund - Direct - Growth,11.2333
2026-09-28,153314,Kotak MSCI India ETF,28.372
2026-09-28,153315,Kotak Nifty 100 Equal Weight ETF,33.545
2026-09-28,153320,SBI Nifty IT Index Fund - Direct Plan - Growth,7.1128
2026-09-28,153321,SBI Nifty IT Index Fund - Direct Plan - Income Distribution Cum Withdrawal Option (IDCW),7.1129
2026-09-28,153322,SBI Nifty IT Index Fund - Regular Plan - Income Distribution Cum Capital Withdrawal Option (IDCW),7.0595
2026-09-28,153323,SBI Nifty IT Index Fund - Regular Plan - Growth,7.0595
2026-09-28,153324,Helios Mid Cap Fund - Direct Plan - IDCW Option,13.81
2026-09-28,153325,Helios Mid Cap Fund - Regular Plan - IDCW Option,13.50
2026-09-28,153326,Helios Mid Cap Fund - Direct Plan - Growth Option,13.81
2026-09-28,153327,Helios Mid Cap Fund - Regular Plan - Growth Plan,13.49
2026-09-28,153328,Groww Nifty 200 ETF FOF - Direct - Growth,11.0978
2026-09-28,153329,Groww Nifty 200 ETF,10.7853
2026-09-28,153330,ANGEL ONE NIFTY TOTAL MARKET INDEX FUND DIRECT PLAN GROWTH OPTION,11.3838
2026-09-28,153331,ANGEL ONE NIFTY TOTAL MARKET INDEX FUND REGULAR PLAN GROWTH OPTION,11.2502
2026-09-28,153332,ANGEL ONE NIFTY TOTAL MARKET ETF,11.396
2026-09-28,153333,Edelweiss CRISIL IBX AAA Bond NBFC HFC Jun 2027 Index Fund - Direct Plan - IDCW Option,10.5464
2026-09-28,153334,Edelweiss CRISIL IBX AAA Bond NBFC HFC Jun 2027 Index Fund - Regular Plan - Growth Option,11.2184
2026-09-28,153335,Edelweiss CRISIL IBX AAA Bond NBFC HFC Jun 2027 Index Fund - Direct Plan - Growth Option,11.2536
2026-09-28,153336,Edelweiss CRISIL IBX AAA Bond NBFC HFC Jun 2027 Index Fund - Regular Plan - IDCW Option,10.5113
2026-09-28,153337,Union Gold ETF,143.5868
2026-09-28,153338,Union Gold ETF Fund of Fund - Regular Plan - Growth Option,16.6114
2026-09-28,153339,Union Gold ETF Fund of Fund - Direct Plan - IDCW Option,16.6825
2026-09-28,153340,Union Gold ETF Fund of Fund - Direct Plan - Growth Option,16.6825
2026-09-28,153341,Union Gold ETF Fund of Fund - Regular Plan - IDCW Option,16.6114
2026-09-28,153342,Groww Nifty 200 ETF FOF - Regular - Growth,11.0048
2026-09-28,153343,Groww Nifty 200 ETF FOF - Direct - IDCW,11.0977
2026-09-28,153344,Groww Nifty 200 ETF FOF - Regular - IDCW,11.0049
2026-09-28,153345,DSP Nifty Private Bank Index Fund - Direct - IDCW,10.3560
2026-09-28,153346,DSP Nifty Private Bank Index Fund - Regular - IDCW,10.2368
2026-09-28,153347,DSP Nifty Private Bank Index Fund - Regular - Growth,10.7888
2026-09-28,153348,DSP Nifty Private Bank Index Fund - Direct - Growth,10.9105
2026-09-28,153349,Bandhan Nifty Next 50 Index Fund - Regular Plan - Growth,12.2683
2026-09-28,153350,Bandhan Nifty Next 50 Index Fund - Direct Plan - Growth,12.4208
2026-09-28,153351,KOTAK NIFTY COMMODITIES INDEX FUND-REGULAR GROWTH,11.703
2026-09-28,153352,KOTAK NIFTY COMMODITIES INDEX FUND-REGULAR-IDCW-PAYOUT & REINVESTMENT,11.703
2026-09-28,153353,Kotak Nifty Commodities Index Fund-Direct Growth,11.751
2026-09-28,153354,KOTAK NIFTY COMMODITIES INDEX FUND-DIRECT-IDCW-PAYOUT & REINVESTMENT,11.751
2026-09-28,153355,WhiteOak Capital Equity Savings Fund Direct Plan Growth,11.710
2026-09-28,153356,WhiteOak Capital Equity Savings Fund Regular Plan Growth,11.444
2026-09-28,153357,360 ONE Gold ETF,143.2073
2026-09-28,153362,Navi Nifty Smallcap 250 Momentum quality index fund- Direct Plan,12.032
2026-09-28,153363,Navi Nifty Smallcap 250 Momentum quality index fund- Regular Plan,11.9064
2026-09-28,153364,Motilal Oswal Active Momentum Fund- Direct-Growth,14.2491
2026-09-28,153365,Motilal Oswal Active Momentum Fund- Regular- Growth,14.2268
2026-09-28,153366,Motilal Oswal Active Momentum Fund - Regular- IDCW,14.2273
2026-09-28,153367,Motilal Oswal Active Momentum Fund- Direct-IDCW,14.2488
2026-09-28,153368,Franklin India Low Duration Fund-Direct-Growth,11.1653
2026-09-28,153369,Franklin India Low Duration Fund-Direct-IDCW,10.5883
2026-09-28,153370,Franklin India Low Duration Fund-IDCW,10.5244
2026-09-28,153371,Franklin India Low Duration Fund-Growth,11.0748
2026-09-28,153372,Kotak CRISIL-IBX Financial Services 3-6 Months Debt Index Fund-Direct-Growth,11.1194
2026-09-28,153373,Kotak CRISIL-IBX Financial Services 3-6 Months Debt Index Fund-Direct-IDCW,11.1184
2026-09-28,153374,Kotak CRISIL-IBX Financial Services 3-6 Months Debt Index Fund-Regular-IDCW,11.0793
2026-09-28,153375,Kotak CRISIL-IBX Financial Services 3-6 Months Debt Index Fund-Regular-Growth,11.0794
2026-09-28,153376,Unifi Dynamic Asset Allocation Fund - Direct Growth,11.324
2026-09-28,153377,Unifi Dynamic Asset Allocation Fund - Regular Growth,11.2209
2026-09-28,153378,ICICI Prudential BSE Liquid Rate ETF - Growth,1081.4051
2026-09-28,153379,Mirae Asset BSE 200 Equal Weight ETF,13.2168
2026-09-28,153380,Mirae Asset BSE 200 Equal Weight ETF Fund of Fund - Direct Plan - Growth,11.304
2026-09-28,153381,Mirae Asset BSE 200 Equal Weight ETF Fund of Fund - Direct Plan - IDCW,11.301
2026-09-28,153382,Mirae Asset BSE 200 Equal Weight ETF Fund of Fund - Regular Plan - Growth,11.216
2026-09-28,153383,Mirae Asset BSE 200 Equal Weight ETF Fund of Fund - Regular Plan - IDCW,11.213
2026-09-28,153384,Mirae Asset BSE Select IPO ETF,46.3719
2026-09-28,153385,Mirae Asset BSE Select IPO ETF Fund of Fund - Direct Plan - Growth,11.371
2026-09-28,153386,Mirae Asset BSE Select IPO ETF Fund of Fund - Direct Plan - IDCW,11.369
2026-09-28,153387,Mirae Asset BSE Select IPO ETF Fund of Fund - Regular Plan - Growth,11.298
2026-09-28,153388,Mirae Asset BSE Select IPO ETF Fund of Fund - Regular Plan - IDCW,11.280
2026-09-28,153393,ICICI Prudential Nifty EV & New Age Automotive ETF FOF - IDCW,11.6089
2026-09-28,153394,ICICI Prudential Nifty EV & New Age Automotive ETF FOF - Direct Plan - Growth,11.6660
2026-09-28,153395,ICICI Prudential Nifty EV & New Age Automotive ETF FOF - Direct Plan - IDCW,11.6661
2026-09-28,153396,ICICI Prudential Nifty EV & New Age Automotive ETF FOF - Growth,11.6089
2026-09-28,153397,ICICI Prudential Nifty EV & New Age Automotive ETF,30.9346
2026-09-28,153398,Kotak Nifty Midcap 150 ETF,22.448
2026-09-28,153399,KOTAK NIFTY MIDCAP 150 INDEX FUND-REGULAR PLAN-GROWTH,11.272
2026-09-28,153400,KOTAK NIFTY MIDCAP 150 INDEX FUND-REGULAR PLAN-IDCW PAYOUT AND REINVESTMENT,11.272
2026-09-28,153401,KOTAK NIFTY MIDCAP 150 INDEX FUND-DIRECT PLAN-GROWTH,11.356
2026-09-28,153402,KOTAK NIFTY MIDCAP 150 INDEX FUND-DIRECT PLAN-IDCW-PAYOUT AND REINVESTMENT,11.355
2026-09-28,153403,HDFC NIFTY 1D RATE LIQUID ETF GROWTH,1079.7678
2026-09-28,153404,HDFC Nifty Top 20 Equal Weight Index Fund - Regular Growth,9.5624
2026-09-28,153405,HDFC Nifty Top 20 Equal Weight Index Fund - Direct,9.6392
2026-09-28,153406,Motilal Oswal Nifty Capital Market ETF,51.6615
2026-09-28,153407,Bandhan CRISIL-IBX Financial Services 3-6 Months Debt Index Fund - Direct Plan - Growth,11.1325
2026-09-28,153408,Bandhan CRISIL-IBX Financial Services 3-6 Months Debt Index Fund - Regular Plan - Growth,11.0134
2026-09-28,153409,ICICI Prudential CRISIL-IBX Financial Services 3-6 Months Debt Index Fund - Growth,11.0910
2026-09-28,153410,ICICI Prudential CRISIL-IBX Financial Services 3-6 Months Debt Index Fund - Direct Plan - Annual IDCW,11.1146
2026-09-28,153411,ICICI Prudential CRISIL-IBX Financial Services 3-6 Months Debt Index Fund - Direct Plan - Growth,11.1146
2026-09-28,153412,ICICI Prudential CRISIL-IBX Financial Services 3-6 Months Debt Index Fund - Annual IDCW,11.0910
2026-09-28,153413,Zerodha Silver ETF,22.3992
2026-09-28,153414,Axis Nifty500 Value 50 ETF,31.4851
2026-09-28,153415,360 ONE Silver ETF,217.5119
2026-09-28,153416,Edelweiss Ultra Short to Short Term Fund - Direct Plan Growth,1107.3661
2026-09-28,153417,Edelweiss Ultra Short to Short Term Fund - Regular Plan IDCW Payout,1028.9987
2026-09-28,153418,Edelweiss Ultra Short to Short Term Fund - Direct Plan IDCW Payout,1041.7424
2026-09-28,153419,Edelweiss Ultra Short to Short Term Fund - Regular Plan Growth,1094.5177
2026-09-28,153420,Tata BSE Quality Index Fund Direct plan Growth Option,10.8838
2026-09-28,153421,Tata BSE Quality Index Fund Direct plan IDCW Payout Option,10.8838
2026-09-28,153422,Tata BSE Quality Index Fund Direct plan IDCW Reinvestment Option,10.8838
2026-09-28,153423,Tata BSE Quality Index Fund Regular plan IDCW Reinvestment Option,10.7627
2026-09-28,153424,Tata BSE Quality Index Fund Regular plan IDCW Payout Option,10.7627
2026-09-28,153425,Tata BSE Quality Index Fund Regular plan Growth Option,10.7627
2026-09-28,153426,quant Arbitrage Fund - Growth Option - Direct Plan,11.1202
2026-09-28,153427,quant Arbitrage Fund - IDCW Option - Direct Plan,11.1079
2026-09-28,153428,quant Arbitrage Fund - Growth Option - Regular Plan,11.0212
2026-09-28,153429,quant Arbitrage Fund - IDCW Option - Regular Plan,11.0215
2026-09-28,153431,SBI BSE PSU BANK INDEX FUND- Regular Plan- Income Distribution Cum Capital Withdrawal Option (IDCW),12.8404
2026-09-28,153432,SBI BSE PSU BANK INDEX FUND- Direct Plan- Growth,12.9307
2026-09-28,153433,SBI BSE PSU BANK INDEX FUND- Direct Plan- Income Distribution Cum Capital Withdrawal Option (IDCW),12.9306
2026-09-28,153434,SBI BSE PSU BANK INDEX FUND- Regular Plan- Growth,12.8386
2026-09-28,153435,SBI BSE PSU BANK ETF,46.6446
2026-09-28,153436,Zerodha Overnight Fund - Direct Plan - Growth Option,10.8030
2026-09-28,153437,Bajaj Finserv Overnight Fund - Direct - Unclaimed less than 3 years IDCW Plan,1077.3276
2026-09-28,153438,Bajaj Finserv Overnight Fund - Direct - Unclaimed less than 3 years Redemption Plan,1083.1091
2026-09-28,153441,UTI Income Plus Arbitrage Active Fund of Fund - Regular Plan - Growth Option,10.8421
2026-09-28,153442,UTI Income Plus Arbitrage Active Fund of Fund - Direct Plan - Growth Option,10.8983
2026-09-28,153443,Aditya Birla Sun Life Crisil-IBX Financial Services 9-12 Months Debt Index Fund-Direct Growth,11.0816
2026-09-28,153444,Aditya Birla Sun Life Crisil-IBX Financial Services 9-12 Months Debt Index Fund-Direct IDCW Payout,11.0824
2026-09-28,153445,Aditya Birla Sun Life Crisil-IBX Financial Services 9-12 Months Debt Index Fund-Regular Growth,11.0482
2026-09-28,153447,Kotak Energy Opportunities Fund-Direct-Growth,10.535
2026-09-28,153448,Kotak Energy Opportunities Fund-Direct-IDCW-Payout & Reinvestment,10.533
2026-09-28,153449,Kotak Energy Opportunities Fund-Regular-Growth,10.309
2026-09-28,153450,Kotak Energy Opportunities Fund-Regular-IDCW-Payout & Reinvestment,10.309
2026-09-28,153451,ANGEL ONE NIFTY 1D RATE LIQUID ETF - GROWTH,1078.7259
2026-09-28,153452,Groww Nifty 500 Momentum 50 ETF,10.5973
2026-09-28,153453,Groww Nifty 500 Momentum 50 ETF FOF - Direct Plan - Growth,10.5178
2026-09-28,153454,Groww Nifty 500 Momentum 50 ETF FOF - Direct Plan - IDCW,10.5293
2026-09-28,153455,Groww Nifty 500 Momentum 50 ETF FOF - Regular Plan - IDCW,10.4511
2026-09-28,153456,Groww Nifty 500 Momentum 50 ETF FOF - Regular Plan- Growth,10.4512
2026-09-28,153457,ICICI Prudential Quality Fund - IDCW,10.33
2026-09-28,153458,ICICI Prudential Quality Fund - Direct Plan - Growth,10.49
2026-09-28,153459,ICICI Prudential Quality Fund - Growth,10.33
2026-09-28,153460,ICICI Prudential Quality Fund - Direct Plan - IDCW,10.50
2026-09-28,153461,Kotak Nifty Top 10 Equal Weight Index Fund-Direct Plan-Growth,8.578
2026-09-28,153462,Kotak Nifty Top 10 Equal Weight Index Fund-Direct Plan-IDCW-Payout and Reinvestment,8.577
2026-09-28,153463,Kotak Nifty Top 10 Equal Weight Index Fund-Regular Plan-Growth,8.493
2026-09-28,153464,Kotak Nifty Top 10 Equal Weight Index Fund-Regular Plan-IDCW Payout and Reinvestment,8.493
2026-09-28,153465,Canara Robeco Multi Asset Allocation Fund - Direct Plan - Growth,11.1800
2026-09-28,153466,Canara Robeco Multi Asset Allocation Fund - Regular Plan - Growth,10.9600
2026-09-28,153467,Canara Robeco Multi Asset Allocation Fund - Regular Plan - IDCW,10.4000
2026-09-28,153468,Canara Robeco Multi Asset Allocation Fund - Direct Plan - IDCW,10.6200
2026-09-28,153469,Nippon India Nifty 500 Quality 50 Index Fund - Regular Plan - IDCW Option,10.3075
2026-09-28,153470,Nippon India Nifty 500 Quality 50 Index Fund - Direct Plan - Growth Option,10.3885
2026-09-28,153471,Nippon India Nifty 500 Quality 50 Index Fund - Direct Plan - IDCW Option,10.3885
2026-09-28,153472,Nippon India Nifty 500 Quality 50 Index Fund - Regular Plan - Growth Option,10.3075
2026-09-28,153473,Nippon India Nifty 500 Low Volatility 50 Index Fund - Direct Plan - IDCW Plan,10.3242
2026-09-28,153474,Nippon India Nifty 500 Low Volatility 50 Index Fund - Direct Plan - Growth Option,10.3242
2026-09-28,153475,Nippon India Nifty 500 Low Volatility 50 Index Fund - Regular Plan - Growth Option,10.2410
2026-09-28,153476,Nippon India Nifty 500 Low Volatility 50 Index Fund - Regular Pan - IDCW Option,10.2410
2026-09-28,153477,Groww Gilt Fund - Direct - Growth,10.0092
2026-09-28,153478,Bajaj Finserv Nifty Next 50 Index Fund - Direct - IDCW,11.2113
2026-09-28,153479,Bajaj Finserv Nifty Next 50 Index Fund - Direct - Growth,11.2113
2026-09-28,153480,Bajaj Finserv Nifty Next 50 Index Fund - Regular - Growth,11.1077
2026-09-28,153481,Bajaj Finserv Nifty Next 50 Index Fund - Regular - IDCW,11.1077
2026-09-28,153482,Motilal Oswal Infrastructure Fund-Regular-Growth,12.5109
2026-09-28,153483,Motilal Oswal Infrastructure Fund-Direct-IDCW,12.2587
2026-09-28,153484,Motilal Oswal Infrastructure Fund-Direct-Growth,12.6900
2026-09-28,153485,Motilal Oswal Infrastructure Fund-Regular-IDCW,12.0783
2026-09-28,153486,DSP Silver ETF Fund of Fund - Regular - Growth,22.7177
2026-09-28,153487,DSP Silver ETF Fund of Fund - Direct - Growth,22.8534
2026-09-28,153488,DSP Silver ETF Fund of Fund - Regular - IDCW,22.7177
2026-09-28,153489,DSP Silver ETF Fund of Fund - Direct - IDCW,22.8534
2026-09-28,153494,Edelweiss BSE Internet Economy Index Fund - Direct Plan - IDCW,11.126
2026-09-28,153495,Edelweiss BSE Internet Economy Index Fund - Regular Plan - Growth,11.0261
2026-09-28,153496,Edelweiss BSE Internet Economy Index Fund - Regular Plan - IDCW,11.0261
2026-09-28,153497,Edelweiss BSE Internet Economy Index Fund - Direct Plan - Growth,11.126
2026-09-28,153498,SBI Income Plus Arbitrage Active FOF- Direct Plan- Growth,10.7772
2026-09-28,153499,SBI Income Plus Arbitrage Active FOF- Regular Plan- Income Distribution Cum Capital Withdrawal Option,10.7539
2026-09-28,153500,SBI Income Plus Arbitrage Active FOF- Regular Plan- Growth,10.7539
2026-09-28,153501,SBI Income Plus Arbitrage Active FOF- Direct Plan- Income Distribution Cum Capital Withdrawal Option,10.7771
2026-09-28,153502,Groww Gilt Fund - Direct - IDCW,10.0073
2026-09-28,153503,Groww Gilt Fund - Regular - Growth,9.8648
2026-09-28,153504,Groww Gilt Fund - Regular - IDCW,9.865
2026-09-28,153505,Bajaj Finserv Nifty 50 Index Fund - Direct - IDCW,9.3106
2026-09-28,153506,Bajaj Finserv Nifty 50 Index Fund - Direct - Growth,9.3106
2026-09-28,153507,Bajaj Finserv Nifty 50 Index Fund - Regular - IDCW,9.2224
2026-09-28,153508,Bajaj Finserv Nifty 50 Index Fund - Regular - Growth,9.2224
2026-09-28,153509,Tata Income Plus Arbitrage Active FOF - Direct Plan IDCW Reinvestment Option,10.7200
2026-09-28,153510,Tata Income Plus Arbitrage Active FOF - Regular Plan IDCW Payout Option,10.6432
2026-09-28,153511,Tata Income Plus Arbitrage Active FOF - Regular Plan Growth Option,10.6432
2026-09-28,153512,Tata Income Plus Arbitrage Active FOF - Direct Plan IDCW Payout Option,10.7200
2026-09-28,153513,Tata Income Plus Arbitrage Active FOF - Direct Plan Growth Option,10.7200
2026-09-28,153514,Tata Income Plus Arbitrage Active FOF - Regular Plan IDCW Reinvestment Option,10.6432
2026-09-28,153515,UTI Multi Cap Fund - Direct Plan - Growth Option,10.5887
2026-09-28,153516,UTI Multi Cap Fund - Regular Plan - Growth Option,10.3747
2026-09-28,153517,HDFC CRISIL-IBX Financial Services 3-6 Months Debt Index Fund - Direct Growth Plan,11.0058
2026-09-28,153518,HDFC CRISIL-IBX Financial Services 3-6 Months Debt Index Fund - Regular Growth Plan,10.9786
2026-09-28,153519,Mirae Asset Nifty 50 Equal Weight ETF,315.9173
2026-09-28,153520,TRUSTMF OVERNIGHT FUND - UNCLAIMED REDEMPTION PLAN GROWTH,1007.9124
2026-09-28,153524,Groww Silver ETF,21.6696
2026-09-28,153525,Groww Silver ETF FOF - Direct - Growth,21.3795
2026-09-28,153526,Groww Silver ETF FOF - Direct - IDCW,21.384
2026-09-28,153527,Groww Silver ETF FOF - Regular - Growth,21.2647
2026-09-28,153528,Groww Silver ETF FOF - Regular - IDCW,21.2646
2026-09-28,153529,ANGEL ONE NIFTY 50 INDEX FUND-DIRECT-GROWTH,9.3889
2026-09-28,153530,ANGEL ONE NIFTY 50 INDEX FUND-REGULAR-GROWTH,9.326
2026-09-28,153531,ANGEL ONE NIFTY 50 ETF,9.418
2026-09-28,153532,MOTILAL OSWAL NIFTY 50 EQUAL WEIGHT ETF,31.6799
2026-09-28,153533,Samco Large & Mid Cap Fund - Regular Plan - Growth Option,8.61
2026-09-28,153534,Samco Large & Mid Cap Fund - Direct Plan - Growth Option,8.78
2026-09-28,153535,MOTILAL OSWAL NIFTY NEXT 50 ETF,70.2800
2026-09-28,153536,Baroda BNP Paribas Income Plus Arbitrage Active FOF Direct Growth,10.7793
2026-09-28,153538,Baroda BNP Paribas Income Plus Arbitrage Active FOF Regular IDCW Payout,10.7518
2026-09-28,153540,Baroda BNP Paribas Income Plus Arbitrage Active FOF Direct IDCW Payout,10.7793
2026-09-28,153541,Baroda BNP Paribas Income Plus Arbitrage Active FOF Regular Growth,10.7518
2026-09-28,153542,Unifi Flexi Cap Fund - Regular Growth,10.4987
2026-09-28,153543,Unifi Flexi Cap Fund - Direct Growth,10.6791
2026-09-28,153544,ICICI Prudential Nifty200 Quality 30 Index Fund - Growth,9.3106
2026-09-28,153545,ICICI Prudential Nifty200 Quality 30 Index Fund - IDCW,9.3102
2026-09-28,153546,ICICI Prudential Nifty200 Quality 30 Index Fund - Direct Plan - Growth,9.3676
2026-09-28,153547,ICICI Prudential Nifty200 Quality 30 Index Fund - Direct Plan - IDCW,9.3672
2026-09-28,153548,Baroda BNP Paribas Multi Asset Active FOF Regular Growth,11.1932
2026-09-28,153549,Baroda BNP Paribas Multi Asset Active FOF Regular ICDW Payout,11.1932
2026-09-28,153550,Baroda BNP Paribas Multi Asset Active FOF Direct IDCW Payout,11.3234
2026-09-28,153552,Baroda BNP Paribas Multi Asset Active FOF Direct Growth,11.3234
2026-09-28,153554,SBI Nifty200 Quality 30 Index Fund-Regular Plan- Growth,9.4674
2026-09-28,153555,SBI Nifty200 Quality 30 Index Fund-Direct Plan- Growth,9.5157
2026-09-28,153556,SBI Nifty200 Quality 30 Index Fund- Regular Plan- Income Cum Distribution Withdrawal Option,9.4674
2026-09-28,153557,SBI Nifty200 Quality 30 Index Fund- Direct Plan- Income Distribution Cum Capital Withdrawal Option,9.5157
2026-09-28,153558,Motilal Oswal Services Fund - Direct Plan - Growth,11.8471
2026-09-28,153561,Motilal Oswal Services Fund - Regular Plan - Growth,11.6861
2026-09-28,153562,Motilal Oswal Services Fund - Regular Plan - IDCW,11.6861
2026-09-28,153563,Motilal Oswal Services Fund - Direct Plan - IDCW,11.8471
2026-09-28,153564,Motilal Oswal BSE India Infrastructure ETF,56.6026
2026-09-28,153565,Nippon India BSE Sensex Next 30 Index -Direct Plan - IDCW Payout,10.6230
2026-09-28,153566,Nippon India BSE Sensex Next 30 Index Fund - Regular Plan-Growth Option,10.5786
2026-09-28,153567,Nippon India BSE Sensex Next 30 Index Fund- Direct Plan- Growth Option,10.6230
2026-09-28,153568,Nippon India BSE Sensex Next 30 Index Fund -Regular Plan- IDCW Payout,10.5786
2026-09-28,153569,Nippon India BSE Sensex Next 30 ETF,41.1272
2026-09-28,153570,Unifi Liquid Fund- Direct Growth,1077.677
2026-09-28,153571,Unifi Liquid Fund- Regular Growth,1076.7736
2026-09-28,153572,Motilal Oswal Nifty India Manufacturing ETF,156.1053
2026-09-28,153573,Union Income Plus Arbitrage Active FOF - Regular Plan - Growth Option,10.4458
2026-09-28,153574,Union Income Plus Arbitrage Active FOF - Regular Plan - IDCW Option,10.4458
2026-09-28,153575,Union Income Plus Arbitrage Active FOF - Direct Plan - Growth Option,10.5051
2026-09-28,153576,Union Income Plus Arbitrage Active FOF - Direct Plan - IDCW Option,10.5051
2026-09-28,153577,Tata Nifty Midcap 150 Index Fund - Direct Plan - IDCW Reinvestment Option,10.5116
2026-09-28,153578,Tata Nifty Midcap 150 Index Fund - Regular Plan - IDCW Reinvestment Option,10.3842
2026-09-28,153579,Tata Nifty Midcap 150 Index Fund - Direct Plan - IDCW Payout Option,10.5116
2026-09-28,153580,Tata Nifty Midcap 150 Index Fund - Regular Plan - Growth Option,10.3842
2026-09-28,153581,Tata Nifty Midcap 150 Index Fund - Direct Plan - Growth Option,10.5116
2026-09-28,153582,Tata Nifty Midcap 150 Index Fund - Regular Plan - IDCW Payout Option,10.3842
2026-09-28,153583,Groww Nifty 500 Low Volatility 50 ETF,9.9811
2026-09-28,153585,Kotak Liquid Fund - Direct Plan - Weekly - Reinvestment & Payout of Income Distribution cum capital withdrawal option,1011.669
2026-09-28,153586,Kotak Liquid Fund - Regular Plan - Weekly - Reinvestment & Payout of Income Distribution cum capital withdrawal option,1044.8116
2026-09-28,153588,DSP Nifty IT Index Fund - Regular - Growth,7.3036
2026-09-28,153589,DSP Nifty IT Index Fund - Regular - IDCW,7.3036
2026-09-28,153590,DSP Nifty IT Index Fund - Direct - Growth,7.3707
2026-09-28,153591,DSP Nifty IT Index Fund - Direct - IDCW,7.3707
2026-09-28,153592,DSP Nifty Healthcare Index Fund - Regular - Growth,11.6710
2026-09-28,153593,DSP Nifty Healthcare Index Fund - Direct - IDCW,11.7721
2026-09-28,153594,DSP Nifty Healthcare Index Fund - Direct- Growth,11.7721
2026-09-28,153595,DSP Nifty Healthcare Index Fund - Regular - IDCW,11.6710
2026-09-28,153596,Motilal Oswal BSE 1000 Index Fund - Direct Plan - Growth,9.6932
2026-09-28,153597,Motilal Oswal BSE 1000 Index Fund - Regular Plan - Growth,9.6073
2026-09-28,153598,Nippon India Income Plus Arbitrage Active Fund of Fund - Direct Plan-IDCW Payout,10.7217
2026-09-28,153599,Nippon India Income Plus Arbitrage Active Fund of Fund - Regular Plan- IDCW Payout,10.6895
2026-09-28,153600,Nippon India Income Plus Arbitrage Active Fund of Fund- Direct Plan- Growth Option,10.7217
2026-09-28,153601,Nippon India Income Plus Arbitrage Active Fund of Fund -Regular Plan- Growth Option,10.6895
2026-09-28,153602,Baroda BNP Paribas Health and Wellness Fund Regular Growth,10.6408
2026-09-28,153604,Baroda BNP Paribas Health and Wellness Fund Direct Growth,10.8739
2026-09-28,153605,Baroda BNP Paribas Health and Wellness Fund Direct IDCWPayout,10.8739
2026-09-28,153607,Baroda BNP Paribas Health and Wellness Fund Regular IDCWPayout,10.6408
2026-09-28,153608,Motilal Oswal Nifty PSE ETF,95.8337
2026-09-28,153609,BAJAJ FINSERV SMALL CAP FUND - REGULAR - GROWTH,11.068
2026-09-28,153610,BAJAJ FINSERV SMALL CAP FUND - REGULAR - IDCW,11.068
2026-09-28,153611,BAJAJ FINSERV SMALL CAP FUND - DIRECT - IDCW,11.271
2026-09-28,153612,BAJAJ FINSERV SMALL CAP FUND - DIRECT - GROWTH,11.271
2026-09-28,153613,ICICI Prudential Nifty Top 15 Equal Weight Index Fund - Growth,8.7469
2026-09-28,153614,ICICI Prudential Nifty Top 15 Equal Weight Index Fund - Direct Plan - Growth,8.8085
2026-09-28,153615,ICICI Prudential Nifty Top 15 Equal Weight Index Fund - IDCW,8.7469
2026-09-28,153616,ICICI Prudential Nifty Top 15 Equal Weight Index Fund - Direct Plan - IDCW,8.8089
2026-09-28,153617,ICICI Prudential Nifty Top 15 Equal Weight ETF,9.2117
2026-09-28,153618,Motilal Oswal Nifty India Tourism ETF,75.9086
2026-09-28,153619,HDFC INNOVATION FUND - REGULAR PLAN - GROWTH OPTION,11.573
2026-09-28,153620,HDFC INNOVATION FUND - DIRECT PLAN - GROWTH OPTION,11.742
2026-09-28,153621,Axis Services Opportunities Fund - Regular Plan - Growth Option,9.37
2026-09-28,153622,Axis Services Opportunities Fund - Direct Plan - IDCW Option,9.52
2026-09-28,153623,Axis Services Opportunities Fund - Regular Plan - IDCW Option,9.37
2026-09-28,153624,Axis Services Opportunities Fund - Direct Plan - Growth Option,9.52
2026-09-28,153625,Groww Nifty India Internet ETF,10.1457
2026-09-28,153626,Groww Nifty India Internet ETF FOF - Direct - Growth,10.099
2026-09-28,153627,JM Large & Mid Cap Fund (Regular) - Growth Option,10.3059
2026-09-28,153628,JM Large & Mid Cap Fund (Regular) - IDCW,10.3059
2026-09-28,153629,JM Large & Mid Cap Fund (Direct) - Growth Option,10.515
2026-09-28,153630,JM Large & Mid Cap Fund (Direct) - IDCW,10.515
2026-09-28,153631,Groww Nifty India Internet ETF FOF - Regular - IDCW,10.0424
2026-09-28,153632,Groww Nifty India Internet ETF FOF - Direct - IDCW,10.099
2026-09-28,153633,Groww Nifty India Internet ETF FOF - Regular - Growth,10.0425
2026-09-28,153634,Mirae Asset CRISIL-IBX Financial Services 9-12 Months Debt Index Fund - Direct Plan - Growth,10.7894
2026-09-28,153635,Mirae Asset CRISIL-IBX Financial Services 9-12 Months Debt Index Fund - Direct Plan - IDCW,10.7882
2026-09-28,153636,Mirae Asset CRISIL-IBX Financial Services 9-12 Months Debt Index Fund - Regular Plan - Growth,10.7631
2026-09-28,153637,Mirae Asset CRISIL-IBX Financial Services 9-12 Months Debt Index Fund - Regular Plan - IDCW,10.7633
2026-09-28,153638,Mirae Asset Income plus Arbitrage Active FOF - Direct Plan - Growth,10.646
2026-09-28,153639,Mirae Asset Income plus Arbitrage Active FOF - Direct Plan - IDCW,10.646
2026-09-28,153640,Mirae Asset Income plus Arbitrage Active FOF - Regular Plan - Growth,10.615
2026-09-28,153641,Mirae Asset Income plus Arbitrage Active FOF - Regular Plan - IDCW,10.615
2026-09-28,153642,Mirae Asset Nifty India Internet ETF,13.7054
2026-09-28,153643,HDFC INNOVATION FUND - IDCW - DIRECT PLAN,11.742
2026-09-28,153644,TRUSTMF MULTI CAP FUND -DIRECT PLAN-GROWTH,11.79
2026-09-28,153645,TRUSTMF MULTI CAP FUND -REGULAR PLAN-GROWTH,11.54
2026-09-28,153647,HDFC INNOVATION FUND - IDCW - REGULAR PLAN,11.573
2026-09-28,153649,JioBlackRock Money Market Fund - Direct Plan - Growth Option,1078.7767
2026-09-28,153650,JioBlackRock Overnight Fund - Direct Plan - Growth Option,1066.4680
2026-09-28,153651,JioBlackRock Liquid Fund - Direct Plan - Growth Option,1080.1260
2026-09-28,153652,Union Ultra Short to Short Term Fund - Regular Plan - Growth Option,10.6081
2026-09-28,153653,Union Ultra Short to Short Term Fund - Regular Plan - IDCW Option,10.1572
2026-09-28,153654,Union Ultra Short to Short Term Fund - Direct Plan - Growth Option,10.7000
2026-09-28,153655,Union Ultra Short to Short Term Fund - Direct Plan - IDCW Option,10.2470
2026-09-28,153656,Zerodha Silver ETF FoF - Direct Growth,20.0961
2026-09-28,153657,Kotak Nifty200 Quality 30 ETF,19.615
2026-09-28,153658,KOTAK NIFTY 200 QUALITY 30 INDEX FUND - DIRECT PLAN - IDCW - PAYOUT AND REINVESTMENT,9.402
2026-09-28,153659,KOTAK NIFTY 200 QUALITY 30 INDEX FUND - REGULAR PLAN - GROWTH,9.359
2026-09-28,153660,KOTAK NIFTY 200 QUALITY 30 INDEX FUND - DIRECT PLAN - GROWTH,9.402
2026-09-28,153661,KOTAK NIFTY 200 QUALITY 30 INDEX FUND - REGULAR PLAN - IDCW - PAYOUT AND REINVESTMENT,9.359
2026-09-28,153662,SBI Nifty200 Momentum 30 Index Fund- Direct Plan- Growth,9.3996
2026-09-28,153663,SBI Nifty200 Momentum 30 Index Fund- Regular Plan- Growth,9.3557
2026-09-28,153664,SBI Nifty200 Momentum 30 Index Fund- Regular Plan- Income Distribution Cum Capital Withdrawal Option (IDCW),9.3557
2026-09-28,153665,SBI Nifty200 Momentum 30 Index Fund- Direct Plan- Income Cum Distribution Capital Withdrawal Option (IDCW),9.3996
2026-09-28,153666,Sundaram Multi-Factor Fund - Direct - IDCW Reinvestment,9.5394
2026-09-28,153667,Sundaram Multi-Factor Fund - Regular - Growth,9.3613
2026-09-28,153668,Sundaram Multi-Factor Fund - Regular - IDCW Reinvestment,9.3613
2026-09-28,153669,Sundaram Multi-Factor Fund - Direct - Growth,9.5394
2026-09-28,153670,Sundaram Multi-Factor Fund - Direct - IDCW Payout,9.5394
2026-09-28,153671,Sundaram Multi-Factor Fund - Regular - IDCW Payout,9.3613
2026-09-28,153672,Mahindra Manulife Banking & Financial Services Fund - Direct - IDCW,10.4046
2026-09-28,153673,Mahindra Manulife Banking & Financial Services Fund - Regular - IDCW,10.1865
2026-09-28,153674,Mahindra Manulife Banking & Financial Services Fund - Direct - Growth,10.4046
2026-09-28,153675,Mahindra Manulife Banking & Financial Services Fund - Regular - Growth,10.1865
2026-09-28,153676,ICICI Prudential Nifty Private Bank Index Fund - Growth,9.4571
2026-09-28,153679,ICICI Prudential Nifty Private Bank Index Fund - Direct Plan - Growth,9.5202
2026-09-28,153680,Kotak Nifty AAA Bond Financial Services Mar 2028 Index Fund - Direct Plan - Growth,10.6929
2026-09-28,153681,Kotak Nifty AAA Bond Financial Services Mar 2028 Index Fund - Direct Plan - IDCW - Payout & Reinvestment,10.6924
2026-09-28,153682,Kotak Nifty AAA Bond Financial Services Mar 2028 Index Fund - Regular Plan - IDCW - Payout & Reinvestment,10.666
2026-09-28,153683,Kotak Nifty AAA Bond Financial Services Mar 2028 Index Fund - Regular Plan - Growth,10.6659
2026-09-28,153684,ICICI Prudential Active Momentum Fund - Direct Plan - Growth,10.76
2026-09-28,153685,ICICI Prudential Active Momentum Fund - Growth,10.62
2026-09-28,153688,Tata Liquid Fund - Regular Plan - Weekly IDCW Reinvestment,1065.9695
2026-09-28,153689,Tata Liquid Fund - Direct Plan - Weekly IDCW Reinvestment,1071.0862
2026-09-28,153690,Nippon India MNC Fund- Direct Plan-IDCW Payout,10.3974
2026-09-28,153691,Nippon India MNC Fund- Regular Plan-Growth Option,10.2427
2026-09-28,153692,Nippon India MNC Fund- Regular Plan- IDCW Payout,10.2427
2026-09-28,153693,Nippon India MNC Fund- Direct Plan- Growth Option,10.3974
2026-09-28,153694,Motilal Oswal Nifty Midcap150 Momentum 50 ETF,62.0377
2026-09-28,153695,Invesco India Income Plus Arbitrage Active Fund of Fund - Regular Plan - Growth Plan,1057.2835
2026-09-28,153696,Invesco India Income Plus Arbitrage Active Fund of Fund - Regular Plan - IDCW (Payout / Reinvestment),1057.2856
2026-09-28,153697,Invesco India Income Plus Arbitrage Active Fund of Fund - Direct Plan - Growth,1062.1027
2026-09-28,153698,Invesco India Income Plus Arbitrage Active Fund of Fund - Direct Plan - IDCW (Payout / Reinvestment),1062.0985
2026-09-28,153699,Groww Nifty 50 ETF,9.215
2026-09-28,153700,360 ONE Overnight Fund - Regular Plan - Growth,1064.7427
2026-09-28,153701,360 ONE Overnight Fund- Direct Plan - IDCW,1065.7834
2026-09-28,153702,360 ONE Overnight Fund - Regular Plan - IDCW,1064.7427
2026-09-28,153703,360 ONE Overnight Fund - Direct Plan - Growth,1065.7834
2026-09-28,153704,Groww Nifty 50 Index Fund Direct Growth,9.1418
2026-09-28,153705,quant Equity Savings Fund - Growth Option - Direct Plan,10.9744
2026-09-28,153706,quant Equity Savings Fund - IDCW Option - Direct Plan,10.9397
2026-09-28,153707,quant Equity Savings Fund - Growth Option - Regular Plan,10.7535
2026-09-28,153708,quant Equity Savings Fund - IDCW Option - Regular Plan,10.7531
2026-09-28,153709,Groww Nifty 50 Index Fund Direct IDCW,9.1418
2026-09-28,153710,Groww Nifty 50 Index Fund Regular Growth,9.0667
2026-09-28,153711,Groww Nifty 50 Index Fund Regular IDCW,9.0667
2026-09-28,153712,Edelweiss Income Plus Arbitrage Active Fund of Funds - Direct Plan Growth,10.66
2026-09-28,153713,Edelweiss Income Plus Arbitrage Active Fund of Funds - Regular-Growth,10.6289
2026-09-28,153714,Edelweiss Income Plus Arbitrage Active Fund of Fund - Regular - Dividend- Payout,10.4475
2026-09-28,153715,Edelweiss Income Plus Arbitrage Active Fund of Funds - Direct-Dividend-Payout,10.4785
2026-09-28,153716,SBI Nifty100 Low Volatility 30 Index Fund- Regular Plan- Growth,9.6163
2026-09-28,153717,SBI Nifty100 Low Volatility 30 Index Fund- Regular Plan- Income Cum Distribution Capital Withdrawal Option (IDCW),9.6163
2026-09-28,153718,SBI Nifty100 Low Volatility 30 Index Fund- Direct Plan- Growth,9.6605
2026-09-28,153719,SBI Nifty100 Low Volatility 30 Index Fund-Direct  Plan- Income Cum Distribution Capital Withdrawal Option (IDCW),9.6605
2026-09-28,153720,Bandhan Multi-Factor Fund - Direct Plan - IDCW,9.349
2026-09-28,153721,Bandhan Multi-Factor Fund - Regular Plan - Growth,9.180
2026-09-28,153722,Bandhan Multi-Factor Fund - Direct Plan - Growth,9.349
2026-09-28,153723,Bandhan Multi-Factor Fund - Regular Plan - IDCW,9.180
2026-09-28,153724,Motilal Oswal Nifty Alpha 50 ETF,53.4639
2026-09-28,153725,Nippon India Nifty 1D Rate Liquid ETF-Growth,1057.2430
2026-09-28,153726,Bank of India Mid Cap Fund - Regular Plan Growth,10.24
2026-09-28,153727,Bank of India Mid Cap Fund - Regular Plan IDCW,10.24
2026-09-28,153728,Bank of India Mid Cap Fund - Direct Plan Growth,10.36
2026-09-28,153729,Bank of India Mid Cap Fund - Direct Plan IDCW,10.36
2026-09-28,153730,Franklin India Multi Asset Allocation Fund- IDCW,10.6243
2026-09-28,153731,Franklin India Multi Asset Allocation Fund- Direct-Growth,10.8273
2026-09-28,153732,Franklin India Multi Asset Allocation Fund- Direct- IDCW,10.8273
2026-09-28,153733,Franklin India Multi Asset Allocation Fund- Growth,10.6243
2026-09-28,153734,Aditya Birla Sun Life BSE 500 Momentum 50 Index Fund-Regular IDCW Payout,10.5936
2026-09-28,153735,Aditya Birla Sun Life BSE 500 Momentum 50 Index Fund- Regular Growth,10.5936
2026-09-28,153736,Aditya Birla Sun Life BSE 500 Momentum 50 Index Fund-Direct Growth,10.6830
2026-09-28,153737,Aditya Birla Sun Life BSE 500 Momentum 50 Index Fund-Direct IDCW Payout,10.6841
2026-09-28,153738,CAPITALMIND FLEXI CAP FUND DIRECT GROWTH,10.2635
2026-09-28,153739,CAPITALMIND FLEXI CAP FUND REGULAR GROWTH,10.0976
2026-09-28,153740,Aditya Birla Sun Life BSE 500 Quality 50 Index Fund - Direct Growth,10.4230
2026-09-28,153741,Aditya Birla Sun Life BSE 500 Quality 50 Index Fund - Direct IDCW Payout,10.4229
2026-09-28,153742,Aditya Birla Sun Life BSE 500 Quality 50 Index Fund - Regular Growth,10.3339
2026-09-28,153743,Aditya Birla Sun Life BSE 500 Quality 50 Index Fund - Regular IDCW Payout,10.3339
2026-09-28,153744,Groww BSE Power ETF,10.8132
2026-09-28,153745,Groww BSE Power ETF FOF Direct Growth,11.0178
2026-09-28,153746,Groww BSE Power ETF FOF Direct IDCW,11.0178
2026-09-28,153747,Groww BSE Power ETF FOF Regular IDCW,10.9627
2026-09-28,153748,Groww BSE Power ETF FOF Regular Growth,10.9627
2026-09-28,153749,Motilal Oswal Special Opportunities Fund - Direct - Growth,12.4384
2026-09-28,153750,Motilal Oswal Special Opportunities Fund - Direct- IDCW,12.4384
2026-09-28,153751,Motilal Oswal Special Opportunities Fund-Regular Plan-Growth,12.4233
2026-09-28,153752,Motilal Oswal Special Opportunities Fund-Regular Plan- IDCW,12.4233
2026-09-28,153753,Kotak Active Momentum Fund - Direct Plan - Growth option,10.759
2026-09-28,153754,Kotak Active Momentum Fund - Direct Plan - IDCW - Payout and Reinvestment,10.759
2026-09-28,153755,Kotak Active Momentum Fund - Regular Plan - Growth,10.599
2026-09-28,153756,Kotak Active Momentum Fund - Regular Plan - IDCW - Payout & Reinvestment,10.599
2026-09-28,153757,Zerodha Multi Asset Passive FoF - Direct - Growth,11.1399
2026-09-28,153758,BAJAJ FINSERV EQUITY SAVINGS FUND - DIRECT - GROWTH,10.546
2026-09-28,153769,BAJAJ FINSERV EQUITY SAVINGS FUND - REGULAR - GROWTH,10.421
2026-09-28,153770,BAJAJ FINSERV EQUITY SAVINGS FUND -  DIRECT - IDCW,10.546
2026-09-28,153771,BAJAJ FINSERV EQUITY SAVINGS FUND - REGULAR - IDCW,10.421
2026-09-28,153772,360 ONE Multi Asset Allocation Fund - Regular Plan - Growth,11.9893
2026-09-28,153773,360 ONE Multi Asset Allocation Fund - Direct Plan - IDCW,12.2032
2026-09-28,153774,360 ONE Multi Asset Allocation Fund - Direct Plan - Growth,12.2032
2026-09-28,153775,360 ONE Multi Asset Allocation Fund - Regular Plan - IDCW,11.9893
2026-09-28,153776,Edelweiss Multi Asset Omni Fund of Fund- Direct Plan - Growth,11.293
2026-09-28,153777,Edelweiss Multi Asset Omni Fund of Fund- Direct Plan - IDCW,11.293
2026-09-28,153778,Edelweiss Multi Asset Omni Fund of Fund- Regular Plan - IDCW,11.1322
2026-09-28,153779,Edelweiss Multi Asset Omni Fund of Fund- Regular Plan - Growth,11.1322
2026-09-28,153780,Motilal Oswal Gold ETF,145.0603
2026-09-28,153781,Kotak Nifty Alpha 50 Index Fund - Direct Plan - Growth,10.435
2026-09-28,153782,Kotak Nifty Alpha 50 Index Fund - Direct Plan - IDCW - Payout & Reinvestment,10.435
2026-09-28,153783,Kotak Nifty Alpha 50 Index Fund - Regular Plan - IDCW - Payout & Reinvestment,10.367
2026-09-28,153784,Kotak Nifty Alpha 50 Index Fund - Regular Plan - Growth,10.367
2026-09-28,153785,Groww Nifty Next 50 ETF,70.6633
2026-09-28,153786,Groww Nifty Next 50 Index Fund Direct Growth,10.4202
2026-09-28,153787,JioBlackRock Nifty 50 Index Fund - Direct Plan - Growth Option,9.2433
2026-09-28,153788,JioBlackRock Nifty Midcap 150 Index Fund - Direct Plan - Growth Option,10.4067
2026-09-28,153789,JioBlackRock Nifty Next 50 Index Fund - Direct Plan - Growth Option,10.5003
2026-09-28,153790,JioBlackRock Nifty Smallcap 250 Index Fund - Direct Plan - Growth Option,10.6037
2026-09-28,153791,JioBlackRock Nifty 8-13 yr G-Sec Index Fund - Direct Plan - Growth Option,10.2881
2026-09-28,153794,Baroda BNP Paribas Gold ETF Fund of Funds Regular Growth,14.5640
2026-09-28,153795,Baroda BNP Paribas Gold ETF Fund of Funds Direct Growth,14.6124
2026-09-28,153796,SBI Nifty 1D Rate Liquid ETF - Growth,1057.7414
2026-09-28,153797,Groww Nifty Next 50 Index Fund Direct IDCW,10.4202
2026-09-28,153798,Groww Nifty Next 50 Index Fund Regular Growth,10.3415
2026-09-28,153799,Groww Nifty Next 50 Index Fund Regular IDCW,10.3415
2026-09-28,153800,DSP Nifty500 Flexicap Quality 30 Index Fund - Direct - IDCW,9.2560
2026-09-28,153801,DSP Nifty500 Flexicap Quality 30 Index Fund - Direct - Growth,9.2560
2026-09-28,153802,DSP Nifty500 Flexicap Quality 30 Index Fund - Regular - Growth,9.1876
2026-09-28,153803,DSP Nifty500 Flexicap Quality 30 Index Fund - Regular - IDCW,9.1876
2026-09-28,153804,TRUSTMF ARBITRAGE FUND -DIRECT PLAN-GROWTH,10.6932
2026-09-28,153805,TRUSTMF ARBITRAGE FUND -REGULAR PLAN-GROWTH,10.6018
2026-09-28,153806,Nippon India Nifty India Manufacturing Index Fund- Direct Plan- Growth Option,10.9297
2026-09-28,153807,Nippon India Nifty India Manufacturing Index - Direct Plan- IDCW Option,10.9297
2026-09-28,153808,Nippon India Nifty India Manufacturing Index- Regular Plan-IDCW Option,10.8637
2026-09-28,153809,Nippon India Nifty India Manufacturing Index-Regular Plan-Growth Option,10.8637
2026-09-28,153810,Nippon India Nifty India Manufacturing ETF,157.1955
2026-09-28,153811,Zerodha Nifty 8-13 Yr G-Sec ETF,30.0724
2026-09-28,153812,Mirae Asset Gold Silver Passive FoF - Direct Plan - Growth,16.296
2026-09-28,153813,Mirae Asset Gold Silver Passive FoF - Direct Plan - IDCW,16.294
2026-09-28,153814,Mirae Asset Gold Silver Passive FoF - Regular Plan - Growth,16.191
2026-09-28,153815,Mirae Asset Gold Silver Passive FoF - Regular Plan - IDCW,16.188
2026-09-28,153816,Mirae Asset Multi Factor Passive FOF - Direct Plan - Growth,10.453
2026-09-28,153817,Mirae Asset Multi Factor Passive FOF - Direct Plan - IDCW,10.450
2026-09-28,153818,Mirae Asset Multi Factor Passive FOF - Regular Plan - Growth,10.392
2026-09-28,153819,Mirae Asset Multi Factor Passive FOF - Regular Plan - IDCW,10.376
2026-09-28,153820,Motilal Oswal Silver ETF,218.5680
2026-09-28,153821,Groww Multi Asset Allocation Fund Direct Growth,10.0845
2026-09-28,153822,Union Diversified Equity All Cap Active FOF - Regular Plan - Growth Option,10.5381
2026-09-28,153823,Union Diversified Equity All Cap Active FOF - Regular Plan - IDCW Option,10.5381
2026-09-28,153824,Union Diversified Equity All Cap Active FOF - Direct Plan - Growth Option,10.6420
2026-09-28,153825,Union Diversified Equity All Cap Active FOF - Direct Plan - IDCW Option,10.6420
2026-09-28,153826,ANGEL ONE GOLD ETF,13.705
2026-09-28,153827,ANGEL ONE GOLD ETF FOF- DIRECT GROWTH,13.3424
2026-09-28,153828,ANGEL ONE GOLD ETF FOF - REGULAR GROWTH,13.2725
2026-09-28,153829,Axis Nifty500 Quality 50 Index Fund - Direct Plan - Growth Option,9.6159
2026-09-28,153830,Axis Nifty500 Quality 50 Index Fund - Regular Plan - Growth Option,9.5305
2026-09-28,153831,SBI Dynamic Asset Allocation Active FoF - Regular Plan - Growth,10.0833
2026-09-28,153832,SBI Dynamic Asset Allocation Active FoF - Direct Plan - Growth,10.1932
2026-09-28,153833,SBI Dynamic Asset Allocation Active FoF- Direct Plan- Income Cum Distribution Capital Withdrawal Option,10.1925
2026-09-28,153834,SBI Dynamic Asset Allocation Active FoF - Regular Plan - Income Distribution Cum Capital Withdrawal Option,10.0833
2026-09-28,153837,Zerodha Nifty Smallcap 100 ETF,11.0091
2026-09-28,153838,Bandhan BSE India Sector Leaders Index Fund - Direct Plan - Growth,9.1968
2026-09-28,153839,Bandhan BSE India Sector Leaders Index Fund - Regular Plan - Growth,9.1277
2026-09-28,153841,Edelweiss Nifty LargeMidcap 250 ETF - Growth,15.8234
2026-09-28,153844,Baroda BNP Paribas Business Conglomerates Fund Regular Growth Option,9.5848
2026-09-28,153845,Baroda BNP Paribas Business Conglomerates Fund Direct IDCW Payout Option,9.7471
2026-09-28,153846,Baroda BNP Paribas Business Conglomerates Fund Regular IDCW Payout Option,9.5848
2026-09-28,153847,Baroda BNP Paribas Business Conglomerates Fund Direct Growth Option,9.7471
2026-09-28,153850,Groww Multi Asset Allocation Fund Regular IDCW,9.905
2026-09-28,153851,Groww Multi Asset Allocation Fund Regular Growth,9.9047
2026-09-28,153852,Groww Multi Asset Allocation Fund Direct IDCW,10.0815
2026-09-28,153853,Tata Nifty Next 50 Index Fund - Direct Plan IDCW Reinvestment Option,10.3766
2026-09-28,153854,Tata Nifty Next 50 Index Fund - Direct Plan IDCW Payout Option,10.3766
2026-09-28,153855,Tata Nifty Next 50 Index Fund - Regular Plan Growth Option,10.2883
2026-09-28,153856,Tata Nifty Next 50 Index Fund - Regular Plan IDCW Reinvestment Option,10.2883
2026-09-28,153857,Tata Nifty Next 50 Index Fund - Regular Plan IDCW Payout Option,10.2883
2026-09-28,153858,Tata Nifty Next 50 Index Fund - Direct Plan Growth Option,10.3766
2026-09-28,153859,JioBlackRock Flexi Cap Fund - Direct Plan - Growth Option,9.6559
2026-09-28,153860,HDFC Diversified Equity All Cap Active FOF - Direct Plan - Growth Plan,9.8151
2026-09-28,153861,HDFC Diversified Equity All Cap Active FOF - Regular Plan - Growth Plan,9.717
2026-09-28,153862,HDFC Diversified Equity All Cap Active FOF - IDCW - Direct Plan,9.8151
2026-09-28,153863,HDFC Diversified Equity All Cap Active FOF - IDCW - Regular Plan,9.717
2026-09-28,153864,ICICI Prudential Conglomerate Fund - IDCW,9.97
2026-09-28,153865,ICICI Prudential Conglomerate Fund - Growth,9.97
2026-09-28,153866,ICICI Prudential Conglomerate Fund - Direct Plan - IDCW,10.08
2026-09-28,153867,ICICI Prudential Conglomerate Fund - Direct Plan - Growth,10.08
2026-09-28,153868,Samco Small Cap Fund - Direct Plan,12.69
2026-09-28,153869,Samco Small Cap Fund - Regular Plan,12.53
2026-09-28,153870,THE WEALTH COMPANY FLEXI CAP FUND - REGULAR GROWTH,9.4957
2026-09-28,153871,THE WEALTH COMPANY FLEXI CAP FUND - REGULAR IDCW,9.4956
2026-09-28,153872,THE WEALTH COMPANY FLEXI CAP FUND - DIRECT GROWTH,9.6808
2026-09-28,153873,THE WEALTH COMPANY FLEXI CAP FUND - DIRECT IDCW,9.6803
2026-09-28,153874,DSP Nifty500 Flexicap Quality 30 ETF,9.5720
2026-09-28,153875,Kotak CRISIL-IBX Financial Services 9 to 12 Months Debt Index Fund - Direct - Growth,10.6375
2026-09-28,153876,Kotak CRISIL-IBX Financial Services 9 to 12 Months Debt Index Fund - Direct - IDCW,10.6376
2026-09-28,153877,Kotak CRISIL-IBX Financial Services 9 to 12 Months Debt Index Fund - Regular - Growth,10.616
2026-09-28,153878,Kotak CRISIL-IBX Financial Services 9 to 12 Months Debt Index Fund - Regular - IDCW,10.6138
2026-09-28,153879,Axis CRISIL-IBX Financial Services 3-6 Months Debt Index Fund - Direct Plan - Growth option,10.6851
2026-09-28,153880,Axis CRISIL-IBX Financial Services 3-6 Months Debt Index Fund - Regular Plan - Growth option,10.6729
2026-09-28,153881,Axis CRISIL-IBX Financial Services 3-6 Months Debt Index Fund - Regular Plan - IDCW option,10.6720
2026-09-28,153882,Axis CRISIL-IBX Financial Services 3-6 Months Debt Index Fund - Direct Plan - IDCW option,10.6851
2026-09-28,153883,THE WEALTH COMPANY LIQUID FUND DIRECT GROWTH,1063.4072
2026-09-28,153884,THE WEALTH COMPANY LIQUID FUND DIRECT MONTHLY IDCW,1002.4652
2026-09-28,153885,THE WEALTH COMPANY LIQUID FUND REGULAR WEEKLY IDCW,1002
2026-09-28,153886,THE WEALTH COMPANY LIQUID FUND REGULAR DAILY IDCW,1002.0001
2026-09-28,153887,THE WEALTH COMPANY LIQUID FUND DIRECT DAILY ICDW,1002.0009
2026-09-28,153888,THE WEALTH COMPANY LIQUID FUND REGULAR GROWTH,1061.7542
2026-09-28,153889,THE WEALTH COMPANY LIQUID FUND DIRECT WEEKLY,1002.0001
2026-09-28,153890,THE WEALTH COMPANY LIQUID FUND REGULAR MONTHLY IDCW,1002.4442
2026-09-28,153891,THE WEALTH COMPANY ARBITRAGE FUND DIRECT GROWTH,10.6201
2026-09-28,153892,THE WEALTH COMPANY ARBITRAGE FUND REGULAR GROWTH,10.5526
2026-09-28,153893,THE WEALTH COMPANY ARBITRAGE FUND DIRECT IDCW,10.6187
2026-09-28,153894,THE WEALTH COMPANY ARITRAGE FUND REGULAR IDCW,10.5522
2026-09-28,153895,THE WEALTH COMPANY ETHICAL FUND DIRECT GROWTH,9.5645
2026-09-28,153896,THE WEALTH COMPANY ETHICAL FUND REGULAR IDCW,9.4249
2026-09-28,153897,THE WEALTH COMPANY ETHICAL FUND REGULAR GROWTH,9.4254
2026-09-28,153898,THE WEALTH COMPANY ETHICAL FUND DIRECT IDCW,9.565
2026-09-28,153899,Groww Nifty Realty ETF,9.5436
2026-09-28,153900,Invesco India Consumption Fund - Direct Plan - Growth,11.01
2026-09-28,153901,Invesco India Consumption Fund - Direct Plan - IDCW,11.01
2026-09-28,153902,Invesco India Consumption Fund - Regular Plan - Growth Plan,10.85
2026-09-28,153903,Invesco India Consumption Fund - Regular Plan - IDCW Plan,10.85
2026-09-28,153904,Kotak Nifty 200 Momentum 30 ETF,29.615
2026-09-28,153905,Zerodha Nifty 50 ETF,9.1570
2026-09-28,153906,Zerodha Nifty 50 Index Fund - Direct Plan - Growth,9.1212
2026-09-28,153907,Groww Nifty Capital Markets ETF,10.8435
2026-09-28,153908,Groww Nifty Capital Markets ETF FOF Direct Growth,11.0003
2026-09-28,153909,Helios Small Cap Fund - Regular Plan - Growth Option,11.31
2026-09-28,153910,Helios Small Cap Fund - Direct Plan - IDCW Option,11.46
2026-09-28,153911,Helios Small Cap Fund - Regular Plan - IDCW Option,11.31
2026-09-28,153912,Helios Small Cap Fund - Direct Plan - Growth Option,11.46
2026-09-28,153913,Motilal Oswal Consumption Fund-Direct-Growth,11.2792
2026-09-28,153914,Motilal Oswal Consumption Fund-Direct-IDCW,11.2792
2026-09-28,153915,Motilal Oswal Consumption Fund-Regular-IDCW,11.1059
2026-09-28,153916,Motilal Oswal Consumption Fund-Regular-Growth,11.1059
2026-09-28,153917,Groww Nifty Capital Markets ETF FOF Direct IDCW,11.0003
2026-09-28,153918,Groww Nifty Capital Markets ETF FOF Regular Growth,10.9579
2026-09-28,153919,Groww Nifty Capital Markets ETF FOF Regular IDCW,10.958
2026-09-28,153920,Edelweiss Nifty 1D Rate Liquid ETF - Growth,1049.5604
2026-09-28,153921,Kotak Gold Silver Passive FOF - Direct Plan - Growth,14.654
2026-09-28,153922,Kotak Gold Silver Passive FOF - Regular Plan - Growth,14.612
2026-09-28,153923,Groww Nifty Smallcap250 ETF,10.3178
2026-09-28,153924,Axis Income Plus Arbitrage Passive FOF - Direct Plan - Growth Option,10.5521
2026-09-28,153925,Axis Income Plus Arbitrage Passive FOF - Direct Plan - IDCW Option,10.5522
2026-09-28,153926,Axis Income Plus Arbitrage Passive FOF - Regular Plan - IDCW Option,10.5204
2026-09-28,153927,Axis Income Plus Arbitrage Passive FOF - Regular Plan - Growth Option,10.5243
2026-09-28,153928,Motilal Oswal Nifty 100 ETF,24.0707
2026-09-28,153929,Bandhan Silver ETF,221.7763
2026-09-28,153930,Bandhan Gold ETF,146.5389
2026-09-28,153931,Motilal Oswal Nifty Energy ETF,36.9190
2026-09-28,153932,Zerodha BSE SENSEX Index Fund,8.7818
2026-09-28,153933,Choice Gold ETF,145.6185
2026-09-28,153934,Kotak Nifty Chemicals ETF,28.795
2026-09-28,153935,Bajaj Finserv Banking and Financial Services Fund - Regular - Growth,9.374
2026-09-28,153936,Bajaj Finserv Banking and Financial Services Fund - Regular - IDCW,9.374
2026-09-28,153937,Bajaj Finserv Banking and Financial Services Fund - Direct - Growth,9.503
2026-09-28,153938,Bajaj Finserv Banking and Financial Services Fund - Direct - IDCW,9.503
2026-09-28,153939,Groww Nifty Midcap 150 Index Fund Direct Growth,9.893
2026-09-28,153940,Groww Nifty Midcap 150 ETF,221.4139
2026-09-28,153941,Franklin India Multi-Factor Fund- IDCW,8.9959
2026-09-28,153942,Franklin India Multi-Factor Fund- Direct- Growth,9.1170
2026-09-28,153943,Franklin India Multi-Factor Fund- Growth,8.9959
2026-09-28,153944,Franklin India Multi-Factor Fund- Direct- IDCW,9.1170
2026-09-28,153945,Mirae Asset Nifty Energy ETF,36.9967
2026-09-28,153946,Mirae Asset Nifty Smallcap 250 ETF,17.9297
2026-09-28,153947,Edelweiss BSE Sensex ETF - Growth,73.324
2026-09-28,153948,LIC MF Consumption Fund-Direct Plan-Growth,9.4933
2026-09-28,153949,LIC MF Consumption Fund-Direct Plan-IDCW,9.4933
2026-09-28,153950,LIC MF Consumption Fund-Regular Plan-Growth,9.369
2026-09-28,153951,LIC MF Consumption Fund-Regular Plan-IDCW,9.369
2026-09-28,153952,Groww Nifty Midcap 150 Index fund Direct IDCW,9.8929
2026-09-28,153953,Groww Nifty Midcap 150 Index Fund Regular Growth,9.837
2026-09-28,153954,Groww Nifty Midcap 150 Index Fund Regular IDCW,9.837
2026-09-28,153955,ANGEL ONE NIFTY TOTAL MARKET MOMENTUM QUALITY 50 INDEX FUND - REGULAR GROWTH,9.836
2026-09-28,153956,ANGEL ONE NIFTY TOTAL MARKET MOMENTUM QUALITY 50 INDEX FUND - DIRECT GROWTH,9.8944
2026-09-28,153957,ANGEL ONE NIFTY TOTAL MARKET MOMENTUM QUALITY 50 ETF,9.9018
2026-09-28,153958,HDFC BSE India Sector Leaders Index Fund - Regular Plan - Growth Option,8.9825
2026-09-28,153959,HDFC BSE India Sector Leaders India Fund - Direct Plan - Growth Option,9.0208
2026-09-28,153960,Axis Multi-Asset Omni FoF - Direct Plan - Growth,10.6276
2026-09-28,153961,Axis Multi-Asset Omni FoF - Direct Plan - IDCW,10.6275
2026-09-28,153962,Axis Multi-Asset Omni FoF - Regular Plan - IDCW,10.5293
2026-09-28,153963,Axis Multi-Asset Omni FoF - Regular Plan - Growth,10.5294
2026-09-28,153964,Parag Parikh Flexi Cap Fund - Direct Plan - IDCW,88.9770
2026-09-28,153965,Parag Parikh Flexi Cap Fund - Regular Plan - IDCW,81.0368
2026-09-28,153966,Edelweiss Nifty 50 ETF - Growth,22.9753
2026-09-28,153967,Kotak Rural Opportunities Fund - Direct Plan - IDCW Divdend - Payouout & Reinvestment,9.322
2026-09-28,153968,Kotak Rural Opportunities Fund - Regular Plan - IDCW Dividend - Payout & Reinvestment,9.201
2026-09-28,153969,Kotak Rural Opportunities Fund - Regular Plan - Growth,9.201
2026-09-28,153970,Kotak Rural Opportunities Fund - Direct Plan - Growth,9.323
2026-09-28,153971,Bandhan Healthcare Fund - Direct Plan - IDCW,11.360
2026-09-28,153972,Bandhan Healthcare Fund - Direct Plan - Growth,11.360
2026-09-28,153973,Bandhan Healthcare Fund - Regular Plan - IDCW,11.208
2026-09-28,153974,Bandhan Healthcare Fund - Regular Plan - Growth,11.208
2026-09-28,153975,DSP MSCI INDIA ETF,28.0825
2026-09-28,153977,Old Bridge Arbitrage Fund Regular Growth,10.4835
2026-09-28,153979,Old Bridge Arbitrage Fund Direct Growth,10.5627
2026-09-28,153980,Old Bridge Arbitrage Fund Regular IDCW,10.4835
2026-09-28,153981,Old Bridge Arbitrage Fund - Direct - IDCW,10.5627
2026-09-28,153982,Groww Money Market Fund Direct Growth,10.508
2026-09-28,153983,Mirae Asset Infrastructure Fund - Direct Plan - Growth,11.195
2026-09-28,153984,Mirae Asset Infrastructure Fund - Direct Plan - IDCW,11.194
2026-09-28,153985,Mirae Asset Infrastructure Fund - Regular Plan - Growth,11.045
2026-09-28,153986,Mirae Asset Infrastructure Fund - Regular Plan - IDCW,11.047
2026-09-28,153987,PGIM India Multi Asset Allocation Fund - Direct Plan - Growth Option,10.4
2026-09-28,153988,PGIM India Multi Asset Allocation Fund - Regular Plan - Growth Option,10.25
2026-09-28,153989,PGIM India Multi Asset Allocation Fund - Regular Plan - IDCW Option,10.25
2026-09-28,153990,PGIM India Multi Asset Allocation Fund - Direct Plan - IDCW Option,10.4
2026-09-28,153991,Groww Money Market Fund Direct IDCW,10.5078
2026-09-28,153992,Groww Money Market Fund Regular Growth,10.4551
2026-09-28,153993,Groww Money Market Fund Regular IDCW,10.4553
2026-09-28,153999,The Wealth Company Multi Asset Allocation Fund - Direct Growth,10.7568
2026-09-28,154000,The Wealth Company Multi Asset Allocation Fund - Direct IDCW,10.7552
2026-09-28,154001,The Wealth Company Multi Asset Allocation Fund - Regular IDCW,10.6087
2026-09-28,154002,The Wealth Company Multi Asset Allocation Fund - Regular Growth,10.6174
2026-09-28,154003,Motilal Oswal BSE Select IPO ETF,46.4138
2026-09-28,154005,Mahindra Manulife Income Plus Arbitrage Active FOF - Regular - IDCW,10.4233
2026-09-28,154006,Mahindra Manulife Income Plus Arbitrage Active FOF - Regular - Growth,10.4233
2026-09-28,154007,Mahindra Manulife Income Plus Arbitrage Active FOF  - Direct - Growth,10.4665
2026-09-28,154008,Mahindra Manulife Income Plus Arbitrage Active FOF - Direct - IDCW,10.4665
2026-09-28,154010,Capitalmind Liquid Fund - Regular-Growth,1053.9524
2026-09-28,154011,Capitalmind Liquid Fund - Direct-Growth,1055.7188
2026-09-28,154012,DSP Nifty Midcap 150 Index Fund - Regular - Growth,10.0308
2026-09-28,154013,DSP Nifty Midcap 150 Index Fund - Regular - IDCW,10.0308
2026-09-28,154014,DSP Nifty Midcap 150 Index Fund - Direct - Growth,10.0889
2026-09-28,154015,DSP Nifty Midcap 150 Index Fund - Direct - IDCW,10.0889
2026-09-28,154016,DSP Nifty Smallcap 250 Index Fund - Regular - Growth,10.9275
2026-09-28,154017,DSP Nifty Smallcap 250 Index Fund - Regular - IDCW,10.9275
2026-09-28,154018,DSP Nifty Smallcap 250 Index Fund - Direct - Growth,10.9892
2026-09-28,154019,DSP Nifty Smallcap 250 Index Fund - Direct - IDCW,10.9892
2026-09-28,154020,Union Consumption Fund - Direct Plan - Growth Option,9.62
2026-09-28,154021,Union Consumption Fund - Direct Plan - IDCW Option,9.62
2026-09-28,154022,Union Consumption Fund - Regular Plan - Growth Option,9.52
2026-09-28,154023,Union Consumption Fund - Regular Plan - IDCW Option,9.52
2026-09-28,154024,DSP Nifty Smallcap 250 ETF,17.9775
2026-09-28,154025,DSP Nifty Midcap 150 ETF,22.1331
2026-09-28,154026,Navi Nifty Midsmall 400 Index Fund - Regular - Growth,10.3568
2026-09-28,154027,Navi Nifty midsmallcap 400 Index Fund- Direct - Growth,10.428
2026-09-28,154028,Groww Multi Asset Omni FOF Direct Growth,10.1564
2026-09-28,154029,Kotak Nifty500 Momentum 50 Index Fund - Direct Plan - IDCW - Payout & Investment,10
2026-09-28,154030,Kotak Nifty500 Momentum 50 Index Fund - Regular Plan - Growth,9.974
2026-09-28,154031,Kotak Nifty500 Momentum 50 Index Fund - Regular Plan - IDCW - Payout & Reinvestment,9.974
2026-09-28,154032,Kotak Nifty500 Momentum 50 Index Fund - Direct Plan - Growth,10
2026-09-28,154033,Motilal Oswal Nifty Services Sector ETF,29.3644
2026-09-28,154034,Groww Nifty Metal ETF,12.2524
2026-09-28,154041,Abakkus Flexi Cap Fund - Regular - Growth,10.8220
2026-09-28,154042,Abakkus Flexi Cap Fund - Regular - IDCW,10.8220
2026-09-28,154043,Abakkus Flexi Cap Fund - Direct - Growth,10.9360
2026-09-28,154045,Abakkus Flexi Cap Fund - Direct - IDCW,10.9400
2026-09-28,154047,Abakkus Liquid Fund - Regular Plan - Growth,104.6552
2026-09-28,154048,Abakkus Liquid Fund - Regular Plan - Monthly IDCW Reinvestment,100.2265
2026-09-28,154049,Abakkus Liquid Fund - Direct Plan - Daily IDCW Reinvestment,100.0881
2026-09-28,154050,Abakkus Liquid Fund - Direct Plan - Weekly IDCW Reinvestment,100.0623
2026-09-28,154051,Abakkus Liquid Fund - Direct Plan - Growth,104.7223
2026-09-28,154052,Abakkus Liquid Fund - Direct Plan - Quarterly IDCW Reinvestment,101.5168
2026-09-28,154053,Abakkus Liquid Fund - Regular Plan - Daily IDCW Reinvestment,100.0881
2026-09-28,154054,Abakkus Liquid Fund - Regular Plan - Quarterly IDCW Reinvestment,101.4527
2026-09-28,154055,Abakkus Liquid Fund - Direct Plan - Monthly IDCW Reinvestment,100.2290
2026-09-28,154056,Abakkus Liquid Fund - Regular Plan - Weekly IDCW Reinvestment,100.0623
2026-09-28,154057,Groww Multi Asset Omni FOF Regular Growth,10.0705
2026-09-28,154058,Groww Multi Asset Omni FOF Direct IDCW,10.1564
2026-09-28,154059,Groww Multi Asset Omni FOF Regular IDCW,10.0705
2026-09-28,154060,Mirae Asset Nifty Top 20 Equal Weight ETF,8.4375
2026-09-28,154061,Mirae Asset BSE 500 Dividend Leaders 50 ETF,34.3067
2026-09-28,154062,Motilal Oswal Nifty MNC ETF,30.7973
2026-09-28,154063,Groww Small Cap Fund-Direct-Growth,12.8386
2026-09-28,154064,Tata BSE Multicap Consumption 50:30:20 Index Fund - Regular Plan Growth Option,9.3492
2026-09-28,154065,Tata BSE Multicap Consumption 50:30:20 Index Fund - Regular Plan IDCW Payout Option,9.3492
2026-09-28,154066,Tata BSE Multicap Consumption 50:30:20 Index Fund - Direct Plan Growth Option,9.4052
2026-09-28,154067,Tata BSE Multicap Consumption 50:30:20 Index Fund - Regular Plan IDCW Reinvestment Option,9.3492
2026-09-28,154068,Tata BSE Multicap Consumption 50:30:20 Index Fund - Direct Plan IDCW Reinvestment Option,9.4052
2026-09-28,154069,Tata BSE Multicap Consumption 50:30:20 Index Fund - Direct Plan IDCW Payout Option,9.4052
2026-09-28,154070,JioBlackRock Overnight Fund - Unclaimed Redemption - Upto 3 years - Growth Option,1042.8501
2026-09-28,154072,Edelweiss Silver ETF Fund of Fund - Direct Plan Growth Option,9.6402
2026-09-28,154075,Edelweiss Silver ETF Fund of Fund - Regular Plan Growth Option,9.6082
2026-09-28,154076,JioBlackRock Arbitrage Fund - Direct Plan - Growth Option,10.5393
2026-09-28,154077,Axis Gold and Silver Passive FOF - Regular Plan - Growth,10.5181
2026-09-28,154078,Axis Gold and Silver Passive FOF - Direct Plan - Growth,10.5516
2026-09-28,154079,JioBlackRock Short Term Fund - Direct Plan - Growth Option,1038.9330
2026-09-28,154081,JioBlackRock Ultra Short to Short Term Fund- Direct Plan - Growth Option,1042.8765
2026-09-28,154082,JioBlackRock Sector Rotation Fund - Direct Plan - Growth Option,9.5630
2026-09-28,154083,quant Overnight Fund - Unclaimed IDCW Greater than 3 years,10
2026-09-28,154084,quant Overnight Fund - Unclaimed Redemption Less than 3 years,10.3867
2026-09-28,154085,quant Overnight Fund - Unclaimed Redemption Greater than 3 years,10
2026-09-28,154086,quant Overnight Fund - Unclaimed IDCW Less than 3 years,10.3912
2026-09-28,154087,DSP Nifty Next 50 ETF,70.7236
2026-09-28,154088,DSP Nifty 500 Index Fund - Direct - Growth,9.2866
2026-09-28,154089,DSP Nifty 500 Index Fund - Direct - IDCW,9.2866
2026-09-28,154090,DSP Nifty 500 Index Fund - Regular - Growth,9.2367
2026-09-28,154091,DSP Nifty 500 Index Fund - Regular - IDCW,9.2367
2026-09-28,154092,The Wealth Company Gold ETF,145.9776
2026-09-28,154093,Bank of India Banking & Financial Services Fund - Direct Plan - Growth,9.20
2026-09-28,154094,Bank of India Banking & Financial Services Fund - Direct Plan - IDCW,9.20
2026-09-28,154095,Bank of India Banking & Financial Services Fund - Regular Plan - Growth,9.13
2026-09-28,154096,Bank of India Banking & Financial Services Fund - Regular Plan - IDCW,9.13
2026-09-28,154097,Kotak Dividend Yield Fund - Direct - Growth,9.294
2026-09-28,154098,Kotak Dividend Yield Fund - Regular IDCW,9.202
2026-09-28,154099,Kotak Dividend Yield Fund - Regular -Growth,9.202
2026-09-28,154100,Kotak Dividend Yield Fund - Direct - IDCW,9.293
2026-09-28,154101,Kotak Nifty Next 50 ETF,70.889
2026-09-28,154102,Groww Small Cap Fund-Regular-Growth,12.6873
2026-09-28,154103,Groww Small Cap Fund-Regular-IDCW,12.6874
2026-09-28,154104,Groww Small Cap Fund - Direct-IDCW,12.8385
2026-09-28,154105,Edelweiss Financial Services Fund - Direct Plan - IDCW Option,8.9964
2026-09-28,154106,Edelweiss Financial Services Fund - Regular Plan - IDCW Option,8.9097
2026-09-28,154107,Edelweiss Financial Services Fund - Regular Plan - Growth Option,8.9097
2026-09-28,154108,Edelweiss Financial Services Fund - Direct Plan - Growth Option,8.9964
2026-09-28,154109,Zerodha Nifty Short Duration G-Sec Index Fund - Direct Plan - Growth Option,1025.7643
2026-09-28,154111,Groww Nifty Chemicals ETF,28.7338
2026-09-28,154112,Motilal Oswal Diversified Equity Flexicap Passive Fund of Funds- Direct - Growth,10.3808
2026-09-28,154113,Motilal Oswal Diversified Equity Flexicap Passive Fund of funds- Regular Growth,10.3399
2026-09-28,154114,Samco Mid Cap Fund - Direct Plan,9.72
2026-09-28,154115,Samco Mid Cap Fund - Regular Plan,9.63
2026-09-28,154119,Mahindra Manulife Innovation Opportunities Fund - Regular - IDCW,10.5903
2026-09-28,154120,Mahindra Manulife Innovation Opportunities Fund - Regular - Growth,10.5903
2026-09-28,154121,Mahindra Manulife Innovation Opportunities Fund - Direct - Growth,10.7142
2026-09-28,154122,Mahindra Manulife Innovation Opportunities Fund - Direct - IDCW,10.7142
2026-09-28,154123,Sundaram Income Plus Arbitrage Active FoF Fund-Direct-Growth,10.4150
2026-09-28,154124,Sundaram Income Plus Arbitrage Active FoF Fund-Direct-IDCW Payout,10.4150
2026-09-28,154125,Sundaram Income Plus Arbitrage Active FoF Fund-Regular-IDCW Payout,10.3956
2026-09-28,154127,Sundaram Income Plus Arbitrage Active FoF Fund-Regular-Growth,10.3956
2026-09-28,154129,Bandhan Gold ETF FOF-Direct-Growth,9.5857
2026-09-28,154130,Bandhan Gold ETF FOF-Regular-Growth,9.5547
2026-09-28,154131,THE WEALTH COMPANY GOLD ETF FOF DIRECT GROWTH,9.2974
2026-09-28,154132,THE WEALTH COMPANY GOLD ETF FOF DIRECT IDCW,9.2973
2026-09-28,154133,THE WEALTH COMPANY GOLD ETF FOF REGULAR GROWTH,9.2705
2026-09-28,154134,THE WEALTH COMPANY GOLD ETF FOF REGULAR IDCW,9.2703
2026-09-28,154135,Bandhan Silver ETF FOF-Regular-Growth,7.1973
2026-09-28,154136,Bandhan Silver ETF FOF-Direct-Growth,7.2208
2026-09-28,154137,Motilal Oswal Financial Services Fund- Regular-Growth,10.1037
2026-09-28,154139,Motilal Oswal Financial Services Fund- Regular-IDCW-,10.1037
2026-09-28,154140,Motilal Oswal Financial Services Fund- Direct- IDCW,10.1983
2026-09-28,154142,Motilal Oswal Financial Services Fund- Direct Growth,10.1983
2026-09-28,154143,Shriram Money Market Fund - Regular Plan Growth Option,1042.8334
2026-09-28,154144,Shriram Money Market Fund - Direct Plan Growth Option,1044.4706
2026-09-28,154145,Kotak Nifty200 Value 30 Index Fund - Direct - Growth,9.201
2026-09-28,154146,Kotak Nifty200 Value 30 Index Fund - Direct - IDCW,9.201
2026-09-28,154147,Kotak Nifty200 Value 30 Index Fund - Regular - IDCW,9.183
2026-09-28,154148,Kotak Nifty200 Value 30 Index Fund - Regular - Growth,9.183
2026-09-28,154149,Kotak Services Fund - Direct - Growth,10.108
2026-09-28,154150,Kotak Services Fund - Direct - IDCW,10.107
2026-09-28,154151,Kotak Services Fund - Regular - Growth,10.024
2026-09-28,154152,Kotak Services Fund - Regular - IDCW,10.024
2026-09-28,154153,Parag Parikh Large Cap Fund - Regular Plan - IDCW,9.1445
2026-09-28,154154,Parag Parikh Large Cap Fund - Regular Plan - Growth,9.1445
2026-09-28,154155,Parag Parikh Large Cap Fund - Direct Plan - Growth,9.1677
2026-09-28,154156,Parag Parikh Large Cap Fund - Direct Plan - IDCW,9.1677
2026-09-28,154157,ITI Business Cycle Fund- Direct Plan- Growth,10.7005
2026-09-28,154158,ITI Business Cycle Fund- Direct Plan-IDCW,10.7005
2026-09-28,154159,ITI Business Cycle Fund- Regular Plan- Growth,10.5942
2026-09-28,154160,ITI Business Cycle Fund- Regular Plan- IDCW,10.5942
2026-09-28,154161,WhiteOak Capital Consumption Opportunities Fund Direct Plan Growth,10.135
2026-09-28,154162,WhiteOak Capital Consumption Opportunities Fund Regular Plan Growth,10.031
2026-09-28,154163,Groww Nifty PSE ETF,94.6724
2026-09-28,154164,Groww Nifty PSE ETF FOF Direct Growth,9.1578
2026-09-28,154165,DSP Multi Asset Omni Fund of Funds - Regular - Growth,9.7212
2026-09-28,154166,DSP Multi Asset Omni Fund of Funds - Direct - IDCW,9.7653
2026-09-28,154167,DSP Multi Asset Omni Fund of Funds - Direct - Growth,9.7653
2026-09-28,154168,DSP Multi Asset Omni Fund of Funds - Regular - IDCW,9.7212
2026-09-28,154169,Mirae Asset Nifty 500 Healthcare ETF,21.6348
2026-09-28,154170,Axis BSE India Sectors Leaders Index Fund- Regular Plan- Growth Option,9.0719
2026-09-28,154171,Axis BSE India Sectors Leaders Index Fund- Direct Plan- Growth Option,9.1200
2026-09-28,154172,Groww Nifty PSE ETF FOF Direct IDCW,9.1578
2026-09-28,154173,Groww Nifty PSE ETF FOF Regular Growth,9.1412
2026-09-28,154174,Groww Nifty PSE ETF FOF Regular IDCW,9.1412
2026-09-28,154175,SBI Quality Fund - Regular Plan - Growth,10.5854
2026-09-28,154176,SBI Quality Fund - Regular Plan - Income Distribution Cum Capital Withdrawal,10.5854
2026-09-28,154177,SBI Quality Fund - Direct Plan - Growth,10.6592
2026-09-28,154178,SBI Quality Fund - Direct Plan - Income Distribution Cum Capital Withdrawal,10.6592
2026-09-28,154179,HDFC Nifty India Consumption Index Fund - Direct Growth Plan,9.4864
2026-09-28,154180,HDFC Nifty India Consumption Index  Fund - Regular Growth Plan,9.4602
2026-09-28,154181,Mirae Asset Nifty India Infrastructure & Logistics ETF,11.4940
2026-09-28,154182,Mirae Asset BSE India Defence ETF,77.0163
2026-09-28,154183,The Wealth Company Balanced Advantage Fund - Regular Growth,9.7734
2026-09-28,154184,The Wealth Company Balanced Advantage Fund - Regular IDCW,9.7721
2026-09-28,154185,The Wealth Company Balanced Advantage Fund - Direct Growth,9.8954
2026-09-28,154186,The Wealth Company Balanced Advantage Fund - Direct IDCW,9.8945
2026-09-28,154187,Mirae Asset BSE India Defence ETF FOF - Direct Plan - Growth,11.385
2026-09-28,154188,Mirae Asset BSE India Defence ETF FOF - Direct Plan - IDCW,11.382
2026-09-28,154189,Mirae Asset BSE India Defence ETF FOF - Regular Plan - Growth,11.344
2026-09-28,154190,Mirae Asset BSE India Defence ETF FOF - Regular Plan - IDCW,11.344
2026-09-28,154191,Baroda BNP Paribas Best-in-Class Strategy Fund - Regular - IDCW Payout Option,9.9093
2026-09-28,154193,Baroda BNP Paribas Best-in-Class Strategy Fund - Direct - IDCW Payout Option,10.0042
2026-09-28,154194,Baroda BNP Paribas Best-in-Class Strategy Fund - Regular - Growth Option,9.9093
2026-09-28,154195,Baroda BNP Paribas Best-in-Class Strategy Fund - Direct - Growth Option,10.0042
2026-09-28,154197,UTI Nifty500 Shariah Index Fund - Direct Plan Growth Option,9.7174
2026-09-28,154198,UTI Nifty500 Shariah Index Fund - Regular Plan Growth Option,9.6916
2026-09-28,154199,Groww BSE Hospitals ETF,50.855
2026-09-28,154200,Groww BSE Hospitals ETF FOF Direct Growth,10.6461
2026-09-28,154201,Bajaj Finserv Ultra Short to Short Term Fund - Regular - IDCW,1033.1915
2026-09-28,154202,Bajaj Finserv Ultra Short to Short Term Fund - Direct - IDCW,1038.0767
2026-09-28,154203,Bajaj Finserv Ultra Short to Short Term Fund - Regular - Growth,1033.1915
2026-09-28,154204,Bajaj Finserv Ultra Short to Short Term Fund - Direct - Growth,1038.0767
2026-09-28,154205,ANGEL ONE SILVER ETF,8.4535
2026-09-28,154206,ANGEL ONE SILVER ETF FOF -DIRECT GROWTH,7.6747
2026-09-28,154207,ANGEL ONE SILVER ETF FOF -REGULAR GROWTH,7.6525
2026-09-28,154208,Edelweiss Gold ETF Fund of Fund Direct Plan Growth Option,9.085
2026-09-28,154209,Edelweiss Gold ETF Fund of Fund Regular Plan Growth Option,9.0598
2026-09-28,154210,TRUSTMF MID CAP FUND -DIRECT -GROWTH,11.86
2026-09-28,154211,TRUSTMF MID CAP FUND -REGULAR-GROWTH,11.75
2026-09-28,154212,Capitalmind Multi Asset Allocation Fund-Direct-IDCW,9.7863
2026-09-28,154213,Capitalmind Multi Asset Allocation Fund-Regular-IDCW,9.7082
2026-09-28,154214,Abakkus Small Cap Fund - Regular  Plan - Growth,12.2570
2026-09-28,154215,Abakkus Small Cap Fund - Direct Plan - Growth,12.3460
2026-09-28,154216,Mirae Asset Nifty Metal ETF FOF - Direct Plan - Growth,10.349
2026-09-28,154217,Mirae Asset Nifty Metal ETF FOF - Direct Plan - IDCW,10.409
2026-09-28,154218,Mirae Asset Nifty Metal ETF FOF - Regular Plan - Growth,10.314
2026-09-28,154219,Mirae Asset Nifty Metal ETF FOF - Regular Plan - IDCW,10.314
2026-09-28,154220,Aditya Birla Sun Life MSCI India ETF,28.0662
2026-09-28,154221,Groww BSE Hospitals ETF FOF Direct IDCW,10.6464
2026-09-28,154222,Groww BSE Hospitals ETF FOF Regular IDCW,10.6228
2026-09-28,154223,Groww BSE Hospitals ETF FOF Regular Growth,10.6228
2026-09-28,154224,Aditya Birla Sun Life BSE Top 10 Banks ETF,161.2817
2026-09-28,154225,Old Bridge Flexi Cap Fund Direct Growth,11.10
2026-09-28,154226,Old Bridge Flexi Cap Fund Regular Growth,11.00
2026-09-28,154227,Old Bridge Flexi Cap Fund Regular IDCW,11.00
2026-09-28,154228,Old Bridge Flexi Cap Fund Direct IDCW,11.10
2026-09-28,154231,Capitalmind Multi Asset Allocation Fund-Regular-Growth,9.7082
2026-09-28,154232,Capitalmind Multi Asset Allocation Fund-Direct-Growth,9.7863
2026-09-28,154233,Capitalmind Arbitrage Fund-regular-Growth,10.2744
2026-09-28,154234,Capitalmind Arbitrage Fund-Direct-IDCW,10.3182
2026-09-28,154235,Capitalmind Arbitrage Fund-Regular-IDCW,10.2746
2026-09-28,154236,Capitalmind Arbitrage Fund-Direct-Growth,10.3181
2026-09-28,154237,SBI Nifty Midcap 150 Momentum 50 ETF,61.2597
2026-09-28,154238,Motilal Oswal Multi Factor Passive Fund of Funds - Regular,9.9108
2026-09-28,154239,Motilal Oswal Multi Factor Passive Fund of Funds - Direct,9.9434
2026-09-28,154244,LIC MF Technology Fund-Direct Plan-Growth,10.8228
2026-09-28,154245,LIC MF Technology Fund-Direct Plan-IDCW,10.8224
2026-09-28,154246,LIC MF Technology Fund-Regular Plan-IDCW,10.7255
2026-09-28,154247,LIC MF Technology Fund-Regular Plan-Growth,10.7255
2026-09-28,154248,Canara Robeco Banking and Financials Services Fund - Regular Plan - Growth,10.3700
2026-09-28,154249,Canara Robeco Banking and Financials Services Fund - Regular Plan - IDCW,10.3700
2026-09-28,154250,Canara Robeco Banking and Financials Services Fund - Direct Plan - Growth,10.4600
2026-09-28,154251,Canara Robeco Banking and Financials Services Fund - Direct Plan - IDCW,10.4600
2026-09-28,154252,Nippon India CRISIL-IBX Financial Services 9-12 Months Debt Index Fund -Direct Plan - Growth Option,10.3857
2026-09-28,154253,Nippon India CRISIL-IBX Financial Services 9-12 Months Debt Index Fund -Direct Plan-IDCW Option,10.3857
2026-09-28,154254,Nippon India CRISIL-IBX Financial Services 9-12 Months Debt Index Fund -Regular Plan - IDCW Option,10.3748
2026-09-28,154255,Nippon India CRISIL-IBX Financial Services 9-12 Months Debt Index Fund -Regular Plan - Growth Option,10.3748
2026-09-28,154256,DSP BSE Top 10 Banks ETF,16.1362
2026-09-28,154257,Helios Arbitrage Fund - Direct Growth,10.30
2026-09-28,154258,Helios Arbitrage Fund - Regular Growth,10.26
2026-09-28,154259,Helios Arbitrage Fund - Direct IDCW,10.30
2026-09-28,154260,Helios Arbitrage Fund - Regular IDCW,10.26
2026-09-28,154261,HDFC INCOME PLUS ARBITRAGE OMNI FOF - GROWTH OPTION -REGULAR PLAN,10.3843
2026-09-28,154262,HDFC INCOME PLUS ARBITRAGE OMNI FOF - GROWTH OPTION - DIRECT PLAN,10.4031
2026-09-28,154263,HDFC INCOME PLUS ARBITRAGE OMNI FOF - IDCW OPTION - DIRECT PLAN,10.4031
2026-09-28,154264,HDFC INCOME PLUS ARBITRAGE OMNI FOF - IDCW OPTION - REGULAR PLAN,10.3843
2026-09-28,154265,ICICI Prudential Diversified Equity All Cap Active FOF - Growth,10.4154
2026-09-28,154266,ICICI Prudential Diversified Equity All Cap Active FOF - Direct Plan - Growth,10.4746
2026-09-28,154267,The Wealth Company Small Cap Fund- Regular-IDCW,11.5488
2026-09-28,154268,The Wealth Company Small Cap Fund- Regular-Growth,11.5495
2026-09-28,154269,The Wealth Company Small Cap Fund- Direct-Growth,11.662
2026-09-28,154270,The Wealth Company Small Cap Fund- Direct-IDCW,11.6635
2026-09-28,154271,Nippon India CRISIL-IBX Financial Services 3-6 Months Debt Index Fund- Direct Plan- Growth Option,10.4132
2026-09-28,154272,Nippon India CRISIL-IBX Financial Services 3-6 Months Debt Index Fund- Direct Plan-IDCW Option,10.4132
2026-09-28,154273,Nippon India CRISIL-IBX Financial Services 3-6 Months Debt Index Fund- Regular Plan- IDCW Option,10.4030
2026-09-28,154274,Nippon India CRISIL-IBX Financial Services 3-6 Months Debt Index Fund- Regular Plan- Growth Option,10.4030
2026-09-28,154275,Kotak Multi Factor Passive FOF - Direct- Growth,10.592
2026-09-28,154276,Kotak Multi Factor Passive FOF - Regular- Growth,10.58
2026-09-28,154277,Groww Nifty PSU Bank ETF,80.4871
2026-09-28,154278,Groww Nifty PSU Bank Index Fund Direct Growth,9.5276
2026-09-28,154279,Mirae Asset Silver ETF FOF - Direct Plan - Growth,9.833
2026-09-28,154280,Mirae Asset Silver ETF FOF - Direct Plan - IDCW,9.833
2026-09-28,154281,Mirae Asset Silver ETF FOF - Regular Plan - Growth,9.804
2026-09-28,154282,Mirae Asset Silver ETF FOF - Regular Plan - IDCW,9.803
2026-09-28,154283,Groww Nifty PSU Bank Index Fund Direct IDCW,9.5264
2026-09-28,154284,Groww Nifty PSU Bank Index Fund Regular Growth,9.5014
2026-09-28,154285,Groww Nifty PSU Bank Index Fund Regular IDCW,9.5014
2026-09-28,154286,Kotak Quality Overseas Equity Active FOF - Regular Plan - Growth,11.516
2026-09-28,154287,Kotak Quality Overseas Equity Active FOF - Direct Plan - Growth-,11.556
2026-09-28,154288,Kotak Quality Overseas Equity Active FOF - Direct Plan - IDCW,11.556
2026-09-28,154289,Kotak Quality Overseas Equity Active FOF - Regular Plan - IDCW,11.516
2026-09-28,154294,HSBC Gold ETF,127.6411
2026-09-28,154295,HSBC Gold ETF Fund of fund - Direct Growth,10.0527
2026-09-28,154296,HSBC Gold ETF Fund of fund - Regular IDCW,10.0332
2026-09-28,154297,HSBC Gold ETF Fund of fund - Direct IDCW,10.0527
2026-09-28,154298,HSBC Gold ETF Fund of fund - Regular Growth,10.0333
2026-09-28,154299,Mirae Asset Nifty 500 Value 50 ETF,15.4655
2026-09-28,154301,Choice Nifty 50 Index Fund - Direct Plan Growth,9.8602
2026-09-28,154302,Choice Nifty 50 Index Fund - Regular Plan Growth,9.8463
2026-09-28,154303,Choice Nifty Next 50 Index Fund - Regular Plan Growth,10.9152
2026-09-28,154304,Choice Nifty Next 50 Index Fund - Direct Plan Growth,10.9363
2026-09-28,154305,SBI Nifty Midcap 150 ETF,22.1328
2026-09-28,154306,Zerodha Nifty MidSmallcap400 50:50 Index Fund - Direct Plan - Growth Option,11.0145
2026-09-28,154307,JioBlackRock Large Cap Fund - Direct Plan - Growth Option,9.5198
2026-09-28,154308,HDFC CRISIL-IBX Financial Services 9-12 Months Debt Index Fund - Direct Growth Plan,10.3842
2026-09-28,154309,HDFC CRISIL-IBX Financial Services 9-12 Months Debt Index Fund - Regular Growth Plan,10.3735
2026-09-28,154310,Edelweiss Nifty LargeMidcap 250 Plus 8-13 yr G-Sec 70-30 Index Fund Direct Plan Growth,10.4536
2026-09-28,154311,Edelweiss Nifty LargeMidcap250 Plus 8-13 yr G-Sec 70-30 Index Fund Direct Plan Monthly IDCW,10.4535
2026-09-28,154312,Edelweiss Nifty LargeMidcap 250 Plus 8-13 yr G-Sec 70-30 Index Fund Regular Plan Growth,10.4188
2026-09-28,154313,Edelweiss Nifty LargeMidcap250 Plus 8-13 yr G-Sec 70-30 Index Fund Regular Plan Monthly IDCW,10.4188
2026-09-28,154314,Edelweiss Nifty LargeMidcap250 Plus 8-13 yr G-Sec 70-30 Index Fund - Direct Plan - Quarterly IDCW,10.4536
2026-09-28,154315,Edelweiss Nifty LargeMidcap250 Plus 8-13 yr G-Sec 70-30 Index Fund - Regular Plan - Quarterly IDCW,10.4188
2026-09-28,154316,Kotak Multi Asset Active FOF - Direct - Growth,9.987
2026-09-28,154317,Kotak Multi Asset Active FOF - Direct - IDCW,9.987
2026-09-28,154318,Kotak Multi Asset Active FOF - Regular- IDCW,9.956
2026-09-28,154319,Kotak Multi Asset Active FOF - Regular - Growth,9.955
2026-09-28,154320,Groww Arbitrage Fund Direct Growth,10.2578
2026-09-28,154321,Zerodha Nifty LargeMidcap250 Plus 8-13 Yr G-Sec 70:30 Index Fund - Direct Plan - Growth Option,9.8566
2026-09-28,154322,Motilal Oswal BSE Top 10 Banks ETF,16.1408
2026-09-28,154323,Groww Arbitrage Fund Direct IDCW,10.2579
2026-09-28,154324,Groww Arbitrage Fund Regular IDCW,10.2264
2026-09-28,154325,Groww Arbitrage Fund Regular Growth,10.2264
2026-09-28,154326,Axis Nifty India Defence Index Fund - Direct Plan - Growth,10.2379
2026-09-28,154327,Axis Nifty India Defence Index Fund - Regular Plan - Growth,10.2034
2026-09-28,154328,SBI CRISIL - IBX Financial Services 9-12 Months Debt Index Fund - Regular Plan - Growth,10.2671
2026-09-28,154329,SBI CRISIL - IBX Financial Services 3-6 Months Debt Index Fund - Regular Plan - Growth,10.2957
2026-09-28,154330,SBI CRISIL - IBX Financial Services 3-6 Months Debt Index Fund - Regular Plan - IDCW,10.2958
2026-09-28,154331,SBI CRISIL - IBX Financial Services 3-6 Months Debt Index Fund - Direct Plan - Growth,10.3002
2026-09-28,154332,SBI CRISIL - IBX Financial Services 3-6 Months Debt Index Fund - Direct Plan - IDCW,10.3002
2026-09-28,154333,SBI CRISIL - IBX Financial Services 9-12 Months Debt Index Fund - Regular Plan - IDCW,10.2672
2026-09-28,154334,SBI CRISIL - IBX Financial Services 9-12 Months Debt Index Fund - Direct Plan - Growth,10.2759
2026-09-28,154335,SBI CRISIL - IBX Financial Services 9-12 Months Debt Index Fund - Direct Plan - IDCW,10.2760
2026-09-28,154336,Motilal Oswal Contra Fund – Direct – IDCW,10.4002
2026-09-28,154337,Motilal Oswal Contra Fund - Direct – Growth,10.4002
2026-09-28,154338,Motilal Oswal Contra Fund - Regular – Growth,10.3425
2026-09-28,154339,Motilal Oswal Contra Fund - Regular - IDCW,10.3425
2026-09-28,154340,Invesco India BSE Sensex Index Fund - Direct Plan - Growth,9.5395
2026-09-28,154342,Invesco India BSE Sensex Index Fund - Regular Plan - Growth,9.5216
2026-09-28,154343,Invesco India Nifty Bank Index Fund - Direct Plan - Growth,10.0685
2026-09-28,154344,Invesco India Nifty Bank Index Fund - Regular Plan - Growth,10.0455
2026-09-28,154345,Groww Nifty Private Bank ETF,26.5935
2026-09-28,154346,Groww Nifty Private Bank Index Fund Direct Growth,9.8635
2026-09-28,154347,Edelweiss Nifty Next 50 ETF,70.1184
2026-09-28,154348,Axis Nifty Capital Markets Index Fund- Direct Plan,9.1904
2026-09-28,154349,Axis Nifty Capital Markets Index Fund- Regular Plan,9.1634
2026-09-28,154350,Groww Nifty Private Bank Index Fund Regular Growth,9.8406
2026-09-28,154351,Groww Nifty Private Bank Index Fund Regular IDCW,9.8406
2026-09-28,154352,Groww Nifty Private Bank Index Fund Direct IDCW,9.8635
2026-09-28,154353,SBI Nifty Smallcap 250 ETF,17.8905
2026-09-28,154354,SBI Nifty200 Value 30 ETF,14.1072
2026-09-28,154355,HDFC GOLD SILVER PASSIVE FOF - GROWTH OPTION - DIRECT PLAN,9.6751
2026-09-28,154356,HDFC GOLD SILVER PASSIVE FOF - GROWTH OPTION - REGULAR PLAN,9.6728
2026-09-28,154357,DSP Nifty FMCG ETF,45.4644
2026-09-28,154358,Kotak Ultra Short to Short Term Fund - Direct Plan - Weekly - Reinvestment & Payout of Income Distribution cum Capital Withdrawal Option,1065.944
2026-09-28,154359,Kotak Ultra Short to Short Term Fund - Regular Plan - Monthly - Reinvestment & Payout of Income Distribution cum Capital Withdrawal Option,1007.0948
2026-09-28,154361,Kotak Ultra Short to Short Term Fund - Direct Plan - Monthly - Reinvestment & Payout of Income Distribution cum Capital Withdrawal Option,1014.0551
2026-09-28,154362,SBI Nifty G-sec Jul 2031 Index Fund - REGULAR - GROWTH,10.1810
2026-09-28,154363,SBI CRISIL-IBX 10:90 Gilt + SDL Index - Dec 2029 Index Fund - Regular - Growth,10.2318
2026-09-28,154364,Motilal Oswal BSE Clean Environment Index Fund - Direct,8.8283
2026-09-28,154365,Motilal Oswal BSE Clean Environment Index Fund - Growth,8.8133
2026-09-28,154366,360 ONE MSCI India ETF,9.6042
2026-09-28,154367,SBI CRISIL-IBX 10:90 GLIT + SDL INDEX DEC 2029 INDEX FUND - REGULAR - IDCW,10.2317
2026-09-28,154369,SBI CRISIL-IBX 10:90 GLIT + SDL INDEX DEC 2029 INDEX FUND - DIRECT IDCW,10.2388
2026-09-28,154370,SBI CRISIL-IBX 10:90 GILT + SDL INDEX DEC 2029 INDEX FUND - DIRECT - GROWTH,10.2388
2026-09-28,154372,SBI NIFTY G-SEC JUL 2031 INDEX FUND - DIRECT - GROWTH,10.1879
2026-09-28,154373,SBI NIFTY G-SEC JUL 2031 INDEX FUND - REGULAR - IDCW,10.1809
2026-09-28,154375,SBI NIFTY G-SEC JUL 2031 INDEX FUND - DIRECT - IDCW,10.1880
2026-09-28,154377,Motilal Oswal BSE Midcap 150 Momentum 30 Index Fund-Direct,10.0583
2026-09-28,154378,Motilal Oswal BSE Midcap 150 Momentum 30 Index Fund-Regular,10.0472
2026-09-28,154379,The Wealth Company Large & Mid Cap Fund Regular IDCW,9.9243
2026-09-28,154380,The Wealth Company Large & Mid Cap Fund Direct IDCW,9.9847
2026-09-28,154381,The Wealth Company Large & Mid Cap Fund Direct Growth,9.9853
2026-09-28,154382,The Wealth Company Large & Mid Cap Fund Regular Growth,9.9242
2026-09-28,154383,Groww Nifty Smallcap 250 Momentum Quality 100 Index Fund Direct Growth,10.4277
2026-09-28,154384,Groww Nifty Smallcap 250 Momentum Quality 100 ETF,47.8751
2026-09-28,154385,Groww Nifty Smallcap 250 Momentum Quality 100 Index Fund Direct IDCW,10.4277
2026-09-28,154386,Groww Nifty Smallcap 250 Momentum Quality 100 Index Fund Regular IDCW,10.4109
2026-09-28,154387,Groww Nifty Smallcap 250 Momentum Quality 100 Index Fund Regular Growth,10.4109
2026-09-28,154388,Kotak Nifty Alpha Low Volatility 30 Index Fund - Direct- Growth,9.813
2026-09-28,154389,Kotak Nifty Alpha Low Volatility 30 Index Fund - Regular - Growth,9.797
2026-09-28,154390,Kotak Nifty Alpha Low Volatility 30 Index Fund - Regular - IDCW,9.797
2026-09-28,154391,Kotak Nifty Alpha Low Volatility 30 Index Fund - Direct- IDCW,9.813
2026-09-28,154392,WhiteOak Capital Aggressive Hybrid Fund Direct Plan Growth,10.141
2026-09-28,154393,WhiteOak Capital Aggressive Hybrid Fund Regular Plan Growth,10.094
2026-09-28,154394,Shriram Overnight Fund- Direct Growth,1275.3202
2026-09-28,154395,Shriram Overnight Fund- Direct Daily IDCW,1000.0186
2026-09-28,154396,Shriram Overnight Fund- Direct Monthly IDCW,1001.7739
2026-09-28,154398,Shriram Overnight Fund- Regular Daily IDCW,1000.0099
2026-09-28,154399,Shriram Overnight Fund- Regular Growth,1271.1158
2026-09-28,154402,Shriram Overnight Fund- Regular Monthly IDCW,1001.792
2026-09-28,154404,ICICI Prudential Nifty Smallcap 250 ETF,17.9019
2026-09-28,154405,Tata Multi Sector Passive FOF Regular Plan Growth Option,9.5162
2026-09-28,154406,Tata Multi Sector Passive FOF Regular Plan IDCW Payout Option,9.5162
2026-09-28,154407,Tata Multi Sector Passive FOF Regular Plan IDCW Reinvestment Option,9.5162
2026-09-28,154408,Tata Multi Sector Passive FOF Direct Plan IDCW Reinvestment Option,9.5256
2026-09-28,154409,Tata Multi Sector Passive FOF Direct Plan Growth Option,9.5256
2026-09-28,154410,Tata Multi Sector Passive FOF Direct Plan IDCW Payout Option,9.5256
2026-09-28,154413,Choice Overnight Fund - Growth Option - Direct Plan,101.1876
2026-09-28,154414,Choice Overnight Fund - Daily IDCW Option - Regular Plan,100.1000
2026-09-28,154415,Choice Overnight Fund - Growth Option - Regular Plan,101.1621
2026-09-28,154416,Choice Overnight Fund - Daily IDCW Option - Direct Plan,100.1000
2026-09-28,154417,ICICI Prudential Balanced Hybrid Fund - Direct Plan - Growth,10.01
2026-09-28,154418,ICICI Prudential Balanced Hybrid Fund - Growth,9.99
2026-09-28,154419,ICICI Prudential Balanced Hybrid Fund - IDCW,9.99
2026-09-28,154420,ICICI Prudential Balanced Hybrid Fund - Direct Plan - IDCW,10.01
2026-09-28,154421,JM Multi Asset Allocation Fund (Direct) - IDCW,10.0869
2026-09-28,154422,JM Multi Asset Allocation Fund (Regular) - IDCW,10.051
2026-09-28,154423,JM Multi Asset Allocation Fund (Direct) - Growth Option,10.0869
2026-09-28,154424,JM Multi Asset Allocation Fund (Regular) - Growth Option,10.051
2026-09-28,154425,DSP Money Market Fund  - Regular Plan - IDCW Weekly,10.0042
2026-09-28,154426,DSP Money Market Fund - Direct Plan - IDCW Weekly,10.0195
2026-09-28,154427,HDFC Nifty Auto Index Fund- Direct Plan- Growth Option,9.7235
2026-09-28,154428,HDFC Nifty Auto Index Fund- Growth Option,9.7103
2026-09-28,154431,Invesco India Ultra Short Term Fund - Regular Plan - Weekly IDCW (Payout / Reinvestment),1146.4029
2026-09-28,154432,Invesco India Ultra Short Term Fund - Direct Plan - Weekly IDCW (Payout / Reinvestment),1147.3895
2026-09-28,154433,TRUSTMF LARGE & MIDCAP FUND - DIRECT PLAN - GROWTH,9.81
2026-09-28,154434,TRUSTMF LARGE & MIDCAP FUND - REGULAR PLAN - GROWTH,9.78
2026-09-28,154436,Zerodha Life Cycle Fund 2036 - Direct - Growth,9.6672
2026-09-28,154437,Zerodha Life Cycle Fund 2041 - Direct - Growth,9.6109
2026-09-28,154438,ALPHAGREP MULTI ASSET ALLOCATION FUND-DIRECT-GROWTH,10.2629
2026-09-28,154440,ALPHAGREP MULTI ASSET ALLOCATION FUND-REGULAR-GROWTH,10.2289
2026-09-28,154442,ALPHAGREP MULTI ASSET ALLOCATION FUND-REGULAR-IDCW,10.2289
2026-09-28,154443,ALPHAGREP MULTI ASSET ALLOCATION FUND-DIRECT-IDCW,10.2629
2026-09-28,154449,ICICI Prudential Multi-Asset Active FOF - Direct Plan - Growth,9.9183
2026-09-28,154450,ICICI Prudential Multi-Asset Active FOF - Growth,9.8965
2026-09-28,154451,NJ Momentum Fund - Direct Growth,10.00
2026-09-28,154452,NJ Momentum Fund - Regular Growth,9.97
2026-09-28,154453,NJ Momentum Fund - Regular IDCW,9.97
2026-09-28,154454,NJ Momentum Fund - Direct IDCW,10.00
2026-09-28,154455,NJ Value Fund - Regular IDCW,9.31
2026-09-28,154456,NJ Value Fund - Direct Growth,9.34
2026-09-28,154457,NJ Value Fund - Direct IDCW,9.34
2026-09-28,154458,NJ Value Fund - Regular Growth,9.31
2026-09-28,154459,Axis Nifty50 Equal Weight Index Fund-Regular Plan- Growth Option,9.5755
2026-09-28,154460,Axis Nifty50 Equal Weight Index Fund-Direct Plan- Growth Option,9.5902
2026-09-28,154461,Edelweiss Nifty Metal ETF,12.8438
2026-09-28,154462,Mirae Asset Money Market Fund - Direct Plan - Weekly IDCW,1362.7520
2026-09-28,154466,UTI Nifty 1D Rate Liquid ETF - Growth,1009.7633
2026-09-28,154467,SBI Crisil - IBX SDL Index - June 2034 Index Fund - Direct Plan - Growth,9.9265
2026-09-28,154468,SBI Crisil - IBX SDL Index - June 2034 Index Fund - Regular Plan - Growth,9.9224
2026-09-28,154469,SBI Crisil - IBX SDL Index - June 2034 Index Fund - Regular Plan - IDCW,9.9224
2026-09-28,154470,SBI Crisil - IBX SDL Index - June 2034 Index Fund - Direct Plan - IDCW,9.9265
2026-09-28,154471,Mirae Asset BSE Midcap 150 Momentum 30 ETF,12.5063
2026-09-28,154473,Mirae Asset BSE Midcap 150 Momentum 30 ETF FOF - Regular Plan - Growth,10.096
2026-09-28,154474,Mirae Asset BSE Midcap 150 Momentum 30 ETF FOF - Direct Plan - Growth,10.104
2026-09-28,154476,Groww Nifty Cements ETF,13.8819
2026-09-28,154477,Abakkus Large & Mid Cap Fund - Direct  Plan - Growth,9.5240
2026-09-28,154478,Abakkus Large & Mid Cap Fund - Regular Plan - Growth,9.5020
2026-09-28,154479,The Wealth Company Mid Cap Fund- Regular-Growth,9.6064
2026-09-28,154481,The Wealth Company Mid Cap Fund- Direct-Growth,9.6308
2026-09-28,154483,The Wealth Company Mid Cap Fund- Direct- IDCW,9.6358
2026-09-28,154484,The Wealth Company Mid Cap Fund-Regular-IDCW,9.6067
2026-09-28,154485,Baroda BNP Paribas Services Fund - Direct IDCW Payout option,9.3926
2026-09-28,154486,Baroda BNP Paribas Services Fund - Regular Growth option,9.3650
2026-09-28,154487,Baroda BNP Paribas Services Fund - Regular IDCW Payout,9.3650
2026-09-28,154490,Baroda BNP Paribas Services Fund - Direct Growth Option,9.3926
2026-09-28,154491,Kotak Nifty Private Bank ETF,26.559
2026-09-28,154492,Bajaj Finserv BSE Top 10 Banks ETF,19.8534
2026-09-28,154493,Mirae Asset Nifty200 Momentum 30 Plus 8-13yr G-Sec 75:25 Index Fund - Direct Plan - Growth,9.8743
2026-09-28,154494,Mirae Asset Nifty200 Momentum 30 Plus 8-13yr G-Sec 75:25 Index Fund - Direct Plan - IDCW,9.8743
2026-09-28,154495,Mirae Asset Nifty200 Momentum 30 Plus 8-13yr G-Sec 75:25 Index Fund - Regular Plan - Growth,9.8623
2026-09-28,154496,Mirae Asset Nifty200 Momentum 30 Plus 8-13yr G-Sec 75:25 Index Fund - Regular Plan - IDCW,9.8622
2026-09-28,154497,Mirae Asset Nifty200 Momentum 30 Plus 8-13 yr G-Sec 50:50 ETF,9.8093
2026-09-28,154498,ITI Multi Asset Allocation Fund - Direct Plan - Growth Option,9.8781
2026-09-28,154499,ITI Multi Asset Allocation Fund- Direct Plan- IDCW Option,9.8781
2026-09-28,154500,ITI Multi Asset Allocation Fund- Regular Plan- Growth Option,9.8681
2026-09-28,154502,ITI Multi Asset Allocation Fund- Regular Plan- IDCW Option,9.8681
2026-09-28,154503,ICICI Prudential BSE Insurance ETF,14.7619
2026-09-28,154504,HDFC Nifty Metal ETF - Growth Option,128.4817
2026-09-28,154505,HDFC Nifty Metal ETF FOF - Direct Plan - Growth Option,9.8014
2026-09-28,154506,HDFC Nifty Metal ETF FOF - Growth Option,9.792
2026-09-28,154507,Kotak Money Market Fund - Direct - IDCW Weekly,1002.5054
2026-09-28,154509,Kotak Short Term Fund - Regular - IDCW Weekly,10.0014
2026-09-28,154510,Kotak Short Term Fund - Direct - IDCW Weekly,9.9904
2026-09-28,154511,Kotak Corporate Bond Fund - Regular - IDCW Weekly,997.9087
2026-09-28,154513,Kotak Ultra Short Term Fund - Direct - IDCW Weekly,10.0132
2026-09-28,154514,Kotak Ultra Short Term Fund - Regular - IDCW Weekly,10.0115
2026-09-28,154515,Quantum Flexi Cap Fund - Direct Plan Growth Option,9.68
2026-09-28,154516,Quantum Flexi Cap Fund - Regular Plan Growth Option,9.68
2026-09-28,154517,AlphaGrep Flexi Cap Fund - Regular- IDCW,9.8925
2026-09-28,154518,AlphaGrep Flexi Cap Fund - Direct - Growth,9.9177
2026-09-28,154519,AlphaGrep Flexi Cap Fund - Regular - Growth,9.8925
2026-09-28,154520,AlphaGrep Flexi Cap Fund - Direct-IDCW,9.9177
2026-09-28,154521,Abakkus Liquid Fund - Unclaimed Redemption Less than 3 Years,101.1245
2026-09-28,154523,SBI Nifty Midcap 150 Momentum 50 ETF FOF - Regular - Growth,9.5624
2026-09-28,154524,Edelweiss BSE Top 10 Bank ETF,16.0177
2026-09-28,154525,SBI Nifty Midcap 150 Momentum 50 ETF FOF - Regular - IDCW,9.5624
2026-09-28,154526,SBI Nifty Midcap 150 Momentum 50 ETF FOF - Direct - Growth,9.5689
2026-09-28,154527,SBI Nifty Midcap 150 Momentum 50 ETF FOF - Direct - IDCW,9.5689
2026-09-28,154528,DSP BSE MidSmall Private Banks ETF,16.4511
2026-09-28,154535,Edelweiss BSE LargeMid (60:40) Stable Dividend 50 ETF,34.6372
2026-09-28,154536,Invesco India Nifty Bank ETF,54.4204
2026-09-28,154537,Invesco India BSE Sensex ETF,72.8182
2026-09-28,154538,Franklin India Short Term Fund - Direct - IDCW,10.0521
2026-09-28,154539,Franklin India Short Term Fund- IDCW,10.0440
2026-09-28,154540,Franklin India Short Term Fund- Growth,10.0440
2026-09-28,154541,Franklin India Short Term Fund - Direct - Growth,10.0521
2026-09-28,154544,Invesco India Pharma and Healthcare Fund - Regular Fund - IDCW Plan,9.84
2026-09-28,154545,Invesco India Pharma and Healthcare Fund - Regular Plan - Growth,9.84
2026-09-28,154546,Invesco India Pharma and Healthcare Fund - Direct Plan - IDCW Plan,9.85
2026-09-28,154547,Invesco India Pharma and Healthcare Fund - Direct Plan - Growth,9.85
2026-09-28,154548,Edelweiss Nifty REITs & Realty Index Fund - Direct Growth,9.7147
2026-09-28,154549,Edelweiss Nifty REITs & Realty Index Fund - Direct IDCW,9.7147
2026-09-28,154550,JioBlackRock Nifty 50 ETF,11.6816
2026-09-28,154551,Motilal Oswal Nifty Metal ETF,12.8538
2026-09-28,154552,Motilal Oswal Nifty Oil & Gas ETF,10.6750
2026-09-28,154553,WhiteOak Capital Dividend Yield Fund Regular Plan Growth,10.066
2026-09-28,154554,WhiteOak Capital Dividend Yield Fund Direct Plan IDCW,10.078
2026-09-28,154555,WhiteOak Capital Dividend Yield Fund Regular Plan IDCW,10.066
2026-09-28,154556,WhiteOak Capital Dividend Yield Fund Direct Plan Growth,10.078
2026-09-28,154559,Edelweiss Nifty REITs & Realty Index Fund - Regular IDCW Payout,9.7078
2026-09-28,154561,Edelweiss Nifty REITs & Realty Index Fund - Regular Growth,9.7078
2026-09-28,154563,ICICI Prudential Life Cycle Fund 2031 - Growth,9.8633
2026-09-28,154564,ICICI Prudential Life Cycle Fund 2031 - Direct Plan - Growth,9.8675
2026-09-28,154565,AlphaGrep Liquid Omni FoF- Direct Growth,1008.3793
2026-09-28,154566,AlphaGrep Liquid Omni FoF- Direct IDCW,1008.3793
2026-09-28,154567,AlphaGrep Liquid Omni FoF- Regular Growth,1008.1354
2026-09-28,154568,AlphaGrep Liquid Omni FoF- Regular IDCW,1008.1354
2026-09-28,154569,Kotak Nifty Bank Index Fund - Direct - IDCW,9.44
2026-09-28,154570,Kotak Nifty Bank Index Fund - Regular - Growth,9.436
2026-09-28,154571,Kotak Nifty Bank Index Fund - Direct - Growth,9.44
2026-09-28,154572,Kotak Nifty Bank Index Fund - Regular - IDCW,9.436
2026-09-28,154573,Kotak Diversified Equity All Cap Omni FOF - Regular - IDCW,9.58
2026-09-28,154574,Kotak Diversified Equity All Cap Omni FOF - Direct - Growth,9.59
2026-09-28,154575,Kotak Diversified Equity All Cap Omni FOF - Direct - IDCW,9.59
2026-09-28,154576,Kotak Diversified Equity All Cap Omni FOF - Regular - Growth,9.58
2026-09-28,154577,ICICI Prudential Life Cycle Fund 2036 - Growth,9.9846
2026-09-28,154578,ICICI Prudential Life Cycle Fund 2036 - Direct Plan - Growth,9.9894
2026-09-28,154579,ICICI Prudential Life Cycle Fund 2041 - Growth,9.9662
2026-09-28,154580,ICICI Prudential Life Cycle Fund 2041 - Direct Plan - Growth,9.9711
2026-09-28,154581,ASK Liquid Fund Regular Growth,1004.9287
2026-09-28,154583,ASK Liquid Fund Direct Weekly IDCW,1000.0000
2026-09-28,154586,ASK Liquid Fund Regular Daily IDCW,1000.0254
2026-09-28,154587,ASK Liquid Fund Regular Weekly IDCW,1000.0000
2026-09-28,154589,ASK Liquid Fund Direct Growth,1005.0477
2026-09-28,154590,ASK Liquid Fund Regular Monthly IDCW,1000.0000
2026-09-28,154591,ASK Liquid Fund Direct Daily IDCW,1000.0255
2026-09-28,154592,ASK Liquid Fund Direct Monthly IDCW,1000.0000
2026-09-28,154593,DSP NIFTY 10 YR BENCHMARK G-SEC ETF,26.3481
2026-09-28,154594,Axis Nifty Energy Index Fund - Direct Plan - Growth,9.6544
2026-09-28,154597,Axis Nifty Energy Index Fund - Regular Plan - Growth,9.6472
2026-09-28,154598,Bandhan Contra Fund-Regular Plan-Growth,9.6161
2026-09-28,154599,Bandhan Contra Fund-Direct Plan-Annual IDCW,9.6295
2026-09-28,154600,Bandhan Contra Fund-Direct Plan-Growth,9.6295
2026-09-28,154601,Bandhan Contra Fund-Regular Plan-Annual IDCW,9.6161
2026-09-28,154602,UTI Nifty 500 Exchange Traded Fund,35.7699
2026-09-28,154603,UTI Nifty 500 Index Fund Regular Plan - Growth Option,9.4459
2026-09-28,154604,UTI Nifty 500 Index Fund Direct Plan Growth Option,9.4519
2026-09-28,154605,Kotak Liquid Fund - Regular- IDCW,1003.6952
2026-09-28,154606,Kotak Liquid Fund - Direct - IDCW,1008.1173
2026-09-28,154607,Kotak Ultra Short Term Fund - Regular - IDCW,10.0243
2026-09-28,154608,Kotak Ultra Short Term Fund - Direct - IDCW,10.0837
2026-09-28,154609,Kotak Corporate Bond Fund - Direct -IDCW,997.9731
2026-09-28,154612,Kotak Money Market Fund - Direct - IDCW,1008.8424
2026-09-28,154613,Bajaj Finserv Money Market Fund-Regular Plan-Weekly-IDCW,1050.3255
2026-09-28,154614,Bajaj Finserv Money Market Fund-Direct Plan-Weekly-IDCW,1042.6306
2026-09-28,154615,SBI Balanced Hybrid Fund - Regular Plan - Growth,9.9574
2026-09-28,154616,SBI Balance Hybrid Fund - Regular Plan - IDCW,9.9574
2026-09-28,154617,SBI Balance Hybrid Fund - Direct Plan - IDCW,9.9665
2026-09-28,154618,SBI Balance Hybrid Fund - Direct Plan - Growth,9.9666
2026-09-28,154619,Zerodha Arbitrage Fund - Direct - Growth,10.0615
2026-09-28,154620,Edelweiss Ultra Short Term Fund Regular IDCW Plan,1005.6489
2026-09-28,154621,Edelweiss Ultra Short Term Fund Direct Growth Plan,1006.1048
2026-09-28,154622,Edelweiss Ultra Short Term Fund Regular Growth Plan,1005.6489
2026-09-28,154623,Edelweiss Ultra Short Term Fund Direct IDCW Plan,1006.1048
2026-09-28,154624,Choice Overnight Fund -Direct -Unclaimed Less than 3 years Redemption Plan,100.6363
2026-09-28,154625,quant Silver ETF,22.3396
2026-09-28,154626,Mirae Asset BSE LargeMid (60:40) Stable Dividend 50 ETF,34.6461
2026-09-28,154627,Axis Nifty Energy ETF,18.3890
2026-09-28,154628,UTI Balanced Hybrid Fund-Direct Plan Growth Option,9.9435
2026-09-28,154629,UTI Balanced Hybrid Fund-Direct Plan  payout of IDCW Option,9.9435
2026-09-28,154630,UTI Balanced Hybrid Fund-Regular Plan Growth Option,9.934
2026-09-28,154631,UTI Balanced Hybrid Fund-Regular Plan payout of IDCW Option,9.934
2026-09-28,154632,JioBlackRock Large Cap Fund - Regular Plan - Growth Option,9.3753
2026-09-28,154633,JioBlackRock Nifty 50 Index Fund - Regular Plan - Growth Option,9.3764
2026-09-28,154634,JioBlackRock Nifty Smallcap 250 Index Fund - Regular Plan - Growth Option,9.7319
2026-09-28,154635,JioBlackRock Short Term Fund - Regular Plan - Growth Option,1000.8932
2026-09-28,154636,JioBlackRock Ultra Short to Short Term Fund - Regular Plan - Growth Option,1002.7005
2026-09-28,154637,JioBlackRock Sector Rotation Fund- Regular Plan - Growth Option,9.4916
2026-09-28,154638,JioBlackRock Arbitrage Fund - Regular Plan - Growth Option,10.0429
2026-09-28,154639,JioBlackRock Money Market Fund - Regular Plan - Growth Option,1006.8808
2026-09-28,154640,JioBlackRock Overnight Fund - Regular Plan - Growth Option,1004.7728
2026-09-28,154641,JioBlackRock Flexi Cap Fund - Regular Plan - Growth Option,9.4965
2026-09-28,154642,JioBlackRock Nifty 8-13 yr G-Sec Index Fund - Regular Plan - Growth Option,9.8313
2026-09-28,154643,JioBlackRock Nifty Midcap 150 Index Fund - Regular Plan - Growth Option,9.4407
2026-09-28,154644,JioBlackRock Nifty Next 50 Index Fund - Regular Plan - Growth Option,9.4722
2026-09-28,154645,JioBlackRock Liquid Fund - Regular Plan - Growth Option,1006.3095
2026-09-28,154646,Nippon India Income Plus Arbitrage Omni Fund of Fund - Direct Plan- Growth Option,10.0317
2026-09-28,154647,Nippon India Income Plus Arbitrage Omni Fund of Fund - Direct Plan- IDCW Option,10.0317
2026-09-28,154648,Nippon India Income Plus Arbitrage Omni Fund of Fund - Regular Plan- IDCW Option,10.0286
2026-09-28,154649,Nippon India Income Plus Arbitrage Omni Fund of Fund - Regular Plan- Growth Option,10.0286
2026-09-28,154652,DSP Financial Services Sectoral Debt Fund - Regular - IDCW,10.0366
2026-09-28,154653,DSP Financial Services Sectoral Debt Fund - Direct - IDCW,10.0381
2026-09-28,154654,DSP Financial Services Sectoral Debt Fund - Direct - Growth,10.0381
2026-09-28,154655,DSP Financial Services Sectoral Debt Fund - Regular - Growth,10.0366
2026-09-28,154657,quant Income Plus Arbitrage Active FOF- Growth Option - Regular Plan,10.0352
2026-09-28,154658,quant Income Plus Arbitrage Active FOF- Growth Option - Direct Plan,10.0375
2026-09-28,154659,quant Income Plus Arbitrage Active FOF- IDCW  Option - Direct Plan,10.0372
2026-09-28,154660,quant Income Plus Arbitrage Active FOF- IDCW Option - Regular Plan,10.0352
2026-09-28,154661,ICICI Prudential Dynamic Asset Allocation Passive FOF - Direct Plan - Growth,9.8742
2026-09-28,154662,ICICI Prudential Dynamic Asset Allocation Passive FOF - Growth,9.8742
2026-09-28,154663,The Wealth Company Multi Cap Fund- Direct-Growth,9.8887
2026-09-28,154664,The Wealth Company Multi Cap Fund,9.8822
2026-09-28,154665,The Wealth Company Multi Cap Fund- Regular- IDCW,9.8822
2026-09-28,154666,The Wealth Company Multi Cap Fund- Direct-IDCW,9.8887
2026-09-28,154667,MOTILAL OSWAL QUALITY FUND - Regular,9.9088
2026-09-28,154668,MOTILAL OSWAL QUALITY FUND - Direct,9.9084
2026-09-28,154669,MOTILAL OSWAL QUALITY FUND - Regular IDCW,9.9088
2026-09-28,154670,MOTILAL OSWAL QUALITY FUND - Direct IDCW,9.9084
2026-09-28,154693,Bank of India Value Fund - Direct - Growth,10.02
2026-09-28,154694,Bank of India Value Fund - Direct - IDCW,10.02
2026-09-28,154695,Bank of India Value Fund - Regular - Growth,10.01
2026-09-28,154696,Bank of India Value Fund - Regular - IDCW,10.01
2026-09-28,154697,Zerodha Life Cycle Fund 2031,9.8991
2026-09-28,154698,UTI BSE India Sector Leaders Exchange Traded Fund,13.9736
2026-09-28,154699,UTI BSE India Sector Leaders Index Fund,9.831
2026-09-28,154700,UTI BSE India Sector Leaders Index Fund Regular Plan,9.8283
2026-09-28,154703,Navi Nifty Reits & Realty Undex Fund- Regular Plan,10.0789
2026-09-28,154704,Navi Nifty Reits & Realty Index Fund- Direct Plan,10.0893
2026-09-28,154705,Monarch Overnight Fund - Direct Plan - Monthly  IDCW,1000.4003
2026-09-28,154706,Monarch Overnight Fund- Direct Plan- Growth,1002.7950
2026-09-28,154710,Monarch Overnught Fund- Regular Plan - Daily IDCW,1000.0000
2026-09-28,154711,Monarch Overnight Fund- Regular Plan Growth,1002.7626
2026-09-28,154720,Mirae Asset BSE Information Technology Index Fund - Direct Plan - Growth,9.9512
2026-09-28,154721,Mirae Asset BSE Information Technology Index Fund - Direct Plan - IDCW,9.9512
2026-09-28,154722,Mirae Asset BSE Information Technology Index Fund - Regular Plan - Growth,9.9503
2026-09-28,154723,Mirae Asset BSE Information Technology Index Fund - Regular Plan - IDCW,9.9503
2026-09-28,154734,Helios Balanced Advantage Fund - Direct Plan - Monthly IDCW Option,9.93
2026-09-28,154736,LAKSHYA OVERNIGHT FUND-Direct,1001.3884
2026-09-28,154737,LAKSHYA OVERNIGHT FUND-Regular,1001.3723
2026-09-28,154744,Tata CRISIL-IBX Financial Services 3-6 Months Debt Index Fund-Regular Plan-Growth,10.0079
2026-09-28,154745,Tata CRISIL-IBX Financial Services 3-6 Months Debt Index Fund-Regular Plan-IDCW Payout,10.0079
2026-09-28,154746,Tata CRISIL-IBX Financial Services 3-6 Months Debt Index Fund-Regular Plan-IDCW Reinvestment,10.0079
2026-09-28,154747,Tata CRISIL-IBX Financial Services 3-6 Months Debt Index Fund-Direct Plan-Growth,10.0078
2026-09-28,154748,Tata CRISIL-IBX Financial Services 3-6 Months Debt Index Fund-Direct Plan-IDCW Payout,10.0078
2026-09-28,154749,Tata CRISIL-IBX Financial Services 3-6 Months Debt Index Fund-Direct Plan-IDCW Reinvestment,10.0078
2026-09-28,154750,HDFC BSE REITS and Commercial Real Estate Index Fund- IDCW Payout Option,9.8988
2026-09-28,154751,HDFC BSE REITS and Commercial Real Estate Index fund-Direct Plan - IDCW Payout Option,9.9003
2026-09-28,154752,HDFC BSE REITS and Commercial Real Estate Index Fund-Growth Option,9.8987
2026-09-28,154753,HDFC BSE REITS and Commercial Real Estate Index Fund-Direct Plan-Growth Option,9.8999
