date,scheme_code,scheme_name,nav
2026-09-30,100033,Aditya Birla Sun Life Large & Mid Cap Fund - Regular Growth,914.75
2026-09-30,100034,Aditya Birla Sun Life Large & Mid Cap Fund -Regular - IDCW,133.23
2026-09-30,100037,Aditya Birla Sun Life Medium to Long Term Fund - Regular - Quarterly IDCW,12.8419
2026-09-30,100038,Aditya Birla Sun Life Medium to Long Term Fund - Growth - Regular Plan,129.0728
2026-09-30,100046,Aditya Birla Sun Life Liquid Fund -Daily IDCW,100.1950
2026-09-30,100047,Aditya Birla Sun Life Liquid Fund - Growth,454.0967
2026-09-30,100051,Aditya Birla Sun Life Liquid Fund -weekly IDCW,100.3054
2026-09-30,100057,Aditya Birla Sun Life Gilt Fund -Regular - Quarterly IDCW,10.5998
2026-09-30,100058,Aditya Birla Sun Life Gilt Fund  - Growth - Regular Plan,81.3109
2026-09-30,100077,DSP Medium Term Fund - IDCW,11.6288
2026-09-30,100078,DSP Medium Term Fund - Growth,86.2564
2026-09-30,100079,DSP Medium Term Fund - IDCW - Monthly,11.1174
2026-09-30,100080,DSP Flexi Cap Fund - Regular Plan - IDCW,55.8560
2026-09-30,100081,DSP Aggressive Hybrid Fund- Regular Plan - Growth,336.1720
2026-09-30,100082,DSP Aggressive Hybrid Fund- Regular Plan - IDCW,25.1760
2026-09-30,100084,DSP Gilt Fund - Regular Plan - Growth,98.2385
2026-09-30,100085,DSP Gilt Fund - Regular Plan - IDCW,12.0283
2026-09-30,100086,DSP Gilt Fund - Regular Plan - IDCW - Monthly,10.7464
2026-09-30,100087,DSP Money Market Fund - Regular Plan - Growth,56.8964
2026-09-30,100088,DSP Money Market Fund - Regular Plan - IDCW,12.2401
2026-09-30,100089,DSP Money Market Fund - Regular Plan - IDCW - Monthly,11.0162
2026-09-30,100119,HDFC Balanced Advantage Fund - Growth Plan,505.327
2026-09-30,100120,HDFC Balanced Advantage Fund - IDCW Plan,34.56
2026-09-30,100123,HDFC Medium to Long Term Fund - Quarterly IDCW Option,11.3993
2026-09-30,100124,HDFC Income Fund - Growth Option,60.2273
2026-09-30,100174,quant ELSS Tax Saver Fund - IDCW Option - Regular Plan,55.534
2026-09-30,100175,quant ELSS Tax Saver Fund - Growth Option - Regular Plan,399.9242
2026-09-30,100176,quant Small Cap Fund - IDCW Option - Regular Plan,228.8815
2026-09-30,100177,quant Small Cap Fund - Growth - Regular Plan,287.8098
2026-09-30,100218,JM Large Cap Fund (Regular) - IDCW,28.4374
2026-09-30,100219,JM Large Cap Fund (Regular) - Growth Option,146.4911
2026-09-30,100220,JM Aggressive Hybrid Fund (Regular) - IDCW,32.7543
2026-09-30,100221,JM Aggressive Hybrid Fund (Regular) -Growth Option,117.109
2026-09-30,100222,JM Medium to Long Term Fund (Regular) - Quarterly IDCW,21.7968
2026-09-30,100223,JM Medium to Long Term Fund (Regular) - Growth Option,64.1072
2026-09-30,100233,JM Liquid Fund (Regular) - Weekly IDCW,11.0058
2026-09-30,100234,JM Liquid Fund - Growth Option,76.7806
2026-09-30,100244,JM Liquid Fund (Regular) - Quarterly IDCW,43.4586
2026-09-30,100247,JM Liquid Fund (Regular) - Super Institutional Plan - Growth Option,44.1473
2026-09-30,100254,JM Value Fund (Regular) - Growth Option,94.6676
2026-09-30,100264,Kotak Gilt Fund -Investment Regular-Payout of Income Distribution cum capital withdrawal option,18.8673
2026-09-30,100265,Kotak Gilt Fund -Investment Regular-Growth,96.556
2026-09-30,100280,Kotak Gilt Fund -Investment  Provident Fund and Trust-Payout of Income Distribution cum capital withdrawal option,11.6863
2026-09-30,100281,Kotak Gilt Fund -Investment  Provident Fund and Trust-Growth,98.7836
2026-09-30,100286,Kotak Aggressive Hybrid Fund - Regular Plan - IDCW - Payout & Reinvestment of Income Distribution cum capital withdrawal option,36.913
2026-09-30,100299,Kotak Medium to Long Term Fund - Regular Plan Growth,79.5757
2026-09-30,100300,Kotak Medium to Long Term Fund - Regular Plan - Standard IDCW Option,48.7536
2026-09-30,100312,LIC MF Flexi Cap Fund-Regular Plan-IDCW,31.8678
2026-09-30,100313,LIC MF Flexi Cap Fund-Regular Plan-Growth,100.9876
2026-09-30,100314,LIC MF Medium to Long Term Fund-Regular Plan-IDCW,16.5794
2026-09-30,100315,LIC MF Medium to Long Term Fund-Regular Plan-Growth,75.6375
2026-09-30,100316,LIC MF Gilt Fund-Regular Plan-IDCW,17.364
2026-09-30,100317,LIC MF Gilt Fund-Regular Plan-Growth,60.2394
2026-09-30,100318,LIC MF Gilt Fund-PF Plan-IDCW,22.5141
2026-09-30,100319,LIC MF Gilt Fund-PF Plan-Growth,34.7922
2026-09-30,100321,LIC MF Aggressive Hybrid Fund-Regular Plan-IDCW,14.8936
2026-09-30,100323,LIC MF Aggressive Hybrid Fund-Regular Plan-Growth,201.5789
2026-09-30,100325,LIC MF ULIS (5 Yrs. Single Premium)-Regular Plan-IDCW Reinvestment,35.6872
2026-09-30,100332,LIC MF Large Cap Fund-Regular Plan-IDCW,30.9853
2026-09-30,100348,ICICI Prudential Large & Mid Cap Fund - IDCW,28.94
2026-09-30,100349,ICICI Prudential Large & Mid Cap Fund - Growth,986.12
2026-09-30,100351,ICICI Prudential FMCG Fund - IDCW,70.75
2026-09-30,100352,ICICI Prudential FMCG Fund - Growth,382.78
2026-09-30,100353,ICICI Prudential ELSS - Tax Saver Fund - IDCW,19.75
2026-09-30,100354,ICICI Prudential ELSS - Tax Saver Fund - Growth,897.03
2026-09-30,100355,ICICI Prudential Aggressive Hybrid Fund - Monthly IDCW,41.62
2026-09-30,100356,ICICI Prudential Aggressive Hybrid Fund - Growth,392.87
2026-09-30,100365,ICICI Prudential Long Term Fund - Growth,91.1809
2026-09-30,100367,ICICI Prudential Long Term Fund - Quarterly IDCW,12.1119
2026-09-30,100368,ICICI Prudential Gilt Fund - IDCW,17.5183
2026-09-30,100369,ICICI Prudential Gilt Fund - Growth,106.9343
2026-09-30,100375,NIPPON INDIA GROWTH MID CAP FUND - IDCW Option,116.0620
2026-09-30,100376,Nippon India Growth Mid Cap Fund-Growth Plan-Bonus Option,718.4360
2026-09-30,100377,Nippon India Growth Mid Cap Fund-Growth Plan-Growth Option,4315.6836
2026-09-30,100378,Nippon India Vision Large & Midcap Fund - IDCW Option,58.8749
2026-09-30,100379,Nippon India Vision Large & Midcap Fund-GROWTH PLAN-Bonus Option,238.5885
2026-09-30,100380,Nippon India Vision Large & Midcap Fund-GROWTH PLAN-Growth Option,1416.5622
2026-09-30,100383,NIPPON INDIA MEDIUM TO LONG TERM FUND - MONTHLY IDCW Option,10.7101
2026-09-30,100384,NIPPON INDIA MEDIUM TO LONG TERM  FUND - QUARTERLY IDCW Option,13.1126
2026-09-30,100385,NIPPON INDIA MEDIUM TO LONG TERM  FUND - HALF YEARLY IDCW Option,12.3850
2026-09-30,100386,NIPPON INDIA MEDIUM TO LONG TERM  FUND - ANNUAL IDCW Option,13.0262
2026-09-30,100387,Nippon India Medium to Long Term  Fund - Growth Plan Growth Option,92.6618
2026-09-30,100388,Nippon India Medium to Long Term  Fund - Growth Plan Bonus Option,26.6396
2026-09-30,100414,Tata Aggressive Hybrid Fund- Regular Plan - Growth Option,420.6221
2026-09-30,100415,Tata Ethical Fund-Regular Plan - Growth Option,342.3126
2026-09-30,100470,Franklin India Large Cap Fund - IDCW,40.1728
2026-09-30,100471,Franklin India Large Cap Fund-Growth,956.6954
2026-09-30,100472,Franklin India Mid Cap Fund - IDCW,82.2725
2026-09-30,100473,Franklin India Mid Cap Fund-Growth,2674.8660
2026-09-30,100474,Tata ELSS Fund- Regular Plan - Payout of IDCW Option,91.7695
2026-09-30,100475,Tata Large Cap Fund -Regular Plan - Growth Option,477.0155
2026-09-30,100476,Taurus Flexi Cap Fund - Regular Plan - Growth,239.98
2026-09-30,100477,Taurus Mid Cap Fund - Regular Plan - Growth,126.56
2026-09-30,100480,Taurus ELSS Tax Saver Fund - Regular Plan - Growth,180.68
2026-09-30,100484,Franklin India Index Fund- NSE Nifty 50 Index Fund - Growth,183.5576
2026-09-30,100493,Franklin India Government Securities Fund - Growth,61.3674
2026-09-30,100494,Franklin India Government Securities Fund - IDCW,10.5911
2026-09-30,100496,Templeton India Value Fund - Growth Plan,653.9380
2026-09-30,100497,Templeton India Value Fund - IDCW,86.1055
2026-09-30,100519,Franklin India Flexi Cap Fund - IDCW,58.6071
2026-09-30,100520,Franklin India Flexi Cap Fund - Growth,1514.6758
2026-09-30,100525,Franklin India ELSS Tax Saver Fund - IDCW,57.2364
2026-09-30,100526,Franklin India ELSS Tax Saver Fund-Growth,1354.5263
2026-09-30,100527,Franklin India Corporate Debt Fund - Plan A - Annual - IDCW,17.0433
2026-09-30,100528,Franklin India Corporate Debt Fund - Growth,106.7835
2026-09-30,100529,Franklin India Corporate Debt Fund - Plan B - Monthly - IDCW,15.1538
2026-09-30,100530,Franklin India Corporate Debt Fund - Plan B - Quarterly - IDCW,11.9238
2026-09-30,100531,Franklin India Corporate Debt Fund - Plan B - Half yearly - IDCW,12.2085
2026-09-30,100535,Franklin India Retirement Fund - IDCW,16.3142
2026-09-30,100536,Franklin India Retirement Fund - Growth,214.8677
2026-09-30,100537,Franklin India Liquid Fund - Regular Plan - Weekly - IDCW,1244.8433
2026-09-30,100538,Franklin India Liquid Fund - Regular Plan - Growth,6332.5116
2026-09-30,100541,Franklin India Liquid Fund - Regular Plan - Daily - IDCW,1508.9895
2026-09-30,100546,Franklin India Liquid Fund - Super Institutional Plan - Growth,4245.3519
2026-09-30,100547,Franklin India Liquid Fund - Super Institutional Plan - Daily - IDCW,1000.0000
2026-09-30,100548,Franklin India Liquid Fund - Super Institutional Plan - Weekly - IDCW,1039.0051
2026-09-30,100549,Franklin India Aggressive Hybrid Fund - IDCW,26.8665
2026-09-30,100550,Franklin India Aggressive Hybrid Fund - Growth Plan,258.0860
2026-09-30,100593,CANARA ROBECO ELSS - TAX SAVER FUND  - REGULAR PLAN -IDCW (Payout),45.4100
2026-09-30,100596,CANARA ROBECO GILT FUND - REGULAR PLAN - IDCW (Payout/Reinvestment),14.7046
2026-09-30,100597,CANARA ROBECO GILT FUND - REGULAR PLAN - GROWTH OPTION,76.5607
2026-09-30,100600,CANARA ROBECO CONSERVATIVE HYBRID FUND - REGULAR PLAN - MONTHLY IDCW (Payout/Reinvestment),11.9821
2026-09-30,100601,CANARA ROBECO CONSERVATIVE HYBRID FUND - REGULAR PLAN - GROWTH OPTION,98.4523
2026-09-30,100602,Sundaram Medium Term Fund Regular Plan - (IDCW),13.1871
2026-09-30,100603,Sundaram Medium Term Fund Regular Plan - Growth,71.4451
2026-09-30,100614,Sundaram Value Fund Regular Plan - Income Distribution cum Capital Withdrawal (IDCW),14.3816
2026-09-30,100630,quant Multi Cap Fund-IDCW Option - Regular Plan,74.3084
2026-09-30,100631,quant Multi Cap Fund-GROWTH OPTION - Regular Plan,649.7615
2026-09-30,100638,SBI Medium to Long Term Fund - Regular Plan - Half Yearly - Income Distribution cum Capital Withdrawal Option (IDCW),19.2490
2026-09-30,100639,SBI Medium to Long Term Fund-REGULAR PLAN-Growth,73.5925
2026-09-30,100640,SBI Medium to Long Term Fund-REGULAR PLAN-Bonus,44.5905
2026-09-30,100641,SBI ULTRA SHORT TERM FUND - REGULAR PLAN - GROWTH,6446.2364
2026-09-30,100644,SBI Healthcare Opportunities Fund - Regular Plan - Income Distribution cum Capital Withdrawal Option (IDCW),318.6943
2026-09-30,100645,SBI Consumption Opportunities Fund - Regular Plan - Income Distribution cum Capital Withdrawal Option (IDCW),161.8738
2026-09-30,100646,UTI - Unit Linked Insurance Plan,42.1543
2026-09-30,100650,UTI Large Cap Fund - Regular Plan - IDCW,49.5461
2026-09-30,100651,UTI Large Cap Fund - Regular Plan - Growth Option,251.4345
2026-09-30,100663,UTI Large & Mid Cap Fund - Regular Plan - IDCW,85.9833
2026-09-30,100664,UTI Large & Mid Cap Fund - Regular Plan - Growth Option,176.5004
2026-09-30,100668,UTI Flexi Cap Fund - Regular Plan - IDCW,205.601
2026-09-30,100669,UTI - Flexi Cap Fund-Growth Option,310.9813
2026-09-30,100678,UTI Children's Hybrid Fund - Regular Plan,39.5558
2026-09-30,100682,UTI Retirement Fund - Regular Plan,49.5042
2026-09-30,100684,UTI Aggressive Hybrid Fund - Regular Plan - Growth,391.5899
2026-09-30,100685,UTI Aggressive Hybrid Fund - Regular Plan - IDCW,38.3918
2026-09-30,100723,UTI MMF-Discontinued - Regular Plan -Growth,7718.1638
2026-09-30,100724,UTI MMF- Discontinued - Regular Plan - Flexi Dividend Option,4164.6029
2026-09-30,100725,UTI MMF- Discontinued - Regular Plan - Periodic Dividend Option,2660.4898
2026-09-30,100739,UTI MNC Fund - Regular Plan - IDCW,198.4559
2026-09-30,100740,UTI - MNC Fund - Regular Plan - Growth Option,384.9142
2026-09-30,100741,UTI Medium to Long Term Fund- Regular Plan - Growth,75.9679
2026-09-30,100742,UTI Medium to Long Term Fund - Regular Plan - Discontinued Quarterly IDCW,19.5113
2026-09-30,100784,Sundaram Banking and PSU Debt Fund Regular Plan - Growth,45.7601
2026-09-30,100786,Sundaram Corporate Bond Fund Regular Plan - Income Distribution cum Capital Withdrawal (IDCW ),19.0289
2026-09-30,100789,Sundaram Corporate Bond Fund Regular Plan- Growth,42.5544
2026-09-30,100793,Sundaram Banking and PSU Debt Fund Regular Plan - IDCW,11.5965
2026-09-30,100794,Sundaram Small Cap Fund Regular Plan - Income Distribution cum Capital Withdrawal (IDCW),34.9963
2026-09-30,100795,Sundaram Small Cap Fund Regular Plan - Growth,291.9682
2026-09-30,100806,UTI Healthcare Fund - Regular Plan - IDCW,257.4011
2026-09-30,100807,UTI Healthcare Fund - Regular Plan - Growth Option,333.0499
2026-09-30,100813,UTI Overnight Fund - Regular Plan - Periodic IDCW,1925.8929
2026-09-30,100814,UTI - Overnight  Fund - Regular Plan - Growth Option,3738.3987
2026-09-30,100820,UTI ELSS Tax Saver Fund - Regular Plan - IDCW,36.4052
2026-09-30,100821,UTI ELSS Tax Saver Fund - Regular Plan - Growth Option,190.5623
2026-09-30,100822,UTI Nifty 50 Index Fund - Regular Plan - Growth Option,156.8563
2026-09-30,100823,UTI Nifty 50 Index Fund - Regular Plan - IDCW,79.024
2026-09-30,100833,Kotak Liquid Fund - Regular  - Daily Reinvestment of Income Distribution cum capital withdrawal option,1283.5466
2026-09-30,100835,Kotak Liquid Fund - Regular Plan - Growth,5692.2076
2026-09-30,100837,Nippon India Liquid Fund - Retail Option - Growth Plan,6091.2484
2026-09-30,100838,NIPPON INDIA LIQUID FUND - RETAIL Plan - WEEKLY IDCW OPTION,1034.1700
2026-09-30,100842,NIPPON INDIA LIQUID FUND - RETAIL Plan - DAILY IDCW OPTION,1524.2800
2026-09-30,100843,NIPPON INDIA LIQUID FUND - RETAIL plan - MONTHLY IDCW OPTION,1327.5097
2026-09-30,100844,NIPPON INDIA LIQUID FUND - RETAIL Plan - QUARTERLY IDCW OPTION,1214.5494
2026-09-30,100851,Nippon India Liquid Fund -Growth Plan,6875.5471
2026-09-30,100852,NIPPON INDIA LIQUID FUND - DAILY IDCW OPTION,1528.7400
2026-09-30,100853,NIPPON INDIA LIQUID FUND - WEEKLY IDCW OPTION,1530.3000
2026-09-30,100855,NIPPON INDIA LIQUID FUND - MONTHLY IDCW OPTION,1585.0927
2026-09-30,100856,Nippon India Corporate Bond Fund - Growth Plan - Growth Option,63.7455
2026-09-30,100857,NIPPON INDIA CORPORATE BOND FUND - MONTHLY IDCW Option,11.6297
2026-09-30,100858,NIPPON INDIA CORPORATE BOND FUND - QUARTERLY IDCW Option,11.9245
2026-09-30,100859,Nippon India Corporate Bond Fund - Growth Plan - Bonus Option,45.5266
2026-09-30,100864,LIC MF ELSS Tax Saver Fund-Regular Plan-IDCW,29.9249
2026-09-30,100865,LIC MF ELSS Tax Saver Fund-Regular Plan-Growth,142.9465
2026-09-30,100868,HDFC Liquid Fund - Growth Plan,5526.8863
2026-09-30,100874,HDFC Liquid Fund - IDCW Plan Weekly,1031.3863
2026-09-30,100875,HDFC Liquid Fund - IDCW Daily,1019.82
2026-09-30,100876,HDFC Liquid Fund - IDCW Monthly,1026.6551
2026-09-30,100900,HDFC Childrens Fund - Growth Plan,282.921
2026-09-30,100927,SBI Conservative Hybrid Fund - Regular Plan - Monthly Income Distribution cum Capital Withdrawal Option (IDCW),20.9164
2026-09-30,100928,SBI Conservative Hybrid Fund - Regular Plan - Quarterly Income Distribution cum Capital Withdrawal Option (IDCW),21.9422
2026-09-30,100929,SBI Conservative Hybrid Fund - Regular Plan - Annual Income Distribution cum Capital Withdrawal Option (IDCW),26.8359
2026-09-30,100948,Franklin India Conservative Hybrid Fund - Growth,92.0257
2026-09-30,100949,Franklin India Conservative Hybrid Fund - Plan A - Monthly - IDCW,12.3593
2026-09-30,100950,Franklin India Conservative Hybrid Fund - Plan A - Quarterly - IDCW,11.4082
2026-09-30,100968,SBI Conservative Hybrid Fund - Regular Plan - Growth,76.0791
2026-09-30,100999,SBI Gilt Fund - Regular Plan - Income Distribution cum Capital Withdrawal Option (IDCW),20.9898
2026-09-30,101001,SBI GILT FUND - REGULAR PLAN - GROWTH,68.2603
2026-09-30,101002,SBI 10 YEAR CONSTANT MATURITY GILT FUND - REGULAR PLAN - GROWTH,65.7335
2026-09-30,101003,SBI 10 Year Constant Maturity Gilt Fund - Regular Plan - Income Distribution cum Capital Withdrawal Option (IDCW),21.3788
2026-09-30,101042,Tata Gilt Securities Fund -Regular Plan- Growth Option,79.1049
2026-09-30,101044,Franklin India Floating Rate Fund - IDCW,10.1369
2026-09-30,101048,Franklin India Floating Rate Fund - Growth Plan,43.7699
2026-09-30,101049,Tata Gilt Securities Fund - Regular Plan - Payout of IDCW Option,21.9285
2026-09-30,101065,quant Mid Cap Fund - Growth Option - Regular Plan,212.6874
2026-09-30,101066,quant Mid Cap Fund - IDCW Option - Regular Plan,75.611
2026-09-30,101069,quant Aggressive Hybrid Fund-IDCW Option - Regular Plan,62.0146
2026-09-30,101070,quant Aggressive Hybrid Fund - Growth Option - Regular Plan,449.6189
2026-09-30,101071,quant Multi Asset Allocation Fund - IDCW Option - Regular Plan,150.2951
2026-09-30,101072,quant Multi Asset Allocation Fund-GROWTH OPTION - Regular Plan,163.9539
2026-09-30,101078,JM Liquid Fund (Regular) - Daily IDCW,10.4302
2026-09-30,101083,HDFC Gilt Fund - Growth Plan,56.8143
2026-09-30,101084,HDFC Gilt Fund - IDCW Plan,12.0874
2026-09-30,101127,ICICI Prudential Children's Fund - Regular Plan,315.65
2026-09-30,101161,Nippon India Multi Cap Fund-Growth Plan-Growth Option,288.5286
2026-09-30,101162,Nippon India Multi Cap Fund-Growth Plan-Bonus Option,288.5286
2026-09-30,101163,NIPPON INDIA MULTI CAP FUND - IDCW Option,56.8376
2026-09-30,101165,ICICI Prudential Short Term Fund - Monthly IDCW,12.0774
2026-09-30,101169,SBI Children's Fund - Savings Plan - REGULAR PLAN - GROWTH,120.2195
2026-09-30,101181,JM Medium to Long Term Fund (Regular) - Bonus Option- Principal Units,26.2281
2026-09-30,101184,LIC MF Liquid Fund-Regular Plan-Daily IDCW,1000.1751
2026-09-30,101185,LIC MF Liquid Fund-Regular Plan-Growth,5091.8785
2026-09-30,101187,Baroda BNP Paribas GILT FUND - Regular Plan - Growth Option,43.7807
2026-09-30,101188,Baroda BNP Paribas GILT FUND - Regular Plan - IDCW Option,25.9861
2026-09-30,101198,LIC MF BSE Sensex Index Fund-Regular Plan-IDCW,46.5116
2026-09-30,101199,LIC MF BSE Sensex Index Fund-Regular Plan-Growth,135.6985
2026-09-30,101200,LIC MF Nifty 50 Index Fund-Regular Plan-IDCW,46.1334
2026-09-30,101201,LIC MF Nifty 50 Index Fund-Regular Plan-Growth,125.0575
2026-09-30,101206,SBI OVERNIGHT FUND - REGULAR PLAN - GROWTH,4430.0143
2026-09-30,101209,Taurus Large Cap Fund - Regular Plan - Growth,165.90
2026-09-30,101222,Tata Aggressive Hybrid Fund- Regular Plan - Periodic Payout of IDCW Option,74.8979
2026-09-30,101228,ICICI Prudential Multi Cap Fund - Growth,822.23
2026-09-30,101262,Nippon India Power & Infra Fund-Growth Plan -Growth Option,368.3774
2026-09-30,101263,Nippon India Power & Infra Fund-Growth Plan-Bonus Option,368.3774
2026-09-30,101264,NIPPON INDIA POWER & INFRA FUND - IDCW Option,64.0575
2026-09-30,101271,LIC MF Children's Fund-Regular Plan-Growth,33.5522
2026-09-30,101281,HDFC BSE Sensex Index Fund - Growth Plan,676.2089
2026-09-30,101295,SBI ESG Exclusionary Strategy Fund - Regular Plan - Income Distribution cum Capital Withdrawal Option (IDCW),70.8356
2026-09-30,101303,DSP Short Term Fund - Regular Plan - Regular Plan - IDCW - Weekly,10.1620
2026-09-30,101304,DSP Short Term Fund - Regular Plan - Growth,49.3041
2026-09-30,101305,DSP Short Term Fund - Regular Plan - IDCW,12.3333
2026-09-30,101306,DSP Short Term Fund - IDCW - Monthly,11.6299
2026-09-30,101313,Aditya Birla Sun Life Nifty 50 Index Fund -REGULAR - IDCW,23.0772
2026-09-30,101314,Aditya Birla Sun Life Nifty 50 Index Fund - Growth - Regular Plan,230.4643
2026-09-30,101317,Aditya Birla Sun Life Ultra Short Term Fund - Growth - Regular Plan,592.8498
2026-09-30,101349,ICICI Prudential Nifty 50 Index Fund - Cumulative Option,229.2825
2026-09-30,101351,ICICI Prudential Dynamic Term Fund - Weekly IDCW,10.8787
2026-09-30,101356,Franklin India Money Market Fund Retail Option - Quarterly - IDCW,11.1499
2026-09-30,101357,Franklin India Money Market Fund - Growth Option,54.3072
2026-09-30,101373,Kotak Short Term Fund - Regular Plan- Growth,55.2435
2026-09-30,101407,Baroda BNP Paribas LIQUID FUND-Defunct Plan- IDCW Option,3932.4865
2026-09-30,101408,Baroda BNP Paribas LIQUID FUND- Defunct Plan -Growth Option,4766.1402
2026-09-30,101491,Tata Childrens Fund -Regular Plan-Growth Option,52.9759
2026-09-30,101525,HDFC Nifty 50 Index Fund - Growth Plan,216.1611
2026-09-30,101538,Sundaram Mid Cap Fund Regular Plan - Income Distribution cum Capital Withdrawal (IDCW),61.0641
2026-09-30,101539,Sundaram Mid Cap Fund Regular Plan - Growth,1414.8843
2026-09-30,101547,Tata Short Term Bond Fund- Regular Plan - Monthly Payout of IDCW Option,22.8123
2026-09-30,101548,Tata Short Term Bond Fund -Regular Plan- Growth Option,50.5140
2026-09-30,101549,JM Liquid Fund (Regular) - Bonus Option - Principal Units,24.5854
2026-09-30,101551,SBI Aggresive Hybrid Fund - Regular Plan - Income Distribution cum Capital Withdrawal Option (IDCW),64.7857
2026-09-30,101585,HDFC Equity Savings Fund - GROWTH PLAN,66.714
2026-09-30,101586,HDFC Equity Savings Fund - IDCW PLAN,11.962
2026-09-30,101587,CANARA ROBECO MEDIUM TO LONG TERM FUND - REGULAR PLAN - QUARTERLY IDCW (Payout/Reinvestment),14.4026
2026-09-30,101588,CANARA ROBECO MEDIUM TO LONG TERM FUND - REGULAR PLAN - GROWTH OPTION,56.6899
2026-09-30,101591,Aditya Birla Sun Life Midcap Fund -REGULAR - IDCW,56.65
2026-09-30,101592,Aditya Birla Sun Life MIDCAP Fund-Growth,812.31
2026-09-30,101593,HSBC Large Cap Fund - Regular IDCW,40.5575
2026-09-30,101594,HSBC Large Cap Fund - Regular Growth,457.8413
2026-09-30,101617,ICICI Prudential Ultra Short to Short Term Fund - Weekly IDCW,105.4848
2026-09-30,101618,ICICI Prudential Ultra Short to Short Term Fund - Daily IDCW,105.7358
2026-09-30,101619,ICICI Prudential Ultra Short to Short Term Fund - Growth,587.6289
2026-09-30,101635,DSP Large Cap Fund - Regular Plan - Growth,432.0730
2026-09-30,101636,DSP Large Cap Fund - Regular Plan - IDCW,22.0300
2026-09-30,101659,Tata Nifty 50 Index Fund -Regular Plan,141.4425
2026-09-30,101665,Nippon India Short Term Fund-Growth Plan,56.2587
2026-09-30,101667,NIPPON INDIA SHORT TERM FUND - MONTHLY IDCW Option,11.5277
2026-09-30,101669,NIPPON INDIA SHORT TERM FUND - QUARTERLY IDCW OPTION,14.8320
2026-09-30,101672,Tata Value Fund - Regular Plan -Growth Option,339.1087
2026-09-30,101685,HSBC Medium to Long Term Fund - Regular Growth,43.5369
2026-09-30,101686,HSBC Medium to Long Term Fund - Regular Quarterly IDCW,10.4655
2026-09-30,101705,ICICI Prudential BSE Sensex ETF,834.2755
2026-09-30,101706,ICICI Prudential Multi Cap Fund - IDCW,33.11
2026-09-30,101714,Tata Liquid Fund- Regular Plan - Daily Reinvestment of IDCW Option,1001.5157
2026-09-30,101746,Tata S&P BSE Sensex Index Fund -Regular Plan,182.8464
2026-09-30,101758,ICICI Prudential Short Term Fund - Growth Option,64.4110
2026-09-30,101762,HDFC Flexi Cap Fund - Growth Plan,1968.685
2026-09-30,101763,HDFC Flexi Cap Fund - IDCW Plan,71.14
2026-09-30,101764,HDFC Value Fund - Growth Plan,764.661
2026-09-30,101765,HDFC Value Fund - IDCW Plan,35.607
2026-09-30,101766,Tata Infrastructure Fund-Regular Plan- Growth Option,175.7365
2026-09-30,101802,ICICI Prudential Floating Interest Rates Fund - Growth,456.6698
2026-09-30,101804,ICICI Prudential Floating Interest Rates Fund - Daily IDCW,100.7408
2026-09-30,101805,JM Dynamic Term Fund (Regular) - IDCW,43.3682
2026-09-30,101806,JM Dynamic Term Fund (Regular) - Growth Option,43.2326
2026-09-30,101816,Aditya Birla Sun Life Conservative Hybrid Fund - REGULAR - MONTHLY IDCW,16.1477
2026-09-30,101818,Aditya Birla Sun Life Conservative Hybrid Fund - Growth / Payment - Regular Plan,69.4281
2026-09-30,101823,Tata Large & Mid Cap Fund Regular Plan - Payout of IDCW Option,70.1489
2026-09-30,101824,Tata Large & Mid Cap Fund- Regular Plan - Growth Option,472.8268
2026-09-30,101829,LIC MF Ultra Short to Short Term Fund-Regular Plan-Monthly IDCW,14.4223
2026-09-30,101830,LIC MF Ultra Short to Short Term Fund-Regular Plan-Growth,42.5262
2026-09-30,101833,Tata Ethical Fund- Regular Plan - Payout of IDCW Option,133.8898
2026-09-30,101834,UTI - Master Equity Plan Unit Scheme,211.7185
2026-09-30,101837,DSP Credit Risk Fund - Regular Plan -Growth,55.2263
2026-09-30,101838,DSP Credit Risk Fund - Regular Plan - IDCW - Weekly,11.1152
2026-09-30,101839,DSP Credit Risk Fund - Regular Plan - IDCW,12.6550
2026-09-30,101840,DSP Credit Risk Fund - Regular Plan - IDCW - Daily,11.1088
2026-09-30,101843,Aditya Birla Sun Life Short Term Fund - REGULAR - IDCW,14.2458
2026-09-30,101844,Aditya Birla Sun Life Short Term Fund - Growth - Regular Plan,50.6799
2026-09-30,101847,Tata Money Market Fund-Regular Plan - Growth Option,5111.0458
2026-09-30,101852,TATA Infrastructure Fund Regular Plan - Payout of IDCW Option,76.7175
2026-09-30,101853,Sundaram Value Fund Regular Plan - Growth,201.7042
2026-09-30,101862,Nippon India Banking & Financial Services Fund-Growth Plan-Growth Option,608.2118
2026-09-30,101863,Nippon India Banking & Financial Services Fund-Growth Plan-Bonus Option,608.2118
2026-09-30,101864,Nippon India Banking & Financial Services Fund - IDCW Option,64.4888
2026-09-30,101866,LIC MF Conservative Hybrid Fund-Regular Plan-Monthly IDCW,12.506
2026-09-30,101867,LIC MF Conservative Hybrid Fund-Regular Plan-Quarterly IDCW,14.3201
2026-09-30,101868,LIC MF Conservative Hybrid Fund-Regular Plan-Yearly IDCW,11.8124
2026-09-30,101869,LIC MF Conservative Hybrid Fund-Regular Plan-Growth,83.567
2026-09-30,101872,HDFC Dynamic Term Fund - Growth Option,92.7271
2026-09-30,101873,HDFC Dynamic Term Fund - Quarterly IDCW Option,12.6366
2026-09-30,101874,HDFC Dynamic Term Fund - Half Yearly IDCW Option,11.6871
2026-09-30,101875,HDFC Dynamic Term Fund - Yearly IDCW Option,13.7245
2026-09-30,101892,Kotak Money market Fund - (Monthly Payout of Income Distribution cum capital withdrawal option),1054.6383
2026-09-30,101893,Kotak Money Market Fund - (Growth),4860.0078
2026-09-30,101922,CANARA ROBECO FLEXI CAP FUND - REGULAR PLAN - GROWTH OPTION,326.2600
2026-09-30,101923,CANARA ROBECO FLEXI CAP FUND - REGULAR PLAN - IDCW (Payout/Reinvestment),56.8200
2026-09-30,101932,SBI GILT FUND -  GROWTH - PF (Regular) Option,43.8317
2026-09-30,101934,SBI GILT FUND -  GROWTH - PF (Fixed Period - 3 Yrs) Option,40.9436
2026-09-30,101950,SBI Gilt Fund - Income Distribution cum Capital Withdrawal Option (IDCW) - PF (Fixed Period - 1 Yr),21.0879
2026-09-30,101951,SBI Gilt Fund - Income Distribution cum Capital Withdrawal Option (IDCW) - PF (Fixed Period - 2 Yrs),21.3411
2026-09-30,101952,SBI Gilt Fund - Income Distribution cum Capital Withdrawal Option (IDCW) - PF (Fixed Period - 3 Yrs),20.6920
2026-09-30,101973,Aditya Birla Sun Life Money Market Fund - Daily IDCW,100.0200
2026-09-30,101974,Aditya Birla Sun Life Money Market Fund - WEEKLY IDCW,100.1689
2026-09-30,101976,Aditya Birla Sun Life Money Market Fund - Growth,400.6299
2026-09-30,101979,HDFC ELSS - Tax Saver Fund - Growth Plan,1302.688
2026-09-30,101980,HDFC ELSS - Tax Saver Fund - IDCW Plan,63.224
2026-09-30,101986,Tata Money Market Fund- Regular Plan - Daily Reinvestment of IDCW Option,1114.5200
2026-09-30,101989,HDFC Medium Term Fund - Growth Option,60.3364
2026-09-30,101990,HDFC Medium Term Fund - Fornightly IDCW Option,10.0847
2026-09-30,101993,HDFC Money Market Fund - Growth Option,6184.555
2026-09-30,101994,HDFC Money Market Fund - Daily IDCW Option,1063.64
2026-09-30,101995,HDFC Money Market Fund - Weekly IDCW Option,1062.9577
2026-09-30,101996,HDFC Overnight Fund - Growth Option,4050.724
2026-09-30,101997,HDFC Overnight Fund - IDCW Option (Daily),1042.66
2026-09-30,102000,HDFC Large Cap Fund - Growth Option - Regular Plan,1066.665
2026-09-30,102001,HDFC Large Cap Fund - IDCW Option - Regular Plan,48.849
2026-09-30,102007,UTI Liquid Fund - Discontinued -Regular Plan Periodic Dividend Option,113.6749
2026-09-30,102008,UTI Liquid Fund - Discontinued - Regular Plan - Monthly Dividend Option,106.7818
2026-09-30,102009,UTI Liquid Fund - Discontinued - Regular Plan -Growth,419.5321
2026-09-30,102010,UTI Liquid Fund - Regular Plan - Daily IDCW (Reinvestment),121.6994
2026-09-30,102011,UTI Liquid Fund - Regular Plan - Monthly IDCW,109.5134
2026-09-30,102012,UTI Liquid Fund - Regular Plan - Growth Option,462.3249
2026-09-30,102013,UTI Liquid Fund - Regular Plan - Weekly IDCW,105.3757
2026-09-30,102020,Baroda BNP Paribas MULTI CAP FUND - Regular Plan - Growth Option,282.9622
2026-09-30,102021,Baroda BNP Paribas MULTI CAP FUND - Regular Plan - IDCW Option,48.7785
2026-09-30,102036,Tata Large Cap Fund- Regular Plan - Payout of IDCW Option,95.6270
2026-09-30,102053,SBI MEDIUM TERM FUND - REGULAR PLAN - GROWTH,54.8700
2026-09-30,102054,SBI Medium Term Fund - Regular Plan - Income Distribution cum Capital Withdrawal Option (IDCW),21.1892
2026-09-30,102133,ICICI Prudential Multi Sector Passive FOF - Growth,162.9787
2026-09-30,102134,ICICI Prudential Multi Sector Passive FOF - IDCW,126.9809
2026-09-30,102139,ICICI Prudential Income Plus Arbitrage Omni FOF - Growth,66.9632
2026-09-30,102140,ICICI Prudential Income plus Arbitrage Omni FOF - IDCW,51.3835
2026-09-30,102141,ICICI Prudential Diversified Debt Strategy Active FOF - Growth,47.7786
2026-09-30,102142,Sundaram Consumption Fund(Formerly Known as Sundaram Rural and Consumption Fund Regular Plan - Growth),90.6914
2026-09-30,102143,ICICI Prudential Diversified Debt Strategy Active FOF - IDCW,41.6753
2026-09-30,102147,HDFC Conservative Hybrid Fund - Growth Plan,82.6108
2026-09-30,102148,HDFC Conservative Hybrid Fund - IDCW Monthly,12.9795
2026-09-30,102149,HDFC Conservative Hybrid Fund - IDCW Quarterly,13.666
2026-09-30,102172,Nippon India Conservative Hybrid  Fund-Growth Plan,61.9381
2026-09-30,102173,NIPPON INDIA CONSERVATIVE HYBRID  FUND - MONTHLY IDCW Option,11.2016
2026-09-30,102174,NIPPON INDIA CONSERVATIVE HYBRID  FUND - QUARTERLY IDCW Option,12.1137
2026-09-30,102205,SBI Dynamic Term Fund - REGULAR PLAN - Growth,37.5760
2026-09-30,102206,SBI Dynamic Term Fund - Regular Plan - Income Distribution cum Capital Withdrawal Option (IDCW),19.6994
2026-09-30,102251,HSBC Flexi Cap Fund - Regular IDCW,42.5579
2026-09-30,102252,HSBC Flexi Cap Fund - Regular Growth,227.7218
2026-09-30,102260,HSBC Conservative Hybrid Fund - Regular Monthly IDCW,12.4421
2026-09-30,102261,HSBC Conservative Hybrid Fund - Regular Quarterly IDCW,16.2873
2026-09-30,102262,HSBC Conservative Hybrid Fund - Regular Growth,62.425
2026-09-30,102266,UTI Children's Equity Fund - Regular Plan - IDCW,76.5315
2026-09-30,102267,UTI Children's Equity Fund - Regular Plan - Growth Option,76.5268
2026-09-30,102272,SBI NIFTY INDEX FUND - REGULAR PLAN - GROWTH,201.2762
2026-09-30,102273,SBI Nifty Index Fund - Regular Plan - Income Distribution cum Capital Withdrawal Option (IDCW),103.2666
2026-09-30,102326,Tata Mid Cap Fund-Regular Plan - IDCW Option,116.5554
2026-09-30,102328,Tata Mid Cap Fund Regular Plan- Growth Option,439.7252
2026-09-30,102330,ICICI Prudential Conservative Hybrid Fund - Plan - Growth,78.2019
2026-09-30,102331,ICICI Prudential Conservative Hybrid Fund - Plan - Monthly IDCW,13.5473
2026-09-30,102393,UTI Mid Cap Fund - Regular Plan - IDCW,142.2283
2026-09-30,102394,UTI Mid Cap Fund-Growth Option,300.5614
2026-09-30,102395,UTI Infrastructure Fund-Growth Option,138.4323
2026-09-30,102396,UTI Infrastructure Fund - Regular Plan - IDCW,72.3508
2026-09-30,102397,UTI Transportation and Logistics Fund - Regular Plan - IDCW,131.7018
2026-09-30,102398,UTI-Transportation and Logistics  Fund-Growth Option,285.6194
2026-09-30,102401,UTI Banking and Financial Services Fund - Regular Plan - Growth Option,187.7422
2026-09-30,102402,UTI Banking and Financial Services Fund - Regular Plan - IDCW,73.0683
2026-09-30,102428,Tata Value Fund Regular Plan - Payout of IDCW-Option B(10%),113.5084
2026-09-30,102431,Nippon India Pharma Fund-Growth Plan-Growth Option,559.8525
2026-09-30,102432,Nippon India Pharma Fund-Growth Plan-Bonus Option,559.8525
2026-09-30,102433,NIPPON INDIA PHARMA FUND - IDCW Option,120.8968
2026-09-30,102434,DSP India T.I.G.E.R. Fund - Regular Plan - Growth,347.9920
2026-09-30,102435,DSP India T.I.G.E.R. Fund - Regular Plan - IDCW,30.1600
2026-09-30,102442,Franklin India Liquid Fund - Institutional Plan - Weekly - IDCW,1055.2044
2026-09-30,102443,Franklin India Liquid Fund - Institutional Plan - Daily - IDCW,1000.0000
2026-09-30,102448,DSP Conservative Hybrid Fund- Regular Plan - Growth,60.3699
2026-09-30,102450,DSP Conservative Hybrid Fund - Regular Plan - IDCW - Monthly,10.7030
2026-09-30,102451,DSP Conservative Hybrid Fund - Regular Plan - IDCW - Quarterly,10.9469
2026-09-30,102452,HDFC Ultra Short to Short Term Fund - Growth,61.9425
2026-09-30,102453,HDFC Ultra Short to Short Term Fund - Weekly IDCW,10.062
2026-09-30,102503,SBI Money Market Fund - Regular Plan - Growth,44.6557
2026-09-30,102504,SBI Money Market Fund - Regular Plan - Income Distribution cum Capital Withdrawal Option (IDCW),17.6079
2026-09-30,102505,SBI CREDIT RISK FUND - REGULAR PLAN - GROWTH,49.7873
2026-09-30,102506,SBI Credit Risk Fund - Regular Plan - Income Distribution cum Capital Withdrawal Option (IDCW),22.5081
2026-09-30,102509,UTI Gilt Fund - Regular Plan - IDCW,39.2561
2026-09-30,102510,UTI - GILT FUND - Regular Plan - Growth Option,65.4817
2026-09-30,102511,UTI - GILT FUND -Discontinued PF Plan -Dividend Option,26.7978
2026-09-30,102512,UTI - GILT FUND - Discontinued PF Plan - Growth Option,48.6878
2026-09-30,102514,UTI - GILT FUND - Discontinued PF Plan Prescribed Date Auto Redemption Option,48.7148
2026-09-30,102528,ICICI Prudential Mid Cap Fund - Growth,327.63
2026-09-30,102529,ICICI Prudential Mid Cap Fund - IDCW,42.46
2026-09-30,102531,UTI Ultra Short Term Fund - Regular Plan - Weekly IDCW (Reinvestment),1442.9269
2026-09-30,102532,UTI Ultra Short Term Fund - Regular Plan - Growth Option,4559.4725
2026-09-30,102533,UTI Conservative Hybrd Fund - Regular Plan - Monthly Payment Option,69.7971
2026-09-30,102534,UTI Conservative Hybrid Fund - Regular Plan - Flexi IDCW,44.1255
2026-09-30,102535,UTI Conservative Hybrid Fund - Regular Plan - Growth Option,69.7613
2026-09-30,102536,UTI Conservative Hybrid Fund - Regular Plan - Monthly IDCW,16.5383
2026-09-30,102538,UTI Ultra Short to Short Term Fund - Discontinued - Annaul Dividend Option,3637.8142
2026-09-30,102539,UTI Ultra Short to Short Term Fund - Discontinued Bonus Option,4513.0182
2026-09-30,102540,UTI Ultra Short to Short Term Fund - Discontinued Growth Option,6770.2949
2026-09-30,102541,UTI Ultra Short to Short Term Fund - Discontinued - Quarterly Dividend Option,2393.8892
2026-09-30,102544,UTI Ultra Short to Short Term Fund - Regular Plan - Growth Option,3827.941
2026-09-30,102545,UTI Ultra Short to Short Term Fund - Regular Plan - Bonus Option,3199.3441
2026-09-30,102591,Kotak Ultra Short Term Fund -Growth,46.1476
2026-09-30,102592,Kotak Ultra Short Term Fund -Monthly Payout of Income Distribution cum capital withdrawal option,10.7346
2026-09-30,102594,ICICI Prudential Value Fund (erstwhile Value Discovery Fund) - Growth,435.81
2026-09-30,102595,ICICI Prudential Value Fund (erstwhile Value Discovery Fund) - IDCW,32.96
2026-09-30,102672,Tata Liquid Fund -Regular Plan - Growth Option,4436.7125
2026-09-30,102673,Nippon India Floating Interest Rates  Fund - Growth Plan-Growth Option,48.2669
2026-09-30,102675,NIPPON INDIA FLOATING INTEREST RATES  FUND - MONTHLY IDCW Option,11.1068
2026-09-30,102676,NIPPON INDIA FLOATING INTEREST RATES FUND - DAILY IDCW REINVESTMENT Option,10.2378
2026-09-30,102677,NIPPON INDIA FLOATING INTEREST RATES  FUND - WEEKLY IDCW Option,10.2422
2026-09-30,102741,ICICI Prudential Medium Term Fund - Growth,48.5861
2026-09-30,102751,Nippon India Consumption Fund-Growth Plan-Growth Option,182.0393
2026-09-30,102752,Nippon India Consumption Fund-Growth Plan-Bonus Option,182.0393
2026-09-30,102753,NIPPON INDIA CONSUMPTION FUND - IDCW Option,32.8990
2026-09-30,102760,HDFC Focused Fund - GROWTH PLAN,223.406
2026-09-30,102761,HDFC Focused Fund - IDCW PLAN,22.714
2026-09-30,102766,Aditya Birla Sun Life Dynamic Term Fund -Regular - Quarterly IDCW,10.7889
2026-09-30,102767,Aditya Birla Sun Life Dynamic Term Fund - Growth - Regular Plan,49.0119
2026-09-30,102823,SBI HEALTHCARE OPPORTUNITIES FUND - REGULAR PLAN -GROWTH,505.9062
2026-09-30,102846,Nippon India Balanced Advantage Fund-Growth Plan-Growth Option,177.9395
2026-09-30,102847,Nippon India Balanced Advantage Fund-Growth Plan-Bonus Option,177.9395
2026-09-30,102848,NIPPON INDIA BALANCED ADVANTAGE FUND - IDCW Option,30.3117
2026-09-30,102849,Nippon India Dynamic Term Fund-Growth Plan-Growth Option,39.2247
2026-09-30,102851,NIPPON INDIA DYNAMIC TERM FUND - IDCW Option,26.3834
2026-09-30,102860,SBI Money Market Fund - Regular Plan Weekly Income Distribution cum Capital Withdrawal Option (IDCW),16.2075
2026-09-30,102874,Kotak-Small Cap Fund - Payout of Income Distribution cum capital withdrawal option,118.217
2026-09-30,102875,Kotak-Small Cap Fund - Growth,270.975
2026-09-30,102883,Franklin India Large & Mid Cap Fund - Growth Plan,180.3834
2026-09-30,102884,Franklin India Large & Mid Cap Fund - IDCW,18.7149
2026-09-30,102885,SBI AGGRESIVE HYBRID FUND - REGULAR PLAN -Growth,305.7288
2026-09-30,102913,CANARA ROBECO ULTRA SHORT TO SHORT TERM FUND - REGULAR PLAN - GROWTH OPTION,45.3969
2026-09-30,102914,CANARA ROBECO ULTRA SHORT TO SHORT TERM FUND - REGULAR PLAN - IDCW (Payout/Reinvestment),37.8228
2026-09-30,102915,CANARA ROBECO ULTRA SHORT TO SHORT TERM FUND - REGULAR PLAN - WEEKLY IDCW (Payout/Reinvestment),10.2600
2026-09-30,102920,CANARA ROBECO LARGE AND MID CAP FUND - REGULAR PLAN - GROWTH OPTION,244.6500
2026-09-30,102921,CANARA ROBECO LARGE AND MID CAP FUND - REGULAR PLAN - IDCW (Payout/Reinvestment),79.4600
2026-09-30,102941,SBI MIDCAP FUND - REGULAR PLAN - GROWTH,231.2624
2026-09-30,102942,SBI Midcap Fund - Regular Plan - Income Distribution cum Capital Withdrawal Option (IDCW),94.4972
2026-09-30,102947,HDFC Aggressive Hybrid Fund - IDCW Plan,14.377
2026-09-30,102948,HDFC Aggressive Hybrid Fund - Growth Plan,109.825
2026-09-30,103025,UTI Dividend Yield Fund - Regular Plan - IDCW,31.6442
2026-09-30,103026,UTI-Dividend Yield Fund.-Growth,168.1286
2026-09-30,103034,SBI MNC FUND - REGULAR PLAN -GROWTH,399.0603
2026-09-30,103039,Kotak Contra Fund - Regular Plan - IDCW - Payout & Re-investment of Income Distribution cum capital withdrawal option,50.31
2026-09-30,103040,Kotak Contra Fund - Regular Plan - Growth,145.956
2026-09-30,103048,Nippon India Money Market Fund-Growth Plan-Growth Option,4491.4572
2026-09-30,103050,NIPPON INDIA MONEY MARKET FUND - DAILY IDCW Option,1006.3314
2026-09-30,103051,NIPPON INDIA MONEY MARKET FUND - WEEKLY IDCW Option,1007.6478
2026-09-30,103052,NIPPON INDIA MONEY MARKET FUND - MONTHLY IDCW Option,1025.6921
2026-09-30,103085,Nippon India Value Fund- Growth Plan,211.6741
2026-09-30,103086,NIPPON INDIA VALUE FUND - IDCW Option,39.2977
2026-09-30,103097,UTI Value Fund - Regular Plan - IDCW,45.8494
2026-09-30,103098,UTI Value Fund - Regular Plan - Growth Option,157.3273
2026-09-30,103110,Aditya Birla Sun Life Consumption Fund -Regular - IDCW,34.20
2026-09-30,103111,Aditya Birla Sun Life Consumption Fund-Growth Option,197.13
2026-09-30,103114,SBI MNC Fund - Regular Plan - Income Distribution cum Capital Withdrawal Option (IDCW),121.9098
2026-09-30,103130,HDFC Multi Asset Allocation Fund - IDCW Option,16.562
2026-09-30,103131,HDFC Multi Asset Allocation Fund - Growth Option,72.772
2026-09-30,103140,SBI Overnight Fund - Regular Plan - Weekly Income Distribution cum Capital Withdrawal Option (IDCW),1416.7031
2026-09-30,103145,SBI COMMA Fund - REGULAR PLAN - Growth,113.8377
2026-09-30,103146,SBI Comma Fund - Regular Plan - Income Distribution cum Capital Withdrawal Option (IDCW),64.6153
2026-09-30,103149,ICICI Prudential Infrastructure Fund - Growth,194.83
2026-09-30,103150,ICICI Prudential Infrastructure Fund - IDCW,27.43
2026-09-30,103154,Aditya Birla Sun Life Aggressive Hybrid Fund -Regular - IDCW,160.22
2026-09-30,103155,Aditya Birla Sun Life Aggressive Hybrid Fund - Regular Plan-Growth,1488.68
2026-09-30,103158,Tata Treasury Advantage Fund Regular Plan - Weekly Payout of IDCW Option,1008.6171
2026-09-30,103159,Tata Treasury Advantage Fund - Regular Plan - Growth Option,4233.5579
2026-09-30,103160,Tata Treasury Advantage Fund Regular Plan - Daily Reinvestment of IDCW Option,1003.5288
2026-09-30,103164,Aditya Birla Sun Life ELSS Tax Saver Fund-Regular - IDCW,179.10
2026-09-30,103165,Aditya Birla Sun Life Flexi Cap Fund -Regular - IDCW,161.89
2026-09-30,103166,Aditya Birla Sun Life Flexi Cap Fund - Growth - Regular Plan,1879.19
2026-09-30,103173,Aditya Birla Sun Life Large Cap Fund-Regular - IDCW,36.69
2026-09-30,103174,Aditya Birla Sun Life Large Cap Fund-Growth,492.90
2026-09-30,103178,Aditya Birla Sun Life Corporate Bond Fund - Growth - Regular Plan,119.1819
2026-09-30,103183,Aditya Birla Sun Life Corporate Bond Fund -REGULAR - MONTHLY IDCW,12.5133
2026-09-30,103192,Aditya Birla Sun Life Ultra Short to Short Term Fund -Regular- Growth Plan,701.8024
2026-09-30,103193,Aditya Birla Sun Life Ultra Short to Short Term Fund -REGULAR - WEEKLY IDCW,100.4492
2026-09-30,103196,Nippon India ELSS Tax Saver Fund-Growth Plan-Growth Option,125.6013
2026-09-30,103197,NIPPON INDIA ELSS TAX SAVER FUND - IDCW Option,32.6244
2026-09-30,103225,quant Liquid Fund - Growth Option - Regular Plan,44.2823
2026-09-30,103226,quant Liquid Fund-Daily IDCW Option - Regular Plan,12.6007
2026-09-30,103227,quant Liquid Fund - Weekly IDCW Option - Regular Plan,14.5135
2026-09-30,103228,quant Liquid Fund - Monthly IDCW Option - Regular Plan,15.1477
2026-09-30,103233,Kotak Large & Mid Cap Fund - IDCW-Regular,58.375
2026-09-30,103234,Kotak Large & Mid Cap Fund - Growth-Regular,334.597
2026-09-30,103308,Aditya Birla Sun Life Focused Fund -Regular - IDCW,22.1912
2026-09-30,103309,Aditya Birla Sun Life Focused Fund -Growth Option,139.7949
2026-09-30,103312,ICICI Prudential Exports & Services Fund - Growth,163.57
2026-09-30,103313,ICICI Prudential Exports & Services Fund - IDCW,33.67
2026-09-30,103338,Kotak ELSS Tax Saver Fund-Payout of Income Distribution cum capital withdrawal option,42.393
2026-09-30,103339,Kotak ELSS Tax Saver Fund-Growth,113.276
2026-09-30,103340,ICICI Prudential Liquid Fund - Growth,416.9139
2026-09-30,103342,ICICI Prudential Liquid Fund - Weekly IDCW,100.1962
2026-09-30,103343,ICICI Prudential Liquid Fund - Daily IDCW,100.1482
2026-09-30,103347,DSP Liquid Fund - Regular Plan - Growth,4024.0775
2026-09-30,103348,DSP Liquid Fund - Regular Plan - IDCW - Weekly,1002.2003
2026-09-30,103349,DSP Liquid Fund- Regular Plan - IDCW - Daily,1001.4663
2026-09-30,103360,Franklin India Small Cap Fund-Growth,173.8328
2026-09-30,103361,Franklin India Small Cap Fund - IDCW,43.4540
2026-09-30,103389,CANARA ROBECO INFRASTRUCTURE FUND - REGULAR PLAN - IDCW (Payout/Reinvestment),58.2700
2026-09-30,103390,CANARA ROBECO INFRASTRUCTURE FUND - REGULAR PLAN - GROWTH OPTION,159.8500
2026-09-30,103475,Aditya Birla Sun Life Infrastructure Fund -  Regular - IDCW,27.20
2026-09-30,103476,Aditya Birla Sun Life Infrastructure Fund-Growth,106.63
2026-09-30,103490,Quantum Value Fund - Direct Plan Growth Option,118.20
2026-09-30,103491,Quantum Value Fund - Direct Plan IDCW,117.74
2026-09-30,103504,SBI Large Cap FUND-REGULAR PLAN GROWTH,89.1540
2026-09-30,103616,SBI Large Cap Fund - Regular Plan - Income Distribution cum Capital Withdrawal Option (IDCW),50.7183
2026-09-30,103633,ICICI Prudential Money Market Fund Option - Growth,410.7172
2026-09-30,103634,ICICI Prudential Money Market Fund Option - Daily IDCW,100.1295
2026-09-30,103635,ICICI Prudential Money Market Fund Option - Weekly IDCW,100.7469
2026-09-30,103734,Quantum Liquid Fund - Direct Plan Growth Option,37.8327
2026-09-30,103735,Quantum Liquid Fund - Direct Plan Monthly IDCW,10.0225
2026-09-30,103736,Quantum Liquid Fund - Direct Plan Daily IDCW,10.0106
2026-09-30,103743,Sundaram Consumption Fund (Formerly Known as Sundaram Rural and Consumption Fund Regular Plan - Income Distribution cum Capital Withdrawal (IDCW),23.7029
2026-09-30,103780,JM Arbitrage Fund (Regular) - Growth Option,34.8824
2026-09-30,103781,JM Arbitrage Fund (Regular) - IDCW,16.1902
2026-09-30,103819,DSP Large & Mid Cap Fund - Regular Plan - Growth,583.6120
2026-09-30,103820,DSP Large & Mid Cap Fund - Regular Plan - IDCW,34.1520
2026-09-30,103883,SBI ELSS Tax Saver Fund - Regular Plan - Income Distribution cum Capital Withdrawal Option (IDCW),82.7015
2026-09-30,103884,SBI Ultra Short Term Fund - Regular Plan - Weekly Income Distribution cum Capital Withdrawal Option (IDCW),1265.6925
2026-09-30,103885,Aditya Birla Sun Life Liquid Fund -Regular - IDCW,105.2747
2026-09-30,104074,UTI Arbitrage Fund - Regular Plan - IDCW,21.2686
2026-09-30,104075,UTI Arbitrage Fund - Regular Plan - Growth Option,37.6484
2026-09-30,104138,DSP Ultra Short Term Fund - Regular Plan - Growth,3659.9128
2026-09-30,104139,DSP Ultra Short Term Fund - Regular Plan - IDCW - Weekly Reinvest,1005.7265
2026-09-30,104140,DSP Ultra Short Term Fund - Regular Plan - IDCW - Daily Reinvest,1005.4914
2026-09-30,104457,SBI Arbitrage Fund - Regular Plan - Gr,36.3241
2026-09-30,104458,SBI Arbitrage Fund - Regular Plan - Income Distribution cum Capital Withdrawal Option (IDCW),19.1025
2026-09-30,104481,DSP Midcap Fund - Regular Plan - Growth,147.2010
2026-09-30,104482,DSP Midcap Fund - Regular Plan - IDCW,28.0380
2026-09-30,104484,Invesco India Liquid Fund - Daily IDCW (Reinvestment),1002.7594
2026-09-30,104485,Invesco India Liquid Fund - Weekly IDCW (Reinvestment),1018.9601
2026-09-30,104486,Invesco India Liquid Fund - Growth,3873.7663
2026-09-30,104488,Invesco India Liquid Fund - Regular - Growth,3409.0095
2026-09-30,104489,Invesco India Liquid Fund - Regular - Weekly IDCW (Reinvestment),1004.44
2026-09-30,104492,Invesco India Liquid Fund - Monthly IDCW (Payout / Reinvestment),1003.3459
2026-09-30,104513,quant Large & Mid Cap Fund - Growth Option,121.3248
2026-09-30,104514,quant Large & Mid Cap Fund - IDCW Option - Regular Plan,74.0564
2026-09-30,104523,SBI ESG Exclusionary Strategy Fund - Regular Plan - Growth,226.4965
2026-09-30,104559,CANARA ROBECO ULTRA SHORT TO SHORT TERM FUND - REGULAR PLAN - DAILY IDCW (Reinvestment),10.2600
2026-09-30,104635,Invesco India ELSS Tax Saver Fund - Regular Plan - IDCW Payout,23.83
2026-09-30,104636,Invesco India ELSS Tax Saver Fund - Regular Plan - Growth,121.76
2026-09-30,104637,Nippon India Focused Fund -Growth Plan -Growth Option,116.1480
2026-09-30,104638,NIPPON INDIA FOCUSED  FUND - IDCW OPTION,31.0951
2026-09-30,104681,ICICI Prudential Arbitrage Fund - IDCW,15.4794
2026-09-30,104683,ICICI Prudential Arbitrage Fund - Growth,36.8715
2026-09-30,104685,ICICI Prudential Balanced Advantage Fund - Growth,76.30
2026-09-30,104686,ICICI Prudential Balanced Advantage Fund - IDCW,17.81
2026-09-30,104722,Invesco India Ultra Short to Short Term Fund - Regular - Weekly IDCW (Reinvestment),1445.2157
2026-09-30,104723,Invesco India Ultra Short to Short Term Fund - Regular - Monthly IDCW (Reinvestment),1449.7725
2026-09-30,104725,Invesco India Ultra Short to Short Term Fund - Weekly IDCW (Payout / Reinvestment),1358.9358
2026-09-30,104726,Invesco India Ultra Short to Short Term Fund - Growth,4065.1314
2026-09-30,104728,Invesco India Ultra Short to Short Term Fund - Regular - Growth,3593.4998
2026-09-30,104729,Invesco India Ultra Short to Short Term Fund - Monthly IDCW (Payout / Reinvestment),1481.5205
2026-09-30,104772,DSP ELSS Tax Saver Fund - Regular Plan - Growth,131.0040
2026-09-30,104773,DSP ELSS Tax Saver Fund - Regular Plan - IDCW,20.2930
2026-09-30,104907,Kotak Mid Cap Fund - Regular Plan - IDCW -Payout & Re-investment of Income Distribution cum capital withdrawal option,75.473
2026-09-30,104908,Kotak Mid Cap Fund - Regular Plan - Growth,137.417
2026-09-30,105000,Sundaram Large and Midcap Regular Plan - Income Distribution cum Capital Withdrawal (IDCW),30.1298
2026-09-30,105001,Sundaram Large and Midcap Fund Regular Plan - Growth,89.2745
2026-09-30,105024,Invesco India Ultra Short to Short Term Fund - Regular Daily IDCW (Reinvestment),1787.2997
2026-09-30,105025,Invesco India Ultra Short to Short Term Fund - Daily IDCW (Reinvestment),1017.9524
2026-09-30,105067,Franklin India INDEX FUND- NSE NIFTY 50 INDEX FUND - IDCW,158.7313
2026-09-30,105080,SBI Ultra Short Term Fund - Regular Plan - Daily Income Distribution cum Capital Withdrawal Option (IDCW),2428.0130
2026-09-30,105185,Invesco India Short Term Fund - Regular Plan - Growth,3771.6231
2026-09-30,105187,Invesco India Short Term Fund - Plan B - Monthly IDCW (Payout / Reinvestment),2457.1393
2026-09-30,105189,Invesco India Short Term Fund - Plan B - Growth,3746.0992
2026-09-30,105190,Invesco India Short Term Fund - Regular Plan - Weekly IDCW (Reinvestment),1015.9527
2026-09-30,105191,Invesco India Short Term Fund - Regular Plan - Monthly IDCW (Payout / Reinvestment),1049.2644
2026-09-30,105192,Invesco India Short Term Fund - Plan B - Weekly IDCW (Reinvestment),1012.3181
2026-09-30,105274,SBI Liquid Fund - Institutional - Growth,4443.8452
2026-09-30,105275,SBI Liquid Fund - Institutional Daily Income Distribution cum Capital Withdrawal Option (IDCW),1427.6490
2026-09-30,105280,SBI Liquid Fund - REGULAR PLAN -Growth,4402.2266
2026-09-30,105281,SBI Liquid Fund - Regular Plan - Daily Income Distribution cum Capital Withdrawal Option (IDCW),1140.7391
2026-09-30,105282,SBI Liquid Fund - Regular Plan - Weekly Income Distribution cum Capital Withdrawal Option (IDCW),1379.7334
2026-09-30,105283,SBI Liquid Fund - Regular Plan - Fortnightly Income Distribution cum Capital Withdrawal Option (IDCW),1444.7285
2026-09-30,105417,Taurus Infrastructure Fund - Regular Plan - Growth,59.09
2026-09-30,105418,Taurus Infrastructure Fund - Regular Plan - Payout of Income Distribution cum Capital Withdrawal option,55.50
2026-09-30,105459,Invesco India Contra Fund - Regular Plan - IDCW (Payout / Reinvestment),47.13
2026-09-30,105460,Invesco India Contra Fund - Regular Plan - Growth,128.66
2026-09-30,105463,UTI GOLD Exchange Traded Fund,123.5878
2026-09-30,105503,Invesco India Mid Cap Fund - Regular Plan - Growth Option,189.82
2026-09-30,105504,Invesco India Mid Cap Fund - Regular Plan - IDCW (Payout / Reinvestment),59.16
2026-09-30,105543,HDFC Ultra Short to Short Term Fund - Monthly IDCW,10.1451
2026-09-30,105548,HDFC Ultra Short to Short Term Fund - Daily IDCW,10.1416
2026-09-30,105578,UTI Ultra Short to Short Term Fund - Discontinued - Periodic Dividend Plan,1078.1186
2026-09-30,105603,Invesco India Arbitrage Fund - Regular Plan - Growth Option,34.2964
2026-09-30,105604,Invesco India Arbitrage Fund - Regular Plan - IDCW (Payout / Reinvestment),18.3034
2026-09-30,105605,UTI Ultra Short to Short Term Fund - Regular Plan - Daily IDCW (Reinvestment),1475.3714
2026-09-30,105627,UTI Ultra Short to Short Term Fund - Regular Plan - Weekly IDCW,1479.1038
2026-09-30,105628,SBI ELSS Tax Saver FUND - REGULAR PLAN- GROWTH,407.9186
2026-09-30,105637,JM Dynamic Term Fund (Regular) - Weekly IDCW,10.5049
2026-09-30,105639,JM Dynamic Term Fund (Regular) - Daily IDCW,10.0054
2026-09-30,105658,UTI Ultra Short to Short Term Fund - Regular Plan - Monthly IDCW,1504.9095
2026-09-30,105659,UTI Ultra Short to Short Term Fund - Discontinued Flexi Dividend Plan,1088.9834
2026-09-30,105667,DSP Dynamic Term Fund - Regular Plan - IDCW - Monthly,1056.6295
2026-09-30,105668,DSP Dynamic Term Fund - Regular Plan - IDCW,1259.5622
2026-09-30,105669,DSP Dynamic Term Fund - Regular Plan - Growth,3413.1176
2026-09-30,105670,UTI Ultra Short to Short Term Fund - Discontinued Monthly Dividend Option,1013.5449
2026-09-30,105689,Nippon India Interval Fund-Quarterly Interval Fund Series-II-Growth Option,38.6497
2026-09-30,105692,NIPPON INDIA QUARTERLY INTERVAL FUND - SERIES II - IDCW Option,13.5524
2026-09-30,105757,HDFC Mid Cap Fund - IDCW Plan,49.889
2026-09-30,105758,HDFC Mid Cap Fund - Growth Plan,198.849
2026-09-30,105804,Aditya Birla Sun Life Small Cap Fund - GROWTH,98.4350
2026-09-30,105805,Aditya Birla Sun Life Small Cap Fund -Regular - IDCW,37.8901
2026-09-30,105816,Franklin India Focused Equity Fund - IDCW,29.1240
2026-09-30,105817,Franklin India Focused Equity Fund - Growth Plan,94.4579
2026-09-30,105822,LIC MF Banking & PSU Debt Fund-Regular Plan-Daily IDCW,11.8615
2026-09-30,105823,LIC MF Banking & PSU Debt Fund-Regular Plan-Growth,36.9704
2026-09-30,105856,LIC MF Banking & PSU Debt Fund-Regular Plan-Monthly IDCW,13.8367
2026-09-30,105857,LIC MF Banking & PSU Debt Fund-Regular Plan-Weekly IDCW,10.376
2026-09-30,105875,DSP Flexi Cap Fund - Regular Plan - Growth,98.4430
2026-09-30,105878,DSP Dynamic Term Fund - Regular Plan - IDCW - Weekly,1034.8532
2026-09-30,105887,Aditya Birla Sun Life Ultra Short Term Fund-Regular - weekly IDCW,100.5152
2026-09-30,105888,Aditya Birla Sun Life Ultra Short Term Fund-Regular - DAILY IDCW,100.0350
2026-09-30,105967,Kotak Arbitrage Fund - Regular Plan - IDCW - Payout & Re-investment of Income Distribution cum capital withdrawal option,10.7179
2026-09-30,105968,Kotak Arbitrage Fund - Regular Plan - Growth,40.2694
2026-09-30,105989,DSP Small Cap Fund - Regular - Growth,229.0450
2026-09-30,106095,SBI Infrastructure Fund - Regular Plan - Income Distribution cum Capital Withdrawal Option (IDCW),43.0421
2026-09-30,106096,SBI INFRASTRUCTURE FUND -  REGULAR PLAN - GROWTH,48.3846
2026-09-30,106143,Invesco India Large & Mid Cap Fund - Regular Plan - IDCW (Payout / Reinvestment),42.7
2026-09-30,106144,Invesco India Large & Mid Cap Fund - Regular Plan - Growth,105.54
2026-09-30,106166,CANARA ROBECO AGGRESSIVE HYBRID FUND - REGULAR PLAN - GROWTH OPTION,354.3300
2026-09-30,106167,CANARA ROBECO AGGRESSIVE HYBRID FUND - REGULAR PLAN - MONTHLY IDCW (Payout/Reinvestment),87.1600
2026-09-30,106168,JM Value Fund (Regular) - IDCW,66.1052
2026-09-30,106169,quant Infrastructure Fund - IDCW Option - Regular Plan,40.3348
2026-09-30,106170,quant Infrastructure Fund - Growth Option,40.4254
2026-09-30,106171,Invesco India Corporate Bond Fund - Regular Plan - Monthly IDCW (Payout / Reinvestment),1924.2714
2026-09-30,106172,Invesco India Corporate Bond Fund - Regular Plan - Quarterly IDCW (Payout / Reinvestment),1155.7761
2026-09-30,106177,Invesco India Corporate Bond Fund - Regular Plan - Growth,3357.2455
2026-09-30,106179,Invesco India Corporate Bond Fund - Regular Plan - Annual IDCW (Payout / Reinvestment),1336.4611
2026-09-30,106183,UTI Annual Interval Fund - I - Regular Plan - Growth Option,36.6004
2026-09-30,106185,UTI Annual Interval Fund - I - ( Instn Growth Option ),38.0722
2026-09-30,106186,UTI Annual Interval Fund - I - Regular Plan - IDCW,10.9857
2026-09-30,106193,KOTAK GOLD ETF,122.5856
2026-09-30,106212,SBI Ultra Short to Short Term Fund - Regular Plan - Growth,3741.7353
2026-09-30,106213,SBI Ultra Short to Short Term Fund - Regular Plan - Daily Income Distribution cum Capital Withdrawal Option (IDCW),1457.4591
2026-09-30,106214,SBI Ultra Short to Short Term Fund - Regular Plan - Weekly Income Distribution cum Capital Withdrawal Option (IDCW),1457.4456
2026-09-30,106215,SBI Ultra Short to Short Term Fund - Regular Plan - Fornightly Income Distribution cum Capital Withdrawal Option (IDCW),1482.9704
2026-09-30,106216,SBI Ultra Short to Short Term Fund - Regular Plan - Monthly Income Distribution cum Capital Withdrawal Option (IDCW),1641.0762
2026-09-30,106217,SBI Ultra Short to Short Term Fund - Ultra Short Term Fund - Institutional Plan - Growth,3807.7238
2026-09-30,106221,SBI Ultra Short to Short Term Fund - Ultra Short Term Fund - Institutional Plan - Daily Income Distribution cum Capital Withdrawal Option (IDCW),1457.8022
2026-09-30,106222,SBI Ultra Short to Short Term Fund - Ultra Short Term Fund- Institutional Plan - Weekly Income Distribution cum Capital Withdrawal Option (IDCW),1454.1833
2026-09-30,106227,SBI SHORT TERM FUND-SHORT TERM FUND - RETAIL - GROWTH,38.6186
2026-09-30,106228,SBI Short Term Fund - Short Term Fund - Retail Dividend - Weekly Income Distribution cum Capital Withdrawal Option (IDCW),16.0197
2026-09-30,106229,SBI Short Term Fund - Short Term Fund - Retail Dividend - Monthly Income Distribution cum Capital Withdrawal Option (IDCW),17.6884
2026-09-30,106230,SBI Short Term Fund - Short Term Fund - Retail Dividend - Fortnightly Income Distribution cum Capital Withdrawal Option (IDCW),16.0439
2026-09-30,106231,SBI SHORT TERM FUND - REGULAR PLAN -GROWTH,34.1330
2026-09-30,106232,SBI Short Term Fund - Regular Plan Weekly Income Distribution cum Capital Withdrawal Option (IDCW),15.4762
2026-09-30,106233,SBI Short Term Fund - Regular Plan - Monthly Income Distribution cum Capital Withdrawal Option (IDCW),18.8707
2026-09-30,106234,SBI Short Term Fund - Regular Plan Fortnightly Income Distribution cum Capital Withdrawal Option (IDCW),15.4608
2026-09-30,106235,Nippon India Large Cap  Fund- Growth Plan -Growth Option,84.8966
2026-09-30,106236,NIPPON INDIA LARGE CAP FUND - IDCW Option,24.8211
2026-09-30,106240,Nippon India Large Cap Fund- Growth Plan Bonus Option,84.8966
2026-09-30,106260,NIPPON INDIA GROWTH MID CAP FUND - INSTITUTIONAL Plan - IDCW Option,1317.8474
2026-09-30,106316,Invesco India Balanced Advantage Fund - Regular Plan - IDCW (Payout / Reinvestment),16.68
2026-09-30,106317,Invesco India Balanced Advantage Fund - Regular Plan - Growth,51.28
2026-09-30,106383,UTI Short Term Fund - Discontinued Regular Option - Dividend Sub Option,25.0805
2026-09-30,106384,UTI Short Term Fund - Discontinued Regular Option -Growth Sub Option,47.4426
2026-09-30,106425,UTI India Consumer Fund - Regular Plan - Growth Option,54.3298
2026-09-30,106426,UTI India Consumer Fund - Regular Plan - IDCW,47.4918
2026-09-30,106624,UTI Short Term Fund - Regular Plan - Growth Option,33.7031
2026-09-30,106653,Invesco India Infrastructure Fund - Regular Plan - IDCW (Payout / Reinvestment),42.24
2026-09-30,106654,Invesco India Infrastructure Fund - Regular Plan - Growth Option,65.71
2026-09-30,106793,HDFC ARBITRAGE FUND - Regular Plan -Growth Option,32.912
2026-09-30,106822,ICICI Prudential Small Cap Fund - IDCW,33.72
2026-09-30,106823,ICICI Prudential Small Cap Fund - Growth,90.82
2026-09-30,106838,HDFC Floating Interest Rates Fund - Daily IDCW Option,10.0688
2026-09-30,106839,HDFC Floating Interest Rates Fund - Monthly IDCW Option,10.1518
2026-09-30,106840,HDFC Floating Interest Rates Fund - Weekly IDCW Option,10.0295
2026-09-30,106841,HDFC Floating Interest Rates Fund - Growth Option,53.6628
2026-09-30,106871,LIC MF Large Cap Fund-Regular Plan-Growth,51.3055
2026-09-30,106929,Kotak Nifty PSU Bank ETF,80.2394
2026-09-30,106978,Franklin Asian Equity Fund - IDCW,20.9965
2026-09-30,106979,Franklin Asian Equity Fund - Growth Plan,44.4824
2026-09-30,106980,UTI Short Term Fund - Regular Plan - Discontinued Quarterly IDCW,17.4403
2026-09-30,107287,JM ELSS - Tax Saver Fund (Regular) - IDCW,51.062
2026-09-30,107288,JM ELSS - Tax Saver Fund (Regular) - Growth option,51.0627
2026-09-30,107352,Invesco India Multi Cap Fund - Regular Plan - IDCW (Payout / Reinvestment),114.87
2026-09-30,107353,Invesco India Multi Cap Fund - Regular Plan - Growth Option,126.69
2026-09-30,107409,JM Focused Fund (Regular) - IDCW,19.439
2026-09-30,107410,JM Focused Fund (Regular) - Growth Option,19.4398
2026-09-30,107471,Invesco India Gilt Fund - Regular Plan - Monthly IDCW (Reinvestment),1618.5241
2026-09-30,107472,Invesco India Gilt Fund - Regular Plan - Quarterly IDCW (Payout / Reinvestment),1310.1068
2026-09-30,107476,Invesco India Gilt Fund - Regular Plan - Annual IDCW (Payout / Reinvestment),1156.6191
2026-09-30,107477,Invesco India Gilt Fund - Regular Plan - Growth,2873.4322
2026-09-30,107524,HDFC Infrastructure Fund - Growth Plan,45.442
2026-09-30,107525,HDFC Infrastructure Fund - IDCW Plan,19.489
2026-09-30,107578,Mirae Asset Large Cap Fund - Regular Plan - Growth,106.012
2026-09-30,107579,Mirae Asset Large Cap Fund - Regular Plan - IDCW,27.153
2026-09-30,107693,Quantum Gold ETF,121.6916
2026-09-30,107700,Mirae Asset Ultra Short to Short Term Fund - Regular Plan - Daily IDCW,1005.1646
2026-09-30,107701,Mirae Asset Ultra Short to Short Term Fund - Regular Plan - Weekly IDCW,1106.6348
2026-09-30,107702,Mirae Asset Ultra Short to Short Term Fund - Regular Plan - Quarterly IDCW,1011.6474
2026-09-30,107704,Mirae Asset Ultra Short to Short Term Fund - Regular Plan - Monthly IDCW,1087.6757
2026-09-30,107705,Mirae Asset Ultra Short to Short Term Fund - Regular Plan - Growth,2423.9775
2026-09-30,107745,Aditya Birla Sun Life ELSS Tax Saver Fund - Growth Option,58.38
2026-09-30,107763,LIC MF Infrastructure Fund-Regular Plan-Growth,53.6862
2026-09-30,107764,LIC MF Infrastructure Fund-Regular Plan-IDCW,53.6877
2026-09-30,108166,Aditya Birla Sun Life Value Fund - Regular - IDCW,40.8710
2026-09-30,108167,Aditya Birla Sun Life Value Fund - Growth Option,133.6127
2026-09-30,108249,Nippon India Quant Fund -Growth Plan - Growth Option,68.9456
2026-09-30,108252,NIPPON INDIA QUANT FUND - IDCW Option,36.7544
2026-09-30,108258,Nippon India Quant Fund -Growth Plan -Bonus Option,68.9456
2026-09-30,108272,Aditya Birla Sun Life Banking & PSU Debt Fund  - REGULAR - IDCW,149.6144
2026-09-30,108273,Aditya Birla Sun Life Banking & PSU Debt Fund - Regular Plan-Growth,387.5839
2026-09-30,108274,Aditya Birla Sun Life Banking & PSU Debt Fund  - REGULAR - Quarterly IDCW,101.2929
2026-09-30,108377,Invesco India Financial Services Fund - Regular Plan -  IDCW (Payout / Reinvestment),70.57
2026-09-30,108378,Invesco India Financial Services Fund - Regular Plan - Growth,138.38
2026-09-30,108402,Taurus ELSS Tax Saver Fund - Regular Plan - Payout of Income Distribution cum Capital Withdrawal option,84.64
2026-09-30,108403,Taurus Large Cap Fund - Regular Plan - Payout of Income Distribution cum Capital Withdrawal option,63.17
2026-09-30,108465,ICICI Prudential Large Cap Fund (erstwhile Bluechip Fund)  - IDCW,27.62
2026-09-30,108466,ICICI Prudential Large Cap Fund (erstwhile Bluechip Fund)  - Growth,102.44
2026-09-30,108479,Quantum Nifty 50 ETF,249.2564
2026-09-30,108511,Kotak Dynamic Term Fund Regular Plan Growth,39.5686
2026-09-30,108544,Bandhan Income Plus Arbitrage Active FOF - Regular Plan - Quarterly IDCW,12.8291
2026-09-30,108545,Bandhan Income Plus Arbitrage Active FOF - Regular Plan - Growth,46.8132
2026-09-30,108546,Bandhan Income Plus Arbitrage Active FOF - Regular Plan - Half Yearly IDCW,12.8640
2026-09-30,108547,Bandhan Income Plus Arbitrage Active FOF - Regular Plan - Annual IDCW,14.8596
2026-09-30,108557,Bandhan Gilt Fund - Regular Plan - Quarterly IDCW,11.9695
2026-09-30,108558,Bandhan Gilt Fund - Regular - Plan B - Half Yearly IDCW,11.1768
2026-09-30,108559,Bandhan Gilt Fund - Regular Plan - Annual IDCW,11.5751
2026-09-30,108561,BANDHAN Dynamic Term Fund - Regular Plan B - Quarterly IDCW,11.6255
2026-09-30,108592,Bandhan Focused Fund - Regular Plan - Growth,88.692
2026-09-30,108593,Bandhan Focused Fund - Regular Plan - IDCW,18.993
2026-09-30,108594,BANDHAN Flexi Cap Fund - Regular Plan - Growth,200.490
2026-09-30,108595,BANDHAN Flexi Cap Fund - Regular Plan - IDCW,44.873
2026-09-30,108596,Bandhan Large & Mid Cap Fund - Regular Plan - Growth,135.962
2026-09-30,108597,Bandhan Large & Mid Cap Fund - Regular Plan - IDCW,26.890
2026-09-30,108632,BANDHAN Ultra Short to Short Term Fund - Regular Plan - Growth,41.4533
2026-09-30,108633,BANDHAN Ultra Short to Short Term Fund - Regular Plan - Daily IDCW,10.1015
2026-09-30,108634,BANDHAN Ultra Short to Short Term Fund - Regular Plan - Weekly IDCW,10.1170
2026-09-30,108635,BANDHAN Ultra Short to Short Term Fund - Regular Plan - Monthly IDCW,10.1061
2026-09-30,108644,Bandhan 10 year Constant Maturity Gilt Fund - Regular Plan - Monthly IDCW,10.2730
2026-09-30,108646,Bandhan 10 year Constant Maturity Gilt Fund - Regular Plan - Quarterly IDCW,11.4637
2026-09-30,108650,BANDHAN Money Market Fund - Regular Plan - Daily IDCW,10.0994
2026-09-30,108675,BANDHAN Dynamic Term Fund - Regular Plan B - Annual IDCW,11.5872
2026-09-30,108690,BANDHAN LIQUID Fund - Regular Plan - Growth,3400.0066
2026-09-30,108691,BANDHAN LIQUID Fund - Regular Plan - Weekly IDCW,1002.2045
2026-09-30,108692,BANDHAN LIQUID Fund - Regular Plan - Daily IDCW,1001.4161
2026-09-30,108693,BANDHAN LIQUID Fund - Regular Plan - Monthly IDCW,1001.0928
2026-09-30,108701,Bandhan Money Market Fund - Regular Plan - Weekly IDCW,10.1296
2026-09-30,108713,Bandhan Short Term Fund - Regular Plan - Fortnightly IDCW,10.4114
2026-09-30,108727,Bandhan Medium Term Fund - Regular Plan - Monthly IDCW,10.2283
2026-09-30,108728,Bandhan Medium Term Fund - Regular Plan - Growth,48.5534
2026-09-30,108729,Bandhan Medium Term Fund - Regular Plan - Fortnightly IDCW,10.2585
2026-09-30,108730,Bandhan Medium Term Fund - Regular Plan - Bi-Monthly IDCW,10.2622
2026-09-30,108731,Bandhan Medium Term Fund - Regular Plan - Daily IDCW,10.2706
2026-09-30,108753,Bandhan 10 year Constant Maturity Gilt Fund - Regular Plan - Growth,47.8536
2026-09-30,108756,BANDHAN Money Market Fund - Regular Plan - Growth,43.6147
2026-09-30,108757,BANDHAN Money Market Fund - Regular Plan - Monthly IDCW,10.2551
2026-09-30,108763,Bandhan Medium to Long Term Fund - Regular Plan - Half-yearly IDCW,11.7847
2026-09-30,108764,Bandhan Medium to Long Term Fund - Regular Plan - Quarterly IDCW,12.1705
2026-09-30,108765,Bandhan Medium to Long Term Fund - Regular Plan - Growth,67.9123
2026-09-30,108766,Bandhan Medium to Long Term Fund - Regular Plan - Annual IDCW,11.9555
2026-09-30,108767,Bandhan Short Term Fund - Regular Plan - Monthly IDCW,10.3600
2026-09-30,108768,Bandhan Short Term Fund - Regular Plan - Growth,61.1999
2026-09-30,108799,BANDHAN Large Cap Fund - Regular Plan - Growth,74.572
2026-09-30,108800,BANDHAN Large Cap Fund - Regular Plan - IDCW,20.556
2026-09-30,108845,BANDHAN Arbitrage Fund - Regular Plan - Growth,34.7236
2026-09-30,108847,BANDHAN Arbitrage Fund - Regular Plan - Monthly IDCW,10.6783
2026-09-30,108908,Bandhan Value Fund - Regular Plan - IDCW,35.395
2026-09-30,108909,Bandhan Value Fund - Regular Plan - Growth,141.607
2026-09-30,108992,BANDHAN Equity Savings Fund - Regular Plan - Monthly IDCW,10.678
2026-09-30,108995,BANDHAN Equity Savings Fund - Regular Plan - Growth,32.198
2026-09-30,109010,Kotak BSE Sensex ETF,79.5806
2026-09-30,109058,Sundaram Financial Services Opportunities Fund Regular Plan - Income Distribution cum Capital Withdrawal (IDCW),27.7706
2026-09-30,109059,Sundaram Financial Services Opportunities Fund Regular Plan - Growth,103.6227
2026-09-30,109254,BANK OF INDIA Liquid Fund- Regular Plan- Growth,3247.1602
2026-09-30,109255,BANK OF INDIA Liquid Fund- Regular Plan- Weekly IDCW,1005.4136
2026-09-30,109264,BANK OF INDIA Ultra Short Term Fund- Regular Plan- Weekly IDCW,1005.4017
2026-09-30,109269,BANK OF INDIA Ultra Short Term Fund- Regular Plan- Growth,3397.6858
2026-09-30,109274,quant Focused Fund - IDCW Option - Regular Plan,66.9668
2026-09-30,109275,quant Focused Fund - Growth Option - Regular Plan,90.0637
2026-09-30,109349,CANARA ROBECO LIQUID FUND - REGULAR PLAN - DAILY IDCW (Reinvestment),1005.5000
2026-09-30,109350,CANARA ROBECO LIQUID FUND - REGULAR PLAN - WEEKLY IDCW (Payout/Reinvestment),1000.0502
2026-09-30,109351,CANARA ROBECO LIQUID FUND - REGULAR PLAN - MONTHLY IDCW (Payout/Reinvestment),1000.0504
2026-09-30,109353,CANARA ROBECO LIQUID FUND - REGULAR PLAN - GROWTH OPTION,3390.7752
2026-09-30,109366,CANARA ROBECO ULTRA SHORT TERM FUND - REGULAR PLAN - WEEKLY IDCW (Payout/Reinvestment),1240.7100
2026-09-30,109370,CANARA ROBECO ULTRA SHORT TERM FUND - REGULAR PLAN - MONTHLY IDCW (Payout/Reinvestment),1000.2313
2026-09-30,109371,CANARA ROBECO ULTRA SHORT TERM FUND - REGULAR PLAN - GROWTH OPTION,4080.8162
2026-09-30,109372,CANARA ROBECO ULTRA SHORT TERM FUND - REGULAR PLAN - DAILY IDCW (Reinvestment),1240.7100
2026-09-30,109445,ICICI Prudential Banking and Financial Services Fund -  Growth,125.54
2026-09-30,109446,ICICI Prudential Banking and Financial Services Fund -  IDCW,23.96
2026-09-30,109472,NIPPON INDIA CORPORATE BOND FUND - DAILY IDCW Option,17.0504
2026-09-30,109473,NIPPON INDIA CORPORATE BOND FUND - WEEKLY IDCW Option,17.0551
2026-09-30,109501,UTI Ultra Short Term Fund - Regular Plan - Daily IDCW (Reinvestment),1053.0836
2026-09-30,109522,JM Flexi Cap Fund (Regular) - Growth option,96.9723
2026-09-30,109523,JM Flexi Cap Fund (Regular) - IDCW,74.7247
2026-09-30,109716,Nippon India Gilt  Fund -P F Option-Automatic Annual Reinvest Option,32.5843
2026-09-30,109717,Nippon India Gilt  Fund - Institutional Plan-Growth Plan -Growth Option,39.6344
2026-09-30,109720,Nippon India Gilt  Fund -Growth Plan - Growth Option,38.8575
2026-09-30,109721,Nippon India Gilt  Fund -P F Option-Defined Maturity Date Option,38.8575
2026-09-30,109723,NIPPON INDIA GILT  FUND - MONTHLY IDCW Option,10.6760
2026-09-30,109724,Nippon India Gilt  Fund-P F Option-Automatic Capital Appreciation Payout Option,38.8575
2026-09-30,109740,ICICI Prudential Medium to Long Term Fund - Growth,42.0164
2026-09-30,109741,ICICI Prudential Medium to Long Term Fund - IDCW Monthly,11.2339
2026-09-30,109743,ICICI Prudential Medium to Long Term Fund - IDCW Quarterly,11.4342
2026-09-30,109830,quant Flexi Cap Fund - Growth Option - Regular Plan,105.351
2026-09-30,109831,quant Flexi Cap Fund - IDCW Option - Regular Plan,75.2963
2026-09-30,110282,Aditya Birla Sun Life Banking & PSU Debt Fund  - REGULAR - MONTHLY IDCW,111.6564
2026-09-30,110598,BANK OF INDIA Large & Mid Cap Fund Regular Plan- Quarterly IDCW,32.46
2026-09-30,110599,BANK OF INDIA Large & Mid Cap Fund Eco Plan- Growth,98.85
2026-09-30,110601,BANK OF INDIA Large & Mid Cap Fund Eco Plan-Bonus,98.85
2026-09-30,110603,BANK OF INDIA Large & Mid Cap Fund Regular Plan- Growth,89.14
2026-09-30,110604,BANK OF INDIA Large & Mid Cap Fund Eco Plan-Quarterly IDCW,27.88
2026-09-30,110606,BANK OF INDIA Large & Mid Cap Fund Regular Plan-Bonus,89.13
2026-09-30,110607,BANK OF INDIA Large & Mid Cap Fund Regular Plan- Regular IDCW,26.60
2026-09-30,110608,BANK OF INDIA Large & Mid Cap Fund Eco Plan-Regular IDCW,27.68
2026-09-30,111343,Bandhan 10 year Constant Maturity Gilt Fund - Regular Plan - Weekly IDCW,10.1235
2026-09-30,111521,Aditya Birla Sun Life Dynamic Term Fund -REGULAR - MONTHLY IDCW,10.6304
2026-09-30,111523,BANDHAN Dynamic Term Fund - Regular Plan B - IDCW,13.6951
2026-09-30,111524,BANDHAN Dynamic Term Fund - Regular Plan B - Growth,35.8172
2026-09-30,111525,Bandhan Gilt Fund - Regular Plan - Growth,37.5109
2026-09-30,111527,Bandhan Gilt Fund - Regular Plan - IDCW,14.1361
2026-09-30,111545,ICICI Prudential Floating Interest Rates Fund - Weekly IDCW,102.1884
2026-09-30,111549,Quantum ELSS Tax Saver Fund - Direct Plan Growth Option,118.16
2026-09-30,111550,Quantum ELSS Tax Saver Fund - Direct Plan IDCW,116.96
2026-09-30,111569,BANDHAN ELSS - Tax Saver Fund - Regular Plan - Growth,148.249
2026-09-30,111570,BANDHAN ELSS - Tax Saver Fund - Regular Plan - IDCW,29.943
2026-09-30,111585,BANK OF INDIA Short Term Fund-Regular Plan- Growth,28.3933
2026-09-30,111589,BANK OF INDIA Short Term Fund-Regular Plan- Monthly IDCW,14.5701
2026-09-30,111590,BANK OF INDIA Short Term Fund-Regular Plan- Quarterly IDCW,14.3582
2026-09-30,111599,UTI Multi Asset Allocation Fund - Regular Plan - Growth Option,75.8849
2026-09-30,111602,UTI Multi Asset Allocation Fund - Regular Plan - IDCW,28.385
2026-09-30,111638,Edelweiss ELSS Tax Saver Fund - Regular Plan - Growth Option,109.43
2026-09-30,111639,Edelweiss ELSS Tax Saver Fund - Regular Plan - IDCW Option,29.29
2026-09-30,111640,Taurus Flexi Cap Fund - Regular Plan - Payout of Income Distribution cum Capital Withdrawal option,112.96
2026-09-30,111642,Taurus Mid Cap Fund - Regular Plan - Payout of Income Distribution cum Capital Withdrawal option,100.92
2026-09-30,111644,Mirae Asset Liquid Fund - Regular Plan - Weekly IDCW,1152.5501
2026-09-30,111645,Mirae Asset Liquid Fund - Regular Plan - Monthly IDCW,1153.1754
2026-09-30,111646,Mirae Asset Liquid Fund - Regular Plan - Growth,2952.1523
2026-09-30,111647,Mirae Asset Liquid Fund - Regular Plan - Daily IDCW,1066.4347
2026-09-30,111675,LIC MF Ultra Short to Short Term Fund-Regular Plan-Weekly IDCW,14.5834
2026-09-30,111676,LIC MF Ultra Short to Short Term Fund-Regular Plan-Daily IDCW,11.2256
2026-09-30,111704,Baroda BNP Paribas LIQUID FUND - Regular Plan - GROWTH OPTION,3237.3542
2026-09-30,111705,Baroda BNP Paribas LIQUID FUND - Regular Plan - WEEKLY IDCW OPTION,1000.3361
2026-09-30,111707,Baroda BNP Paribas LIQUID FUND - Regular Plan - DAILY IDCW OPTION,1001.1996
2026-09-30,111708,BANK OF INDIA ELSS Tax Saver FUND -Regular Plan-IDCW,30.97
2026-09-30,111709,BANK OF INDIA ELSS Tax Saver FUND -ECO Plan-Growth,174.51
2026-09-30,111710,BANK OF INDIA ELSS Tax Saver FUND  -Regular Plan- Growth,160.77
2026-09-30,111711,BANK OF INDIA ELSS Tax Saver FUND -ECO Plan-IDCW,28.97
2026-09-30,111712,BANK OF INDIA Conservative Hybrid Fund-Regular Plan-Growth,34.9113
2026-09-30,111713,BANK OF INDIA Conservative Hybrid Fund-Regular Plan-Quarterly IDCW,18.6292
2026-09-30,111714,BANK OF INDIA Conservative Hybrid Fund-Regular Plan-Annual IDCW,16.9473
2026-09-30,111715,BANK OF INDIA Conservative Hybrid Fund-ECO Plan-Growth,36.2955
2026-09-30,111716,BANK OF INDIA Conservative Hybrid Fund-Regular Plan-Monthly IDCW,17.9738
2026-09-30,111717,BANK OF INDIA Conservative Hybrid Fund-ECO Plan-Monthly IDCW,27.4946
2026-09-30,111722,CANARA ROBECO ELSS - TAX SAVER FUND - REGULAR PLAN - GROWTH OPTION,169.8000
2026-09-30,111743,Nippon India Ultra Short to Short Term  Fund - Retail Plan - Growth Plan -Bonus Option,2857.3442
2026-09-30,111744,NIPPON INDIA ULTRA SHORT TO SHORT TERM  FUND - RETAIL Plan - DAILY IDCW Option,1012.2363
2026-09-30,111745,NIPPON INDIA ULTRA SHORT TO SHORT TERM FUND - RETAIL Plan - WEEKLY IDCW Option,1012.7343
2026-09-30,111746,Nippon India Ultra Short to Short Term  Fund -Growth Plan -Bonus Option,2336.4689
2026-09-30,111747,NIPPON INDIA ULTRA SHORT To SHORT TERM FUND - DAILY IDCW Option,1012.2378
2026-09-30,111748,Nippon India Ultra Short to Short Term  Fund - Retail Plan - Growth Plan - Growth Option,3835.4959
2026-09-30,111749,NIPPON INDIA ULTRA SHORT TO SHORT TERM  FUND - MONTHLY IDCW Option,1030.4406
2026-09-30,111750,NIPPON INDIA ULTRA SHORT TO SHORT TERM  FUND - QUARTERLY IDCW Option,1015.3365
2026-09-30,111751,NIPPON ULTRA SHORT TO SHORT TERM  FUND - RETAIL Plan - MONTHLY IDCW Option,1032.3035
2026-09-30,111752,NIPPON INDIA ULTRA SHORT TO SHORT TERM  FUND - RETAIL Plan - QUARTERLY IDCW Option,1015.0498
2026-09-30,111753,Nippon India Ultra Short to Short Term  Fund- Growth Plan - Growth Option,4024.1335
2026-09-30,111754,NIPPON INDIA ULTRA SHORT TO SHORT TERM  FUND - WEEKLY IDCW Option,1012.5086
2026-09-30,111786,DSP Dynamic Term Fund - Regular Plan - IDCW - Daily,1047.2059
2026-09-30,111787,Taurus Ethical Fund - Regular Plan - Growth,120.21
2026-09-30,111788,Taurus Ethical Fund - Regular Plan - Payout of Income Distribution cum Capital Withdrawal option,79.82
2026-09-30,111803,Aditya Birla Sun Life Medium Term Fund- Growth - Regular Plan,43.7653
2026-09-30,111809,Aditya Birla Sun Life Medium Term Fund- REGULAR - Quarterly IDCW,13.5873
2026-09-30,111811,Aditya Birla Sun Life Medium Term Fund- REGULAR - HALFYEARLY IDCW,13.8053
2026-09-30,111812,Aditya Birla Sun Life Medium Term Fund - Regular - IDCW,16.6155
2026-09-30,111903,Taurus Ethical Fund -  Regular Plan - Bonus Option,120.19
2026-09-30,111935,Edelweiss Large Cap Fund -Plan B - Growth option,80.12
2026-09-30,111936,Edelweiss Large Cap Fund - Regular Plan - IDCW Option,25.09
2026-09-30,111937,Edelweiss Large Cap Fund -Plan C - Growth option,79.07
2026-09-30,111938,Edelweiss Large Cap Fund - Plan B - IDCW Option,73.35
2026-09-30,111939,Edelweiss Large Cap Fund - Plan C - IDCW Option,59.82
2026-09-30,111940,Edelweiss Large Cap Fund - Regular Plan - Growth Option,79.63
2026-09-30,111954,SBI Gold ETF,125.2164
2026-09-30,111957,ICICI Prudential Focused Fund - Growth,90.26
2026-09-30,111958,ICICI Prudential Focused Fund - IDCW,24.31
2026-09-30,111962,CANARA ROBECO DYNAMIC TERM FUND - REGULAR PLAN - GROWTH OPTION,29.5439
2026-09-30,111963,CANARA ROBECO DYNAMIC TERM FUND - REGULAR PLAN - IDCW (Payout/Reinvestment),13.1822
2026-09-30,111970,BANK OF INDIA Ultra Short Term Fund- Regular Plan- Daily IDCW,1005.0000
2026-09-30,111971,BANK OF INDIA Liquid Fund- Regular Plan- Daily IDCW,1005.0000
2026-09-30,111987,ICICI Prudential Corporate Bond Fund - Growth,31.9111
2026-09-30,111991,ICICI Prudential Corporate Bond Fund - Monthly IDCW,10.3764
2026-09-30,111992,ICICI Prudential Corporate Bond Fund -Quarterly IDCW,11.2211
2026-09-30,112012,Edelweiss Aggressive Hybrid Fund- Plan B-Growth Option,62.34
2026-09-30,112013,Edelweiss Aggressive Hybrid Fund  - Plan B - IDCW Option,61.93
2026-09-30,112038,Quantum Diversified Equity All Cap Active FOF - Direct Plan IDCW,82.084
2026-09-30,112039,Quantum Diversified Equity All Cap Active FOF - Direct Plan Growth Option,83.265
2026-09-30,112076,UTI Money Market Fund - Regular Plan - Daily IDCW (Reinvestment),1067.3607
2026-09-30,112077,UTI MMF - Regular Plan - Growth Option,3340.1242
2026-09-30,112083,UTI Ultra Short Term Fund - Discontinued - INSTN GROWTH OPTION,3267.0223
2026-09-30,112087,Aditya Birla Sun Life Arbitrage Fund-Regular - IDCW,11.0123
2026-09-30,112088,Aditya BIRLA SUN LIFE ARBITRAGE FUND - REGULAR PLAN - GROWTH,28.5273
2026-09-30,112089,Kotak Flexi Cap Fund - Payout of Income Distribution cum capital withdrawal option,49.095
2026-09-30,112090,Kotak Flexi Cap Fund - Growth,81.304
2026-09-30,112092,Franklin Build India Fund Growth Plan,136.4021
2026-09-30,112093,Franklin Build India Fund - IDCW,38.8301
2026-09-30,112096,ICICI Prudential Dynamic Term Fund - Growth,39.0136
2026-09-30,112097,ICICI Prudential Dynamic Term Fund - IDCW,24.2608
2026-09-30,112098,Invesco India Large Cap Fund - Regular Plan - Growth,68.68
2026-09-30,112099,Invesco India Large Cap Fund - Regular Plan - IDCW (Payout / Reinvestment),25.45
2026-09-30,112108,Edelweiss Aggressive Hybrid Fund - Regular Plan - Growth Option,63
2026-09-30,112109,Edelweiss Aggressive Hybrid Fund - Regular Plan - IDCW Option,24.56
2026-09-30,112117,Edelweiss Balanced Advantage Fund - Regular Plan - Growth Option,51.74
2026-09-30,112118,Edelweiss Balanced Advantage Fund - Regular Plan - Quarterly - IDCW Option,20.78
2026-09-30,112120,Invesco India Money Market Fund - Regular - Growth,2881.4297
2026-09-30,112122,Invesco India Money Market Fund - Regular - Monthly IDCW (Payout / Reinvestment),1530.4104
2026-09-30,112123,Invesco India Money Market Fund - Growth,3289.4122
2026-09-30,112125,Invesco India Money Market Fund - Monthly IDCW (Payout / Reinvestment),1018.2078
2026-09-30,112152,CANARA ROBECO CONSUMPTION FUND - REGULAR PLAN - GROWTH OPTION,102.4300
2026-09-30,112153,CANARA ROBECO CONSUMPTION FUND - REGULAR PLAN - IDCW (Payout/Reinvestment),41.8500
2026-09-30,112171,Invesco India PSU Equity Fund - Regular Plan - Growth,61.78
2026-09-30,112173,Invesco India PSU Equity Fund - Regular Plan - IDCW (Payout / Reinvestment),37.85
2026-09-30,112210,Axis Liquid Fund - Regular Plan - Growth Option,3139.5850
2026-09-30,112211,Axis Liquid Fund - Regular Plan - Daily IDCW,1001.3998
2026-09-30,112212,Axis Liquid Fund - Regular Plan - Weekly IDCW,1002.4525
2026-09-30,112213,Axis Liquid Fund - Regular Plan - Monthly IDCW,1002.0796
2026-09-30,112214,Axis Treasury Advantage Fund - Regular Plan - Growth Option,3334.2974
2026-09-30,112215,Axis Treasury Advantage Fund - Regular Plan - Daily IDCW,1013.2484
2026-09-30,112216,Axis Treasury Advantage Fund - Regular Plan - Weekly IDCW,1012.1893
2026-09-30,112217,Axis Treasury Advantage Fund - Regular Plan - Monthly IDCW,1010.5973
2026-09-30,112218,Tata Value Fund - Regular Plan - Payout of IDCW-Option A(5%),126.1417
2026-09-30,112277,Axis Large Cap Fund - Regular Plan - Growth,57.07
2026-09-30,112278,Axis Large Cap Fund - Regular Plan - IDCW,16.71
2026-09-30,112322,Axis ELSS Tax Saver Fund - Regular Plan - IDCW,22.6856
2026-09-30,112323,Axis ELSS Tax Saver Fund - Regular Plan - Growth,92.6537
2026-09-30,112327,Bandhan Conservative Hybrid Passive FOF - Regular Plan - Growth,34.3686
2026-09-30,112328,Bandhan Conservative Hybrid Passive FOF - Regular Plan - IDCW,16.6665
2026-09-30,112329,Bandhan Multi-Asset Passive FOF - Regular Plan - Growth,40.9613
2026-09-30,112330,Bandhan Multi-Asset Passive FOF - Regular Plan - IDCW,20.0714
2026-09-30,112331,Bandhan Aggressive Hybrid Passive FOF - Regular Plan - IDCW,26.0927
2026-09-30,112332,Bandhan Aggressive Hybrid Passive FOF - Regular Plan - Growth,47.8114
2026-09-30,112340,NIPPON INDIA LIQUID FUND - QUARTERLY IDCW OPTION,1005.4841
2026-09-30,112341,NIPPON INDIA MONEY MARKET FUND - QUARTERLY IDCW Option,1012.3281
2026-09-30,112342,ICICI Prudential Banking and PSU Debt Fund - Growth,34.8651
2026-09-30,112351,Kotak Nifty 50 ETF,251.3539
2026-09-30,112352,BANDHAN Conservative Hybrid Fund - Regular Plan - IDCW,11.0059
2026-09-30,112353,BANDHAN Conservative Hybrid Fund - Regular Plan - Growth,32.6405
2026-09-30,112354,Axis Short Duration Fund - Regular Plan - Growth Option,33.0566
2026-09-30,112355,Axis Short Duration Fund - Regular Plan - Monthly IDCW,10.0326
2026-09-30,112356,Aditya Birla Sun Life Short Term Fund - REGULAR - Quarterly IDCW,10.3419
2026-09-30,112359,BANK OF INDIA Manufacturing & Infrastructure Fund-Growth,66.17
2026-09-30,112360,BANK OF INDIA Manufacturing & Infrastructure Fund-Quarterly IDCW,42.95
2026-09-30,112361,BANK OF INDIA Manufacturing & Infrastructure Fund-Regular IDCW,42.18
2026-09-30,112368,Invesco India Gold Exchange Traded Fund,127.7175
2026-09-30,112369,Axis Short Duration Fund - Regular Plan - Weekly IDCW,10.3842
2026-09-30,112378,CANARA ROBECO CONSERVATIVE HYBRID FUND - REGULAR PLAN - QUARTERLY IDCW (Payout/Reinvestment),13.0930
2026-09-30,112635,UTI Money Market Fund - Regular Plan - Weekly IDCW,1108.6953
2026-09-30,112636,Navi Liquid Fund-Regular Plan-Growth Option,30.4158
2026-09-30,112645,Navi Liquid Fund - Regular Plan Daily IDCW,10.0129
2026-09-30,112646,Navi Liquid Fund - Regular Plan Weekly IDCW,10.0082
2026-09-30,112647,Navi Liquid Fund - Regular Plan Monthly IDCW,10.0205
2026-09-30,112712,Axis Liquid Fund - Retail Plan - Daily IDCW,1000.9559
2026-09-30,112713,Axis Liquid Fund - Retail Plan - Growth Option,2857.2162
2026-09-30,112714,Axis Liquid Fund - Retail Plan - Monthly IDCW,1001.4555
2026-09-30,112715,Axis Liquid Fund - Retail Plan - Weekly IDCW,1000.9804
2026-09-30,112717,Axis Treasury Advantage Fund - Retail Plan - Growth Option,3126.0910
2026-09-30,112718,Axis Treasury Advantage Fund - Retail Plan - Monthly IDCW,1010.5993
2026-09-30,112719,Axis Treasury Advantage Fund - Retail Plan - Weekly IDCW,1012.1895
2026-09-30,112720,Axis Treasury Advantage Fund - Retail Plan - Daily IDCW,1012.4736
2026-09-30,112721,Axis Short Duration Fund - Retail Plan - Growth Option,32.6743
2026-09-30,112722,Axis Short Duration Fund - Retail Plan - Weekly IDCW,10.2147
2026-09-30,112723,Axis Short Duration Fund - Retail Plan - Monthly IDCW,10.0100
2026-09-30,112868,Sundaram Conservative Hybrid Fund (Formerly Known as Sundaram Debt Oriented Hybrid Fund) Regular Plan - Growth,29.0376
2026-09-30,112870,Sundaram Conservative Hybrid Fund (Formerly Known as Sundaram Debt Oriented Hybrid Fund) Regular Plan -Income Distribution cum Capital Withdrawal (IDCW),18.1333
2026-09-30,112877,BANDHAN Nifty 50 Index Fund - Regular Plan - Growth,48.9339
2026-09-30,112878,BANDHAN Nifty 50 Index Fund - Regular Plan - IDCW,44.4134
2026-09-30,112901,DSP Focused Fund - Regular Plan - Growth,52.8180
2026-09-30,112923,SBI PSU Fund - Regular Plan - Income Distribution cum Capital Withdrawal Option (IDCW),32.6181
2026-09-30,112924,Axis Conservative Hybrid Fund - Regular Plan - Growth Option,30.0244
2026-09-30,112925,Axis Conservative Hybrid Fund - Regular Plan - Quarterly IDCW,10.1348
2026-09-30,112926,Axis Conservative Hybrid Fund - Regular Plan - Half Yearly IDCW,12.3543
2026-09-30,112927,Axis Conservative Hybrid Fund - Regular Plan - Annual IDCW,13.4976
2026-09-30,112931,Mirae Asset Large & Midcap Fund - Regular Plan - IDCW,45.758
2026-09-30,112932,Mirae Asset Large & Midcap Fund - Regular Plan - Growth,148.770
2026-09-30,112936,Nippon India Aggressive Hybrid Fund - Growth Plan,102.8407
2026-09-30,112937,NIPPON INDIA AGGRESSIVE HYBRID FUND - IDCW Option,25.6967
2026-09-30,112938,Nippon India Credit Risk Fund  - Growth Plan,38.1684
2026-09-30,112939,Nippon India Credit Risk Fund  - Institutional Growth Plan,40.2194
2026-09-30,112941,NIPPON INDIA CREDIT RISK FUND - QUARTERLY IDCW Option,13.0091
2026-09-30,112942,NIPPON INDIA FLOATING INTEREST RATES  FUND - QUARTERLY IDCW Option,10.9509
2026-09-30,112948,Taurus Nifty 50 Index Fund - Regular Plan - Growth,43.0423
2026-09-30,112949,Taurus Nifty 50 Index Fund - Regular Plan - Payout of Income Distribution cum Capital Withdrawal option,26.0426
2026-09-30,112957,ICICI Prudential Nifty Next 50 Index Fund - Growth,61.3025
2026-09-30,112958,ICICI Prudential Nifty Next 50 Index Fund -IDCW,61.3017
2026-09-30,113032,DSP Focused Fund - Regular Plan - IDCW,19.4940
2026-09-30,113036,Baroda BNP Paribas Short Term Fund - Regular Plan - Growth Option,31.0667
2026-09-30,113037,Baroda BNP Paribas Short Term Fund - Regular Plan - Monthly IDCW Option,10.1120
2026-09-30,113047,HDFC Short Term Fund - Growth Option,34.1585
2026-09-30,113048,HDFC Short Term Fund - Fortnightly IDCW Option,10.1794
2026-09-30,113049,HDFC Gold ETF - Growth Option,125.4623
2026-09-30,113064,Axis Multi Asset Allocation Fund - Regular Plan - Growth Option,43.7976
2026-09-30,113065,Axis Multi Asset Allocation Fund - Regular Plan - Monthly IDCW,18.7595
2026-09-30,113069,Motilal Oswal Nifty 50 ETF,237.0944
2026-09-30,113070,HDFC Corporate Bond Fund - Growth Option,34.2847
2026-09-30,113071,HDFC Corporate Bond Fund - Quarterly IDCW Option,10.5007
2026-09-30,113076,ICICI Prudential Gold ETF,125.7813
2026-09-30,113077,UTI Dynamic Term Fund - Regular Plan - Growth Option,32.4302
2026-09-30,113078,UTI Dynamic Term Fund - Regular Plan - Discontinued Quarterly IDCW,17.6579
2026-09-30,113097,ICICI Prudential Conservative Hybrid Fund - Plan - Quarterly IDCW,11.8840
2026-09-30,113098,ICICI Prudential Conservative Hybrid Fund - Plan - Half Yearly IDCW,12.6379
2026-09-30,113099,SBI PSU Fund - REGULAR PLAN -Growth,32.6219
2026-09-30,113134,Tata Aggressive Hybrid Fund- Regular Plan - Monthly Payout of IDCW Option,76.8768
2026-09-30,113137,ICICI Prudential Medium Term Fund - Quarterly IDCW,11.0475
2026-09-30,113144,CANARA ROBECO ULTRA SHORT TO SHORT TERM FUND - REGULAR PLAN - MONTHLY IDCW (Payout/Reinvestment),10.2600
2026-09-30,113153,DSP Small Cap Fund - Regular - IDCW,62.7590
2026-09-30,113169,Bandhan Medium Term Fund - Regular Plan - Quarterly IDCW,11.2051
2026-09-30,113177,Nippon India Small Cap Fund - Growth Plan - Growth Option,180.9788
2026-09-30,113178,Nippon India Small Cap Fund - Growth Plan - Bonus Option,180.9788
2026-09-30,113179,NIPPON INDIA SMALL CAP FUND - IDCW Option,93.0285
2026-09-30,113218,ICICI Prudential Dynamic Term Fund - Annual IDCW,10.9420
2026-09-30,113221,CANARA ROBECO LARGE CAP FUND - REGULAR PLAN - GROWTH OPTION,58.3700
2026-09-30,113222,CANARA ROBECO LARGE CAP FUND - REGULAR PLAN - IDCW (Payout/Reinvestment),26.9600
2026-09-30,113269,Nippon India Index Fund - BSE Sensex Plan - Growth Plan - Growth Option,37.0964
2026-09-30,113270,Nippon India Index Fund - BSE Sensex Plan - Growth Plan - Bonus Option,37.0964
2026-09-30,113271,NIPPON INDIA INDEX FUND - BSE SENSEX PLAN - QUARTERLY - IDCW Option,29.2437
2026-09-30,113294,NIPPON INDIA INDEX FUND - BSE SENSEX PLAN - HALF YEARLY - IDCW Option,29.2502
2026-09-30,113295,NIPPON INDIA INDEX FUND - BSE SENSEX PLAN - ANNUAL - IDCW Option,29.2401
2026-09-30,113296,Nippon India Index Fund - Nifty 50 Plan - Growth Plan - Growth Option,38.6488
2026-09-30,113297,Nippon India Index Fund - Nifty 50 Plan - Growth Plan - Bonus Option,38.6488
2026-09-30,113298,NIPPON INDIA INDEX FUND - NIFTY 50 PLAN - QUARTERLY - IDCW Option,30.4794
2026-09-30,113299,NIPPON INDIA INDEX FUND - NIFTY 50 PLAN - HALF YEARLY - IDCW Option,30.4807
2026-09-30,113300,NIPPON INDIA INDEX FUND - NIFTY 50 PLAN - ANNUAL - IDCW Option,30.3795
2026-09-30,113307,Aditya Birla Sun Life Ultra Short to Short Term Fund -Regular - DAILY IDCW,99.9837
2026-09-30,113345,Nippon India Arbitrage Fund - Growth Plan - Growth Option,28.4867
2026-09-30,113346,NIPPON INDIA ARBITRAGE FUND - IDCW Option,17.0720
2026-09-30,113361,BANDHAN Conservative Hybrid Fund - Regular Plan - Quarterly IDCW,13.2158
2026-09-30,113403,ICICI Prudential Dynamic Term Fund - Quarterly IDCW,11.9077
2026-09-30,113434,Axis Gold ETF,122.3277
2026-09-30,114239,ICICI Prudential Credit Risk Fund - Growth,34.8624
2026-09-30,114240,ICICI Prudential Credit Risk Fund - Quarterly IDCW,11.1996
2026-09-30,114297,SBI Overnight Fund - Regular Plan - Daily Income Distribution cum Capital Withdrawal Option (IDCW),1387.4716
2026-09-30,114348,SBI Money Market Fund - Regular Plan Daily Income Distribution cum Capital Withdrawal Option (IDCW),14.5564
2026-09-30,114359,Invesco India Ultra Short Term Fund - Regular Plan - Growth,2907.4721
2026-09-30,114360,Invesco India Ultra Short Term Fund - Regular Plan - Quarterly IDCW (Payout / Reinvestment),1128.6413
2026-09-30,114361,Invesco India Ultra Short Term Fund - Regular Plan - Annual IDCW (Payout / Reinvestment),1162.0727
2026-09-30,114362,Invesco India Ultra Short Term Fund - Regular Plan - Monthly IDCW (Payout / Reinvestment),1011.3636
2026-09-30,114456,Motilal Oswal Nifty Midcap 100 ETF,64.0640
2026-09-30,114457,Kotak Large Cap Fund - Payout of Income Distribution cumcapital withdrawal option,69.122
2026-09-30,114458,Kotak Large Cap Fund - Growth,535.481
2026-09-30,114476,BANDHAN Infrastructure Fund - Regular Plan - Growth,47.571
2026-09-30,114477,BANDHAN Infrastructure Fund - Regular Plan - IDCW,35.454
2026-09-30,114564,Axis Midcap Fund - Regular Plan - Growth,117.05
2026-09-30,114565,Axis Midcap Fund - Regular Plan - IDCW,39.91
2026-09-30,114616,Nippon India Gold Savings Fund-Growth plan- Growth Option,55.8998
2026-09-30,114617,NIPPON INDIA GOLD SAVINGS FUND - IDCW Option,55.8998
2026-09-30,114757,Kotak Gold Fund Payout of Income Distribution cum capital withdrawal option,56.1901
2026-09-30,114758,Kotak Gold Fund Growth,56.1912
2026-09-30,114858,Kotak Conservative Hybrid Fund - Monthly Payout of Income Distribution cum capital withdrawal option,11.9242
2026-09-30,114859,Kotak Conservative Hybrid Fund - Growth,59.0196
2026-09-30,114930,Mirae Asset Great Consumer Fund - Regular Plan - IDCW,24.899
2026-09-30,114931,Mirae Asset Great Consumer Fund - Regular Plan - Growth,88.873
2026-09-30,115068,Axis Dynamic Bond Fund - Regular Plan - Growth Option,31.5411
2026-09-30,115069,Axis Dynamic Bond Fund - Regular Plan - Quarterly IDCW,11.4594
2026-09-30,115077,CANARA ROBECO SHORT TERM FUND - REGULAR PLAN - GROWTH OPTION,26.9247
2026-09-30,115078,CANARA ROBECO SHORT TERM FUND - REGULAR PLAN - MONTHLY IDCW (Payout/Reinvestment),15.7276
2026-09-30,115079,CANARA ROBECO SHORT TERM FUND - REGULAR PLAN - QUARTERLY IDCW (Payout/Reinvestment),15.3231
2026-09-30,115091,ICICI Prudential Ultra Short Term Fund - Quarterly IDCW,10.9779
2026-09-30,115092,ICICI Prudential Ultra Short Term Fund - Growth,29.9085
2026-09-30,115094,ICICI Prudential Ultra Short Term Fund - Monthly IDCW,10.7015
2026-09-30,115127,Aditya Birla Sun Life Gold ETF,129.2041
2026-09-30,115131,Axis Dynamic Bond Fund - Regular Plan - Half Yearly IDCW,11.7920
2026-09-30,115132,Quantum Gold ETF FOF - Direct Plan Growth Option,56.3023
2026-09-30,115270,Union Flexi Cap Fund - Growth Option,50.59
2026-09-30,115284,Invesco India Nifty 50 Exchange Traded Fund,259.7718
2026-09-30,115290,Union Flexi Cap Fund - IDCW Option,28.19
2026-09-30,115398,Union Liquid Fund - Growth Option,2711.1365
2026-09-30,115399,Union Liquid Fund - Fortnightly IDCW Option,1001.9656
2026-09-30,115400,Union Liquid Fund - Monthly IDCW Option,1001.4504
2026-09-30,115401,Union Liquid Fund - Daily IDCW Option,1001.4576
2026-09-30,115402,Union Liquid Fund - Weekly IDCW Option,1001.8344
2026-09-30,115458,Invesco India Ultra Short to Short Term Fund - Discretionary IDCW (Payout / Reinvestment),4160.3851
2026-09-30,115464,Tata Treasury Advantage Fund Regular Plan - Periodic Payout of IDCW Option,2683.3747
2026-09-30,115483,UTI Ultra Short to Short Term Fund - Regular Plan - Quarterly IDCW,1458.6058
2026-09-30,115489,BANDHAN LIQUID Fund - Regular Plan - Periodic IDCW,1467.9168
2026-09-30,115505,ICICI Prudential Liquid Fund - IDCW Others,193.7598
2026-09-30,115510,ICICI Prudential Floating Interest Rates Fund - IDCW Others,201.5861
2026-09-30,115511,ICICI Prudential Ultra Short to Short Term Fund - IDCW Others,196.9638
2026-09-30,115512,Aditya Birla Sun Life Nifty 50 ETF,26.5490
2026-09-30,115515,Invesco India Money Market Fund - Daily IDCW (Reinvestment),1000.29
2026-09-30,115676,SBI GOLD FUND REGULAR PLAN - GROWTH,42.8684
2026-09-30,115677,SBI Gold Fund - Regular Plan - Income Distribution cum Capital Withdrawal Option (IDCW),42.8752
2026-09-30,115833,ICICI Prudential Gold ETF FOF - Growth,45.2658
2026-09-30,115834,ICICI Prudential Gold ETF FOF - IDCW,45.2667
2026-09-30,115874,Bandhan Income Plus Arbitrage Active FOF - Regular Plan - Fortnightly IDCW,12.1375
2026-09-30,115897,Axis Gold Fund - Regular Plan - Growth Option,42.4558
2026-09-30,115898,Axis Gold Fund - Regular Plan - IDCW,42.5087
2026-09-30,115934,HDFC Gold ETF Fund of Fund - Growth Option,43.6658
2026-09-30,115942,Tata Retirement Savings Fund - Progressive Plan -Regular Plan-Growth Option,65.5650
2026-09-30,115943,Tata Retirement Savings Fund- Moderate Plan-Regular Plan-Growth Option,65.1217
2026-09-30,115944,Tata Retirement Savings Fund- Conservative Plan-Regular Plan-Growth Option,32.2663
2026-09-30,115991,Groww Liquid Fund (formerly known as Indiabulls Liquid Fund) - Regular Plan - Growth Option,2724.8292
2026-09-30,115992,Groww Liquid Fund (formerly known as Indiabulls Liquid Fund)- Regular Plan- - Income Distribution cum capital withdrawal Option (Reinvestment),1002.0894
2026-09-30,115993,Groww Liquid Fund (formerly known as Indiabulls Liquid Fund)- Regular Plan- Weekly - Income Distribution cum capital withdrawal Option (Payout & Reinvestment),1002.1793
2026-09-30,115994,Groww Liquid Fund (formerly known as Indiabulls Liquid) Fund- Regular Plan- Fortnightly - Income Distribution cum capital withdrawal Option (Payout & Reinvestment),1002.6001
2026-09-30,115995,Groww Liquid Fund (formerly known as Indiabulls Liquid Fund)- Regular Plan- Monthly - Income Distribution cum capital withdrawal Option (Payout & Reinvestment),1006.2546
2026-09-30,116020,BANDHAN Ultra Short to Short Term Fund - Regular Plan - Periodic IDCW,13.7645
2026-09-30,116051,Union ELSS Tax Saver Fund - Growth Option,63.31
2026-09-30,116052,Union ELSS Tax Saver Fund - IDCW Option,35.39
2026-09-30,116075,Invesco India Gold ETF Fund of Fund - Regular Plan - IDCW (Payout / Reinvestment),41.3272
2026-09-30,116077,Invesco India Gold ETF Fund of Fund - Regular Plan - Growth,41.3227
2026-09-30,116109,Invesco India Corporate Bond Fund - Regular Plan - Discretionary IDCW (Payout / Reinvestment),3527.1717
2026-09-30,116110,Invesco India Short Term Fund- Regular Plan - Discretionary IDCW (Payout / Reinvestment),2813.4666
2026-09-30,116174,ICICI Prudential Banking and PSU Debt Fund - Quarterly IDCW,11.0226
2026-09-30,116413,BANDHAN Ultra Short to Short Term Fund - Regular Plan - Quarterly IDCW,11.1831
2026-09-30,116470,Axis Gilt Fund - Regular Plan - Regular IDCW,9.9177
2026-09-30,116471,Axis Gilt Fund - Regular Plan - Growth Option,26.5106
2026-09-30,116472,Axis Gilt Fund - Regular Plan - Half Yearly IDCW,11.6985
2026-09-30,116484,PGIM India Dynamic Term Fund - Dividend Option - Quarterly,1019.7594
2026-09-30,116485,PGIM India Dynamic Term Fund - Growth Option,2691.9176
2026-09-30,116488,Invesco India Money Market Fund - Regular Plan - Daily IDCW (Reinvestment),1008.6058
2026-09-30,116547,Groww Largecap Fund (formerly known as Indiabulls Blue Chip Fund) - Regular Plan- Growth Option,40.77
2026-09-30,116548,Groww Largecap Fund (formerly known as Indiabulls Bluechip Fund)- Regular Plan- - Income Distribution cum capital withdrawal Option (Payout & Reinvestment),22.97
2026-09-30,116555,Union Dynamic Term Fund - Growth Option,23.3535
2026-09-30,116556,Union Dynamic Term Fund - IDCW Option,15.5698
2026-09-30,116653,Invesco India Money Market Fund - Discretionary IDCW (Payout / Reinvestment),3292.7578
2026-09-30,116795,Aditya Birla Sun Life Gold Fund-REGULAR - IDCW,42.5064
2026-09-30,116796,Aditya Birla Sun Life Gold Fund-Growth,42.5085
2026-09-30,116894,Axis Strategic Bond Fund - Regular Plan - Growth Option,30.1162
2026-09-30,116895,Axis Strategic Bond Fund - Regular Plan - Quarterly IDCW,10.1552
2026-09-30,116896,Axis Strategic Bond Fund - Regular Plan - Half Yearly IDCW,10.3983
2026-09-30,117061,DSP Credit Risk Fund - Regular Plan - IDCW - Monthly,11.2545
2026-09-30,117062,DSP Credit Risk Fund - Regular Plan - IDCW - Quarterly,11.4647
2026-09-30,117063,DSP Ultra Short Term Fund - Regular Plan - IDCW - Monthly,1080.7074
2026-09-30,117312,Taurus Banking & Financial Services Fund - Regular Plan - Growth,50.56
2026-09-30,117313,Taurus Banking & Financial Services Fund - Regular Plan - Payout of Income Distribution cum Capital Withdrawal option,45.26
2026-09-30,117446,Axis Banking & PSU Debt Fund - Regular Plan - Growth option,2797.3238
2026-09-30,117447,Axis Banking & PSU Debt Fund - Regular Plan - Daily IDCW,1036.2880
2026-09-30,117448,Axis Banking & PSU Debt Fund - Regular Plan - Weekly IDCW,1035.8863
2026-09-30,117449,Axis Banking & PSU Debt Fund - Regular Plan - Monthly IDCW,1033.3072
2026-09-30,117547,Baroda BNP Paribas Banking and Financial Services Fund - Regular - IDCW Option,19.3889
2026-09-30,117549,Baroda BNP Paribas Banking and Financial Services Fund - Regular - Growth Option,47.2804
2026-09-30,117559,Axis Focused Fund - Regular Plan - IDCW,17.51
2026-09-30,117560,Axis Focused Fund - Regular Plan - Growth Option,53.09
2026-09-30,117608,Quantum Multi Asset Active FOF - Direct Plan Growth Option,36.3780
2026-09-30,117715,Kotak Credit Risk Fund - Regular Plan - Standard Income Distribution cum capital withdrawal option,13.8831
2026-09-30,117716,Kotak Credit Risk Fund - Growth,31.9233
2026-09-30,117867,Bandhan Income Plus Arbitrage Active FOF - Regular Plan - Weekly IDCW,12.3775
2026-09-30,117868,Bandhan Income Plus Arbitrage Active FOF - Regular Plan - Daily IDCW,12.3648
2026-09-30,117973,Invesco India Short Term Fund - Regular Plan - Daily IDCW (Reinvestment),1033.3647
2026-09-30,117974,NIPPON INDIA DYNAMIC TERM FUND - QUARTERLY IDCW Option,10.2365
2026-09-30,117981,UTI Credit Risk Fund  - Regular Plan - Growth Option,18.3293
2026-09-30,117982,UTI Credit Risk Fund - Regular Plan - Discontinued Quarterly IDCW,13.0196
2026-09-30,117995,DSP Ultra Short Term Fund - Regular Plan - IDCW - Payout,1121.1276
2026-09-30,117998,Kotak Dynamic Term Fund Regular Plan - Standard Income Distribution cum capital withdrawal option,14.9072
2026-09-30,118211,SBI Credit Risk Fund - Regular Plan - Daily Income Distribution cum Capital Withdrawal Option (IDCW),16.4784
2026-09-30,118232,Invesco India Banking and PSU Debt Fund - Regular Plan - Growth Option,2398.2158
2026-09-30,118233,Invesco India Banking and PSU Debt Fund - Regular Plan - Monthly IDCW (Payout / Reinvestment),1061.4626
2026-09-30,118234,Invesco India Banking and PSU Debt Fund - Regular Plan - Daily IDCW (Reinvestment),1047.7443
2026-09-30,118267,CANARA ROBECO INFRASTRUCTURE FUND - DIRECT PLAN - GROWTH OPTION,182.4600
2026-09-30,118268,CANARA ROBECO INFRASTRUCTURE FUND - DIRECT PLAN - IDCW (Payout/Reinvestment),82.7500
2026-09-30,118269,CANARA ROBECO LARGE CAP FUND - DIRECT PLAN - GROWTH OPTION,68.3800
2026-09-30,118270,CANARA ROBECO LARGE CAP FUND - DIRECT PLAN - IDCW (Payout/Reinvestment),49.8400
2026-09-30,118271,CANARA ROBECO AGGRESSIVE HYBRID FUND - DIRECT PLAN - MONTHLY IDCW (Payout/Reinvestment),124.9900
2026-09-30,118272,CANARA ROBECO AGGRESSIVE HYBRID FUND - DIRECT PLAN - GROWTH OPTION,406.3300
2026-09-30,118273,CANARA ROBECO CONSUMPTION FUND - DIRECT PLAN - GROWTH OPTION,119.5400
2026-09-30,118274,CANARA ROBECO CONSUMPTION FUND - DIRECT PLAN - IDCW (Payout/Reinvestment),77.5800
2026-09-30,118275,CANARA ROBECO FLEXI CAP FUND - DIRECT PLAN - GROWTH OPTION,370.9400
2026-09-30,118276,CANARA ROBECO FLEXI CAP FUND - DIRECT PLAN - IDCW (Payout/Reinvestment),87.5600
2026-09-30,118277,CANARA ROBECO LARGE AND MID CAP FUND - DIRECT PLAN - IDCW (Payout/Reinvestment),122.3800
2026-09-30,118278,CANARA ROBECO LARGE AND MID CAP FUND - DIRECT PLAN - GROWTH OPTION,283.6000
2026-09-30,118281,CANARA ROBECO MEDIUM TO LONG TERM FUND - DIRECT PLAN - QUARTERLY IDCW (Payout/Reinvestment),16.6397
2026-09-30,118282,CANARA ROBECO MEDIUM TO LONG TERM FUND - DIRECT PLAN - GROWTH OPTION,64.4609
2026-09-30,118283,CANARA ROBECO DYNAMIC TERM FUND - DIRECT PLAN - IDCW (Payout/Reinvestment),14.9015
2026-09-30,118284,CANARA ROBECO DYNAMIC TERM FUND - DIRECT PLAN - GROWTH OPTION,33.0169
2026-09-30,118285,CANARA ROBECO ELSS - TAX SAVER FUND - DIRECT PLAN - GROWTH OPTION,192.3500
2026-09-30,118286,CANARA ROBECO ELSS - TAX SAVER FUND - DIRECT PLAN - IDCW (Payout),74.5800
2026-09-30,118291,CANARA ROBECO ULTRA SHORT TO SHORT TERM FUND - DIRECT PLAN - GROWTH OPTION,46.8082
2026-09-30,118292,CANARA ROBECO ULTRA SHORT TO SHORT TERM FUND - DIRECT PLAN - IDCW (Payout/Reinvestment),38.8912
2026-09-30,118293,CANARA ROBECO ULTRA SHORT TO SHORT TERM FUND - DIRECT PLAN - DAILY IDCW (Reinvestment),10.2600
2026-09-30,118294,CANARA ROBECO ULTRA SHORT TO SHORT TERM  FUND - DIRECT PLAN - WEEKLY IDCW (Payout/Reinvestment),10.2600
2026-09-30,118295,CANARA ROBECO ULTRA SHORT TO SHORT TERM FUND - DIRECT PLAN - MONTHLY IDCW (Payout/Reinvestment),10.2600
2026-09-30,118298,CANARA ROBECO GILT FUND - DIRECT PLAN - IDCW (Payout/Reinvestment),16.1867
2026-09-30,118299,CANARA ROBECO GILT FUND - DIRECT PLAN - GROWTH OPTION,83.2190
2026-09-30,118304,CANARA ROBECO LIQUID FUND - DIRECT PLAN - IDCW (Payout/Reinvestment),2272.1170
2026-09-30,118305,CANARA ROBECO LIQUID FUND - DIRECT PLAN - GROWTH OPTION,3413.6913
2026-09-30,118306,CANARA ROBECO LIQUID FUND - DIRECT PLAN - MONTHLY IDCW (Payout/Reinvestment),1000.2341
2026-09-30,118307,CANARA ROBECO LIQUID FUND - DIRECT PLAN - DAILY IDCW (Reinvestment),1005.5000
2026-09-30,118308,CANARA ROBECO LIQUID FUND - DIRECT PLAN - WEEKLY IDCW (Payout/Reinvestment),1000.0502
2026-09-30,118309,CANARA ROBECO CONSERVATIVE HYBRID FUND - DIRECT PLAN - GROWTH OPTION,114.5407
2026-09-30,118310,CANARA ROBECO CONSERVATIVE HYBRID FUND - DIRECT PLAN - QUARTERLY IDCW (Payout/Reinvestment),15.7656
2026-09-30,118311,CANARA ROBECO CONSERVATIVE HYBRID FUND - DIRECT PLAN - MONTHLY IDCW (Payout/Reinvestment),15.6940
2026-09-30,118315,CANARA ROBECO ULTRA SHORT TERM FUND - DIRECT PLAN - DAILY IDCW (Reinvestment),1240.7100
2026-09-30,118316,CANARA ROBECO ULTRA SHORT TERM FUND - DIRECT PLAN - WEEKLY IDCW (Payout/Reinvestment),1240.7100
2026-09-30,118317,CANARA ROBECO ULTRA SHORT TERM FUND - DIRECT PLAN - GROWTH OPTION,4372.6353
2026-09-30,118318,CANARA ROBECO ULTRA SHORT TERM FUND - DIRECT PLAN - MONTHLY IDCW (Payout/Reinvestment),1000.2315
2026-09-30,118319,CANARA ROBECO ULTRA SHORT TERM FUND - DIRECT PLAN - IDCW (Payout/Reinvestment),2327.3188
2026-09-30,118320,CANARA ROBECO SHORT TERM FUND - DIRECT PLAN - GROWTH OPTION,29.6041
2026-09-30,118321,CANARA ROBECO SHORT TERM FUND - DIRECT PLAN - MONTHLY IDCW (Payout/Reinvestment),18.4333
2026-09-30,118322,CANARA ROBECO SHORT TERM FUND - DIRECT PLAN - QUARTERLY IDCW (Payout/Reinvestment),17.1478
2026-09-30,118363,BANDHAN LIQUID Fund -Direct Plan-Periodic IDCW,1385.6323
2026-09-30,118364,BANDHAN LIQUID Fund -Direct Plan-Growth,3439.4313
2026-09-30,118365,BANDHAN LIQUID Fund -Direct Plan -Monthly IDCW,1007.2481
2026-09-30,118366,BANDHAN LIQUID Fund -Direct Plan-Daily IDCW,1001.6663
2026-09-30,118367,BANDHAN LIQUID Fund -Direct Plan -Weekly IDCW,1007.9696
2026-09-30,118368,BANDHAN Ultra Short to Short Term Fund-Direct Plan-Daily IDCW,10.1111
2026-09-30,118369,BANDHAN Ultra Short to Short Term Fund-Direct Plan-Quarterly IDCW,11.1260
2026-09-30,118370,BANDHAN Ultra Short to Short Term Fund-Direct Plan-Periodic IDCW,13.9634
2026-09-30,118371,BANDHAN Ultra Short to Short Term Fund-Direct Plan-Growth,42.6287
2026-09-30,118372,BANDHAN Ultra Short to Short Term Fund-Direct Plan-Monthly IDCW,10.1195
2026-09-30,118373,BANDHAN Ultra Short to Short Term Fund-Direct Plan-Weekly IDCW,10.1056
2026-09-30,118383,Bandhan Money Market Fund -Direct Plan-Daily IDCW,10.0994
2026-09-30,118384,Bandhan Money Market Fund -Direct Plan-Growth,47.3775
2026-09-30,118385,Bandhan Money Market Fund -Direct Plan-Monthly IDCW,10.1910
2026-09-30,118386,Bandhan Money Market Fund -Direct Plan-Weekly IDCW,10.1073
2026-09-30,118387,Bandhan 10 year Constant Maturity Gilt Fund - Direct Plan - Growth,48.7871
2026-09-30,118388,Bandhan 10 year Constant Maturity Gilt Fund - Direct Plan - Quarterly IDCW,11.7668
2026-09-30,118389,Bandhan 10 year Constant Maturity Gilt Fund - Direct Plan - Weekly IDCW,17.6190
2026-09-30,118390,Bandhan 10 year Constant Maturity Gilt Fund - Direct Plan - Monthly IDCW,10.3136
2026-09-30,118393,Bandhan Medium to Long Term Fund - Direct Plan - Annual IDCW,16.4082
2026-09-30,118394,Bandhan Medium to Long Term Fund - Direct Plan - Growth,74.9969
2026-09-30,118395,Bandhan Medium to Long Term Fund - Direct Plan - Half Yearly IDCW,12.6734
2026-09-30,118396,Bandhan Medium to Long Term Fund - Direct Plan - Quarterly IDCW,12.7783
2026-09-30,118399,Bandhan Medium Term Fund - Direct Plan - Bi Monthly IDCW,10.5812
2026-09-30,118400,Bandhan Medium Term Fund - Direct Plan - Daily IDCW,10.4244
2026-09-30,118401,Bandhan Medium Term Fund - Direct Plan - Growth,53.3859
2026-09-30,118402,Bandhan Medium Term Fund - Direct Plan - Monthly IDCW,10.4600
2026-09-30,118403,Bandhan Medium Term Fund - Direct Plan - Quarterly IDCW,11.4079
2026-09-30,118405,Bandhan Short Term Fund - Direct Plan - Fortnightly IDCW,10.3690
2026-09-30,118406,Bandhan Short Term Fund - Direct Plan - Monthly IDCW,10.3724
2026-09-30,118407,Bandhan Short Term Fund - Direct Plan - Growth,65.9239
2026-09-30,118408,Bandhan Income Plus Arbitrage Active FOF - Direct Plan - Annual IDCW,15.1631
2026-09-30,118409,Bandhan Income Plus Arbitrage Active FOF - Direct Plan - Daily IDCW,12.4330
2026-09-30,118410,Bandhan Income Plus Arbitrage Active FOF - Direct Plan - Growth,49.3768
2026-09-30,118411,Bandhan Income Plus Arbitrage Active FOF - Direct Plan - Half Yearly IDCW,16.2665
2026-09-30,118412,Bandhan Income Plus Arbitrage Active FOF - Direct Plan - Weekly IDCW,12.4435
2026-09-30,118413,Bandhan Income Plus Arbitrage Active FOF - Direct Plan - Quarterly IDCW,12.9314
2026-09-30,118414,Bandhan Income Plus Arbitrage Active FOF - Direct Plan - Fortnightly IDCW,12.3758
2026-09-30,118415,BANDHAN Dynamic Term Fund-Direct Plan-Annual IDCW,12.1475
2026-09-30,118416,BANDHAN Dynamic Term Fund-Direct Plan-Growth,40.2398
2026-09-30,118417,BANDHAN Dynamic Term Fund-Direct Plan-IDCW,17.2758
2026-09-30,118418,BANDHAN Dynamic Term Fund-Direct Plan-Quarterly IDCW,13.6560
2026-09-30,118419,Bandhan Large & Mid Cap Fund - Direct Plan - Growth,160.677
2026-09-30,118420,Bandhan Large & Mid Cap Fund - Direct Plan - IDCW,35.744
2026-09-30,118421,Bandhan Focused Fund - Direct Plan - Growth,106.052
2026-09-30,118422,Bandhan Focused Fund - Direct Plan - IDCW,33.961
2026-09-30,118423,BANDHAN Flexi Cap Fund-Direct Plan-IDCW,49.304
2026-09-30,118424,BANDHAN Flexi Cap Fund-Direct Plan-Growth,221.108
2026-09-30,118462,Franklin India Large Cap Fund - Direct - IDCW,46.9738
2026-09-30,118463,Bandhan Gilt Fund - Direct Plan - IDCW,15.7569
2026-09-30,118464,Bandhan Gilt Fund - Direct Plan - Growth,40.8669
2026-09-30,118465,Bandhan Gilt Fund - Direct Plan - Half Yearly IDCW,12.1212
2026-09-30,118466,Bandhan Gilt Fund - Direct Plan - Quarterly IDCW,11.6884
2026-09-30,118467,Bandhan Gilt Fund - Direct Plan - Annual IDCW,12.7175
2026-09-30,118468,BANDHAN Infrastructure Fund-Direct Plan-IDCW,43.886
2026-09-30,118469,BANDHAN Infrastructure Fund-Direct Plan-Growth,56.420
2026-09-30,118472,BANDHAN ELSS - Tax Saver Fund - Direct Plan - IDCW,39.923
2026-09-30,118473,BANDHAN ELSS - Tax Saver Fund - Direct Plan - Growth,172.517
2026-09-30,118474,BANDHAN Arbitrage Fund-Direct Plan- Growth,37.9216
2026-09-30,118475,BANDHAN Arbitrage Fund-Direct Plan-Monthly IDCW,10.7453
2026-09-30,118476,BANDHAN Equity Savings Fund-Direct Plan-Monthly IDCW,11.338
2026-09-30,118477,BANDHAN Equity Savings Fund-Direct Plan-Growth,36.136
2026-09-30,118478,BANDHAN Large Cap Fund-Direct Plan-IDCW,27.335
2026-09-30,118479,BANDHAN Large Cap Fund-Direct Plan-Growth,86.843
2026-09-30,118480,Bandhan Value Fund - Direct Plan - IDCW,46.967
2026-09-30,118481,Bandhan Value Fund - Direct Plan - Growth,162.619
2026-09-30,118482,BANDHAN Nifty 50 Index Fund-Direct Plan-Growth,50.6872
2026-09-30,118483,BANDHAN Nifty 50 Index Fund-Direct Plan-IDCW,46.0691
2026-09-30,118484,Bandhan Aggressive Hybrid Passive FOF - Direct Plan - IDCW,35.7854
2026-09-30,118485,Bandhan Aggressive Hybrid Passive FOF - Direct Plan - Growth,51.9831
2026-09-30,118486,Bandhan Conservative Hybrid Passive FOF - Direct Plan - Growth,36.9830
2026-09-30,118487,Bandhan Conservative Hybrid Passive FOF - Direct Plan - IDCW,17.4773
2026-09-30,118488,Bandhan Multi-Asset Passive FOF - Direct Plan - IDCW,21.1612
2026-09-30,118489,Bandhan Multi-Asset Passive FOF - Direct Plan - Growth,44.0538
2026-09-30,118490,BANDHAN Conservative Hybrid Fund-Direct Plan-IDCW,13.0198
2026-09-30,118491,BANDHAN Conservative Hybrid Fund-Direct Plan-Growth,36.9738
2026-09-30,118492,BANDHAN Conservative Hybrid Fund-Direct Plan-Quarterly IDCW,15.9020
2026-09-30,118493,Templeton India Value Fund - Direct - IDCW,100.2938
2026-09-30,118494,Templeton India Value Fund - Direct - Growth,739.4296
2026-09-30,118497,Franklin India Government Securities Fund - Direct - IDCW,11.7204
2026-09-30,118498,Franklin India Government Securities Fund - Direct - Growth,67.7108
2026-09-30,118505,Franklin India Money Market Fund Retail Option - Direct - Quarterly - IDCW,11.6763
2026-09-30,118506,Franklin India Money Market Fund - Direct - Growth,56.2174
2026-09-30,118507,Franklin India Floating Rate Fund - Direct - IDCW,10.0372
2026-09-30,118508,Franklin India Floating Rate Fund - Direct - Growth,48.1924
2026-09-30,118509,Franklin India Large & Mid cap Fund - Direct - IDCW,21.6218
2026-09-30,118510,Franklin India Large & Mid Cap Fund - Direct - Growth,199.8003
2026-09-30,118524,Franklin India Small Cap Fund - Direct - IDCW,51.6348
2026-09-30,118525,Franklin India Small Cap Fund - Direct - Growth,198.6764
2026-09-30,118531,Franklin India Large Cap Fund- Direct - Growth,1068.3205
2026-09-30,118532,Franklin India Mid Cap Fund - Direct - IDCW,99.8129
2026-09-30,118533,Franklin India Mid Cap Fund - Direct - Growth,3035.0644
2026-09-30,118534,Franklin India Flexi Cap Fund - Direct - IDCW,65.8171
2026-09-30,118535,Franklin India Flexi Cap Fund - Direct - Growth,1702.1894
2026-09-30,118540,Franklin India ELSS Tax Saver Fund - Direct - Growth,1524.1525
2026-09-30,118541,Franklin India ELSS Tax Saver Fund - Direct - IDCW,66.7396
2026-09-30,118546,Franklin India Aggressive Hybrid Fund - Direct - Growth,298.9581
2026-09-30,118547,Franklin India Aggressive Hybrid Fund - Direct - IDCW,32.2265
2026-09-30,118548,Franklin India Retirement Fund - Direct - Growth,237.6070
2026-09-30,118549,Franklin India Retirement Fund - Direct - IDCW,18.0735
2026-09-30,118556,Franklin Build India Fund - Direct - IDCW,47.4499
2026-09-30,118557,Franklin Build India Fund - Direct - Growth,158.7333
2026-09-30,118558,Franklin Asian Equity Fund - Direct - IDCW,22.5075
2026-09-30,118559,Franklin Asian Equity Fund - Direct - Growth,49.1551
2026-09-30,118563,Franklin India Focused Equity Fund - Direct - IDCW,34.5437
2026-09-30,118564,Franklin India Focused Equity Fund - Direct - Growth,107.3920
2026-09-30,118569,Franklin India Corporate Debt Fund - Direct - GROWTH,116.3937
2026-09-30,118570,Franklin India Corporate Debt Fund - Plan A - Direct - Annual - IDCW,19.1552
2026-09-30,118571,Franklin India Corporate Debt Fund - Plan A - Direct - Monthly - IDCW,16.8543
2026-09-30,118572,Franklin India Corporate Debt Fund - Plan A - Direct - Quarterly - IDCW,13.4763
2026-09-30,118573,Franklin India Corporate Debt Fund - Plan A - Direct - Half yearly - IDCW,14.4184
2026-09-30,118574,Franklin India Conservative Hybrid Fund - Direct - GROWTH,101.9176
2026-09-30,118575,Franklin India Conservative Hybrid Fund - Plan A - Direct - Monthly - IDCW,14.0612
2026-09-30,118576,Franklin India Conservative Hybrid Fund - Plan A - Direct - Quarterly - IDCW,13.2227
2026-09-30,118577,Franklin India Liquid Fund - Super Institutional - Direct - Growth,4283.8082
2026-09-30,118578,Franklin India Liquid Fund - Super Institutional Plan - Direct - Daily - IDCW,1002.8152
2026-09-30,118579,Franklin India Liquid Fund - Super Institutional Plan - Direct - Weekly - IDCW,1022.4794
2026-09-30,118580,Franklin India INDEX FUND- NSE Nifty 50 Index Fund - Direct - IDCW,168.7143
2026-09-30,118581,Franklin India INDEX FUND- NSE NIFTY 50 INDEX FUND- Direct - Growth,193.6733
2026-09-30,118585,Nippon India Arbitrage Fund - Direct Plan Growth Plan - Growth Option,31.0483
2026-09-30,118587,NIPPON INDIA ARBITRAGE FUND - DIRECT Plan - IDCW Option,19.1171
2026-09-30,118588,Nippon India Banking & Financial Services Fund - Direct Plan Growth Plan - Bonus Option,671.4139
2026-09-30,118589,Nippon India Banking & Financial Services Fund - Direct Plan Growth Plan - Growth Option,671.4139
2026-09-30,118591,Nippon India Banking & Financial Services Fund- DIRECT Plan - IDCW Option,97.5182
2026-09-30,118614,Edelweiss Balanced Advantage Fund - Direct Plan - Quarterly - IDCW Option,28.62
2026-09-30,118615,Edelweiss Balanced Advantage Fund -Direct Plan-Growth Option,59.64
2026-09-30,118616,Edelweiss Large Cap Fund - Direct Plan - IDCW Option,36.73
2026-09-30,118617,Edelweiss Large Cap Fund - Direct Plan-Growth option,93.06
2026-09-30,118619,Edelweiss ELSS Tax Saver Fund - Direct Plan - IDCW Option,44.63
2026-09-30,118620,Edelweiss ELSS Tax Saver Fund - Direct Plan-Growth Option,131.97
2026-09-30,118624,Edelweiss Aggressive Hybrid Fund-Direct Plan-Growth Option,73.84
2026-09-30,118625,Edelweiss Aggressive Hybrid Fund  - Direct Plan - IDCW Option,31.39
2026-09-30,118632,Nippon India Large Cap Fund - Direct Plan Growth Plan - Growth Option,95.6162
2026-09-30,118633,Nippon India Large Cap Fund - Direct Plan Growth Plan - Bonus Option,95.6162
2026-09-30,118634,NIPPON INDIA LARGE CAP FUND - DIRECT Plan - IDCW Option,38.0303
2026-09-30,118650,Nippon India Multi Cap Fund - Direct Plan Growth Plan - Growth Option,319.4820
2026-09-30,118651,Nippon India Multi Cap Fund - Direct Plan Growth Plan - Bonus Option,319.4820
2026-09-30,118652,NIPPON INDIA MULTI CAP FUND - DIRECT Plan - IDCW Option,82.6661
2026-09-30,118654,NIPPON INDIA FLOATING INTEREST RATES  FUND - DIRECT Plan - DAILY IDCW Option,10.2613
2026-09-30,118655,NIPPON INDIA FLOATING INTEREST RATES  FUND - DIRECT Plan - MONTHLY IDCW Option,11.3087
2026-09-30,118656,Nippon India Floating Interest Rates  Fund  - Direct Plan Growth Plan - Growth Option,50.9737
2026-09-30,118660,NIPPON INDIA FLOATING INTEREST RATES   FUND - DIRECT Plan - WEEKLY IDCW Option,10.2474
2026-09-30,118661,NIPPON INDIA FLOATING INTEREST RATES  FUND - DIRECT Plan - QUARTERLY IDCW Option,10.8509
2026-09-30,118662,NIPPON INDIA GOLD SAVINGS FUND - Direct Plan - IDCW Option,58.5941
2026-09-30,118663,Nippon India Gold Savings Fund - Direct Plan Growth Plan - Growth Option,58.5941
2026-09-30,118665,Nippon India Growth Mid Cap Fund - Direct Plan Growth Plan - Bonus Option,792.8414
2026-09-30,118666,NIPPON INDIA GROWTH MID CAP FUND - DIRECT Plan - IDCW Option,185.1070
2026-09-30,118668,Nippon India Growth Mid Cap Fund - Direct Plan Growth Plan - Growth Option,4772.2313
2026-09-30,118669,Nippon India Gilt  Fund - Direct Plan - P F Option - Automatic Capital Appreciation Payout Option,44.1134
2026-09-30,118670,NIPPON INDIA GILT  FUND - Direct Plan - MONTHLY IDCW Option,11.6521
2026-09-30,118672,Nippon India Gilt  Fund - Direct Plan Growth Plan - Growth Option,44.2280
2026-09-30,118673,Nippon India Gilt  Fund - Direct Plan - P F Option - Defined Maturity Date Option,44.3475
2026-09-30,118674,Nippon India Gilt Fund - Direct Plan - P F Option - Automatic Annual Reinvest Option,23.9388
2026-09-30,118675,Nippon India Vision Large & Mid Cap Fund - Direct Plan Growth Plan - Bonus Option,260.3234
2026-09-30,118676,NIPPON INDIA VISION LARGE & MID CAP  FUND - DIRECT Plan - IDCW Option,67.2726
2026-09-30,118678,Nippon India Vision Large & Mid Cap Fund - Direct Plan Growth Plan - Growth Option,1535.4525
2026-09-30,118679,Nippon India Medium to Long Term  Fund - Direct Plan Growth Plan-Bonus Option,29.9260
2026-09-30,118680,NIPPON INDIA MEDIUM TO LONG TERM  FUND - Direct Plan - ANNUAL IDCW Option,14.3379
2026-09-30,118681,NIPPON INDIA MEDIUM TO LONG TERM  FUND - Direct Plan - HALF YEARLY IDCW Option,13.3266
2026-09-30,118683,NIPPON INDIA MEDIUM TO LONG TERM  FUND - Direct Plan - MONTHLY IDCW Option,11.3444
2026-09-30,118684,NIPPON INDIA MEDIUM TO LONG TERM FUND - Direct Plan - QUARTERLY IDCW Option,13.8368
2026-09-30,118687,Nippon India Medium to Long Term Fund - Direct Plan Growth Plan - Growth Option,104.7247
2026-09-30,118689,NIPPON INDIA QUARTERLY INTERVAL FUND - SERIES II - Direct Plan - IDCW Option,13.6042
2026-09-30,118691,Nippon India Quarterly Interval Fund - Series II - Direct Plan Growth Plan - Growth,39.2582
2026-09-30,118692,Nippon India Focused Fund - Direct Plan Growth Plan - Growth Option,128.8419
2026-09-30,118693,NIPPON INDIA FOCUSED  FUND - DIRECT Plan - IDCW Option,42.9620
2026-09-30,118695,NIPPON INDIA LIQUID FUND - DIRECT Plan - DAILY IDCW OPTION,1528.7400
2026-09-30,118696,NIPPON INDIA LIQUID FUND - DIRECT Plan - MONTHLY IDCW OPTION,1588.4366
2026-09-30,118698,NIPPON INDIA LIQUID FUND - DIRECT Plan - QUARTERLY IDCW OPTION,1005.5429
2026-09-30,118700,NIPPON INDIA LIQUID FUND - DIRECT Plan - WEEKLY IDCW OPTION,1530.3000
2026-09-30,118701,Nippon India Liquid Fund - Direct Plan Growth Plan - Growth Option,6975.6630
2026-09-30,118702,Nippon India Ultra Short to Short Term Fund - Direct Plan Growth Plan - Bonus Option,2497.1532
2026-09-30,118703,NIPPON INDIA ULTRA SHORT TO SHORT TERM FUND - DIRECT Plan - DAILY IDCW Option,1012.3553
2026-09-30,118704,NIPPON INDIA ULTRA SHORT TO SHORT TERM FUND - DIRECT Plan - MONTHLY IDCW Option,1038.6563
2026-09-30,118705,NIPPON INDIA ULTRA SHORT TO SHORT TERM  FUND - DIRECT Plan - QUARTERLY IDCW Option,1015.5708
2026-09-30,118706,NIPPON INDIA ULTRA SHORT TO SHORT TERM  FUND - DIRECT Plan - WEEKLY IDCW Option,1012.7527
2026-09-30,118709,Nippon India Ultra Short to Short Term Fund - Direct Plan Growth Plan - Growth Option,4298.8008
2026-09-30,118715,Nippon India Money Market Fund - Direct Plan Growth Plan - Bonus Option,2680.7236
2026-09-30,118716,NIPPON INDIA MONEY MARKET FUND - DIRECT Plan - QUARTERLY IDCW Option,1012.3182
2026-09-30,118717,NIPPON INDIA MONEY MARKET FUND - DIRECT Plan - WEEKLY IDCW Option,1007.6426
2026-09-30,118718,NIPPON INDIA MONEY MARKET FUND - DIRECT Plan - DAILY IDCW Option,1006.2379
2026-09-30,118719,Nippon India Money Market Fund - Direct Plan Growth Plan - Growth Option,4558.8885
2026-09-30,118720,NIPPON INDIA MONEY MARKET FUND - DIRECT Plan - MONTHLY IDCW Option,1026.0320
2026-09-30,118722,Nippon India Consumption Fund - Direct Plan Growth Plan - Bonus,207.8209
2026-09-30,118724,Nippon India Consumption Fund - Direct Plan Growth Plan - Growth Option,207.8209
2026-09-30,118725,NIPPON INDIA CONSUMPTION FUND - DIRECT Plan - IDCW Option,50.9024
2026-09-30,118726,Nippon India Conservative Hybrid  Fund - Direct Plan Growth Plan - Growth Option,69.0179
2026-09-30,118727,NIPPON INDIA CONSERVATIVE HYBRID  FUND - DIRECT Plan - MONTHLY IDCW Option,11.6498
2026-09-30,118729,NIPPON INDIA CONSERVATIVE HYBRID  FUND - DIRECT Plan - QUARTERLY IDCW Option,12.7538
2026-09-30,118736,Nippon India Balanced Advantage Fund - Direct Plan Growth Plan - Growth Option,204.3662
2026-09-30,118738,NIPPON INDIA BALANCED ADVANTAGE FUND - DIRECT Plan - IDCW Option,44.3143
2026-09-30,118740,NIPPON INDIA INDEX FUND - NIFTY 50 PLAN - DIRECT Plan - QUARTERLY - IDCW Option,33.2902
2026-09-30,118741,Nippon India Index Fund - Nifty 50 Plan - Direct Plan Growth Plan - Growth Option,41.7930
2026-09-30,118742,Nippon India Index Fund - Nifty 50 Plan - Direct Plan Growth Plan - Bonus Option,41.7930
2026-09-30,118743,NIPPON INDIA INDEX FUND - NIFTY 50 PLAN - DIRECT Plan - ANNUAL - IDCW Option,33.3457
2026-09-30,118745,NIPPON INDIA INDEX FUND - NIFTY 50 PLAN - DIRECT Plan - HALF YEARLY - IDCW Option,33.2977
2026-09-30,118747,Nippon India Dynamic Term Fund - Direct Plan Growth Plan - Growth Option,42.2898
2026-09-30,118749,NIPPON INDIA DYNAMIC TERM FUND - Direct Plan - QUARTERLY IDCW Option,10.3372
2026-09-30,118750,NIPPON INDIA DYNAMIC TERM FUND - Direct Plan - IDCW Option,30.5534
2026-09-30,118756,NIPPON INDIA PHARMA FUND - DIRECT Plan - IDCW Option,172.4770
2026-09-30,118758,Nippon India Pharma Fund - Direct Plan Growth Plan - Bonus Option,630.2169
2026-09-30,118759,Nippon India Pharma Fund - Direct Plan Growth Plan - Growth Option,630.2169
2026-09-30,118760,NIPPON INDIA POWER & INFRA FUND - DIRECT Plan - IDCW Option,73.8579
2026-09-30,118762,Nippon India Power & Infra Fund - Direct Plan Growth Plan - Bonus Option,402.9319
2026-09-30,118763,Nippon India Power & Infra Fund - Direct Plan Growth Plan - Growth Option,402.9319
2026-09-30,118767,NIPPON INDIA QUANT FUND - DIRECT Plan - IDCW Option,43.0797
2026-09-30,118769,Nippon India Quant Fund - Direct Plan Growth Plan - Growth Option,75.0972
2026-09-30,118770,Nippon India Quant Fund - Direct Plan Growth Plan - Bonus Option,75.0972
2026-09-30,118775,NIPPON INDIA SMALL CAP FUND - Direct Plan - IDCW Option,108.8082
2026-09-30,118777,Nippon India Small Cap Fund - Direct Plan Growth Plan - Bonus Option,204.5942
2026-09-30,118778,Nippon India Small Cap Fund - Direct Plan Growth Plan - Growth Option,204.5942
2026-09-30,118780,Nippon India Credit Risk Fund - Direct Plan - Growth Plan,42.4070
2026-09-30,118781,NIPPON INDIA CREDIT RISK FUND - DIRECT Plan - QUARTERLY IDCW Option,13.6103
2026-09-30,118782,NIPPON INDIA VALUE FUND - DIRECT Plan - IDCW Option,61.7407
2026-09-30,118784,Nippon India Value Fund - Direct Plan Growth Plan,233.7860
2026-09-30,118785,Nippon India Index Fund - BSE Sensex Plan - Direct Plan Growth Plan - Bonus Option,39.4508
2026-09-30,118786,NIPPON INDIA INDEX FUND - BSE SENSEX PLAN - DIRECT Plan - ANNUAL - IDCW Option,31.3814
2026-09-30,118788,NIPPON INDIA INDEX FUND - BSE SENSEX PLAN - DIRECT Plan - HALF YEARLY - IDCW Option,31.3408
2026-09-30,118790,NIPPON INDIA INDEX FUND - BSE SENSEX PLAN - DIRECT Plan - QUARTERLY - IDCW Option,31.3837
2026-09-30,118791,Nippon India Index Fund - BSE Sensex Plan - Direct Plan Growth Plan - Growth Option,39.4508
2026-09-30,118793,NIPPON INDIA AGGRESSIVE HYBRID FUND - DIRECT Plan - IDCW Option,36.5886
2026-09-30,118794,Nippon India Aggressive Hybrid Fund  - Direct Plan Growth Plan,117.1061
2026-09-30,118796,Nippon India Short Term Fund - Direct Plan Growth Plan - Growth Option,61.5580
2026-09-30,118797,NIPPON INDIA SHORT TERM FUND - Direct Plan - MONTHLY IDCW Option,11.7473
2026-09-30,118800,NIPPON INDIA SHORT TERM FUND - Direct Plan - QUARTERLY IDCW OPTION,15.1930
2026-09-30,118801,NIPPON INDIA ELSS TAX SAVER FUND - DIRECT Plan - IDCW Option,43.9877
2026-09-30,118803,Nippon India ELSS Tax Saver Fund - Direct Plan Growth Plan - Growth Option,138.9836
2026-09-30,118807,Nippon India Corporate Bond Fund - Direct Plan Growth Plan - Bonus,47.9959
2026-09-30,118808,NIPPON INDIA CORPORATE BOND FUND - DIRECT Plan - DAILY IDCW Option,17.0551
2026-09-30,118809,NIPPON INDIA CORPORATE BOND FUND - DIRECT Plan - MONTHLY IDCW Option,11.7616
2026-09-30,118811,NIPPON INDIA CORPORATE BOND FUND - DIRECT Plan - QUARTERLY IDCW Option,12.0837
2026-09-30,118812,NIPPON INDIA CORPORATE BOND FUND - DIRECT Plan - WEEKLY IDCW Option,17.0590
2026-09-30,118814,Nippon India Corporate Bond Fund - Direct Plan Growth Plan - Growth Option,67.2260
2026-09-30,118825,Mirae Asset Large Cap Fund - Direct Plan - Growth,120.887
2026-09-30,118826,Mirae Asset Large Cap Fund - Direct Plan - IDCW,63.102
2026-09-30,118834,Mirae Asset Large & Midcap Fund - Direct Plan - Growth,169.290
2026-09-30,118835,Mirae Asset Large & Midcap Fund - Direct Plan - IDCW,79.383
2026-09-30,118837,Mirae Asset Great Consumer Fund - Direct Plan - Growth,107.726
2026-09-30,118838,Mirae Asset Great Consumer Fund - Direct Plan - IDCW,64.680
2026-09-30,118840,Mirae Asset Ultra Short to Short Term Fund - Direct Plan - Growth,2660.8005
2026-09-30,118841,Mirae Asset Ultra Short to Short Term Fund - Direct Plan - Monthly IDCW,1160.2724
2026-09-30,118842,Mirae Asset Ultra Short to Short Term Fund - Direct Plan - Quarterly IDCW,1013.0471
2026-09-30,118843,Mirae Asset Ultra Short to Short Term Fund - Direct Plan - Daily IDCW,1208.9337
2026-09-30,118844,Mirae Asset Ultra Short to Short Term Fund - Direct Plan - Weekly IDCW,1454.3849
2026-09-30,118859,Mirae Asset Liquid Fund - Direct Plan - Growth,3007.0915
2026-09-30,118860,Mirae Asset Liquid Fund - Direct Plan - Monthly IDCW,1135.5272
2026-09-30,118861,Mirae Asset Liquid Fund - Direct Plan - Daily IDCW,1075.8332
2026-09-30,118862,Mirae Asset Liquid Fund - Direct Plan - Weekly IDCW,1216.2089
2026-09-30,118866,Taurus ELSS Tax Saver Fund - Direct Plan - Growth,198.41
2026-09-30,118867,Taurus ELSS Tax Saver Fund - Direct Plan - Payout of Income Distribution cum Capital Withdrawal option,91.44
2026-09-30,118868,Taurus Banking & Financial Services Fund - Direct Plan - Growth,57.01
2026-09-30,118869,Taurus Banking & Financial Services Fund - Direct Plan - Payout of Income Distribution cum Capital Withdrawal option,56.35
2026-09-30,118870,Taurus Large Cap Fund - Direct Plan - Growth,175.95
2026-09-30,118871,Taurus Large Cap Fund - Direct Plan - Payout of Income Distribution cum Capital Withdrawal option,67.36
2026-09-30,118872,Taurus Mid Cap Fund - Direct Plan - Growth,134.34
2026-09-30,118873,Taurus Mid Cap Fund - Direct Plan - Payout of Income Distribution cum Capital Withdrawal option,106.75
2026-09-30,118876,Taurus Ethical Fund - Direct Plan - Growth,137.73
2026-09-30,118877,Taurus Ethical Fund - Direct Plan - Payout of Income Distribution cum Capital Withdrawal option,90.82
2026-09-30,118878,Taurus Ethical Fund-Direct Plan-Bonus Option #,45.14
2026-09-30,118879,Taurus Infrastructure Fund - Direct Plan - Growth,63.83
2026-09-30,118880,Taurus Infrastructure Fund - Direct Plan - Payout of Income Distribution cum Capital Withdrawal option,59.44
2026-09-30,118881,Taurus Nifty 50 Index Fund - Direct Plan - Growth,45.9935
2026-09-30,118882,Taurus Nifty 50 Index Fund - Direct Plan - Payout of Income Distribution cum Capital Withdrawal option,40.8496
2026-09-30,118883,Taurus Flexi Cap Fund - Direct Plan - Growth,249.86
2026-09-30,118884,Taurus Flexi Cap Fund - Direct Plan -  Payout of Income Distribution cum Capital Withdrawal option,109.69
2026-09-30,118901,HSBC Liquid Fund - Regular Daily IDCW,1001.3789
2026-09-30,118902,HSBC Liquid Fund - Regular Growth,2808.5498
2026-09-30,118903,HSBC Liquid Fund - Regular Monthly IDCW,1003.119
2026-09-30,118904,HSBC Liquid Fund - Regular Weekly IDCW,1107.679
2026-09-30,118906,HSBC Liquid Fund - IDCW,1019.3
2026-09-30,118907,HSBC Liquid Fund - Growth,4052.1877
2026-09-30,118908,HSBC Liquid Fund - Weekly IDCW,1001.4973
2026-09-30,118909,HSBC Liquid Fund - Institutional Daily IDCW,1562.8262
2026-09-30,118921,DSP Medium Term Fund - Direct Plan - IDCW - Monthly,11.2245
2026-09-30,118922,DSP Medium Term Fund - Direct Plan - IDCW,11.7614
2026-09-30,118924,DSP Medium Term Fund - Direct Plan - Growth,92.0073
2026-09-30,118934,HDFC Value Fund - IDCW Option - Direct Plan,44.615
2026-09-30,118935,HDFC Value Fund - Growth Option - Direct Plan,862.46
2026-09-30,118942,HDFC Ultra Short to Short Term Fund - Direct Plan - Growth,67.6781
2026-09-30,118943,HDFC Ultra Short to Short Term Fund - Direct Plan - Monthly IDCW,10.1479
2026-09-30,118944,HDFC Ultra Short to Short Term Fund - Direct Plan - Weekly IDCW,10.0634
2026-09-30,118945,HDFC Ultra Short to Short Term Fund - Direct Plan - Daily IDCW,10.0654
2026-09-30,118949,HDFC Focused Fund - IDCW Option - Direct Plan,30.475
2026-09-30,118950,HDFC Focused Fund - Growth Option - Direct Plan,256.258
2026-09-30,118954,HDFC Flexi Cap Fund - IDCW Option - Direct Plan,87.704
2026-09-30,118955,HDFC Flexi Cap Fund - Growth Option - Direct Plan,2169.071
2026-09-30,118959,HDFC Floating Interest Rates Fund - Direct Plan - Daily IDCW,10.0692
2026-09-30,118960,HDFC Floating Interest Rates Fund - Direct Plan - Monthly IDCW,10.1519
2026-09-30,118961,HDFC Floating Interest Rates Fund - Direct Plan - Growth Option,54.8997
2026-09-30,118962,HDFC Floating Interest Rates Fund - Direct Plan - Weekly IDCW,10.031
2026-09-30,118968,HDFC Balanced Advantage Fund - Growth Plan - Direct Plan,549.919
2026-09-30,118969,HDFC Balanced Advantage Fund - IDCW Plan - Direct Plan,41.248
2026-09-30,118978,HDFC Infrastructure Fund - IDCW Option - Direct Plan,31.074
2026-09-30,118979,HDFC Infrastructure Fund - Growth Option - Direct Plan,50.779
2026-09-30,118986,HDFC Corporate Bond Fund - Quarterly IDCW Option - Direct Plan,10.4003
2026-09-30,118987,HDFC Corporate Bond Fund - Growth Option - Direct Plan,35.1437
2026-09-30,118988,HDFC Mid Cap Fund - IDCW Option - Direct Plan,78.324
2026-09-30,118989,HDFC Mid Cap Fund - Growth Option - Direct Plan,220.579
2026-09-30,118992,DSP Conservative Hybrid Fund - Direct Plan - IDCW - Monthly,13.8663
2026-09-30,118993,DSP Conservative Hybrid Fund - Direct Plan - IDCW - Quarterly,13.6161
2026-09-30,118994,DSP Conservative Hybrid Fund - Direct Plan - Growth,68.5239
2026-09-30,119015,HDFC Short Term Fund - Fortnightly IDCW - Direct Plan,10.2872
2026-09-30,119016,HDFC Short Term Fund - Growth Option - Direct Plan,35.3943
2026-09-30,119017,HDFC Large Cap Fund - IDCW Option - Direct Plan,58.835
2026-09-30,119018,HDFC Large Cap Fund - Growth Option - Direct Plan,1161.706
2026-09-30,119019,DSP Aggressive Hybrid Fund - Direct Plan - Growth,382.8120
2026-09-30,119020,DSP Aggressive Hybrid Fund - Direct Plan - IDCW,67.3960
2026-09-30,119053,Tata Aggressive Hybrid Fund -Direct Plan- Growth Option,477.5955
2026-09-30,119057,Tata Aggressive Hybrid Fund- Direct Plan - Monthly Payout of IDCW Option,93.4266
2026-09-30,119058,Tata Aggressive Hybrid Fund- Direct Plan - Periodic Payout of IDCW Option,93.7660
2026-09-30,119059,HDFC ELSS - Tax Saver Fund- IDCW Option - Direct Plan,88.565
2026-09-30,119060,HDFC ELSS - Tax Saver Fund - Growth Option - Direct Plan,1416.896
2026-09-30,119061,HDFC Aggressive Hybrid Fund - IDCW Option - Direct Plan,16.805
2026-09-30,119062,HDFC Aggressive Hybrid Fund - Growth Option - Direct Plan,119.972
2026-09-30,119063,HDFC Nifty 50 Index Fund - Direct Plan,221.3947
2026-09-30,119065,HDFC BSE Sensex Index Fund - Direct Plan,693.862
2026-09-30,119066,HDFC Childrens Fund - Direct Plan,316.811
2026-09-30,119068,HDFC Medium to Long Term Fund - Quarterly IDCW- Direct Plan,12.8046
2026-09-30,119069,HDFC Medium to Long Term Fund - Growth Option - Direct Plan,67.1177
2026-09-30,119070,DSP Midcap Fund - Direct Plan - IDCW,66.0970
2026-09-30,119071,DSP Midcap Fund - Direct Plan - Growth,165.5170
2026-09-30,119072,HDFC Dynamic Term Fund - Half Yearly IDCW - Direct Plan,13.7482
2026-09-30,119073,HDFC Dynamic Term Fund - Quarterly IDCW - Direct Plan,14.1616
2026-09-30,119074,HDFC Dynamic Term Fund - Yearly IDCW - Direct Plan,15.3898
2026-09-30,119075,HDFC Dynamic Term Fund - Growth Option - Direct Plan,103.2174
2026-09-30,119076,DSP Flexi Cap Fund - Direct Plan - Growth,110.8290
2026-09-30,119077,DSP Flexi Cap Fund - Direct Plan - IDCW,81.4750
2026-09-30,119080,HDFC Medium Term Fund - Fortnightly IDCW Opt - Direct Plan,10.0881
2026-09-30,119081,HDFC Medium Term Fund - Growth Option - Direct Plan,66.0044
2026-09-30,119082,DSP Credit Risk Fund - Direct Plan - Growth,60.8824
2026-09-30,119083,DSP Credit Risk Fund - Direct Plan - IDCW,12.7621
2026-09-30,119084,DSP Credit Risk Fund - Direct Plan -  IDCW - Monthly,11.1929
2026-09-30,119085,DSP Credit Risk Fund - Direct Plan - IDCW - Quarterly,11.5345
2026-09-30,119086,DSP Credit Risk Fund - Direct Plan - IDCW - Weekly,11.1201
2026-09-30,119087,DSP Credit Risk Fund - Direct Plan - IDCW - Daily,11.1109
2026-09-30,119088,HDFC Liquid Fund - IDCW Weekly - Direct Plan,1031.3918
2026-09-30,119089,HDFC Liquid Fund - IDCW Daily - Direct Plan,1019.82
2026-09-30,119090,HDFC Liquid Fund - IDCW Monthly - Direct Plan,1026.6606
2026-09-30,119091,HDFC Liquid Fund - Growth Option - Direct Plan,5593.1126
2026-09-30,119092,HDFC Money Market Fund - Growth Option - Direct Plan,6321.8271
2026-09-30,119093,HDFC Money Market Fund - Daily IDCW Option - Direct Plan,1063.64
2026-09-30,119094,HDFC Money Market Fund - Weekly IDCW Option -Direct Plan,1062.9687
2026-09-30,119095,DSP Focused Fund - Direct Plan - IDCW,38.6250
2026-09-30,119096,DSP Focused Fund - Direct Plan - Growth,59.7360
2026-09-30,119099,DSP Gilt Fund - Direct Plan - Growth,105.4511
2026-09-30,119100,DSP Gilt Fund - Direct Plan - IDCW - Monthly,10.8075
2026-09-30,119101,DSP Gilt Fund - Direct Plan - IDCW,12.1400
2026-09-30,119106,DSP Money Market Fund - Direct Plan - Growth,58.8046
2026-09-30,119107,DSP Money Market Fund - Direct Plan - IDCW - Monthly,11.0510
2026-09-30,119108,DSP Money Market Fund - Direct Plan - IDCW,12.2739
2026-09-30,119109,HDFC Overnight Fund - Daily IDCW Option - Direct Plan,1042.66
2026-09-30,119110,HDFC Overnight Fund - Growth Option - Direct Plan,4094.7017
2026-09-30,119115,HDFC Gilt Fund - IDCW Option - Direct Plan,12.9153
2026-09-30,119116,HDFC Gilt Fund - Growth Option - Direct Plan,60.128
2026-09-30,119118,HDFC Conservative Hybrid Fund - Growth Option - Direct Plan,88.4746
2026-09-30,119119,HDFC Conservative Hybrid Fund - IDCW Monthly - Direct Plan,14.7059
2026-09-30,119120,HDFC Conservative Hybrid Fund - IDCW Quarterly - Direct Plan,15.4873
2026-09-30,119123,DSP Liquid Fund - Direct Plan - IDCW - Weekly,1002.2154
2026-09-30,119124,DSP Liquid Fund - Direct Plan - IDCW - Daily,1001.4663
2026-09-30,119125,DSP Liquid Fund - Direct Plan - Growth,4074.9293
2026-09-30,119128,HDFC Equity Savings Fund - Growth Option - Direct Plan,75.522
2026-09-30,119129,HDFC Equity Savings Fund - IDCW Option - Direct Plan,14.651
2026-09-30,119130,HDFC Multi Asset Allocation Fund - IDCW Option - Direct Plan,20.953
2026-09-30,119131,HDFC Multi Asset Allocation Fund - Growth Option - Direct Plan,82.23
2026-09-30,119132,HDFC Gold ETF Fund of Fund - Direct Plan,45.8842
2026-09-30,119133,Groww Largecap Fund (formerly known as Indiabulls Blue Chip Fund) - Direct Plan - Growth Option,49.65
2026-09-30,119134,Groww Largecap Fund (formerly known as Indiabulls Bluechip Fund)- Direct Plan- - Income Distribution cum capital withdrawal Option (Payout & Reinvestment),28.76
2026-09-30,119135,Groww Liquid Fund ( formerly known as Indiabulls Liquid )Fund - Direct Plan - Growth Option,2761.6454
2026-09-30,119136,Groww Liquid Fund (formerly known as Indiabulls Liquid Fund) - Direct Plan- - Income Distribution cum capital withdrawal Option ( Reinvestment),1002.0907
2026-09-30,119137,Groww Liquid Fund (formerly known as Indiabulls Liquid Fund)- Direct Plan- Weekly - Income Distribution cum capital withdrawal Option (Payout & Reinvestment),1002.1854
2026-09-30,119138,Groww Liquid Fund (formerly known as Indiabulls Liquid Fund)- Direct Plan- Fortnightly - Income Distribution cum capital withdrawal Option (Payout & Reinvestment),1002.618
2026-09-30,119139,Groww Liquid Fund (formerly known as Indiabulls Liquid Fund)- Direct Plan- Monthly - Income Distribution cum capital withdrawal Option (Payout & Reinvestment),1034.1171
2026-09-30,119159,Tata Large Cap Fund- Direct Plan - Payout of IDCW Option,117.5748
2026-09-30,119160,Tata Large Cap Fund -Direct Plan Growth Option,554.2840
2026-09-30,119161,Navi Liquid Fund - Direct Plan Monthly IDCW - Payout,10.0206
2026-09-30,119162,Navi Liquid Fund - Direct Plan Weekly IDCW - Payout,10.0079
2026-09-30,119163,Navi Liquid Fund - Direct Plan Daily IDCW - ReInvestment,10.0129
2026-09-30,119164,Navi Liquid Fund-Direct Plan-Growth Option,30.7071
2026-09-30,119171,Tata Ethical Fund- Direct Plan - Payout of IDCW Option,212.0577
2026-09-30,119172,Tata Ethical Fund -Direct Plan- Growth Option,396.6038
2026-09-30,119177,Tata Mid Cap Fund - Direct Plan- IDCW Option,162.5990
2026-09-30,119178,Tata Mid Cap Fund - Direct Plan- Growth Option,507.2589
2026-09-30,119201,Tata Large & Mid Cap Fund Direct Plan - Payout of IDCW Option,100.9497
2026-09-30,119202,Tata Large & MId Cap Fund -Direct Plan- Growth Option,546.2520
2026-09-30,119203,DSP Ultra Short Term Fund - Direct Plan - IDCW - Daily,1005.3951
2026-09-30,119204,DSP Ultra Short Term Fund - Direct Plan - IDCW - Monthly,1088.9994
2026-09-30,119205,DSP Ultra Short Term Fund - Direct Plan - Growth,4015.2401
2026-09-30,119206,DSP Ultra Short Term Fund - Direct Plan - IDCW,1133.0696
2026-09-30,119207,DSP Ultra Short Term Fund - Direct Plan - IDCW - Weekly,1005.8445
2026-09-30,119212,DSP Small Cap Fund - Direct Plan - Growth,254.3970
2026-09-30,119213,DSP Small Cap Fund - Direct Plan - IDCW,69.8260
2026-09-30,119218,DSP Large & Mid Cap Fund - Direct Plan - Growth,660.2290
2026-09-30,119219,DSP Large & Mid Cap Fund - Direct Plan - IDCW,98.4720
2026-09-30,119222,DSP Short Term Fund - Direct Plan - IDCW,12.3247
2026-09-30,119223,DSP Short Term Fund - Direct Plan - IDCW - Weekly,10.1685
2026-09-30,119224,DSP Short Term Fund - Direct Plan - IDCW - Monthly,11.7273
2026-09-30,119226,DSP Short Term Fund - Direct Plan - Growth,53.9786
2026-09-30,119231,Tata Value Fund -Direct Plan Growth Option,386.3818
2026-09-30,119232,Tata Value Fund- Direct Plan -Payout of IDCW-Option A(5%),141.9743
2026-09-30,119233,Tata Value Fund- Direct Plan - Payout of IDCW -Option B(10%),131.3081
2026-09-30,119236,DSP Dynamic Term Fund - Direct Plan - IDCW - Monthly,1067.4285
2026-09-30,119238,DSP Dynamic Term Fund - Direct Plan - IDCW,2498.8096
2026-09-30,119239,DSP Dynamic Term Fund - Direct Plan - Growth,3667.5718
2026-09-30,119241,DSP ELSS Tax Saver Fund - Direct Plan - IDCW,86.6860
2026-09-30,119242,DSP ELSS Tax Saver Fund - Direct Plan - Growth,147.1140
2026-09-30,119243,Tata Infrastructure Fund -Direct Plan -Growth Option,193.1723
2026-09-30,119244,Tata Infrastructure Fund- Direct Plan - Payout of IDCW Option,94.6153
2026-09-30,119247,DSP India T.I.G.E.R. Fund - Direct Plan - Growth,383.1550
2026-09-30,119248,DSP India T.I.G.E.R. Fund - Direct Plan - IDCW,56.3760
2026-09-30,119249,DSP Large Cap Fund - Direct Plan - IDCW,25.5230
2026-09-30,119250,DSP Large Cap Fund - Direct Plan - Growth,477.6190
2026-09-30,119251,Tata Retirement Savings Fund- Progressive Plan -Direct Plan-Growth Option,80.9978
2026-09-30,119255,Tata Retirement Savings Fund- Moderate Plan -Direct Plan-Growth Option,78.8437
2026-09-30,119256,Tata Retirement Savings Fund- Conservative Plan-Direct Plan-Growth Option,38.3166
2026-09-30,119281,Tata ELSS Fund- Direct Plan - Payout of IDCW Option,224.9016
2026-09-30,119287,Tata S&P BSE Sensex Index Fund - Direct Plan,194.1900
2026-09-30,119288,Tata Nifty 50 Index Fund -Direct Plan,153.9830
2026-09-30,119292,Union Flexi Cap Fund - Direct Plan - Growth Option,57.06
2026-09-30,119293,Union Flexi Cap Fund - Direct Plan - IDCW Option,46.08
2026-09-30,119300,BANK OF INDIA Large & Mid Cap Fund Direct Plan- Bonus,53.69
2026-09-30,119301,Union Liquid Fund - Direct Plan - Daily IDCW Option,1003.6225
2026-09-30,119302,Union Liquid Fund - Direct Plan - Monthly IDCW Option,1001.8889
2026-09-30,119303,Union Liquid Fund - Direct Plan - Growth Option,2747.6833
2026-09-30,119304,Union Liquid Fund - Direct Plan - Weekly IDCW Option,1001.5765
2026-09-30,119305,Union Liquid Fund - Direct Plan - Fortnightly IDCW Option,1001.9886
2026-09-30,119306,Union ELSS Tax Saver Fund - Direct Plan - IDCW Option,69.50
2026-09-30,119307,Union ELSS Tax Saver Fund - Direct Plan - Growth Option,69.50
2026-09-30,119310,Union Dynamic Term Fund - Direct Plan - IDCW Option,16.5830
2026-09-30,119311,Union Dynamic Term Fund - Direct Plan - Growth Option,24.7570
2026-09-30,119312,Tata Childrens Fund-Direct Plan-Growth Option,59.3441
2026-09-30,119333,Baroda BNP Paribas Banking and Financial Services Fund - Direct - Growth Option,53.9897
2026-09-30,119334,Baroda BNP Paribas Banking and Financial Services Fund - Direct - IDCW Option,22.6290
2026-09-30,119340,Baroda BNP Paribas GILT FUND - Direct Plan - IDCW Option,35.3968
2026-09-30,119341,Baroda BNP Paribas GILT FUND - Direct Plan - Growth Option,48.2164
2026-09-30,119346,BANK OF INDIA Large & Mid Cap Fund Direct Plan-Regular IDCW,28.44
2026-09-30,119349,BANK OF INDIA Large & Mid Cap Fund Direct  Plan- Quarterly IDCW,28.87
2026-09-30,119350,BANK OF INDIA Large & Mid Cap Fund Direct Plan-Growth,103.99
2026-09-30,119351,BANK OF INDIA ELSS Tax Saver FUND -Direct Plan- Growth,189.87
2026-09-30,119352,BANK OF INDIA ELSS Tax Saver FUND -Direct Plan-IDCW,75.82
2026-09-30,119353,Baroda BNP Paribas MULTI CAP FUND - Direct Plan - IDCW Option,52.4801
2026-09-30,119354,Baroda BNP Paribas MULTI CAP FUND - Direct Plan - Growth Option,321.6406
2026-09-30,119363,BANK OF INDIA Manufacturing & Infrastructure Fund-Direct Plan-Regular IDCW,74.46
2026-09-30,119364,BANK OF INDIA Manufacturing & Infrastructure Fund-Direct Plan-Growth,78.92
2026-09-30,119365,BANK OF INDIA Manufacturing & Infrastructure Fund-Direct Plan-Quarterly IDCW,77.57
2026-09-30,119368,BANK OF INDIA Liquid Fund- Direct Plan- Daily IDCW,1005.0000
2026-09-30,119369,BANK OF INDIA Liquid Fund- Direct Plan- Growth,3281.1412
2026-09-30,119370,BANK OF INDIA Liquid Fund- Direct Plan- Weekly IDCW,1005.4169
2026-09-30,119379,BANK OF INDIA Ultra Short Term Fund- Direct Plan- Growth,3537.5573
2026-09-30,119380,BANK OF INDIA Ultra Short Term Fund- Direct Plan- Daily IDCW,1005.0000
2026-09-30,119381,BANK OF INDIA Ultra Short Term Fund- Direct Plan- Weekly IDCW,1005.4872
2026-09-30,119382,BANK OF INDIA Short Term Fund-Direct Plan- Growth,31.0907
2026-09-30,119383,BANK OF INDIA Short Term Fund-Direct Plan- Monthly IDCW,15.1158
2026-09-30,119384,BANK OF INDIA Short Term Fund-Direct Plan- Quarterly IDCW,14.3328
2026-09-30,119393,BANK OF INDIA Conservative Hybrid Fund Fund-Direct Plan-Growth,37.7781
2026-09-30,119394,BANK OF INDIA Conservative Hybrid Fund-Direct Plan-Monthly IDCW,16.8273
2026-09-30,119395,BANK OF INDIA Conservative Hybrid  Fund-Direct Plan-Quarterly IDCW,18.5603
2026-09-30,119396,BANK OF INDIA Conservative Hybrid Fund-Direct Plan-Annual IDCW,17.2134
2026-09-30,119399,Baroda BNP Paribas Short Term Fund - Direct Plan - Monthly IDCW Option,10.4163
2026-09-30,119400,Baroda BNP Paribas Short Term Fund - Direct Plan - Growth Option,33.9823
2026-09-30,119414,Baroda BNP Paribas LIQUID FUND - DIRECT PLAN - DAILY IDCW OPTION,1002.0849
2026-09-30,119415,Baroda BNP Paribas LIQUID FUND - DIRECT PLAN - GROWTH OPTION,3282.5489
2026-09-30,119416,Baroda BNP Paribas LIQUID FUND - DIRECT PLAN - WEEKLY IDCW OPTION,1220.1605
2026-09-30,119421,Tata Money Market Fund- Direct Plan - Daily Reinvestment of IDCW Option,1114.5200
2026-09-30,119424,Tata Money Market Fund- Direct Plan- Growth Option,5222.8766
2026-09-30,119433,Aditya Birla Sun Life Large & Mid Cap Fund -Direct - IDCW,206.67
2026-09-30,119436,Aditya Birla Sun Life Large & Mid Cap Fund - Growth - Direct Plan,1026.96
2026-09-30,119496,Aditya Birla Sun Life Short Term Fund - DIRECT - IDCW,10.4578
2026-09-30,119497,Aditya Birla Sun Life Short Term Fund-Quarterly-IDCW-Direct,10.8664
2026-09-30,119498,Aditya Birla Sun Life Short Term Fund - Growth - Direct Plan,55.2565
2026-09-30,119499,Aditya Birla Sun Life Ultra Short Term Fund-DIRECT - WEEKLY IDCW,100.5925
2026-09-30,119500,Aditya Birla Sun Life Ultra Short Term Fund-DIRECT - DAILY IDCW,100.0399
2026-09-30,119501,Aditya Birla Sun Life Ultra Short Term Fund - Growth - Direct Plan,605.4050
2026-09-30,119502,Aditya Birla Sun Life Dynamic Term Fund -Direct - Quarterly IDCW,11.1225
2026-09-30,119503,Aditya Birla Sun Life Dynamic Term Fund -DIRECT - MONTHLY IDCW,11.1470
2026-09-30,119505,Aditya Birla Sun Life Dynamic Term Fund - Growth - Direct Plan,52.9616
2026-09-30,119511,Aditya Birla Sun Life Money Market Fund - Growth - Direct Plan,406.5652
2026-09-30,119512,Aditya Birla Sun Life Money Market Fund - Direct - weekly IDCW,100.1710
2026-09-30,119513,Aditya Birla Sun Life Money Market Fund - Direct - daily IDCW,100.0200
2026-09-30,119514,Aditya Birla Sun Life Infrastructure Fund - Growth - Direct Plan,118.84
2026-09-30,119515,Aditya Birla Sun Life Infrastructure Fund -  Direct - IDCW,46.26
2026-09-30,119522,Aditya Birla Sun Life Ultra Short to Short Term Fund -Direct - weekly IDCW,100.6226
2026-09-30,119523,Aditya Birla Sun Life Ultra Short to Short Term Fund - Growth - Direct Plan,785.2091
2026-09-30,119524,Aditya Birla Sun Life Ultra Short to Short Term Fund -Direct - daily IDCW,99.9988
2026-09-30,119525,Aditya Birla Sun Life Arbitrage Fund-DIRECT - IDCW,11.4648
2026-09-30,119526,Aditya Birla Sun Life Arbitrage Fund - Growth - Direct Plan,31.0255
2026-09-30,119527,Aditya Birla Sun Life Large Cap Fund-DIRECT - IDCW,88.30
2026-09-30,119528,Aditya Birla Sun Life Large Cap Fund - Growth - Direct Plan,548.99
2026-09-30,119532,Aditya Birla Sun Life Corporate Bond Fund -DIRECT - MONTHLY IDCW,12.7385
2026-09-30,119533,Aditya Birla Sun Life Corporate Bond Fund - Growth - Direct Plan,121.4872
2026-09-30,119538,Aditya Birla Sun Life Medium Term Fund- Direct - IDCW,18.2976
2026-09-30,119539,Aditya Birla Sun Life Medium Term Fund - Growth - Direct Plan,48.0310
2026-09-30,119540,Aditya Birla Sun Life Medium Term Fund- DIRECT - HALF YEARLY IDCW,14.7875
2026-09-30,119541,Aditya Birla Sun Life Medium Term Fund - DIRECT - Quarterly IDCW,14.3590
2026-09-30,119543,Aditya Birla Sun Life ELSS Tax Saver Fund-DIRECT - IDCW,413.00
2026-09-30,119544,Aditya Birla Sun Life ELSS Tax Saver Fund - Growth - Direct Plan,65.71
2026-09-30,119548,Sundaram Value Fund Direct Plan - Income Distribution cum Capital Withdrawal (IDCW),17.5938
2026-09-30,119549,Sundaram Value Fund Direct Plan - Growth,215.0401
2026-09-30,119550,Aditya Birla Sun Life Banking & PSU Debt Fund- Direct Plan-Growth,403.9630
2026-09-30,119551,Aditya Birla Sun Life Banking & PSU Debt Fund  - DIRECT - IDCW,106.9652
2026-09-30,119552,Aditya Birla Sun Life Banking & PSU Debt Fund  - DIRECT - MONTHLY IDCW,116.4189
2026-09-30,119553,Aditya Birla Sun Life Banking & PSU Debt Fund  - Direct - Quarterly IDCW,103.7527
2026-09-30,119556,Aditya Birla Sun Life Small Cap Fund - Growth - Direct Plan,113.1006
2026-09-30,119557,Aditya Birla Sun Life Small Cap Fund -Direct - IDCW,73.8435
2026-09-30,119563,Aditya Birla Sun Life Focused Fund -Direct - IDCW,52.8520
2026-09-30,119564,Aditya Birla Sun Life Focused Fund - Growth - Direct Plan,159.2236
2026-09-30,119565,Sundaram Large and Midcap Direct Plan - Income Distribution cum Capital Withdrawal (IDCW),35.0799
2026-09-30,119566,Sundaram Large and Midcap Fund Direct Plan - Growth,101.6905
2026-09-30,119567,SBI Arbitrage Fund - Direct Plan - Income Distribution cum Capital Withdrawal Option (IDCW),20.9976
2026-09-30,119568,Aditya Birla Sun Life Liquid Fund - Growth - Direct Plan,460.3525
2026-09-30,119569,Aditya Birla Sun Life Liquid Fund -Direct - daily IDCW,100.1950
2026-09-30,119570,Aditya Birla Sun Life Liquid Fund -Direct - weekly IDCW,100.3073
2026-09-30,119571,Aditya Birla Sun Life Liquid Fund -DIRECT - IDCW,138.4480
2026-09-30,119574,SBI Arbitrage Fund - Direct Plan - Gr,38.8619
2026-09-30,119581,Sundaram Mid Cap Fund Direct Plan - Growth,1560.3731
2026-09-30,119582,Sundaram Mid Cap Fund Direct Plan - Income Distribution cum Capital Withdrawal (IDCW),68.3346
2026-09-30,119585,SBI Large Cap Fund - Direct Plan - Income Distribution cum Capital Withdrawal Option (IDCW),64.6061
2026-09-30,119588,Sundaram Small Cap Fund Direct Plan - Income Distribution cum Capital Withdrawal (IDCW),40.3526
2026-09-30,119589,Sundaram Small Cap Fund Direct Plan - Growth,327.4234
2026-09-30,119590,Aditya Birla Sun Life Consumption Fund -DIRECT - IDCW,43.92
2026-09-30,119591,Aditya Birla Sun Life Consumption Fund - Growth - Direct Plan,228.23
2026-09-30,119594,Sundaram Consumption Fund (Formerly Known asSundaram Rural and Consumption Fund Direct Plan - Income Distribution cum Capital Withdrawal (IDCW),26.7220
2026-09-30,119595,Sundaram Consumption Fund (Formerly Known as Sundaram Rural and Consumption Fund Direct Plan - Growth),100.4859
2026-09-30,119596,Sundaram Financial Services Opportunities Fund Direct Plan - Income Distribution cum Capital Withdrawal (IDCW),32.3928
2026-09-30,119597,Sundaram Financial Services Opportunities Fund Direct Plan - Growth,118.7856
2026-09-30,119598,SBI Large Cap FUND-DIRECT PLAN -GROWTH,99.5479
2026-09-30,119604,SBI Aggresive Hybrid Fund - Direct Plan - Income Distribution cum Capital Withdrawal Option (IDCW),99.5982
2026-09-30,119605,Aditya Birla Sun Life Gilt Fund - Growth - Direct Plan,88.0622
2026-09-30,119606,Aditya Birla Sun Life Gilt Fund -DIRECT - Quarterly IDCW,11.3946
2026-09-30,119609,SBI AGGRESIVE HYBRID FUND - DIRECT PLAN - Growth,340.3681
2026-09-30,119613,SBI Comma Fund - Direct Plan - Income Distribution cum Capital Withdrawal Option (IDCW),70.6646
2026-09-30,119619,Aditya Birla Sun Life Midcap Fund -DIRECT - IDCW,97.58
2026-09-30,119620,Aditya Birla Sun Life Midcap Fund - Growth - Direct Plan,913.94
2026-09-30,119621,Sundaram Corporate Bond Fund Direct Plan - Growth,44.1412
2026-09-30,119625,Sundaram Banking and PSU Debt Fund Direct Plan - Growth,46.4986
2026-09-30,119626,Sundaram Banking and PSU Debt Fund Direct Plan - IDCW,11.5759
2026-09-30,119630,Sundaram Corporate Bond Fund Direct Plan-Income Distribution cum Capital Withdrawal(IDCW),19.7045
2026-09-30,119635,Sundaram Conservative Hybrid Fund (Formerly Known as Sundaram Debt Oriented Hybrid Fund) Direct Plan - Growth,32.3109
2026-09-30,119637,Sundaram Conservative Hybrid Fund (Formerly Known as Sundaram Debt Oriented Hybrid Fund) Direct Plan -Income Distribution cum Capital Withdrawal (IDCW),20.2996
2026-09-30,119648,Aditya Birla Sun Life Nifty 50 Index Fund - Growth - Direct Plan,236.3938
2026-09-30,119649,Aditya Birla Sun Life Nifty 50 Index Fund -DIRECT - IDCW,23.9474
2026-09-30,119655,Aditya Birla Sun Life Medium to Long Term Fund - Direct - Quarterly IDCW,13.8636
2026-09-30,119657,Aditya Birla Sun Life Medium to Long Term Fund - Growth - Direct Plan,139.9406
2026-09-30,119658,Aditya Birla Sun Life Value Fund - Direct - IDCW,75.3430
2026-09-30,119659,Aditya Birla Sun Life Value Fund - Growth - Direct Plan,151.9354
2026-09-30,119670,SBI Dynamic Term Fund - Direct Plan - Income Distribution cum Capital Withdrawal Option (IDCW),23.1781
2026-09-30,119671,SBI Dynamic Term Fund - DIRECT PLAN - Growth,41.4962
2026-09-30,119672,Sundaram Medium Term Fund Direct Plan-IDCW,27.0961
2026-09-30,119675,Sundaram Medium Term Fund Direct Plan - Growth,80.5727
2026-09-30,119695,SBI Infrastructure Fund - Direct Plan - Income Distribution cum Capital Withdrawal Option (IDCW),46.7227
2026-09-30,119700,SBI INFRASTRUCTURE FUND -  DIRECT PLAN - GROWTH,52.7931
2026-09-30,119705,SBI COMMA Fund - DIRECT PLAN - Growth,124.1808
2026-09-30,119706,SBI Gilt Fund - Direct Plan - Income Distribution cum Capital Withdrawal Option (IDCW),23.2134
2026-09-30,119707,SBI GILT FUND - DIRECT PLAN - GROWTH,72.7337
2026-09-30,119708,SBI ESG Exclusionary Strategy Fund - Direct Plan - Income Distribution cum Capital Withdrawal Option (IDCW),89.7163
2026-09-30,119709,SBI ESG Exclusionary Strategy Fund - Direct Plan -Growth,249.9091
2026-09-30,119710,SBI MNC Fund - Direct Plan - Income Distribution cum Capital Withdrawal Option (IDCW),158.1831
2026-09-30,119711,SBI MNC FUND - DIRECT PLAN -GROWTH,443.1339
2026-09-30,119712,SBI Medium to Long Term Fund-DIRECT PLAN - Bonus,48.5760
2026-09-30,119713,SBI Medium to Long Term Fund - Direct Plan - Half Yearly - Income Distribution cum Capital Withdrawal Option (IDCW),22.7287
2026-09-30,119714,SBI Medium to Long Term Fund-DIRECT PLAN -Growth,80.1084
2026-09-30,119715,SBI Midcap Fund - Direct Plan - Income Distribution cum Capital Withdrawal Option (IDCW),148.3859
2026-09-30,119716,SBI MIDCAP FUND - DIRECT PLAN - GROWTH,261.7281
2026-09-30,119719,SBI Children's Fund - Savings Plan - DIRECT PLAN - GROWTH,131.6314
2026-09-30,119722,SBI ELSS Tax Saver Fund - Direct Plan - Income Distribution cum Capital Withdrawal Option (IDCW),110.0166
2026-09-30,119723,SBI ELSS Tax Saver FUND - DIRECT PLAN -GROWTH,444.1729
2026-09-30,119730,SBI Consumption Opportunities Fund - Direct Plan - Income Distribution cum Capital Withdrawal Option (IDCW),218.6361
2026-09-30,119732,SBI PSU Fund - DIRECT PLAN - GROWTH,36.3532
2026-09-30,119733,SBI PSU Fund - Direct Plan - Income Distribution cum Capital Withdrawal Option (IDCW),36.3001
2026-09-30,119734,Kotak Medium to Long Term Fund - Direct Plan - Standard IDCW option,30.094
2026-09-30,119735,Kotak Medium to Long Term Fund - Growth - Direct,90.418
2026-09-30,119739,Kotak Short Term Fund -(Growth) - Direct,61.3663
2026-09-30,119740,Kotak Credit Risk Fund - Direct Plan - Standard Income Distribution cum capital withdrawal option,27.2822
2026-09-30,119741,Kotak Credit Risk Fund - Growth - Direct,36.3243
2026-09-30,119746,Kotak Money Market Fund - (Growth) - Direct,4915.8302
2026-09-30,119747,Kotak Money Market Fund - (Monthly Payout of Income Distribution cum capital withdrawal option) - Direct,1307.372
2026-09-30,119750,Kotak Ultra Short Term Fund -Growth - Direct,48.6224
2026-09-30,119751,Kotak Ultra Short Term Fund -Monthly Payout of Income Distribution cum capital withdrawal option - Direct,20.964
2026-09-30,119753,Kotak Dynamic Term Fund - Direct Plan - Standard Income Distribution cum capital withdrawal option,15.2898
2026-09-30,119755,Kotak Dynamic Term Fund - Growth - Direct,43.5662
2026-09-30,119757,Kotak Gilt Fund -Investment  Provident Fund and Trust-Growth - Direct,113.6587
2026-09-30,119758,Kotak Gilt Fund -Investment Regular-Payout of Income Distribution cum capital withdrawal option - Direct,24.419
2026-09-30,119759,Kotak Gilt Fund -Investment Regular-Growth - Direct,110.9696
2026-09-30,119764,Kotak Liquid Fund - Direct Plan - Daily Reinvestment of Income Distribution cum capital withdrawal option,1222.81
2026-09-30,119766,Kotak Liquid Fund - Direct Plan - Growth,5755.1544
2026-09-30,119767,Kotak Aggressive Hybrid Fund - Direct Plan - IDCW - Payout & Reinvestment of Income Distribution cum  capital withdrawal option,45.915
2026-09-30,119768,Kotak Contra Fund - Direct Plan - IDCW -Payout & Re-investment of Income Distribution cum capital withdrawal option- Direct,62.186
2026-09-30,119769,Kotak Contra Fund - Direct Plan - Growth,174.754
2026-09-30,119770,Kotak  Arbitrage Fund - Direct Plan - IDCW -Payout &  Reinvestment of Income Distribution cum capital withdrawal option,11.1999
2026-09-30,119771,Kotak Arbitrage Fund - Direct Plan - Growth,43.3592
2026-09-30,119772,Kotak ELSS Tax Saver Fund-Payout of Income Distribution cum capital withdrawal option - Direct,56.345
2026-09-30,119773,Kotak ELSS Tax Saver Fund-Growth - Direct,134.51
2026-09-30,119774,Kotak Mid Cap Fund  - Direct Plan - IDCW - Payout & Re-investment of Income Distribution cum capital withdrawal option,95.914
2026-09-30,119775,Kotak Mid Cap Fund - Direct Plan - Growth,160.989
2026-09-30,119780,Kotak Gold Fund Payout of Income Distribution cum capital withdrawal option- Direct,59.432
2026-09-30,119781,Kotak Gold Fund Growth - Direct,59.4326
2026-09-30,119782,SBI Healthcare Opportunities Fund - Direct Plan - Income Distribution cum Capital Withdrawal Option (IDCW),407.3633
2026-09-30,119783,SBI HEALTHCARE OPPORTUNITIES FUND - DIRECT PLAN -GROWTH,586.3281
2026-09-30,119784,SBI Ultra Short Term Fund - Direct Plan - Daily Income Distribution cum Capital Withdrawal Option (IDCW),2459.2314
2026-09-30,119788,SBI GOLD FUND- DIRECT PLAN - GROWTH,44.9596
2026-09-30,119789,SBI Gold Fund - Direct Plan - Income Distribution cum Capital Withdrawal Option (IDCW),44.8949
2026-09-30,119792,SBI Credit Risk Fund - Direct Plan - Daily Income Distribution cum Capital Withdrawal Option (IDCW),17.1988
2026-09-30,119793,SBI Credit Risk Fund - Direct Plan - Income Distribution cum Capital Withdrawal Option (IDCW),25.2230
2026-09-30,119798,SBI CREDIT RISK FUND - DIRECT PLAN -GROWTH,54.2013
2026-09-30,119799,SBI Liquid Fund - Direct Plan - Weekly Income Distribution cum Capital Withdrawal Option (IDCW),1386.6554
2026-09-30,119800,SBI Liquid Fund - DIRECT PLAN -Growth,4452.8811
2026-09-30,119804,SBI Liquid Fund - Direct Paln - Fortnightly Income Distribution cum Capital Withdrawal Option (IDCW),1454.0895
2026-09-30,119805,SBI Liquid Fund - Direct Plan - Daily Income Distribution cum Capital Withdrawal Option (IDCW),1144.0484
2026-09-30,119810,SBI Ultra Short to Short Term Fund,1509.6966
2026-09-30,119811,SBI Ultra Short to Short Term Fund - Direct Plan - Fortnightly Income Distribution cum Capital Withdrawal Option (IDCW),1536.0887
2026-09-30,119812,SBI Ultra Short to Short Term Fund - Direct Plan - Growth,3916.3230
2026-09-30,119813,SBI Short Term Fund - Direct Plan - Monthly Income Distribution cum Capital Withdrawal Option (IDCW),20.3306
2026-09-30,119815,SBI Short Term Fund - Direct Plan Fortnightly Income Distribution cum Capital Withdrawal Option (IDCW),24.5571
2026-09-30,119816,SBI SHORT TERM FUND - DIRECT PLAN -GROWTH,36.4597
2026-09-30,119817,SBI Short Term Fund - Direct Plan Weekly Income Distribution cum Capital Withdrawal Option (IDCW),15.9704
2026-09-30,119818,SBI Ultra Short to Short Term Fund - Direct Plan - Monthly Income Distribution cum Capital Withdrawal Option (IDCW),1740.3280
2026-09-30,119819,SBI Ultra Short to Short Term Fund - Direct Plan - Weekly Income Distribution cum Capital Withdrawal Option (IDCW),1511.9076
2026-09-30,119820,SBI Money Market Fund - Direct Plan - Income Distribution cum Capital Withdrawal Option (IDCW),19.0853
2026-09-30,119821,SBI Money Market Fund - Direct Plan - Growth,48.1502
2026-09-30,119822,SBI Money Market Fund - Direct Plan Daily Income Distribution cum Capital Withdrawal Option (IDCW),15.0351
2026-09-30,119823,SBI Money Market Fund - Direct Plan Weekly Income Distribution cum Capital Withdrawal Option (IDCW),16.9280
2026-09-30,119824,SBI MEDIUM TERM FUND - DIRECT PLAN - GROWTH,59.6745
2026-09-30,119825,SBI Medium Term Fund - Direct Plan - Income Distribution cum Capital Withdrawal Option (IDCW),23.1065
2026-09-30,119826,SBI Nifty Index Fund - Direct Plan - Income Distribution cum Capital Withdrawal Option (IDCW),108.7162
2026-09-30,119827,SBI NIFTY INDEX FUND - DIRECT PLAN - GROWTH,211.6599
2026-09-30,119828,SBI ULTRA SHORT TERM FUND - DIRECT PLAN - GROWTH,6576.7631
2026-09-30,119829,SBI Ultra Short Term Fund - Direct Plan - Weekly Income Distribution cum Capital Withdrawal Option (IDCW),1273.6912
2026-09-30,119831,SBI Overnight Fund - Direct Plan - Daily Income Distribution cum Capital Withdrawal Option (IDCW),1394.0617
2026-09-30,119832,SBI Overnight Fund - Direct Plan - Weekly Income Distribution cum Capital Withdrawal Option (IDCW),1423.5348
2026-09-30,119833,SBI OVERNIGHT FUND - DIRECT PLAN - GROWTH,4491.3512
2026-09-30,119836,SBI Conservative Hybrid Fund  - Direct Plan - Quarterly Income Distribution cum Capital Withdrawal Option (IDCW),25.5416
2026-09-30,119837,SBI Conservative Hybrid Fund - Direct Plan - Annual Income Distribution cum Capital Withdrawal Option (IDCW),33.3367
2026-09-30,119838,SBI Conservative Hybrid Fund - Direct Plan - Monthly Income Distribution cum Capital Withdrawal Option (IDCW),27.4852
2026-09-30,119839,SBI Conservative Hybrid Fund - Direct Plan - Growth,83.5959
2026-09-30,119861,Tata Liquid Fund- Direct Plan-Growth Option,4496.5804
2026-09-30,119862,Tata Liquid Fund- Direct Plan - Daily Reinvestment of IDCW Option,1001.5187
2026-09-30,119863,Tata Treasury Advantage Fund - Direct Plan - Growth Option,4372.0563
2026-09-30,119864,Tata Treasury Advantage Fund Direct Plan - Daily Reinvestment of IDCW Option,1003.5316
2026-09-30,119865,Tata Treasury Advantage Fund Direct Plan - Weekly Payout of IDCW Option,1008.6268
2026-09-30,119949,Tata Short Term Bond Fund - Direct Plan - Growth Option,56.4745
2026-09-30,119950,Tata Short Term Bond Fund Direct Plan - Monthly Payout of IDCW Option,25.6517
2026-09-30,119953,Tata Gilt Securities Fund- Direct Plan - Growth Option,89.7807
2026-09-30,119954,Tata Gilt Securities Fund - Direct Plan - Payout of IDCW Option,25.2809
2026-09-30,119957,Tata Treasury Advantage Fund Direct Plan - Periodic Payout of IDCW Option,2773.4209
2026-09-30,120029,HSBC Large Cap Fund - Direct IDCW,38.4435
2026-09-30,120030,HSBC Large Cap Fund - Direct Growth,513.8003
2026-09-30,120037,HSBC Liquid Fund - Direct Daily IDCW,1001.576
2026-09-30,120038,HSBC Liquid Fund -  Growth Direct,2838.0114
2026-09-30,120039,HSBC Liquid Fund - Direct Monthly IDCW,1038.7459
2026-09-30,120040,HSBC Liquid Fund - Direct Weekly IDCW,1195.3881
2026-09-30,120045,HSBC Flexi Cap Fund - Direct IDCW,46.6923
2026-09-30,120046,HSBC Flexi Cap Fund - Direct Growth,256.3432
2026-09-30,120059,HSBC Medium to Long Term Fund - Direct Growth,48.7446
2026-09-30,120073,HSBC Conservative Hybrid Fund - Direct Growth,70.674
2026-09-30,120074,HSBC Conservative Hybrid Fund - Direct Monthly IDCW,16.8119
2026-09-30,120075,HSBC Conservative Hybrid Fund - Direct Quarterly IDCW,14.454
2026-09-30,120084,PGIM India Dynamic Term Fund - Direct Plan-Growth Option,3104.0906
2026-09-30,120086,PGIM India Dynamic Term Fund - Direct Plan-Quarterly Dividend Option,1139.1211
2026-09-30,120101,HSBC Medium to Long Term Fund - Direct Quarterly IDCW,10.3287
2026-09-30,120136,SBI 10 Year Constant Maturity Gilt Fund - Direct Plan - Income Distribution cum Capital Withdrawal Option (IDCW),22.3199
2026-09-30,120137,SBI 10 YEAR CONSTANT MATURITY GILT FUND - DIRECT PLAN - GROWTH,68.6166
2026-09-30,120152,Kotak Large Cap  Fund - Growth - Direct,624.151
2026-09-30,120153,Kotak Large Cap Fund - Payout of Income Distribution cum capital withdrawal option - Direct,82.545
2026-09-30,120154,Kotak Conservative Hybrid Fund - Growth - Direct,69.1192
2026-09-30,120155,Kotak Conservative Hybrid Fund - Monthly Payout of Income Distribution cum capital withdrawal option - Direct,13.1326
2026-09-30,120157,Kotak Large & Mid Cap Fund - IDCW-Direct,68.614
2026-09-30,120158,Kotak Large & Mid Cap Fund - Direct- Growth,388.842
2026-09-30,120163,Kotak-Small Cap Fund - Payout of Income Distribution cum capital withdrawal option - Direct,141.521
2026-09-30,120164,Kotak-Small Cap Fund - Growth - Direct,322.203
2026-09-30,120165,Kotak Flexi Cap Fund - Payout of Income Distribution cum capital withdrawal option- Direct,56.501
2026-09-30,120166,Kotak Flexi Cap Fund - Growth - Direct,92.517
2026-09-30,120188,ICICI Prudential Liquid Fund - Direct Plan - Daily IDCW,100.1082
2026-09-30,120190,ICICI Prudential Liquid Fund - Direct Plan - Weekly IDCW,100.2219
2026-09-30,120191,ICICI Prudential Liquid Fund - Direct Plan -  IDCW Others,195.4908
2026-09-30,120197,ICICI Prudential Liquid Fund - Direct Plan - Growth,421.4997
2026-09-30,120209,ICICI Prudential Money Market Fund Option - Direct Plan -  Daily IDCW,100.1435
2026-09-30,120211,ICICI Prudential Money Market Fund Option - Direct Plan -  Growth,416.4048
2026-09-30,120212,ICICI Prudential Money Market Fund Option - Direct Plan -  Weekly IDCW,100.8102
2026-09-30,120216,ICICI Prudential Money Market Fund Option - Direct Plan -  IDCW Others,190.7946
2026-09-30,120242,ICICI Prudential Multi Sector Passive FOF - Direct Plan - Growth,170.9620
2026-09-30,120243,ICICI Prudential Multi Sector Passive FOF - Direct Plan -  IDCW,134.6237
2026-09-30,120244,ICICI Prudential Banking and Financial Services Fund - Direct Plan -  Growth,142.63
2026-09-30,120245,ICICI Prudential Banking and Financial Services Fund - Direct Plan -  IDCW,65.54
2026-09-30,120248,LIC MF Liquid Fund-Direct Plan-Daily IDCW,1035.2975
2026-09-30,120249,LIC MF Liquid Fund-Direct Plan-Growth,5170.5728
2026-09-30,120251,ICICI Prudential Aggressive Hybrid Fund - Direct Plan - Growth,438.90
2026-09-30,120252,ICICI Prudential Aggressive Hybrid Fund - Direct Plan - Monthly IDCW,68.29
2026-09-30,120256,ICICI Prudential Banking and PSU Debt Fund - Direct Plan - Growth,36.4980
2026-09-30,120258,ICICI Prudential Banking and PSU Debt Fund - Direct Plan -  Quarterly IDCW,13.0245
2026-09-30,120259,LIC MF ULIS (5 Yrs. Single Premium)-Direct Plan-IDCW Reinvestment,40.1635
2026-09-30,120260,LIC MF Aggressive Hybrid Fund-Direct Plan-IDCW,22.5759
2026-09-30,120261,LIC MF Aggressive Hybrid Fund-Direct Plan-Growth,231.8434
2026-09-30,120263,LIC MF Flexi Cap Fund-Direct Plan-IDCW,37.873
2026-09-30,120264,LIC MF Flexi Cap Fund-Direct Plan-Growth,112.5681
2026-09-30,120267,LIC MF Large Cap Fund-Direct Plan-Growth,59.0955
2026-09-30,120268,LIC MF Large Cap Fund-Direct Plan-IDCW,37.2124
2026-09-30,120269,LIC MF ELSS Tax Saver Fund-Direct Plan-IDCW,36.5441
2026-09-30,120270,LIC MF ELSS Tax Saver Fund-Direct Plan-Growth,165.5009
2026-09-30,120274,LIC MF Conservative Hybrid Fund-Direct Plan-Quarterly IDCW,18.6492
2026-09-30,120275,LIC MF Conservative Hybrid Fund-Direct Plan-Yearly IDCW,14.2791
2026-09-30,120276,LIC MF Conservative Hybrid Fund-Direct Plan-Growth,93.6708
2026-09-30,120277,LIC MF Conservative Hybrid Fund-Direct Plan-Monthly IDCW,12.9793
2026-09-30,120278,LIC MF Medium to Long Term Fund-Direct Plan-IDCW,19.8565
2026-09-30,120279,LIC MF Medium to Long Term Fund-Direct Plan-Growth,82.1858
2026-09-30,120282,LIC MF Gilt Fund-Direct Plan-Growth,66.8415
2026-09-30,120283,LIC MF Gilt Fund-Direct Plan-IDCW,19.2544
2026-09-30,120285,LIC MF Children's Fund-Direct Plan-Growth,37.773
2026-09-30,120299,UTI MMF - Direct Plan - Growth Option,3384.1559
2026-09-30,120304,UTI Liquid Fund - Direct Plan - Growth Option,467.0855
2026-09-30,120307,LIC MF Nifty 50 Index Fund-Direct Plan-Growth,135.5953
2026-09-30,120308,LIC MF BSE Sensex Index Fund-Direct Plan-Growth,146.2577
2026-09-30,120309,LIC MF Nifty 50 Index Fund-Direct Plan-IDCW,49.959
2026-09-30,120312,LIC MF BSE Sensex Index Fund-Direct Plan-IDCW,49.0326
2026-09-30,120313,ICICI Prudential Income plus Arbitrage Omni FOF - Direct Plan - Growth,72.0813
2026-09-30,120314,ICICI Prudential Income plus Arbitrage Omni FOF - Direct Plan - IDCW,55.7396
2026-09-30,120315,LIC MF Ultra Short to Short Term Fund-Direct Plan-Growth,46.409
2026-09-30,120316,LIC MF Ultra Short to Short Term Fund-Direct Plan-Daily IDCW,10.05
2026-09-30,120317,LIC MF Ultra Short to Short Term Fund-Direct Plan-Monthly IDCW,24.2357
2026-09-30,120318,LIC MF Ultra Short to Short Term Fund-Direct Plan-Weekly IDCW,16.1644
2026-09-30,120322,ICICI Prudential Value Fund (erstwhile Value Discovery Fund) - Direct Plan - IDCW,108.76
2026-09-30,120323,ICICI Prudential Value Fund (erstwhile Value Discovery Fund) - Direct Plan - Growth,481.74
2026-09-30,120332,Invesco India Balanced Advantage Fund - Direct Plan - IDCW (Payout / Reinvestment),21.17
2026-09-30,120333,Invesco India Balanced Advantage Fund - Direct Plan - Growth,61.73
2026-09-30,120336,LIC MF Banking & PSU Debt Fund-Direct Plan-Weekly IDCW,10.0471
2026-09-30,120337,LIC MF Banking & PSU Debt Fund-Direct Plan-Daily IDCW,14.305
2026-09-30,120338,LIC MF Banking & PSU Debt Fund-Direct Plan-Growth,40.0893
2026-09-30,120339,LIC MF Banking & PSU Debt Fund-Direct Plan-Monthly IDCW,15.0981
2026-09-30,120348,Invesco India Contra Fund - Direct Plan - Growth,152.8
2026-09-30,120349,Invesco India Contra Fund - Direct Plan - IDCW (Payout / Reinvestment),63.63
2026-09-30,120350,LIC MF Infrastructure Fund-Direct Plan-IDCW,61.2401
2026-09-30,120351,LIC MF Infrastructure Fund-Direct Plan-Growth,62.3712
2026-09-30,120356,Invesco India Large & Mid Cap Fund - Direct Plan - IDCW (Payout / Reinvestment),53.94
2026-09-30,120357,Invesco India Large & Mid Cap Fund - Direct Plan - Growth,126.63
2026-09-30,120364,ICICI Prudential Arbitrage Fund - Direct Plan - Growth,39.7966
2026-09-30,120365,ICICI Prudential Arbitrage Fund - Direct Plan - IDCW,17.9362
2026-09-30,120376,ICICI Prudential Balanced Advantage Fund - Direct Plan -  IDCW,29.09
2026-09-30,120377,ICICI Prudential Balanced Advantage Fund - Direct Plan -  Growth,85.68
2026-09-30,120380,ICICI Prudential Mid Cap Fund - Direct Plan -  IDCW,68.65
2026-09-30,120381,ICICI Prudential Mid Cap Fund - Direct Plan -  Growth,370.60
2026-09-30,120384,Invesco India Financial Services Fund - Direct Plan - IDCW (Payout / Reinvestment),86.44
2026-09-30,120385,Invesco India Financial Services Fund - Direct Plan - Growth,167.95
2026-09-30,120388,Axis Liquid Fund - Direct Plan - Daily IDCW,1000.9560
2026-09-30,120389,Axis Liquid Fund - Direct Plan - Growth Option,3170.2348
2026-09-30,120390,Axis Liquid Fund - Direct Plan - Weekly IDCW,1002.4585
2026-09-30,120391,Axis Liquid Fund - Direct Plan - Monthly IDCW,1001.5035
2026-09-30,120392,Invesco India Large Cap Fund - Direct Plan - Growth,83.7
2026-09-30,120393,Invesco India Large Cap Fund - Direct Plan - IDCW (Payout / Reinvestment),33.97
2026-09-30,120394,Invesco India PSU Equity Fund - Direct Plan - IDCW (Payout / Reinvestment),47.14
2026-09-30,120395,Invesco India PSU Equity Fund - Direct Plan - Growth,74.36
2026-09-30,120396,ICICI Prudential Ultra Short to Short Term Fund - Direct Plan - Weekly IDCW,105.5343
2026-09-30,120397,ICICI Prudential Ultra Short to Short Term Fund - Direct Plan - Daily IDCW,105.7358
2026-09-30,120398,ICICI Prudential Ultra Short to Short Term Fund - Direct Plan - Growth,596.6459
2026-09-30,120399,ICICI Prudential Ultra Short to Short Term Fund - Direct Plan - IDCW Others,200.1958
2026-09-30,120400,Invesco India Arbitrage Fund - Direct Plan - IDCW (Payout / Reinvestment),20.3074
2026-09-30,120401,Invesco India Arbitrage Fund - Direct Plan - Growth Option,37.3975
2026-09-30,120402,Invesco India Mid Cap Fund - Direct Plan - IDCW (Payout / Reinvestment),80.76
2026-09-30,120403,Invesco India Mid Cap Fund - Direct Plan - Growth Option,231.34
2026-09-30,120404,Invesco India Infrastructure Fund - Direct Plan - IDCW (Payout / Reinvestment),53.63
2026-09-30,120405,Invesco India Infrastructure Fund - Direct Plan - Growth Option,80.15
2026-09-30,120406,JM Liquid Fund (Direct) - Growth Option,77.6993
2026-09-30,120407,JM Liquid Fund (Direct) - Weekly IDCW,11.0083
2026-09-30,120408,JM Liquid Fund (Direct) - Quarterly IDCW,44.1131
2026-09-30,120411,JM Liquid Fund (Direct) - Daily IDCW,10.4302
2026-09-30,120412,Invesco India Multi Cap Fund - Direct Plan - IDCW (Payout / Reinvestment),138.34
2026-09-30,120413,Invesco India Multi Cap Fund - Direct Plan - Growth Option,152.88
2026-09-30,120416,Invesco India ELSS Tax Saver Fund - Direct Plan - Growth,145.95
2026-09-30,120417,Invesco India ELSS Tax Saver Fund - Direct Plan - IDCW Payout,31.73
2026-09-30,120423,ICICI Prudential Floating Interest Rates Fund - Direct Plan - Daily IDCW,100.0682
2026-09-30,120424,ICICI Prudential Floating Interest Rates Fund - Direct Plan - Weekly IDCW,102.2248
2026-09-30,120425,ICICI Prudential Floating Interest Rates Fund - Direct Plan - Growth,502.4395
2026-09-30,120426,ICICI Prudential Floating Interest Rates Fund - Direct Plan - IDCW Others,214.8100
2026-09-30,120430,JM Medium to Long Term Fund (Direct) - Growth Option,71.8551
2026-09-30,120431,JM Medium to Long Term Fund (Direct) - Quarterly IDCW,25.3904
2026-09-30,120432,JM Dynamic Term Fund (Direct) - Daily IDCW,10.0662
2026-09-30,120433,JM Dynamic Term Fund (Direct) - Weekly IDCW,10.5169
2026-09-30,120434,JM Dynamic Term Fund (Direct) - IDCW,46.6762
2026-09-30,120435,JM Dynamic Term Fund - (Direct) - Growth Option,46.4266
2026-09-30,120436,Axis Banking & PSU Debt Fund - Direct Plan - Weekly IDCW,1036.2424
2026-09-30,120437,Axis Banking & PSU Debt Fund - Direct Plan - Daily IDCW,1036.6673
2026-09-30,120438,Axis Banking & PSU Debt Fund - Direct Plan - Growth Option,2894.7246
2026-09-30,120439,Axis Banking & PSU Debt Fund - Direct Plan - Monthly IDCW,1033.4595
2026-09-30,120443,Invesco India Banking and PSU Debt Fund - Direct Plan - Daily IDCW (Reinvestment),1061.1279
2026-09-30,120444,Invesco India Banking and PSU Debt Fund - Direct Plan -  Growth Option,2579.693
2026-09-30,120445,Invesco India Banking and PSU Debt Fund - Direct Plan - Monthly IDCW (Payout / Reinvestment),1010.4844
2026-09-30,120447,Axis Gilt Fund - Direct Plan - Growth Option,28.3853
2026-09-30,120448,Axis Gilt Fund - Direct Plan - Half Yearly IDCW,12.2565
2026-09-30,120449,Axis Gilt Fund - Direct Plan - Regular IDCW,9.9224
2026-09-30,120450,Axis Dynamic Bond Fund - Direct Plan - Half Yearly IDCW,12.9986
2026-09-30,120451,Axis Dynamic Bond Fund - Direct Plan - Growth Option,34.7705
2026-09-30,120452,Axis Dynamic Bond Fund - Direct Plan - Quarterly IDCW,11.4494
2026-09-30,120465,Axis Large Cap Fund - Direct Plan - Growth,66.32
2026-09-30,120466,Axis Large Cap Fund - Direct Plan - IDCW,24.03
2026-09-30,120467,Axis Focused Fund - Direct Plan - IDCW,31.52
2026-09-30,120468,Axis Focused Fund - Direct Plan - Growth Option,61.93
2026-09-30,120472,Axis Gold Fund - Direct Plan - IDCW,46.3739
2026-09-30,120473,Axis Gold Fund - Direct Plan - Growth option,46.3308
2026-09-30,120474,Axis Strategic Bond Fund - Direct Plan - Half Yearly IDCW,11.9156
2026-09-30,120475,Axis Strategic Bond Fund - Direct Plan - Growth Option,33.3476
2026-09-30,120476,Axis Strategic Bond Fund - Direct Plan - Quarterly IDCW,10.2802
2026-09-30,120477,Axis Conservative Hybrid Fund - Direct Plan - Annual IDCW,16.2127
2026-09-30,120478,Axis Conservative Hybrid Fund - Direct Plan - Half Yearly,12.8494
2026-09-30,120479,Axis Conservative Hybrid Fund - Direct Plan - Quarterly,12.4257
2026-09-30,120480,Axis Conservative Hybrid Fund - Direct Plan - Growth Option,35.5929
2026-09-30,120481,JM Arbitrage Fund (Direct)- IDCW,17.6777
2026-09-30,120482,JM Arbitrage Fund (Direct) - Growth Option,37.5134
2026-09-30,120483,JM Aggressive Hybrid Fund (Direct) - IDCW,75.1479
2026-09-30,120484,JM Aggressive Hybrid Fund (Direct) - Growth Option,136.305
2026-09-30,120485,JM Value Fund (Direct) - IDCW,73.4761
2026-09-30,120486,JM Value Fund (Direct) - Growth Option,107.8407
2026-09-30,120487,JM Focused Fund (Direct) -  IDCW,22.6676
2026-09-30,120488,JM Focused Fund (Direct)  - Growth Option,23.1295
2026-09-30,120489,JM Large Cap Fund (Direct) - IDCW,68.5405
2026-09-30,120490,JM Large Cap Fund (Direct) - Growth Option,170.7161
2026-09-30,120491,JM Flexi Cap Fund (Direct) - IDCW,101.7786
2026-09-30,120492,JM Flexi Cap Fund (Direct) - Growth Option,111.9738
2026-09-30,120493,JM ELSS - Tax Saver Fund (Direct) - IDCW,57.7931
2026-09-30,120494,JM ELSS - Tax Saver Fund (Direct) - Growth Option,59.254
2026-09-30,120496,Invesco India Corporate Bond Fund - Direct Plan - Monthly IDCW (Payout / Reinvestment),1253.9764
2026-09-30,120497,Invesco India Corporate Bond Fund - Direct Plan - Growth,3615.7131
2026-09-30,120499,Invesco India Corporate Bond Fund - Direct Plan - Discretionary IDCW (Payout / Reinvestment),3616.867
2026-09-30,120500,Invesco India Corporate Bond Fund - Direct Plan - Annual IDCW (Payout / Reinvestment),1242.1308
2026-09-30,120501,Invesco India Corporate Bond Fund - Direct Plan - Quarterly IDCW (Payout / Reinvestment),1160.526
2026-09-30,120502,Axis ELSS Tax Saver Fund - Direct Plan - IDCW,48.8385
2026-09-30,120503,Axis ELSS Tax Saver Fund - Direct Plan - Growth Option,105.5500
2026-09-30,120504,Axis Midcap Fund - Direct Plan - IDCW,53.36
2026-09-30,120505,Axis Midcap Fund - Direct Plan - Growth,137.68
2026-09-30,120506,Invesco India Money Market Fund - Direct Plan - Daily IDCW (Reinvestment),1012.2021
2026-09-30,120507,Invesco India Money Market Fund - Direct Plan - Growth,3413.6097
2026-09-30,120508,Invesco India Money Market Fund - Direct Plan - Discretionary IDCW (Payout / Reinvestment),3058.0844
2026-09-30,120509,Invesco India Money Market Fund - Direct Plan - Monthly IDCW (Payout / Reinvestment),1244.8952
2026-09-30,120510,Axis Short Duration Fund - Direct Plan - Growth Option,36.3012
2026-09-30,120511,Axis Short Duration Fund - Direct Plan - Monthly IDCW,10.0118
2026-09-30,120512,Axis Short Duration Fund - Direct Plan - Weekly IDCW,10.2360
2026-09-30,120513,Axis Treasury Advantage Fund - Direct Plan - Growth Option,3510.5584
2026-09-30,120514,Axis Treasury Advantage Fund - Direct Plan - Weekly IDCW,1012.2100
2026-09-30,120515,Axis Treasury Advantage Fund - Direct Plan - Daily IDCW,1012.4737
2026-09-30,120516,Axis Treasury Advantage Fund - Direct Plan - Monthly IDCW,1010.6495
2026-09-30,120517,Aditya Birla Sun Life Aggressive Hybrid Fund - Direct Plan-Growth,1682.38
2026-09-30,120518,Aditya Birla Sun Life Aggressive Hybrid Fund -DIRECT - IDCW,276.25
2026-09-30,120519,Invesco India Gilt Fund - Direct Plan - Annual IDCW (Payout / Reinvestment),1200.826
2026-09-30,120520,Invesco India Gilt Fund - Direct  Plan - Growth,3206.578
2026-09-30,120521,Invesco India Gilt Fund - Direct Plan - Monthly IDCW (Reinvestment),2502.2105
2026-09-30,120522,Invesco India Gilt Fund - Direct Plan - Quarterly IDCW (Payout / Reinvestment),1111.1982
2026-09-30,120523,Axis Multi Asset Allocation Fund - Direct Plan - Monthly IDCW,26.5087
2026-09-30,120524,Axis Multi Asset Allocation Fund - Direct Plan - Growth Option,51.4495
2026-09-30,120530,Invesco India Gold ETF Fund of Fund - Direct Plan - IDCW (Payout / Reinvestment),43.0134
2026-09-30,120531,Invesco India Gold ETF Fund of Fund - Direct Plan - Growth,43.0794
2026-09-30,120534,Invesco India Liquid Fund - Direct Plan- Daily IDCW (Reinvestment),1005.8604
2026-09-30,120535,Invesco India Liquid Fund - Direct Plan - Weekly IDCW (Reinvestment),1072.7767
2026-09-30,120536,Invesco India Liquid Fund - Direct Plan - Monthly IDCW (Payout / Reinvestment),1082.3348
2026-09-30,120537,Invesco India Liquid Fund - Direct Plan - Growth,3909.9838
2026-09-30,120541,Invesco India Ultra Short Term Fund - Direct Plan - Growth,3123.3016
2026-09-30,120542,Invesco India Ultra Short Term Fund - Direct Plan - Monthly IDCW (Payout / Reinvestment),1358.7742
2026-09-30,120543,Invesco India Ultra Short Term Fund - Direct Plan - Annual IDCW (Payout / Reinvestment),2224.0078
2026-09-30,120544,Invesco India Ultra Short Term Fund - Direct Plan - Quarterly IDCW (Payout / Reinvestment),1030.0317
2026-09-30,120545,Aditya Birla Sun Life Gold Fund-DIRECT - IDCW,44.3485
2026-09-30,120546,Aditya Birla Sun Life Gold Fund - Growth - Direct Plan,44.3501
2026-09-30,120550,Aditya Birla Sun Life Conservative Hybrid Fund - DIRECT - MONTHLY IDCW,26.6494
2026-09-30,120558,UTI Liquid Fund - Direct Plan - Daily IDCW (Reinvestment),106.5304
2026-09-30,120559,Invesco India Short Term Fund - Direct Plan - Daily IDCW (Reinvestment),1020.9397
2026-09-30,120560,Invesco India Short Term Fund - Direct Plan - Growth,4198.9058
2026-09-30,120561,Invesco India Short Term Fund - Direct Plan - Monthly IDCW (Payout / Reinvestment),2763.0296
2026-09-30,120562,Invesco India Short Term Fund - Direct Plan -Weekly IDCW (Reinvestment),1020.1576
2026-09-30,120563,Invesco India Short Term Fund - Direct Plan -Discretionary IDCW (Payout / Reinvestment),2962.3158
2026-09-30,120564,Aditya Birla Sun Life Flexi Cap Fund - Growth - Direct Plan,2119.92
2026-09-30,120565,Aditya Birla Sun Life Flexi Cap Fund -DIRECT - IDCW,230.81
2026-09-30,120566,Invesco India Ultra Short to Short Term Fund - Direct Plan -Daily IDCW (Reinvestment),1018.9655
2026-09-30,120567,Invesco India Ultra Short to Short Term Fund - Direct Plan - Discretionary IDCW (Payout / Reinvestment),4251.549
2026-09-30,120568,Invesco India Ultra Short to Short Term Fund - Direct Plan - Weekly IDCW (Payout / Reinvestment),1206.385
2026-09-30,120570,Invesco India Ultra Short to Short Term Fund - Direct Plan - Growth,4249.6309
2026-09-30,120571,Invesco India Ultra Short to Short Term Fund - Direct Plan - Monthly IDCW (Payout / Reinvestment),1085.3635
2026-09-30,120575,SBI CONSUMPTION OPPORTUNITIES FUND - DIRECT PLAN - GROWTH,310.5672
2026-09-30,120576,SBI CONSUMPTION OPPORTUNITIES FUND - REGULAR - GROWTH,268.8627
2026-09-30,120579,ICICI Prudential Children's Fund - Direct Plan,350.14
2026-09-30,120585,ICICI Prudential Large Cap Fund (erstwhile Bluechip Fund)  - Direct Plan - IDCW,57.28
2026-09-30,120586,ICICI Prudential Large Cap Fund (erstwhile Bluechip Fund) - Direct Plan - Growth,113.22
2026-09-30,120587,ICICI Prudential FMCG Fund - Direct Plan -  Growth,426.12
2026-09-30,120588,ICICI Prudential FMCG Fund - Direct Plan -  IDCW,139.90
2026-09-30,120589,ICICI Prudential Gilt Fund - Direct Plan - IDCW,18.5066
2026-09-30,120590,ICICI Prudential Gilt Fund - Direct Plan - Growth,115.9683
2026-09-30,120591,ICICI Prudential Small Cap Fund - Direct Plan - Growth,103.18
2026-09-30,120592,ICICI Prudential ELSS - Tax Saver Fund - Direct Plan - Growth,1003.02
2026-09-30,120593,ICICI Prudential ELSS - Tax Saver Fund - Direct Plan - IDCW,42.39
2026-09-30,120596,ICICI Prudential Large & Mid Cap Fund - Direct Plan - Growth,1112.74
2026-09-30,120597,ICICI Prudential Large & Mid Cap Fund - Direct Plan - IDCW,51.99
2026-09-30,120598,ICICI Prudential Multi Cap Fund - Direct Plan -  IDCW,61.91
2026-09-30,120599,ICICI Prudential Multi Cap Fund - Direct Plan -  Growth,926.12
2026-09-30,120600,ICICI Prudential Dynamic Term Fund - Direct Plan - IDCW,27.5803
2026-09-30,120601,ICICI Prudential Dynamic Term Fund - Direct Plan - Annual IDCW,10.9173
2026-09-30,120602,ICICI Prudential Dynamic Term Fund - Direct Plan - Quarterly IDCW,12.2381
2026-09-30,120603,ICICI Prudential Dynamic Term Fund - Direct Plan - Growth,42.5013
2026-09-30,120604,ICICI Prudential Dynamic Term Fund - Direct Plan - Weekly IDCW,10.4763
2026-09-30,120613,ICICI Prudential Conservative Hybrid Fund - Direct Plan - Half Yearly IDCW,16.1956
2026-09-30,120614,ICICI Prudential Conservative Hybrid Fund - Direct Plan - Quarterly IDCW,14.6583
2026-09-30,120615,ICICI Prudential Conservative Hybrid Fund - Direct Plan - Monthly IDCW,16.0475
2026-09-30,120616,ICICI Prudential Conservative Hybrid Fund - Direct Plan - Growth,86.8064
2026-09-30,120617,ICICI Prudential Medium to Long Term Fund - Direct Plan - IDCW Monthly,11.4504
2026-09-30,120618,ICICI Prudential Medium to Long Term Fund - Direct Plan - IDCW Quarterly,11.8206
2026-09-30,120619,ICICI Prudential Medium to Long Term Fund - Direct Plan - Growth,44.7224
2026-09-30,120620,ICICI Prudential Nifty 50 Index Fund - Direct Plan Cumulative Option,239.4358
2026-09-30,120621,ICICI Prudential Infrastructure Fund - Direct Plan -  Growth,213.07
2026-09-30,120622,ICICI Prudential Infrastructure Fund - Direct Plan -  IDCW,46.55
2026-09-30,120656,UTI Large Cap Fund - Direct Plan - Growth Option,278.2731
2026-09-30,120657,UTI Large Cap Fund - Direct Plan - IDCW,59.1449
2026-09-30,120662,UTI - Flexi Cap Fund-Growth Option - Direct,336.0378
2026-09-30,120663,UTI Flexi Cap Fund - Direct Plan - IDCW,223.6278
2026-09-30,120664,UTI Large & Mid Cap Fund - Direct Plan - IDCW,93.9258
2026-09-30,120665,UTI Large & Mid Cap Fund - Direct Plan - Growth Option,191.1356
2026-09-30,120670,ICICI Prudential Medium Term Fund - Direct Plan - Growth,53.7726
2026-09-30,120671,ICICI Prudential Medium Term Fund - Direct Plan - Quarterly IDCW,11.6640
2026-09-30,120673,UTI Aggressive Hybrid Fund - Direct Plan - IDCW,43.6548
2026-09-30,120674,UTI Aggressive Hybrid Fund -Direct Plan - Growth,424.3857
2026-09-30,120675,ICICI Prudential Ultra Short Term Fund - Direct Plan -  Quarterly IDCW,11.1895
2026-09-30,120676,ICICI Prudential Ultra Short Term Fund - Direct Plan -  Growth,32.5023
2026-09-30,120677,ICICI Prudential Ultra Short Term Fund - Direct Plan -  Monthly IDCW,10.8348
2026-09-30,120681,UTI MNC Fund - Direct Plan - IDCW,224.4666
2026-09-30,120682,UTI - MNC Fund - Growth Option - Direct,432.721
2026-09-30,120683,ICICI Prudential Nifty Next 50 Index Fund - Direct Plan -  IDCW,64.8734
2026-09-30,120684,ICICI Prudential Nifty Next 50 Index Fund - Direct Plan -  Growth,64.8977
2026-09-30,120685,ICICI Prudential Gold ETF FOF - Direct Plan - Growth,47.0452
2026-09-30,120686,ICICI Prudential Gold ETF FOF - Direct Plan - IDCW,47.0496
2026-09-30,120687,ICICI Prudential Exports & Services Fund - Direct Plan - IDCW,73.10
2026-09-30,120688,ICICI Prudential Exports & Services Fund - Direct Plan - Growth,179.36
2026-09-30,120689,UTI Medium to Long Term Fund-Growth - Direct,83.1531
2026-09-30,120690,UTI Medium to Long Term Fund - Direct Plan - Discontinued Quarterly IDCW,26.2418
2026-09-30,120692,ICICI Prudential Corporate Bond Fund - Direct Plan - Growth,33.5167
2026-09-30,120694,ICICI Prudential Corporate Bond Fund - Direct Plan - Quarterly IDCW,15.5259
2026-09-30,120697,ICICI Prudential Corporate Bond Fund - Direct Plan - Monthly IDCW,10.2237
2026-09-30,120702,ICICI Prudential Diversified Debt Strategy Active FOF  - Direct Plan - Growth,49.8254
2026-09-30,120703,ICICI Prudential Diversified Debt Strategy Active FOF - Direct Plan -  IDCW,43.8660
2026-09-30,120705,Aditya Birla Sun Life Conservative Hybrid Fund - Growth / Payment - Direct Plan,78.4021
2026-09-30,120709,ICICI Prudential Credit Risk Fund - Direct Plan - Quarterly IDCW,11.8910
2026-09-30,120711,ICICI Prudential Credit Risk Fund - Direct Plan - Growth,38.7246
2026-09-30,120714,UTI ELSS Tax Saver Fund - Direct Plan - IDCW,50.8303
2026-09-30,120715,UTI ELSS Tax Saver Fund - Direct Plan - Growth Option,215.6903
2026-09-30,120716,UTI Nifty 50 Index Fund - Growth Option- Direct,159.2891
2026-09-30,120717,UTI Nifty 50 Index Fund - Direct Plan - IDCW,80.2521
2026-09-30,120718,UTI Short Term Fund - Direct Plan - Growth Option,36.0603
2026-09-30,120719,UTI Short Term Fund - Direct Plan - Discontinued Quarterly IDCW,20.3895
2026-09-30,120722,ICICI Prudential Focused Fund - Direct Plan - Growth,104.80
2026-09-30,120723,ICICI Prudential Focused Fund - Direct Plan - IDCW,58.73
2026-09-30,120724,UTI Children's Equity Fund - Direct Plan - Growth Option,86.0308
2026-09-30,120725,UTI Children's Equity Fund - Direct Plan - IDCW,86.1794
2026-09-30,120726,UTI Mid Cap Fund-Growth Option- Direct,338.1697
2026-09-30,120727,UTI Mid Cap Fund - Direct Plan - IDCW,166.4143
2026-09-30,120728,UTI Infrastructure Fund-Growth Option- Direct,145.8967
2026-09-30,120729,UTI Infrastructure Fund - Direct Plan - IDCW,76.3483
2026-09-30,120730,UTI Transportation and Logistics Fund - Direct Plan - IDCW,153.3299
2026-09-30,120731,UTI-Transportation and Logistics  Fund-Growth Option- Direct,331.5253
2026-09-30,120732,UTI Banking and Financial Services Fund - Direct Plan - IDCW,84.7741
2026-09-30,120733,UTI Banking and Financial Services Fund - Direct Plan - Growth Option,216.6016
2026-09-30,120734,UTI Ultra Short to Short Term Fund - Direct Plan - Quarterly IDCW,2087.5424
2026-09-30,120735,UTI Ultra Short to Short Term Fund - Direct Plan - Growth Option,3893.4317
2026-09-30,120736,UTI Ultra Short to Short Term Fund - Direct Plan - Monthly IDCW,1520.1076
2026-09-30,120737,UTI Ultra Short to Short Term Fund - Direct Plan - Daily IDCW (Reinvestment),1486.4953
2026-09-30,120739,UTI Ultra Short to Short Term Fund - Direct Plan - Weekly IDCW,1023.4475
2026-09-30,120743,ICICI Prudential Long Term Fund - Direct Plan - Growth,100.4204
2026-09-30,120744,UTI Ultra Short Term Fund - Direct Plan - Daily IDCW (Reinvestment),1640.0432
2026-09-30,120745,UTI Ultra Short Term Fund - Direct Plan - Weekly IDCW (Reinvestment),1084.8404
2026-09-30,120746,UTI Ultra Short Term Fund - Direct Plan - Growth Option,4929.7426
2026-09-30,120747,ICICI Prudential Long Term Fund - Direct Plan - Quarterly IDCW,12.4574
2026-09-30,120749,UTI-Dividend Yield Fund.-Growth-Direct,182.6371
2026-09-30,120750,UTI Dividend Yield Fund - Direct Plan - IDCW,38.3348
2026-09-30,120751,UTI Value Fund - Direct Plan - Growth Option,173.5073
2026-09-30,120752,UTI Value Fund - Direct Plan - IDCW,56.587
2026-09-30,120754,ICICI Prudential Short Term Fund - Direct Plan - Growth Option,70.7759
2026-09-30,120755,ICICI Prudential Short Term Fund - Direct Plan - Monthly IDCW,12.6962
2026-09-30,120760,UTI Multi Asset Allocation Fund - Direct Plan - Growth Option,85.2504
2026-09-30,120761,UTI Multi Asset Allocation Fund - Direct Plan - IDCW,33.4625
2026-09-30,120762,UTI Dynamic Term Fund - Direct Plan - Growth Option,35.6092
2026-09-30,120763,UTI Dynamic Term Fund - Direct Plan - Discontinued Quarterly IDCW,27.4027
2026-09-30,120764,UTI Credit Risk Fund - Direct Plan - Growth Option,20.8885
2026-09-30,120765,UTI Credit Risk Fund - Direct Plan - Discontinued Quarterly IDCW,14.74
2026-09-30,120766,UTI Retirement Fund- Direct Plan,53.7791
2026-09-30,120771,UTI Children's Hybrid Fund - Direct Plan,40.5221
2026-09-30,120772,UTI Money Market Fund - Direct Plan - Daily IDCW (Reinvestment),1030.8658
2026-09-30,120777,UTI Liquid Fund - Direct Plan - Weekly IDCW,106.2256
2026-09-30,120778,UTI Conservative Hybrid Fund - Direct Plan - Monthly IDCW,18.8846
2026-09-30,120779,UTI Conservative Hybrid Fund - Direct Plan - Growth Option,76.0365
2026-09-30,120780,UTI India Consumer Fund - Direct Plan - Growth Option,59.3915
2026-09-30,120781,UTI India Consumer Fund - Direct Plan - IDCW,52.139
2026-09-30,120782,UTI Healthcare Fund - Direct Plan - Growth Option,379.8786
2026-09-30,120783,UTI Healthcare Fund - Direct Plan - IDCW,293.6184
2026-09-30,120784,UTI - Unit Linked Insurance Plan- Direct,45.9279
2026-09-30,120785,UTI - Overnight Fund - Direct Plan - Growth Option,3781.4145
2026-09-30,120786,UTI Overnight Fund - Direct Plan - Periodic IDCW,1984.539
2026-09-30,120789,UTI Conservative Hybrid Fund - Direct Plan - Flexi IDCW,49.3942
2026-09-30,120790,UTI Conservative Hybrid Fund - Direct Plan - Monthly Payment Option,74.7972
2026-09-30,120791,UTI Gilt Fund - Direct Plan - IDCW,31.5084
2026-09-30,120792,UTI - GILT FUND - Direct Plan - Growth Option,68.0841
2026-09-30,120793,UTI Money Market Fund - Direct Plan - Weekly IDCW,1137.2657
2026-09-30,120794,UTI Liquid Fund - Direct Plan - Monthly IDCW,104.8325
2026-09-30,120795,UTI Arbitrage Fund - Direct Plan - Growth Option,40.3303
2026-09-30,120796,UTI Arbitrage Fund - Direct Plan - IDCW,23.4911
2026-09-30,120818,quant Aggressive Hybrid Fund-IDCW Option-Direct Plan,68.891
2026-09-30,120819,quant Aggressive Hybrid Fund-Growth Option-Direct Plan,497.3984
2026-09-30,120820,quant Multi Asset Allocation Fund - IDCW Option - Direct Plan,164.4675
2026-09-30,120821,quant Multi Asset Allocation Fund-GROWTH OPTION-Direct Plan,178.4606
2026-09-30,120822,quant Multi Cap Fund-IDCW Option - Direct Plan,83.1208
2026-09-30,120823,quant Multi Cap Fund-GROWTH OPTION-Direct Plan,717.7427
2026-09-30,120825,quant Large & Mid Cap Fund - IDCW Option - Direct Plan,62.7572
2026-09-30,120826,quant Large & Mid Cap Fund - Growth Option-Direct Plan,134.7819
2026-09-30,120827,quant Small Cap Fund - IDCW Option - Direct Plan,246.9515
2026-09-30,120828,quant Small Cap Fund - Growth Option - Direct Plan,315.9205
2026-09-30,120832,quant Infrastructure Fund - IDCW Option - Direct Plan,44.9743
2026-09-30,120833,quant Infrastructure Fund - Growth Option-Direct Plan,45.0108
2026-09-30,120834,quant Focused Fund - Growth Option-Direct Plan,101.6956
2026-09-30,120835,quant Focused Fund - IDCW Option - Direct Plan,59.4475
2026-09-30,120836,quant Liquid Fund-Daily IDCW Option - Direct Plan,13.1478
2026-09-30,120837,quant Liquid Fund - Growth Option - Direct Plan,45.6064
2026-09-30,120838,quant Liquid Fund - Monthly IDCW Option - Direct Plan,15.7639
2026-09-30,120839,quant Liquid Fund - Weekly IDCW Option - Direct Plan,14.708
2026-09-30,120840,quant Mid Cap Fund - IDCW Option - Direct Plan,84.8571
2026-09-30,120841,quant Mid Cap Fund - Growth Option - Direct Plan,241.5931
2026-09-30,120842,quant Flexi Cap Fund - IDCW Option - Direct Plan,80.6842
2026-09-30,120843,quant Flexi Cap Fund - Growth Option-Direct Plan,118.6983
2026-09-30,120846,quant ELSS Tax Saver Fund - IDCW Option - Direct Plan,60.3654
2026-09-30,120847,quant ELSS Tax Saver Fund - Growth Option - Direct Plan,452.8395
2026-09-30,120870,ICICI Prudential Small Cap Fund - Direct Plan - IDCW,71.40
2026-09-30,121109,SBI BSE SENSEX ETF,808.6595
2026-09-30,121146,Nippon India ETF Nifty 100,251.9887
2026-09-30,121279,Bandhan Banking and PSU Debt Fund - Direct Growth,27.1636
2026-09-30,121280,Bandhan Banking and PSU Debt Fund - Regular Growth,26.2949
2026-09-30,121281,Bandhan Banking and PSU Debt Fund - Direct IDCW,14.2886
2026-09-30,121282,Bandhan Banking and PSU Debt Fund - Regular IDCW,14.1991
2026-09-30,121366,ICICI Prudential Nifty 50 ETF,256.6847
2026-09-30,121891,UTI Ultra Short Term Fund - Regular Plan - Flexi IDCW,1760.11
2026-09-30,121892,UTI Ultra Short Term Fund - Direct Plan - Flexi IDCW,2391.7891
2026-09-30,121931,Bandhan Banking and PSU Debt Fund - Regular Fortnightly IDCW,10.6083
2026-09-30,121932,Bandhan Banking and PSU Debt Fund - Regular Monthly IDCW,10.6726
2026-09-30,121933,Bandhan Banking and PSU Debt Fund - Regular Annual IDCW,11.4293
2026-09-30,121934,Bandhan Banking and PSU Debt Fund - Direct Fortnightly IDCW,10.4533
2026-09-30,121935,Bandhan Banking and PSU Debt Fund - Direct Monthly IDCW,10.4286
2026-09-30,121936,Bandhan Banking and PSU Debt Fund - Direct Annual IDCW,12.4376
2026-09-30,121937,Bandhan Banking and PSU Debt Fund - Regular Quarterly IDCW,10.9064
2026-09-30,121938,Bandhan Banking and PSU Debt Fund - Direct Quarterly IDCW,11.0117
2026-09-30,121940,SBI Medium to Long Term Fund - Direct Plan - Quarterly Income Distribution cum Capital Withdrawal Option (IDCW),23.2687
2026-09-30,121944,SBI Medium to Long Term Fund - Regular Plan - Quarterly Income Distribution cum Capital Withdrawal Option (IDCW),20.7247
2026-09-30,122168,ICICI Prudential Balanced Advantage Fund - Monthly IDCW,21.95
2026-09-30,122236,ICICI Prudential Balanced Advantage Fund - Direct Plan - Monthly IDCW,26.55
2026-09-30,122387,Motilal Oswal Focused Fund - Regular Plan Growth Option,53.1178
2026-09-30,122388,Motilal Oswal Focused Fund Regular - IDCW Payout/Reinvestment,21.9300
2026-09-30,122389,Motilal Oswal Focused Fund - Direct Plan Growth Option,62.9347
2026-09-30,122390,Motilal Oswal Focused Fund Direct - IDCW Payout/Reinvestment,25.8704
2026-09-30,122443,Franklin India Money Market Fund Retail Option - Daily - IDCW,10.0651
2026-09-30,122444,Franklin India Money Market Fund Retail Option - Direct - Daily - IDCW,10.0691
2026-09-30,122531,ICICI Prudential Ultra Short to Short Term Fund - Monthly IDCW,102.0076
2026-09-30,122612,360 ONE Dynamic Term Fund - Regular Plan - Growth Option,24.0826
2026-09-30,122618,BANDHAN Dynamic Term Fund-Direct Plan-Half Yearly IDCW,10.9426
2026-09-30,122643,Aditya Birla Sun Life Floating Interest Rate Fund-Regular - DAILY IDCW,100.0000
2026-09-30,122644,Aditya Birla Sun Life Floating Interest Rate Fund-Regular Plan-Growth,374.6302
2026-09-30,122645,Aditya Birla Sun Life Floating Interest Rate Fund-Direct - daily IDCW,100.0000
2026-09-30,122646,Aditya Birla Sun Life Floating Interest Rate Fund-Direct Plan-Growth,385.9614
2026-09-30,122647,Aditya Birla Sun Life Floating Interest Rate Fund-REGULAR - WEEKLY IDCW,100.6963
2026-09-30,122648,Aditya Birla Sun Life Floating Interest Rate Fund-Direct - weekly IDCW,100.7849
2026-09-30,122651,ICICI Prudential Ultra Short to Short Term Fund - Direct Plan - Monthly IDCW,102.0172
2026-09-30,122711,360 ONE Dynamic Term Fund Regular Plan Bonus,24.0825
2026-09-30,122712,360 ONE Dynamic Term Fund Regular Plan Quarterly Dividend,23.2398
2026-09-30,122715,360 ONE Dynamic Term Fund Direct Plan Growth,25.4868
2026-09-30,122717,360 ONE Dynamic Term Fund Direct Plan Quarterly Dividend,23.5150
2026-09-30,122719,360 ONE Dynamic Term Fund Regular Plan Monthly Dividend,12.9688
2026-09-30,122720,360 ONE Dynamic Term Fund Regular Plan Half Yearly Dividend,23.2396
2026-09-30,122721,360 ONE Dynamic Term Fund Direct Plan Monthly Dividend,14.0918
2026-09-30,122748,ICICI Prudential Ultra Short to Short Term Fund - Fortnightly IDCW,101.8026
2026-09-30,122765,NIPPON INDIA AGGRESSIVE HYBRID FUND - QUARTERLY IDCW Option,21.7763
2026-09-30,122766,NIPPON INDIA AGGRESSIVE HYBRID FUND - DIRECT Plan - QUARTERLY IDCW Option,24.2451
2026-09-30,122868,BANDHAN Dynamic Term Fund - Regular Plan B - Half Yearly IDCW,10.7375
2026-09-30,122904,ICICI Prudential Ultra Short to Short Term Fund - Direct Plan - Fortnightly IDCW,101.8073
2026-09-30,122982,ICICI Prudential Ultra Short to Short Term Fund - Direct Plan - Quarterly IDCW,110.1090
2026-09-30,122995,ICICI Prudential Ultra Short to Short Term Fund - Quarterly IDCW,109.8284
2026-09-30,123004,ICICI Prudential Nifty 100 ETF,26.5046
2026-09-30,123287,DSP Money Market Fund - Regular Plan - IDCW - Daily,10.1021
2026-09-30,123288,DSP Money Market Fund - Direct Plan -  IDCW - Daily,10.1527
2026-09-30,123646,UTI Annual Interval Fund - I - Direct Plan - Growth Option,37.0684
2026-09-30,123663,UTI Annual Interval Fund - I - Direct Plan - Dividend Option,11.3677
2026-09-30,123690,Kotak Banking and PSU Debt - Growth,69.5367
2026-09-30,123691,Kotak Banking and PSU Debt - Monthly Payout of Income Distribution cum capital withdrawal option,13.0645
2026-09-30,123692,Kotak Banking and PSU Debt Direct - Monthly Payout of Income Distribution cum capital withdrawal option,10.2216
2026-09-30,123693,Kotak Banking and PSU Debt Direct - Growth,72.7701
2026-09-30,123704,Groww Short Term Fund (formerly known as Indiabulls Short Term Fund) - Direct Plan - Growth Option,2564.1195
2026-09-30,123705,Groww Short Term Fund (formerly known as Indiabulls Short Term Fund)- Direct Plan- Weekly - Income Distribution cum capital withdrawal Option (Payout & Reinvestment),1019.2888
2026-09-30,123706,Groww Short Term Fund (formerly known as Indiabulls Short Term Fund)- Direct Plan- Fortnightly - Income Distribution cum capital withdrawal Option (Payout & Reinvestment),1019.2062
2026-09-30,123707,Groww Short Term Fund (formerly known as Indiabulls Short Term Fund)- Direct Plan- Monthly - Income Distribution cum capital withdrawal Option (Payout & Reinvestment),1019.1561
2026-09-30,123708,Groww Short Term Fund (formerly known as Indiabulls Short Term Fund )- Regular Plan - Growth Option,2213.3997
2026-09-30,123709,Groww Short Term Fund (formerly known as Indiabulls Short Term Fund)- Regular Plan- Weekly - Income Distribution cum capital withdrawal Option (Payout & Reinvestment),1019.0944
2026-09-30,123710,Groww Short Term Fund (formerly known as Indiabulls Short Term Fund)- Regular Plan- Fortnightly - Income Distribution cum capital withdrawal Option (Payout & Reinvestment),1019.0329
2026-09-30,123711,Groww Short Term Fund (formerly known as Indiabulls Short Term Fund)- Regular Plan- Monthly - Income Distribution cum capital withdrawal Option (Payout & Reinvestment),1025.4178
2026-09-30,124172,DSP Banking and PSU Debt Fund - Regular Plan - Growth,25.2861
2026-09-30,124173,DSP Banking and PSU Debt Fund - Regular Plan - IDCW - Daily Reinvest,10.1149
2026-09-30,124174,DSP Banking and PSU Debt Fund - Regular Plan - IDCW,10.5844
2026-09-30,124175,DSP Banking and PSU Debt Fund - Direct Plan - Growth,26.2709
2026-09-30,124176,DSP Banking and PSU Debt Fund - Direct Plan - IDCW - Monthly,10.3887
2026-09-30,124177,DSP Banking and PSU Debt Fund - Direct Plan - IDCW - Quarterly,10.4107
2026-09-30,124178,DSP Banking and PSU Debt Fund - Direct Plan - IDCW,10.6024
2026-09-30,124179,DSP Banking and PSU Debt Fund - Regular Plan - IDCW - Weekly,10.1142
2026-09-30,124180,DSP Banking and PSU Debt Fund - Regular Plan - IDCW - Monthly,10.3717
2026-09-30,124181,DSP Banking and PSU Debt Fund - Regular Plan - IDCW - Quarterly,10.4013
2026-09-30,124182,DSP Banking and PSU Debt Fund - Direct Plan - IDCW - Daily Reinvest,10.1186
2026-09-30,124183,DSP Banking and PSU Debt Fund - Direct Plan - IDCW - Weekly,10.1181
2026-09-30,124233,Motilal Oswal Ultra Short Term Fund (MOFUSTF)-Regular Plan- Growth,17.5667
2026-09-30,124234,Motilal Oswal Ultra Short Term Fund (MOFUSTF) -Direct Plan- Growth,18.7977
2026-09-30,124265,UTI Overnight Fund - Regular Plan - Daily IDCW,1370.8617
2026-09-30,124266,UTI Overnight Fund - Direct Plan - Daily IDCW,1371.6621
2026-09-30,124303,Motilal Oswal Ultra Short Term Fund Regular - IDCW Daily Reinvestment,11.4495
2026-09-30,124305,Motilal Oswal Ultra Short Term Fund Regular - IDCW Quarterly Payout/Reinvestment,11.9784
2026-09-30,124306,Motilal Oswal Ultra Short Term Fund Direct - IDCW Weekly Reinvestment,11.7334
2026-09-30,124308,Motilal Oswal Ultra Short Term Fund Direct Plan - IDCW Monthly Payout/Reinvestment,11.7481
2026-09-30,124310,Motilal Oswal Ultra Short Term Fund Regular - IDCW Weekly Reinvestment,11.4689
2026-09-30,124311,Motilal Oswal Ultra Short Term Fund Direct - IDCW Fortnightly Reinvestment,11.8007
2026-09-30,124312,Motilal Oswal Ultra Short Term Fund Direct - IDCW Quarterly Payout/Reinvestment,12.3660
2026-09-30,124313,Motilal Oswal Ultra Short Term Fund Regular - IDCW Fortnightly Reinvestment,11.5042
2026-09-30,124315,Motilal Oswal Ultra Short Term Fund Regular - IDCW Monthly Payout/Reinvestment,11.4756
2026-09-30,124316,Motilal Oswal Ultra Short Term Fund Direct - IDCW Daily Reinvestment,11.7326
2026-09-30,124589,NIPPON INDIA FLOATING INTEREST RATES  FUND - IDCW Option,21.7936
2026-09-30,124590,NIPPON INDIA FLOATING INTEREST RATES  FUND - DIRECT Plan - IDCW Option,22.7422
2026-09-30,124832,Aditya Birla Sun Life Corporate Bond Fund -DIRECT - IDCW,10.0081
2026-09-30,124833,Aditya Birla Sun Life Corporate Bond Fund -REGULAR - IDCW,11.2083
2026-09-30,124962,UTI Short Term Fund - Direct Plan - Discontinued Flexi IDCW,19.9175
2026-09-30,125045,UTI Short Term Fund - Regular Plan - Discontinued Flexi IDCW,19.2446
2026-09-30,125259,360 ONE LIQUID FUND REGULAR PLAN  GROWTH,2163.3670
2026-09-30,125264,NIPPON INDIA ULTRA SHORT TO SHORT TERM FUND - DIRECT Plan - IDCW Option,2273.5540
2026-09-30,125265,NIPPON INDIA ULTRA SHORT TO SHORT TERM FUND - IDCW Option,2139.0831
2026-09-30,125266,NIPPON INDIA CORPORATE BOND FUND - DIRECT Plan - IDCW Option,21.3021
2026-09-30,125267,NIPPON INDIA CORPORATE BOND FUND - IDCW Option,20.4223
2026-09-30,125268,NIPPON INDIA SHORT TERM FUND - IDCW Option,22.8827
2026-09-30,125269,NIPPON INDIA SHORT TERM FUND - Direct Plan - IDCW Option,25.0175
2026-09-30,125301,PGIM India Midcap Fund - Direct Plan - Dividend Option - Payout,61.97
2026-09-30,125305,PGIM India Midcap Fund - Regular Plan - Growth Option,63.63
2026-09-30,125306,PGIM India Midcap Fund - Regular Plan - Dividend Option - Payout,22.77
2026-09-30,125307,PGIM India Midcap Fund - Direct Plan - Growth Option,74.77
2026-09-30,125337,360 ONE LIQUID FUND REGULAR PLAN  WEEKLY DIVIDEND,1005.1678
2026-09-30,125342,360 ONE LIQUID FUND REGULAR PLAN  DAILY DIVIDEND REINVESTMENT,1000.7436
2026-09-30,125343,360 ONE LIQUID FUND DIRECT PLAN  WEEKLY DIVIDEND,1005.1709
2026-09-30,125345,360 ONE LIQUID FUND DIRECT PLAN  GROWTH,2179.7632
2026-09-30,125349,360 ONE LIQUID FUND DIRECT PLAN  DAILY DIVIDEND REINVESTMENT,1000.7436
2026-09-30,125350,Axis Small Cap Fund - Regular Plan - Growth,114.50
2026-09-30,125351,Axis Small Cap Fund - Direct Plan - IDCW,54.02
2026-09-30,125352,Axis Small Cap Fund - Regular Plan - IDCW,45.60
2026-09-30,125354,Axis Small Cap Fund - Direct Plan - Growth,133.91
2026-09-30,125494,SBI Small Cap Fund - Regular Plan - Growth,180.4428
2026-09-30,125495,SBI Small Cap Fund - Regular Plan - Income Distribution cum Capital Withdrawal Option (IDCW),106.6027
2026-09-30,125496,SBI Small Cap Fund - Direct Plan - Income Distribution cum Capital Withdrawal Option (IDCW),142.3224
2026-09-30,125497,SBI Small Cap Fund - Direct Plan - Growth,208.5182
2026-09-30,125498,SBI BANKING & PSU DEBT FUND - Regular Paln - Growth,3309.6016
2026-09-30,125499,SBI Banking & PSU Debt Fund - Regular Plan - Daily Income Distribution cum Capital Withdrawal Option (IDCW),1509.9321
2026-09-30,125500,SBI Banking & PSU Debt Fund - Regular Plan - Weekly Income Distribution cum Capital Withdrawal Option (IDCW),1509.5736
2026-09-30,125501,SBI Banking & PSU Debt Fund - Regular Plan - Monthly Income Distribution cum Capital Withdrawal Option (IDCW),1220.1557
2026-09-30,125502,SBI Banking & PSU Debt Fund - Direct Plan - Daily Income Distribution cum Capital Withdrawal Option (IDCW),1556.6975
2026-09-30,125503,SBI BANKING & PSU DEBT FUND - Direct Plan - Growth,3534.1549
2026-09-30,125504,SBI Banking & PSU Debt Fund - Direct Plan - Weekly Income Distribution cum Capital Withdrawal Option (IDCW),1553.2400
2026-09-30,125505,SBI Banking & PSU Debt Fund - Direct Plan - Monthly Income Distribution cum Capital Withdrawal Option (IDCW),1312.6810
2026-09-30,125595,Aditya Birla Sun Life Banking and Financial Services Fund - Regular Plan - Growth,59.41
2026-09-30,125596,Aditya Birla Sun Life Banking and Financial Services Fund - REGULAR - IDCW,21.73
2026-09-30,125597,Aditya Birla Sun Life Banking and Financial Services Fund - Direct Plan - Growth,67.38
2026-09-30,125598,Aditya Birla Sun Life Banking and Financial Services Fund - DIRECT - IDCW,29.71
2026-09-30,125711,Shriram Aggressive Hybrid Fund- Direct Growth,35.9429
2026-09-30,125712,Shriram Aggressive Hybrid Fund- Direct- IDCW,28.3139
2026-09-30,125713,Shriram Aggressive Hybrid Fund- Regular Growth,30.7811
2026-09-30,125714,Shriram Aggressive Hybrid Fund- Regular-IDCW,24.6113
2026-09-30,126350,Invesco India - Invesco Pan European Equity Fund of Fund - Regular Plan - IDCW (Payout / Reinvestment),26.4196
2026-09-30,126351,Invesco India - Invesco Pan European Equity Fund of Fund - Regular Plan - Growth Option,26.4199
2026-09-30,126352,Invesco India - Invesco Pan European Equity Fund of Fund - Direct Plan - IDCW (Payout / Reinvestment),28.803
2026-09-30,126353,Invesco India - Invesco Pan European Equity Fund of Fund - Direct Plan - Growth Option,28.891
2026-09-30,126389,BANK OF INDIA Ultra Short Term Fund- Direct Plan-Bonus,3522.2245
2026-09-30,126391,DSP Dynamic Asset Allocation Fund - Direct Plan - IDCW - Monthly,16.2540
2026-09-30,126392,DSP Dynamic Asset Allocation Fund - Regular Plan - IDCW - Monthly,13.5330
2026-09-30,126393,DSP Dynamic Asset Allocation Fund - Direct Plan - Growth,32.5230
2026-09-30,126394,DSP Dynamic Asset Allocation Fund - Regular Plan - Growth,27.9690
2026-09-30,126685,CANARA ROBECO CORPORATE BOND FUND - DIRECT PLAN - GROWTH OPTION,24.6661
2026-09-30,126686,CANARA ROBECO CORPORATE BOND FUND - DIRECT PLAN - IDCW (Payout/Reinvestment),12.4798
2026-09-30,126687,CANARA ROBECO CORPORATE BOND FUND - REGULAR PLAN - GROWTH OPTION,22.8372
2026-09-30,126688,CANARA ROBECO CORPORATE BOND FUND - REGULAR PLAN - IDCW (Payout/Reinvestment),11.5782
2026-09-30,126939,UTI Banking & PSU Debt Fund- Regular Plan - Growth Option,23.5994
2026-09-30,126940,UTI Banking & PSU Debt Fund - Direct Plan - Growth Option,24.0769
2026-09-30,126941,UTI Banking & PSU Debt Fund - Regular Plan - Discontinued Quarterly IDCW,16.1951
2026-09-30,126942,UTI Banking & PSU Debt Fund - Direct Plan - Discontinued Quarterly IDCW,17.9201
2026-09-30,127039,Motilal Oswal Midcap Fund-Regular Plan-Growth Option,98.8978
2026-09-30,127040,Motilal Oswal Midcap Fund-Regular - IDCW Payout/Reinvestment,44.6917
2026-09-30,127042,Motilal Oswal Midcap Fund-Direct Plan-Growth Option,114.3619
2026-09-30,127044,Motilal Oswal Midcap Fund-Direct - IDCW Payout/Reinvestment,46.6456
2026-09-30,127470,Bandhan Banking and PSU Debt Fund - Regular Daily IDCW,10.8751
2026-09-30,127471,Bandhan Banking and PSU Debt Fund - Direct Daily IDCW,10.4739
2026-09-30,127849,BANK OF INDIA BALANCED ADVANTAGE FUND REGULAR PLAN  GROWTH,25.3456
2026-09-30,127850,BANK OF INDIA BALANCED ADVANTAGE FUND DIRECT PLAN  GROWTH,27.7560
2026-09-30,127851,BANK OF INDIA BALANCED ADVANTAGE FUND  REGULAR PLAN IDCW,17.6834
2026-09-30,127852,BANK OF INDIA BALANCED ADVANTAGE FUND  DIRECT PLAN IDCW,16.7460
2026-09-30,128006,Kotak Medium Term Fund - Direct Growth,27.5522
2026-09-30,128009,Kotak Medium Term Fund - Growth,24.4915
2026-09-30,128050,HDFC Credit Risk Fund - Quarterly IDCW - Direct Plan,10.7873
2026-09-30,128051,HDFC Credit Risk Fund - Growth Option - Direct Plan,28.3617
2026-09-30,128052,HDFC Credit Risk Fund - Quarterly IDCW Option,10.4409
2026-09-30,128053,HDFC Credit Risk Fund - Growth Option,26.0711
2026-09-30,128078,Kotak Medium Term Fund - Standard Income Distribution cum capital withdrawal option,14.7914
2026-09-30,128079,Kotak Medium Term Fund - Direct - Standard Income Distribution cum capital withdrawal option,27.1125
2026-09-30,128331,Nippon India ETF Nifty India Consumption,123.5096
2026-09-30,128626,HDFC Banking and PSU Debt Fund - IDCW Option - Direct Plan,9.9903
2026-09-30,128627,HDFC Banking and PSU Debt Fund - IDCW Option,10.0947
2026-09-30,128628,HDFC Banking and PSU Debt Fund - Growth Option,24.3381
2026-09-30,128629,HDFC Banking and PSU Debt Fund - Growth Option - Direct Plan,25.4595
2026-09-30,128639,Nippon India ETF Nifty Dividend Opportunities 50,72.4101
2026-09-30,128820,NIPPON INDIA ARBITRAGE FUND - MONTHLY IDCW Option,14.8486
2026-09-30,128821,NIPPON INDIA ARBITRAGE FUND - DIRECT Plan - MONTHLY IDCW Option,16.2507
2026-09-30,129006,Franklin India Banking & PSU Debt Fund - Growth,24.1400
2026-09-30,129007,Franklin India Banking and PSU Debt Fund - IDCW,10.8377
2026-09-30,129008,Franklin India Banking & PSU Debt Fund - Direct - Growth,25.3124
2026-09-30,129009,Franklin India Banking and PSU Debt Fund - Direct - IDCW,11.4541
2026-09-30,129046,Motilal Oswal Flexi cap Fund Direct Plan-Growth Option,68.7773
2026-09-30,129047,Motilal Oswal Flexi Cap Fund Direct - IDCW Payout/Reinvestment,34.0245
2026-09-30,129048,Motilal Oswal Flexi Cap Fund Regular Plan-Growth Option,61.4331
2026-09-30,129049,Motilal Oswal Flexi cap Fund Regular - IDCW Payout/Reinvestment,32.2663
2026-09-30,129051,HDFC ARBITRAGE FUND - Regular Plan - Monthly IDCW Option,11.422
2026-09-30,129052,HDFC ARBITRAGE FUND -Direct Plan - Growth Option,21.812
2026-09-30,129054,HDFC ARBITRAGE FUND - Monthly IDCW - Direct Plan,11.33
2026-09-30,129187,Invesco India - Invesco Global Equity Income Fund of Fund - Regular Plan - Growth,36.9068
2026-09-30,129188,Invesco India - Invesco Global Equity Income Fund of Fund - Direct Plan - Growth,41.031
2026-09-30,129189,Invesco India - Invesco Global Equity Income Fund of Fund - Regular Plan - IDCW (Payout / Reinvestment),36.8541
2026-09-30,129190,Invesco India - Invesco Global Equity Income Fund of Fund - Direct Plan - IDCW (Payout / Reinvestment),40.5319
2026-09-30,129210,Sundaram Infrastructure Advantage Fund Regular Plan - Income Distribution cum Capital Withdrawal (IDCW),55.3245
2026-09-30,129211,Sundaram Infrastructure Advantage Fund Direct Plan - Income Distribution cum Capital Withdrawal (IDCW),59.8550
2026-09-30,129212,Sundaram Infrastructure Advantage Fund Direct Plan - Growth,103.9562
2026-09-30,129213,Sundaram Infrastructure Advantage Fund Regular Plan - Growth,96.6045
2026-09-30,129309,ICICI Prudential Dividend Yield Fund Direct Plan IDCW Option,23.73
2026-09-30,129310,ICICI Prudential Dividend Yield Fund Growth Option,49.80
2026-09-30,129311,ICICI Prudential Dividend Yield Fund IDCW Option,17.70
2026-09-30,129312,ICICI Prudential Dividend Yield Fund Direct Plan Growth Option,56.36
2026-09-30,129436,Franklin India Money Market Fund Retail Option - Monthly - IDCW,10.4763
2026-09-30,129437,Franklin India Money Market Fund Retail Option - Direct - Monthly - IDCW,10.8667
2026-09-30,129646,Union Small Cap Fund - Direct Plan - IDCW Option,43.59
2026-09-30,129647,Union Small Cap Fund - Regular Plan - Growth Option,59.20
2026-09-30,129648,Union Small Cap Fund - Regular Plan - IDCW Option,45.43
2026-09-30,129649,Union Small Cap Fund - Direct Plan - Growth Option,66.25
2026-09-30,130013,ICICI Prudential Money Market Fund Option - IDCW Others,188.6356
2026-09-30,130037,Nippon India Medium Term Fund - Growth Option,16.8546
2026-09-30,130050,Nippon India Medium Term Fund - Direct Plan - Growth Option,18.3763
2026-09-30,130053,NIPPON INDIA MEDIUM TERM FUND - IDCW Option,14.4229
2026-09-30,130054,NIPPON INDIA MEDIUM TERM FUND - DIRECT Plan - IDCW Option,15.4995
2026-09-30,130055,NIPPON INDIA MEDIUM TERM FUND - DIRECT Plan - QUARTERLY IDCW Option,10.9514
2026-09-30,130056,NIPPON INDIA MEDIUM TERM FUND - QUARTERLY IDCW Option,10.8570
2026-09-30,130205,Edelweiss Arbitrage Fund- Regular Plan- Growth Option,20.7998
2026-09-30,130206,Edelweiss Arbitrage Fund- Direct Plan- Growth Option,22.509
2026-09-30,130207,Edelweiss Arbitrage Fund - Regular Plan - IDCW Option,15.2638
2026-09-30,130208,Edelweiss Arbitrage Fund- Regular Plan -Bonus Option,20.8998
2026-09-30,130209,Edelweiss Arbitrage Fund - Direct Plan - IDCW Option,16.0919
2026-09-30,130309,Axis Credit Risk Fund - Regular Plan - Growth,23.4336
2026-09-30,130310,Axis Credit Risk Fund - Regular Plan - Weekly IDCW,10.1583
2026-09-30,130311,Axis Credit Risk Fund - Direct Plan - Weekly IDCW,10.3323
2026-09-30,130312,Axis Credit Risk Fund - Direct Plan - Monthly IDCW,10.1843
2026-09-30,130313,Axis Credit Risk Fund - Regular Plan - Monthly IDCW,10.1306
2026-09-30,130314,Axis Credit Risk Fund - Direct Plan - Growth,26.4597
2026-09-30,130496,HDFC Large & Mid Cap Fund - Growth Option,330.814
2026-09-30,130497,HDFC Large & Mid Cap Fund - IDCW Option,34.001
2026-09-30,130498,HDFC Large & Mid Cap Fund - Growth Option - Direct Plan,351.056
2026-09-30,130499,HDFC Large & Mid Cap Fund - IDCW Option - Direct Plan,45.584
2026-09-30,130501,HDFC Small Cap Fund - IDCW Option,39.489
2026-09-30,130502,HDFC Small Cap Fund - Growth Option,136.079
2026-09-30,130503,HDFC Small Cap Fund - Growth Option - Direct Plan,156.267
2026-09-30,130504,HDFC Small Cap Fund - IDCW Option - Direct Plan,63.262
2026-09-30,130533,HDFC Income Plus Arbitrage Active FOF - Growth Option,41.3722
2026-09-30,130540,HDFC Income Plus Arbitrage Active FOF - IDCW Option,36.2537
2026-09-30,130543,HDFC Income Plus Arbitrage Active FOF - Growth Option - Direct Plan,45.7875
2026-09-30,130547,HDFC Income Plus Arbitrage Active FOF - IDCW Option - Direct Plan,40.22
2026-09-30,130603,JM Arbitrage Fund (Regular) - Bonus Option - Principal Units,18.9637
2026-09-30,130604,JM Arbitrage Fund (Direct) - Bonus Option - Principal Units,20.0751
2026-09-30,130721,Invesco India Credit Risk Fund - Regular Plan - Growth,2079.8635
2026-09-30,130722,Invesco India Credit Risk Fund - Direct Plan - Growth,2348.8519
2026-09-30,130723,Invesco India Credit Risk Fund - Regular Plan - Monthly IDCW (Payout / Reinvestment),1188.9503
2026-09-30,130724,Invesco India Credit Risk Fund - Direct Plan - Monthly IDCW (Payout / Reinvestment),1177.2541
2026-09-30,130725,Invesco India Credit Risk Fund - Direct Plan - Discretionary IDCW (Payout / Reinvestment),2366.3773
2026-09-30,130726,Invesco India Credit Risk Fund - Regular Plan - Discretionary IDCW (Payout / Reinvestment),2079.202
2026-09-30,130771,Axis Arbitrage Fund - Regular Plan - Growth,20.0582
2026-09-30,130773,Axis Arbitrage Fund - Direct Plan - Growth,21.9755
2026-09-30,130774,Axis Arbitrage Fund - Direct Plan - Monthly IDCW,12.3876
2026-09-30,130776,Axis Arbitrage Fund - Regular Plan - Monthly IDCW,11.1619
2026-09-30,130787,Invesco India Arbitrage Fund - Direct Plan - Annual Bonus,37.3804
2026-09-30,130858,Nippon India Japan Equity Fund- Growth Plan- Bonus Option,28.5012
2026-09-30,130859,NIPPON INDIA - JAPAN EQUITY FUND - IDCW Option,28.5012
2026-09-30,130860,Nippon India Japan Equity Fund- Direct Plan- Growth Plan- Growth Option,32.2672
2026-09-30,130861,Nippon India Japan Equity Fund- Direct Plan- Growth Plan- Bonus Option,32.2672
2026-09-30,130863,Nippon India Japan Equity Fund- Growth Plan- Growth Option,28.5012
2026-09-30,130864,NIPPON INDIA - JAPAN EQUITY FUND - DIRECT Plan - IDCW Option,32.2672
2026-09-30,130904,JM Aggressive Hybrid Fund (Direct) - Annual Bonus Option,136.528
2026-09-30,131051,ICICI Prudential 10 year Constant Maturity Gilt Fund - Growth,25.7376
2026-09-30,131054,ICICI Prudential 10 year Constant Maturity Gilt Fund - Direct Plan - Quarterly IDCW,11.4903
2026-09-30,131057,ICICI Prudential 10 year Constant Maturity Gilt Fund - quarterly IDCW,11.2322
2026-09-30,131061,ICICI Prudential 10 year Constant Maturity Gilt Fund - Direct Plan - Growth,26.3587
2026-09-30,131297,DSP 10 year Constant Maturity Gilt Fund - Regular Plan - Growth,22.2124
2026-09-30,131298,DSP 10 year Constant Maturity Gilt Fund - Regular Plan - IDCW,10.4866
2026-09-30,131299,DSP 10 year Constant Maturity Gilt Fund - Regular Plan - IDCW - Monthly,10.5803
2026-09-30,131300,DSP 10 year Constant Maturity Gilt Fund - Regular Plan - IDCW - Quarterly,10.7353
2026-09-30,131301,DSP 10 year Constant Maturity Gilt Fund - Direct Plan - Growth,22.8154
2026-09-30,131302,DSP 10 year Constant Maturity Gilt Fund - Direct Plan - IDCW - Quarterly,10.6877
2026-09-30,131303,DSP 10 year Constant Maturity Gilt Fund - Direct Plan - IDCW - Monthly,10.4320
2026-09-30,131304,DSP 10 year Constant Maturity Gilt Fund - Direct Plan - IDCW,10.6961
2026-09-30,131331,Nippon India ETF BSE Sensex,834.1498
2026-09-30,131354,BANDHAN Balanced Advantage Fund Regular Plan IDCW,13.826
2026-09-30,131355,BANDHAN Balanced Advantage Fund Direct Plan Growth,29.107
2026-09-30,131356,BANDHAN Balanced Advantage Fund Direct Plan IDCW,16.127
2026-09-30,131357,BANDHAN Balanced Advantage Fund Regular Plan Growth,24.795
2026-09-30,131372,Kotak Equity Savings Fund - Regular - Growth,27.2773
2026-09-30,131373,Kotak Equity Savings Fund - Direct - Growth,30.3472
2026-09-30,131374,Kotak Equity Savings Fund - Regular - Monthly Payout of Income Distribution cum capital withdrawal option,19.9714
2026-09-30,131375,Kotak Equity Savings Fund - Direct - Monthly Payout of Income Distribution cum capital withdrawal option,21.7094
2026-09-30,131382,Bandhan Short Term Fund - Direct Plan - Periodic IDCW,23.7964
2026-09-30,131383,Bandhan Short Term Fund - Regular Plan - Periodic IDCW,22.7083
2026-09-30,131384,Bandhan Medium Term Fund - Direct Plan - Periodic IDCW,13.9364
2026-09-30,131385,Bandhan Medium Term Fund - Regular Plan - Periodic IDCW,15.2949
2026-09-30,131386,Bandhan Medium to Long Term Fund - Direct Plan - Periodic IDCW,18.2115
2026-09-30,131387,Bandhan Medium to Long Term Fund - Regular Plan - Periodic IDCW,14.5754
2026-09-30,131388,Bandhan Money Market Fund -Direct Plan-Periodic IDCW,17.3778
2026-09-30,131389,Bandhan Money Market Fund - Regular Plan - Periodic IDCW,14.3050
2026-09-30,131390,Bandhan 10 year Constant Maturity Gilt Fund - Direct Plan - Periodic IDCW,14.5327
2026-09-30,131391,Bandhan 10 year Constant Maturity Gilt Fund - Regular Plan - Periodic IDCW,17.1304
2026-09-30,131394,Bandhan Gilt Fund - Direct Plan - Periodic IDCW,19.3431
2026-09-30,131395,Bandhan Gilt Fund - Regular Plan B - Periodic IDCW,17.6204
2026-09-30,131396,BANDHAN Dynamic Term Fund-Direct Plan-Periodic IDCW,14.1093
2026-09-30,131397,BANDHAN Dynamic Term Fund - Regular Plan B - Periodic IDCW,14.2329
2026-09-30,131398,Bandhan Income Plus Arbitrage Active FOF - Direct Plan - Periodic IDCW,16.9716
2026-09-30,131399,Bandhan Income Plus Arbitrage Active FOF - Regular Plan - Periodic IDCW,16.3707
2026-09-30,131418,UTI Credit Risk Fund - Regular Plan - Monthly IDCW,11.007
2026-09-30,131419,UTI Credit Risk Fund - Direct Plan - Monthly IDCW,11.2987
2026-09-30,131424,UTI Short Term Fund - Regular Plan - Half-Yearly IDCW,14.4369
2026-09-30,131425,UTI Short Term Fund - Direct Plan - Half Yearly Dividend Option,14.7618
2026-09-30,131444,UTI Ultra Short Term Fund - Direct Plan - Monthly IDCW,1177.8714
2026-09-30,131445,UTI Ultra Short Term Fund - Regular Plan - Monthly IDCW,1130.3111
2026-09-30,131452,ICICI Prudential Aggressive Hybrid Fund - Half Yearly IDCW,23.65
2026-09-30,131453,ICICI Prudential Aggressive Hybrid Fund - Direct Plan - Half Yearly IDCW,27.22
2026-09-30,131476,JM Aggressive Hybrid Fund (Regular) - Annual IDCW,32.5217
2026-09-30,131477,JM Aggressive Hybrid Fund (Direct) - Annual IDCW,45.9913
2026-09-30,131480,ICICI Prudential Medium to Long Term Fund - Direct Plan - Half Yearly IDCW,10.6879
2026-09-30,131481,ICICI Prudential Medium to Long Term Fund - Half Yearly IDCW,11.0107
2026-09-30,131511,UTI Ultra Short Term Fund - Regular Plan - Fortnightly IDCW,1324.0106
2026-09-30,131512,UTI Ultra Short Term Fund - Direct Plan - Fortnightly IDCW,1359.798
2026-09-30,131547,UTI Short Term Fund - Regular Plan - Monthly IDCW,11.9088
2026-09-30,131548,UTI Short Term Fund - Direct Plan - Monthly IDCW,10.5893
2026-09-30,131578,360 ONE Focused Fund -Regular Plan - Growth,47.0003
2026-09-30,131579,360 ONE Focused Fund - Regular Plan - Dividend,41.5858
2026-09-30,131580,360 ONE Focused Fund-Direct Plan-Growth,53.9076
2026-09-30,131581,360 ONE Focused Fund - Direct Plan - Dividend,53.3577
2026-09-30,131665,Aditya Birla Sun Life Balanced Advantage Fund -REGULAR - IDCW,25.45
2026-09-30,131666,Aditya Birla Sun Life Balanced Advantage Fund - Regular Plan - Growth Option,110.47
2026-09-30,131670,Aditya Birla Sun Life Balanced Advantage Fund - Direct Plan - Growth Option,127.05
2026-09-30,131671,Aditya Birla Sun Life Balanced Advantage Fund -DIRECT - IDCW,29.31
2026-09-30,132756,Tata ELSS Fund-Growth-Direct Plan,51.9850
2026-09-30,132757,Tata ELSS Fund-Growth-Regular Plan,44.8227
2026-09-30,132848,HDFC Corporate Bond Fund - IDCW Option,20.7549
2026-09-30,132849,HDFC Corporate Bond Fund - IDCW Option - Direct Plan,21.5336
2026-09-30,132852,HDFC Medium Term Fund - IDCW Option,20.361
2026-09-30,132853,HDFC Medium Term Fund - IDCW Option - Direct Plan,22.0547
2026-09-30,132871,NIPPON INDIA CREDIT RISK FUND - IDCW Option,20.9365
2026-09-30,132873,NIPPON INDIA CREDIT RISK FUND - DIRECT Plan - IDCW Option,22.9600
2026-09-30,132917,Aditya Birla Sun Life Dynamic Term Fund -Regular - IDCW,12.1898
2026-09-30,132918,Aditya Birla Sun Life Dynamic Term Fund -Direct - IDCW,13.2920
2026-09-30,132995,Aditya Birla Sun Life Equity Savings Fund - Direct Plan - Growth,25.80
2026-09-30,132996,Aditya Birla Sun Life Equity Savings Fund - Direct - IDCW,15.14
2026-09-30,132997,Aditya Birla Sun Life Equity Savings Fund - Regular - IDCW,12.79
2026-09-30,132998,Aditya Birla Sun Life Equity Savings Fund - Regular Plan - Growth,23.14
2026-09-30,133035,Kotak Aggressive Hybrid Fund - Direct Plan -Growth,74.901
2026-09-30,133036,Kotak Aggressive Hybrid Fund - Regular Plan -Growth,62.811
2026-09-30,133051,ICICI Prudential Equity Savings Fund - Cumulative option,23.19
2026-09-30,133052,ICICI Prudential Equity Savings Fund - Direct Plan - Quarterly IDCW,15.47
2026-09-30,133053,ICICI Prudential Equity Savings Fund - Quarterly IDCW,12.93
2026-09-30,133054,ICICI Prudential Equity Savings Fund - Direct Plan - Cumulative option,25.03
2026-09-30,133059,UTI Ultra Short Term Fund - Direct Plan - Quarterly IDCW,2046.8757
2026-09-30,133122,Kotak Nifty Bank ETF,56.7773
2026-09-30,133127,UTI Ultra Short to Short Term Fund - Direct Plan - Flexi IDCW,1652.8063
2026-09-30,133130,UTI Ultra Short to Short Term Fund - Regular Plan - Flexi IDCW,1455.9323
2026-09-30,133147,HDFC Credit Risk Fund - IDCW Option - Direct Plan,24.8619
2026-09-30,133148,HDFC Credit Risk Fund - IDCW Option,24.0071
2026-09-30,133180,UTI Dynamic Term Fund - Direct Plan - Discontinued Flexi IDCW,17.8703
2026-09-30,133265,Nippon India Gilt  Fund- Direct Plan- Growth Plan- Bonus Option,24.7191
2026-09-30,133280,UTI Medium to Long Term Fund - Direct Plan - Discontinued Flexi IDCW,16.1777
2026-09-30,133307,LIC MF Nifty 8-13 yr G-Sec ETF,29.0753
2026-09-30,133344,UTI Credit Risk Fund - Regular Plan - Annual IDCW,12.2308
2026-09-30,133365,HDFC Medium to Long Term Fund - Normal IDCW - Direct Plan,21.2255
2026-09-30,133366,HDFC Medium to Long Term Fund - Normal IDCW Option,18.9933
2026-09-30,133367,HDFC Short Term Fund - Normal IDCW - Direct Plan,20.9708
2026-09-30,133368,HDFC Short Term Fund - Normal IDCW Option,20.2984
2026-09-30,133369,HDFC Dynamic Term Fund - Normal IDCW - Direct Plan,21.7331
2026-09-30,133370,HDFC Dynamic Term Fund - Normal IDCW Option,19.8656
2026-09-30,133383,Motilal Oswal ELSS Tax Saver Fund - IDCW Payout,30.6169
2026-09-30,133384,Motilal Oswal ELSS Tax Saver Fund Direct - IDCW Payout,39.8424
2026-09-30,133385,Motilal Oswal ELSS Tax Saver Fund - Regular Plan - Growth Option,55.4749
2026-09-30,133386,Motilal Oswal ELSS Tax Saver Fund - Direct Plan - Growth Option,64.4468
2026-09-30,133387,UTI Money Market Fund - Direct Plan - Monthly IDCW,1656.5481
2026-09-30,133390,JM Dynamic Term Fund (Regular) - Monthly IDCW,43.5741
2026-09-30,133395,JM Arbitrage Fund (Direct) - Annual Bonus Option - Principal Units,19.2682
2026-09-30,133402,JM Aggressive Hybrid Fund (Direct) - Half Yearly IDCW,98.0805
2026-09-30,133404,JM Aggressive Hybrid Fund (Regular) - Monthly IDCW,84.7961
2026-09-30,133405,JM Aggressive Hybrid Fund (Regular) - Quarterly IDCW,30.2657
2026-09-30,133406,JM Aggressive Hybrid Fund (Direct) - Quarterly IDCW,34.487
2026-09-30,133408,JM Aggressive Hybrid Fund (Regular) - Half Yearly IDCW,85.4758
2026-09-30,133412,JM Aggressive Hybrid Fund (Direct) - Monthly IDCW,98.0517
2026-09-30,133414,JM Dynamic Term Fund (Direct) - Monthly IDCW,47.034
2026-09-30,133445,Aditya Birla Sun Life Medium to Long Term Fund - Regular - IDCW,12.1955
2026-09-30,133446,Aditya Birla Sun Life Medium to Long Term Fund - Direct - IDCW,13.0680
2026-09-30,133469,UTI Ultra Short to Short Term Fund - Direct Plan - Half-Yearly IDCW,1506.4249
2026-09-30,133484,UTI Money Market Fund - Regular Plan - Monthly IDCW,1041.9536
2026-09-30,133513,Aditya Birla Sun Life Manufacturing Equity Fund - Regular Plan - Growth,39.10
2026-09-30,133514,Aditya Birla Sun Life Manufacturing Equity Fund - Direct - IDCW,25.74
2026-09-30,133515,Aditya Birla Sun Life Manufacturing Equity Fund - Regular - IDCW,23.28
2026-09-30,133516,Aditya Birla Sun Life Manufacturing Equity Fund - Direct Plan - Growth,43.50
2026-09-30,133565,Nippon India Retirement Fund- Wealth Creation Scheme- Growth Plan - Growth Option,27.3078
2026-09-30,133566,NIPPON INDIA RETIREMENT FUND - WEALTH CREATION SCHEME - Direct Plan - IDCW Option,21.5502
2026-09-30,133567,NIPPON INDIA RETIREMENT FUND - WEALTH CREATION SCHEME - IDCW Option,18.3258
2026-09-30,133568,Nippon India Retirement Fund- Wealth Creation Scheme- Direct Plan- Growth Plan - Growth Option,31.1134
2026-09-30,133569,Nippon India Retirement Fund- Income Generation Scheme- Direct Plan- Growth Plan - Growth Option,22.9115
2026-09-30,133570,NIPPON INDIA RETIREMENT FUND - INCOME GENERATION SCHEME - Direct Plan - IDCW Option,22.9115
2026-09-30,133571,NIPPON INDIA RETIREMENT FUND - INCOME GENERATION SCHEME - IDCW Option,19.8637
2026-09-30,133572,Nippon India Retirement Fund- Income Generation Scheme-Growth Plan - Growth Option,19.8610
2026-09-30,133628,Nippon India Retirement Fund- Income Generation Scheme- Growth Plan- Bonus Option,19.8610
2026-09-30,133629,Nippon India Retirement Fund- Income Generation Scheme- Direct Plan-Growth Plan- Bonus Option,22.9115
2026-09-30,133630,Nippon India Retirement Fund- Wealth Creation Scheme- Direct Plan-Growth Plan- Bonus Option,31.1134
2026-09-30,133631,Nippon India Retirement Fund- Wealth Creation Scheme- Growth Plan- Bonus Option,27.3078
2026-09-30,133679,BANDHAN Arbitrage Fund-Direct Plan-Annual IDCW,12.7419
2026-09-30,133680,BANDHAN Arbitrage Fund - Regular Plan - Annual IDCW,10.9689
2026-09-30,133681,BANDHAN Equity Savings Fund-Direct Plan-Annual IDCW,13.919
2026-09-30,133682,BANDHAN Equity Savings Fund - Regular Plan -Annual IDCW,12.481
2026-09-30,133709,LIC MF Large & Mid Cap Fund-Direct Plan-IDCW,34.294
2026-09-30,133710,LIC MF Large & Mid Cap Fund-Direct Plan-Growth,43.2256
2026-09-30,133711,LIC MF Large & Mid Cap Fund-Regular Plan-Growth,36.9974
2026-09-30,133712,LIC MF Large & Mid Cap Fund-Regular Plan-IDCW,29.955
2026-09-30,133733,UTI Ultra Short to Short Term Fund - Regular Plan - Fortnightly IDCW,1334.0758
2026-09-30,133782,Kotak Corporate Bond Fund- Regular Plan-Growth Option,4007.0547
2026-09-30,133787,Kotak Corporate Bond Fund- Regular Plan-Monthly Dividend Option,1305.3468
2026-09-30,133791,Kotak Corporate Bond Fund- Direct Plan- Growth Option,4201.2824
2026-09-30,133792,Kotak Corporate Bond Fund- Direct Plan- Monthly Payout of Income Distribution cum capital withdrawal option,1069.2493
2026-09-30,133796,Kotak Infrastructure & Economic Reform Fund - Standard Plan-Growth,68.741
2026-09-30,133799,Kotak Infrastructure & Economic Reform Fund - Standard Plan-Payout of Income Distribution cum capital withdrawal option,54.977
2026-09-30,133800,Kotak Infrastructure & Economic Reform Fund- Direct Plan- Payout of Income Distribution cum capital withdrawal option,81.468
2026-09-30,133801,Kotak Infrastructure & Economic Reform Fund- Direct Plan- Growth Option,82.411
2026-09-30,133805,Kotak Ultra Short to Short Term Fund - Regular Plan-Growth Option,3580.9658
2026-09-30,133809,Kotak Ultra Short to Short Term Fund - Regular Plan-Standard Income Distribution cum capital withdrawal option,1199.83
2026-09-30,133810,Kotak Ultra Short to Short Term Fund- Direct Plan- Growth Option,3943.0589
2026-09-30,133812,Kotak Ultra Short to Short Term Fund - Direct Plan- Standard Income Distribution cum capital withdrawal option,1468.9199
2026-09-30,133836,PGIM India Flexi Cap Fund - Regular Plan - Growth Option,35.58
2026-09-30,133837,PGIM India Flexi Cap Fund - Direct Plan - Dividend Option,19.96
2026-09-30,133838,PGIM India Flexi Cap Fund - Regular Plan - Dividend Option,17.39
2026-09-30,133839,PGIM India Flexi Cap Fund - Direct Plan - Growth Option,42.24
2026-09-30,133852,UTI Dynamic Term Fund - Regular Plan - Annual IDCW,13.9151
2026-09-30,133857,SBI Banking & Financial Services Fund - Direct Plan - Income Distribution cum Capital Withdrawal Option (IDCW),41.7712
2026-09-30,133858,SBI BANKING & FINANCIAL SERVICES FUND - REGULAR PLAN - GROWTH,41.3518
2026-09-30,133859,SBI BANKING & FINANCIAL SERVICES FUND - DIRECT PLAN - GROWTH,46.7318
2026-09-30,133860,SBI Banking & Financial Services Fund - Regular Plan - Income Distribution cum Capital Withdrawal Option (IDCW),37.1360
2026-09-30,133865,NIPPON INDIA ELSS TAX SAVER FUND - DIRECT Plan - ANNUAL IDCW Option,21.7121
2026-09-30,133866,NIPPON INDIA ELSS TAX SAVER FUND - ANNUAL IDCW Option,19.7043
2026-09-30,133867,BANK OF INDIA Credit Risk Fund - Regular Plan,14.4878
2026-09-30,133868,BANK OF INDIA Credit Risk  Fund - Direct Plan,14.9158
2026-09-30,133869,UTI Medium to Long Term Fund - Regular Plan - Annual IDCW,13.1013
2026-09-30,133872,UTI Medium to Long Term Fund - Regular Plan - Discontinued Flexi IDCW,14.7715
2026-09-30,133873,UTI Ultra Short Term Fund - Regular Plan - Quarterly IDCW,1317.4702
2026-09-30,133894,Axis Short Duration Fund - Direct Plan - Regular IDCW,22.2091
2026-09-30,133895,Axis Short Duration Fund - Regular Plan - Regular IDCW,22.1142
2026-09-30,133908,LIC MF Banking and Financial Services Fund-Direct Plan-IDCW,22.8724
2026-09-30,133919,DSP Ultra Short to Short Term Fund - Regular Plan - IDCW - Daily,10.1790
2026-09-30,133920,DSP Ultra Short to Short Term Fund - Regular Plan - IDCW - Monthly,10.6850
2026-09-30,133921,DSP Ultra Short to Short Term Fund - Regular Plan - IDCW - Quarterly,10.8588
2026-09-30,133922,DSP Ultra Short to Short Term Fund - Direct Plan - IDCW - Daily,10.1250
2026-09-30,133923,DSP Ultra Short to Short Term Fund - Direct Plan - IDCW - Weekly,10.1315
2026-09-30,133924,DSP Ultra Short to Short Term Fund - Direct Plan - IDCW - Quarterly,10.8949
2026-09-30,133925,DSP Ultra Short to Short Term Fund - Direct Plan - Growth,22.0653
2026-09-30,133926,DSP Ultra Short to Short Term Fund - Regular Plan - Growth,21.2814
2026-09-30,133927,DSP Ultra Short to Short Term Fund - Regular Plan - IDCW - Weekly,10.1309
2026-09-30,133928,DSP Ultra Short to Short Term Fund - Direct Plan - IDCW - Monthly,11.8375
2026-09-30,133971,UTI Banking & PSU Debt Fund - Regular Plan - Discontinued Flexi IDCW,15.826
2026-09-30,133972,UTI Banking & PSU Debt Fund - Direct Plan - Discontinued Flexi IDCW,20.7478
2026-09-30,133973,UTI Liquid Fund - Regular Plan - Annual IDCW,203.8579
2026-09-30,133974,Tata Short Term Bond Fund- Direct Plan - Periodic Payout of IDCW Option,29.9677
2026-09-30,133975,Tata Short Term Bond Fund- Regular Plan - Periodic Payout of IDCW Option,26.7652
2026-09-30,134008,SBI Nifty Bank ETF,561.8745
2026-09-30,134013,SBI Nifty Next 50 ETF,748.2950
2026-09-30,134014,SBI BSE 100 ETF,269.4888
2026-09-30,134015,LIC MF Banking and Financial Services Fund-Regular Plan-IDCW,20.0975
2026-09-30,134016,LIC MF Banking and Financial Services Fund-Regular Plan-Growth,20.101
2026-09-30,134017,LIC MF Banking and Financial Services Fund-Direct Plan-Growth,23.0335
2026-09-30,134026,UTI Banking & PSU Debt Fund - Direct Plan - Monthly IDCW,13.7506
2026-09-30,134383,Aditya Birla Sun Life Credit Risk Fund - Regular Plan - Growth,25.4459
2026-09-30,134385,Aditya Birla Sun Life Credit Risk Fund - Direct - IDCW,14.7404
2026-09-30,134386,Aditya Birla Sun Life Credit Risk Fund - Regular - IDCW,13.2990
2026-09-30,134387,Aditya Birla Sun Life Credit Risk Fund - Direct Plan - Growth,28.1788
2026-09-30,134388,Aditya Birla Sun Life Credit Risk Fund - Direct Plan - Bonus,28.1776
2026-09-30,134427,UTI Liquid Fund - Direct Plan - Annual IDCW,205.4182
2026-09-30,134484,UTI Ultra Short Term Fund - Regular Plan - Annual IDCW,1492.023
2026-09-30,134493,Quantum Dynamic Term Fund - Direct Plan Monthly IDCW,10.3045
2026-09-30,134494,Quantum Dynamic Term Fund - Direct Plan Growth Option,22.6441
2026-09-30,134495,UTI Medium Term Fund - Regular Plan - Monthly IDCW,13.8062
2026-09-30,134497,UTI Medium Term Fund - Regular Plan - Half-Yearly IDCW,10.1821
2026-09-30,134498,UTI Medium Term Fund - Regular Plan - Dicontinued Flexi IDCW,14.1429
2026-09-30,134499,UTI Medium Term Fund - Regular Plan - Growth Option,19.1439
2026-09-30,134500,UTI Medium Term Fund - Regular Plan - Annual IDCW,14.0412
2026-09-30,134501,UTI Medium Term Fund - Direct Plan - Monthly IDCW,10.3682
2026-09-30,134502,UTI Medium Term Fund - Direct Plan - Discontinued Quarterly IDCW,15.4866
2026-09-30,134503,UTI Medium Term Fund - Direct Plan - Growth Option,20.6978
2026-09-30,134504,UTI Medium Term Fund - Direct Plan - Half-Yearly IDCW,15.5031
2026-09-30,134505,UTI Medium Term Fund - Direct Plan - Annual IDCW,15.3304
2026-09-30,134517,UTI Short Term Fund - Regular Plan - Annual IDCW,14.9045
2026-09-30,134545,Nippon India Banking and PSU Debt Fund- Growth Plan- Growth Option,21.9638
2026-09-30,134547,Nippon India Banking and PSU DEBT Fund- Direct Plan-Growth Plan- Growth Option,22.9055
2026-09-30,134548,NIPPON INDIA BANKING and PSU DEBT FUND - IDCW Option,21.9638
2026-09-30,134549,NIPPON INDIA BANKING and PSU DEBT FUND - MONTHLY IDCW Option,10.6721
2026-09-30,134550,NIPPON INDIA BANKING and PSU DEBT FUND - Direct Plan - MONTHLY IDCW Option,10.7426
2026-09-30,134551,NIPPON INDIA BANKING and PSU DEBT FUND - QUARTERLY IDCW Option,10.7298
2026-09-30,134552,Nippon India Banking and PSU Debt Fund- Direct Plan-Growth Plan- Bonus Option,22.9048
2026-09-30,134553,NIPPON INDIA BANKING and PSU DEBT FUND - WEEKLY IDCW Option,10.2543
2026-09-30,134554,NIPPON INDIA BANKING and DEBT PSU FUND - Direct Plan - WEEKLY IDCW Option,10.2557
2026-09-30,134555,NIPPON INDIA BANKING and PSU DEBT FUND - Direct Plan - IDCW Option,22.9055
2026-09-30,134556,NIPPON INDIA BANKING and PSU DEBT FUND - Direct Plan - QUARTERLY IDCW Option,10.7942
2026-09-30,134593,Nippon India Equity Savings Fund- Growth Plan- Growth Option,16.1585
2026-09-30,134594,Nippon India Equity Savings Fund- Direct Plan- Growth Plan-Growth Option,18.0288
2026-09-30,134595,Nippon India Equity Savings Fund- Direct Plan- Growth Plan- Bonus Option,18.0288
2026-09-30,134596,NIPPON INDIA EQUITY SAVINGS FUND - IDCW Option,13.8423
2026-09-30,134597,NIPPON INDIA EQUITY SAVINGS FUND - Direct Plan - IDCW Option,15.5411
2026-09-30,134598,NIPPON INDIA EQUITY SAVINGS FUND - MONTHLY IDCW Option,13.6541
2026-09-30,134599,NIPPON INDIA EQUITY SAVINGS FUND - Direct Plan - MONTHLY IDCW Option,15.3169
2026-09-30,134600,NIPPON INDIA EQUITY SAVINGS FUND - QUARTERLY IDCW Option,13.6447
2026-09-30,134601,NIPPON INDIA EQUITY SAVINGS FUND - Direct Plan - QUARTERLY IDCW Option,15.3021
2026-09-30,134602,Nippon India Equity Savings Fund- Growth Plan- Bonus Option,16.1585
2026-09-30,134639,SBI Equity Savings Fund - Regular Plan - Monthly Income Distribution cum Capital Withdrawal Option (IDCW),22.7582
2026-09-30,134640,SBI Equity Savings Fund - Direct Plan - Quarterly Income Distribution cum Capital Withdrawal Option (IDCW),25.8060
2026-09-30,134641,SBI Equity Savings Fund - Direct Plan - Monthly Income Distribution cum Capital Withdrawal Option (IDCW),24.9439
2026-09-30,134642,SBI Equity Savings Fund - Regular Plan - Quarterly Income Distribution cum Capital Withdrawal Option (IDCW),23.2128
2026-09-30,134643,SBI Equity Savings Fund - Direct Plan - Growth,27.2510
2026-09-30,134644,SBI Equity Savings Fund - Regular Plan - Growth,24.5476
2026-09-30,134763,UTI Money Market Fund - Regular Plan - Half-Yearly IDCW,1876.9251
2026-09-30,134782,Nippon India ETF Nifty 50 Value 20,131.4307
2026-09-30,134788,UTI Dynamic Term Fund - Direct Plan - Half-Yearly IDCW,17.5284
2026-09-30,134799,UTI Ultra Short Term Fund - Regular Plan - Half-Yearly IDCW,1032.1549
2026-09-30,134813,Mirae Asset Aggressive Hybrid Fund - Direct Plan - Growth,38.386
2026-09-30,134814,Mirae Asset Aggressive Hybrid Fund - Direct Plan - IDCW,20.339
2026-09-30,134815,Mirae Asset Aggressive Hybrid Fund - Regular Plan - Growth,32.385
2026-09-30,134816,Mirae Asset Aggressive Hybrid Fund - Regular Plan - IDCW,16.206
2026-09-30,134846,LIC MF ULIS (10 Yrs. Single Premium)-Regular Plan-IDCW Reinvestment,35.6872
2026-09-30,134847,LIC MF ULIS (10 Yrs. Regular Premium Reducing Cover Monthly)-Regular Plan-IDCW Reinvestment,35.6872
2026-09-30,134863,LIC MF ULIS (10 Yrs. Regular Premium Uniform Cover Monthly)-Regular Plan-IDCW Reinvestment,35.6872
2026-09-30,134864,LIC MF ULIS (10 Yrs. Regular Premium Reducing Cover Yearly)-Regular Plan-IDCW Reinvestment,35.6872
2026-09-30,134865,LIC MF ULIS (10 Yrs. Regular Premium Reducing Cover Half-Yearly)-Regular Plan-IDCW Reinvestment,35.6872
2026-09-30,134867,LIC MF ULIS (10 Yrs. Regular Premium Uniform Cover Half-Yearly)-Regular Plan-IDCW Reinvestment,35.6872
2026-09-30,134868,LIC MF ULIS (10 Yrs. Regular Premium Uniform Cover Yearly)-Regular Plan-IDCW Reinvestment,35.6872
2026-09-30,134869,LIC MF ULIS (15 Yrs. Regular Premium Reducing Cover Monthly)-Regular Plan-IDCW Reinvestment,35.6872
2026-09-30,134870,LIC MF ULIS (15 Yrs. Regular Premium Reducing Cover Half-Yearly)-Regular Plan-IDCW Reinvestment,35.6872
2026-09-30,134871,LIC MF ULIS (15 Yrs. Regular Premium Reducing Cover Yearly)-Regular Plan-IDCW Reinvestment,35.6872
2026-09-30,134872,LIC MF ULIS (15 Yrs. Regular Premium Uniform Cover Monthly)-Regular Plan-IDCW Reinvestment,35.6872
2026-09-30,134873,LIC MF ULIS (15 Yrs. Regular Premium Uniform Cover Half-Yearly)-Regular Plan-IDCW Reinvestment,35.6872
2026-09-30,134874,LIC MF ULIS (15Yrs. Regular Premium Uniform Cover Yearly)-Regular Plan-IDCW Reinvestment,35.6872
2026-09-30,134875,LIC MF ULIS (10 Yrs. Single Premium)-Direct Plan-IDCW Reinvestment,40.1635
2026-09-30,134876,LIC MF ULIS (10 Yrs. Regular Premium Reducing Cover Monthly)-Direct Plan-IDCW Reinvestment,40.1635
2026-09-30,134877,LIC MF ULIS (10 Yrs. Regular Premium Reducing Cover Yearly)-Direct Plan-IDCW Reinvestment,40.1635
2026-09-30,134878,LIC MF ULIS (10 Yrs. Regular Premium Reducing Cover Half-Yearly)-Direct Plan-IDCW Reinvestment,40.1635
2026-09-30,134879,LIC MF ULIS (10 Yrs. Regular Premium Uniform Cover Half-Yearly)-Direct Plan-IDCW Reinvestment,40.1635
2026-09-30,134880,LIC MF ULIS (10 Yrs. Regular Premium Uniform Cover Yearly)-Direct Plan-IDCW Reinvestment,40.1635
2026-09-30,134881,LIC MF ULIS (10 Yrs. Regular Premium Uniform Cover Monthly)-Direct Plan-IDCW Reinvestment,40.1635
2026-09-30,134882,LIC MF ULIS (15 Yrs. Regular Premium Reducing Cover Half-Yearly)-Direct Plan-IDCW Reinvestment,40.1635
2026-09-30,134883,LIC MF ULIS (15 Yrs. Regular Premium Reducing Cover Yearly)-Direct Plan-IDCW Reinvestment,40.1635
2026-09-30,134884,LIC MF ULIS (15 Yrs. Regular Premium Reducing Cover Monthly)-Direct Plan-IDCW Reinvestment,40.1635
2026-09-30,134885,LIC MF ULIS (15 Yrs. Regular Premium Uniform Cover Half-Yearly)-Direct Plan-IDCW Reinvestment,40.1635
2026-09-30,134886,LIC MF ULIS (15 Yrs. Regular Premium Uniform Cover Yearly)-Direct Plan-IDCW Reinvestment,40.1635
2026-09-30,134887,LIC MF ULIS (15 Yrs. Regular Premium Uniform Cover Monthly)-Direct Plan-IDCW Reinvestment,40.1635
2026-09-30,134954,JM Large Cap Fund (Regular) - Quarterly IDCW,33.059
2026-09-30,134955,JM Large Cap Fund (Regular) - Half Yearly IDCW,24.0145
2026-09-30,134956,JM Large Cap Fund (Direct) - Monthly IDCW,69.6838
2026-09-30,134957,JM Large Cap Fund (Direct) - Half Yearly IDCW,69.8295
2026-09-30,134958,JM Large Cap Fund (Direct) - Annual IDCW,70.321
2026-09-30,134959,JM Large Cap Fund (Regular) - Monthly IDCW,22.7619
2026-09-30,134960,JM Large Cap Fund (Direct) - Quarterly IDCW,70.3336
2026-09-30,134961,JM Large Cap Fund (Regular) - Annual IDCW,29.2429
2026-09-30,134972,UTI Money Market Fund - Regular Plan - Annual IDCW,1989.4575
2026-09-30,134973,UTI Money Market Fund - Direct Plan - Annual IDCW,2008.6579
2026-09-30,134998,UTI Medium to Long Term Fund - Direct Plan - Half-Yearly IDCW,15.5697
2026-09-30,135051,UTI Credit Risk Fund - Regular Plan - Discontinued Flexi IDCW,11.8987
2026-09-30,135106,SBI Nifty 50 ETF,243.8203
2026-09-30,135120,Axis Equity Savings Fund - Direct Plan - Growth,26.23
2026-09-30,135121,Axis Equity Savings Fund - Direct Plan - Monthly IDCW,13.14
2026-09-30,135122,Axis Equity Savings Fund - Regular Plan - Growth,22.83
2026-09-30,135123,Axis Equity Savings Fund - Regular Plan - Monthly IDCW,10.94
2026-09-30,135124,Axis Equity Savings Fund - Direct Plan - Quarterly IDCW,13.42
2026-09-30,135125,Axis Equity Savings Fund - Regular Plan - Quarterly IDCW,11.25
2026-09-30,135167,JM Arbitrage Fund (Regular) - Annual IDCW,15.411
2026-09-30,135168,JM Arbitrage Fund (Regular) - Monthly IDCW,13.7144
2026-09-30,135169,JM Arbitrage Fund (Regular) - Quarterly IDCW,15.7529
2026-09-30,135170,JM Arbitrage Fund (Regular) - Half Yearly IDCW,15.5231
2026-09-30,135171,JM Arbitrage Fund (Direct) - Half Yearly IDCW,17.352
2026-09-30,135172,JM Arbitrage Fund (Direct) - Monthly IDCW,15.1483
2026-09-30,135173,JM Arbitrage Fund (Direct) - Annual IDCW,17.0709
2026-09-30,135174,JM Arbitrage Fund (Direct) - Quarterly IDCW,17.8258
2026-09-30,135191,UTI Ultra Short to Short Term Fund - Direct Plan - Fortnightly IDCW,1342.8178
2026-09-30,135290,UTI Credit Risk Fund - Direct Plan - Annual IDCW,13.2525
2026-09-30,135320,UTI Nifty 50 ETF,251.0786
2026-09-30,135321,UTI BSE Sensex ETF,803.9085
2026-09-30,135336,UTI Dynamic Term Fund - Regular Plan - Discontinued Flexi IDCW,17.1894
2026-09-30,135341,Groww Value Fund (formerly known as Indiabulls Value Fund) - Direct Plan - Growth Option,32.1436
2026-09-30,135342,Groww Value Fund (formerly known as Indiabulls Value Fund)- Direct Plan- - Income Distribution cum capital withdrawal Option (Payout & Reinvestment),32.0238
2026-09-30,135343,Groww Value Fund (formerly known as Indiabulls Value Fund) - Regular Plan - Growth Option,26.5121
2026-09-30,135344,Groww Value Fund (formerly known as Indiabulls Value Fund)- Regular Plan - Income Distribution cum capital withdrawal Option (Payout & Reinvestment),26.5033
2026-09-30,135371,UTI Money Market Fund - Regular Plan - Fortnightly IDCW,1162.6495
2026-09-30,135390,ICICI Prudential Nifty 50 Index Fund - IDCW Option,30.5457
2026-09-30,135391,ICICI Prudential Nifty 50 Index Fund - Direct Plan IDCW Option,32.1988
2026-09-30,135418,UTI Credit Risk Fund - Direct Plan - Half-Yearly IDCW,13.3065
2026-09-30,135419,UTI Credit Risk Fund - Regular Plan - Half-Yearly IDCW,12.2955
2026-09-30,135497,UTI Short Term Fund - Direct Plan - Annual IDCW,13.6736
2026-09-30,135500,Kotak Short Term Fund - Direct - Standard Income Distribution cum capital withdrawal option,16.2832
2026-09-30,135501,Kotak Short Term Fund - Regular Plan - Normal Dividend,12.2648
2026-09-30,135536,UTI Dynamic Term Fund - Direct Plan - Annual IDCW,15.107
2026-09-30,135581,UTI Medium to Long Term Fund - Regular Plan - Half-Yearly IDCW,15.0086
2026-09-30,135598,PGIM India ELSS Tax Saver Fund - Regular Plan - Growth Option,33.38
2026-09-30,135599,PGIM India ELSS Tax Saver Fund - Regular Plan - Dividend Option,15.95
2026-09-30,135600,PGIM India ELSS Tax Saver Fund - Direct Plan - Dividend Option,17.26
2026-09-30,135601,PGIM India ELSS Tax Saver Fund - Direct Plan - Growth Option,38.9
2026-09-30,135606,UTI Money Market Fund - Direct Plan - Fortnightly IDCW,1254.8288
2026-09-30,135607,LIC MF Nifty 50 ETF,254.0879
2026-09-30,135672,LIC MF BSE Sensex ETF,819.4697
2026-09-30,135677,Navi Large & Midcap Fund- Direct Plan- Growth Option,42.4964
2026-09-30,135678,Navi Large & Midcap Fund- Regular Plan- Growth Option,34.7723
2026-09-30,135679,Navi Large & Midcap Fund - Direct Normal IDCW Payout,41.9836
2026-09-30,135680,Navi Large & Midcap Fund - Regular Normal IDCW Payout,34.7683
2026-09-30,135721,UTI Liquid Fund - Regular Plan - Quarterly IDCW,192.4871
2026-09-30,135744,Kotak Nifty 50 Value 20 ETF - Payout of Income Distribution cum capital withdrawal option,13.1325
2026-09-30,135759,Axis Children's Fund - Lock in - Regular Growth,25.4060
2026-09-30,135760,Axis Children's Fund - Lock in - Regular Plan - IDCW,23.4391
2026-09-30,135761,Axis Children's Fund - No Lock in - Regular Plan - IDCW,23.4179
2026-09-30,135762,Axis Children's Fund - Lock in - Direct Growth,29.1843
2026-09-30,135763,Axis Children's Fund - No Lock in - Direct Plan - IDCW,26.9348
2026-09-30,135764,Axis Children's Fund - No Lock in - Direct Growth,29.7424
2026-09-30,135765,Axis Children's Fund - Lock in - Direct Plan - IDCW,26.8840
2026-09-30,135766,Axis Children's Fund - No Lock in - Regular Plan - Growth,25.4029
2026-09-30,135781,Mirae Asset ELSS Tax Saver Fund - Direct Plan - Growth,54.541
2026-09-30,135782,Mirae Asset ELSS Tax Saver Fund - Direct Plan - IDCW,25.485
2026-09-30,135783,Mirae Asset ELSS Tax Saver Fund - Regular Plan - IDCW,21.389
2026-09-30,135784,Mirae Asset ELSS Tax Saver Fund - Regular Plan - Growth,47.655
2026-09-30,135789,TATA Banking & Financial Services Fund Direct Plan - Payout of Income Distribution cum capital withdrawal option,47.9164
2026-09-30,135790,TATA Banking & Financial Services Fund Regular Plan - Payout of Income Distribution cum capital withdrawal option,36.8677
2026-09-30,135791,TATA Banking & Financial Services Fund Regular Plan - Reinvestment of Income Distribution cum capital withdrawal option,36.8677
2026-09-30,135792,TATA Banking & Financial Services Fund Direct Plan - Reinvestment of Income Distribution cum capital withdrawal option,47.9164
2026-09-30,135793,Tata Banking And Financial Services Fund-Direct Plan-Growth,49.4658
2026-09-30,135794,Tata Banking And Financial Services Fund-Regular Plan-Growth,41.7587
2026-09-30,135795,TATA Digital India Fund Direct Plan - Payout of Income Distribution cum capital withdrawal option,44.0416
2026-09-30,135796,TATA Digital India Fund Regular Plan - Payout of Income Distribution cum capital withdrawal option,37.0264
2026-09-30,135797,Tata Digital India Fund-Regular Plan-Growth,38.5466
2026-09-30,135798,TATA Digital India Fund Direct Plan - Reinvestment of Income Distribution cum capital withdrawal option,44.0416
2026-09-30,135799,TATA Digital India Fund Regular Plan - Reinvestment of Income Distribution cum capital withdrawal option,37.0264
2026-09-30,135800,Tata Digital India Fund-Direct Plan-Growth,45.5691
2026-09-30,135801,TATA India Consumer Fund Direct Plan - Reinvestment of Income Distribution cum capital withdrawal option,51.6302
2026-09-30,135802,TATA India Consumer Fund Regular Plan - Payout of Income Distribution cum capital withdrawal option,40.4230
2026-09-30,135803,TATA India Consumer Fund Regular Plan - Reinvestment of Income Distribution cum capital withdrawal option,40.4230
2026-09-30,135804,Tata India Consumer Fund-Regular Plan-Growth,45.6073
2026-09-30,135805,Tata India Consumer Fund-Direct Plan-Growth,53.2736
2026-09-30,135806,TATA India Consumer Fund Direct Plan - Payout of Income Distribution cum capital withdrawal option,51.6302
2026-09-30,135807,TATA India Pharma & Health Care Fund Direct Plan - Payout of Income Distribution cum capital withdrawal option,37.0578
2026-09-30,135808,TATA India Pharma & Healthcare Fund Direct Plan - Reinvestment of Income Distribution cum capital withdrawal option,37.0578
2026-09-30,135809,TATA India Pharma & Health Care Fund Regular Plan - Payout of Income Distribution cum capital withdrawal option,31.1321
2026-09-30,135810,Tata India Pharma & Healthcare Fund-Direct Plan-Growth,38.3028
2026-09-30,135811,TATA India Pharma & Healthcare Fund Regular Plan - Reinvestment of Income Distribution cum capital withdrawal option,31.1321
2026-09-30,135812,Tata India Pharma & Healthcare Fund-Regular Plan-Growth,32.3705
2026-09-30,135813,Tata Resources & Energy Fund-Direct Plan-Growth,56.6952
2026-09-30,135814,TATA Resources & Energy Fund Regular Plan - Payout of Income Distribution cum capital withdrawal option,41.6980
2026-09-30,135815,Tata Resources & Energy Fund-Regular Plan-Growth,47.4472
2026-09-30,135816,TATA Resources & Energy Fund Direct Plan - Reinvestment of Income Distribution cum capital withdrawal option,54.9836
2026-09-30,135817,TATA Resources & Energy Fund Direct Plan - Payout of Income Distribution cum capital withdrawal option,54.9836
2026-09-30,135818,TATA Resources & Energy Fund Regular Plan - Reinvestment of Income Distribution cum capital withdrawal option,41.6980
2026-09-30,135853,HDFC NIFTY 50 ETF - Growth Plan,255.1986
2026-09-30,135854,HDFC BSE Sensex ETF - Growth Plan,82.3077
2026-09-30,135914,BANDHAN Corporate Bond Fund - Regular Growth,20.5245
2026-09-30,135915,BANDHAN Corporate Bond Fund - Regular Periodic IDCW,13.8362
2026-09-30,135916,BANDHAN Corporate Bond Fund - Direct Growth,21.2195
2026-09-30,135917,BANDHAN Corporate Bond Fund - Direct Periodic IDCW,14.0779
2026-09-30,135976,LIC MF ULIS (10 Yrs. Regular Premium Reducing Cover Quarterly)-Direct Plan-IDCW Reinvestment,40.1635
2026-09-30,135977,LIC MF ULIS (10 Yrs. Regular Premium Uniform Cover Quarterly)-Direct Plan-IDCW Reinvestment,40.1635
2026-09-30,135978,LIC MF ULIS (15 Yrs. Regular Premium Reducing Cover Quarterly)-Direct Plan-IDCW Reinvestment,40.1635
2026-09-30,135979,LIC MF ULIS (10 Yrs. Regular Premium Reducing Cover Quarterly)-Regular Plan-IDCW Reinvestment,35.6872
2026-09-30,135980,LIC MF ULIS (15 Yrs. Regular Premium Uniform Cover Quarterly)-Direct Plan-IDCW Reinvestment,40.1635
2026-09-30,135981,LIC MF ULIS (15 Yrs. Regular Premium Reducing Cover Quarterly)-Regular Plan-IDCW Reinvestment,35.6872
2026-09-30,135982,LIC MF ULIS (15 Yrs. Regular Premium Uniform Cover Quarterly)-Regular Plan-IDCW Reinvestment,35.6872
2026-09-30,135983,LIC MF ULIS (10 Yrs. Regular Premium Uniform Cover Quarterly)-Regular Plan-IDCW Reinvestment,35.6872
2026-09-30,136090,HDFC Retirement Fund - Equity Plan - Growth Option,46.474
2026-09-30,136094,HDFC Retirement Fund - Equity Plan - Growth Option - Direct Plan,53.269
2026-09-30,136110,UTI Banking & PSU Debt Fund - Regular Plan - Monthly IDCW,13.468
2026-09-30,136111,Invesco India Ultra Short Term Fund - Regular Plan - Daily IDCW (Reinvestment),1477.3256
2026-09-30,136112,Invesco India Ultra Short Term Fund - Direct Plan - Daily IDCW (Reinvestment),1583.1569
2026-09-30,136113,ICICI Prudential Aggressive Hybrid Fund - Annual IDCW,22.70
2026-09-30,136114,ICICI Prudential Aggressive Hybrid Fund - Direct Plan - Annual IDCW,25.75
2026-09-30,136302,UTI Credit Risk Fund - Direct Plan - Discontinued Flexi IDCW,13.2566
2026-09-30,136345,UTI Ultra Short to Short Term Fund - Regular Plan - Half-Yearly IDCW,1511.0785
2026-09-30,136463,HDFC Retirement Fund - Hybrid-Equity Plan - Growth Option,35.766
2026-09-30,136464,HDFC Retirement Fund - Hybrid-Equity Plan - Growth Option - Direct Plan,41.129
2026-09-30,136465,HDFC Retirement Fund - Hybrid-Debt Plan - Growth Option - Direct Plan,24.5172
2026-09-30,136466,HDFC Retirement Fund - Hybrid-Debt Plan - Growth Option,21.4617
2026-09-30,136473,LIC MF Nifty 100 ETF,260.4247
2026-09-30,136563,DSP Equity Savings Fund - Regular Plan - Growth,22.0210
2026-09-30,136564,DSP Equity Savings Fund - Regular Plan - IDCW,11.9920
2026-09-30,136565,DSP Equity Savings Fund - Regular Plan - IDCW - Monthly,13.1810
2026-09-30,136566,DSP Equity Savings Fund - Regular Plan - IDCW - Quarterly,13.1200
2026-09-30,136567,DSP Equity Savings Fund - Direct Plan - Growth,24.9450
2026-09-30,136568,DSP Equity Savings Fund - Direct Plan - IDCW,13.5400
2026-09-30,136569,DSP Equity Savings Fund - Direct Plan - IDCW - Monthly,16.9310
2026-09-30,136570,DSP Equity Savings Fund - Direct Plan - IDCW - Quarterly,16.7840
2026-09-30,138285,PGIM India Liquid Fund - Daily Dividend,100.304
2026-09-30,138287,PGIM India Liquid Fund - Monthly Dividend,115.9044
2026-09-30,138288,PGIM India Liquid Fund - Growth,366.8812
2026-09-30,138289,PGIM India Liquid Fund - Weekly Dividend,100.5872
2026-09-30,138297,PGIM India Liquid Fund - Direct Plan - Daily Dividend,132.4923
2026-09-30,138298,PGIM India Liquid Fund - Direct Plan - Monthly Dividend,115.5068
2026-09-30,138299,PGIM India Liquid Fund - Direct Plan - Growth,371.7654
2026-09-30,138301,PGIM India Liquid Fund - Direct Plan - Weekly Dividend,100.5886
2026-09-30,138307,PGIM India Large Cap Fund - Dividend,16.97
2026-09-30,138308,PGIM India Large Cap Fund - Growth,315.88
2026-09-30,138312,PGIM India Large Cap Fund - Direct Plan - Growth,381.75
2026-09-30,138313,PGIM India Large Cap Fund - Direct Plan - Dividend,24.69
2026-09-30,138315,PGIM India Corporate Bond Fund - Quarterly Dividend,11.0595
2026-09-30,138316,PGIM India Corporate Bond Fund - Monthly Dividend,12.0165
2026-09-30,138317,PGIM India Corporate Bond Fund - Annual Dividend,10.2707
2026-09-30,138318,PGIM India Corporate Bond Fund - Growth,45.4452
2026-09-30,138329,PGIM India Corporate Bond Fund - Direct Plan - Annual Dividend,15.9059
2026-09-30,138330,PGIM India Corporate Bond Fund - Direct Plan - Growth,51.0806
2026-09-30,138331,PGIM India Corporate Bond Fund - Direct Plan - Monthly Dividend,14.0515
2026-09-30,138332,PGIM India Corporate Bond Fund - Direct Plan - Quarterly Dividend,12.6015
2026-09-30,138341,PGIM India Ultra Short Term Fund - Weekly Dividend,10.0846
2026-09-30,138342,PGIM India Ultra Short Term Fund - Daily Dividend,10.0203
2026-09-30,138343,PGIM India Ultra Short Term Fund - Growth,36.5055
2026-09-30,138344,PGIM India Ultra Short Term Fund - Monthly Dividend,15.7658
2026-09-30,138358,PGIM India Ultra Short Term Fund - Direct Plan - Growth,38.4686
2026-09-30,138359,PGIM India Ultra Short Term Fund - Direct Plan - Monthly Dividend,12.2334
2026-09-30,138361,PGIM India Ultra Short Term Fund - Direct Plan - Daily Dividend,10.0241
2026-09-30,138362,PGIM India Ultra Short Term Fund - Direct Plan - Weekly Dividend,10.2732
2026-09-30,138369,PGIM India Equity Savings Fund - Monthly Dividend option,12.1073
2026-09-30,138371,PGIM India Equity Savings Fund - Annual Dividend option,14.5389
2026-09-30,138372,PGIM India Equity Savings Fund - Growth Option,50.4974
2026-09-30,138375,PGIM India Equity Savings Fund - Direct Plan - Annual Dividend,15.5458
2026-09-30,138376,PGIM India Equity Savings Fund - Direct Plan - Growth,57.6986
2026-09-30,138377,PGIM India Equity Savings Fund - Direct Plan - Monthly Dividend,13.3907
2026-09-30,138381,PGIM India Aggressive Hybrid Equity Fund - Dividend Option,13.31
2026-09-30,138382,PGIM India Aggressive Hybrid Equity Fund - Growth Option,124.12
2026-09-30,138386,PGIM India Aggressive Hybrid Equity Fund - Direct Plan - Growth,151
2026-09-30,138387,PGIM India Aggressive Hybrid Equity Fund - Direct Plan - Dividend,23.97
2026-09-30,138467,PGIM India Gilt Fund - Quarterly Dividend,12.7408
2026-09-30,138470,PGIM India Gilt Fund - Growth,30.4872
2026-09-30,138472,PGIM India Gilt Fund - Direct Plan - Growth,33.3373
2026-09-30,138474,PGIM India Gilt Fund - Direct Plan - Quarterly Dividend,13.6071
2026-09-30,138875,PGIM India Arbitrage Fund - Direct Plan - Growth,21.1659
2026-09-30,138876,PGIM India Arbitrage Fund - Regular Plan - Growth,19.6372
2026-09-30,138877,PGIM India Arbitrage Fund - Direct Plan - Regular Dividend,12.5924
2026-09-30,138878,PGIM India Arbitrage Fund - Direct Plan - Monthly Dividend,11.4561
2026-09-30,138883,PGIM India Arbitrage Fund - Regular Plan - Monthly Dividend,11.215
2026-09-30,138887,PGIM India Arbitrage Fund - Regular Plan - Regular Dividend,11.8066
2026-09-30,139181,UTI Dynamic Term Fund - Regular Plan - Half-Yearly IDCW,15.9808
2026-09-30,139198,BANDHAN Corporate Bond Fund - Direct Monthly IDCW,10.3411
2026-09-30,139199,BANDHAN Corporate Bond Fund - Direct Quarterly IDCW,10.6845
2026-09-30,139200,BANDHAN Corporate Bond Fund - Direct Half Yearly IDCW,11.4999
2026-09-30,139201,BANDHAN Corporate Bond Fund - Direct Annual IDCW,10.5717
2026-09-30,139202,BANDHAN Corporate Bond Fund - Regular Monthly IDCW,10.5947
2026-09-30,139203,BANDHAN Corporate Bond Fund - Regular Half Yearly IDCW,10.8986
2026-09-30,139204,BANDHAN Corporate Bond Fund - Regular Annual IDCW,10.5461
2026-09-30,139205,BANDHAN Corporate Bond Fund - Regular Quarterly IDCW,10.7152
2026-09-30,139235,Canara Robeco Liquid Fund -Unclaimed Redemption and Dividend Plan -Direct Growth Option,1863.0847
2026-09-30,139236,UTI MMF - Regular Plan - Flexi Dividend Option,1292.3924
2026-09-30,139339,UTI Medium to Long Term Fund - Direct Plan - Annual IDCW,13.3482
2026-09-30,139386,Navi Liquid Fund-Unclaimed Redemption and Dividend Plan less than 3 years,30.6058
2026-09-30,139387,Invesco India Liquid Fund - Unclaimed Redemption Plan - Below 3 years,1852.836
2026-09-30,139388,Invesco India Liquid Fund - Unclaimed Redemption Plan - Above 3 Years,1000
2026-09-30,139389,Invesco India Liquid Fund - Unclaimed Dividend Plan - Below 3 Years,1853.2542
2026-09-30,139390,Invesco India Liquid Fund - Unclaimed Dividend Plan - Above 3 Years,1000
2026-09-30,139407,UTI Banking & PSU Debt Fund - Regular Plan - Half-Yearly IDCW,15.7597
2026-09-30,139430,SBI Nifty 10 yr Benchmark G-Sec ETF,261.2365
2026-09-30,139455,ICICI Prudential Nifty50 Value 20 ETF,12.8069
2026-09-30,139496,Nippon India ETF Nifty 8-13 yr G-Sec Long Term Gilt,29.5458
2026-09-30,139519,ICICI Prudential BSE Midcap Select ETF,18.5120
2026-09-30,139520,Axis Equity Savings Fund - Direct Plan - Regular IDCW,13.02
2026-09-30,139521,Axis Equity Savings Fund - Regular Plan - Regular IDCW,12.08
2026-09-30,139527,BANK OF INDIA AGGRESSIVE HYBRID FUND - DIRECT PLAN GROWTH,47.15
2026-09-30,139528,BANK OF INDIA AGGRESSIVE HYBRID FUND - REGULAR  PLAN IDCW,33.72
2026-09-30,139529,BANK OF INDIA AGGRESIVE HYBRID FUND - REGULAR  PLAN  GROWTH,42.57
2026-09-30,139530,BANK OF INDIA AGGRESSIVE HYBRID FUND - DIRECT PLAN IDCW,35.95
2026-09-30,139534,Mahindra Manulife Liquid Fund - Regular Plan - Daily IDCW,1001.6922
2026-09-30,139535,Mahindra Manulife Liquid Fund - Direct Plan - Daily IDCW,1303.2448
2026-09-30,139536,Mahindra Manulife Liquid Fund - Direct Plan - Weekly IDCW,1003.9908
2026-09-30,139537,Mahindra Manulife Liquid Fund - Regular Plan - Growth,1833.7664
2026-09-30,139538,Mahindra Manulife Liquid Fund - Direct Plan -Growth,1855.9610
2026-09-30,139541,Mahindra Manulife Liquid Fund - Regular Plan - Weekly IDCW,1010.3997
2026-09-30,139568,UTI Ultra Short Term Fund - Direct Plan - Annual IDCW,1550.627
2026-09-30,139581,Aditya Birla Sun Life BSE Sensex ETF,73.1605
2026-09-30,139582,BANDHAN LIQUID Fund - Unclaimed IDCW Less than 3 years,1.8319
2026-09-30,139583,BANDHAN LIQUID Fund - Unclaimed IDCW More than 3 years,1.0000
2026-09-30,139584,BANDHAN LIQUID Fund - Unclaimed Redemption Less than 3 years,1.8319
2026-09-30,139585,BANDHAN LIQUID Fund - Unclaimed Redemption More than 3 years,1.0000
2026-09-30,139617,Taurus Unclaimed Redemption - Growth,17.7618
2026-09-30,139618,Taurus Investor Education Pool - Unclaimed Redemption - Growth,10.0000
2026-09-30,139619,Taurus Investor Education Pool - Unclaimed Dividend - Growth,10.0000
2026-09-30,139646,UTI Money Market Fund - Regular Plan - Quarterly IDCW,1028.2491
2026-09-30,139679,NIPPON INDIA AGGRESSIVE HYBRID FUND - DIRECT Plan - MONTHLY IDCW Option,18.0720
2026-09-30,139680,NIPPON INDIA AGGRESSIVE HYBRID FUND - MONTHLY IDCW Option,16.0484
2026-09-30,139709,Sundaram Long Term Micro Cap Tax Advantage Fund Series III Regular Plan - Growth,35.1176
2026-09-30,139710,Sundaram Long Term Micro Cap Tax Advantage Fund Series III Direct Plan - Payout of Income Distribution cum Capital Withdrawal (IDCW),31.7949
2026-09-30,139711,Sundaram Long Term Micro Cap Tax Advantage Fund Series III Direct Plan - Growth,36.2558
2026-09-30,139712,Sundaram Long Term Micro Cap Tax Advantage Fund Series III Regular Plan - Payout of Income Distribution cum Capital Withdrawal (IDCW),30.7252
2026-09-30,139780,Mahindra Manulife ELSS Tax Saver Fund - Regular Plan - IDCW,15.4011
2026-09-30,139781,Mahindra Manulife ELSS Tax Saver Fund - Direct Plan -Growth,31.0641
2026-09-30,139782,Mahindra Manulife ELSS Tax Saver Fund- Direct Plan - IDCW,19.5587
2026-09-30,139783,Mahindra Manulife ELSS Tax Saver Fund- Regular Plan - Growth,26.0095
2026-09-30,139820,PGIM India Aggressive Hybrid Equity Fund-Direct Plan-Monthly Dividend Option,23.76
2026-09-30,139821,PGIM India Aggressive Hybrid Equity Fund-Monthly Dividend Option,20.94
2026-09-30,139838,UTI Liquid Fund - Regular Plan - Fortnightly IDCW,115.7373
2026-09-30,139839,BANDHAN Nifty 50 ETF,250.2639
2026-09-30,139840,BANDHAN BSE Sensex ETF,789.0163
2026-09-30,139863,Motilal Oswal Balanced Advantage Fund (MOFDYNAMIC) - Regular Plan - Annual Dividend Payout Option,12.9517
2026-09-30,139865,Motilal Oswal Balanced Advantage Fund Direct - Quarterly IDCW Payout/Reinvestment,12.0815
2026-09-30,139866,Motilal Oswal Balanced Advantage Fund Direct - Annual IDCW Payout/Reinvestment,13.8768
2026-09-30,139870,Motilal Oswal Balanced Advantage Fund (MOFDYNAMIC) - Regular Plan - Growth Option,19.2102
2026-09-30,139871,Motilal Oswal Balanced Advantage Fund Regular - Quarterly IDCW Payout/Reinvestment,11.1318
2026-09-30,139872,Motilal Oswal Balanced Advantage Fund  (MOFDYNAMIC) - Direct Plan - Growth Option,21.6898
2026-09-30,139889,Franklin India Liquid Fund - Unclaimed Redemption Plan - Growth,18.0767
2026-09-30,139890,Franklin India Liquid Fund - Unclaimed IDCW Plan - Growth,18.0767
2026-09-30,139891,Franklin India Liquid Fund - Unclaimed Redemption Investor Education Plan - Growth,10.0000
2026-09-30,139892,Franklin India Liquid Fund - Unclaimed IDCW Investor Education Plan - Growth,10.0000
2026-09-30,139989,Sundaram Long Term Micro Cap Tax Advantage Fund Series IV Direct Plan - Payout of Income Distribution cum Capital Withdrawal (IDCW),29.7580
2026-09-30,139990,Sundaram Long Term Micro Cap Tax Advantage Fund Series IV Direct Plan - Growth,31.2651
2026-09-30,139991,Sundaram Long Term Micro Cap Tax Advantage Fund Series IV Regular Plan - Payout of Income Distribution cum Capital Withdrawal (IDCW),29.0309
2026-09-30,139992,Sundaram Long Term Micro Cap Tax Advantage Fund Series IV Regular Plan - Growth,30.5335
2026-09-30,140023,UTI Money Market Fund - Direct Plan - Half-Yearly IDCW,1890.9409
2026-09-30,140024,UTI Liquid Fund - Direct Plan - Quarterly IDCW,194.0035
2026-09-30,140084,Nippon India ETF Nifty 50 BeES,258.0021
2026-09-30,140085,Nippon India ETF Nifty Next 50 Junior BeES,754.6923
2026-09-30,140086,Nippon India ETF Nifty 1D Rate Liquid BeES - DAILY IDCW Option,1000.0000
2026-09-30,140087,Nippon India ETF Nifty Bank BeES,566.3626
2026-09-30,140088,Nippon India ETF Gold BeES,121.3956
2026-09-30,140089,Nippon India ETF Nifty PSU Bank BeES,89.5314
2026-09-30,140094,Nippon India ETF Nifty 50 Shariah BeES,421.5110
2026-09-30,140095,Nippon India ETF Hang Seng BeES,447.7484
2026-09-30,140102,Nippon India ETF Nifty Infrastructure BeES,903.7109
2026-09-30,140107,CPSE ETF,91.0265
2026-09-30,140116,UTI Banking & PSU Debt Fund - Regular Plan - Annual IDCW,13.4842
2026-09-30,140135,UTI Banking & PSU Debt Fund - Direct Plan - Annual IDCW,13.7878
2026-09-30,140172,Edelweiss Large & Mid Cap Fund - Regular Plan - Growth Option,85.911
2026-09-30,140173,Edelweiss Large and Mid Cap Fund - Regular Plan - IDCW Option,32.765
2026-09-30,140174,Edelweiss Large and Mid Cap Fund - Direct Plan - IDCW Option,39.861
2026-09-30,140175,Edelweiss Large & Mid Cap Fund - Direct Plan - Growth Option,102.765
2026-09-30,140176,Edelweiss Liquid Fund - Retail Plan - Growth Option,3278.7717
2026-09-30,140177,Edelweiss Liquid Fund - Retail Plan Daily - IDCW Option,1175.0658
2026-09-30,140178,Edelweiss Liquid Fund - Retail Plan - Weekly Dividend Option,1231.2394
2026-09-30,140180,Edelweiss Liquid Fund - Retail Plan Monthly - IDCW Option,1244.6237
2026-09-30,140181,Edelweiss Liquid Fund - Regular Plan Daily - IDCW Option,1334.9533
2026-09-30,140182,Edelweiss Liquid Fund - Regular Plan - Growth Option,3605.3382
2026-09-30,140183,Edelweiss Liquid Fund - Regular Plan Monthly - IDCW Option,1083.3325
2026-09-30,140184,Edelweiss Liquid Fund - Regular Plan Fortnightly - IDCW Option,2153.5086
2026-09-30,140185,Edelweiss Liquid Fund - Regular Plan Weekly - IDCW Option,1215.4751
2026-09-30,140188,Edelweiss Liquid Fund - Regular Plan Annual - IDCW Option,2342.9004
2026-09-30,140189,Edelweiss Liquid Fund - Regular Plan - Bonus Option,2100.2521
2026-09-30,140190,Edelweiss Liquid Fund - Regular Plan - IDCW Option,3453.6609
2026-09-30,140192,Edelweiss Liquid Fund - Direct Plan Annual - IDCW Option,3531.3406
2026-09-30,140193,Edelweiss Liquid Fund - Direct Plan daily - IDCW Option,1194.2802
2026-09-30,140194,Edelweiss Liquid Fund - Direct Plan - Bonus Option,2142.7385
2026-09-30,140195,Edelweiss Liquid Fund - Direct Plan weekly - IDCW Option,2173.5434
2026-09-30,140196,Edelweiss Liquid Fund - Direct Plan - Growth Option,3683.0704
2026-09-30,140197,Edelweiss Liquid Fund - Direct Plan Monthly - IDCW Option,1005.1254
2026-09-30,140198,Edelweiss Liquid Fund - Direct Plan - IDCW Option,3531.3815
2026-09-30,140199,Edelweiss Liquid Fund - Direct Plan Fortnightly - IDCW Option,2473.9427
2026-09-30,140225,Edelweiss Mid Cap Fund - Regular Plan - Growth Option,103.769
2026-09-30,140226,Edelweiss Mid Cap Fund - Regular Plan - IDCW Option,59.825
2026-09-30,140227,Edelweiss Mid Cap Fund - Direct Plan - IDCW Option,89.656
2026-09-30,140228,Edelweiss Mid Cap Fund - Direct Plan - Growth Option,122.955
2026-09-30,140229,Edelweiss Money Market Fund - Regular Plan - Growth Option,30.5951
2026-09-30,140230,Edelweiss Money Market Fund - Institutional Plan - Growth Option,26.1813
2026-09-30,140232,Edelweiss Money Market Fund - Regular Plan - IDCW Option,26.9622
2026-09-30,140233,Edelweiss Money Market Fund - Regular Plan - Annual - IDCW Option,28.3215
2026-09-30,140235,Edelweiss Money Market Fund - Direct Plan - IDCW Option,29.8757
2026-09-30,140236,Edelweiss Money Market Fund - Direct Plan - Annual - IDCW Option,31.9556
2026-09-30,140237,Edelweiss Money Market Fund - Direct Plan - Growth Option,33.9869
2026-09-30,140283,Edelweiss Banking and PSU Debt Fund - Regular Plan - Growth Option,26.0757
2026-09-30,140284,Edelweiss Banking and PSU Debt Fund - Regular Plan - IDCW Option,17.5248
2026-09-30,140286,Edelweiss Banking and PSU Debt Fund - Direct Plan - Growth Option,27.1224
2026-09-30,140288,Edelweiss Banking and PSU Debt Fund - Direct Plan - IDCW Option,18.4861
2026-09-30,140289,Edelweiss Banking and PSU Debt Fund - Regular Plan Weekly - IDCW Option,10.1403
2026-09-30,140290,Edelweiss Banking and PSU Debt Fund - Direct Plan weekly - IDCW Option,10.5479
2026-09-30,140291,Edelweiss Banking and PSU Debt Fund - Direct Plan Fortnightly - IDCW Option,14.349
2026-09-30,140292,Edelweiss Banking and PSU Debt Fund - Regular Plan Monthly - IDCW Option,11.1616
2026-09-30,140293,Edelweiss Banking and PSU Debt Fund - Direct Plan Monthly - IDCW Option,10.9155
2026-09-30,140294,Edelweiss Banking and PSU Debt Fund - Regular Plan Fortnightly - IDCW Option,13.8711
2026-09-30,140297,Edelweiss Gilt Fund - Regular Plan - Growth Option,24.6485
2026-09-30,140298,Edelweiss Gilt Fund - Direct Plan - Growth Option,26.4369
2026-09-30,140301,Edelweiss Gilt Fund - Regular Plan - IDCW Option,22.99
2026-09-30,140302,Edelweiss Gilt Fund - Direct Plan - IDCW Option,24.6549
2026-09-30,140303,Edelweiss Gilt Fund - Regular Plan Weekly - IDCW Option,10.1141
2026-09-30,140304,Edelweiss Gilt Fund - Direct Plan weekly - IDCW Option,13.2918
2026-09-30,140305,Edelweiss Gilt Fund - Regular Plan Fortnightly - IDCW Option,23.1857
2026-09-30,140306,Edelweiss Gilt Fund - Direct Plan Fortnightly - IDCW Option,21.8566
2026-09-30,140307,Edelweiss Gilt Fund - Regular Plan Monthly - IDCW Option,10.2612
2026-09-30,140308,Edelweiss Gilt Fund - Direct Plan Monthly - IDCW Option,16.3606
2026-09-30,140309,Edelweiss Gilt Fund - Direct Plan - Annual Dividend Option,24.7724
2026-09-30,140310,Edelweiss Gilt Fund - Regular Plan - Annual - IDCW Option,22.9846
2026-09-30,140347,Edelweiss Equity Savings Fund - Direct Plan - Growth Option,30.4571
2026-09-30,140348,Edelweiss Equity Savings Fund - Direct Plan - IDCW Option,21.5332
2026-09-30,140349,Edelweiss Equity Savings Fund - Regular Plan - IDCW Option,18.2414
2026-09-30,140350,Edelweiss Equity Savings Fund - Direct Plan - Bonus Option,30.4681
2026-09-30,140351,Edelweiss Equity Savings Fund - Regular Plan - Growth Option,27.2696
2026-09-30,140353,Edelweiss Flexi Cap Fund - Direct Plan - Growth Option,43.533
2026-09-30,140354,Edelweiss Flexi Cap Fund - Direct Plan - IDCW Option,35.257
2026-09-30,140355,Edelweiss Flexi Cap Fund - Regular Plan - Growth Option,36.995
2026-09-30,140356,Edelweiss Flexi Cap Fund - Regular - IDCW Option,29.894
2026-09-30,140381,Bandhan Aggressive Hybrid Fund-Regular Plan Growth,27.119
2026-09-30,140382,Bandhan Aggressive Hybrid Fund-Direct Plan Growth,31.160
2026-09-30,140383,Bandhan Aggressive Hybrid Fund-Direct Plan IDCW,21.118
2026-09-30,140384,Bandhan Aggressive Hybrid Fund-Regular Plan IDCW,18.404
2026-09-30,140437,Navi Liquid Fund-Unclaimed Redemption and Dividend Plan greater than 3 years,10
2026-09-30,140442,Mahindra Manulife Equity Savings Fund -Direct Plan -Quarterly IDCW,17.2278
2026-09-30,140444,Mahindra Manulife Equity Savings Fund - Direct Plan -Growth,25.4317
2026-09-30,140446,Mahindra Manulife Equity Savings Fund -Regular Plan -Quarterly IDCW,13.7007
2026-09-30,140447,Mahindra Manulife Equity Savings Fund - Regular Plan - Growth,21.3747
2026-09-30,140463,Baroda BNP Paribas Short Term Fund - Direct Plan - Quarterly IDCW,11.0868
2026-09-30,140465,Baroda BNP Paribas Short Term Fund - Regular Plan - Quarterly IDCW,10.4685
2026-09-30,140486,SBI Long Term Advantage Fund - Series IV - Direct Plan - Income Distribution cum Capital Withdrawal Option (IDCW),39.4963
2026-09-30,140487,SBI Long Term Advantage Fund - Series IV - Direct Plan - Growth,46.5470
2026-09-30,140488,SBI Long Term Advantage Fund - Series IV - Regular Plan - Growth,44.1356
2026-09-30,140489,SBI Long Term Advantage Fund - Series IV - Regular Plan - Income Distribution cum Capital Withdrawal Option (IDCW),37.3917
2026-09-30,140504,UTI Liquid Fund - Direct Plan - Half-Yearly IDCW,160.4584
2026-09-30,140517,UTI Liquid Fund - Regular Plan - Flexi IDCW,168.0152
2026-09-30,140530,CANARA ROBECO ULTRA SHORT TERM FUND- REGULAR PLAN - IDCW (Payout),1559.1828
2026-09-30,140603,BANDHAN Credit Risk Fund-Direct Plan-Growth,19.0783
2026-09-30,140604,BANDHAN Credit Risk Fund-Direct Plan-Quarterly IDCW,10.7830
2026-09-30,140605,BANDHAN CREDIT RISK FUND - DIRECT PLAN HALF YEARLY IDCW,10.0160
2026-09-30,140606,BANDHAN Credit Risk Fund-Direct Plan-Periodic IDCW,14.2138
2026-09-30,140607,BANDHAN Credit Risk Fund - Regular Plan Quarterly IDCW,10.5756
2026-09-30,140608,BANDHAN Credit Risk Fund - Regular Plan Annual IDCW,10.4809
2026-09-30,140609,BANDHAN Credit Risk Fund - Regular Plan Growth,17.3569
2026-09-30,140610,BANDHAN Credit Risk Fund-Direct Plan-Annual IDCW,10.6048
2026-09-30,140611,BANDHAN Credit Risk Fund - Regular Plan Half Yearly IDCW,10.1332
2026-09-30,140612,BANDHAN Credit Risk Fund - Regular Plan Periodic IDCW,13.4784
2026-09-30,140613,Mahindra Manulife Low Duration Fund - Direct Plan -Growth,1898.3548
2026-09-30,140614,Mahindra Manulife Low Duration Fund - Regular Plan - Daily IDCW,1000.0632
2026-09-30,140615,Mahindra Manulife Low Duration Fund - Regular Plan - Weekly IDCW,1053.0882
2026-09-30,140616,Mahindra Manulife Low Duration Fund - Regular Plan - Monthly IDCW,1113.4632
2026-09-30,140617,Mahindra Manulife Low Duration Fund - Direct Plan - Daily IDCW,1277.7888
2026-09-30,140618,Mahindra Manulife Low Duration Fund - Direct Plan - Weekly IDCW,1030.7889
2026-09-30,140619,Mahindra Manulife Low Duration Fund - Direct Plan - Monthly IDCW,1132.9450
2026-09-30,140620,Mahindra Manulife Low Duration Fund - Regular Plan - Growth,1752.9652
2026-09-30,140769,Mirae Asset Dynamic Term Fund - Direct Plan - Growth,18.7033
2026-09-30,140770,Mirae Asset Dynamic Term Fund - Direct Plan - IDCW,18.6802
2026-09-30,140771,Mirae Asset Dynamic Term Fund - Regular Plan - Growth,16.9277
2026-09-30,140772,Mirae Asset Dynamic Term Fund - Regular Plan - IDCW,16.9281
2026-09-30,140809,Groww Largecap Fund (formerly known as Indiabulls Bluechip Fund)- Direct Plan- Monthly - Income Distribution cum capital withdrawal Option (Payout & Reinvestment),22.17
2026-09-30,140810,Groww Largecap Fund (formerly known as Indiabulls Bluechip Fund)- Regular Plan- Monthly - Income Distribution cum capital withdrawal Option (Payout & Reinvestment),23.48
2026-09-30,140811,Groww Largecap Fund (formerly known as Indiabulls Bluechip Fund)- Direct Plan- Quarterly - Income Distribution cum capital withdrawal Option (Payout & Reinvestment),27.7
2026-09-30,140812,Groww Largecap Fund (formerly known as Indiabulls Bluechip Fund)- Regular Plan- Quarterly - Income Distribution cum capital withdrawal Option (Payout & Reinvestment),24.34
2026-09-30,140813,Groww Largecap Fund (formerly known as Indiabulls Bluechip Fund)- Regular Plan- Half Yearly - Income Distribution cum capital withdrawal Option (Payout & Reinvestment),24.48
2026-09-30,140814,Groww Largecap Fund (formerly known as Indiabulls Bluechip Fund)- Direct Plan- Half Yearly -Income Distribution cum capital withdrawal Option (Payout & Reinvestment),27.91
2026-09-30,140815,Groww Value Fund (formerly known as Indiabulls Value Fund)- Direct Plan- Monthly - Income Distribution cum capital withdrawal Option (Payout & Reinvestment),23.5734
2026-09-30,140816,Groww Value Fund (formerly known as Indiabulls Value Fund)- Regular Plan- Monthly - Income Distribution cum capital withdrawal Option (Payout & Reinvestment.,20.5746
2026-09-30,140817,Groww Value Fund (formerly known as Indiabulls Value Fund)- Direct Plan- Quarterly - Income Distribution cum capital withdrawal Option (Payout & Reinvestment),25.7159
2026-09-30,140818,Groww Value Fund (formerly known as Indiabulls Value Fund)- Regular Plan- Quarterly - Income Distribution cum capital withdrawal Option (Payout & Reinvestment),20.0508
2026-09-30,140819,Groww Value Fund (formerly known as Indiabulls Value Fund)- Direct Plan- Half Yearly - Income Distribution cum capital withdrawal Option (Payout & Reinvestment),25.7362
2026-09-30,140820,Groww Value Fund (formerly known as Indiabulls Value Fund)- Regular Plan- Half Yearly -Income Distribution cum capital withdrawal Option (Payout & Reinvestment),21.7167
2026-09-30,140913,UTI Liquid Fund - Direct Plan - Fortnightly IDCW,115.8235
2026-09-30,141060,Quantum Dynamic Term Fund - Regular Plan Monthly IDCW,10.3532
2026-09-30,141061,Quantum Dynamic Term Fund - Regular Plan Growth Option,22.1458
2026-09-30,141062,Quantum Diversified Equity All Cap Active FOF - Regular Plan IDCW,80.199
2026-09-30,141063,Quantum Diversified Equity All Cap Active FOF - Regular Plan Growth Option,81.379
2026-09-30,141064,Quantum Gold ETF FOF - Regular Plan Growth Option,55.3715
2026-09-30,141065,Quantum Liquid Fund - Regular Plan Daily IDCW,10.0002
2026-09-30,141066,Quantum Liquid Fund - Regular Plan Growth Option,37.5167
2026-09-30,141067,Quantum Liquid Fund - Regular Plan Monthly IDCW,10.0195
2026-09-30,141068,Quantum Value Fund - Regular Plan Growth Option,111.82
2026-09-30,141069,Quantum Value Fund - Regular Plan IDCW,110.99
2026-09-30,141070,Quantum ELSS Tax Saver Fund - Regular Plan Growth Option,111.12
2026-09-30,141071,Quantum ELSS Tax Saver Fund - Regular Plan IDCW,109.93
2026-09-30,141072,Quantum Multi Asset Active FOF - Regular Plan Growth Option,35.3911
2026-09-30,141139,Sundaram Long Term Micro Cap Tax Advantage Fund Series V Regular Plan - Growth,29.9055
2026-09-30,141140,Sundaram Long Term Micro Cap Tax Advantage Fund Series V Regular Plan - Payout of Income Distribution cum Capital Withdrawal (IDCW),28.4360
2026-09-30,141141,Sundaram Long Term Micro Cap Tax Advantage Fund Series V Direct Plan - Growth,30.8406
2026-09-30,141142,Sundaram Long Term Micro Cap Tax Advantage Fund Series V Direct Plan - Payout of Income Distribution cum Capital Withdrawal (IDCW),29.3619
2026-09-30,141223,Mahindra Manulife Multi Cap Fund - Direct Plan - IDCW,32.2259
2026-09-30,141224,Mahindra Manulife Multi Cap Fund - Regular Plan - Growth,38.1890
2026-09-30,141225,Mahindra Manulife Multi Cap Fund - Regular Plan - IDCW,26.0484
2026-09-30,141226,Mahindra Manulife Multi Cap Fund - Direct Plan -Growth,45.0286
2026-09-30,141247,Union Largecap Fund - Regular Plan - Growth Option,21.89
2026-09-30,141248,Union Largecap Fund - Direct Plan - Growth Option,23.50
2026-09-30,141249,Union Largecap Fund - Direct Plan - IDCW Option,23.50
2026-09-30,141250,Union Largecap Fund - Regular Plan - IDCW Option,21.89
2026-09-30,141375,UTI Banking & PSU Debt Fund - Direct Plan - Half-Yearly IDCW,15.9768
2026-09-30,141410,NAVI Large & Midcap Fund - Regular Half Yearly IDCW Payout,34.7811
2026-09-30,141411,Navi Large & Midcap Fund - Regular Annual IDCW payout,35.7634
2026-09-30,141414,Navi Large & Midcap Fund - Direct Annual IDCW Payout,41.8396
2026-09-30,141415,Navi Large & Midcap Fund - Direct Half Yearly IDCW Payout,41.8766
2026-09-30,141545,Axis Nifty 50 ETF,250.6566
2026-09-30,141564,Sundaram Long Term Micro Cap Tax Advantage Fund Series VI Direct Plan - Growth,29.6363
2026-09-30,141565,Sundaram Long Term Micro Cap Tax Advantage Fund Series VI Regular Plan - Growth,28.1816
2026-09-30,141566,Sundaram Long Term Micro Cap Tax Advantage Fund Series VI Regular Plan - Payout of Income Distribution cum Capital Withdrawal (IDCW),27.2357
2026-09-30,141567,Sundaram Long Term Micro Cap Tax Advantage Fund Series VI Direct Plan - Payout of Income Distribution cum Capital Withdrawal (IDCW),28.6839
2026-09-30,141586,Axis Corporate Bond Fund - Direct Plan - Daily IDCW,10.2140
2026-09-30,141587,Axis Corporate Bond Fund - Direct Plan - Weekly IDCW,10.3465
2026-09-30,141588,Axis Corporate Bond Fund - Direct Plan Growth,19.3689
2026-09-30,141589,Axis Corporate Bond Fund - Regular Plan - Daily IDCW,10.2059
2026-09-30,141590,Axis Corporate Bond Fund - Direct Plan - Monthly IDCW,10.1953
2026-09-30,141591,Axis Corporate Bond Fund - Direct Plan - Regular IDCW,15.1107
2026-09-30,141592,Axis Corporate Bond Fund - Regular Plan - Weekly IDCW,10.2211
2026-09-30,141593,Axis Corporate Bond Fund - Regular Plan Growth,18.1666
2026-09-30,141594,Axis Corporate Bond Fund - Regular Plan - Monthly IDCW,10.1916
2026-09-30,141595,Axis Corporate Bond Fund - Regular Plan - Regular IDCW,14.0355
2026-09-30,141596,ICICI Prudential Nifty 100 Low Volatility 30 ETF,20.7209
2026-09-30,141605,Edelweiss Arbitrage Fund - Monthly  Regular Plan - IDCW Option,16.6618
2026-09-30,141606,Edelweiss Arbitrage Fund - Monthly  Direct Plan - IDCW Option,18.1595
2026-09-30,141642,Axis Balanced Advantage Fund - Direct Plan - Growth,23.55
2026-09-30,141643,Axis Balanced Advantage Fund - Direct Plan - IDCW,13.73
2026-09-30,141644,Axis Balanced Advantage Fund - Regular Plan - Growth,20.85
2026-09-30,141645,Axis Balanced Advantage Fund - Regular Plan - IDCW,12.55
2026-09-30,141665,UTI Nifty Next 50 Exchange Traded Fund,75.4007
2026-09-30,141766,Edelweiss Balanced Advantage Fund - Regular Plan - Monthly - IDCW Option,19.74
2026-09-30,141767,Edelweiss Balanced Advantage Fund - Direct Plan - Monthly - IDCW Option,25.26
2026-09-30,141768,UTI Liquid Fund - Direct Plan - Flexi IDCW,169.1917
2026-09-30,141807,Groww ELSS Tax Saver Fund (formerly known as Indiabulls Tax Savings Fund)- Direct Plan- Dividend Option,20.79
2026-09-30,141808,Groww ELSS Tax Saver Fund (formerly known as Indiabulls Tax Savings Fund)- Direct Plan- Growth Option,20.83
2026-09-30,141810,Groww ELSS Tax Saver Fund (formerly known as Indiabulls Tax Savings Fund)- Regular Plan- - Income Distribution cum capital withdrawal Option (Payout),18.04
2026-09-30,141839,ICICI Prudential BSE Sensex Index Fund - Cumulative Option,23.8873
2026-09-30,141840,ICICI Prudential BSE Sensex Index Fund - IDCW Option,23.8879
2026-09-30,141841,ICICI Prudential BSE Sensex Index Fund - Direct Plan - Cumulative Option,24.2197
2026-09-30,141842,ICICI Prudential BSE Sensex Index Fund - Direct Plan - IDCW Option,24.2195
2026-09-30,141862,Groww ELSS Tax Saver Fund (formerly known as Indiabulls Tax Savings Fund)-Regular Plan-Growth Option,18.04
2026-09-30,141875,DSP Nifty 50 Equal Weight Index Fund - Regular Plan - Growth,24.7673
2026-09-30,141876,DSP Nifty 50 Equal Weight Index Fund - Regular Plan - IDCW,20.3178
2026-09-30,141877,DSP Nifty 50 Equal Weight Index Fund - Direct Plan - Growth,25.8902
2026-09-30,141878,DSP Nifty 50 Equal Weight Index Fund - Direct Plan - IDCW,21.1860
2026-09-30,141921,HDFC Housing Opportunities Fund  - IDCW Option - Direct Plan,16.425
2026-09-30,141922,HDFC Housing Opportunities Fund  - IDCW Option,14.691
2026-09-30,141923,HDFC Housing Opportunities Fund  - Growth Option,20.493
2026-09-30,141924,HDFC Housing Opportunities Fund  - Growth Option - Direct Plan,22.401
2026-09-30,141925,Axis Flexi Cap Fund - Direct Plan - Growth,30.51
2026-09-30,141926,Axis Flexi Cap fund - Direct Plan - IDCW,18.88
2026-09-30,141927,Axis Flexi Cap Fund - Regular Plan - Growth,27.31
2026-09-30,141928,Axis Flexi Cap Fund - Regular Plan - IDCW,17.06
2026-09-30,141933,Edelweiss Equity Savings Fund - Direct Plan - Monthly - IDCW Option,16.6473
2026-09-30,141934,Edelweiss Equity Savings Fund - Regular Plan - Monthly - IDCW Option,14.3676
2026-09-30,141949,BANK OF INDIA Mid Cap Tax Fund Series 1 Direct Plan IDCW,30.70
2026-09-30,141950,BANK OF INDIA Mid Cap Tax Fund Series 1 Direct Plan Growth,30.70
2026-09-30,141951,BANK OF INDIA Mid Cap Tax Fund Series 1 Regular Plan IDCW,29.57
2026-09-30,141952,BANK OF INDIA Mid Cap Tax Fund Series 1 Regular Plan Growth,29.57
2026-09-30,141957,BHARAT 22 ETF,110.2682
2026-09-30,141958,UTI Ultra Short to Short Term Fund - Direct Plan - Annual IDCW,1441.2186
2026-09-30,142035,Union Balanced Advantage Fund - Regular Plan - Growth Option,20.02
2026-09-30,142036,Union Balanced Advantage Fund - Regular Plan - IDCW Option,18.03
2026-09-30,142037,Union Balanced Advantage Fund - Direct Plan - IDCW Option,19.87
2026-09-30,142038,Union Balanced Advantage Fund - Direct Plan - Growth Option,21.87
2026-09-30,142107,Mahindra Manulife Mid Cap Fund- Regular Plan - IDCW,25.0728
2026-09-30,142108,Mahindra Manulife Mid Cap Fund - Direct Plan - IDCW,29.8056
2026-09-30,142109,Mahindra Manulife Mid Cap Fund - Regular Plan - Growth,34.1518
2026-09-30,142110,Mahindra Manulife Mid Cap Fund - Direct Plan -Growth,39.2839
2026-09-30,142133,ICICI Prudential Long Term Wealth Enhancement Fund - Direct Plan IDCW Option,29.00
2026-09-30,142134,ICICI Prudential Long Term Wealth Enhancement Fund - Direct Plan Cumulative Option,29.01
2026-09-30,142135,ICICI Prudential Long Term Wealth Enhancement Fund - IDCW Option,27.69
2026-09-30,142136,ICICI Prudential Long Term Wealth Enhancement Fund - Cumulative Option,27.69
2026-09-30,142137,SBI Long Term Advantage Fund - Series V - Regular Plan - Income Distribution cum Capital Withdrawal Option (IDCW),31.4186
2026-09-30,142138,SBI Long Term Advantage Fund - Series V - Direct Plan - Growth,32.7912
2026-09-30,142139,SBI Long Term Advantage Fund Series V - Regular Plan - Growth,31.4317
2026-09-30,142140,SBI Long Term Advantage Fund - Series V - Direct Plan - Income Distribution cum Capital Withdrawal Option (IDCW),32.7924
2026-09-30,142151,Sundaram Long Term Tax Advantage Fund Series III Regular Plan - Growth,30.8238
2026-09-30,142152,Sundaram Long Term Tax Advantage Fund Series III Regular Plan - Payout of Income Distribution cum Capital Withdrawal (IDCW),29.3022
2026-09-30,142153,Sundaram Long Term Tax Advantage Fund Series III Direct Plan - Growth,31.9054
2026-09-30,142154,Sundaram Long Term Tax Advantage Fund Series III Direct Plan - Payout of Income Distribution cum Capital Withdrawal (IDCW),30.3739
2026-09-30,142249,UTI Money Market Fund - Direct Plan - Quarterly IDCW,1795.6752
2026-09-30,142278,DSP Arbitrage Fund - Regular - IDCW - Monthly,11.8480
2026-09-30,142279,DSP Arbitrage Fund - Direct - IDCW,12.7590
2026-09-30,142280,DSP Arbitrage Fund - Regular - IDCW,12.1090
2026-09-30,142281,DSP Arbitrage Fund - Direct - IDCW - Monthly,13.2670
2026-09-30,142282,DSP Arbitrage Fund - Regular - Growth,16.0160
2026-09-30,142283,DSP Arbitrage Fund - Direct - Growth,16.9030
2026-09-30,142383,Edelweiss Recently Listed IPO Fund Regular Plan Growth,32.6409
2026-09-30,142384,Edelweiss Recently Listed IPO Fund REGULAR PLAN - IDCW Option,32.6392
2026-09-30,142386,Edelweiss Recently Listed IPO Fund - DIRECT PLAN - IDCW Option,35.4816
2026-09-30,142388,Edelweiss Recently Listed IPO Fund Direct Plan Growth,35.4815
2026-09-30,142589,DSP NIFTY 1D Rate Liquid ETF,1000.0000
2026-09-30,142640,Mirae Asset Short Term Fund - Direct Plan - IDCW,17.7572
2026-09-30,142641,Mirae Asset Short Term Fund - Direct Plan - Growth,17.8072
2026-09-30,142642,Mirae Asset Short Term Fund - Regular Plan - Growth,16.6122
2026-09-30,142643,Mirae Asset Short Term Fund - Regular Plan - IDCW,16.6158
2026-09-30,143077,Sundaram Long Term Tax Advantage Fund Series IV Regular Plan - Growth,35.7917
2026-09-30,143078,Sundaram Long Term Tax Advantage Fund Series IV Regular Plan - Payout of Income Distribution cum Capital Withdrawal (IDCW),32.8446
2026-09-30,143079,Sundaram Long Term Tax Advantage Fund Series IV Direct Plan - Growth,36.5879
2026-09-30,143080,Sundaram Long Term Tax Advantage Fund Series IV Direct Plan - Payout of Income Distribution cum Capital Withdrawal (IDCW),33.6162
2026-09-30,143125,UTI Money Market Fund - Direct Plan - Flexi IDCW,1734.6998
2026-09-30,143162,Navi Aggressive Hybrid Fund - Regular Plan - Growth,21.8654
2026-09-30,143163,Navi Aggressive Hybrid Fund - Direct Plan - Growth,25.4479
2026-09-30,143166,Navi Aggressive Hybrid Fund - Regular Plan Normal IDCW,21.8667
2026-09-30,143167,Navi Aggressive Hybrid Fund - Direct Plan Normal IDCW,25.33
2026-09-30,143176,SBI Long Term Advantage Fund - Series VI - Regular Plan - Growth,29.7073
2026-09-30,143177,SBI Long Term Advantage Fund - Series VI - Regular Plan - Income Distribution cum Capital Withdrawal Option (IDCW),29.7135
2026-09-30,143178,SBI Long Term Advantage Fund - Series VI - Direct Plan - Growth,30.9742
2026-09-30,143179,SBI Long Term Advantage Fund - Series VI - Direct Plan - Income Distribution cum Capital Withdrawal Option (IDCW),30.9478
2026-09-30,143185,Navi Aggressive Hybrid Fund - Direct Plan Quarterly IDCW,25.3123
2026-09-30,143186,Navi Aggressive Hybrid Fund - Direct Plan Half Yearly IDCW,25.3054
2026-09-30,143189,Navi Aggressive Hybrid Fund - Regular Plan Half Yearly IDCW,21.8796
2026-09-30,143192,Navi Aggressive Hybrid Fund - Direct Plan Monthly IDCW,25.3288
2026-09-30,143195,Navi Aggressive Hybrid Fund - Direct Plan Annual IDCW,25.3335
2026-09-30,143197,Navi Aggressive Hybrid Fund - Regular Plan Monthly IDCW,21.8649
2026-09-30,143198,Navi Aggressive Hybrid Fund - Regular Plan Annual IDCW,21.8628
2026-09-30,143199,Navi Aggressive Hybrid Fund - Regular Plan Quarterly IDCW,21.8656
2026-09-30,143239,Union Corporate Bond Fund - Regular Plan - Growth Option,16.0747
2026-09-30,143240,Union Corporate Bond Fund - Regular Plan - IDCW Option,16.0747
2026-09-30,143241,Union Corporate Bond Fund - Direct Plan - Growth Option,16.5015
2026-09-30,143242,Union Corporate Bond Fund - Direct Plan - IDCW Option,16.5015
2026-09-30,143247,ICICI Prudential BSE 500 ETF,37.3951
2026-09-30,143258,BANDHAN Equity Savings Fund-Direct Plan -Quarterly IDCW,13.056
2026-09-30,143259,BANDHAN Equity Savings Fund- Regular Plan -Quarterly IDCW,12.434
2026-09-30,143260,Parag Parikh Liquid Fund- Regular Plan- Growth,1561.6747
2026-09-30,143261,Parag Parikh Liquid Fund- Regular Plan- Monthly IDCW,1003.3558
2026-09-30,143262,Parag Parikh Liquid Fund- Direct Plan- Monthly IDCW,1003.3608
2026-09-30,143263,Parag Parikh Liquid Fund- Direct Plan- Daily Reinvestment of IDCW,1000.5405
2026-09-30,143264,Parag Parikh Liquid Fund- Regular Plan- Daily Reinvestment of IDCW,1000.5404
2026-09-30,143265,Parag Parikh Liquid Fund- Direct Plan- Weekly Reinvestment of IDCW,1001.3604
2026-09-30,143266,Parag Parikh Liquid Fund- Regular Plan- Weekly Reinvestment of IDCW,1001.3550
2026-09-30,143269,Parag Parikh Liquid Fund- Direct Plan- Growth,1574.8963
2026-09-30,143340,UTI Nifty Next 50 Index Fund - Regular Plan - Growth Option,24.8815
2026-09-30,143341,UTI Nifty Next 50 Index Fund - Direct Plan - Growth Option,25.9284
2026-09-30,143366,Bandhan Short Term Fund - Regular Plan - Quarterly IDCW,10.8302
2026-09-30,143367,Bandhan Short Term Fund - Direct Plan - Quarterly IDCW,10.7612
2026-09-30,143368,Bandhan Short Term Fund - Regular Plan - Annual IDCW,10.9335
2026-09-30,143369,Bandhan Short Term Fund - Direct Plan - Annual IDCW,11.1741
2026-09-30,143464,Baroda BNP Paribas Ultra Short Term Fund - Regular Plan - Growth,1667.2018
2026-09-30,143493,Nippon India Ultra Short Term Fund- Growth Option,4343.8771
2026-09-30,143494,Nippon India Ultra Short Term Fund- Direct Plan- Growth Option,4833.8209
2026-09-30,143495,NIPPON INDIA ULTRA SHORT TERM FUND - WEEKLY IDCW OPTION,1092.8726
2026-09-30,143496,NIPPON INDIA ULTRA SHORT TERM FUND - QUARTERLY IDCW Option,1008.7121
2026-09-30,143497,NIPPON INDIA ULTRA SHORT TERM FUND - DIRECT Plan - MONTHLY IDCW Option,1034.5466
2026-09-30,143498,NIPPON INDIA ULTRA SHORT TERM FUND - DAILY IDCW OPTION,1114.1500
2026-09-30,143499,NIPPON INDIA ULTRA SHORT TERM FUND - MONTHLY IDCW Option,1024.1337
2026-09-30,143500,NIPPON INDIA ULTRA SHORT TERM FUND - DIRECT Plan - DAILY IDCW OPTION,1114.1500
2026-09-30,143501,NIPPON INDIA ULTRA SHORT TERM FUND - DIRECT Plan - WEEKLY IDCW OPTION,1092.9810
2026-09-30,143502,NIPPON INDIA ULTRA SHORT TERM FUND - DIRECT Plan - QUARTERLY IDCW Option,1015.2647
2026-09-30,143507,Baroda BNP Paribas Ultra Short Term Fund - Regular Plan - Daily IDCW,1006.2583
2026-09-30,143508,Baroda BNP Paribas Ultra Short Term Fund- Direct Plan- Growth,1692.4580
2026-09-30,143509,Baroda BNP Paribas Ultra Short Term Fund- Direct Plan- Weekly IDCW,1000.6424
2026-09-30,143510,Baroda BNP Paribas Ultra Short Term Fund- Regular Plan- Weekly IDCW,1000.6370
2026-09-30,143511,Baroda BNP Paribas Ultra Short Term Fund- Direct Plan- Daily IDCW,1007.0751
2026-09-30,143532,Invesco India Aggressive Hybrid Fund - Direct Plan - IDCW (Payout / Reinvestment),23.3715
2026-09-30,143534,Invesco India Aggressive Hybrid Fund - Regular Plan - IDCW (Payout / Reinvestment),20.6186
2026-09-30,143536,Invesco India Aggressive Hybrid Fund - Regular Plan - Growth,20.6175
2026-09-30,143537,Invesco India Aggressive Hybrid Fund - Direct Plan - Growth,23.4733
2026-09-30,143603,JM Ultra Short to Short Term Fund (Regular) - Daily IDCW,10.82
2026-09-30,143604,JM Ultra Short to Short Term Fund (Direct) - Daily IDCW,10.85
2026-09-30,143605,JM Ultra Short to Short Term Fund (Regular) - Fortnightly IDCW,11.0843
2026-09-30,143606,JM Ultra Short to Short Term Fund (Direct) - Fortnightly IDCW,11.1254
2026-09-30,143607,JM Ultra Short to Short Term Fund (Regular) - Growth Option,39.7969
2026-09-30,143608,JM Ultra Short to Short Term Fund (Regular) - Weekly IDCW,11.4143
2026-09-30,143609,JM Ultra Short to Short Term Fund - Bonus Option - Principal Units,23.9767
2026-09-30,143610,JM Ultra Short to Short Term Fund (Direct) - Bonus Option - Principal Units,24.7632
2026-09-30,143611,JM Ultra Short to Short Term Fund (Direct) - Weekly IDCW,11.4544
2026-09-30,143612,JM Ultra Short to Short Term Fund (Direct) - Growth,41.1282
2026-09-30,143613,BANK OF INDIA Arbitrage Fund Direct Plan Annual IDCW,13.9998
2026-09-30,143614,BANK OF INDIA Arbitrage Fund Direct Plan Growth,15.4918
2026-09-30,143615,BANK OF INDIA Arbitrage Fund Direct Plan Monthly IDCW,13.9566
2026-09-30,143616,BANK OF INDIA Arbitrage Fund Direct Plan Quarterly IDCW,14.7149
2026-09-30,143617,BANK OF INDIA Arbitrage Fund Regular Plan IDCW Annual IDCW,13.6249
2026-09-30,143618,BANK OF INDIA Arbitrage Fund Regular Plan IDCW Monthly IDCW,13.3628
2026-09-30,143619,BANK OF INDIA Arbitrage Fund Regular Plan IDCW Quarterly IDCW,14.1068
2026-09-30,143620,BANK OF INDIA Arbitrage Fund Regular Growth,14.7450
2026-09-30,143701,NIPPON INDIA NIVESH LAKSHYA LONG TERM FUND - DIRECT Plan - HALF YEARLY IDCW Option,11.8752
2026-09-30,143702,Nippon India Nivesh Lakshya Long Term Fund- Growth Option,17.9700
2026-09-30,143703,NIPPON INDIA NIVESH LAKSHYA LONG TERM FUND - ANNUAL IDCW Option,11.8303
2026-09-30,143704,Nippon India Nivesh Lakshya Long Term Fund- Direct Plan- Growth Option,18.4437
2026-09-30,143705,NIPPON INDIA NIVESH LAKSHYA LONG TERM FUND - DIRECT Plan - MONTHLY IDCW Option,11.5394
2026-09-30,143706,NIPPON INDIA NIVESH LAKSHYA LONG TERM FUND - IDCW Option,17.9689
2026-09-30,143707,NIPPON INDIA NIVESH LAKSHYA LONG TERM FUND - DIRECT Plan - IDCW Option,18.4439
2026-09-30,143708,NIPPON INDIA NIVESH LAKSHYA LONG TERM FUND - QUARTERLY IDCW Option,11.3395
2026-09-30,143709,NIPPON INDIA NIVESH LAKSHYA LONG TERM  FUND - DIRECT Plan - QUARTERLY IDCW Option,11.3515
2026-09-30,143710,NIPPON INDIA NIVESH LAKSHYA LONG TERM FUND LONG DURATION - HALF YEARLY IDCW Option,11.8409
2026-09-30,143711,NIPPON INDIA NIVESH LAKSHYA LONG TERM FUND - DIRECT Plan - ANNUAL IDCW Option,11.8583
2026-09-30,143712,NIPPON INDIA NIVESH LAKSHYA LONG TERM FUND - MONTHLY IDCW Option,11.5219
2026-09-30,143783,Mirae Asset Healthcare Fund - Direct Plan - Growth,51.056
2026-09-30,143784,Mirae Asset Healthcare Fund - Direct Plan - IDCW,30.751
2026-09-30,143785,Mirae Asset Healthcare Fund - Regular Plan - Growth,45.010
2026-09-30,143786,Mirae Asset Healthcare Fund - Regular Plan - IDCW,26.497
2026-09-30,143787,Navi Flexi Cap Fund - Regular Plan - Growth,24.2698
2026-09-30,143788,NAVI FLEXI CAP FUND - REGULAR PLAN QUARTERLY IDCW PAYOUT,24.2671
2026-09-30,143789,NAVI FLEXI CAP FUND - REGULAR PLAN NORMAL IDCW PAYOUT,24.2734
2026-09-30,143790,NAVI FLEXI CAP FUND - REGULAR PLAN MONTHLY IDCW PAYOUT,24.2795
2026-09-30,143791,NAVI FLEXI CAP FUND - DIRECT PLAN QUARTERLY IDCW PAYOUT,28.2858
2026-09-30,143792,NAVI FLEXI CAP FUND - DIRECT PLAN NORMAL IDCW PAYOUT,28.2266
2026-09-30,143793,Navi Flexi Cap Fund - Direct Plan - Growth,28.4823
2026-09-30,143794,NAVI FLEXI CAP FUND - REGULAR PLAN HALF YEARLY IDCW PAYOUT,24.2737
2026-09-30,143795,NAVI FLEXI CAP FUND - REGULAR PLAN ANNUAL IDCW PAYOUT,24.2705
2026-09-30,143796,NAVI FLEXI CAP FUND - DIRECT PLAN MONTHLY IDCW PAYOUT,28.2574
2026-09-30,143797,NAVI FLEXI CAP FUND - DIRECT PLAN HALF YEARLY IDCW PAYOUT,28.2634
2026-09-30,143798,NAVI FLEXI CAP FUND - DIRECT PLAN ANNUAL IDCW PAYOUT,28.2627
2026-09-30,143873,ICICI Prudential Healthcare Fund - Cumulative Option,42.38
2026-09-30,143874,ICICI Prudential Healthcare Fund - Direct Plan - Cumulative Option,46.11
2026-09-30,143875,ICICI Prudential Healthcare Fund - IDCW Option,22.76
2026-09-30,143876,ICICI Prudential Healthcare Fund - Direct Plan - IDCW Option,25.88
2026-09-30,143903,ICICI Prudential BHARAT 22 FOF - Direct Plan Cumulative Option,32.1234
2026-09-30,143904,ICICI Prudential BHARAT 22 FOF - Cumulative Option,32.1115
2026-09-30,144171,BANDHAN ULTRA SHORT TERM FUND - REGULAR PLAN GROWTH,16.4316
2026-09-30,144172,BANDHAN ULTRA SHORT TERM FUND - REGULAR PLAN DAILY IDCW,10.0519
2026-09-30,144173,BANDHAN ULTRA SHORT TERM FUND - DIRECT PLAN GROWTH,16.6724
2026-09-30,144174,BANDHAN ULTRA SHORT TERM FUND - DIRECT PLAN-DAILY IDCW,10.0367
2026-09-30,144189,BANDHAN ULTRA SHORT TERM FUND - REGULAR PLAN WEEKLY IDCW,10.0805
2026-09-30,144190,BANDHAN ULTRA SHORT TERM FUND - REGULAR PLAN QUARTERLY IDCW,10.5212
2026-09-30,144191,BANDHAN ULTRA SHORT TERM FUND - DIRECT PLAN- WEEKLY IDCW,10.0792
2026-09-30,144192,BANDHAN ULTRA SHORT TERM FUND - DIRECT PLAN QUARTERLY IDCW,10.5389
2026-09-30,144193,BANDHAN ULTRA SHORT TERM FUND - REGULAR PLAN PERIODIC IDCW,13.8296
2026-09-30,144194,BANDHAN ULTRA SHORT TERM FUND - REGULAR PLAN MONTHLY IDCW,10.0442
2026-09-30,144195,BANDHAN ULTRA SHORT TERM FUND - DIRECT PLAN -MONTHLY IDCW,10.0386
2026-09-30,144196,BANDHAN ULTRA SHORT TERM FUND - DIRECT PLAN PERIODIC IDCW,14.1770
2026-09-30,144309,BANK OF INDIA Midcap Tax Fund Series 2 Direct Plan IDCW,35.50
2026-09-30,144310,Union Equity Savings Fund - Regular Plan - Growth Option,17.23
2026-09-30,144311,Union Equity Savings Fund - Regular Plan - IDCW Option,16.02
2026-09-30,144312,Union Equity Savings Fund - Direct Plan - Growth Option,18.02
2026-09-30,144313,Union Equity Savings Fund - Direct Plan - IDCW Option,16.81
2026-09-30,144314,BANK OF INDIA Midcap Tax Fund Series 2 Regular Plan Growth,34.07
2026-09-30,144315,BANK OF INDIA Midcap Tax Fund Series 2 Direct Plan Growth,35.50
2026-09-30,144316,BANK OF INDIA Midcap Tax Fund Series 2 Regular Plan IDCW,34.09
2026-09-30,144333,Kotak Balanced Advantage Fund -Regular Plan - Growth Option,20.491
2026-09-30,144334,Kotak Balanced Advantage Fund -Direct Plan  -Payout of Income Distribution cum capital withdrawal option,22.523
2026-09-30,144335,Kotak Balanced Advantage Fund  - Direct Plan -Growth Option,22.523
2026-09-30,144336,Kotak Balanced Advantage Fund - Regular Plan - Payout of Income Distribution cum capital withdrawal option Option,20.492
2026-09-30,144337,UTI Corporate Bond Fund - Regular Plan - Annual IDCW,13.5184
2026-09-30,144338,UTI Corporate Bond Fund - Regular Plan - Discontinued Flexi IDCW,15.3524
2026-09-30,144339,UTI Corporate Bond Fund - Direct Plan - Growth Option,17.883
2026-09-30,144340,UTI Corporate Bond Fund - Direct Plan - Half-Yearly IDCW,15.2806
2026-09-30,144341,UTI Corporate Bond Fund - Direct Plan - Discontinued Flexi IDCW,15.7618
2026-09-30,144342,UTI Corporate Bond Fund - Regular Plan - Discontinued Quarterly IDCW,15.1608
2026-09-30,144343,UTI Corporate Bond Fund - Regular Plan - Half-Yearly IDCW,14.7312
2026-09-30,144344,UTI Corporate Bond Fund - Direct Plan - Annual IDCW,13.9169
2026-09-30,144345,UTI Corporate Bond Fund - Regular Plan - Growth Option,17.4349
2026-09-30,144346,UTI Corporate Bond Fund - Direct Plan - Discontinued Quarterly IDCW,15.6405
2026-09-30,144393,Axis Aggressive Hybrid Fund - Regular Plan - Growth Option,20.12
2026-09-30,144394,Axis Aggressive Hybrid Fund - Direct Plan - Growth Option,22.35
2026-09-30,144395,Axis Aggressive Hybrid Fund - Direct Plan - Regular IDCW,15.07
2026-09-30,144396,Axis Aggressive Hybrid Fund - Regular Plan - Regular IDCW,13.53
2026-09-30,144397,Axis Aggressive Hybrid Fund - Direct Plan - Monthly IDCW,14.86
2026-09-30,144398,Axis Aggressive Hybrid Fund - Direct Plan - Quarterly IDCW,14.06
2026-09-30,144399,Axis Aggressive Hybrid Fund - Regular Plan - Monthly IDCW,12.02
2026-09-30,144400,Axis Aggressive Hybrid Fund - Regular Plan - Quarterly IDCW,12.11
2026-09-30,144401,Mahindra Manulife Dynamic Bond Fund - Regular Plan - Growth,14.9331
2026-09-30,144402,Mahindra Manulife Dynamic Bond Fund - Regular Plan - Quarterly IDCW,10.2304
2026-09-30,144403,Mahindra Manulife Dynamic Bond Fund - Direct Plan - Growth,16.3626
2026-09-30,144404,Mahindra Manulife Dynamic Bond Fund - Direct Plan - Quarterly IDCW,11.4484
2026-09-30,144405,Mahindra Manulife Dynamic Bond Fund - Regular Plan - IDCW,11.5735
2026-09-30,144406,Mahindra Manulife Dynamic Bond Fund - Direct Plan - IDCW,12.8848
2026-09-30,144461,Franklin India Equity Savings Fund- Growth,16.8837
2026-09-30,144462,Franklin India Equity Savings Fund - Direct - IDCW,14.2656
2026-09-30,144463,Franklin India Equity Savings Fund - Quarterly - IDCW,12.0968
2026-09-30,144464,Franklin India Equity Savings Fund - Monthly - IDCW,13.0036
2026-09-30,144465,Franklin India Equity Savings Fund - Direct - Monthly - IDCW,13.4819
2026-09-30,144466,Franklin India Equity Savings Fund- Growth Direct,18.6287
2026-09-30,144467,Franklin India Equity Savings Fund - Direct - Quarterly - IDCW,13.7201
2026-09-30,144468,Franklin India Equity Savings Fund - IDCW,13.0959
2026-09-30,144475,UTI Liquid Fund - Regular Plan - Half-Yearly IDCW,142.0203
2026-09-30,144484,UTI Equity Savings Fund - Regular Plan - Growth Option,18.5881
2026-09-30,144485,UTI Equity Savings Fund - Regular Plan - IDCW,18.5881
2026-09-30,144486,UTI Equity Savings Fund - Regular Plan - Monthly IDCW,18.5882
2026-09-30,144487,UTI Equity Savings Fund - Regular Plan - Quarterly IDCW,18.5881
2026-09-30,144488,UTI Equity Savings Fund - Direct Plan - Quarterly IDCW,20.0111
2026-09-30,144489,UTI Equity Savings Fund - Direct Plan - Monthly IDCW,20.0122
2026-09-30,144490,UTI Equity Savings Fund - Direct Plan - Growth Option,20.0111
2026-09-30,144491,UTI Equity Savings Fund - Direct Plan - IDCW,20.0111
2026-09-30,144543,TATA Flexi Cap Fund Direct Plan - Reinvestment of Income Distribution cum capital withdrawal option,24.3642
2026-09-30,144544,TATA Flexi Cap Fund Regular Plan - Payout of Income Distribution cum capital withdrawal option,21.5157
2026-09-30,144545,TATA Flexi Cap Fund Regular Plan - Reinvestment of Income Distribution cum capital withdrawal option,21.5157
2026-09-30,144546,Tata Flexi Cap Fund-Direct Plan-Growth,25.2860
2026-09-30,144547,TATA Flexi Cap Fund - Direct Plan - Payout of Income Distribution cum capital withdrawal option,24.3642
2026-09-30,144548,Tata Flexi Cap Fund -Regular Plan-Growth,22.4337
2026-09-30,144587,ICICI Prudential Nifty Next 50 ETF,73.6522
2026-09-30,144644,DSP Corporate Bond Fund - Regular - Growth,17.1712
2026-09-30,144645,DSP Corporate Bond Fund - Regular - IDCW - Monthly,10.5953
2026-09-30,144646,DSP Corporate Bond Fund - Direct - Growth,17.5253
2026-09-30,144647,DSP Corporate Bond Fund - Direct - IDCW,11.6483
2026-09-30,144648,DSP Corporate Bond Fund - Direct - IDCW - Quarterly,11.4041
2026-09-30,144649,DSP Corporate Bond Fund - Regular - IDCW - Quarterly,10.7521
2026-09-30,144650,DSP Corporate Bond Fund - Regular - IDCW,11.6106
2026-09-30,144651,DSP Corporate Bond Fund - Direct - IDCW - Monthly,10.6202
2026-09-30,144753,Axis Ultra Short Duration Fund - Direct Plan - Daily IDCW,10.0338
2026-09-30,144754,Axis Ultra Short Duration Fund - Direct Plan Growth,16.9669
2026-09-30,144755,Axis Ultra Short Duration Fund - Direct Plan - Monthly IDCW,10.0251
2026-09-30,144756,Axis Ultra Short Duration Fund - Direct Plan - Regular IDCW,16.9682
2026-09-30,144757,Axis Ultra Short Duration Fund - Direct Plan - Weekly IDCW,10.0551
2026-09-30,144758,Axis Ultra Short Duration Fund - Regular Plan - Daily IDCW,10.0689
2026-09-30,144759,Axis Ultra Short Duration Fund - Regular Plan Growth,15.8261
2026-09-30,144760,Axis Ultra Short Duration Fund - Regular Plan - Monthly IDCW,10.0342
2026-09-30,144761,Axis Ultra Short Duration Fund - Regular Plan - Regular IDCW,15.8261
2026-09-30,144762,Axis Ultra Short Duration Fund - Regular Plan - Weekly IDCW,10.0717
2026-09-30,144902,Shriram Flexi Cap Fund - Regular Growth,18.73
2026-09-30,144903,Shriram Flexi Cap Fund - Regular-IDCW,18.7234
2026-09-30,144905,Shriram Flexi Cap Fund - Direct Growth,21.5513
2026-09-30,144906,Shriram Flexi Cap Fund - Direct-IDCW,21.3346
2026-09-30,144916,SBI BSE Sensex Next 50 ETF,900.1347
2026-09-30,144947,ICICI Prudential BSE Liquid Rate ETF - IDCW,1000.0000
2026-09-30,145034,HDFC Ultra Short Term Fund - Direct Plan-Growth Option,16.7423
2026-09-30,145035,HDFC Ultra Short Term Fund - Direct Plan-Weekly IDCW Option,10.0556
2026-09-30,145036,HDFC Ultra Short Term Fund - Direct Plan-Monthly IDCW Option,10.0556
2026-09-30,145037,HDFC Ultra Short Term Fund - Monthly IDCW Option,10.1554
2026-09-30,145038,HDFC Ultra Short Term Fund - Weekly IDCW Option,10.0554
2026-09-30,145039,HDFC Ultra Short Term Fund - Direct Plan-Daily IDCW Option,10.092
2026-09-30,145040,HDFC Ultra Short Term Fund - Growth Option,16.3183
2026-09-30,145041,HDFC Ultra Short Term Fund - Daily IDCW Option,10.103
2026-09-30,145042,Sundaram Money Market Fund Regular Plan - Growth,16.2206
2026-09-30,145044,Sundaram Money Market Fund Regular Plan- Income Distribution cum Capital Withdrawal (IDCW),11.4529
2026-09-30,145049,Sundaram Money Market Fund Regular Plan -Income Distribution cum Capital Withdrawal(IDCW),11.4529
2026-09-30,145050,Sundaram Money Market Fund Direct Plan - Growth,16.3605
2026-09-30,145051,Sundaram Money Market Fund Direct Plan - Income Distribution cum Capital Withdrawal (IDCW),11.5032
2026-09-30,145056,Sundaram Money Market Fund Direct Plan - Income Distribution cum Capital Withdrawal(IDCW),11.5032
2026-09-30,145075,ICICI Prudential Manufacturing Fund - Direct Plan - Cumulative Option,41.00
2026-09-30,145076,ICICI Prudential Manufacturing Fund - Direct Plan - IDCW Option,24.40
2026-09-30,145077,ICICI Prudential Manufacturing Fund - Cumulative Option,37.61
2026-09-30,145078,ICICI Prudential Manufacturing Fund - IDCW Option,21.54
2026-09-30,145137,Invesco India Small Cap Fund - Direct Plan - Growth,52.67
2026-09-30,145138,Invesco India Small Cap Fund - Direct Plan - IDCW (Payout / Reinvestment),39.13
2026-09-30,145139,Invesco India Small Cap Fund - Regular Plan - Growth,46.81
2026-09-30,145140,Invesco India Small Cap Fund - Regular Plan - IDCW (Payout / Reinvestment),33.48
2026-09-30,145205,TATA SmallCap Fund Regular Plan - Payout of Income Distribution cum capital withdrawal option,37.8714
2026-09-30,145206,Tata Small Cap Fund-Direct Plan-Growth,44.9182
2026-09-30,145207,TATA SmallCap Fund - Direct Plan - Payout of Income Distribution cum capital withdrawal option,43.3967
2026-09-30,145208,Tata Small Cap Fund-Regular Plan-Growth,39.3852
2026-09-30,145209,TATA Small Cap Fund Direct Plan - Reinvestment of Income Distribution cum capital withdrawal option,43.3967
2026-09-30,145210,TATA Small Cap Fund Regular Plan - Reinvestment of Income Distribution cum capital withdrawal option,37.8714
2026-09-30,145287,UTI Floating Interest Rates Fund - Regular Plan  - Growth Option,1603.4757
2026-09-30,145288,UTI Floating Interest Rates Fund - Regular Plan - Half-Yearly IDCW,1416.1139
2026-09-30,145289,UTI Floating Interest Rates Fund - Regular Plan - Annual IDCW,1522.8065
2026-09-30,145290,UTI Floating Interest Rates Fund - Direct Plan - Quarterly IDCW,1436.5201
2026-09-30,145291,UTI Floating Interest Rates Fund - Direct Plan - Flexi IDCW,1589.1246
2026-09-30,145292,UTI Floating Interest Rates Fund - Regular Plan - Flexi IDCW,1465.8601
2026-09-30,145293,UTI Floating Interest Rates Fund - Direct Plan - Annual IDCW,1544.1637
2026-09-30,145294,UTI Floating Interest Rates Fund - Regular Plan - Quarterly IDCW,1298.9043
2026-09-30,145295,UTI Floating Interest Rates Fund - Direct Plan - Growth Option,1686.8344
2026-09-30,145296,UTI Floating Interest Rates Fund - Direct Plan - Half-Yearly IDCW,1537.5509
2026-09-30,145355,Mahindra Manulife Consumption Fund- Regular Plan - Growth,20.8986
2026-09-30,145356,Mahindra Manulife Consumption Fund - Direct Plan -Growth,23.8991
2026-09-30,145357,Mahindra Manulife Consumption Fund - Direct Plan - IDCW,16.9241
2026-09-30,145358,Mahindra Manulife Consumption Fund - Regular Plan - IDCW,14.2235
2026-09-30,145387,Baroda BNP Paribas Balanced Advantage Fund-Regular Plan -Growth Option,24.8735
2026-09-30,145389,Baroda BNP Paribas Balanced Advantage Fund-Regular Plan-IDCW Option,15.0852
2026-09-30,145396,Baroda BNP Paribas Balanced Advantage Fund-Direct Plan-Growth Option,27.5527
2026-09-30,145397,Baroda BNP Paribas Balanced Advantage Fund-Direct Plan-IDCW Option,16.7483
2026-09-30,145399,ICICI Prudential Ultra Short Term Fund - Daily IDCW,10.0697
2026-09-30,145400,ICICI Prudential Ultra Short Term Fund - Direct Plan - Weekly IDCW,10.0901
2026-09-30,145402,ICICI Prudential Ultra Short Term Fund - Weekly IDCW,10.0740
2026-09-30,145404,ICICI Prudential Ultra Short Term Fund - Direct Plan - Daily IDCW,10.0007
2026-09-30,145471,Union Value Fund - Regular Plan - Growth Option,27.47
2026-09-30,145472,Union Value Fund - Regular Plan - IDCW Option,27.47
2026-09-30,145473,Union Value Fund - Direct Plan - Growth Option,29.58
2026-09-30,145474,Union Value Fund - Direct Plan - IDCW Option,29.58
2026-09-30,145481,ADITYA BIRLA SUNLIFE OVERNIGHT FUND-REGULAR PLAN-GROWTH,1480.6111
2026-09-30,145482,ADITYA BIRLA SUN LIFE OVERNIGHT FUND-  Regular - Weekly Reinvestment of IDCW option,1000.6942
2026-09-30,145483,ADITYA BIRLA SUN LIFE OVERNIGHT FUND- Regular - Daily Reinvestment of IDCW,1000.0200
2026-09-30,145485,ADITYA BIRLA SUN LIFE OVERNIGHT FUND- Regular- Monthly Payout of IDCW option,1000.6936
2026-09-30,145486,ADITYA BIRLA SUN LIFE OVERNIGHT FUND-DIRECT PLAN-GROWTH,1494.0588
2026-09-30,145487,ADITYA BIRLA SUN LIFE OVERNIGHT FUND- Direct - Daily Reinvestment of IDCW,1000.0200
2026-09-30,145488,ADITYA BIRLA SUN LIFE OVERNIGHT FUND-  Direct - Monthly Payout of IDCW,1000.7093
2026-09-30,145489,ADITYA BIRLA SUN LIFE OVERNIGHT FUND-  Direct - Weekly Reinvestment of IDCW,1001.6882
2026-09-30,145535,ICICI Prudential Overnight Fund - Growth,1479.0482
2026-09-30,145536,ICICI Prudential Overnight Fund - Direct Plan - Growth,1488.6374
2026-09-30,145537,ICICI Prudential Overnight Fund - Direct Plan - Daily IDCW,1000.0050
2026-09-30,145538,ICICI Prudential Overnight Fund - Weekly IDCW,1000.2775
2026-09-30,145539,ICICI Prudential Overnight Fund - Direct Plan - Weekly IDCW,1000.2799
2026-09-30,145547,ICICI Prudential Overnight Fund - Daily IDCW,1000.0050
2026-09-30,145551,Motilal Oswal Nasdaq 100 Fund of Fund- Regular Plan Growth,65.7276
2026-09-30,145552,Motilal Oswal Nasdaq 100 Fund of Fund- Direct Plan Growth,67.7305
2026-09-30,145589,Groww Dynamic Term Fund (formerly known as Indiabulls Dynamic Bond Fund) - Direct Plan - Growth option,1581.418
2026-09-30,145590,Groww Dynamic Term Fund (formerly known as Indiabulls Dynamic Bond Fund) - Regular Plan - Growth option,1498.9475
2026-09-30,145591,Groww Dynamic Term Fund (formerly known as Indiabulls Dynamic Bond Fund)- Direct Plan- Monthly - Income Distribution cum capital withdrawal Option (Payout & Reinvestment),1013.2727
2026-09-30,145592,Groww Dynamic Term Fund (formerly known as Indiabulls Dynamic Bond Fund)- Regular Plan- Monthly - Income Distribution cum capital withdrawal Option (Payout & Reinvestment),1012.8811
2026-09-30,145593,Groww Dynamic Term Fund (formerly known as Indiabulls Dynamic Bond Fund)- Regular Plan- - Income Distribution cum capital withdrawal Option ( Reinvestment),1019.6271
2026-09-30,145594,Groww Dynamic Term Fund (formerly known as Indiabulls Dynamic Bond Fund)- Regular Plan- Weekly - Income Distribution cum capital withdrawal Option (Payout & Reinvestment),1016.5148
2026-09-30,145595,Groww Dynamic Term Fund (formerly known as Indiabulls Dynamic Bond Fund)- Direct Plan- Fortnightly - Income Distribution cum capital withdrawal Option (Payout & Reinvestment),1022.2042
2026-09-30,145596,Groww Dynamic Term Fund (formerly known as Indiabulls Dynamic Bond Fund)- Direct Plan- - Income Distribution cum capital withdrawal Option ( Reinvestment),1017.1625
2026-09-30,145597,Groww Dynamic Term Fund (formerly known as Indiabulls Dynamic Bond Fund)- Direct Plan- Weekly - Income Distribution cum capital withdrawal Option (Payout & Reinvestment),1016.9802
2026-09-30,145598,Groww Dynamic Term Fund (formerly known as Indiabulls Dynamic Bond Fund)- Regular Plan- Fortnightly - Income Distribution cum capital withdrawal Option (Payout & Reinvestment),1018.2174
2026-09-30,145599,Groww Aggressive Hybrid Fund (formerly known as Indiabulls Equity Hybrid Fund) - Direct Plan - Growth option,22.4721
2026-09-30,145600,Groww Aggressive Hybrid Fund (formerly known as Indiabulls Equity Hybrid Fund)- Direct Plan- - Income Distribution cum capital withdrawal Option (Payout & Reinvestment),22.2745
2026-09-30,145601,Groww Aggressive Hybrid Fund (formerly known as Indiabulls Equity Hybrid Fund)- Direct Plan- Quarterly - Income Distribution cum capital withdrawal Option (Payout & Reinvestment),22.0103
2026-09-30,145602,Groww Aggressive Hybrid Fund (formerly known as Indiabulls Equity Hybrid Fund)- Direct Plan- Half Yearly - Income Distribution cum capital withdrawal Option (Payout & Reinvestment),21.6019
2026-09-30,145603,Groww Aggressive Hybrid Fund (formerly known as Indiabulls Equity Hybrid Fund)- Regular Plan- - Income Distribution cum capital withdrawal Option (Payout & Reinvestment),19.8573
2026-09-30,145604,Groww Aggressive Hybrid Fund (formerly known as Indiabulls Equity Hybrid Fund)- Regular Plan- Monthly - Income Distribution cum capital withdrawal Option (Payout & Reinvestment.,19.8584
2026-09-30,145605,Groww Aggressive Hybrid Fund (formerly known as Indiabulls Equity Hybrid Fund) - Regular Plan - Growth option,19.8601
2026-09-30,145606,Groww Aggressive Hybrid Fund (formerly known as Indiabulls Equity Hybrid Fund)- Direct Plan- Monthly - Income Distribution cum capital withdrawal Option (Payout & Reinvestment),22.2391
2026-09-30,145607,Groww Aggressive Hybrid Fund (formerly known as Indiabulls Equity Hybrid Fund)- Regular Plan- Quarterly - Income Distribution cum capital withdrawal Option (Payout & Reinvestment),21.0505
2026-09-30,145608,Groww Aggressive Hybrid Fund (formerly known as Indiabulls Equity Hybrid Fund)- Regular Plan- Half Yearly - Income Distribution cum capital withdrawal Option (Payout & Reinvestment),19.8135
2026-09-30,145633,Mirae Asset Nifty 50 ETF,246.3360
2026-09-30,145648,SBI Nifty 200 Quality 30 ETF,207.0514
2026-09-30,145675,BANK OF INDIA Small Cap Fund Direct Plan IDCW,49.81
2026-09-30,145676,BANK OF INDIA Small Cap Fund Regular Plan IDCW,42.74
2026-09-30,145677,BANK OF INDIA Small Cap Fund Regular Plan Growth,58.63
2026-09-30,145678,BANK OF INDIA Small Cap Fund Direct Plan Growth,66.52
2026-09-30,145693,Mirae Asset Equity Savings Fund - Direct Plan - Growth,22.822
2026-09-30,145694,Mirae Asset Equity Savings Fund - Direct Plan - IDCW,13.648
2026-09-30,145695,Mirae Asset Equity Savings Fund - Regular Plan - Growth,21.063
2026-09-30,145696,Mirae Asset Equity Savings Fund - Regular Plan - IDCW,12.467
2026-09-30,145723,Tata Arbitrage Fund-Regular Plan-Growth,15.4216
2026-09-30,145724,Tata Arbitrage Fund-Direct Plan-Growth,16.3797
2026-09-30,145725,TATA Arbitrage Fund Direct Plan - Monthly Reinvestment of Income Distribution cum capital withdrawal option,15.7356
2026-09-30,145726,TATA Arbitrage Fund Regular Plan - Monthly Reinvestment of Income Distribution cum capital withdrawal option,14.7413
2026-09-30,145727,TATA Arbitrage Fund Direct Plan - Monthly Payout of Income Distribution cum capital withdrawal option,15.7356
2026-09-30,145728,TATA Arbitrage Fund Regular Plan - Monthly Payout of Income Distribution cum capital withdrawal option,14.7413
2026-09-30,145801,Tata Nifty 50 Exchange Traded Fund,246.5933
2026-09-30,145810,Nippon India Overnight Fund - Direct Plan - Growth Option,148.4117
2026-09-30,145811,Nippon India Overnight Fund - Regular Plan - Growth Option,147.3616
2026-09-30,145812,NIPPON INDIA OVERNIGHT FUND - DIRECT Plan - DAILY IDCW Option,100.0050
2026-09-30,145819,Shriram ELSS Tax Saver Fund - Direct Growth,22.5495
2026-09-30,145820,Shriram ELSS Tax Saver Fund - Regular Growth,19.6915
2026-09-30,145821,Shriram ELSS Tax Saver Fund - Regular-IDCW,19.6941
2026-09-30,145822,Shriram ELSS Tax Saver Fund - Direct- IDCW,22.3679
2026-09-30,145823,NIPPON INDIA OVERNIGHT FUND - DIRECT Plan - WEEKLY IDCW Option,100.0745
2026-09-30,145824,NIPPON INDIA OVERNIGHT FUND - DIRECT Plan - MONTHLY IDCW Option,100.1910
2026-09-30,145825,NIPPON INDIA OVERNIGHT FUND - DIRECT Plan - QUARTERLY IDCW Option,100.4426
2026-09-30,145826,NIPPON INDIA OVERNIGHT FUND - WEEKLY IDCW Option,100.0733
2026-09-30,145827,NIPPON INDIA OVERNIGHT FUND - MONTHLY IDCW Option,100.1809
2026-09-30,145830,NIPPON INDIA OVERNIGHT FUND - DAILY IDCW Option,100.0050
2026-09-30,145833,NIPPON INDIA OVERNIGHT FUND - QUARTERLY IDCW Option,100.4375
2026-09-30,145834,Motilal Oswal Liquid Fund - Direct Growth,14.9913
2026-09-30,145881,Aditya Birla Sunlife Nifty Next 50 ETF,73.5676
2026-09-30,145890,LIC MF Arbitrage Fund-Regular Plan-Growth,14.8182
2026-09-30,145891,LIC MF Arbitrage Fund-Direct Plan-Weekly IDCW,14.6746
2026-09-30,145892,LIC MF Arbitrage Fund-Regular Plan-Monthly IDCW,14.4774
2026-09-30,145893,LIC MF Arbitrage Fund-Regular Plan-Weekly IDCW,14.3852
2026-09-30,145894,LIC MF Arbitrage Fund-Direct Plan-Monthly IDCW,13.9555
2026-09-30,145895,LIC MF Arbitrage Fund-Direct Plan-Growth,15.6163
2026-09-30,145896,ICICI Prudential India Opportunities Fund - Cumulative Option,34.56
2026-09-30,145897,ICICI Prudential India Opportunities Fund - Direct Plan - Cumulative Option,38.04
2026-09-30,145898,ICICI Prudential India Opportunities Fund - Direct Plan - IDCW Option,23.22
2026-09-30,145899,ICICI Prudential India Opportunities Fund - IDCW Option,20.17
2026-09-30,145946,Motilal Oswal Liquid Fund - Regular Growth,14.8080
2026-09-30,145951,LIC MF Short Term Fund-Regular Plan-IDCW,15.447
2026-09-30,145952,LIC MF Short Term Fund-Regular Plan-Growth,15.447
2026-09-30,145953,LIC MF Short Term Fund-Direct Plan-IDCW,16.6793
2026-09-30,145954,LIC MF Short Term Fund-Direct Plan-Growth,16.6793
2026-09-30,145963,WhiteOak Capital Liquid Fund- Regular plan-Daily Reinvestment of Income Distribution cum capital withdrawal option (IDCW),1001.9023
2026-09-30,145964,WhiteOak Capital Liquid Fund- Regular plan-Weekly Payout/ Reinvestment of Income Distribution cum capital withdrawal option (IDCW),1002.0957
2026-09-30,145965,WhiteOak Capital Liquid Fund- Regular plan-Fortnightly Payout/ Reinvestment of Income Distribution cum capital withdrawal option (IDCW),1003.7233
2026-09-30,145966,WhiteOak Capital Liquid Fund- Direct plan-Fortnightly Payout/ Reinvestment of Income Distribution cum capital withdrawal option (IDCW),1002.6056
2026-09-30,145967,WhiteOak Capital Liquid Fund- Direct plan-Monthly  Payout/ Reinvestment of Income Distribution cum capital withdrawal option (IDCW),1004.3224
2026-09-30,145968,WhiteOak Capital Liquid Fund- Regular plan-Growth Option,1513.6297
2026-09-30,145969,WhiteOak Capital Liquid Fund- Direct plan-Daily Reinvestment of Income Distribution cum capital withdrawal option (IDCW),1001.9025
2026-09-30,145970,WhiteOak Capital Liquid Fund- Direct plan-Weekly Payout/ Reinvestment of Income Distribution cum capital withdrawal option (IDCW),1002.1348
2026-09-30,145971,WhiteOak Capital Liquid Fund- Direct plan-Growth Option,1524.6428
2026-09-30,145972,WhiteOak Capital Liquid Fund- Regular plan-Monthly Payout/ Reinvestment of Income Distribution cum capital withdrawal option (IDCW),1003.8754
2026-09-30,146005,TATA Balanced Advantage Fund Regular Plan - Payout of Income Distribution cum capital withdrawal option,19.3090
2026-09-30,146006,TATA Balanced Advantage Fund Direct Plan - Payout of Income Distribution cum capital withdrawal option,21.8065
2026-09-30,146007,Tata Balanced Advantage Fund-Regular Plan-Growth,20.1264
2026-09-30,146008,TATA Balanced Advantage Fund Direct Plan - Reinvestment of Income Distribution cum capital withdrawal option,21.8065
2026-09-30,146009,TATA Balanced Advantage Fund Regular Plan - Reinvestment of Income Distribution cum capital withdrawal option,19.3090
2026-09-30,146010,Tata Balanced Advantage Fund-Direct Plan-Growth,22.6272
2026-09-30,146061,DSP Overnight Fund - Regular Plan - Growth,1470.7103
2026-09-30,146062,DSP Overnight Fund - Direct Plan - Growth,1479.7645
2026-09-30,146063,DSP Overnight Fund - Regular Plan - IDCW - Weekly,1001.8484
2026-09-30,146065,DSP Overnight Fund - Direct Plan - IDCW - Daily,1000.0099
2026-09-30,146066,DSP Overnight Fund - Regular Plan - IDCW - Daily,1000.0099
2026-09-30,146067,TATA Ultra Short Term Fund-Direct Plan - Weekly Payout of Income Distribution cum capital withdrawal option,10.4065
2026-09-30,146068,TATA Ultra Short Term Fund Direct Plan - Weekly Reinvestment of Income Distribution cum capital withdrawal option,10.4065
2026-09-30,146069,TATA Ultra Short Term Fund-Direct Plan - Monthly Payout of Income Distribution cum capital withdrawal option,16.2267
2026-09-30,146070,Tata Ultra Short Term Fund-Regular Plan-Growth,15.2549
2026-09-30,146071,TATA Ultra Short Term Fund-Regular Plan - Weekly Payout of Income Distribution cum capital withdrawal option,10.3798
2026-09-30,146072,TATA Ultra Short Term Fund-Regular Plan - Monthly Payout of Income Distribution cum capital withdrawal option,15.2615
2026-09-30,146073,TATA Ultra Short Term Fund Regular Plan - Monthly Reinvestment of Income Distribution cum capital withdrawal option,15.2615
2026-09-30,146074,TATA Ultra Short Term Fund Regular Plan -Weekly Reinvestment of Income Distribution cum capital withdrawal option,10.3798
2026-09-30,146075,Tata Ultra Short Term Fund-Direct Plan-Growth,16.2051
2026-09-30,146076,TATA Ultra Short Term Fund Direct Plan - Monthly Reinvestment of Income Distribution cum capital withdrawal option,16.2267
2026-09-30,146127,CANARA ROBECO SMALL CAP FUND - REGULAR PLAN - GROWTH OPTION,39.7000
2026-09-30,146128,CANARA ROBECO SMALL CAP FUND - REGULAR PLAN - IDCW (Payout/Reinvestment),32.2800
2026-09-30,146130,CANARA ROBECO SMALL CAP FUND - DIRECT PLAN - GROWTH OPTION,44.4800
2026-09-30,146131,CANARA ROBECO SMALL CAP FUND - DIRECT PLAN - IDCW (Payout/Reinvestment),36.6000
2026-09-30,146138,Kotak Overnight Fund-Regular Plan- Daily Reinvestment of Income Distribution cum capital withdrawal option,1004.7568
2026-09-30,146140,Kotak Overnight Fund-Direct Plan- Daily Reinvestment of Income Distribution cum capital withdrawal option,1003.6055
2026-09-30,146141,Kotak Overnight Fund -Direct Plan-Growth Option,1473.9805
2026-09-30,146142,Kotak Overnight Fund -Regular plan-Growth Option,1463.5682
2026-09-30,146183,BANDHAN Overnight Fund - Direct Plan - Monthly IDCW,1000.1473
2026-09-30,146184,BANDHAN Overnight Fund - Direct Plan - Periodic IDCW,1342.6465
2026-09-30,146185,BANDHAN Overnight Fund - Regular Plan - Monthly IDCW,1000.1453
2026-09-30,146186,BANDHAN Overnight Fund - REGULAR PLAN PERIODIC IDCW,1337.0334
2026-09-30,146187,BANDHAN Overnight Fund - Regular Plan - Growth,1461.2158
2026-09-30,146188,BANDHAN Overnight Fund - Regular Plan - Daily IDCW,1000.0098
2026-09-30,146189,BANDHAN Overnight Fund - Regular Plan - Weekly IDCW,1001.6210
2026-09-30,146190,BANDHAN Overnight Fund - Direct Plan - Daily IDCW,1000.0098
2026-09-30,146191,BANDHAN Overnight Fund - Direct Plan - Growth,1473.3402
2026-09-30,146192,BANDHAN Overnight Fund - Direct Plan - Weekly IDCW,1000.7112
2026-09-30,146193,Edelweiss Small Cap Fund - Regular Plan - Growth,46.27
2026-09-30,146194,Edelweiss Small Cap Fund - Regular Plan - IDCW Option,40.208
2026-09-30,146196,Edelweiss Small Cap Fund - Direct Plan - Growth,51.988
2026-09-30,146197,Edelweiss Small Cap Fund - Direct Plan - IDCW Option,45.481
2026-09-30,146207,SBI Corporate Bond Fund - Regular Plan - Growth,16.4363
2026-09-30,146208,SBI Corporate Bond Fund - Regular Plan - Monthly Income Distribution cum Capital Withdrawal Option (IDCW),15.5117
2026-09-30,146210,SBI Corporate Bond Fund - Regular Plan - Quarterly Income Distribution cum Capital Withdrawal Option (IDCW),15.9697
2026-09-30,146212,SBI Corporate Bond Fund - Direct Plan - Monthly Income Distribution cum Capital Withdrawal Option (IDCW),16.0646
2026-09-30,146215,SBI Corporate Bond Fund - Direct Plan - Growth,17.0194
2026-09-30,146216,SBI Corporate Bond Fund - Direct Plan - Quarterly Income Distribution cum Capital Withdrawal Option (IDCW),16.5452
2026-09-30,146218,Motilal Oswal Liquid Fund Direct - IDCW  Quarterly Payout/Reinvestment,10.4113
2026-09-30,146220,Motilal Oswal Liquid Fund Regular - IDCW Monthly Payout/Reinvestment,10.0380
2026-09-30,146222,Motilal Oswal Liquid Fund Regular - IDCW Quarterly Payout/Reinvestment,10.3958
2026-09-30,146223,Motilal Oswal Liquid Fund Direct - IDCW Monthly Payout/Reinvestment,10.0383
2026-09-30,146224,Motilal Oswal Liquid Fund Regular - IDCW Weekly Reinvestment,10.0210
2026-09-30,146226,Motilal Oswal Liquid Fund Direct - IDCW Fortnightly Reinvestment,10.0172
2026-09-30,146227,Motilal Oswal Liquid Fund Regular - IDCW Daily Reinvestment,10.0055
2026-09-30,146228,Motilal Oswal Liquid Fund Direct - IDCW Reinvestment,10.0077
2026-09-30,146229,Motilal Oswal Liquid Fund Direct - IDCW Weekly Reinvestment,10.0141
2026-09-30,146230,Motilal Oswal Liquid Fund Regular - IDCW Fortnightly Reinvestment,10.0122
2026-09-30,146271,Nippon India ETF Nifty Midcap 150,226.1719
2026-09-30,146294,Union Arbitrage Fund - Regular Plan - Growth Option,15.0607
2026-09-30,146295,Union Arbitrage Fund - Regular Plan - IDCW Option,14.7057
2026-09-30,146296,Union Arbitrage Fund - Direct Plan - IDCW Option,15.3314
2026-09-30,146297,Union Arbitrage Fund - Direct Plan - Growth Option,15.7041
2026-09-30,146346,ICICI Prudential Retirement Fund - Pure Equity - Growth Option,33.78
2026-09-30,146347,ICICI Prudential Retirement Fund - Pure Equity - IDCW Option,33.79
2026-09-30,146348,ICICI Prudential Retirement Fund - Pure Equity - Direct Plan - IDCW Option,37.82
2026-09-30,146349,ICICI Prudential Retirement Fund - Pure Equity - Direct Plan - Growth Option,37.83
2026-09-30,146376,DSP Nifty 50 Index Fund - Direct Plan - Growth,22.3571
2026-09-30,146377,DSP Nifty 50 Index Fund - Direct Plan - IDCW,19.1301
2026-09-30,146378,DSP Nifty 50 Index Fund - Regular Plan - IDCW,17.9586
2026-09-30,146379,DSP Nifty 50 Index Fund - Regular Plan - Growth,22.0226
2026-09-30,146380,DSP Nifty Next 50 Index Fund - Regular Plan - Growth,26.9779
2026-09-30,146381,DSP Nifty Next 50 Index Fund - Direct Plan - Growth,27.6848
2026-09-30,146382,DSP Nifty Next 50 Index Fund - Direct Plan - IDCW,22.6774
2026-09-30,146383,DSP Nifty Next 50 Index Fund - Regular Plan - IDCW,22.1183
2026-09-30,146388,UTI - BSE Sensex Next 50 Exchange Traded Fund,89.7613
2026-09-30,146405,ADITYA BIRLA SUN LIFE BAL BHAVISHYA YOJNA- Regular - IDCW,16.37
2026-09-30,146407,ADITYA BIRLA SUN LIFE BAL BHAVISHYA YOJNA DIRECT GROWTH,22.66
2026-09-30,146408,ADITYA BIRLA SUN LIFE BAL BHAVISHYA YOJNA- Direct - IDCW,18.48
2026-09-30,146409,ADITYA BIRLA SUN LIFE BAL BHAVISHYA YOJNA REGULAR GROWTH,20.06
2026-09-30,146455,Invesco India Equity Savings Fund - Regular Plan - IDCW (Payout / Reinvestment),16.5388
2026-09-30,146456,Invesco India Equity Savings Fund - Regular Plan - Growth,16.5397
2026-09-30,146457,Invesco India Equity Savings Fund - Direct Plan - Growth,18.7418
2026-09-30,146458,Invesco India Equity Savings Fund - Direct Plan - IDCW (Payout / Reinvestment),18.6867
2026-09-30,146512,NIPPON INDIA NIFTY NEXT 50 JUNIOR BEES FOF - IDCW Option,25.9584
2026-09-30,146513,Nippon India Nifty Next 50 Junior BeES FoF - Direct Plan - Growth Plan - Growth Option,26.4050
2026-09-30,146514,Nippon India Nifty Next 50 Junior BeES FoF - Growth Plan - Growth Option,25.9584
2026-09-30,146515,NIPPON INDIA NIFTY NEXT 50 JUNIOR BEES FOF - DIRECT Plan - IDCW Option,26.4050
2026-09-30,146548,Mahindra Manulife Large Cap Fund - Regular Plan - IDCW,13.9072
2026-09-30,146549,Mahindra Manulife Large Cap Fund - Direct Plan -Growth,23.8480
2026-09-30,146550,Mahindra Manulife Large Cap Fund - Direct Plan - IDCW,16.6146
2026-09-30,146551,Mahindra Manulife Large Cap Fund - Regular Plan - Growth,20.8488
2026-09-30,146574,Aditya Birla Sun Life Retirement Fund-The 30s Plan-Regular - Payout of IDCW,16.678
2026-09-30,146575,Aditya Birla Sun Life Retirement Fund-The 30s Plan-Direct Growth,24.731
2026-09-30,146576,Aditya Birla Sun Life Retirement Fund-The 30s Plan-Direct - Payout of IDCW,18.690
2026-09-30,146577,Aditya Birla Sun Life Retirement Fund-The 30s Plan-Regular Growth,22.068
2026-09-30,146641,SBI Equity Minimum Variance Fund - Regular Plan - Income Distribution cum Capital Withdrawal Option (IDCW),22.4720
2026-09-30,146642,SBI Equity Minimum Variance Fund - Direct Plan - Income Distribution cum Capital Withdrawal Option (IDCW),23.0820
2026-09-30,146643,SBI Equity Minimum Variance Fund - Direct Plan - Growth,23.0835
2026-09-30,146644,SBI Equity Minimum Variance Fund - Regular Plan - Growth,22.4685
2026-09-30,146675,Axis Overnight Fund - Direct Plan - Growth Option,1462.4849
2026-09-30,146676,Axis Overnight Fund - Direct Plan - Weekly IDCW,1000.9795
2026-09-30,146677,Axis Overnight Fund - Direct Plan - Monthly IDCW,1001.5370
2026-09-30,146678,Axis Overnight Fund - Regular Plan - Growth Option,1456.8088
2026-09-30,146679,Axis Overnight Fund - Direct Plan - Daily IDCW,1000.5073
2026-09-30,146680,Axis Overnight Fund - Regular Plan - Weekly IDCW,1000.9493
2026-09-30,146681,Axis Overnight Fund - Regular Plan - Monthly IDCW,1001.5265
2026-09-30,146682,Axis Overnight Fund - Regular Plan - Daily IDCW,1000.5032
2026-09-30,146695,BANDHAN Fixed Term Plan Series 179 REGULAR PLAN-GROWTH (3652 days),17.8095
2026-09-30,146699,BANDHAN Fixed Term Plan Series 179 DIRECT PLAN HALF YEARLY-IDCW (3652 days),11.3046
2026-09-30,146701,BANDHAN Fixed Term Plan Series 179 DIRECT PLAN-GROWTH (3652 days),18.1491
2026-09-30,146702,BANDHAN Fixed Term Plan Series 179 REGULAR PLAN PERIODIC-IDCW (3652 days),15.3438
2026-09-30,146716,ICICI Prudential Retirement Fund - Hybrid Conservative - Direct Plan - Growth Option,19.9910
2026-09-30,146717,ICICI Prudential Retirement Fund - Hybrid Conservative - Growth Option,18.0898
2026-09-30,146718,ICICI Prudential Retirement Fund - Hybrid Conservative - Direct Plan - IDCW Option,19.9906
2026-09-30,146719,ICICI Prudential Retirement Fund - Hybrid Conservative - IDCW Option,18.0897
2026-09-30,146720,ICICI Prudential Retirement Fund - Hybrid Aggressive - Direct Plan - IDCW Option,30.46
2026-09-30,146721,ICICI Prudential Retirement Fund - Hybrid Aggressive - Direct Plan - Growth Option,30.45
2026-09-30,146722,ICICI Prudential Retirement Fund - Hybrid Aggressive - Growth Option,27.12
2026-09-30,146723,ICICI Prudential Retirement Fund - Hybrid Aggressive - IDCW Option,27.12
2026-09-30,146724,ICICI Prudential Retirement Fund - Pure Debt - IDCW Option,15.6539
2026-09-30,146725,ICICI Prudential Retirement Fund - Pure Debt - Direct Plan - IDCW Option,17.1802
2026-09-30,146726,ICICI Prudential Retirement Fund - Pure Debt - Growth Option,15.6537
2026-09-30,146727,ICICI Prudential Retirement Fund - Pure Debt - Direct Plan - Growth Option,17.1803
2026-09-30,146769,HSBC Large & Mid Cap Fund - Regular IDCW,19.93
2026-09-30,146770,HSBC Large & Mid Cap Fund - Direct IDCW,22.1848
2026-09-30,146771,HSBC Large & Mid Cap Fund - Regular Growth,28.7806
2026-09-30,146772,HSBC Large & Mid Cap Fund - Direct Growth,31.865
2026-09-30,146795,ICICI Prudential Fixed Maturity Plan - Series 85 - 10 Years Plan I - Direct Plan Cumulative Option,18.0832
2026-09-30,146797,ICICI Prudential Fixed Maturity Plan - Series 85 - 10 Years Plan I - Cumulative Option,17.8273
2026-09-30,146800,ICICI Prudential Fixed Maturity Plan - Series 85 - 10 Years Plan I - Quarterly IDCW Option,17.4627
2026-09-30,146927,Aditya Birla Sun Life Retirement Fund-The 40s Plan- Direct - Payout of IDCW,15.769
2026-09-30,146928,Aditya Birla Sun Life Retirement Fund-The 40s Plan-Regular - Payout of IDCW,14.107
2026-09-30,146929,Aditya Birla Sun Life Retirement Fund-The 40s Plan-Regular Plan-Growth,18.666
2026-09-30,146930,Aditya Birla Sun Life Retirement Fund-The 40s Plan-Direct Plan-Growth,20.865
2026-09-30,146937,Aditya Birla Sun Life Retirement Fund-The 50s Plan- Direct - Payout of IDCW,12.5328
2026-09-30,146938,Aditya Birla Sun Life Retirement Fund-The 50s Plan-Regular Plan-Growth,14.9467
2026-09-30,146939,Aditya Birla Sun Life Retirement Fund-The 50s Plan- Regular - Payout of IDCW,11.3002
2026-09-30,146940,Aditya Birla Sun Life Retirement Fund-The 50s Plan-Direct Plan-Growth,16.5775
2026-09-30,146941,Aditya Birla Sun Life Retirement Fund-The 50s Plus-Debt Plan-Regular Plan-Growth,13.5740
2026-09-30,146942,Aditya Birla Sun Life Retirement Fund-The 50s Plus-Debt Plan - Regular - Payout of IDCW,10.4877
2026-09-30,146943,Aditya Birla Sun Life Retirement Fund-The 50s Plus-Debt Plan-Direct Plan-Growth,14.9221
2026-09-30,146944,Aditya Birla Sun Life Retirement Fund-The 50s Plus-Debt Plan - Direct - Payout of IDCW,11.5276
2026-09-30,146949,ICICI Prudential Bharat Consumption Fund - Direct Plan - IDCW Option,16.56
2026-09-30,146950,ICICI Prudential Bharat Consumption Fund - Growth Option,23.77
2026-09-30,146951,ICICI Prudential Bharat Consumption Fund - Direct Plan - Growth Option,25.80
2026-09-30,146952,ICICI Prudential Bharat Consumption Fund - IDCW Option,14.77
2026-09-30,146957,Sundaram Overnight Fund Direct Plan - Monthly Reinvestment of Income Distribution cum Capital Withdrawal (IDCW),1060.3540
2026-09-30,146959,Sundaram Overnight Fund Regular Plan - Growth,1456.3976
2026-09-30,146960,Sundaram Overnight Fund Regular Plan - Monthly Payout of Income Distribution cum Capital Withdrawal (IDCW),1054.8429
2026-09-30,146961,Sundaram Overnight Fund Regular Plan - Monthly Reinvestment of Income Distribution cum Capital Withdrawal (IDCW),1054.8429
2026-09-30,146962,Sundaram Overnight Fund Direct Plan - Monthly Payout of Income Distribution cum Capital Withdrawal (IDCW),1060.3540
2026-09-30,146963,Sundaram Overnight Fund Direct Plan - Growth,1467.1170
2026-09-30,146973,SBI Fixed Maturity Plan (FMP) - Series 1 (3668 Days) - Regular Plan - Income Distribution cum Capital Withdrawal Option (IDCW),17.5128
2026-09-30,146974,SBI Fixed Maturity Plan (FMP) - Series 1 (3668 Days) - Direct Plan - Growth,17.7409
2026-09-30,146975,SBI Fixed Maturity Plan (FMP) - Series 1 (3668 Days) - Direct Plan - Income Distribution cum Capital Withdrawal Option (IDCW),17.7590
2026-09-30,146976,SBI Fixed Maturity Plan (FMP) - Series 1 (3668 Days) - Regular Plan - Growth,17.5129
2026-09-30,146977,Tata Overnight Fund-Regular Plan-Growth,1446.1005
2026-09-30,146978,TATA Overnight Fund Direct Plan - Daily Reinvestment of Income Distribution cum capital withdrawal option,1000.0000
2026-09-30,146979,TATA Overnight Fund Regular Plan - Daily Reinvestment of Income Distribution cum capital withdrawal option,1000.0000
2026-09-30,146980,Tata Overnight Fund-Direct Plan-Growth,1458.5467
2026-09-30,146997,Union Overnight Fund - Regular Plan - Growth Option,1443.4784
2026-09-30,146998,Union Overnight Fund - Regular Plan - Daily IDCW Option,1001.2621
2026-09-30,147000,Union Overnight Fund - Regular Plan - Monthly IDCW Option,1001.3198
2026-09-30,147002,Union Overnight Fund - Direct Plan - Daily IDCW Option,1000.8091
2026-09-30,147003,Union Overnight Fund - Direct Plan - Growth Option,1454.2293
2026-09-30,147006,Union Overnight Fund - Direct Plan - Monthly IDCW Option,1001.3342
2026-09-30,147095,NIPPON INDIA FIXED MATURITY  PLAN - XLI - SERIES 8 - DIRECT Plan - IDCW Option,17.7826
2026-09-30,147096,NIPPON INDIA FIXED MATURITY PLAN  - XLI - SERIES 8 - IDCW Option,17.3930
2026-09-30,147097,Nippon India Fixed Maturity Plan XLI - Series 8 - Growth Option,17.3930
2026-09-30,147098,Nippon India Fixed Maturity Plan XLI - Series 8 - Direct Plan - Growth Option,17.7826
2026-09-30,147128,UTI Ultra Short Term Fund - Direct Plan - Half-Yearly IDCW,1563.0547
2026-09-30,147153,ITI Liquid Fund - Regular Plan - Growth Option,1462.5424
2026-09-30,147154,ITI Liquid Fund - Regular Plan - Daily IDCW Option,1001.0000
2026-09-30,147155,ITI Liquid Fund - Regular Plan - Fortnightly Income Distribution cum capital withdrawal option Option,1001.5048
2026-09-30,147156,ITI Liquid Fund - Regular Plan - Monthly IDCW Option,1000.7692
2026-09-30,147157,ITI Liquid Fund - Direct Plan - Growth Option,1477.3589
2026-09-30,147158,ITI Liquid Fund - Direct Plan - Daily IDCW Option,1000.9945
2026-09-30,147159,ITI Liquid Fund - Direct Plan - Weekly IDCW Option,1001.1042
2026-09-30,147161,ITI Liquid Fund - Direct Plan - Annually IDCW Option,1479.3199
2026-09-30,147162,ITI Liquid Fund - Regular Plan - Annually IDCW Option,1472.2727
2026-09-30,147163,ITI Liquid Fund - Direct Plan - Monthly IDCW Option,1001.5122
2026-09-30,147164,ITI Liquid Fund - Regular Plan - Weekly IDCW Option,1001.1009
2026-09-30,147183,ITI Multi Cap Fund - Direct Plan - Growth Option,29.5033
2026-09-30,147184,ITI Multi Cap Fund - Regular Plan - Growth Option,25.6470
2026-09-30,147185,ITI Multi Cap Fund - Regular Plan - IDCW Option,22.4341
2026-09-30,147186,ITI Multi Cap Fund - Direct Plan - IDCW Option,26.1011
2026-09-30,147193,Baroda BNP Paribas Overnight Fund - Regular Plan - Growth,1444.1702
2026-09-30,147194,Baroda BNP Paribas Overnight Fund - Regular Plan - Daily IDCW,1000.0018
2026-09-30,147195,Baroda BNP Paribas Overnight Fund - Direct Plan - Weekly IDCW,1000.2484
2026-09-30,147196,Baroda BNP Paribas Overnight Fund - Direct Plan - Growth,1451.1872
2026-09-30,147197,Baroda BNP Paribas Overnight Fund - Direct Plan - Daily IDCW,1000.0028
2026-09-30,147198,Baroda BNP Paribas Overnight Fund - Regular Plan - Weekly IDCW,1000.7325
2026-09-30,147203,Mirae Asset Focused Fund - Regular Plan - Growth,24.342
2026-09-30,147204,Mirae Asset Focused Fund - Regular Plan - IDCW,22.377
2026-09-30,147205,Mirae Asset Focused Fund - Direct Plan - IDCW,24.706
2026-09-30,147206,Mirae Asset Focused Fund - Direct Plan - Growth,26.861
2026-09-30,147211,Franklin India Overnight Fund - Direct Weekly Dividend Plan - Weekly - IDCW,1000.4164
2026-09-30,147212,Franklin India Overnight Fund - Direct Daily Dividend Plan - Daily - IDCW,1000.0007
2026-09-30,147213,Franklin India Overnight fund- Growth,1436.1608
2026-09-30,147214,Franklin India Overnight Fund- Growth - Direct,1441.3216
2026-09-30,147215,Franklin India Overnight Fund - Daily Dividend Plan - Daily - IDCW,1000.0001
2026-09-30,147216,Franklin India Overnight Fund - Weekly Dividend Plan - Weekly - IDCW,1000.4163
2026-09-30,147247,SBI Fixed Maturity Plan (FMP) - Series 6 (3668 Days) - Regular Plan - Growth,16.9522
2026-09-30,147248,SBI Fixed Maturity Plan (FMP) - Series 6 (3668 Days) - Direct Plan - Growth,17.2525
2026-09-30,147249,SBI Fixed Maturity Plan (FMP) - Series 6 (3668 Days) - Direct Plan - Income Distribution cum Capital Withdrawal Option (IDCW),17.2528
2026-09-30,147250,SBI Fixed Maturity Plan (FMP) - Series 6 (3668 Days) - Regular Plan - Income Distribution cum Capital Withdrawal Option (IDCW),16.9542
2026-09-30,147265,Kotak Floating Interest Rates Fund -REGULAR PLAN-STANDARD Reinvestment of Income Distribution cum capital withdrawal option,1444.9267
2026-09-30,147266,Kotak Floating Interest Rates Fund -REGULAR PLAN-GROWTH OPTION,1621.2899
2026-09-30,147267,Kotak Floating Interest Rates Fund -DIRECT PLAN-Standard Reinvestment of Income Distribution cum capital withdrawal option,1452.7923
2026-09-30,147269,Kotak Floating Interest Rates Fund - Direct Plan - Growth Option,1667.7366
2026-09-30,147287,HSBC Overnight Fund - Direct Growth,1445.6241
2026-09-30,147288,HSBC Overnight Fund - Regular Weekly IDCW,1000.1781
2026-09-30,147289,HSBC Overnight Fund - Regular Daily IDCW,1000.0149
2026-09-30,147290,HSBC Overnight Fund - Regular Growth,1432.9902
2026-09-30,147291,HSBC Overnight Fund - Direct Daily IDCW,1000.0149
2026-09-30,147296,HSBC Overnight Fund - Direct Weekly IDCW,1000.1622
2026-09-30,147300,HSBC Overnight Fund - Direct Monthly IDCW,1000.6917
2026-09-30,147301,HSBC Overnight Fund - Regular Monthly IDCW,1000.6825
2026-09-30,147303,DSP Quant Fund - Regular Plan - Growth,20.2110
2026-09-30,147304,DSP Quant Fund - Direct Plan - IDCW,16.2850
2026-09-30,147305,DSP Quant Fund - Regular Plan - IDCW,15.3480
2026-09-30,147306,DSP Quant Fund - Direct Plan - Growth,21.3240
2026-09-30,147307,WhiteOak Capital Ultra Short Term Fund- Regular plan-Growth Option,1461.6564
2026-09-30,147308,WhiteOak Capital Ultra Short Term Fund- Regular plan-Daily Reinvestment of Income Distribution cum capital withdrawal option (IDCW),1004.9926
2026-09-30,147309,WhiteOak Capital Ultra Short Term Fund- Regular plan-Fortnightly Payout/ Reinvestment of Income Distribution cum capital withdrawal option (IDCW),1005.5417
2026-09-30,147310,WhiteOak Capital Ultra Short Term Fund- Regular plan-Weekly Payout/ Reinvestment of Income Distribution cum capital withdrawal option (IDCW),1006.6586
2026-09-30,147311,WhiteOak Capital Ultra Short Term Fund- Direct plan-Growth Option,1523.1423
2026-09-30,147312,WhiteOak Capital Ultra Short Term Fund- Direct plan-Monthly Payout/ Reinvestment of Income Distribution cum capital withdrawal option (IDCW),1007.8614
2026-09-30,147313,WhiteOak Capital Ultra Short Term Fund- Direct plan-Weekly Payout/ Reinvestment of Income Distribution cum capital withdrawal option (IDCW),1005.2571
2026-09-30,147314,WhiteOak Capital Ultra Short Term Fund- Regular plan-Monthly Payout/ Reinvestment of Income Distribution cum capital withdrawal option (IDCW),1006.5317
2026-09-30,147315,WhiteOak Capital Ultra Short Term Fund- Direct plan-Fortnightly Payout/ Reinvestment of Income Distribution cum capital withdrawal option (IDCW),1005.6671
2026-09-30,147316,WhiteOak Capital Ultra Short Term Fund- Direct plan-Daily Reinvestment of Income Distribution cum capital withdrawal option (IDCW),1004.9898
2026-09-30,147371,QUANTUM ESG BEST IN CLASS STRATEGY FUND - REGULAR PLAN - GROWTH OPTION,22.08
2026-09-30,147372,QUANTUM ESG BEST IN CLASS STRATEGY FUND - DIRECT PLAN - GROWTH OPTION,23.70
2026-09-30,147373,Baroda BNP Paribas Money Market Fund - Direct Plan - Monthly IDCW,1034.3090
2026-09-30,147376,Baroda BNP Paribas Money Market Fund - Regular Plan - Monthly IDCW,1013.9896
2026-09-30,147377,Baroda BNP Paribas Money Market Fund- Direct Plan - Growth,1516.8058
2026-09-30,147378,Baroda BNP Paribas Money Market Fund - Direct Plan-Daily IDCW,1000.0000
2026-09-30,147379,Baroda BNP Paribas Money Market Fund -Direct Plan - Weekly IDCW,1000.4599
2026-09-30,147380,Baroda BNP Paribas Money Market Fund-Regular Plan- Daily IDCW,1005.9752
2026-09-30,147381,Baroda BNP Paribas Money Market Fund-Regular Plan-Weekly IDCW,1000.6100
2026-09-30,147382,Baroda BNP Paribas Money Market Fund-Regular Plan - Growth,1490.9914
2026-09-30,147403,Shriram Balanced Advantage Fund - Direct- IDCW,18.147
2026-09-30,147404,Shriram Balanced Advantage Fund - Regular-IDCW,16.0285
2026-09-30,147405,Shriram Balanced Advantage Fund - Regular Growth,16.0064
2026-09-30,147406,Shriram Balanced Advantage Fund - Direct Growth,18.3052
2026-09-30,147407,Aditya Birla Sun Life Pharma and Healthcare Fund-Regular-Growth,35.62
2026-09-30,147408,Aditya Birla Sun Life Pharma and Healthcare Fund-Regular - Payout of IDCW,23.52
2026-09-30,147409,Aditya Birla Sun Life Pharma and Healthcare Fund-Direct-Growth,39.72
2026-09-30,147410,Aditya Birla Sun Life Pharma and Healthcare Fund-Direct - Payout of IDCW,25.83
2026-09-30,147441,Motilal Oswal Liquid Fund - Unclaimed Dividend- Upto 3 years,14.6020
2026-09-30,147442,Motilal Oswal Liquid Fund - Unclaimed Dividend - Greater than 3 years,10.0000
2026-09-30,147443,Motilal Oswal Liquid Fund - Unclaimed Redemption - Greater than 3 years,10.0000
2026-09-30,147444,Motilal Oswal Liquid Fund - Unclaimed Redemption - Upto 3 years,14.3113
2026-09-30,147445,Mirae Asset Midcap Fund - Direct Plan - Growth,41.881
2026-09-30,147446,Mahindra Manulife Aggressive Hybrid Fund - Direct Plan -Growth,29.2194
2026-09-30,147447,Mahindra Manulife Aggressive Hybrid Fund - Regular Plan - Growth,25.7588
2026-09-30,147448,Mahindra Manulife Aggressive Hybrid Fund - Direct Plan - Monthly IDCW,19.8643
2026-09-30,147449,Mahindra Manulife Aggressive Hybrid Fund - Regular Plan - Monthly IDCW,16.8609
2026-09-30,147450,Groww Overnight Fund (formerly known as Indiabulls Overnight Fund)- Direct Plan- Growth Option,1422.5851
2026-09-30,147451,Groww Overnight Fund (formerly known as Indiabulls Overnight Fund)- Direct Plan- Weekly - Income Distribution cum capital withdrawal Option (Payout & Reinvestment),1003.4608
2026-09-30,147452,Groww Overnight Fund (formerly known as Indiabulls Overnight Fund)- Direct Plan- Fortnightly - Income Distribution cum capital withdrawal Option (Payout & Reinvestment),1215.5305
2026-09-30,147453,Groww Overnight Fund (formerly known as Indiabulls Overnight Fund)- Direct Plan- Monthly - Income Distribution cum capital withdrawal Option (Payout & Reinvestment),1005.0742
2026-09-30,147454,Groww Overnight Fund (formerly known as Indiabulls Overnight Fund)- Regular Plan- Growth Option,1412.852
2026-09-30,147455,Groww Overnight Fund (formerly known as Indiabulls Overnight Fund)- Regular Plan- - Income Distribution cum capital withdrawal Option ( Reinvestment),1001.0535
2026-09-30,147456,Groww Overnight Fund (formerly known as Indiabulls Overnight Fund)- Regular Plan- Weekly - Income Distribution cum capital withdrawal Option (Payout & Reinvestment),1001.2812
2026-09-30,147457,Groww Overnight Fund (formerly known as Indiabulls Overnight Fund)- Regular Plan- Fortnightly - Income Distribution cum capital withdrawal Option (Payout & Reinvestment),1001.5948
2026-09-30,147458,Groww Overnight Fund (formerly known as Indiabulls Overnight Fund)- Direct Plan- - Income Distribution cum capital withdrawal Option ( Reinvestment),1001.537
2026-09-30,147459,Groww Overnight Fund (formerly known as Indiabulls Overnight Fund)- Regular Plan- Monthly - Income Distribution cum capital withdrawal Option (Payout & Reinvestment),1004.9834
2026-09-30,147472,Kotak Focused Fund- Regular Plan-Income Distribution cum capital withdrawal option,25.976
2026-09-30,147473,Kotak Focused Fund- Direct Plan- Growth option,29.008
2026-09-30,147475,Kotak Focused Fund-Direct Plan- Income Distribution cum capital withdrawal option,29.009
2026-09-30,147477,Kotak Focused Fund- Regular plan _ Growth Option,25.976
2026-09-30,147478,Mirae Asset Midcap Fund - Direct Plan - IDCW,27.523
2026-09-30,147479,Mirae Asset Midcap Fund - Regular Plan - Growth,38.221
2026-09-30,147480,Mirae Asset Midcap Fund - Regular Plan - IDCW,24.961
2026-09-30,147481,Parag Parikh ELSS Tax Saver Fund- Direct Growth,30.6601
2026-09-30,147482,Parag Parikh ELSS Tax Saver Fund- Regular Growth,28.1489
2026-09-30,147483,ICICI Prudential Nifty Bank ETF,56.1738
2026-09-30,147490,Union Focused Fund - Regular Plan - Growth Option,26.51
2026-09-30,147491,Union Focused Fund - Direct Plan - IDCW Option,25.21
2026-09-30,147492,Union Focused Fund - Direct Plan - Growth Option,28.39
2026-09-30,147493,Union Focused Fund - Regular Plan - IDCW Option,23.33
2026-09-30,147494,Baroda BNP Paribas Equity Savings Fund - Regular Plan - Growth,17.0988
2026-09-30,147495,Baroda BNP Paribas Equity Savings Fund - Regular Plan - IDCW,12.7429
2026-09-30,147496,Baroda BNP Paribas Equity Savings Fund - Direct Plan - Growth,18.4950
2026-09-30,147498,Baroda BNP Paribas Equity Savings Fund - Direct Plan - IDCW,13.7829
2026-09-30,147512,LIC MF Overnight Fund-Regular Plan-IDCW,1255.78
2026-09-30,147513,LIC MF Overnight Fund-Direct Plan-IDCW,1432.2193
2026-09-30,147514,LIC MF Overnight Fund-Direct Plan-Weekly IDCW,1111.57
2026-09-30,147515,LIC MF Overnight Fund-Direct Plan-Growth,1432.046
2026-09-30,147516,LIC MF Overnight Fund-Direct Plan-Daily IDCW,1129.6705
2026-09-30,147517,LIC MF Overnight Fund-Regular Plan-Daily IDCW,1128.8101
2026-09-30,147518,LIC MF Overnight Fund-Regular Plan-Weekly IDCW,1179.4645
2026-09-30,147519,LIC MF Overnight Fund-Regular Plan-Growth,1419.9157
2026-09-30,147530,ICICI Prudential Nifty Private Bank ETF,27.0100
2026-09-30,147531,CANARA ROBECO OVERNIGHT FUND - DIRECT PLAN - GROWTH OPTION,1425.9500
2026-09-30,147532,CANARA ROBECO OVERNIGHT FUND - DIRECT PLAN - DAILY IDCW (Reinvestment),1001.0012
2026-09-30,147533,CANARA ROBECO OVERNIGHT FUND - REGULAR PLAN - DAILY IDCW (Reinvestment),1001.0000
2026-09-30,147534,CANARA ROBECO OVERNIGHT FUND - REGULAR PLAN - GROWTH OPTION,1424.2691
2026-09-30,147541,ITI ELSS Tax Saver Fund - Direct Plan - Growth Option,28.1694
2026-09-30,147542,ITI ELSS Tax Saver Fund - Direct Plan - IDCW Option,24.9219
2026-09-30,147543,ITI ELSS Tax Saver Fund - Regular Plan - IDCW Option,21.5146
2026-09-30,147544,ITI ELSS Tax Saver Fund - Regular Plan - Growth Option,24.5815
2026-09-30,147549,Edelweiss Overnight Fund - Regular Plan - Fortnightly - IDCW Option,1095.4621
2026-09-30,147550,Edelweiss Overnight Fund - Direct Plan - Fortnightly - IDCW Option,1372.8378
2026-09-30,147551,Edelweiss Overnight Fund - Direct Plan - Annual - IDCW Option,1358.8387
2026-09-30,147552,Edelweiss Overnight Fund - Regular Plan - Daily - IDCW Option,1008.378
2026-09-30,147553,Edelweiss Overnight Fund - Regular Plan - Weekly - IDCW Option,1016.699
2026-09-30,147554,Edelweiss Overnight Fund - Direct Plan - Monthly - IDCW Option,1058.2439
2026-09-30,147555,Edelweiss Overnight Fund - Regular Plan - Monthly - IDCW Option,1005.1068
2026-09-30,147556,Edelweiss Overnight Fund - Regular Plan - Annual - IDCW Option,1352.7867
2026-09-30,147557,Edelweiss Overnight Fund - Direct Plan - Daily - IDCW Option,1000.2526
2026-09-30,147558,Edelweiss Overnight Fund - Direct Plan - Weekly - IDCW Option,1378.5083
2026-09-30,147563,Mahindra Manulife Overnight Fund - Direct Plan - Daily IDCW,1433.2147
2026-09-30,147564,Mahindra Manulife Overnight Fund - Direct Plan -Growth,1429.6880
2026-09-30,147565,Mahindra Manulife Overnight Fund - Regular Plan - Growth,1419.3309
2026-09-30,147566,Mahindra Manulife Overnight Fund - Regular Plan - Daily IDCW,1258.8017
2026-09-30,147567,Axis Money Market Fund - Direct Plan - Growth Option,1567.1792
2026-09-30,147568,Axis Money Market Fund - Regular Plan - Growth Option,1549.6884
2026-09-30,147569,Edelweiss Overnight Fund - Regular Plan - Growth,1423.4066
2026-09-30,147570,Edelweiss Overnight Fund - Direct Plan - Growth,1429.0056
2026-09-30,147571,Axis Money Market Fund - Direct Plan - Daily IDCW,1005.6131
2026-09-30,147572,Axis Money Market Fund - Direct Plan - Monthly IDCW,1009.7939
2026-09-30,147573,Axis Money Market Fund - Direct Plan - Quarterly IDCW,1204.8664
2026-09-30,147574,Axis Money Market Fund - Regular Plan - Quarterly IDCW,1188.4414
2026-09-30,147575,Axis Money Market Fund - Regular Plan - Annual IDCW,1310.9380
2026-09-30,147576,Axis Money Market Fund - Direct Plan - Annual IDCW,1327.3902
2026-09-30,147577,Axis Money Market Fund - Regular Plan - Daily IDCW,1005.6127
2026-09-30,147578,Axis Money Market Fund - Regular Plan - Monthly IDCW,1006.5239
2026-09-30,147579,Nippon India ETF BSE Sensex Next 50,87.8595
2026-09-30,147600,PGIM India Overnight Fund - Regular Plan- Growth Option,1416.9945
2026-09-30,147605,PGIM India Overnight Fund - Direct Plan - Daily Dividend Option,1000.0087
2026-09-30,147606,PGIM India Overnight Fund - Direct Plan - Growth Option,1423.4559
2026-09-30,147607,PGIM India Overnight Fund - Regular Plan - Weekly Dividend Option,1007.4004
2026-09-30,147608,PGIM India Overnight Fund - Direct Plan - Weekly Dividend Option,1000.7333
2026-09-30,147609,PGIM India Overnight Fund - Regular Plan - Daily Dividend Option,1000
2026-09-30,147614,Tata Nifty Private Bank Exchange Traded Fund,277.1632
2026-09-30,147615,ITI Arbitrage Fund - Direct Plan - IDCW Option,14.6198
2026-09-30,147616,ITI Arbitrage Fund - Regular Plan - IDCW Option,13.8755
2026-09-30,147617,ITI Arbitrage Fund - Direct Plan - Growth Option,14.6198
2026-09-30,147618,ITI Arbitrage Fund - Regular Plan - Growth Option,13.8755
2026-09-30,147619,Motilal Oswal Nifty Bank Index - Regular Plan,19.3276
2026-09-30,147620,Motilal Oswal Nifty Bank Index Fund - Direct Plan,20.3319
2026-09-30,147621,Motilal Oswal Nifty Midcap 150 Index Fund - Regular Plan,37.6926
2026-09-30,147622,Motilal Oswal Nifty Midcap 150 Index Fund - Direct Plan,39.6972
2026-09-30,147623,Motilal Oswal Nifty Smallcap 250 Index Fund- Direct Plan,39.8853
2026-09-30,147624,Motilal Oswal Nifty Smallcap 250 Index - Regular Plan,37.9728
2026-09-30,147625,Motilal Oswal Nifty 500 Index Fund - Direct Plan,25.8154
2026-09-30,147626,Motilal Oswal Nifty 500 Index Fund - Regular Plan,24.6017
2026-09-30,147665,Axis Nifty 100 Index Fund - Regular Plan - Growth Option,20.1971
2026-09-30,147666,Axis Nifty 100 Index Fund - Direct Plan - Growth Option,21.2967
2026-09-30,147667,Axis Nifty 100 Index Fund - Regular Plan - IDCW,19.1567
2026-09-30,147668,Axis Nifty 100 Index Fund - Direct Plan - IDCW,20.2325
2026-09-30,147701,Motilal Oswal Large and Midcap Fund - Regular Plan Growth,36.1253
2026-09-30,147703,Motilal Oswal Large and Midcap Fund Regular - IDCW Payout/Reinvestment,25.6477
2026-09-30,147704,Motilal Oswal Large and Midcap Fund - Direct Plan Growth,39.8738
2026-09-30,147706,Motilal Oswal Large and Midcap Fund Direct - IDCW Payout/Reinvestment,28.1826
2026-09-30,147708,ITI Overnight Fund - Direct Plan - Daily IDCW Option,1001.0000
2026-09-30,147709,ITI Overnight Fund - Regular Plan - Daily IDCW Option,1001.0003
2026-09-30,147711,ITI Overnight Fund - Direct Plan - Weekly IDCW option,1001.1259
2026-09-30,147712,ITI Overnight Fund - Regular Plan - Weekly IDCW Option,1001.1274
2026-09-30,147713,ITI Overnight Fund - Direct Plan - Growth Option,1396.3278
2026-09-30,147714,ITI Overnight Fund - Regular Plan - Growth Option,1386.7020
2026-09-30,147716,ITI Overnight Fund - Regular Plan - Fortnightly IDCW Option,1001.5432
2026-09-30,147717,ITI Overnight Fund - Direct Plan - Monthly IDCW Option,1001.5214
2026-09-30,147718,ITI Overnight Fund - Regular Plan - Monthly IDCW Option,1001.5134
2026-09-30,147729,Mahindra Manulife Ultra Short Duration Fund - Regular Plan - Daily IDCW,1114.7132
2026-09-30,147730,Mahindra Manulife Ultra Short Duration Fund - Regular Plan - Weekly IDCW,1001.0032
2026-09-30,147731,Mahindra Manulife Ultra Short Duration Fund - Direct Plan -Growth,1527.1626
2026-09-30,147732,Mahindra Manulife Ultra Short Duration Fund - Direct Plan - Weekly IDCW,1001.0687
2026-09-30,147733,Mahindra Manulife Ultra Short Duration Fund - Direct Plan - Daily IDCW,1269.6569
2026-09-30,147734,Mahindra Manulife Ultra Short Duration Fund - Regular Plan - Growth,1483.1787
2026-09-30,147735,Aditya Birla Sun Life Nifty Bank ETF,56.0830
2026-09-30,147736,Mirae Asset Overnight Fund - Direct Plan - Growth,1416.7739
2026-09-30,147737,Mirae Asset Overnight Fund - Direct Plan - Daily IDCW,1000.0242
2026-09-30,147738,Mirae Asset Overnight Fund - Direct Plan - Monthly IDCW,1000.8310
2026-09-30,147739,Mirae Asset Overnight Fund - Regular Plan - Growth,1407.8712
2026-09-30,147740,Mirae Asset Overnight Fund - Direct Plan - Weekly IDCW,1000.0024
2026-09-30,147741,Mirae Asset Overnight Fund - Regular Plan - Weekly IDCW,1000.0000
2026-09-30,147742,Mirae Asset Overnight Fund - Regular Plan - Monthly IDCW,1000.8308
2026-09-30,147743,Mirae Asset Overnight Fund - Regular Plan - Daily IDCW,1000.0067
2026-09-30,147748,Union Large & Midcap Fund - Regular Plan - Growth Option,26.27
2026-09-30,147749,Union Large & Midcap Fund - Regular Plan - IDCW Option,26.27
2026-09-30,147750,Union Large & Midcap Fund - Direct Plan - Growth Option,28.58
2026-09-30,147751,Union Large & Midcap Fund - Direct Plan - IDCW Option,28.58
2026-09-30,147756,TATA Focused Fund Regular Plan - Reinvestment of Income Distribution cum capital withdrawal option,20.5644
2026-09-30,147757,Tata Focused Fund-Direct Plan-Growth,23.9561
2026-09-30,147758,TATA Focused Fund Direct Plan - Reinvestment of Income Distribution cum capital withdrawal option,23.0730
2026-09-30,147759,TATA Focused Fund Direct Plan - Payout of Income Distribution cum capital withdrawal option,23.0730
2026-09-30,147760,Tata Focused Fund-Regular Plan-Growth,21.4436
2026-09-30,147761,TATA Focused Fund Regular Plan - Payout of Income Distribution cum capital withdrawal option,20.5644
2026-09-30,147766,LIC MF Ultra Short Term Fund-Regular Plan-Daily IDCW,1093.4116
2026-09-30,147767,LIC MF Ultra Short Term Fund-Regular Plan-Weekly IDCW,1030.2403
2026-09-30,147768,LIC MF Ultra Short Term Fund-Regular Plan-Monthly IDCW,1417.9825
2026-09-30,147769,LIC MF Ultra Short Term Fund-Direct Plan-Weekly IDCW,1101.9618
2026-09-30,147770,LIC MF Ultra Short Term Fund-Regular Plan-Growth,1418.1682
2026-09-30,147771,LIC MF Ultra Short Term Fund-Direct Plan-Daily IDCW,1102.1326
2026-09-30,147772,LIC MF Ultra Short Term Fund-Direct Plan-Growth,1464.871
2026-09-30,147773,LIC MF Ultra Short Term Fund-Direct Plan-Monthly IDCW,1464.179
2026-09-30,147786,ITI Balanced Advantage Fund - Regular Plan - IDCW Option,11.8149
2026-09-30,147787,ITI Balanced Advantage Fund - Regular Plan - Growth Option,14.1128
2026-09-30,147788,ITI Balanced Advantage Fund - Direct Plan - IDCW Option,13.7028
2026-09-30,147789,ITI Balanced Advantage Fund - Direct Plan - Growth Option,16.0724
2026-09-30,147794,Motilal Oswal Nifty 50 Index Fund - Direct plan - Growth,19.7541
2026-09-30,147795,Motilal Oswal Nifty 50 Index Fund - Regular plan - Growth,19.2120
2026-09-30,147796,Motilal Oswal Nifty Next 50 Index Fund - Direct plan - Growth,25.0856
2026-09-30,147797,Motilal Oswal Nifty Next 50 Index Fund - Regular plan - Growth,23.9423
2026-09-30,147822,Axis Retirement Fund - Aggressive Plan - Direct Plan - IDCW,18.01
2026-09-30,147823,Axis Retirement Fund - Aggressive Plan - Regular Growth,17.70
2026-09-30,147824,Axis Retirement Fund - Aggressive Plan - Regular Plan - IDCW,16.32
2026-09-30,147825,Axis Retirement Fund - Aggressive Plan - Direct Growth,19.58
2026-09-30,147826,Axis Retirement Fund - Dynamic Plan - Direct Growth,20.98
2026-09-30,147827,Axis Retirement Fund - Dynamic Plan - Direct Plan - IDCW,19.13
2026-09-30,147828,Axis Retirement Fund - Dynamic Plan - Regular Growth,18.89
2026-09-30,147829,Axis Retirement Fund - Dynamic Plan - Regular Plan - IDCW,17.41
2026-09-30,147830,Axis Retirement Fund - Conservative Plan - Direct Growth,17.1321
2026-09-30,147831,Axis Retirement Fund - Conservative Plan - Direct Plan - IDCW,15.6106
2026-09-30,147832,Axis Retirement Fund - Conservative Plan - Regular Growth,15.4992
2026-09-30,147833,Axis Retirement Fund - Conservative Plan - Regular Plan - IDCW,14.2824
2026-09-30,147834,JM Overnight Fund (Regular) - Weekly IDCW,1000.1222
2026-09-30,147835,JM Overnight Fund (Direct) - Weekly IDCW,1000.1273
2026-09-30,147836,JM Overnight Fund (Regular) - Growth,1392.2491
2026-09-30,147837,JM Overnight Fund - (Direct) - Growth,1398.8965
2026-09-30,147838,JM Overnight Fund (Direct) - Daily IDCW,1000
2026-09-30,147839,JM Overnight Fund (Regular) - Daily IDCW,1000
2026-09-30,147840,Mahindra Manulife Large & Mid Cap Fund - Direct Plan -Growth,30.1294
2026-09-30,147841,Mahindra Manulife Large & Mid Cap Fund - Direct Plan - IDCW,21.8239
2026-09-30,147842,Mahindra Manulife Large & Mid Cap Fund - Regular Plan - IDCW,18.9216
2026-09-30,147843,Mahindra Manulife Large & Mid Cap Fund - Regular Plan - Growth,26.8774
2026-09-30,147844,Aditya Birla Sun Life PSU Equity Fund-Direct Plan-Growth,38.13
2026-09-30,147845,Aditya Birla Sun Life PSU Equity Fund-Direct - Payout of IDCW,28.96
2026-09-30,147846,Aditya Birla Sun Life PSU Equity Fund-Regular Plan-Growth,34.40
2026-09-30,147847,Aditya Birla Sun Life PSU Equity Fund-Regular - Payout of IDCW,24.67
2026-09-30,147849,Bharat Bond ETF - April 2030,1609.2407
2026-09-30,147878,Invesco India Overnight Fund - Regular Plan - Growth,1390.5623
2026-09-30,147879,Invesco India Overnight Fund - Regular Plan - Monthly IDCW (Payout / Reinvestment),1001.1221
2026-09-30,147880,Invesco India Overnight Fund - Regular Plan - Daily IDCW (Reinvestment),1000.1395
2026-09-30,147881,Invesco India Overnight Fund - Regular Plan - Weekly IDCW (Reinvestment),1000.572
2026-09-30,147883,Invesco India Overnight Fund - Direct Plan - Growth,1395.8442
2026-09-30,147884,Invesco India Overnight Fund - Direct Plan - Daily IDCW (Reinvestment),1000.5303
2026-09-30,147886,Invesco India Overnight Fund - Direct Plan - Monthly IDCW (Payout / Reinvestment),1000.1824
2026-09-30,147906,Mirae Asset Nifty Next 50 ETF,720.8670
2026-09-30,147907,HSBC Ultra Short Term Fund - Regular Growth,1463.1008
2026-09-30,147908,HSBC Ultra Short Term Fund - Direct Growth,1486.2471
2026-09-30,147909,HSBC Ultra Short Term Fund - Regular Daily IDCW,1031.7278
2026-09-30,147910,HSBC Ultra Short Term Fund - Direct Daily IDCW,1079.9409
2026-09-30,147911,HSBC Ultra Short Term Fund - Regular Weekly IDCW,1041.8086
2026-09-30,147912,HSBC Ultra Short Term Fund - Direct Weekly IDCW,1007.7025
2026-09-30,147915,HSBC Ultra Short Term Fund - Direct Monthly IDCW,1012.3764
2026-09-30,147916,HSBC Ultra Short Term Fund - Regular Monthly IDCW,1027.9647
2026-09-30,147917,ITI Small Cap Fund - Direct Plan - IDCW Option,35.8686
2026-09-30,147918,ITI Small Cap Fund - Regular Plan - IDCW Option,31.5797
2026-09-30,147919,ITI Small Cap Fund - Direct Plan - Growth Option,37.8367
2026-09-30,147920,ITI Small Cap Fund - Regular Plan - Growth Option,33.4947
2026-09-30,147921,ICICI Prudential Nifty Midcap 150 ETF,22.6208
2026-09-30,147928,Axis ESG Integration Strategy Fund - Direct Plan - Growth Option,21.62
2026-09-30,147929,Axis ESG Integration Strategy Fund - Regular Plan - Growth Option,19.93
2026-09-30,147930,Axis ESG Integration Strategy Fund - Regular Plan - IDCW,13.02
2026-09-30,147931,Axis ESG Integration Strategy Fund - Direct Plan - IDCW,14.14
2026-09-30,147936,BANK OF INDIA Overnight Fund Regular Plan Growth,1401.3058
2026-09-30,147943,BANDHAN SMALL CAP FUND - DIRECT PLAN IDCW,39.445
2026-09-30,147944,BANDHAN SMALL CAP FUND - REGULAR PLAN GROWTH,51.200
2026-09-30,147945,BANDHAN SMALL CAP FUND - REGULAR PLAN IDCW,35.641
2026-09-30,147946,BANDHAN SMALL CAP FUND - DIRECT PLAN GROWTH,56.676
2026-09-30,147948,BANK OF INDIA Overnight Fund Direct Plan- Monthly IDCW,1000.2779
2026-09-30,147949,BANK OF INDIA Overnight Fund Regular Plan- Monthly IDCW,1000.2797
2026-09-30,147950,BANK OF INDIA Overnight Fund Direct Plan- Weekly IDCW,1000.2779
2026-09-30,147951,BANK OF INDIA Overnight Fund Direct Plan Growth,1405.5095
2026-09-30,147952,BANK OF INDIA Overnight Fund Direct Plan- Daily IDCW,1000.0000
2026-09-30,147953,BANK OF INDIA Overnight Fund Regular Plan- Daily IDCW,1000.0000
2026-09-30,148071,Union Midcap Fund - Regular Plan - Growth Option,50.30
2026-09-30,148072,Union Midcap Fund - Regular Plan - IDCW Option,50.30
2026-09-30,148073,Union Midcap Fund - Direct Plan - Growth Option,54.99
2026-09-30,148074,Union Midcap Fund - Direct Plan - IDCW Option,54.99
2026-09-30,148157,PGIM India Money Market Fund - Regular Plan - Monthly Dividend Option,1039.1561
2026-09-30,148158,PGIM India Money Market Fund - Regular Plan - Weekly Dividend Option,1002.0816
2026-09-30,148159,PGIM India Money Market Fund - Regular Plan - Growth Option,1431.3578
2026-09-30,148160,PGIM India Money Market Fund - Regular Plan - Daily Dividend Option,1009.0935
2026-09-30,148161,PGIM India Money Market Fund - Direct Plan - Growth Option,1479.0762
2026-09-30,148162,PGIM India Money Market Fund - Direct Plan - Daily Dividend Option,1010.4294
2026-09-30,148163,PGIM India Money Market Fund - Direct Plan - Monthly Dividend Option,1049.762
2026-09-30,148164,PGIM India Money Market Fund - Direct Plan - Weekly Dividend Option,1001.988
2026-09-30,148173,UTI Nifty Bank ETF,56.5871
2026-09-30,148351,ITI Large Cap Fund - Regular Plan - Growth Option,16.9337
2026-09-30,148352,ITI Large Cap Fund - Direct Plan - IDCW Option,18.0287
2026-09-30,148353,ITI Large Cap Fund - Direct Plan - Growth Option,18.9961
2026-09-30,148354,ITI Large Cap Fund - Regular Plan - IDCW Option,15.9770
2026-09-30,148387,SBI Fixed Maturity Plan (FMP) - Series 34 (3682 Days) - Direct Plan - Growth,14.8720
2026-09-30,148388,SBI Fixed Maturity Plan (FMP) - Series 34 (3682 Days) - Direct Plan - Income Distribution cum Capital Withdrawal Option (IDCW),14.8720
2026-09-30,148389,SBI Fixed Maturity Plan (FMP) - Series 34 (3682 Days) - Regular Plan - Growth,14.6601
2026-09-30,148390,SBI Fixed Maturity Plan (FMP) - Series 34 (3682 Days) - Regular Plan - Income Distribution cum Capital Withdrawal Option (IDCW),14.6602
2026-09-30,148397,IL&FS Infrastructure Debt Fund Series 2A - Growth - Direct,2004851.5347
2026-09-30,148398,IL&FS Infrastructure Debt Fund Series 2B - Growth - Direct,2540201.9508
2026-09-30,148399,IL&FS Infrastructure Debt Fund Series 2C - Growth - Direct,2512755.614
2026-09-30,148400,Mirae Asset Arbitrage Fund - Regular Plan - Growth,13.955
2026-09-30,148401,Mirae Asset Arbitrage Fund - Direct Plan - Growth,14.621
2026-09-30,148402,Mirae Asset Arbitrage Fund - Direct Plan - IDCW,14.601
2026-09-30,148403,Mirae Asset Arbitrage Fund - Regular Plan - IDCW,13.954
2026-09-30,148404,BANK OF INDIA Flexi Cap Fund Direct Plan -Growth,41.70
2026-09-30,148405,BANK OF INDIA Flexi Cap Fund Regular Plan -Growth,37.87
2026-09-30,148406,BANK OF INDIA Flexi Cap Fund Direct Plan -IDCW,35.64
2026-09-30,148407,BANK OF INDIA Flexi Cap Fund Regular Plan -IDCW,34.41
2026-09-30,148408,Nippon India ETF Nifty IT,30.7943
2026-09-30,148409,HSBC Focused Fund - Regular Growth,26.4303
2026-09-30,148410,HSBC Focused Fund - Regular IDCW,17.0723
2026-09-30,148411,HSBC Focused Fund - Direct Growth,28.7489
2026-09-30,148412,HSBC Focused Fund - Direct IDCW,21.3307
2026-09-30,148413,JM Liquid Fund - Unclaimed Brokerage I.E.F. (Direct) - Growth Plan,41.4437
2026-09-30,148414,JM Liquid Fund - Unclaimed Application Refund Amount I.E.F. (Direct) - Growth Plan,41.4437
2026-09-30,148416,Mirae Asset Banking and PSU Debt Fund - Regular Plan - Growth,13.6477
2026-09-30,148417,Mirae Asset Banking and PSU Debt Fund - Direct Plan - IDCW,14.0251
2026-09-30,148418,Mirae Asset Banking and PSU Debt Fund - Regular Plan - IDCW,13.6489
2026-09-30,148419,Mirae Asset Banking and PSU Debt Fund - Direct Plan - Growth,14.0323
2026-09-30,148445,BHARAT Bond ETF- April 2031,1430.9736
2026-09-30,148456,ICICI Prudential Nifty Alpha Low- Volatility 30 ETF,26.1233
2026-09-30,148461,HDFC NIFTY Bank ETF - GROWTH,56.3125
2026-09-30,148466,ICICI Prudential Nifty IT ETF,30.8173
2026-09-30,148467,Mahindra Manulife Arbitrage Fund - Regular Plan - Growth,13.1505
2026-09-30,148468,Mahindra Manulife Arbitrage Fund - Direct Plan -Growth,13.8199
2026-09-30,148469,Mahindra Manulife Arbitrage Fund - Regular Plan - IDCW,12.5453
2026-09-30,148470,Mahindra Manulife Arbitrage Fund - Direct Plan - IDCW,13.2139
2026-09-30,148471,Baroda BNP Paribas Large and Mid Cap Fund-Regular Plan-Growth Option,26.3885
2026-09-30,148472,Baroda BNP Paribas Large and Mid Cap Fund-Regular plan-IDCW Option,17.4041
2026-09-30,148474,Baroda BNP Paribas Large and Mid Cap Fund- Direct Plan -Growth Option,28.7836
2026-09-30,148475,Baroda BNP Paribas Large and Mid Cap Fund-Direct Plan-IDCW Option,20.1843
2026-09-30,148481,Invesco India Focused Fund - Direct Plan - Growth,30.97
2026-09-30,148482,Invesco India Focused Fund - Direct Plan - IDCW (Payout / Reinvestment),22.78
2026-09-30,148483,Invesco India Focused Fund - Regular Plan - Growth,28.35
2026-09-30,148484,Invesco India Focused Fund - Regular Plan - IDCW (Payout / Reinvestment),20.4
2026-09-30,148500,Mirae Asset Diversified Equity Allocator Passive FOF - Direct Plan - Growth,23.879
2026-09-30,148501,Mirae Asset Diversified Equity Allocator Passive FOF - Direct Plan - IDCW,23.897
2026-09-30,148502,Mirae Asset Diversified Equity Allocator Passive FOF - Regular Plan - Growth,23.773
2026-09-30,148503,Mirae Asset Diversified Equity Allocator Passive FOF - Regular Plan - IDCW,23.775
2026-09-30,148504,Sundaram Large Cap Fund(Formerly Known as Sundaram Blue Chip Fund) Regular Plan - Growth,19.8795
2026-09-30,148505,Sundaram Large Cap Fund (Formerly Known as Sundaram Blue Chip Fund)  Regular Plan - Payout of Income Distribution cum Capital Withdrawal (IDCW),14.4108
2026-09-30,148506,Sundaram Large Cap Fund (Formerly Known as Sundaram Blue Chip Fund) Regular Plan - Reinvestment of Income Distribution cum Capital Withdrawal (IDCW),14.4108
2026-09-30,148507,Sundaram Large Cap Fund (Formerly Known as Sundaram Blue Chip Fund)Direct Plan - Growth,21.6641
2026-09-30,148508,Sundaram Large Cap Fund (Formerly Known as Sundaram Blue Chip Fund) Direct Plan - Payout of Income Distribution cum Capital Withdrawal (IDCW),15.7295
2026-09-30,148509,Sundaram Large Cap Fund (Formerly Known as Sundaram Blue Chip  Fund)  Direct Plan - Reinvestment of Income Distribution cum Capital Withdrawal (IDCW),15.7295
2026-09-30,148514,ICICI Prudential ESG Exclusionary Strategy Fund - IDCW,13.91
2026-09-30,148515,ICICI Prudential ESG Exclusionary Strategy Fund - Direct Plan - IDCW,15.36
2026-09-30,148516,ICICI Prudential ESG Exclusionary Strategy Fund - Direct Plan - Growth,22.09
2026-09-30,148517,ICICI Prudential ESG Exclusionary Strategy Fund - Growth,20.46
2026-09-30,148518,Nippon India Nifty Smallcap 250 Index Fund - Regular Plan - Growth Option,33.9030
2026-09-30,148519,Nippon India Nifty Smallcap 250 Index Fund - Direct Plan - Growth Option,35.2782
2026-09-30,148520,NIPPON INDIA NIFTY SMALLCAP 250 INDEX FUND - IDCW Option,33.9030
2026-09-30,148521,NIPPON INDIA NIFTY SMALLCAP 250 INDEX FUND - DIRECT Plan - IDCW Option,35.2782
2026-09-30,148529,Mirae Asset Ultra Short-Term Fund - Direct Plan - Growth,1434.5994
2026-09-30,148530,Mirae Asset Ultra Short-Term Fund - Regular Plan - Growth,1414.7181
2026-09-30,148531,Mirae Asset Ultra Short-Term Fund - Regular Plan - IDCW,1414.1591
2026-09-30,148532,Mirae Asset Ultra Short-Term Fund - Direct Plan - IDCW,1434.1328
2026-09-30,148533,ITI Banking & PSU Debt Fund - Regular Plan - IDCW Option,13.7770
2026-09-30,148534,ITI Banking & PSU Debt Fund - Direct Plan - Growth Option,14.2315
2026-09-30,148535,ITI Banking & PSU Debt Fund - Regular Plan - Growth Option,13.7758
2026-09-30,148536,ITI Banking & PSU Debt Fund - Direct Plan - IDCW Option,14.2299
2026-09-30,148537,Aditya Birla Sun Life Special Opportunities Fund-Regular Plan-Growth,27.98
2026-09-30,148538,Aditya Birla Sun Life Special Opportunities Fund-Regular - IDCW,21.73
2026-09-30,148539,Aditya Birla Sun Life Special Opportunities Fund-Direct-Growth,30.35
2026-09-30,148540,Aditya Birla Sun Life Special Opportunities Fund-Direct - IDCW,23.57
2026-09-30,148541,SBI Nifty Private Bank ETF,273.1190
2026-09-30,148542,SBI Nifty IT ETF,307.3294
2026-09-30,148543,SBI Floating Interest Rates Fund - Regular Plan - Growth,14.3331
2026-09-30,148544,SBI Floating Interest Rates Fund - Regular Plan - Monthly Income Distribution cum Capital Withdrawal Option (IDCW),14.3368
2026-09-30,148546,SBI Floating Interest Rates Fund - Regular Plan - Quarterly Income Distribution cum Capital Withdrawal Option (IDCW),14.3341
2026-09-30,148549,SBI Floating Interest Rates Fund - Direct Plan - Quarterly Income Distribution cum Capital Withdrawal Option (IDCW),14.4924
2026-09-30,148550,SBI Floating Interest Rates Fund - Direct Plan - Growth,14.4919
2026-09-30,148551,SBI Floating Interest Rates Fund - Direct Plan - Monthly Income Distribution cum Capital Withdrawal Option (IDCW),14.4910
2026-09-30,148559,Axis NIFTY Bank ETF,563.9967
2026-09-30,148560,quant ESG Integration Strategy Fund - Growth Option - Regular Plan,37.8611
2026-09-30,148561,quant ESG Integration Strategy Fund - IDCW Option - Regular Plan,37.6772
2026-09-30,148563,quant ESG Integration Strategy Fund - IDCW Option - Direct Plan,41.419
2026-09-30,148564,quant ESG Integration Strategy Fund - Growth Option - Direct Plan,41.4723
2026-09-30,148566,Mahindra Manulife Focused Fund - Regular Plan - IDCW,16.6637
2026-09-30,148567,Mahindra Manulife Focused Fund - Direct Plan -Growth,27.9212
2026-09-30,148569,Mahindra Manulife Focused Fund - Direct Plan - IDCW,19.0007
2026-09-30,148571,Mahindra Manulife Focused Fund - Regular Plan - Growth,25.1003
2026-09-30,148572,Mirae Asset Nifty 100 ESG Sector Leaders ETF,38.7824
2026-09-30,148573,Mirae Asset Nifty 100 ESG Sector Leaders Fund of Fund - Regular Plan - IDCW,16.787
2026-09-30,148574,Mirae Asset Nifty 100 ESG Sector Leaders Fund of Fund - Direct Plan - Growth,17.177
2026-09-30,148575,Mirae Asset Nifty 100 ESG Sector Leaders Fund of Fund - Direct Plan - IDCW,17.173
2026-09-30,148576,Mirae Asset Nifty 100 ESG Sector Leaders Fund of Fund - Regular Plan - Growth,16.821
2026-09-30,148590,Union Aggressive Hybrid Fund - Regular Plan - IDCW Option,16.30
2026-09-30,148591,Union Aggressive Hybrid Fund - Regular Plan - Growth Option,18.07
2026-09-30,148592,Union Aggressive Hybrid Fund - Direct Plan - Growth Option,19.30
2026-09-30,148593,Union Aggressive Hybrid Fund - Direct Plan - IDCW Option,17.52
2026-09-30,148598,ICICI Prudential Quant Fund Growth,22.15
2026-09-30,148599,ICICI Prudential Quant Fund IDCW,14.17
2026-09-30,148600,ICICI Prudential Quant Fund Direct Plan Growth,23.01
2026-09-30,148601,ICICI Prudential Quant Fund Direct Plan IDCW,14.88
2026-09-30,148602,Kotak ESG Exclusionary Strategy Fund - Regular Plan - Growth Option,15.9
2026-09-30,148603,Kotak ESG Exclusionary Strategy Fund - Regular Plan - Payout of Income Distribution cum capital withdrawal option,15.9
2026-09-30,148605,Kotak ESG Exclusionary Strategy Fund - Direct Plan - Payout of Income Distribution cum capital withdrawal option,17.424
2026-09-30,148606,Kotak ESG Exclusionary Strategy Fund - Direct Plan - Growth Option,17.426
2026-09-30,148608,HDFC Dividend Yield Fund - IDCW Option Direct Plan,20.936
2026-09-30,148609,HDFC Dividend Yield Fund - Growth Option Direct Plan,25.837
2026-09-30,148610,HDFC Dividend Yield Fund - Growth Plan,23.891
2026-09-30,148611,HDFC Dividend Yield Fund - IDCW Plan,19.039
2026-09-30,148612,Invesco India - Invesco Global Consumer Trends Fund of Fund - Regular Plan - IDCW (Payout / Reinvestment),12.3868
2026-09-30,148613,Invesco India - Invesco Global Consumer Trends Fund of Fund - Regular Plan - Growth,12.387
2026-09-30,148614,Invesco India - Invesco Global Consumer Trends Fund of Fund - Direct Plan - Growth,13.1103
2026-09-30,148615,Invesco India - Invesco Global Consumer Trends Fund of Fund - Direct Plan - IDCW (Payout / Reinvestment),13.1094
2026-09-30,148616,UTI Small Cap Fund - Regular Plan - IDCW (Payout),26.6243
2026-09-30,148617,UTI Small Cap Fund - Regular Plan - Growth Option,26.6245
2026-09-30,148618,UTI Small Cap Fund - Direct Plan - Growth Option,29.0344
2026-09-30,148619,UTI Small Cap Fund - Direct Plan - IDCW (Payout),29.0343
2026-09-30,148620,Motilal Oswal Nifty 5 year Benchmark G-sec ETF,64.8545
2026-09-30,148621,Mirae Asset Banking and Financial Services Fund - Regular Plan - Growth,20.329
2026-09-30,148622,Mirae Asset Banking and Financial Services Fund - Regular Plan - IDCW,20.355
2026-09-30,148623,Mirae Asset Banking and Financial Services Fund - Direct Plan - Growth,22.236
2026-09-30,148624,Mirae Asset Banking and Financial Services Fund - Direct Plan - IDCW,22.139
2026-09-30,148635,Aditya Birla Sun Life ESG Integration Strategy Fund-Regular Plan-Growth,17.17
2026-09-30,148636,Aditya Birla Sun Life ESG Integration Strategy Fund-Regular - Payout of IDCW,13.94
2026-09-30,148637,Aditya Birla Sun Life ESG Integration Strategy Fund-Direct Plan-Growth,18.58
2026-09-30,148640,Aditya Birla Sun Life ESG Integration Strategy Fund-Direct - Payout of IDCW,15.09
2026-09-30,148641,Nippon India Diversified Equity Flexicap Passive FoF - Regular Plan - Growth Option,19.8414
2026-09-30,148642,Nippon India Diversified Equity Flexicap Passive FoF - Direct Plan - Growth Option,20.3658
2026-09-30,148643,Nippon India Diversified Equity Flexicap Passive FoF - IDCW Option,19.8414
2026-09-30,148644,Nippon India Diversified Equity Flexicap Passive FoF- DIRECT Plan - IDCW Option,20.3658
2026-09-30,148657,PGIM India Balanced Advantage Fund - Regular Plan - Growth Option,14.45
2026-09-30,148658,PGIM India Balanced Advantage Fund -  Direct Plan - Growth Option,15.93
2026-09-30,148659,PGIM India Balanced Advantage Fund - Direct Plan - Dividend Option,10.5
2026-09-30,148660,PGIM India Balanced Advantage Fund - Regular Plan - Dividend Option,10.29
2026-09-30,148663,Nippon India Multi - Asset Omni FoF - Regular Plan - Growth Option,23.0899
2026-09-30,148664,Nippon India Multi - Asset Omni FoF - DIRECT Plan - IDCW Option,24.4145
2026-09-30,148665,Nippon India Multi - Asset Omni FoF - IDCW Option,23.0899
2026-09-30,148666,Nippon India Multi - Asset Omni FoF - Direct Plan - Growth Option,24.4145
2026-09-30,148683,SBI Retirement Benefit Fund - Aggressive Plan - Direct Plan - Growth,20.9705
2026-09-30,148684,SBI Retirement Benefit Fund - Aggressive Hybrid Plan - Regular Plan - Income Distribution cum Capital Withdrawal Option (IDCW),19.0337
2026-09-30,148685,SBI Retirement Benefit Fund - Aggressive Hybrid Plan - Direct Plan - Growth,20.2932
2026-09-30,148686,SBI Retirement Benefit Fund - Aggressive Hybrid Plan - Direct Plan - Income Distribution cum Capital Withdrawal Option (IDCW),20.2953
2026-09-30,148687,SBI Retirement Benefit Fund - Conservative Plan - Regular Plan - Income Distribution cum Capital Withdrawal Option (IDCW),14.5226
2026-09-30,148688,SBI Retirement Benefit Fund - Conservative Plan - Direct Plan - Growth,14.9299
2026-09-30,148689,SBI Retirement Benefit Fund - Conservative Plan - Direct Plan - Income Distribution cum Capital Withdrawal Option (IDCW),14.9277
2026-09-30,148690,SBI Retirement Benefit Fund - Conservative Hybrid Plan - Direct Plan - Growth,16.1566
2026-09-30,148691,SBI Retirement Benefit Fund - Aggressive Plan - Regular Plan - Income Distribution cum Capital Withdrawal Option (IDCW),19.5615
2026-09-30,148692,SBI Retirement Benefit Fund - Conservative Hybrid Plan - Regular Plan - Growth,15.6272
2026-09-30,148693,SBI Retirement Benefit Fund - Conservative Hybrid Plan - Direct Plan - Income Distribution cum Capital Withdrawal Option (IDCW),16.1545
2026-09-30,148694,SBI Retirement Benefit Fund - Aggressive Plan - Direct Plan - Income Distribution cum Capital Withdrawal Option (IDCW),20.9593
2026-09-30,148695,SBI Retirement Benefit Fund - Aggressive Hybrid Plan - Regular Plan - Growth,19.0342
2026-09-30,148696,SBI Retirement Benefit Fund - Conservative Plan - Regular Plan - Growth,14.5228
2026-09-30,148697,SBI Retirement Benefit Fund - Conservative Hybrid Plan - Regular Plan - Income Distribution cum Capital Withdrawal Option (IDCW),15.6289
2026-09-30,148698,SBI Retirement Benefit Fund - Aggressive Plan - Regular Plan - Growth,19.5610
2026-09-30,148703,UTI Nifty 200 Momentum 30 Index Fund - Direct Plan - Growth Option,20.4875
2026-09-30,148704,UTI Nifty 200 Momentum 30 Index Fund - Regular Plan - Growth Option,19.9381
2026-09-30,148705,BANDHAN FLOATING INTEREST RATES FUND  - REGULAR PLAN GROWTH,13.8489
2026-09-30,148706,BANDHAN FLOATING INTEREST RATES FUND  - REGULAR PLAN QUARTERLY IDCW,10.4090
2026-09-30,148707,BANDHAN FLOATING INTEREST RATES FUND  - REGULAR PLAN MONTHLY IDCW,10.1305
2026-09-30,148708,BANDHAN FLOATING INTEREST RATES FUND  - REGULAR PLAN WEEKLY IDCW,10.1240
2026-09-30,148709,BANDHAN FLOATING INTEREST RATES FUND  - REGULAR PLAN PERIODIC IDCW,13.8505
2026-09-30,148710,BANDHAN FLOATING INTEREST RATES FUND  - REGULAR PLAN DAILY IDCW,10.1199
2026-09-30,148711,BANDHAN FLOATING INTEREST RATES FUND  - DIRECT PLAN GROWTH,14.2583
2026-09-30,148712,BANDHAN FLOATING INTEREST RATES FUND  - DIRECT PLAN QUARTERLY IDCW,10.4428
2026-09-30,148713,BANDHAN FLOATING INTEREST RATES FUND  - DIRECT PLAN MONTHLY IDCW,10.1310
2026-09-30,148714,BANDHAN FLOATING INTEREST RATES FUND  - DIRECT PLAN DAILY IDCW,10.1210
2026-09-30,148715,BANDHAN FLOATING INTEREST RATES FUND  - DIRECT PLAN PERIODIC IDCW,13.9443
2026-09-30,148716,BANDHAN FLOATING INTEREST RATES FUND  - DIRECT PLAN WEEKLY IDCW,10.1261
2026-09-30,148717,BANDHAN FLOATING INTEREST RATES FUND- DIRECT PLAN ANNUAL IDCW,10.5383
2026-09-30,148718,BANDHAN FLOATING INTEREST RATES FUND  - REGULAR PLAN ANNUAL IDCW,10.4931
2026-09-30,148719,Nippon India Nifty 50 Value 20 Index Fund - Regular Plan - Growth Option,16.1158
2026-09-30,148720,NIPPON INDIA NIFTY 50 VALUE 20 INDEX FUND - IDCW Option,16.1158
2026-09-30,148721,Nippon India Nifty 50 Value 20 Index Fund - Direct Plan - Growth Option,16.6274
2026-09-30,148722,NIPPON INDIA NIFTY 50 VALUE 20 INDEX FUND - DIRECT Plan - IDCW Option,16.6274
2026-09-30,148723,Nippon India Nifty Midcap 150 Index Fund - Regular Plan - Growth Option,24.5889
2026-09-30,148724,NIPPON INDIA NIFTY MIDCAP 150 INDEX FUND - IDCW Option,24.5889
2026-09-30,148725,NIPPON INDIA NIFTY MIDCAP 150 INDEX FUND - DIRECT Plan - IDCW Option,25.3403
2026-09-30,148726,Nippon India Nifty Midcap 150 Index Fund - Direct Plan - Growth Option,25.3403
2026-09-30,148727,Mahindra Manulife Short Duration Fund - Regular Plan - Growth,13.5418
2026-09-30,148728,Mahindra Manulife Short Duration Fund - Regular Plan - IDCW,11.5074
2026-09-30,148729,Mahindra Manulife Short Duration Fund - Direct Plan -Growth,14.2882
2026-09-30,148730,Mahindra Manulife Short Duration Fund - Direct Plan - IDCW,12.2140
2026-09-30,148731,ITI Mid Cap Fund - Direct Plan - IDCW Option,22.7157
2026-09-30,148732,ITI Mid Cap Fund - Regular Plan - Growth Option,22.2564
2026-09-30,148733,ITI Mid Cap Fund - Direct Plan - Growth Option,24.7754
2026-09-30,148734,ITI Mid Cap Fund - Regular Plan - IDCW Option,20.2505
2026-09-30,148743,Kotak Nifty Next 50 Index Fund - Regular Plan - Growth Option,19.9163
2026-09-30,148744,Kotak Nifty Next 50 Index Fund - Regular Plan - Payout of Income Distribution cum capital withdrawal option,19.9167
2026-09-30,148745,Kotak Nifty Next 50 Index Fund - Direct Plan - Growth Option,20.4691
2026-09-30,148746,Kotak Nifty Next 50 Index Fund - Direct Plan -Payout of Income Distribution cum capital withdrawal option,20.4687
2026-09-30,148751,Invesco India ESG Integration Strategy Fund - Direct Plan - Growth,17.77
2026-09-30,148752,Invesco India ESG Integration Strategy Fund - Direct Plan - IDCW (Payout / Reinvestment),14.49
2026-09-30,148753,Invesco India ESG Integration Strategy Fund - Regular Plan - Growth,16.31
2026-09-30,148754,Invesco India ESG Integration Strategy Fund - Regular Plan - IDCW (Payout / Reinvestment),13.16
2026-09-30,148755,Mirae Asset Corporate Bond Fund - Direct Plan - Growth,13.8466
2026-09-30,148756,Mirae Asset Corporate Bond Fund - Direct Plan - IDCW,13.8431
2026-09-30,148757,Mirae Asset Corporate Bond Fund - Regular Plan - Growth,13.5161
2026-09-30,148758,Mirae Asset Corporate Bond Fund - Regular Plan - IDCW,13.5161
2026-09-30,148763,Kotak Nifty IT ETF,30.7944
2026-09-30,148768,DSP Floating Interest Rates Fund - Regular Plan - Growth,14.0953
2026-09-30,148769,DSP Floating Interest Rates Fund - Direct Plan - IDCW,14.3125
2026-09-30,148770,DSP Floating Interest Rates Fund - Regular Plan - IDCW,14.0953
2026-09-30,148771,DSP Floating Interest Rates Fund - Direct Plan - Growth,14.3125
2026-09-30,148786,BANDHAN CRISIL IBX Gilt June 2027 Index Fund Regular Plan-Growth,13.7487
2026-09-30,148787,BANDHAN CRISIL IBX Gilt June 2027 Index Fund Regular Plan-IDCW,10.1669
2026-09-30,148788,BANDHAN CRISIL IBX Gilt June 2027 Index Fund Direct Plan-IDCW,10.1706
2026-09-30,148789,BANDHAN CRISIL IBX Gilt June 2027 Index Fund Direct Plan-Growth,13.9400
2026-09-30,148790,BANDHAN CRISIL IBX Gilt April 2028 Index Fund Regular Plan-Growth,13.8288
2026-09-30,148791,BANDHAN CRISIL IBX Gilt April 2028 Index Fund Direct Plan-IDCW,10.1673
2026-09-30,148792,BANDHAN CRISIL IBX Gilt April 2028 Index Fund Direct Plan-Growth,14.0212
2026-09-30,148793,BANDHAN CRISIL IBX Gilt April 2028 Index Fund Regular Plan-IDCW,10.1718
2026-09-30,148799,Axis NIFTY IT ETF,305.5239
2026-09-30,148800,Nippon India ETF Nifty 5 yr Benchmark G-Sec,65.7248
2026-09-30,148805,Aditya Birla Sun Life Nifty Midcap 150 Index Fund-Regular Growth,23.9262
2026-09-30,148806,Aditya Birla Sun Life Nifty Midcap 150 Index Fund - Regular - Payout of IDCW,23.9224
2026-09-30,148807,Aditya Birla Sun Life Nifty Midcap 150 Index Fund-Direct Growth,24.7413
2026-09-30,148809,Aditya Birla Sun Life Nifty Midcap 150 Index Fund - Direct - Payout of IDCW,24.7409
2026-09-30,148811,Aditya Birla Sun Life Nifty Smallcap 50 Index Fund-Regular Growth,22.7794
2026-09-30,148812,Aditya Birla Sun Life Nifty Smallcap 50 Index Fund-Regular - Payout of IDCW,22.7817
2026-09-30,148814,Aditya Birla Sun Life Nifty Smallcap 50 Index Fund-Direct - Payout of IDCW,23.5420
2026-09-30,148815,Aditya Birla Sun Life Nifty Smallcap 50 Index Fund-Direct Growth,23.5462
2026-09-30,148821,ICICI Prudential Nifty 100 Low Volatility 30 ETF FOF - Growth,16.8242
2026-09-30,148822,ICICI Prudential Nifty 100 Low Volatility 30 ETF FOF - Direct Plan - Growth,17.2353
2026-09-30,148823,ICICI Prudential Nifty 100 Low Volatility 30 ETF FOF - Direct Plan - IDCW,17.2354
2026-09-30,148824,ICICI Prudential Nifty 100 Low Volatility 30 ETF FOF - IDCW,16.8243
2026-09-30,148833,TRUSTMF Liquid Fund-Regular Plan-Growth,1367.4024
2026-09-30,148834,TRUSTMF Liquid Fund-Regular Plan-Daily Income Distribution cum Capital Withdrawal,1225.0681
2026-09-30,148836,TRUSTMF Liquid Fund-Regular Plan-Weekly Income Distribution cum Capital Withdrawal,1199.8346
2026-09-30,148837,TRUSTMF Liquid Fund-Direct Plan-Weekly Income Distribution cum Capital Withdrawal,1253.7011
2026-09-30,148839,TRUSTMF Liquid Fund-Direct Plan-Monthly Income Distribution cum Capital Withdrawal,1225.9135
2026-09-30,148841,TRUSTMF Liquid Fund-Direct Plan-Growth,1378.7140
2026-09-30,148842,TRUSTMF Liquid Fund-Direct Plan-Daily Income Distribution cum Capital Withdrawal,1298.7143
2026-09-30,148843,TRUSTMF Liquid Fund-Regular Plan-Monthly Income Distribution cum Capital Withdrawal,1215.8032
2026-09-30,148882,Canara Robeco Focused Fund - Direct Plan - IDCW (Payout/Reinvestment),17.3600
2026-09-30,148883,Canara Robeco Focused Fund - Direct Plan - Growth Option,20.4200
2026-09-30,148884,Canara Robeco Focused Fund - Regular Plan - Growth Option,18.8000
2026-09-30,148885,Canara Robeco Focused Fund - Regular Plan - IDCW (Payout/Reinvestment),15.9200
2026-09-30,148900,HDFC Multi-Asset Active FOF - IDCW Option,18.991
2026-09-30,148901,HDFC Multi-Asset Active FOF - Growth Option,18.991
2026-09-30,148902,HDFC Multi-Asset Active FOF - IDCW Option - Direct Plan,20.198
2026-09-30,148903,HDFC Multi-Asset Active FOF - Growth Option -Direct Plan,20.198
2026-09-30,148906,ITI Ultra Short Term Fund - Regular Plan - Growth Option,1324.4349
2026-09-30,148907,ITI Ultra Short Term Fund - Regular Plan - Weekly IDCW Option,1001.2880
2026-09-30,148909,ITI Ultra Short Term Fund - Direct Plan - Annually IDCW Option,1385.5246
2026-09-30,148911,ITI Ultra Short Term Fund - Regular Plan - Fortnightly IDCW Option,1001.3309
2026-09-30,148912,ITI Ultra Short Term Fund - Regular Plan - Daily IDCW Option,1001.0003
2026-09-30,148913,ITI Ultra Short Term Fund - Direct Plan - Growth Option,1383.7620
2026-09-30,148914,ITI Ultra Short Term Fund - Regular Plan - Monthly IDCW Option,1001.3334
2026-09-30,148915,ITI Ultra Short Term Fund - Direct Plan - Weekly IDCW Option,1001.3083
2026-09-30,148916,ITI Ultra Short Term Fund - Direct Plan - Monthly IDCW Option,1001.3732
2026-09-30,148917,ITI Ultra Short Term Fund - Regular Plan - Annually IDCW Option,1324.4970
2026-09-30,148918,Aditya Birla Sun Life Multi-Cap Fund-Regular Growth,20.74
2026-09-30,148919,Aditya Birla Sun Life Multi-Cap Fund-Regular-IDCW Payout,17.07
2026-09-30,148920,Aditya Birla Sun Life Multi-Cap Fund-Direct IDCW Payout,18.34
2026-09-30,148921,Aditya Birla Sun Life Multi-Cap Fund-Direct Growth,22.29
2026-09-30,148922,quant Quantamental Fund - IDCW Option - Regular Plan,23.904
2026-09-30,148923,quant Quantamental Fund - Growth Option - Regular Plan,23.8763
2026-09-30,148924,quant Quantamental Fund - IDCW Option - Direct Plan,26.0553
2026-09-30,148925,quant Quantamental Fund - Growth Option - Direct Plan,25.9131
2026-09-30,148934,Axis NIFTY Healthcare ETF,164.2256
2026-09-30,148943,SBI Nifty Next 50 Index Fund - Regular Plan - Growth,18.8974
2026-09-30,148944,SBI Nifty Next 50 Index Fund - Regular Plan - Income Distribution cum Capital Withdrawal Option (IDCW),18.8976
2026-09-30,148945,SBI Nifty Next 50 Index Fund - Direct Plan - Growth,19.3701
2026-09-30,148946,SBI Nifty Next 50 Index Fund - Direct Plan - Income Distribution cum Capital Withdrawal Option (IDCW),19.3690
2026-09-30,148947,Tata Dividend Yield Fund-Direct Plan-Growth,20.8857
2026-09-30,148948,Tata Dividend Yield Fund-Regular Plan-Growth,19.0370
2026-09-30,148949,Tata Dividend Yield Fund-Regular Plan-IDCW Reinvestment,19.0370
2026-09-30,148950,Tata Dividend Yield Fund-Regular Plan-IDCW Payout,19.0370
2026-09-30,148951,Tata Dividend Yield Fund-Direct Plan-IDCW Reinvestment,20.8857
2026-09-30,148952,Tata Dividend Yield Fund-Direct Plan-IDCW Payout,20.8857
2026-09-30,148957,ICICI Prudential Nifty Healthcare ETF,165.6461
2026-09-30,148958,Parag Parikh Conservative Hybrid Fund - Direct Plan - Growth,16.0508
2026-09-30,148959,Parag Parikh Conservative Hybrid Fund - Regular Plan - Growth,15.7923
2026-09-30,148960,Parag Parikh Conservative Hybrid Fund - Regular Plan - Monthly IDCW,10.5854
2026-09-30,148961,Parag Parikh Conservative Hybrid Fund - Direct Plan - Monthly IDCW,10.8290
2026-09-30,148962,Aditya Birla Sun Life Nifty 50 Equal Weight Index Fund-Direct Growth,17.9490
2026-09-30,148963,Aditya Birla Sun Life Nifty 50 Equal Weight Index Fund-Direct-IDCW,17.9491
2026-09-30,148964,Aditya Birla Sun Life Nifty 50 Equal Weight Index Fund-Regular IDCW,17.3566
2026-09-30,148965,Aditya Birla Sun Life Nifty 50 Equal Weight Index Fund-Regular Growth,17.3568
2026-09-30,148970,ITI Value Fund - Direct Plan - IDCW Option,17.1503
2026-09-30,148971,ITI Value Fund - Regular Plan - IDCW Option,15.3708
2026-09-30,148972,ITI Value Fund - Direct Plan - Growth Option,18.1160
2026-09-30,148973,ITI Value Fund - Regular Plan - Growth Option,16.3257
2026-09-30,148974,Kotak Nifty 50 Index Fund - Regular Plan-Growth,14.806
2026-09-30,148976,Kotak Nifty 50 Index Fund - Direct Plan-IDCW Payout,15.044
2026-09-30,148978,Kotak Nifty 50 Index Fund - Direct Plan-Growth,15.047
2026-09-30,148979,Kotak Nifty 50 Index Fund - Regular Plan-IDCW Payout,14.806
2026-09-30,148980,BANK OF INDIA Large Cap Fund Direct Plan Growth,17.38
2026-09-30,148981,BANK OF INDIA Large Cap Fund Direct Plan IDCW,17.34
2026-09-30,148982,BANK OF INDIA Large Cap Fund Regular Plan Growth,16.24
2026-09-30,148983,BANK OF INDIA Large Cap Fund Regular Plan IDCW,16.24
2026-09-30,148984,HDFC Banking & Financial Services Fund - IDCW Option,14.914
2026-09-30,148985,HDFC Banking & Financial Services Fund - IDCW Option - Direct Plan,16.143
2026-09-30,148986,HDFC Banking & Financial Services Fund - Growth Option - Direct Plan,18.266
2026-09-30,148987,HDFC Banking & Financial Services Fund - Growth Option,16.99
2026-09-30,148988,ICICI Prudential Flexi Cap Fund - IDCW,16.62
2026-09-30,148989,ICICI Prudential Flexi Cap Fund - Growth,19.84
2026-09-30,148990,ICICI Prudential Flexi Cap Fund - Direct Plan - Growth,21.03
2026-09-30,148991,ICICI Prudential Flexi Cap Fund - Direct Plan - IDCW,17.79
2026-09-30,148992,Axis Quant Fund - Regular Plan - Growth,15.09
2026-09-30,148993,Axis Quant Fund - Direct Plan - Growth,16.39
2026-09-30,148994,Axis Quant Fund - Direct Plan - IDCW,15.11
2026-09-30,148995,Axis Quant Fund - Regular Plan - IDCW,13.91
2026-09-30,149000,Tata Floating Rate Fund-Direct Plan-IDCW Monthly Payout,13.9932
2026-09-30,149001,Tata Floating Rate Fund-Direct Plan-IDCW Quarterly Payout,13.9932
2026-09-30,149002,Tata Floating Rate Fund-Direct Plan-IDCW Periodic Payout,13.9932
2026-09-30,149003,Tata Floating Rate Fund-Regular Plan-Growth,13.6810
2026-09-30,149004,Tata Floating Rate Fund-Regular Plan-IDCW Monthly Payout,13.6810
2026-09-30,149005,Tata Floating Rate Fund-Regular Plan-IDCW Quarterly Payout,13.6810
2026-09-30,149006,Tata Floating Rate Fund-Regular Plan-IDCW Periodic Payout,13.6810
2026-09-30,149007,Tata Floating Rate Fund -Direct Plan-Growth,13.9932
2026-09-30,149008,Nippon India Nifty Pharma ETF,27.1847
2026-09-30,149009,Invesco India Medium Term Fund - Regular Plan - Quarterly IDCW (Payout / Reinvestment),1028.8279
2026-09-30,149010,Invesco India Medium Term Fund - Regular Plan - Discretionary IDCW(Payout / Reinvestment)),1297.0071
2026-09-30,149011,Invesco India Medium Term Fund - Direct Plan - Growth,1354.8009
2026-09-30,149012,Invesco India Medium Term Fund - Regular Plan - Growth,1296.9991
2026-09-30,149013,Invesco India Medium Term Fund - Direct Plan - Discretionary IDCW (Payout/Reinvestment),1354.697
2026-09-30,149014,Invesco India Medium Term Fund - Direct Plan - Quarterly IDCW (Payout / Reinvestment)),1029.9932
2026-09-30,149019,PGIM India Small Cap Fund - Direct Plan- Growth Option,19.8
2026-09-30,149020,PGIM India Small Cap Fund - Regular Plan - Growth Option,18.18
2026-09-30,149021,ITI Dynamic Term Fund - Regular Plan - Growth Option,12.6985
2026-09-30,149022,ITI Dynamic Term Fund - Regular Plan - Monthly IDCW Option,9.9026
2026-09-30,149023,ITI Dynamic Term Fund - Direct Plan - Monthly IDCWOption,10.0417
2026-09-30,149024,ITI Dynamic Term Fund - Regular Plan - Quarterly IDCW Option,12.7021
2026-09-30,149025,ITI Dynamic Term Fund - Direct Plan - Quarterly IDCW Option,13.4404
2026-09-30,149026,ITI Dynamic Term Fund - Regular Plan - Half Yearly IDCW Option,12.7034
2026-09-30,149027,ITI Dynamic Term Fund - Regular Plan - Annually IDCWOption,12.6996
2026-09-30,149028,ITI Dynamic Term Fund - Direct Plan - Half Yearly IDCW Option,11.1491
2026-09-30,149029,ITI Dynamic Term Fund - Direct Plan - Growth Option,13.4121
2026-09-30,149030,ITI Dynamic Term Fund - Direct Plan - Annually IDCW Option,13.4114
2026-09-30,149031,PGIM India Small Cap Fund - Direct Plan - IDCW Option,15.58
2026-09-30,149032,PGIM India Small Cap Fund - Regular Plan - IDCW Option,14.79
2026-09-30,149033,Tata Floating Rate Fund-Direct Plan-IDCW Periodic Dividend Reinvestment,13.9932
2026-09-30,149034,Tata Floating Rate Fund-Direct Plan-IDCW Quarterly Dividend Reinvestment,13.9932
2026-09-30,149035,Tata Floating Rate Fund-Regular Plan-IDCW Monthly Dividend Reinvestment,13.6810
2026-09-30,149036,Tata Floating Rate Fund-Regular Plan-IDCW Periodic Dividend Reinvestment,13.6810
2026-09-30,149037,Tata Floating Rate Fund-Direct Plan-IDCW Monthly Dividend Reinvestment,13.9932
2026-09-30,149038,Tata Floating Rate Fund-Regular Plan-IDCW Quarterly Dividend Reinvestment,13.6810
2026-09-30,149039,Navi Nifty 50 Index Fund-Direct Plan-Growth,14.9487
2026-09-30,149040,Navi Nifty 50 Index Fund-Regular Plan-Growth,14.7886
2026-09-30,149041,SBI Nifty Consumption ETF,114.4542
2026-09-30,149046,Axis Floater Fund - Regular Plan - Quarterly IDCW,1318.8591
2026-09-30,149047,Axis Floater Fund - Regular Plan - Annual IDCW,1364.1064
2026-09-30,149048,Axis Floater Fund - Regular Plan - Growth,1400.3086
2026-09-30,149049,Axis Floater Fund - Direct Plan - Growth,1425.9727
2026-09-30,149050,Axis Floater Fund - Direct Plan - Daily IDCW,999.5723
2026-09-30,149051,Axis Floater Fund - Direct Plan - Monthly IDCW,1006.1124
2026-09-30,149052,Axis Floater Fund - Direct Plan - Quarterly IDCW,1341.9831
2026-09-30,149053,Axis Floater Fund - Regular Plan - Monthly IDCW,1006.8324
2026-09-30,149054,Axis Floater Fund - Regular Plan - Daily IDCW,1009.3297
2026-09-30,149055,Axis Floater Fund - Direct Plan - Annual IDCW,1387.5317
2026-09-30,149066,Tata Business Cycle Fund-Direct Plan-IDCW Payout,19.5686
2026-09-30,149067,Tata Business Cycle Fund-Direct Plan-IDCW Reinvestment,19.5686
2026-09-30,149068,Tata Business Cycle Fund-Regular Plan-Growth,18.0587
2026-09-30,149069,Tata Business Cycle Fund-Regular Plan-IDCW Reinvestment,18.0587
2026-09-30,149070,Tata Business Cycle Fund-Regular Plan-IDCW Payout,18.0587
2026-09-30,149071,Tata Business Cycle Fund-Direct Plan-Growth,19.5686
2026-09-30,149072,ICICI Prudential Nifty FMCG ETF,47.8401
2026-09-30,149073,TRUSTMF Short Term Fund-Regular Plan-Growth,1329.5838
2026-09-30,149074,TRUSTMF Short Term Fund-Regular Plan-Weekly Income Distribution Cum Capital Withdrawal,1117.7956
2026-09-30,149075,TRUSTMF Short Term Fund-Regular Plan-Quarterly Income Distribution Cum Capital Withdrawal,1144.2335
2026-09-30,149076,TRUSTMF Short Term Fund-Direct Plan-Growth,1364.2637
2026-09-30,149077,TRUSTMF Short Term Fund-Direct Plan-Weekly Income Distribution Cum Capital Withdrawal,1138.7811
2026-09-30,149078,TRUSTMF Short Term Fund-Direct Plan-Monthly Income Distribution Cum Capital Withdrawal,1162.9538
2026-09-30,149079,TRUSTMF Short Term Fund-Direct Plan-Quarterly Income Distribution Cum Capital Withdrawal,1176.5365
2026-09-30,149080,TRUSTMF Short Term Fund-Regular Plan-Monthly Income Distribution Cum Capital Withdrawal,1141.2588
2026-09-30,149085,Canara Robeco Value Fund - Direct Plan - Growth Option,18.4300
2026-09-30,149086,Canara Robeco Value Fund - Direct Plan - IDCW (Payout/Reinvestment),16.4600
2026-09-30,149087,Canara Robeco Value Fund - Regular Plan - IDCW (Payout/Reinvestment),15.2200
2026-09-30,149088,Canara Robeco Value Fund - Regular Plan - Growth Option,17.0300
2026-09-30,149089,Nippon India Flexi Cap Fund - Regular Plan - Growth Plan - Growth Option,15.9932
2026-09-30,149090,UTI Focused Fund (30 stocks) - Regular Plan - Growth Option,14.6429
2026-09-30,149091,UTI Focused Fund (30 stocks) - Direct Plan - Growth Option,15.7889
2026-09-30,149092,UTI Focused Fund (30 stocks) - Regular Plan - IDCW Payout Option,14.643
2026-09-30,149093,UTI Focused Fund (30 stocks) - Direct Plan - IDCW Payout Option,15.7885
2026-09-30,149094,Nippon India Flexi Cap Fund - Direct Plan - Growth Plan - Growth Option,17.1675
2026-09-30,149095,Nippon India Flexi Cap Fund - Direct Plan - IDCW Option,17.1675
2026-09-30,149096,Nippon India Flexi Cap Fund - Regular Plan - IDCW Option,15.9932
2026-09-30,149097,Bandhan US specific Equity Active FOF - IDCW - REGULAR PLAN,20.302
2026-09-30,149098,Bandhan US specific Equity Active FOF - GROWTH - DIRECT PLAN,21.400
2026-09-30,149099,Bandhan US specific Equity Active FOF - IDCW - DIRECT PLAN,21.400
2026-09-30,149100,Bandhan US specific Equity Active FOF - GROWTH - REGULAR PLAN,20.302
2026-09-30,149101,Mahindra Manulife Flexi Cap Fund - Regular Plan -Growth,15.3602
2026-09-30,149102,Mahindra Manulife Flexi Cap Fund - Regular Plan -IDCW,12.1595
2026-09-30,149103,Mahindra Manulife Flexi Cap Fund - Direct Plan -IDCW,13.5413
2026-09-30,149104,Mahindra Manulife Flexi Cap Fund - Direct Plan -Growth,16.8195
2026-09-30,149105,Mirae Asset Nifty Financial Services ETF,25.6518
2026-09-30,149106,HDFC NIFTY50 Equal weight Index Fund - Growth Option,17.0912
2026-09-30,149107,HDFC NIFTY50 Equal weight Index Fund - Direct Plan - Growth Option,17.5443
2026-09-30,149112,Mirae Asset Money Market Fund - Direct Plan - Growth,1384.5226
2026-09-30,149113,Mirae Asset Money Market Fund - Direct Plan - IDCW,1382.2458
2026-09-30,149114,Mirae Asset Money Market Fund - Regular Plan - IDCW,1359.7650
2026-09-30,149115,Mirae Asset Money Market Fund - Regular Plan - Growth,1359.7746
2026-09-30,149116,Union Money Market Fund - Regular Plan -  Growth Option,1326.0646
2026-09-30,149117,Union Money Market Fund - Direct Plan -  Growth Option,1374.3035
2026-09-30,149118,Union Money Market Fund - Regular Plan - Daily IDCW Option,1003.2031
2026-09-30,149123,Union Money Market Fund - Direct Plan -  Monthly IDCW Option,1010.5914
2026-09-30,149132,SBI Balanced Advantage Fund - Regular Plan - Growth,15.3925
2026-09-30,149133,SBI Balanced Advantage Fund - Regular Plan - Income Distribution cum Capital Withdrawal Option (IDCW),15.3927
2026-09-30,149134,SBI Balanced Advantage Fund - Direct Plan - Growth,16.1504
2026-09-30,149135,SBI Balanced Advantage Fund - Direct Plan - Income Distribution cum Capital Withdrawal Option (IDCW),16.1508
2026-09-30,149140,Baroda BNP Paribas Business Cycle Fund - Regular Plan - Growth,15.4785
2026-09-30,149141,Baroda BNP Paribas Business Cycle Fund - Direct Plan - Growth,16.6605
2026-09-30,149142,Baroda BNP Paribas Business Cycle Fund - Regular Plan - IDCW Option,12.9303
2026-09-30,149143,Baroda BNP Paribas Business Cycle Fund - Direct Plan - IDCW Option,13.9188
2026-09-30,149156,Axis NIFTY India Consumption ETF,114.1395
2026-09-30,149157,ICICI Prudential Nifty Alpha Low - Volatility 30 ETF FOF - Growth,13.9648
2026-09-30,149158,ICICI Prudential Nifty Alpha Low - Volatility 30 ETF FOF - Direct Plan - Growth,14.2836
2026-09-30,149159,ICICI Prudential Nifty Alpha Low - Volatility 30 ETF FOF - IDCW,13.9647
2026-09-30,149160,ICICI Prudential Nifty Alpha Low - Volatility 30 ETF FOF - Direct Plan - IDCW,14.2832
2026-09-30,149165,Axis Value Fund - Regular Plan - IDCW,16.32
2026-09-30,149166,Axis Value Fund - Direct Plan - Growth,20.82
2026-09-30,149167,Axis Value Fund - Regular Plan - Growth,19.41
2026-09-30,149168,Axis Value Fund - Direct Plan - IDCW,17.51
2026-09-30,149182,Kotak Multi Cap Fund-Regular Plan-Growth,19.685
2026-09-30,149183,Kotak Multi Cap Fund- Regular Plan -IDCW Option,18.091
2026-09-30,149185,Kotak Multi Cap Fund-Direct Plan-Growth,21.115
2026-09-30,149187,Kotak Multi Cap Fund-Direct Plan-IDCW Option,19.405
2026-09-30,149194,SBI Fixed Maturity Plan (FMP) - Series 51 (1846 Days) - Direct Plan - Income Distribution Capital Withdrawal Option (IDCW),13.4458
2026-09-30,149195,SBI Fixed Maturity Plan (FMP) - Series 51 (1846 Days) - Direct Plan - Growth,13.4454
2026-09-30,149196,SBI Fixed Maturity Plan (FMP) - Series 51 (1846 Days) - Regular Plan - Income Distribution Capital Withdrawal Option (IDCW),13.3564
2026-09-30,149197,SBI Fixed Maturity Plan (FMP) - Series 51 (1846 Days) - Regular Plan - Growth,13.3564
2026-09-30,149198,Aditya Birla Sun Life Nifty SDL Plus PSU Bond SEP 2026 60:40 Index Fund-Regular Growth,13.2563
2026-09-30,149199,Aditya Birla Sun Life Nifty SDL Plus PSU Bond SEP 2026 60:40 Index Fund-Direct Growth,13.3594
2026-09-30,149200,Aditya Birla Sun Life Nifty SDL Plus PSU Bond SEP 2026 60:40 Index Fund-Direct IDCW,13.3596
2026-09-30,149201,Aditya Birla Sun Life Nifty SDL Plus PSU Bond SEP 2026 60:40 Index Fund-Regular IDCW,13.2572
2026-09-30,149208,ICICI Prudential Nifty PSU Bond Plus SDL Sep 2027 40:60 Index Fund - Growth,13.2998
2026-09-30,149210,ICICI Prudential Nifty PSU Bond Plus SDL Sep 2027 40:60 Index Fund - Direct Plan Growth,13.4266
2026-09-30,149224,ICICI Prudential Nifty PSU Bond Plus SDL Sep 2027 40:60 Index Fund - Annual - IDCW,13.2996
2026-09-30,149227,ICICI Prudential Nifty PSU Bond Plus SDL Sep 2027 40:60 Index Fund - Direct Plan Annual - IDCW,13.4266
2026-09-30,149228,Mahindra Manulife Asia Pacific REITs FOF - Regular Plan - Growth,10.2762
2026-09-30,149229,Mahindra Manulife Asia Pacific REITs FOF - Regular Plan - IDCW,10.2762
2026-09-30,149230,Mahindra Manulife Asia Pacific REITs FOF - Direct Plan - Growth,10.7701
2026-09-30,149231,Mahindra Manulife Asia Pacific REITs FOF - Direct Plan - IDCW,10.7701
2026-09-30,149232,SBI Fixed Maturity Plan (FMP) - Series 52 (1848 Days) - Direct Plan - Growth,13.4238
2026-09-30,149233,SBI Fixed Maturity Plan (FMP) - Series 52 (1848 Days) - Regular Plan - Income Distribution Cum Withdrawal (IDCW),13.3378
2026-09-30,149234,SBI Fixed Maturity Plan (FMP) - Series 52 (1848 Days) - Direct Plan - Income Distribution Cum Withdrawal (IDCW),13.4238
2026-09-30,149235,SBI Fixed Maturity Plan (FMP) - Series 52 (1848 Days) - Regular Plan - Growth,13.3378
2026-09-30,149240,Motilal Oswal 5 Year G-Sec Fund Of Fund Direct -Growth,13.1779
2026-09-30,149241,Motilal Oswal 5 Year G-Sec Fund Of Fund Regular -Growth,13.1283
2026-09-30,149246,Edelweiss NIFTY PSU Bond Plus SDL Apr 2027 50:50 Index Fund - Direct Plan - IDCW,12.6441
2026-09-30,149247,Edelweiss NIFTY PSU Bond Plus SDL Apr 2027 50:50 Index Fund - Direct Plan Growth,13.4537
2026-09-30,149248,Edelweiss NIFTY PSU Bond Plus SDL Apr 2027 50:50 Index Fund - Regular Plan - IDCW,12.5186
2026-09-30,149249,Edelweiss NIFTY PSU Bond Plus SDL Apr 2027 50:50 Index Fund - Regular Plan - Growth,13.3256
2026-09-30,149250,Edelweiss Nifty 50 Index Fund Direct Plan Growth,13.4271
2026-09-30,149251,Edelweiss Nifty 50 Index Fund Direct Plan IDCW,13.2413
2026-09-30,149252,Edelweiss Nifty 50 Index Fund Regular Plan Growth,12.9488
2026-09-30,149253,Edelweiss Nifty 50 Index Fund Regular Plan IDCW,12.9486
2026-09-30,149254,Edelweiss Nifty 100 Quality 30 Index Fund Direct Plan Growth,13.9937
2026-09-30,149255,Edelweiss Nifty 100 Quality 30 Index Fund Direct Plan IDCW,13.7979
2026-09-30,149256,Edelweiss Nifty 100 Quality 30 Index Fund Regular Plan Growth,13.5604
2026-09-30,149257,Edelweiss Nifty 100 Quality 30 Index Fund Regular Plan IDCW,13.5595
2026-09-30,149258,LIC MF Balanced Advantage Fund-Regular Plan-IDCW,11.6576
2026-09-30,149259,LIC MF Balanced Advantage Fund-Regular Plan-Growth,13.4371
2026-09-30,149260,LIC MF Balanced Advantage Fund-Direct Plan-IDCW,12.4909
2026-09-30,149261,LIC MF Balanced Advantage Fund-Direct Plan-Growth,14.55
2026-09-30,149262,Aditya Birla Sun Life Nifty Healthcare ETF,16.6066
2026-09-30,149263,NJ Balanced Advantage Fund - Regular Plan - IDCW Payout Option,13.31
2026-09-30,149264,NJ Balanced Advantage Fund - Direct Plan - Growth Option,14.20
2026-09-30,149265,NJ Balanced Advantage Fund - Direct Plan - IDCW Payout Option,14.20
2026-09-30,149266,NJ Balanced Advantage Fund - Regular Plan - Growth Option,13.31
2026-09-30,149268,ITI Pharma and Healthcare Fund - Direct Plan - Growth Option,19.4628
2026-09-30,149269,ITI Pharma and Healthcare Fund - Regular Plan - IDCW Option,17.6626
2026-09-30,149270,ITI Pharma and Healthcare Fund - Regular Plan - Growth Option,17.6626
2026-09-30,149271,ITI Pharma and Healthcare Fund - Direct Plan - IDCW Option,19.4606
2026-09-30,149277,SBI Fixed Maturity Plan (FMP) - Series 53 (1839 Days) - Direct Plan - Income Distribution Cum Withdrawal Option (IDCW),13.4471
2026-09-30,149278,SBI Fixed Maturity Plan (FMP) - Series 53 (1839 Days) - Regular Plan - Growth,13.3741
2026-09-30,149279,SBI Fixed Maturity Plan (FMP) - Series 53 (1839 Days) - Direct Plan - Growth,13.4471
2026-09-30,149280,SBI Fixed Maturity Plan (FMP) - Series 53 (1839 Days) - Regular Plan - Income  Distribution Cum Withdrawal Option (IDCW),13.3742
2026-09-30,149281,ICICI Prudential Nifty Smallcap 250 Index Fund - Growth,17.7335
2026-09-30,149282,ICICI Prudential Nifty Smallcap 250 Index Fund - IDCW,17.7342
2026-09-30,149283,ICICI Prudential Nifty Smallcap 250 Index Fund - Direct Plan - Growth,18.2660
2026-09-30,149284,ICICI Prudential Nifty Smallcap 250 Index Fund - Direct Plan - IDCW,18.2654
2026-09-30,149285,ICICI Prudential Nifty India Consumption ETF,114.9050
2026-09-30,149286,DSP Nifty 50 Equal Weight ETF,322.9060
2026-09-30,149287,HDFC NIFTY Next 50 Index Fund - Growth Option,16.1716
2026-09-30,149288,HDFC NIFTY Next 50 Index Fund - Direct Plan - Growth Option,16.5118
2026-09-30,149293,Aditya Birla Sun Life Nifty IT ETF,30.3494
2026-09-30,149302,BANDHAN MULTI CAP FUND - IDCW - REGULAR PLAN,14.652
2026-09-30,149303,BANDHAN MULTI CAP FUND - GROWTH - DIRECT PLAN,18.080
2026-09-30,149304,BANDHAN MULTI CAP FUND - IDCW - DIRECT PLAN,15.930
2026-09-30,149305,BANDHAN MULTI CAP FUND - GROWTH - REGULAR PLAN,16.804
2026-09-30,149306,SBI Fixed Maturity Plan (FMP) - Series 54 (1842 Days) - Regular Plan - Income Distribution Cum Capital Withdrawal Option (IDCW),13.3539
2026-09-30,149307,SBI Fixed Maturity Plan (FMP) - Series 54 (1842 Days) - Direct Plan - Growth,13.4315
2026-09-30,149308,SBI Fixed Maturity Plan (FMP) - Series 54 (1842 Days) - Regular Plan - Growth,13.3539
2026-09-30,149309,SBI Fixed Maturity Plan (FMP) - Series 54 (1842 Days) - Direct Plan - Income Distribution Cum Withdrawal Option (IDCW),13.4320
2026-09-30,149310,Unclaimed Redemption - Upto 3 years (Invested in DSP Overnight Fund),13.1814
2026-09-30,149311,Unclaimed Redemption - Beyond 3 years (Invested in DSP Overnight Fund),10.0000
2026-09-30,149312,Unclaimed IDCW - Upto 3 years (Invested in DSP Overnight Fund),13.1814
2026-09-30,149313,Unclaimed IDCW - Beyond 3 years (Invested in DSP Overnight Fund),10.0000
2026-09-30,149316,360 ONE QUANT FUND REGULAR INCOME DISTRIBUTION CUM CAPITAL WITHDRAWAL,18.0115
2026-09-30,149317,360 ONE QUANT FUND REGULAR GROWTH,18.0115
2026-09-30,149318,360 ONE QUANT FUND DIRECT GROWTH,19.1500
2026-09-30,149319,360 ONE QUANT FUND DIRECT INCOME DISTRIBUTION CUM CAPITAL WITHDRAWAL,19.1500
2026-09-30,149321,ITI Banking and Financial Services Fund - Direct Plan - Growth Option,16.6378
2026-09-30,149322,ITI Banking and Financial Services Fund - Direct Plan - IDCW Option,15.7004
2026-09-30,149323,ITI Banking and Financial Services Fund - Regular Plan - IDCW Option,14.2113
2026-09-30,149324,ITI Banking and Financial Services Fund -Regular Plan - Growth Option,15.1369
2026-09-30,149325,Nippon India Taiwan Equity Fund- Regular Plan- IDCW option,35.4093
2026-09-30,149327,Nippon India Taiwan Equity Fund- Direct Plan- IDCW option,37.9484
2026-09-30,149328,Nippon India Taiwan Equity fund- Regular Plan- Growth Option,35.4093
2026-09-30,149329,Nippon India Taiwan Equity Fund- Direct Plan- Growth Option,37.9484
2026-09-30,149331,ICICI Prudential BSE 500 ETF FOF - Direct Plan - Growth,15.2085
2026-09-30,149332,ICICI Prudential BSE 500 ETF FOF - IDCW,14.8668
2026-09-30,149333,ICICI Prudential BSE 500 ETF FOF - Direct Plan - IDCW,15.2082
2026-09-30,149334,ICICI Prudential BSE 500 ETF FOF - Growth,14.8668
2026-09-30,149335,Quant Value Fund - Growth Option  - Direct Plan,23.2341
2026-09-30,149336,Quant Value Fund - IDCW Option- Regular Plan,21.5873
2026-09-30,149337,Quant Value Fund - Growth Option - Regular Plan,21.4696
2026-09-30,149338,Quant Value Fund - IDCW Option - Direct Plan,22.0752
2026-09-30,149339,Edelweiss NIFTY Large Midcap 250 Index Fund - Direct Plan Payout,15.5187
2026-09-30,149341,Edelweiss NIFTY Large Midcap 250 Index Fund - Regular Plan Growth,15.952
2026-09-30,149342,Edelweiss NIFTY Large Midcap 250 Index Fund - Regular Plan Payout,15.0022
2026-09-30,149343,Edelweiss NIFTY Large Midcap 250 Index Fund - Direct Plan Growth,16.4689
2026-09-30,149345,SBI Fixed Maturity Plan (FMP) - Series 55 (1849 Days) - Direct Plan - Growth,13.4013
2026-09-30,149346,SBI Fixed Maturity Plan (FMP) - Series 55 (1849 Days) - Regular Plan - Income Distribution Cum Capital Withdrawal Option (IDCW),13.3254
2026-09-30,149347,SBI Fixed Maturity Plan (FMP) - Series 55 (1849 Days) - Regular Plan - Growth,13.3254
2026-09-30,149348,SBI Fixed Maturity Plan (FMP) - Series 55 (1849 Days) - Direct Plan - Income Distribution cum Capital Withdrawal Option (IDCW),13.4014
2026-09-30,149351,Tata Corporate Bond Fund-Regular Plan-Growth,13.0746
2026-09-30,149352,Tata Corporate Bond Fund-Regular Plan-IDCW Periodic Reinvestment,13.0746
2026-09-30,149353,Tata Corporate Bond Fund-Regular Plan-IDCW Monthly Payout,13.0746
2026-09-30,149354,Tata Corporate Bond Fund-Regular Plan-IDCW Quarterly Payout,13.0746
2026-09-30,149355,Tata Corporate Bond Fund-Direct Plan-IDCW Periodic Payout,13.4366
2026-09-30,149356,Tata Corporate Bond Fund-Direct Plan-IDCW Periodic Reinvestment,13.4366
2026-09-30,149357,Tata Corporate Bond Fund-Direct Plan-IDCW Monthly Reinvestment,13.4366
2026-09-30,149358,Tata Corporate Bond Fund-Direct Plan-IDCW Quarterly Reinvestment,13.4366
2026-09-30,149359,Tata Corporate Bond Fund-Regular Plan-IDCW Quarterly Reinvestment,13.0746
2026-09-30,149360,Tata Corporate Bond Fund-Regular Plan-IDCW Periodic Payout,13.0746
2026-09-30,149361,Tata Corporate Bond Fund-Direct Plan-Growth,13.4366
2026-09-30,149362,Tata Corporate Bond Fund-Direct Plan-IDCW Quarterly Payout,13.4366
2026-09-30,149363,Tata Corporate Bond Fund-Regular Plan-IDCW Monthly Reinvestment,13.0746
2026-09-30,149364,Tata Corporate Bond Fund-Direct Plan-IDCW Monthly Payout,13.4366
2026-09-30,149365,HDFC Multi Cap Fund - IDCW Option,16.252
2026-09-30,149366,HDFC Multi Cap Fund - Growth Option,17.939
2026-09-30,149367,HDFC Multi Cap Fund - IDCW Option - Direct Plan,17.322
2026-09-30,149368,HDFC Multi Cap Fund - Growth Option - Direct Plan,18.955
2026-09-30,149371,Axis Nifty 50 Index Fund - Regular Plan - Growth Option,13.5741
2026-09-30,149372,Axis Nifty 50 Index Fund - Regular Plan - IDCW,12.8757
2026-09-30,149373,Axis Nifty 50 Index Fund - Direct Plan - Growth,13.7668
2026-09-30,149374,Axis Nifty 50 Index Fund - Direct Plan - IDCW,13.0576
2026-09-30,149379,Mirae Asset Hang Seng TECH ETF,17.4876
2026-09-30,149380,Mirae Asset Hang Seng TECH ETF Fund of Fund - Regular Plan - Growth,11.102
2026-09-30,149381,Mirae Asset Hang Seng TECH ETF Fund of Fund - Direct Plan - Growth,11.348
2026-09-30,149382,Axis Multicap Fund - Regular Plan - Growth,19.17
2026-09-30,149383,Axis Multicap Fund - Direct Growth,20.36
2026-09-30,149384,Axis Multicap Fund - Direct Plan - IDCW,19.36
2026-09-30,149387,Axis Multicap Fund - Regular Plan - IDCW,18.25
2026-09-30,149388,ICICI Prudential Nifty Midcap 150 Index Fund - IDCW,18.9279
2026-09-30,149389,ICICI Prudential Nifty Midcap 150 Index Fund - Direct Plan - Growth,19.5743
2026-09-30,149390,ICICI Prudential Nifty Midcap 150 Index Fund - Growth,18.9282
2026-09-30,149391,ICICI Prudential Nifty Midcap 150 Index Fund - Direct Plan - IDCW,19.5740
2026-09-30,149392,DSP Nifty 50 ETF,238.6395
2026-09-30,149394,Groww Overnight Fund (formerly known as Indiabulls Overnight Fund)- Unclaimed Dividend < 3 years,1319.9143
2026-09-30,149395,Groww Overnight Fund (formerly known as Indiabulls Overnight Fund)- Unclaimed Redemption > 3 Years,1000
2026-09-30,149396,Groww Overnight Fund (formerly known as Indiabulls Overnight Fund)- Unclaimed Redemption < 3 Years,1305.6007
2026-09-30,149397,Kotak Nifty Alpha 50 ETF,51.3842
2026-09-30,149398,BHARAT Bond ETF - April 2032,1340.1709
2026-09-30,149403,DSP Nifty Midcap 150 Quality 50 ETF,23.5092
2026-09-30,149404,Mahindra Manulife Balanced Advantage Fund - Regular Plan - Growth,14.4453
2026-09-30,149405,Mahindra Manulife Balanced Advantage Fund - Regular Plan - IDCW,11.4398
2026-09-30,149406,Mahindra Manulife Balanced Advantage Fund - Direct Plan - Growth,15.6923
2026-09-30,149407,Mahindra Manulife Balanced Advantage Fund - Direct Plan - IDCW,12.6029
2026-09-30,149408,ICICI Prudential Overnight fund - Direct Plan - Unclaimed IDCW Transitory Scheme,1313.4508
2026-09-30,149409,ICICI Prudential Overnight fund - Direct Plan - Unclaimed Redemption Stable Scheme,1000.0000
2026-09-30,149410,ICICI Prudential Overnight fund - Direct Plan - Unclaimed Redemption Transitory Scheme,1313.4633
2026-09-30,149411,ICICI Prudential Overnight fund - Direct Plan - Unclaimed IDCW Stable Scheme,1000.0000
2026-09-30,149412,BANK OF INDIA Overnight Fund Unclaimed IDCW Plan - Greater than 3 Years,1000.0000
2026-09-30,149413,BANK OF INDIA Overnight Fund Unclaimed Redemption Plan - Upto 3 Years,1321.6632
2026-09-30,149414,BANK OF INDIA Overnight Fund Unclaimed IDCW Plan - Up to 3 Years,1321.4268
2026-09-30,149415,BANK OF INDIA Overnight Fund Unclaimed Redemption Plan - Greater than 3 Years,1000.0000
2026-09-30,149430,SBI Fixed Maturity Plan (FMP) - Series 57 (1835 Days) - Direct Plan - Income Distribution cum Capital Withdrawal Option (IDCW),13.3150
2026-09-30,149431,SBI Fixed Maturity Plan (FMP) - Series 57 (1835 Days) - Direct Plan - Growth,13.3147
2026-09-30,149432,SBI Fixed Maturity Plan (FMP) - Series 57 (1835 Days) - Regular Plan - Growth,13.2406
2026-09-30,149433,SBI Fixed Maturity Plan (FMP) - Series 57 (1835 Days) - Regular Plan - Income Distribution cum Capital Withdrawal Option (IDCW),13.2410
2026-09-30,149443,Franklin India Overnight Fund- Unclaimed IDCW Plan,13.0816
2026-09-30,149444,Franklin India Overnight Fund- Unclaimed Redemption Investor EducationPlan,10.0000
2026-09-30,149445,Franklin India Overnight Fund- Unclaimed IDCW Investor Education Plan,10.0000
2026-09-30,149446,Franklin India Overnight Fund- Unclaimed Redemption Plan,13.0816
2026-09-30,149447,Navi Nifty Next 50 Index Fund- Direct Plan- Growth,16.6483
2026-09-30,149448,Navi Nifty Next 50 Index Fund- Regular Plan- Growth,16.204
2026-09-30,149449,Samco Flexi Cap Fund - Regular Plan - Growth Option,9.31
2026-09-30,149450,Samco Flexi Cap Fund - Direct Plan - Growth Option,9.96
2026-09-30,149451,Union Overnight Fund - Unclaimed Amounts Plan - IDCW Beyond 3 years,1000.0000
2026-09-30,149452,Union Overnight Fund - Unclaimed Amounts Plan - IDCW Upto 3 years,1309.8301
2026-09-30,149453,Union Overnight Fund - Unclaimed Amounts Plan - Redemption Beyond 3 years,1000.0000
2026-09-30,149454,Union Overnight Fund - Unclaimed Amounts Plan - Redemption Upto 3 years,1309.8195
2026-09-30,149459,SBI Fixed Maturity Plan (FMP) - Series 58 (1842 Days) - Regular Plan - Growth,13.3532
2026-09-30,149460,SBI Fixed Maturity Plan (FMP) - Series 58 (1842 Days) - Direct Plan - Growth,13.4260
2026-09-30,149461,SBI Fixed Maturity Plan (FMP) - Series 58 (1842 Days) - Direct Plan - Income Distribution cum Capital withdrawal option (IDCW),13.4263
2026-09-30,149462,SBI Fixed Maturity Plan (FMP) - Series 58 (1842 Days) - Regular Plan - Income Distribution cum Capital withdrawal option (IDCW),13.3532
2026-09-30,149463,ICICI Prudential Nifty Auto ETF,27.2599
2026-09-30,149464,ICICI PRUDENTIAL SILVER ETF,218.8085
2026-09-30,149465,Nippon India Nifty Auto ETF,272.1366
2026-09-30,149466,Axis Nifty Next 50 Index Fund - Direct Plan - Growth,17.3334
2026-09-30,149467,Axis Nifty Next 50 Index Fund - Regular Plan - Growth,16.7755
2026-09-30,149468,Axis Nifty Next 50 Index Fund - Regular Plan - IDCW,15.9153
2026-09-30,149469,Axis Nifty Next 50 Index Fund - Direct Plan - IDCW,16.4478
2026-09-30,149470,Mahindra Manulife Overnight Fund - Unclaimed Redemption/IDCW upto 3 years,1311.1529
2026-09-30,149471,Mahindra Manulife Overnight Fund - Unclaimed Redemption/IDCW beyond 3 years,1000.0000
2026-09-30,149472,SBI CPSE Bond Plus SDL Sep 2026 50:50 Index Fund - Regular Plan - Growth,13.1627
2026-09-30,149473,SBI CPSE Bond Plus SDL Sep 2026 50:50 Index Fund - Regular Plan - Income Distribution cum Capital Withdrawal Option (IDCW),13.1630
2026-09-30,149474,SBI CPSE Bond Plus SDL Sep 2026 50:50 Index Fund - Direct Plan - Growth,13.2629
2026-09-30,149475,SBI CPSE Bond Plus SDL Sep 2026 50:50 Index Fund - Direct Plan - Income Distribution cum Capital Withdrawal Option (IDCW),13.3202
2026-09-30,149476,Edelweiss Overnight Fund - Unclaimed IDCW Plan - Above 3 years,1000
2026-09-30,149477,Edelweiss Overnight Fund - Unclaimed IDCW Plan - Upto 3 years,1307.4623
2026-09-30,149478,Edelweiss Overnight Fund - Unclaimed Redemption Plan - Upto 3 years,1307.4606
2026-09-30,149479,Edelweiss Overnight Fund - Unclaimed Redemption Plan - Above 3 years,1000
2026-09-30,149480,Sundaram Nifty 100 Equal Weight Fund (Formerly Known as Principal Nifty 100 Equal Weight Fund-Income Distribution CUM Capital Withdrawal,71.3659
2026-09-30,149481,Sundaram Nifty 100 Equal Weight Fund (Formerly Known as Principal Nifty 100 Equal Weight Fund)-Growth,174.8296
2026-09-30,149482,Sundaram Nifty 100 Equal Weight Fund (Formerly Known as Principal Nifty 100 Equal Weight Fund)- Direct Plan - Income Distribution CUM Capital Withdrawal Option,75.6413
2026-09-30,149483,Sundaram Nifty 100 Equal Weight Fund (Formerly Known as Principal Nifty 100 Equal Weight Fund) - Direct Plan - Growth Option,185.2489
2026-09-30,149519,Sundaram Ultra Short to Short Term Fund Regular Plan - Growth,3696.8710
2026-09-30,149521,Sundaram Ultra Short to Short Term Fund Regular Plan - IDCW,1100.7437
2026-09-30,149525,Sundaram Ultra Short to Short Term Fund Direct Plan - IDCW,1124.5388
2026-09-30,149526,Sundaram Ultra Short to Short Term Fund Direct Plan - Growth,4001.7410
2026-09-30,149531,Sundaram Focused Fund (Formerly Known as Principal Focused Multicap Fund)- Income Distribution CUM Capital Withdrawal Option (IDCW),38.2116
2026-09-30,149532,Sundaram Focused Fund (Formerly Known as Principal Focused Multicap Fund)-Growth Option,160.2181
2026-09-30,149533,Sundaram Focused Fund (Formerly Known as Principal Focused Multicap Fund)- Direct Plan - Growth Option,179.5423
2026-09-30,149534,Sundaram Focused Fund (Formerly Known as Principal Focused Multicap Fund)- Direct Plan - Income Distribution CUM Capital Withdrawal Option (IDCW),42.0774
2026-09-30,149535,Sundaram Ultra Short Term Fund Regular Plan - Growth,2864.9176
2026-09-30,149537,Sundaram Ultra Short Term Fund Regular Plan - IDCW,1075.3859
2026-09-30,149539,Sundaram Ultra Short Term Fund Direct Plan - Growth,3172.1279
2026-09-30,149540,Sundaram Ultra Short Term Fund Direct Plan - IDCW,1097.3068
2026-09-30,149549,Sundaram Arbitrage Fund( Formerly Known as Principal Arbitrage Fund) - Direct Plan- Monthly Income Distribution CUM Capital Withdrawal,13.4164
2026-09-30,149550,Sundaram Arbitrage Fund (Formerly Known as Prinicpal Arbitrage Fund) - Direct Plan - Growth,16.5022
2026-09-30,149551,Sundaram Arbitrage Fund (Formerly Known as Principal Arbitrage Fund)- Regular Plan - Monthly Income Distribution CUM Capital Withdrawal,12.8084
2026-09-30,149552,Sundaram Arbitrage Fund (Formerly Know as Principal Arbitrage Fund) - Regular Plan - Growth,15.4935
2026-09-30,149569,Sundaram ELSS Tax Saver Fund Regular Growth,471.9768
2026-09-30,149570,Sundaram ELSS Tax Saver Fund Direct Plan Growth,507.9244
2026-09-30,149571,Sundaram ELSS Tax Saver Fund Direct Plan - Income Distribution CUM Capital Withdrawal Option (IDCW),486.4045
2026-09-30,149572,Sundaram ELSS Tax Saver Fund Regular Plan - Income Distribution CUM Capital Withdrawal Option (IDCW),362.8141
2026-09-30,149585,Sundaram Short Duration Fund (Formerly Known as Principal Short Term Debt Fund)- Growth Plan,47.1294
2026-09-30,149586,Sundaram Short Duration Fund (Formerly Known as Principal Short Term Debt Fund)- Income Distribution CUM Capital Withdrawal Option (IDCW),13.0498
2026-09-30,149587,Sundaram Short Duration Fund (Formerly Known as Principal Short Term Debt Fund)- Direct Plan - Growth Option,51.3345
2026-09-30,149588,Sundaram Short Duration Fund (Formerly Known as Principal Short Term Debt Fund) - Direct Plan - Income Distribution CUM Capital Withdrawal Plan (IDCW),13.2042
2026-09-30,149599,Sundaram Aggressive Hybrid Fund (Formerly Known as Principal Hybrid Equity Fund)-Growth,154.0299
2026-09-30,149600,Sundaram Aggressive Hybrid Fund (Formerly Known as Principal Hybrid Equity Fund)- Monthly Income Distribution CUM Capital Withdrawal,23.4351
2026-09-30,149601,Sundaram Aggressive Hybrid Fund (Formerly Known as Principal Hybrid Equity Fund)- Direct Plan - Growth Option,178.7973
2026-09-30,149602,Sundaram Aggressive Hybrid Fund(Formerly Known as Principal Hybrid Equity Fund)-Direct Plan - Monthly Income Distribution CUM Capital Withdrawal Option,36.8598
2026-09-30,149660,Sundaram Liquid Fund (Formerly Known as Principal Cash Management Fund) - Regular Plan IDCW,1050.4707
2026-09-30,149661,Sundaram Liquid Fund (Formerly Known as Principal Cash Management Fund) -Growth Option,2483.3973
2026-09-30,149662,Sundaram Liquid Fund (Formerly Known as Principal Cash Management Fund) -Direct Plan - IDCW,1053.9794
2026-09-30,149664,Sundaram Liquid Fund (Formerly Known as Principal Cash Management Fund) - Direct Plan - Growth Option,2518.8548
2026-09-30,149666,Sundaram Multi Cap Fund (Formerly Known as Principal Multi Cap Growth Fund)- Income Distribution CUM Capital Withdrawal Option (IDCW),61.6245
2026-09-30,149667,Sundaram Multi Cap Fund (Formerly Known as Principal Multi Cap Growth Fund)-Growth Option,376.4770
2026-09-30,149668,Sundaram Multi Cap Fund (Formerly Known as Principal Multi Cap Growth Fund) - Direct Plan - Income Distribution CUM Capital Withdrawal Option (IDCW),84.2069
2026-09-30,149669,Sundaram Multi Cap Fund (Formerly Known as Principal Multi Cap Growth Fund)-Direct Plan - Growth Option,424.4563
2026-09-30,149674,Sundaram Equity Savings Fund (Formerly Known as Principal Equity Savings Fund) - Growth Option,69.9017
2026-09-30,149675,Sundaram Equity Savings Fund (Formerly Known as Principal Equity Savings Fund)- Income Distribution CUM Capital Withdrawal (IDCW),14.0251
2026-09-30,149677,Sundaram Equity Savings Fund (Formerly Known as  Principal Equity Savings Fund) - Direct Plan - Income Distribution CUM Capital Withdrawal Option (IDCW),15.3272
2026-09-30,149679,Sundaram Equity Savings Fund (Formerly Known as Principal Equity Savings Fund) - Direct Plan - Growth Option,82.5989
2026-09-30,149697,Sundaram Dividend Yield Fund (Formerly Known as Principal Dividend Yield Fund)-Growth Plan,125.3502
2026-09-30,149698,Sundaram Dividend Yield Fund (Formerly Known as Principal Dividend Yield Fund)- Income Distribution CUM Capital Withdrawal Plan,34.0836
2026-09-30,149699,Sundaram Dividend Yield Fund (Formerly Known as Principal Dividend Yield Fund)- Direct Plan - Income Distribution CUM Capital Withdrawal Option,57.9222
2026-09-30,149700,Sundaram Dividend Yield Fund (Formerly Known as Principal Dividend Yield Fund) - Direct Plan - Growth Option,138.7704
2026-09-30,149715,Sundaram Dynamic Asset Allocation Fund Regular Plan - Growth,34.0228
2026-09-30,149716,Sundaram Dynamic Asset Allocation Fund Regular Plan - Monthly IDCW,13.5482
2026-09-30,149717,Sundaram Dynamic Asset Allocation Fund Direct Plan - Growth,40.6091
2026-09-30,149718,Sundaram Dynamic Asset Allocation Fund Direct Plan - Monthly IDCW,16.8772
2026-09-30,149757,Kotak Nifty Midcap 50 ETF,17.3977
2026-09-30,149758,Nippon India Silver ETF,209.5899
2026-09-30,149759,Nippon India Silver ETF FOF-Regular Plan- Growth Option,32.8240
2026-09-30,149760,Nippon India Silver ETF FOF- Direct Plan-Growth Option,33.3947
2026-09-30,149761,Nippon India Silver ETF FOF- Regular Plan-IDCW Option,32.8240
2026-09-30,149762,Nippon India Silver ETF FOF- Direct Plan-IDCW Option,33.3947
2026-09-30,149763,Invesco India Flexi Cap Fund - Direct Plan - Growth,19.96
2026-09-30,149764,Invesco India Flexi Cap Fund - Regular Plan - IDCW,16.56
2026-09-30,149765,Invesco India Flexi Cap Fund - Direct Plan - IDCW,17.86
2026-09-30,149766,Invesco India Flexi Cap Fund - Regular Plan - Growth,18.63
2026-09-30,149775,ICICI Prudential Silver ETF FOF - Direct Plan - Growth,33.5731
2026-09-30,149776,ICICI Prudential Silver ETF FOF - Direct Plan - IDCW,33.5735
2026-09-30,149777,ICICI Prudential Silver ETF FOF - Growth,32.8138
2026-09-30,149778,ICICI Prudential Silver ETF FOF - IDCW,32.8131
2026-09-30,149779,Aditya Birla Sun Life Silver ETF,218.9024
2026-09-30,149780,Aditya Birla Sun Life Silver ETF FOF-Direct Growth,34.0619
2026-09-30,149781,Aditya Birla Sun Life Silver ETF FOF-Direct IDCW,34.0496
2026-09-30,149783,Aditya Birla Sun Life Silver ETF FOF-Regular Growth,33.3604
2026-09-30,149784,Aditya Birla Sun Life Silver ETF FOF-Regular IDCW,33.3541
2026-09-30,149786,Mirae Asset Nifty India Manufacturing ETF,157.3149
2026-09-30,149787,Mirae Asset Nifty India Manufacturing ETF FOF - Direct Plan - IDCW,19.769
2026-09-30,149788,Mirae Asset Nifty India Manufacturing ETF FOF - Regular Plan - Growth,19.416
2026-09-30,149789,Mirae Asset Nifty India Manufacturing ETF FOF - Regular Plan - IDCW,19.489
2026-09-30,149790,Mirae Asset Nifty India Manufacturing ETF FOF - Direct Plan - Growth,19.768
2026-09-30,149791,Aditya Birla Sun Life Nifty SDL Apr 2027 Index Fund-Regular-IDCW Payout,13.1819
2026-09-30,149792,Aditya Birla Sun Life Nifty SDL Apr 2027 Index Fund-Regular Growth,13.1819
2026-09-30,149793,Aditya Birla Sun Life Nifty SDL Apr 2027 Index Fund-Direct IDCW Payout,13.3692
2026-09-30,149794,Aditya Birla Sun Life Nifty SDL Apr 2027 Index Fund-Direct Growth,13.3694
2026-09-30,149795,TRUST MF OVERNIGHT FUND-REGULAR-GROWTH,1302.5769
2026-09-30,149796,TRUST MF OVERNIGHT FUND-DIRECT PLAN-DAILY IDCW REINVESTMENT,1277.6887
2026-09-30,149797,TRUST MF OVERNIGHT FUND-DIRECT PLAN-GROWTH,1305.6737
2026-09-30,149798,TRUST MF OVERNIGHT FUND-REGULAR PLAN-DAILY IDCW REINVESTMENT,1261.4453
2026-09-30,149799,Motilal Oswal Nifty 200 Momentum 30 Index Fund-Regular Plan,14.2737
2026-09-30,149800,Motilal Oswal Nifty 200 Momentum 30 Index Fund-Direct Plan,14.7319
2026-09-30,149801,Motilal Oswal Nifty 200 Momentum 30 ETF,59.7704
2026-09-30,149802,UTI BSE Sensex Index Fund - Regular Plan  -Growth Option,13.0532
2026-09-30,149803,UTI BSE Sensex Index Fund - Direct Plan - Growth Option,13.1126
2026-09-30,149804,Navi Nifty Bank Index Fund- Direct Plan- Growth,14.4235
2026-09-30,149805,Navi Nifty Bank Index Fund- Regular Plan- Growth,13.9349
2026-09-30,149826,JM Overnight Fund - (Direct) - Unclaimed Redemption I.E.F. - Growth Plan,1073.9936
2026-09-30,149827,JM Overnight Fund - (Direct) - Unclaimed IDCW I.E.F. - Growth Plan,1073.9936
2026-09-30,149828,JM Overnight Fund - (Direct) - Unclaimed IDCW - Growth Plan,1404.2895
2026-09-30,149829,JM Overnight Fund - (Direct) - Unclaimed Redemption - Growth Plan,1398.9191
2026-09-30,149832,BANDHAN NIFTY 100 INDEX FUND - DIRECT PLAN - GROWTH,14.2659
2026-09-30,149833,BANDHAN NIFTY 100 INDEX FUND - REGULAR PLAN - GROWTH,13.9450
2026-09-30,149834,BANDHAN NIFTY 100 INDEX FUND - REGULAR PLAN - IDCW,13.9472
2026-09-30,149835,BANDHAN NIFTY 100 INDEX FUND - DIRECT PLAN - IDCW,14.2627
2026-09-30,149836,Aditya Birla Sun Life Nifty Next 50 Index Fund-Regular IDCW,16.9107
2026-09-30,149837,Aditya Birla Sun Life Nifty Next 50 Index Fund-Regular Growth,16.8964
2026-09-30,149838,Aditya Birla Sun Life Nifty Next 50 Index Fund-Direct Growth,17.3812
2026-09-30,149839,Aditya Birla Sun Life Nifty Next 50 Index Fund-Direct IDCW,17.3705
2026-09-30,149840,Kotak Manufacture in India Fund - Regular Plan Growth,21.985
2026-09-30,149841,Kotak Manufacture in India Fund - Direct Plan Growth,23.597
2026-09-30,149842,Kotak Manufacture in India Fund - Direct Plan IDCW Option,23.597
2026-09-30,149843,Kotak Manufacture in India Fund - Regular Plan IDCW Option,21.984
2026-09-30,149844,Axis Multi Factor Passive FoF - Regular Plan - Growth Option,14.6607
2026-09-30,149845,Axis Multi Factor Passive FoF - Regular Plan - IDCW,14.6615
2026-09-30,149846,Axis Multi Factor Passive FoF - Direct Plan - IDCW,14.8799
2026-09-30,149847,Axis Multi Factor Passive FoF - Direct Plan - Growth Option,14.8802
2026-09-30,149852,Kotak Nifty SDL Apr  2027 Top 12 Equal Weight Index Fund-Regular Plan- Growth,13.1898
2026-09-30,149853,Kotak Nifty SDL Apr  2027 Top 12 Equal Weight Index Fund-Regular Plan-IDCW Option,13.19
2026-09-30,149854,Kotak Nifty SDL Apr 2027 Top 12 Equal Weight Index Fund-Direct Plan-IDCW Option,13.2833
2026-09-30,149855,Kotak Nifty SDL Apr  2027 Top 12 Equal Weight Index Fund-Direct Plan-Growth,13.284
2026-09-30,149858,ICICI Prudential Nifty Bank Index Fund - Direct Plan Growth,15.7796
2026-09-30,149859,ICICI Prudential Nifty Bank Index Fund - Growth,15.3167
2026-09-30,149860,ICICI Prudential Nifty Bank Index Fund - IDCW,15.3167
2026-09-30,149861,ICICI Prudential Nifty Bank Index Fund - Direct Plan IDCW,15.7794
2026-09-30,149862,Kotak Nifty SDL Apr 2032 Top 12 Equal Weight Index Fund-Regular Plan-Growth,13.3203
2026-09-30,149864,Kotak Nifty SDL Apr 2032 Top 12 Equal Weight Index Fund-Direct Plan-IDCW Option,13.4235
2026-09-30,149865,Kotak Nifty SDL Apr 2032 Top 12 Equal Weight Index Fund-Direct Plan- Growth,13.4251
2026-09-30,149866,Kotak Nifty SDL Apr 2032 Top 12 Equal Weight Index Fund-Regular Plan-IDCW Option,13.3244
2026-09-30,149868,HDFC NIFTY 100 Index Fund - Direct Plan - Growth Option,14.1818
2026-09-30,149869,HDFC NIFTY 100 Index Fund - Growth Option,13.8656
2026-09-30,149870,HDFC Nifty 100 Equal Weight Index Fund - Direct Plan - Growth Option,16.7014
2026-09-30,149871,HDFC Nifty 100 Equal Weight Index Fund - Growth Option,16.3427
2026-09-30,149872,Axis CRISIL IBX SDL May 2027 Index Fund - Regular Plan - Growth,13.1939
2026-09-30,149873,Axis CRISIL IBX SDL May 2027 Index Fund - Direct Plan - Growth,13.2785
2026-09-30,149874,Axis CRISIL IBX SDL May 2027 Index Fund - Direct Plan - IDCW,13.2780
2026-09-30,149875,Axis CRISIL IBX SDL May 2027 Index Fund - Regular Plan - IDCW,13.1941
2026-09-30,149876,SBI Fixed Maturity Plan (FMP) - Series 60 (1878 Days) - Regular Plan - Growth,13.2674
2026-09-30,149877,SBI Fixed Maturity Plan (FMP) - Series 60 (1878 Days) - Regular Plan - Income Distribution cum Capital Withdrawal Option (IDCW),13.2674
2026-09-30,149878,SBI Fixed Maturity Plan (FMP) - Series 60 (1878 Days) - Direct Plan - Growth,13.3393
2026-09-30,149879,SBI Fixed Maturity Plan (FMP) - Series 60 (1878 Days) - Direct Plan - Income Distribution cum Capital Withdrwal Option (IDCW),13.3398
2026-09-30,149880,UTI BSE Low Volatility Index Fund - Regular Plan - Growth Option,14.8967
2026-09-30,149881,UTI BSE Low Volatility Index Fund - Direct Plan  - Growth Option,15.217
2026-09-30,149882,SBI Multicap Fund- Direct Plan- Growth option,17.4130
2026-09-30,149883,SBI Multicap Fund- Regular Plan- Income Distribution cum Capital Withdrawal Option (IDCW),16.7140
2026-09-30,149886,SBI Multicap Fund- Regular Plan- Growth Option,16.7113
2026-09-30,149887,SBI Multicap Fund- Direct Plan - Income Distribution cum Capital Withdrawal Option (IDCW),17.4132
2026-09-30,149892,Navi Nifty Midcap 150 Index Fund Direct Plan- Growth,20.701
2026-09-30,149893,Navi Nifty Midcap 150 Index Fund Regular Plan- Growth,19.9216
2026-09-30,149894,Axis Nifty Smallcap 50 Index Fund - Direct Plan - Growth Option,20.4555
2026-09-30,149895,Axis Nifty Smallcap 50 Index Fund - Direct Plan - IDCW,20.4554
2026-09-30,149896,Axis Nifty Smallcap 50 Index Fund - Regular Plan - Growth Option,19.7805
2026-09-30,149897,Axis Nifty Smallcap 50 Index Fund - Regular Plan - IDCW,19.7808
2026-09-30,149914,Nippon India Fixed Maturity Plan-XLIII-Series 5- Direct Plan-Payout of IDCW,13.5851
2026-09-30,149915,Nippon India Fixed Maturity Plan-XLIII-Series 5- Regular Plan-Growth Option,13.4612
2026-09-30,149916,Nippon India Fixed Maturity Plan-XLIII-Series 5- Regular Plan-Payout of IDCW,13.4612
2026-09-30,149917,Nippon India Fixed Maturity Plan-XLIII-Series 5- Direct Plan-Growth Option,13.5851
2026-09-30,149918,Mirae Asset Nifty Midcap 150 ETF,22.3612
2026-09-30,149919,Motilal Oswal BSE Low Volatility Index Fund-Direct plan,15.1132
2026-09-30,149920,Motilal Oswal BSE Low Volatility Index Fund-Regular plan,14.6697
2026-09-30,149921,Motilal Oswal BSE Low Volatility ETF,34.1915
2026-09-30,149922,HDFC FMP 1861D March 2022 - Growth Option,13.3061
2026-09-30,149923,HDFC FMP 1861D March 2022 - Quarterly Dividend Option - Direct Plan,10.0084
2026-09-30,149924,HDFC FMP 1861D March 2022 - Growth Option - Direct Plan,13.406
2026-09-30,149925,HDFC FMP 1861D March 2022 - IDCW Option,13.3061
2026-09-30,149926,HDFC FMP 1861D March 2022 - IDCW Option - Direct Plan,13.406
2026-09-30,149927,HDFC FMP 1861D March 2022 - Quarterly Dividend Option,10.008
2026-09-30,149928,ICICI Prudential Nifty 5 yr Benchmark G-SEC ETF,65.8605
2026-09-30,149935,Axis Nifty Midcap 50 Index Fund - Direct Plan - IDCW Option,20.7241
2026-09-30,149936,Axis Nifty Midcap 50 Index Fund - Direct Plan - Growth Option,20.7248
2026-09-30,149937,Axis Nifty Midcap 50 Index Fund - Regular Plan - IDCW Option,20.0386
2026-09-30,149938,Axis Nifty Midcap 50 Index Fund - Regular Plan - Growth Option,20.0386
2026-09-30,149959,Tata Nifty India Digital Exchange Traded Fund,83.5755
2026-09-30,149960,Invesco India - Invesco EQQQ Nasdaq-100 ETF Fund of Fund - Regular Plan - Growth,27.1475
2026-09-30,149961,Invesco India - Invesco EQQQ Nasdaq-100 ETF Fund of Fund - Direct Plan - Growth,27.4347
2026-09-30,149962,HSBC CRISIL IBX 50:50 Gilt Plus SDL Apr 2028 Index Fund - Direct - Payout of IDCW,13.3786
2026-09-30,149963,HSBC CRISIL IBX 50:50 Gilt Plus SDL Apr 2028 Index Fund - Regular - Growth,13.2704
2026-09-30,149964,HSBC CRISIL IBX 50:50 Gilt Plus SDL Apr 2028 Index Fund - Regular - payout of IDCW,13.2703
2026-09-30,149966,HSBC CRISIL IBX 50:50 Gilt Plus SDL Apr 2028 Index Fund - Direct - Growth,13.3786
2026-09-30,149968,DSP Nifty SDL Plus G-Sec Jun 2028 30:70 Index Fund - Regular - Growth,13.2928
2026-09-30,149969,DSP Nifty SDL Plus G-Sec Jun 2028 30:70 Index Fund - Regular - IDCW,13.2928
2026-09-30,149970,DSP Nifty SDL Plus G-Sec Jun 2028 30:70 Index Fund - Direct - Growth,13.3837
2026-09-30,149971,DSP Nifty SDL Plus G-Sec Jun 2028 30:70 Index Fund - Direct - IDCW,13.3837
2026-09-30,149988,Baroda BNP Paribas Overnight Fund - Plan C - Unclaimed IDCW - Greater than 3 years,1000.0000
2026-09-30,149989,Baroda BNP Paribas Overnight Fund - Plan C - Unclaimed Redemption - Up to 3 years,1302.0141
2026-09-30,149990,Baroda BNP Paribas Overnight Fund - Plan C - Unclaimed Redemption - Greater than 3 years,1000.0000
2026-09-30,149991,Baroda BNP Paribas Overnight Fund - Plan C - Unclaimed IDCW - Up to 3 years,1302.0446
2026-09-30,149992,SBI Fixed Maturity Plan (FMP)- Series 61 (1927 Days)- Regular Plan- Income Distribution Cum Capital withdrawal option,13.3029
2026-09-30,149993,SBI Fixed Maturity Plan (FMP)- Series 61 (1927 Days)- Direct Plan- Growth option,13.3731
2026-09-30,149994,SBI Fixed Maturity Plan (FMP)- Series 61 (1927 Days)- Regular Plan- Growth option,13.3030
2026-09-30,149995,SBI Fixed Maturity Plan (FMP)- Series 61 (1927 Days)- Direct Plan- Income Distribution Cum Capital withdrawal option,13.3733
2026-09-30,149996,ICICI Prudential Nifty SDL Sep 2027 Index Fund - Annual IDCW,13.2286
2026-09-30,149997,ICICI Prudential Nifty SDL Sep 2027 Index Fund - Direct Plan - Annual IDCW,13.3174
2026-09-30,149998,ICICI Prudential Nifty SDL Sep 2027 Index Fund - Growth,13.2286
2026-09-30,149999,ICICI Prudential Nifty SDL Sep 2027 Index Fund - Direct Plan - Growth,13.3173
2026-09-30,150000,Kotak Nifty 100 Low Volatility 30 ETF,19.7796
2026-09-30,150001,HDFC FMP 1876D March 2022 - Growth Option,13.2669
2026-09-30,150002,HDFC FMP 1876D March 2022 - Growth Option - Direct Plan,13.3556
2026-09-30,150003,HDFC FMP 1876D March 2022 - IDCW Option - Direct Plan,13.3556
2026-09-30,150004,HDFC FMP 1876D March 2022 - IDCW Option,13.2669
2026-09-30,150005,HDFC FMP 1876D March 2022 - Quarterly Dividend Option,10.0072
2026-09-30,150006,HDFC FMP 1876D March 2022 - Quarterly Dividend Option - Direct Plan,10.0076
2026-09-30,150008,Nippon India Nifty AAA CPSE Bond Plus SDL - Apr 2027 Maturity 60:40 Index Fund - Direct Plan - IDCW Option,12.8596
2026-09-30,150009,Nippon India Nifty AAA CPSE Bond Plus SDL - Apr 2027 Maturity 60:40 Index Fund - Regular Plan - IDCW Option,12.7839
2026-09-30,150011,Nippon India Nifty AAA CPSE Bond Plus SDL - Apr 2027 Maturity 60:40 Index Fund - Regular Plan - Growth Option,13.1078
2026-09-30,150012,Nippon India Nifty AAA CPSE Bond Plus SDL - Apr 2027 Maturity 60:40 Index Fund - Direct Plan - Growth Option,13.2117
2026-09-30,150156,BARODA BNP PARIBAS ELSS Tax Saver Fund - Regular - Growth Option,95.0265
2026-09-30,150157,BARODA BNP PARIBAS ELSS Tax Saver Fund- Regular - IDCW Option,20.8869
2026-09-30,150158,BARODA BNP PARIBAS ELSS Tax Saver Fund - Direct Plan - IDCW Option,26.8906
2026-09-30,150159,BARODA BNP PARIBAS ELSS Tax Saver Fund - Direct Plan - Growth Option,108.6747
2026-09-30,150160,BARODA BNP PARIBAS Ultra Short to Short Term Fund-Defunct Plan-Growth Option,43.0294
2026-09-30,150161,BARODA BNP PARIBAS Ultra Short to Short Term Fund-Defunct Plan-Weekly IDCW Option,10.0137
2026-09-30,150162,BARODA BNP PARIBAS Ultra Short to Short Term Fund-Defunct Plan-Monthly IDCW Option,10.4557
2026-09-30,150163,BARODA BNP PARIBAS Ultra Short to Short Term Fund-Defunct Plan- Daily IDCW Option,10.0499
2026-09-30,150164,BARODA BNP PARIBAS Ultra Short to Short Term FUND - Regular Plan - DAILY IDCW OPTION,10.0604
2026-09-30,150165,BARODA BNP PARIBAS Ultra Short to Short Term FUND - Regular Plan - GROWTH OPTION,42.9548
2026-09-30,150166,BARODA BNP PARIBAS Ultra Short to Short FUND - Regular Plan - WEEKLY IDCW OPTION,10.0137
2026-09-30,150167,BARODA BNP PARIBAS Ultra Short to Short Term FUND - Regular Plan - MONTHLY IDCW OPTION,10.2244
2026-09-30,150168,BARODA BNP PARIBAS Ultra Short to Short term Fund Direct Plan - Daily IDCW Option,10.0950
2026-09-30,150169,BARODA BNP PARIBAS Ultra Short to Short Term Fund - Direct Plan - Growth Option,47.4833
2026-09-30,150170,BARODA BNP PARIBAS Ultra Short to Short term Fund - Direct Plan - Monthly IDCW Option,10.4056
2026-09-30,150171,BARODA BNP PARIBAS Ultra Short to Short Term Fund - Direct Plan - Weekly IDCW Option,10.0148
2026-09-30,150172,Baroda BNP Paribas Dynamic Term Fund-Defunct Plan - Growth Option,32.7134
2026-09-30,150173,Baroda BNP Paribas Dynamic Term Fund - Regular Plan - Growth Option,46.4542
2026-09-30,150174,Baroda BNP Paribas Dynamic Term Fund - Regular Plan - Daily IDCW Option,10.0451
2026-09-30,150175,Baroda BNP Paribas Dynamic Term Fund - Regular Plan - Weekly IDCW Option,10.0301
2026-09-30,150176,Baroda BNP Paribas Dynamic Term Fund - Regular Plan - Monthly IDCW Option,10.0645
2026-09-30,150177,Baroda BNP Paribas Dynamic Term Fund - Regular Plan - Quarterly IDCW Option,10.1588
2026-09-30,150178,Baroda BNP Paribas Dynamic Term Fund - Regular Plan - Half Yearly IDCW Option,10.1940
2026-09-30,150179,Baroda BNP Paribas Dynamic Term Fund - Direct Plan - Daily IDCW Option,10.0576
2026-09-30,150180,Baroda BNP Paribas Dynamic Term Fund - Direct Plan - Growth Option,52.3624
2026-09-30,150182,Baroda BNP Paribas Dynamic Term Fund - Direct Plan - Monthly IDCW Option,10.3015
2026-09-30,150183,Baroda BNP Paribas Dynamic Term Fund - Direct Plan - Quarterly IDCW Option,10.2033
2026-09-30,150184,Baroda BNP Paribas Dynamic Term Fund - Direct Plan - Weekly IDCW Option,10.0437
2026-09-30,150185,BARODA BNP PARIBAS LARGE CAP Fund- Regular Plan - Growth Option,210.1640
2026-09-30,150186,BARODA BNP PARIBAS LARGE CAP Fund - Regular Plan - IDCW Option,20.5025
2026-09-30,150187,BARODA BNP PARIBAS LARGE CAP Fund - Direct Plan - Growth Option,245.9722
2026-09-30,150188,BARODA BNP PARIBAS LARGE CAP Fund - Direct Plan - IDCW Option,24.9943
2026-09-30,150203,BARODA BNP PARIBAS Conservative Hybrid Fund-Regular Plan-Growth Option,46.1843
2026-09-30,150204,BARODA BNP PARIBAS Conservative hybrid Fund-Regular Plan-Monthly IDCW Option,10.4503
2026-09-30,150205,BARODA BNP PARIBAS Conservative Hybrid Fund-Regular Plan-Quarterly IDCW Option,10.5369
2026-09-30,150206,BARODA BNP PARIBAS Conservative Hybrid Fund - Direct Plan - Growth Option,57.3287
2026-09-30,150207,BARODA BNP PARIBAS Conservative Hybrid Fund - Direct Plan - Monthly IDCW Option,12.9284
2026-09-30,150208,BARODA BNP PARIBAS Conservative Hybrid Fund - Direct Plan - Quarterly IDCW Option,12.4434
2026-09-30,150209,BARODA BNP PARIBAS Mid Cap Fund - Regular Plan - Growth Option,106.1011
2026-09-30,150210,BARODA BNP PARIBAS Mid Cap Fund - Regular Plan - IDCW Option,55.2285
2026-09-30,150211,BARODA BNP PARIBAS Mid Cap Fund - Direct Plan - IDCW Option,71.0288
2026-09-30,150212,BARODA BNP PARIBAS Mid Cap Fund - Direct Plan - Growth Option,128.4882
2026-09-30,150228,BARODA BNP PARIBAS Corporate Bond Fund - Defunct Plan - Quarterly-IDCW Option,10.2917
2026-09-30,150229,BARODA BNP PARIBAS Corporate Bond Fund - Defunct Plan - Growth Option,34.1200
2026-09-30,150230,BARODA BNP PARIBAS Corporate Bond Fund - Defunct Plan - Annual-IDCW Option,12.2820
2026-09-30,150231,BARODA BNP PARIBAS Corporate Bond Fund - Defunct Plan - Monthly-IDCW Option,10.3058
2026-09-30,150232,BARODA BNP PARIBAS CORPORATE BOND FUND - Regular Plan - QUARTERLY IDCW OPTION,10.3049
2026-09-30,150233,BARODA BNP PARIBAS CORPORATE BOND FUND - Regular Plan - ANNUAL IDCW OPTION,12.2025
2026-09-30,150234,BARODA BNP PARIBAS CORPORATE BOND FUND - Regular Plan - MONTHLY IDCW OPTION,10.3521
2026-09-30,150235,BARODA BNP PARIBAS CORPORATE BOND FUND - Regular Plan - GROWTH OPTION,29.4794
2026-09-30,150236,BARODA BNP PARIBAS Corporate Bond Fund - Direct Plan - Annual IDCW Option,12.5932
2026-09-30,150237,BARODA BNP PARIBAS Corporate Bond Fund - Direct Plan - Growth Option,31.4174
2026-09-30,150238,BARODA BNP PARIBAS Corporate Bond Fund - Direct Plan - Monthly IDCW Option,10.5299
2026-09-30,150239,BARODA BNP PARIBAS Corporate Bond Fund - Direct Plan - Quarterly IDCW Option,10.5429
2026-09-30,150250,BARODA BNP PARIBAS ARBITRAGE FUND- REGULAR PLAN- GROWTH OPTION,17.1589
2026-09-30,150251,BARODA BNP PARIBAS ARBITRAGE FUND-DIRECT PLAN-GROWTH OPTION,18.3050
2026-09-30,150252,BARODA BNP PARIBAS ARBITRAGE FUND -DIRECT PLAN - ADHOC IDCW OPTION,11.6968
2026-09-30,150253,BARODA BNP PARIBAS ARBITRAGE FUND-REGULAR PLAN- ADHOC IDCW OPTION,11.1984
2026-09-30,150254,BARODA BNP PARIBAS ARBITRAGE FUND REGULAR PLAN MONTHLY IDCW Option,10.5973
2026-09-30,150255,BARODA BNP PARIBAS ARBITRAGE FUND DIRECT PLAN MONTHLY IDCW Option,10.8255
2026-09-30,150256,BARODA BNP PARIBAS ARBITRAGE FUND DIRECT PLAN QUARTERLY IDCW Option,10.8900
2026-09-30,150257,BARODA BNP PARIBAS ARBITRAGE FUND REGULAR PLAN QUARTERLY IDCW Option,10.7048
2026-09-30,150258,Baroda BNP Paribas Aggressive Hybrid Fund- REGULAT PLAN -GROWTH OPTION,26.9774
2026-09-30,150259,Baroda BNP Paribas Aggressive Hybrid Fund -DIRECT PLAN- IDCW OPTION,17.0839
2026-09-30,150260,Baroda BNP Paribas Aggressive Hybrid Fund- DIRECT PLAN - GROWTH OPTION,31.4342
2026-09-30,150261,Baroda BNP Paribas Aggressive Hybrid Fund- REGULAR PLAN- IDCW OPTION,14.6685
2026-09-30,150262,BARODA BNP PARIBAS Focused Fund - Regular Plan - IDCW Option,13.1732
2026-09-30,150263,BARODA BNP PARIBAS Focused Fund - Regular Plan-Growth Option,19.9869
2026-09-30,150264,BARODA BNP PARIBAS Focused Fund - Direct Plan - Growth Option,23.1291
2026-09-30,150265,BARODA BNP PARIBAS Focused Fund - Direct Plan - IDCW Option,15.2107
2026-09-30,150266,BARODA BNP PARIBAS India Consumption Fund - Direct Plan - Growth Option,32.7300
2026-09-30,150267,BARODA BNP PARIBAS India Consumption Fund - Regular Plan - IDCW Option,17.9144
2026-09-30,150268,BARODA BNP PARIBAS India Consumption Fund - Regular Plan - Growth Option,29.0429
2026-09-30,150269,BARODA BNP PARIBAS India Consumption Fund - Direct Plan - IDCW Option,20.8271
2026-09-30,150308,ICICI PRUDENTIAL HOUSING OPPORTUNITIES FUND - Growth,16.46
2026-09-30,150309,ICICI PRUDENTIAL HOUSING OPPORTUNITIES FUND - IDCW,13.84
2026-09-30,150310,ICICI PRUDENTIAL HOUSING OPPORTUNITIES FUND - Direct Plan Growth,17.35
2026-09-30,150311,ICICI PRUDENTIAL HOUSING OPPORTUNITIES FUND - Direct Plan IDCW,14.71
2026-09-30,150312,UTI Nifty Midcap 150 Quality 50 Index Fund - Regular Plan - Growth Option,13.2788
2026-09-30,150313,UTI Nifty Midcap 150 Quality 50 Index Fund - Direct Plan - Growth Option,13.5515
2026-09-30,150314,Aditya Birla Sun Life Fixed Term Plan - Series TQ (1879 days) - Regular Plan - Growth Option,13.2818
2026-09-30,150315,Aditya Birla Sun Life Fixed Term Plan - Series TQ (1879 days) - Regular Plan - Payout of IDCW option,13.2816
2026-09-30,150316,Aditya Birla Sun Life Fixed Term Plan - Series TQ (1879 days) - Direct Plan - Growth Option,13.3301
2026-09-30,150326,Tata Nifty SDL Plus AAA PSU Bond Dec 6040 Index Fund- Direct Plan-Growth,13.3942
2026-09-30,150327,Tata Nifty SDL Plus AAA PSU Bond Dec 6040 Index Fund-Direct Plan-IDCW Payout,13.3942
2026-09-30,150328,Tata Nifty SDL Plus AAA PSU Bond Dec 6040 Index Fund-Direct Plan- IDCW Reinvestment,13.3942
2026-09-30,150329,Tata Nifty SDL Plus AAA PSU Bond Dec 6040 Index Fund-Regular Plan- IDCW Reinvestment,13.2343
2026-09-30,150330,Tata Nifty SDL Plus AAA PSU Bond Dec 6040 Index Fund-Regular Plan -Growth,13.2343
2026-09-30,150331,Tata Nifty SDL Plus AAA PSU Bond Dec 6040 Index Fund -Regular Plan-IDCW Payout,13.2343
2026-09-30,150340,Tata Nifty India Digital ETF Fund of Fund-Direct Plan-IDCW Payout,12.9789
2026-09-30,150341,Tata Nifty India Digital ETF Fund of Fund-Direct Plan- IDCW Reinvestment,12.9789
2026-09-30,150342,Tata Nifty India Digital ETF Fund of Fund-Regular Plan-IDCW Payout,12.7285
2026-09-30,150343,Tata Nifty India Digital ETF Fund of Fund-Regular Plan-IDCW Reinvestment,12.7285
2026-09-30,150344,Tata Nifty India Digital ETF Fund of Fund-Direct Plan-Growth,12.9789
2026-09-30,150345,Tata Nifty India Digital ETF Fund of Fund -Regular Plan-Growth,12.7285
2026-09-30,150346,WhiteOak Capital Flexi Cap Fund Direct Plan-Growth,18.389
2026-09-30,150347,WhiteOak Capital Flexi Cap Fund Regular Plan-Growth,17.322
2026-09-30,150348,WhiteOak Capital Flexi Cap Fund Regular Plan IDCW,17.322
2026-09-30,150349,WhiteOak Capital Flexi Cap Fund Direct Plan IDCW,18.389
2026-09-30,150350,Aditya Birla Sun Life Crisil IBX 60:40 SDL+AAA PSU-Apr 2027 Index Fund-Regular IDCW,13.1059
2026-09-30,150351,Aditya Birla Sun Life Crisil IBX 60:40 SDL+AAA PSU-Apr 2027 Index Fund-Regular Growth,13.1096
2026-09-30,150352,Aditya Birla Sun Life Crisil IBX 60:40 SDL+AAA PSU-Apr 2027 Index Fund-Direct IDCW,13.2105
2026-09-30,150353,Aditya Birla Sun Life Crisil IBX 60:40 SDL+AAA PSU-Apr 2027 Index Fund-Direct Growth,13.2083
2026-09-30,150358,Mirae Asset Nifty SDL Jun 2027 Index Fund - Direct Plan - Growth,13.2955
2026-09-30,150359,Mirae Asset Nifty SDL Jun 2027 Index Fund - Direct Plan - IDCW,13.2961
2026-09-30,150360,Mirae Asset Nifty SDL Jun 2027 Index Fund - Regular Plan - Growth,13.1994
2026-09-30,150361,Mirae Asset Nifty SDL Jun 2027 Index Fund - Regular Plan - IDCW,13.2001
2026-09-30,150366,NJ Arbitrage Fund - Regular Plan - Growth Option,12.8052
2026-09-30,150367,NJ Arbitrage Fund - Direct Plan - Growth Option,13.1828
2026-09-30,150368,NJ Overnight Fund - Regular Plan - Growth Option,1272.9047
2026-09-30,150369,NJ Overnight Fund - Direct Plan - Growth Option,1278.2143
2026-09-30,150376,Edelweiss Focused Fund - Direct Plan - Growth,16.751
2026-09-30,150382,Edelweiss Focused Fund - Regular Plan - Growth,15.662
2026-09-30,150383,Edelweiss Focused Fund - Direct Plan - IDCW,15.319
2026-09-30,150384,Edelweiss Focused Fund - Regular Plan - IDCW,14.236
2026-09-30,150385,Baroda BNP Paribas Flexi Cap Fund - Regular Plan - Growth Option,15.2270
2026-09-30,150386,Baroda BNP Paribas Flexi Cap Fund - Regular Plan - IDCW Option,12.7132
2026-09-30,150387,Baroda BNP Paribas Flexi Cap Fund - Direct Plan - Growth Option,16.1058
2026-09-30,150388,Baroda BNP Paribas Flexi Cap Fund - Direct Plan - IDCW Option,13.4508
2026-09-30,150389,Quantum Nifty 50 ETF FOF - Regular Plan - Growth,13.4456
2026-09-30,150390,Quantum Nifty 50 ETF FOF - Direct Plan - Growth,13.5130
2026-09-30,150391,LIC MF Money Market Fund-Direct Plan-IDCW,1306.2621
2026-09-30,150392,LIC MF Money Market Fund-Direct Plan-Growth,1306.2622
2026-09-30,150393,LIC MF Money Market Fund-Regular Plan-Growth,1286.0892
2026-09-30,150394,LIC MF Money Market Fund-Regular Plan-IDCW,1286.0892
2026-09-30,150401,BANDHAN MID CAP FUND - IDCW - DIRECT PLAN,19.776
2026-09-30,150402,BANDHAN MID CAP FUND - GROWTH - REGULAR PLAN,18.576
2026-09-30,150403,BANDHAN MID CAP FUND - IDCW - REGULAR PLAN,17.424
2026-09-30,150404,BANDHAN MID CAP FUND - GROWTH - DIRECT PLAN,19.794
2026-09-30,150405,Union Gilt Fund - Regular Plan - Growth Option,12.1286
2026-09-30,150406,Union Gilt Fund - Regular Plan - Annual IDCW Option,11.4088
2026-09-30,150407,Union Gilt Fund - Direct Plan - Growth Option,12.3741
2026-09-30,150408,Union Gilt Fund - Direct Plan - Annual IDCW Option,11.6883
2026-09-30,150409,UTI 10 year Constant Maturity Gilt Fund - Regular Plan - Growth Option,12.964
2026-09-30,150410,UTI 10 year Constant Maturity Gilt Fund - Direct Plan - Growth Option,13.2252
2026-09-30,150411,UTI 10 year Constant Maturity Gilt Fund - Regular Plan - Discontinued Quarterly IDCW Option,12.9641
2026-09-30,150412,UTI 10 year Constant Maturity Gilt Fund - Direct Plan - Discontinued Quarterly IDCW Option,13.2255
2026-09-30,150415,UTI 10 year Constant Maturity Gilt Fund - Direct Plan - Half Yearly IDCW Option,13.0947
2026-09-30,150416,UTI 10 year Constant Maturity Gilt Fund - Regular Plan - Half Yearly IDCW Option,12.9637
2026-09-30,150419,UTI 10 year Constant Maturity Gilt Fund - Regular Plan - Annual IDCW Option,11.2839
2026-09-30,150420,UTI 10 year Constant Maturity Gilt Fund - Regular Plan - Discontinued Flexi IDCW Option,12.9635
2026-09-30,150423,UTI 10 year Constant Maturity Gilt Fund - Direct Plan - Annual IDCW Option,11.5299
2026-09-30,150424,UTI 10 year Constant Maturity Gilt Fund - Direct Plan - Discontinued Flexi IDCW Option,13.2253
2026-09-30,150427,DSP Nifty Midcap 150 Quality 50 Index Fund - Regular - Growth,13.6071
2026-09-30,150428,DSP Nifty Midcap 150 Quality 50 Index Fund - Direct - Growth,13.9760
2026-09-30,150429,DSP Nifty Midcap 150 Quality 50 Index Fund - Direct - IDCW,13.2768
2026-09-30,150430,DSP Nifty Midcap 150 Quality 50 Index Fund - Regular - IDCW,12.2245
2026-09-30,150439,quant Large Cap Fund - IDCW Option - Direct Plan,16.3744
2026-09-30,150440,quant Large Cap Fund - Growth Option - Direct Plan,16.3072
2026-09-30,150441,quant Large Cap Fund - Growth Option - Regular Plan,15.2866
2026-09-30,150442,quant Large Cap Fund - IDCW Option - Regular Plan,15.202
2026-09-30,150443,Motilal Oswal BSE Financials ex Bank 30 Index Fund Direct Growth,16.5817
2026-09-30,150444,Motilal Oswal BSE Financials ex Bank 30 Index Fund Regular Growth,16.1170
2026-09-30,150445,Motilal Oswal BSE Healthcare ETF,50.8011
2026-09-30,150451,ICICI Prudential Nifty 200 Momentum 30 Index Fund - IDCW,15.6572
2026-09-30,150452,ICICI Prudential Nifty 200 Momentum 30 Index Fund - Direct Plan - Growth,16.0739
2026-09-30,150453,ICICI Prudential Nifty 200 Momentum 30 Index Fund - Direct Plan - IDCW,16.0715
2026-09-30,150454,ICICI Prudential Nifty 200 Momentum 30 Index Fund - Growth,15.6576
2026-09-30,150455,ICICI Prudential Nifty 200 Momentum 30 ETF,30.0682
2026-09-30,150456,Union Gilt Fund - Direct Plan - Half-yearly IDCW Option,12.0214
2026-09-30,150457,Union Gilt Fund - Regular Plan - Half-yearly IDCW Option,11.7738
2026-09-30,150466,ICICI Prudential Nifty IT Index Fund - Growth,9.6302
2026-09-30,150467,ICICI Prudential Nifty IT Index Fund - IDCW,9.6302
2026-09-30,150468,ICICI Prudential Nifty IT Index Fund - Direct Plan - Growth,9.8472
2026-09-30,150469,ICICI Prudential Nifty IT Index Fund - Direct Plan - IDCW,9.8520
2026-09-30,150470,Mirae Asset Balanced Advantage Fund - Direct Plan - Growth,15.240
2026-09-30,150471,Mirae Asset Balanced Advantage Fund - Direct Plan - IDCW,14.031
2026-09-30,150473,Mirae Asset Balanced Advantage Fund - Regular Plan - Growth,14.387
2026-09-30,150474,Mirae Asset Balanced Advantage Fund - Regular Plan - IDCW,13.256
2026-09-30,150476,HDFC NIFTY 100 ETF - Growth Option,24.5628
2026-09-30,150477,HDFC NIFTY NEXT 50 ETF - Growth Option,71.347
2026-09-30,150478,Franklin India Balanced Advantage Fund- IDCW,12.5269
2026-09-30,150479,Franklin India Balanced Advantage Fund- IDCW- Direct,12.5467
2026-09-30,150480,Franklin India Balanced Advantage Fund- Growth,14.0582
2026-09-30,150481,Franklin India Balanced Advantage Fund- Growth- Direct,15.0042
2026-09-30,150482,Aditya Birla Sun Life Long Term Fund-Regular Growth,12.9954
2026-09-30,150483,Aditya Birla Sun Life Long Term Fund-Regular IDCW Payout,10.6050
2026-09-30,150484,Aditya Birla Sun Life Long Term Fund-Direct Growth,13.3367
2026-09-30,150485,Aditya Birla Sun Life Long Term Fund-Direct IDCW Payout,10.8885
2026-09-30,150487,Nippon India Nifty Alpha Low Volatility 30 Index Fund - Direct Plan - Growth Option,15.2332
2026-09-30,150488,Nippon India Nifty Alpha Low Volatility 30 Index Fund - Direct Plan - IDCW Option,15.2332
2026-09-30,150490,Nippon India Nifty Alpha Low Volatility 30 Index Fund - Regular Plan - Growth Option,14.8858
2026-09-30,150491,Nippon India Nifty Alpha Low Volatility 30 Index Fund - Regular Plan - IDCW Option,14.8858
2026-09-30,150492,Kotak Nifty India Consumption ETF,11.4133
2026-09-30,150497,Aditya Birla Sun Life Nifty 200 Quality 30 ETF,19.8882
2026-09-30,150498,Aditya Birla Sun Life Nifty 200 Momentum 30 ETF,29.9012
2026-09-30,150499,HSBC Overnight Fund - Unclaimed IDCW Below three years,1282.9799
2026-09-30,150500,HSBC Overnight Fund - Unclaimed Redemption above three years,1000
2026-09-30,150501,HSBC Overnight Fund - Unclaimed IDCW Above three years,1000
2026-09-30,150502,HSBC Overnight Fund - Unclaimed Redemption Below three years,1282.9997
2026-09-30,150503,Canara Robeco Banking and PSU Debt Fund- Regular Plan- Growth Option,12.7268
2026-09-30,150504,Canara Robeco Banking and PSU Debt Fund- Regular Plan- IDCW (Payout/ Reinvestment),10.6782
2026-09-30,150505,Canara Robeco Banking and PSU Debt Fund- Direct Plan- Growth Option,12.8866
2026-09-30,150507,Canara Robeco Banking and PSU Debt Fund- Direct Plan- IDCW Payout,10.8032
2026-09-30,150511,TRUSTMF MONEY MARKET FUND-REGULAR PLAN-GROWTH,1315.0485
2026-09-30,150512,TRUSTMF MONEY MARKET FUND-REGULAR PLAN-MONTHLY IDCW,1158.8281
2026-09-30,150513,TRUSTMF MONEY MARKET FUND-DIRECT PLAN-GROWTH,1326.6441
2026-09-30,150514,TRUSTMF MONEY MARKET FUND-DIRECT PLAN-MONTHLY IDCW,1169.5651
2026-09-30,150515,Navi Nifty India Manufacturing Index Fund- Direct Plan- Growth,18.8202
2026-09-30,150516,Navi Nifty India Manufacturing Index Fund- Regular Plan- Growth,18.2457
2026-09-30,150517,Motilal Oswal BSE Enhanced Value ETF,107.8239
2026-09-30,150518,Motilal Oswal BSE Enhanced Value Index Fund-Direct plan,26.1358
2026-09-30,150519,Motilal Oswal BSE Enhanced Value Index Fund-Regular plan,25.4206
2026-09-30,150520,Motilal Oswal BSE Quality ETF,187.4931
2026-09-30,150521,Motilal Oswal BSE Quality Index Fund-Direct plan,16.4371
2026-09-30,150522,Motilal Oswal BSE Quality Index Fund-Regular plan,15.9819
2026-09-30,150523,DSP Silver ETF,21.1236
2026-09-30,150526,ICICI Prudential Nifty Infrastructure ETF,89.9548
2026-09-30,150531,Kotak Nifty MNC ETF,31.2902
2026-09-30,150532,Tata Housing Opportunities Fund - Direct Plan - Growth,15.2304
2026-09-30,150533,Tata Housing Opportunities Fund - Direct Plan - IDCW Reinvestment,15.2304
2026-09-30,150534,Tata Housing Opportunities Fund - Direct Plan - IDCW Payout,15.2304
2026-09-30,150535,Tata Housing Opportunities Fund - Regular Plan - IDCW Payout,14.2108
2026-09-30,150536,Tata Housing Opportunities Fund - Regular Plan - IDCW Reinvestment,14.2108
2026-09-30,150537,Tata Housing Opportunities Fund - Regular Plan - Growth,14.2108
2026-09-30,150538,ICICI Prudential PSU Equity Fund - Growth,21.03
2026-09-30,150539,ICICI Prudential PSU Equity Fund - Direct Plan - Growth,22.21
2026-09-30,150540,ICICI Prudential PSU Equity Fund - IDCW,17.71
2026-09-30,150541,ICICI Prudential PSU Equity Fund - Direct Plan - IDCW,18.84
2026-09-30,150542,JM Short Term Fund (Regular) - Growth,12.73
2026-09-30,150543,JM Short Term Fund (Regular) - IDCW,12.7306
2026-09-30,150544,JM Short Term Fund (Direct) - IDCW,13.1434
2026-09-30,150545,JM Short Term Fund (Direct) - Growth,13.1429
2026-09-30,150552,Union Retirement Fund - Regular Plan - Growth Option,15.87
2026-09-30,150553,Union Retirement Fund - Regular Plan - IDCW Option,14.71
2026-09-30,150554,Union Retirement Fund - Direct Plan - Growth Option,16.80
2026-09-30,150555,Union Retirement Fund - Direct Plan - IDCW Option,16.61
2026-09-30,150556,HDFC Silver ETF - Growth Option,209.4963
2026-09-30,150568,Sundaram Flexicap Fund Regular Growth,13.6632
2026-09-30,150569,Sundaram Flexicap Fund Regular Plan IDCW Payout,11.2961
2026-09-30,150570,Sundaram Flexicap Fund Regular Plan IDCW Reinvestment,11.2961
2026-09-30,150571,Sundaram Flexicap Fund Direct Growth,14.5253
2026-09-30,150572,Sundaram Flexicap Fund Direct Plan IDCW Reinvestment,12.0190
2026-09-30,150573,Sundaram Flexicap Fund Direct Plan IDCW Payout,12.0190
2026-09-30,150578,Edelweiss Gold and Silver ETF FOF - Direct Plan - IDCW,31.292
2026-09-30,150579,Edelweiss Gold and Silver ETF FOF - Regular Plan - Growth,32.376
2026-09-30,150580,Edelweiss Gold and Silver ETF FOF - Regular Plan - IDCW,30.77
2026-09-30,150581,Edelweiss Gold and Silver ETF FOF - Direct Plan - Growth,32.899
2026-09-30,150582,WhiteOak Capital Mid Cap Fund Direct Plan IDCW,22.465
2026-09-30,150583,WhiteOak Capital Mid Cap Fund Regular Plan Growth,21.112
2026-09-30,150584,WhiteOak Capital Mid Cap Fund Direct Plan Growth,22.465
2026-09-30,150585,WhiteOak Capital Mid Cap Fund Regular Plan IDCW,21.112
2026-09-30,150586,WhiteOak Capital ELSS Tax Saver Fund Direct Plan IDCW,18.549
2026-09-30,150587,WhiteOak Capital ELSS Tax Saver Fund Direct Plan Growth,18.549
2026-09-30,150588,WhiteOak Capital ELSS Tax Saver Fund Regular Plan IDCW,17.336
2026-09-30,150589,WhiteOak Capital ELSS Tax Saver Fund Regular Plan Growth,17.336
2026-09-30,150590,BANDHAN NIFTY200 MOMENTUM 30 INDEX FUND - IDCW - DIRECT PLAN,15.0570
2026-09-30,150591,BANDHAN NIFTY200 MOMENTUM 30 INDEX FUND - GROWTH - DIRECT PLAN,15.0829
2026-09-30,150592,BANDHAN NIFTY200 MOMENTUM 30 INDEX FUND - GROWTH - REGULAR PLAN,14.7057
2026-09-30,150593,BANDHAN NIFTY200 MOMENTUM 30 INDEX FUND - IDCW - REGULAR PLAN,14.7051
2026-09-30,150610,Axis Silver ETF,217.9688
2026-09-30,150615,Axis Silver Fund of Fund- Direct Plan-Growth Option,37.6367
2026-09-30,150616,Axis Silver Fund of Fund- Direct Plan - IDCW Option,37.6363
2026-09-30,150617,Axis Silver Fund of Fund -Regular Plan- Growth Option,36.8631
2026-09-30,150618,Axis Silver Fund of Fund - Regular Plan - IDCW Option,36.8618
2026-09-30,150619,HDFC NIFTY 50 VALUE 20 ETF - Growth Option,118.2312
2026-09-30,150620,HDFC NIFTY100 QUALITY 30 ETF - Growth Option,55.4019
2026-09-30,150621,HDFC NIFTY GROWTH SECTORS 15 ETF - Growth Option,110.404
2026-09-30,150622,Kotak Business Cycle Fund-Regular Plan-IDCW option,15.711
2026-09-30,150624,Kotak Business Cycle - Direct Plan - Growth,17.942
2026-09-30,150625,Kotak Business Cycle Fund-Direct Plan-IDCW option,16.675
2026-09-30,150626,Kotak Business Cycle Fund-Regular Plan--Growth,16.903
2026-09-30,150627,Nippon India Fixed Maturity Plan-XLIV-Series 1-Direct Plan-Growth Option,13.4477
2026-09-30,150628,Nippon India Fixed Maturity Plan-XLIV-Series 1-Direct Plan-Payout of IDCW,13.4477
2026-09-30,150629,Nippon India Fixed Maturity Plan-XLIV-Series 1-Regular Plan-Growth Option,13.3398
2026-09-30,150630,Nippon India Fixed Maturity Plan-XLIV-Series 1-Regular Plan-Payout of IDCW,13.3398
2026-09-30,150631,Samco Overnight Fund - Direct Plan - Growth Option,1259.9882
2026-09-30,150632,Samco Overnight Fund - Regular Plan - Growth Option,1249.3786
2026-09-30,150633,BANDHAN NIFTY100 LOW VOLATILITY 30 INDEX FUND - GROWTH - REGULAR PLAN,14.4103
2026-09-30,150634,BANDHAN NIFTY100 LOW VOLATILITY 30 INDEX FUND - IDCW - DIRECT PLAN,14.7473
2026-09-30,150635,BANDHAN NIFTY100 LOW VOLATILITY 30 INDEX FUND - IDCW - REGULAR PLAN,14.4099
2026-09-30,150636,BANDHAN NIFTY100 LOW VOLATILITY 30 INDEX FUND - GROWTH - DIRECT PLAN,14.8208
2026-09-30,150637,ICICI Prudential Nifty50 Equal Weight Index Fund- Growth,15.7592
2026-09-30,150638,ICICI Prudential Nifty50 Equal Weight Index Fund- IDCW,15.7590
2026-09-30,150639,ICICI Prudential Nifty50 Equal Weight Index Fund- Direct Plan - Growth,16.1507
2026-09-30,150640,ICICI Prudential Nifty50 Equal Weight Index Fund- Direct Plan - IDCW,16.1505
2026-09-30,150641,Motilal Oswal Gold and Silver Passive Fund of Funds(Regular Plan),29.3879
2026-09-30,150642,Motilal Oswal Gold and Silver Passive Fund of Funds(Direct Plan),29.7968
2026-09-30,150643,ICICI Prudential Nifty Auto Index Fund - Direct Plan - Growth,21.2679
2026-09-30,150644,ICICI Prudential Nifty Auto Index Fund - Direct Plan - IDCW,21.2676
2026-09-30,150645,ICICI Prudential Nifty Auto Index Fund - Growth,20.8050
2026-09-30,150646,ICICI Prudential Nifty Auto Index Fund - IDCW,20.8054
2026-09-30,150657,HDFC NIFTY200 MOMENTUM 30 ETF - Growth Option,29.8018
2026-09-30,150658,HDFC NIFTY100 Low Volatility 30 ETF - Growth Option,19.3102
2026-09-30,150659,LIC MF Multi Cap Fund-Direct Plan-Growth,19.0555
2026-09-30,150660,LIC MF Multi Cap Fund-Direct Plan-IDCW,19.0555
2026-09-30,150661,LIC MF Multi Cap Fund-Regular Plan-Growth,17.9014
2026-09-30,150662,LIC MF Multi Cap Fund-Regular Plan-IDCW,17.9014
2026-09-30,150671,Edelweiss CRISIL IBX 50:50 Gilt Plus SDL April 2037 Index Fund - Direct Plan - Growth,13.3313
2026-09-30,150672,SBI Nifty Midcap 150 Index Fund - Regular Plan - Growth,18.6886
2026-09-30,150673,SBI Nifty Midcap 150 Index Fund - Direct Plan - Growth,19.0682
2026-09-30,150674,SBI Nifty Midcap 150 Index Fund - Regular Plan - Income Distribution cum Capital Withdrawal Option (IDCW),18.6889
2026-09-30,150675,SBI Nifty Midcap 150 Index Fund - Direct Plan - Income Distribution cum Capital Withdrawal Option (IDCW),19.0676
2026-09-30,150676,SBI Nifty Smallcap 250 Index Fund - Regular Plan - Growth,19.0072
2026-09-30,150677,SBI Nifty Smallcap 250 Index Fund - Direct Plan - Growth,19.4009
2026-09-30,150678,SBI Nifty Smallcap 250 Index Fund - Direct Plan - Income Distribution cum Capital Withdrawal Option (IDCW),19.4004
2026-09-30,150679,SBI Nifty Smallcap 250 Index Fund - Regular Plan - Income Distribution cum Capital Withdrawal Option (IDCW),19.0077
2026-09-30,150680,SBI CRISIL IBX Gilt Index - June 2036 Fund - Regular Plan - Income Distribution cum Capital Withdrawal Option (IDCW),13.2668
2026-09-30,150681,SBI |CRISIL IBX Gilt Index - June 2036 Fund - Direct Plan - Growth,13.3943
2026-09-30,150682,SBI CRISIL IBX Gilt Index - June 2036 Fund - Direct Plan - Income Distribution cum Capital Withdrawal Option (IDCW),13.3943
2026-09-30,150683,SBI CRISIL IBX Gilt Index - June 2036 Fund - Regular Plan - Growth,13.2663
2026-09-30,150684,ICICI PRUDENTIAL TRANSPORTATION AND LOGISTICS FUND - Growth,21.57
2026-09-30,150685,ICICI PRUDENTIAL TRANSPORTATION AND LOGISTICS FUND - Direct Plan - Growth,22.62
2026-09-30,150686,ICICI PRUDENTIAL TRANSPORTATION AND LOGISTICS FUND - IDCW,18.29
2026-09-30,150687,ICICI PRUDENTIAL TRANSPORTATION AND LOGISTICS FUND - Direct Plan - IDCW,19.30
2026-09-30,150702,Aditya Birla Sun Life Crisil IBX 50:50 Gilt Plus SDL Apr 2028 Index Fund-Direct Growth,13.3821
2026-09-30,150703,Aditya Birla Sun Life Crisil IBX 50:50 Gilt Plus SDL Apr 2028 Index Fund-Regular Growth,13.3010
2026-09-30,150704,Aditya Birla Sun Life Crisil IBX 50:50 Gilt Plus SDL APR 2028 Index Fund-Direct IDCW,13.3796
2026-09-30,150705,Aditya Birla Sun Life Crisil IBX 50:50 Gilt Plus SDL Apr 2028 Index Fund-Regular IDCW,13.3022
2026-09-30,150706,SBI CRISIL IBX Gilt Index - April 2029 Fund - Direct Plan - Growth,13.3742
2026-09-30,150707,SBI CRISIL IBX Gilt Index - April 2029 Fund - Regular Plan - Growth,13.2518
2026-09-30,150708,SBI CRISIL IBX Gilt Index - April 2029 Fund - Direct Plan - Income Distribution cum Capital Withdrawal Option (IDCW),13.3743
2026-09-30,150709,SBI CRISIL IBX Gilt Index - April 2029 Fund - Regular Plan - Income Distribution cum Capital Withdrawal Option (IDCW),13.2526
2026-09-30,150710,SBI CRISIL IBX SDL Index - September 2027 Fund - Regular Plan - Income Distribution cum Capital Withdrawal Option (IDCW),13.2200
2026-09-30,150711,SBI CRISIL IBX SDL Index - September 2027 Fund - Direct Plan - Growth,13.3112
2026-09-30,150712,SBI CRISIL IBX SDL Index - September 2027 Fund - Regular Plan - Growth,13.2195
2026-09-30,150713,SBI CRISIL IBX SDL Index - September 2027 Fund - Direct Plan - Income Distribution cum Capital Withdrawal Option (IDCW),13.3172
2026-09-30,150714,UTI Gold ETF Fund of Fund - Direct Plan - Growth Option,28.3044
2026-09-30,150715,UTI Gold ETF Fund of Fund - Regular Plan - Growth Opton,27.8383
2026-09-30,150716,BANDHAN TRANSPORTATION AND LOGISTICS FUND - GROWTH - DIRECT PLAN,20.933
2026-09-30,150717,BANDHAN TRANSPORTATION AND LOGISTICS FUND - GROWTH - REGULAR PLAN,19.681
2026-09-30,150718,BANDHAN TRANSPORTATION AND LOGISTICS FUND - IDCW - REGULAR PLAN,18.423
2026-09-30,150719,BANDHAN TRANSPORTATION AND LOGISTICS FUND - IDCW - DIRECT PLAN,20.906
2026-09-30,150720,Edelweiss CRISIL IBX 50:50 Gilt Plus SDL April 2037 Index Fund - Regular Plan - Growth,13.1839
2026-09-30,150721,Edelweiss CRISIL IBX 50:50 Gilt Plus SDL April 2037 Index Fund - Regular Plan - IDCW Option,12.1985
2026-09-30,150722,Edelweiss CRISIL IBX 50:50 Gilt Plus SDL April 2037 Index Fund - Direct Plan - IDCW Option,12.3451
2026-09-30,150723,Kotak Nifty SDL Plus AAA PSU Bond Jul 2028 60:40 Index Fund Regular Plan - Growth,13.204
2026-09-30,150724,Kotak Nifty SDL Plus AAA PSU Bond Jul 2028 60:40 Index Fund Regular Plan - IDCW,13.1998
2026-09-30,150725,Kotak Nifty SDL Plus AAA PSU Bond Jul 2028 60:40 Index Fund Direct Plan - Growth,13.3057
2026-09-30,150726,Kotak Nifty SDL Plus AAA PSU Bond Jul 2028 60:40 Index Fund Direct Plan - IDCW,13.3058
2026-09-30,150727,Edelweiss CRISIL IBX 50:50 Gilt Plus SDL June 2027 Index Fund - Direct Plan - Growth,13.2772
2026-09-30,150728,ICICI Prudential Nifty SDL Dec 2028 Index Fund - Growth,13.3092
2026-09-30,150729,ICICI Prudential Nifty SDL Dec 2028 Index Fund - Direct Plan - Growth,13.4028
2026-09-30,150730,ICICI Prudential Nifty SDL Dec 2028 Index Fund - Direct Plan - Annual IDCW,13.4032
2026-09-30,150731,ICICI Prudential Nifty SDL Dec 2028 Index Fund - Annual IDCW,13.3091
2026-09-30,150732,ICICI Prudential Nifty G-Sec Dec 2030 Index Fund - Growth,13.2751
2026-09-30,150733,ICICI Prudential Nifty G-Sec Dec 2030 Index Fund - Direct Plan - Growth,13.3732
2026-09-30,150734,ICICI Prudential Nifty G-Sec Dec 2030 Index Fund - Annual IDCW,13.2752
2026-09-30,150735,ICICI Prudential Nifty G-Sec Dec 2030 Index Fund - Direct Plan - Annual IDCW,13.3724
2026-09-30,150736,HDFC Silver ETF Fund of Fund - Growth Option,35.6647
2026-09-30,150737,HDFC Silver ETF Fund of Fund - Growth Option - Direct Plan,36.1875
2026-09-30,150738,Tata Nifty Midcap 150 Momentum 50 Index Fund - Growth - Direct Plan,17.8601
2026-09-30,150739,Tata Nifty Midcap 150 Momentum 50 Index Fund - IDCW Reinvestment - Direct Plan,17.8601
2026-09-30,150740,Tata Nifty Midcap 150 Momentum 50 Index Fund - IDCW Payout - Direct Plan,17.8601
2026-09-30,150741,Tata Nifty Midcap 150 Momentum 50 Index Fund - Growth - Regular Plan,17.3664
2026-09-30,150742,Tata Nifty Midcap 150 Momentum 50 Index Fund - IDCW Payout - Regular Plan,17.3664
2026-09-30,150743,Tata Nifty Midcap 150 Momentum 50 Index Fund - IDCW Reinvestment - Regular Plan,17.3664
2026-09-30,150770,Edelweiss CRISIL IBX 50:50 Gilt Plus SDL June 2027 Index Fund - Direct Plan - IDCW,11.6706
2026-09-30,150771,Edelweiss CRISIL IBX 50:50 Gilt Plus SDL June 2027 Index Fund - Regular Plan - Growth,13.1494
2026-09-30,150772,Edelweiss CRISIL IBX 50:50 Gilt Plus SDL June 2027 Index Fund - Regular Plan - IDCW,11.5434
2026-09-30,150777,Aditya Birla Sun Life Crisil IBX Gilt-Apr 2029 Index Fund-Regular Growth,13.3379
2026-09-30,150778,Aditya Birla Sun Life Crisil IBX Gilt-Apr-2029 Index Fund-Direct Growth,13.4239
2026-09-30,150779,Aditya Birla Sun Life Crisil IBX Gilt-Apr 2029 Index Fund-Regular IDCW,10.3028
2026-09-30,150780,Aditya Birla Sun Life Crisil IBX Gilt-Apr 2029 Index Fund-Direct IDCW,10.4024
2026-09-30,150789,Mirae Asset CRISIL IBX Gilt Index - April 2033 Index Fund - Direct Plan - IDCW,13.3420
2026-09-30,150790,Mirae Asset CRISIL IBX Gilt Index - April 2033 Index Fund - Regular Plan - Growth,13.1956
2026-09-30,150791,Mirae Asset CRISIL IBX Gilt Index - April 2033 Index Fund - Regular Plan - IDCW,13.1965
2026-09-30,150792,Mirae Asset CRISIL IBX Gilt Index - April 2033 Index Fund - Direct Plan - Growth,13.3461
2026-09-30,150797,WhiteOak Capital Large Cap Fund Direct Plan Growth,15.061
2026-09-30,150798,WhiteOak Capital Large Cap Fund Direct Plan IDCW,15.061
2026-09-30,150799,WhiteOak Capital Large Cap Fund Regular Plan Growth,14.138
2026-09-30,150800,WhiteOak Capital Large Cap Fund Regular Plan IDCW,14.138
2026-09-30,150801,HDFC NIFTY IT ETF - Growth option,29.6199
2026-09-30,150802,HDFC NIFTY Private Bank ETF - Growth Option,27.2439
2026-09-30,150803,HDFC Business Cycle Fund - Growth Option,14.846
2026-09-30,150804,HDFC Business Cycle Fund - IDCW Option - Direct Plan,15.548
2026-09-30,150805,HDFC Business Cycle Fund - Growth Option - Direct Plan,15.548
2026-09-30,150806,HDFC Business Cycle Fund - IDCW Option,14.846
2026-09-30,150807,Edelweiss CRISIL IBX 50:50 Gilt Plus SDL Sep 2028 Index Fund - Direct Plan - Growth,13.2991
2026-09-30,150812,JM Mid Cap Fund (Regular) - Growth,20.5012
2026-09-30,150813,JM Mid Cap Fund (Regular) - IDCW,20.5011
2026-09-30,150814,JM Mid Cap Fund (Direct) - IDCW,21.9028
2026-09-30,150815,JM Mid Cap Fund (Direct) - Growth,21.9029
2026-09-30,150816,Canara Robeco Mid Cap Fund- Regular Plan- Growth Option,17.7600
2026-09-30,150817,Canara Robeco Mid Cap Fund- Direct Plan- Growth Option,18.7200
2026-09-30,150818,Canara Robeco Mid Cap Fund- Direct Plan- IDCW,17.2400
2026-09-30,150819,Canara Robeco Mid Cap Fund- Regular Plan- IDCW,16.3400
2026-09-30,150820,Kotak Income Plus Arbitrage Omni  FOF-Regular Plan-Growth,13.1695
2026-09-30,150821,Kotak Income Plus Arbitrage Omni FOF-Regular Plan-IDCW,13.1692
2026-09-30,150822,Kotak Income Plus Arbitrage Omni FOF-Direct Plan-Growth,13.2491
2026-09-30,150823,Kotak Income Plus Arbitrage Omni FOF-Direct Plan-IDCW,13.2492
2026-09-30,150824,Nippon India Nifty SDL Plus G-Sec - Jun 2028 Maturity 70:30 Index Fund-Direct Plan-Growth Option,13.1769
2026-09-30,150825,Nippon India Nifty SDL Plus G-Sec - Jun 2028 Maturity 70:30 Index Fund-Regular Plan-Growth Option,13.0759
2026-09-30,150826,Nippon India Nifty SDL Plus G-Sec - Jun 2028 Maturity 70:30 Index Fund-Direct Plan-IDCW Option,13.1769
2026-09-30,150827,Nippon India Nifty SDL Plus G-Sec - Jun 2028 Maturity 70:30 Index Fund-Regular Plan IDCW Option,13.0759
2026-09-30,150838,Samco ELSS Tax Saver Fund - Direct Plan - Growth Option,13.68
2026-09-30,150839,Samco ELSS Tax Saver Fund - Regular Plan - Growth Option,12.96
2026-09-30,150842,DSP FMP Series - 267 - 1172 Days - Direct - Growth,13.0349
2026-09-30,150843,DSP FMP Series - 267 - 1172 Days - Regular - Growth,12.9805
2026-09-30,150844,HDFC Nifty G-Sec Dec 2026 Index Fund - Growth Option,13.0077
2026-09-30,150845,HDFC Nifty G-Sec Dec 2026 Index Fund - Growth Option - Direct Plan,13.0847
2026-09-30,150846,HDFC Nifty G-Sec July 2031 Index Fund - Growth Option,13.2127
2026-09-30,150847,HDFC Nifty G-Sec July 2031 Index Fund - Growth Option - Direct Plan,13.2961
2026-09-30,150848,Edelweiss CRISIL IBX 50:50 Gilt Plus SDL Sep 2028 Index Fund - Regular Plan - Growth,13.1656
2026-09-30,150849,Edelweiss CRISIL IBX 50:50 Gilt Plus SDL Sep 2028 Index Fund - Regular Plan - IDCW,12.3623
2026-09-30,150850,Edelweiss CRISIL IBX 50:50 Gilt Plus SDL Sep 2028 Index Fund - Direct Plan - IDCW,12.4958
2026-09-30,150851,Axis Nifty SDL September 2026 Debt Index Fund - Regular Plan - Growth,13.0089
2026-09-30,150852,Axis Nifty SDL September 2026 Debt Index Fund - Direct Plan - IDCW,13.0684
2026-09-30,150853,Axis Nifty SDL September 2026 Debt Index Fund - Regular Plan -  IDCW,13.0075
2026-09-30,150854,Axis Nifty SDL September 2026 Debt Index Fund - Direct Plan - Growth,13.0684
2026-09-30,150855,Union Multicap Fund - Regular Plan - Growth Option,16.95
2026-09-30,150856,Union Multicap Fund - Regular Plan - IDCW Option,16.95
2026-09-30,150857,Union Multicap Fund - Direct Plan - IDCW Option,17.78
2026-09-30,150858,Union Multicap Fund - Direct Plan - Growth Option,17.78
2026-09-30,150863,Baroda BNP Paribas Multi Asset Fund - Regular Plan - Growth Option,15.5800
2026-09-30,150864,Baroda BNP Paribas Multi Asset Fund - Regular Plan - IDCW Option,13.6167
2026-09-30,150865,Baroda BNP Paribas Multi Asset Fund - Direct Plan - Growth Option,16.3986
2026-09-30,150866,Baroda BNP Paribas Multi Asset Fund - Direct Plan - IDCW Option,14.5916
2026-09-30,150867,BANDHAN CRISIL IBX 90:10 SDL PLUS GILT - NOV 2026 INDEX FUND - DIRECT IDCW,10.3872
2026-09-30,150868,BANDHAN CRISIL IBX 90:10 SDL PLUS GILT - NOV 2026 INDEX FUND - DIRECT GROWTH,13.1137
2026-09-30,150869,BANDHAN CRISIL IBX 90:10 SDL PLUS GILT - NOV 2026 INDEX FUND - REGULAR GROWTH,12.9870
2026-09-30,150870,BANDHAN CRISIL IBX 90:10 SDL PLUS GILT - NOV 2026 INDEX FUND - REGULAR IDCW,10.2539
2026-09-30,150871,BANDHAN CRISIL IBX 90:10 SDL PLUS GILT APRIL 2032 INDEX FUND - DIRECT GROWTH,13.1536
2026-09-30,150872,BANDHAN CRISIL IBX 90:10 SDL PLUS GILT APRIL 2032 INDEX FUND - DIRECT IDCW,10.5049
2026-09-30,150873,BANDHAN CRISIL IBX 90:10 SDL PLUS GILT APRIL 2032 INDEX FUND - REGULAR GROWTH,13.0659
2026-09-30,150874,BANDHAN CRISIL IBX 90:10 SDL PLUS GILT APRIL 2032 INDEX FUND - REGULAR IDCW,10.4462
2026-09-30,150879,ICICI Prudential Nifty Financial Services Ex-BaNk ETF,30.1533
2026-09-30,150888,BANDHAN CRISIL IBX 90:10 SDL PLUS GILT - SEP27 INDEX FUND - DIRECT GROWTH,13.2024
2026-09-30,150889,BANDHAN CRISIL IBX 90:10 SDL PLUS GILT SEP27 INDEX FUND - DIRECT IDCW,10.2921
2026-09-30,150890,BANDHAN CRISIL IBX 90:10 SDL PLUS GILT SEP27 INDEX FUND - REGULAR GROWTH,13.0759
2026-09-30,150891,BANDHAN CRISIL IBX 90:10 SDL PLUS GILT SEP27 INDEX FUND - REGULAR IDCW,10.2885
2026-09-30,150892,Edelweiss Nifty Smallcap 250 Index Fund - Direct Plan - Growth,18.5816
2026-09-30,150893,Edelweiss Nifty Smallcap 250 Index Fund - Regular Plan - IDCW,16.9055
2026-09-30,150894,Edelweiss Nifty Smallcap 250 Index Fund - Regular Plan - Growth,18.1048
2026-09-30,150895,Edelweiss Nifty Smallcap 250 Index Fund - Direct Plan - IDCW,17.3815
2026-09-30,150896,Edelweiss Nifty Next 50 Index Fund - Direct Plan - IDCW,16.3245
2026-09-30,150897,Edelweiss Nifty Next 50 Index Fund - Regular Plan - Growth,15.886
2026-09-30,150898,Edelweiss Nifty Next 50 Index Fund - Regular Plan - IDCW,15.8859
2026-09-30,150899,Edelweiss Nifty Next 50 Index Fund - Direct Plan - Growth,16.3248
2026-09-30,150900,Edelweiss Nifty Midcap150 Momentum 50 Index Fund - Regular Plan - Growth,17.4831
2026-09-30,150901,Edelweiss Nifty Midcap150 Momentum 50 Index Fund - Regular Plan - IDCW,17.4831
2026-09-30,150902,Edelweiss Nifty Midcap150 Momentum 50 Index Fund - Direct Plan - Growth,17.9554
2026-09-30,150903,Edelweiss Nifty Midcap150 Momentum 50 Index Fund - Direct Plan - IDCW,17.9583
2026-09-30,150904,Nippon India Nifty G-Sec Sep 2027 Maturity Index Fund-Regular Plan-Growth Option,12.9062
2026-09-30,150905,Nippon India Nifty G-Sec Sep 2027 Maturity Index Fund-Regular Plan-IDCW Option,12.9062
2026-09-30,150906,Nippon India Nifty G-Sec Sep 2027 Maturity Index Fund-Direct Plan-Growth Option,13.0085
2026-09-30,150907,Nippon India Nifty G-Sec Sep 2027 Maturity Index Fund-Direct Plan-IDCW Option,13.0085
2026-09-30,150912,Mahindra Manulife Small Cap Fund - Regular Plan - Growth,22.1196
2026-09-30,150913,Mahindra Manulife Small Cap Fund - Direct Plan - IDCW,22.5366
2026-09-30,150914,Mahindra Manulife Small Cap Fund - Regular Plan - IDCW,21.2022
2026-09-30,150915,Mahindra Manulife Small Cap Fund - Direct Plan - Growth,23.4609
2026-09-30,150920,Nippon India Nifty G-Sec Jun 2036 Maturity Index Fund-Direct Plan-Growth Option,13.1111
2026-09-30,150921,Nippon India Nifty G-Sec Jun 2036 Maturity Index fund-Direct Plan-IDCW Option,13.1111
2026-09-30,150922,Nippon India Nifty G-Sec Jun 2036 Maturity Index Fund-Regular Plan-IDCW Option,13.0015
2026-09-30,150923,Nippon India Nifty G-Sec Jun 2036 Maturity Index Fund-Regular Plan-Growth Option,13.0015
2026-09-30,150928,ICICI Prudential Nifty Pharma Index Fund - Direct Plan - IDCW,20.4741
2026-09-30,150929,ICICI Prudential Nifty Pharma Index Fund - Growth,19.9836
2026-09-30,150930,ICICI Prudential Nifty Pharma Index Fund - Direct Plan - Growth,20.4731
2026-09-30,150931,ICICI Prudential Nifty Pharma Index Fund - IDCW,19.9837
2026-09-30,150948,Kotak Silver ETF,21.2699
2026-09-30,150987,BHARAT Bond ETF - April 2033,1300.448
2026-09-30,150992,HSBC Corporate Bond Fund - Regular Growth,77.9007
2026-09-30,150993,HSBC Corporate Bond Fund - Regular Quarterly IDCW,10.7113
2026-09-30,150994,HSBC Corporate Bond Fund - Regular Semi Annual IDCW,16.1203
2026-09-30,150995,HSBC Corporate Bond Fund -Regular Plan - Bonus,29.5908
2026-09-30,150996,HSBC Corporate Bond Fund - Direct Growth,83.2682
2026-09-30,150997,HSBC Corporate Bond Fund - Direct Semi Annual IDCW,19.3456
2026-09-30,150998,HSBC Corporate Bond Fund - Direct Quarterly IDCW,11.1284
2026-09-30,151000,HSBC Corporate Bond Fund - Direct Annual IDCW,11.8276
2026-09-30,151001,HSBC Corporate Bond Fund - Regular Annual IDCW,11.5311
2026-09-30,151012,HSBC Gilt Fund - Regular Quarterly IDCW,9.9767
2026-09-30,151013,HSBC Gilt Fund - Regular Growth,66.3775
2026-09-30,151014,HSBC Gilt Fund - Direct Growth,77.1684
2026-09-30,151015,HSBC Gilt Fund - Direct Quarterly IDCW,11.6837
2026-09-30,151033,HSBC Midcap Fund - Regular IDCW,78.056
2026-09-30,151034,HSBC Midcap Fund - Regular Growth,451.8827
2026-09-30,151035,HSBC Midcap Fund - Direct IDCW,91.2643
2026-09-30,151036,HSBC Midcap Fund - Direct Growth,517.2552
2026-09-30,151037,HSBC Infrastructure Fund - Regular Growth,49.6262
2026-09-30,151038,HSBC Infrastructure Fund - Regular IDCW,32.9285
2026-09-30,151039,HSBC Infrastructure Fund - Direct IDCW,36.9684
2026-09-30,151040,HSBC Infrastructure Fund - Direct Growth,56.4899
2026-09-30,151041,HSBC Credit Risk Fund- Regular Plan - Bonus,34.0606
2026-09-30,151042,HSBC Credit Risk Fund - Regular IDCW,11.1468
2026-09-30,151043,HSBC Credit Risk Fund - Regular Growth,34.6083
2026-09-30,151044,HSBC Credit Risk Fund - Direct IDCW,12.2601
2026-09-30,151045,HSBC Credit Risk Fund - Direct Growth,37.8489
2026-09-30,151046,HSBC Credit Risk Fund - Regular Annual IDCW,12.5502
2026-09-30,151047,HSBC Credit Risk Fund - Direct Annual IDCW,13.7276
2026-09-30,151048,HSBC Money Market Fund - Regular Growth,28.5338
2026-09-30,151049,HSBC Money Market Fund - Regular Daily IDCW,10.8591
2026-09-30,151050,HSBC Money Market Fund - Regular Weekly IDCW,13.0985
2026-09-30,151051,HSBC Money Market Fund - Regular Monthly IDCW,11.5507
2026-09-30,151052,HSBC Money Market Fund - Direct Monthly IDCW,12.2011
2026-09-30,151053,HSBC Money Market Fund - Direct Weekly IDCW,13.1855
2026-09-30,151054,HSBC Money Market Fund - Direct Growth,29.9979
2026-09-30,151055,HSBC Money Market Fund - Direct Daily IDCW,10.8591
2026-09-30,151056,HSBC Equity Savings Fund - Regular Monthly IDCW,15.0653
2026-09-30,151057,HSBC Equity Savings Fund - Regular Quarterly IDCW,15.9563
2026-09-30,151058,HSBC Equity Savings Fund - Regular Growth,36.2776
2026-09-30,151059,HSBC Equity Savings Fund - Direct Quarterly IDCW,17.821
2026-09-30,151060,HSBC Equity Savings Fund - Direct Growth,40.6639
2026-09-30,151061,HSBC Equity Savings Fund - Direct Monthly IDCW,17.2448
2026-09-30,151062,HSBC Short Term Fund - Bonus,28.1467
2026-09-30,151063,HSBC Short Term Fund -  Regular Plan - Monthly IDCW,11.0509
2026-09-30,151064,HSBC Short Term Fund - Regular Quarterly IDCW,10.2147
2026-09-30,151065,HSBC Short Term Fund - Regular Growth,28.148
2026-09-30,151067,HSBC Short Term Fund - Direct Growth,29.9642
2026-09-30,151068,HSBC Short Term Fund - Direct Plan -  Monthly IDCW,11.7206
2026-09-30,151069,HSBC Short Term Fund - Direct Quarterly IDCW,11.0617
2026-09-30,151070,HSBC Short Term Fund - Direct Annual IDCW,12.2507
2026-09-30,151071,HSBC Short Term Fund - Regular Annual IDCW,11.6565
2026-09-30,151076,HSBC ELSS Tax saver Fund - Regular Growth,137.0897
2026-09-30,151077,HSBC ELSS Tax saver Fund - Regular IDCW Payout,26.4061
2026-09-30,151078,HSBC ELSS Tax saver Fund - Direct Growth,150.7823
2026-09-30,151079,HSBC ELSS Tax saver Fund - Direct IDCW Payout,39.0189
2026-09-30,151084,HSBC Dynamic Term Fund - Regular Growth,30.5633
2026-09-30,151085,HSBC Dynamic Term Fund - Regular Monthly IDCW,10.5886
2026-09-30,151086,HSBC Dynamic Term Fund - Direct Monthly IDCW,12.6204
2026-09-30,151087,HSBC Dynamic Term Fund - Direct Growth,33.2896
2026-09-30,151088,HSBC Dynamic Term Fund - Direct Annual IDCW,10.776
2026-09-30,151089,HSBC Dynamic Term Fund - Regular Annual IDCW,10.2164
2026-09-30,151102,HSBC Banking and PSU Debt Fund - Regular Daily IDCW,11.0826
2026-09-30,151103,HSBC Banking and PSU Debt Fund - Regular Weekly IDCW,10.2917
2026-09-30,151104,HSBC Banking and PSU Debt Fund - Regular Growth,25.7206
2026-09-30,151105,HSBC Banking and PSU Debt Fund - Regular Monthly IDCW,10.2366
2026-09-30,151106,HSBC Banking and PSU Debt Fund - Direct Monthly IDCW,11.0549
2026-09-30,151107,HSBC Banking and PSU Debt Fund - Direct Growth,27.2044
2026-09-30,151108,HSBC Banking and PSU Debt Fund - Direct Daily IDCW,11.1618
2026-09-30,151109,HSBC Banking and PSU Debt Fund - Direct Weekly IDCW,10.3207
2026-09-30,151110,HSBC Value Fund - Regular Growth,109.5131
2026-09-30,151111,HSBC Value Fund - Regular IDCW,47.4599
2026-09-30,151112,HSBC Value Fund - Direct IDCW,61.1995
2026-09-30,151113,HSBC Value Fund - Direct Growth,123.6677
2026-09-30,151114,HSBC Ultra Short to Short Term Fund - Regular Growth,30.8488
2026-09-30,151115,HSBC Ultra Short to Short Term Fund - Regular Monthly IDCW,10.3483
2026-09-30,151116,HSBC Ultra Short to Short Term Fund - Direct Monthly IDCW,11.0597
2026-09-30,151117,HSBC Ultra Short to Short Term Fund - Direct Growth,32.7366
2026-09-30,151118,HSBC Ultra Short to Short Term Fund - Direct Annual IDCW,10.653
2026-09-30,151119,HSBC Ultra Short to Short Term Fund - Regular Annual IDCW,10.4523
2026-09-30,151120,HSBC Aggressive Hybrid Fund - Regular Growth,58.2486
2026-09-30,151121,HSBC Aggressive Hybrid Fund - Regular IDCW,27.1061
2026-09-30,151122,HSBC Aggressive Hybrid Fund - Direct Growth,67.0129
2026-09-30,151123,HSBC Aggressive Hybrid Fund - Direct IDCW,32.7787
2026-09-30,151124,HSBC Aggressive Hybrid Fund - Regular Annual IDCW,17.0111
2026-09-30,151125,HSBC Aggressive Hybrid Fund - Direct Annual IDCW,19.3303
2026-09-30,151126,HSBC Balanced Advantage Fund - Regular IDCW,17.753
2026-09-30,151127,HSBC Balanced Advantage Fund - Regular Growth,43.2996
2026-09-30,151128,HSBC Balanced Advantage Fund - Direct IDCW,21.4328
2026-09-30,151129,HSBC Balanced Advantage Fund - Direct Growth,50.9582
2026-09-30,151130,HSBC Small Cap Fund - Direct Growth,100.239
2026-09-30,151131,HSBC Small Cap Fund - Regular IDCW,40.3278
2026-09-30,151132,HSBC Small Cap Fund - Direct IDCW,47.5991
2026-09-30,151133,HSBC Small Cap Fund - Regular Growth,89.1174
2026-09-30,151134,HSBC Arbitrage Fund - Regular Growth,20.3834
2026-09-30,151135,HSBC Arbitrage Fund - Direct Monthly IDCW,10.2264
2026-09-30,151136,HSBC Arbitrage Fund - Direct Quarterly IDCW,10.6722
2026-09-30,151137,HSBC Arbitrage Fund - Regular Quarterly IDCW,10.5586
2026-09-30,151138,HSBC Arbitrage Fund - Direct Growth,21.9763
2026-09-30,151140,HSBC Arbitrage Fund - Regular Monthly IDCW,10.2196
2026-09-30,151142,HSBC Business Cycles Fund - Direct Growth,47.7295
2026-09-30,151143,HSBC Business Cycles Fund - Regular IDCW,22.6746
2026-09-30,151144,HSBC Business Cycles Fund - Regular Growth,42.7545
2026-09-30,151145,HSBC Business Cycles Fund - Direct IDCW,25.3085
2026-09-30,151146,HSBC Medium Term Fund - Direct Growth,23.8527
2026-09-30,151147,HSBC Medium Term Fund - Regular IDCW,10.4953
2026-09-30,151148,HSBC Medium Term Fund - Direct IDCW,11.4001
2026-09-30,151149,HSBC Medium Term Fund - Regular Growth,21.6746
2026-09-30,151150,HSBC Medium Term Fund - Direct Annual IDCW,11.6886
2026-09-30,151151,HSBC Medium Term Fund - Regular Annual IDCW,10.5759
2026-09-30,151156,HSBC NIFTY 50 INDEX FUND - Direct IDCW,26.8039
2026-09-30,151157,HSBC NIFTY 50 INDEX FUND - Direct Growth,26.804
2026-09-30,151158,HSBC NIFTY 50 INDEX FUND - Regular Growth,26.303
2026-09-30,151159,HSBC NIFTY 50 INDEX FUND - Regular IDCW,26.3029
2026-09-30,151160,HSBC NIFTY NEXT 50 INDEX FUND - Direct Growth,30.6274
2026-09-30,151161,HSBC NIFTY NEXT 50 INDEX FUND - Regular IDCW,29.7798
2026-09-30,151162,HSBC NIFTY NEXT 50 INDEX FUND - Regular Growth,29.7796
2026-09-30,151163,HSBC NIFTY NEXT 50 INDEX FUND - Direct IDCW,30.6275
2026-09-30,151164,360 ONE ELSS Tax Saver Nifty 50 Index Fund - Regular Plan - Growth,12.7571
2026-09-30,151165,360 ONE ELSS Tax Saver Nifty 50 Index Fund - Direct Plan - Growth,12.8775
2026-09-30,151166,360 ONE ELSS Tax Saver Nifty 50 Index Fund - Direct Plan - IDCW Payout,12.8775
2026-09-30,151167,360 ONE ELSS Tax Saver Nifty 50 Index Fund - Regular Plan - IDCW Payout,12.7571
2026-09-30,151176,Axis Long Duration Fund - Direct Plan -Daily IDCW,986.3309
2026-09-30,151177,Axis Long Duration Fund - Regular Plan - Daily IDCW,985.6377
2026-09-30,151178,Axis Long Duration Fund - Regular Plan - Growth,1236.3419
2026-09-30,151179,Axis Long Duration Fund - Direct Plan - Growth,1256.8012
2026-09-30,151180,HDFC Nifty G-Sec Jun 2027 Index Fund - Growth Option,12.967
2026-09-30,151181,HDFC Nifty G-Sec Jun 2027 Index Fund - Growth Option - Direct Plan,13.0428
2026-09-30,151182,HDFC Nifty G-Sec Sep 2032 Index Fund - Growth Option,13.0372
2026-09-30,151183,HDFC Nifty G-Sec Sep 2032 Index Fund - Growth Option - Direct Plan,13.1223
2026-09-30,151184,UTI CRISIL SDL Maturity April 2033 Index Fund - Regular Plan - Growth Option,12.8769
2026-09-30,151185,UTI CRISIL SDL Maturity April 2033 Index Fund - Direct Plan - Growth Option,13.0004
2026-09-30,151190,quant Overnight Fund - Growth Option - Direct Plan,12.6142
2026-09-30,151191,quant Overnight Fund - IDCW Option - Regular Plan,12.5547
2026-09-30,151193,quant Overnight Fund - IDCW Option - Direct Plan,12.6192
2026-09-30,151195,quant Overnight Fund - Growth Option - Regular Plan,12.5663
2026-09-30,151196,ICICI Prudential Nifty 10 yr Benchmark G-sec ETF,260.8019
2026-09-30,151201,Axis Long Duration Fund - Regular Plan - Monthly IDCW,1006.8912
2026-09-30,151202,Axis Long Duration Fund - Direct Plan - Monthly IDCW,1006.5331
2026-09-30,151203,Axis Long Duration Fund - Regular Plan - Quarterly IDCW,1195.9878
2026-09-30,151204,Axis Long Duration Fund - Direct Plan - Quarterly IDCW,1216.3730
2026-09-30,151205,Axis Long Duration Fund - Direct Plan - Annual IDCW,1245.6911
2026-09-30,151206,Axis Long Duration Fund - Regular Plan - Annual IDCW,1225.2808
2026-09-30,151207,ICICI Prudential Nifty Commodities ETF,95.0584
2026-09-30,151208,ICICI Prudential Nifty SDL Sep 2026 Index Fund - Growth,12.8590
2026-09-30,151209,ICICI Prudential Nifty SDL Sep 2026 Index Fund - Annual IDCW,12.8588
2026-09-30,151210,ICICI Prudential Nifty SDL Sep 2026 Index Fund - Direct Plan - Annual IDCW,12.9566
2026-09-30,151211,ICICI Prudential Nifty SDL Sep 2026 Index Fund - Direct Plan - Growth,12.9566
2026-09-30,151212,SBI Long Term Fund - Regular Plan - Growth,12.4968
2026-09-30,151213,SBI Long Term Fund - Regular Plan - Income Distribution cum Capital Withdrawal Option (IDCW),12.4970
2026-09-30,151214,SBI Long Term Fund - Direct Plan - Growth,12.6910
2026-09-30,151215,SBI Long Term Fund - Direct Plan - Income Distribution cum Capital Withdrawal Option (IDCW),12.6913
2026-09-30,151228,quant Gilt Fund - Growth Option - Direct Plan,12.501
2026-09-30,151229,quant Gilt Fund - IDCW Option - Direct Plan,12.4836
2026-09-30,151230,quant Gilt Fund - Growth Option - Regular Plan,12.0534
2026-09-30,151231,quant Gilt Fund - IDCW Option - Regular Plan,12.0638
2026-09-30,151232,Tata Multicap Fund - Direct Plan - Growth,15.5080
2026-09-30,151233,Tata Multicap Fund - Direct Plan - IDCW Reinvestment,15.5080
2026-09-30,151234,Tata Multicap Fund - Direct Plan - IDCW Payout,15.5080
2026-09-30,151235,Tata Multicap Fund - Regular Plan - Growth,14.6617
2026-09-30,151236,Tata Multicap Fund - Regular Plan - IDCW Reinvestment,14.6617
2026-09-30,151237,Tata Multicap Fund - Regular Plan - IDCW Payout,14.6617
2026-09-30,151238,UTI CRISIL SDL Maturity June 2027 Index Fund - Regular Plan - Growth Option,12.9135
2026-09-30,151239,UTI CRISIL SDL Maturity June 2027 Index Fund - Direct Plan - Growth Option,13.0319
2026-09-30,151262,DSP Nifty Bank ETF,56.0233
2026-09-30,151267,WhiteOak Capital Balanced Advantage Fund Direct Plan Growth,15.280
2026-09-30,151268,WhiteOak Capital Balanced Advantage Fund Regular Plan Growth,14.437
2026-09-30,151273,Tata Nifty G-Sec Dec 2029 Index Fund - Direct Plan - Growth,13.0743
2026-09-30,151274,Tata Nifty G-Sec Dec 2029 Index Fund - Direct Plan - IDCW Payout,13.0743
2026-09-30,151275,Tata Nifty G-Sec Dec 2029 Index Fund - Regular Plan - Growth,12.9146
2026-09-30,151276,Tata Nifty G-Sec Dec 2029 Index Fund - Regular Plan - IDCW Reinvestment,12.9146
2026-09-30,151277,Tata Nifty G-Sec Dec 2029 Index Fund - Regular Plan - IDCW Payout,12.9146
2026-09-30,151278,Tata Nifty G-Sec Dec 2029 Index Fund - Direct Plan - IDCW Reinvestment,13.0743
2026-09-30,151285,Kotak FMP Series 304-Regular Plan-Growth Option,13.1558
2026-09-30,151286,Kotak FMP Series 304-Direct Plan-Growth Option,13.1717
2026-09-30,151287,Kotak FMP Series 304-Direct Plan-Payout of IDCW,13.1705
2026-09-30,151288,Kotak FMP Series 304-Regular Plan-Payout of IDCW,13.156
2026-09-30,151289,HSBC Multi Cap Fund - Regular - Growth,19.6755
2026-09-30,151290,HSBC Multi Cap Fund - Direct - Growth,20.6361
2026-09-30,151291,HSBC Multi Cap Fund - Direct - IDCW,19.9325
2026-09-30,151292,HSBC Multi Cap Fund - Regular - IDCW,16.1743
2026-09-30,151297,Axis CRISIL IBX 50:50 Gilt Plus SDL June 2028 Index Fund - Regular Plan - Growth,12.8865
2026-09-30,151298,Axis CRISIL IBX 50:50 Gilt Plus SDL June 2028 Index Fund - Regular Plan - IDCW,12.8864
2026-09-30,151299,Axis CRISIL IBX 50:50 Gilt Plus SDL June 2028 Index Fund - Direct Plan - IDCW,12.9812
2026-09-30,151300,Axis CRISIL IBX 50:50 Gilt Plus SDL June 2028 Index Fund - Direct Plan - Growth,12.9754
2026-09-30,151301,Tata Nifty G Sec Dec 2026 Index Fund-Direct Plan-Growth,12.9005
2026-09-30,151302,Tata Nifty G Sec Dec 2026 Index Fund-Direct Plan-IDCW Payout,12.9005
2026-09-30,151303,Tata Nifty G SEc Dec 2026 Index Fund-Regular Plan-IDCW Reinvestment,12.7477
2026-09-30,151304,Tata Nifty G Sec Dec 2026 Index Fund-Regular Plan-IDCW Payout,12.7477
2026-09-30,151305,Tata Nifty G Sec Dec 2026 Index Fund-Direct Plan-IDCW Reinvestment,12.9005
2026-09-30,151306,Tata Nifty G Sec Dec 2026 Index Fund-Regular Plan-Growth,12.7477
2026-09-30,151307,Aditya Birla Sun Life Multi Asset Allocation Fund-Direct Growth,17.3424
2026-09-30,151308,Aditya Birla Sun Life Multi Asset Allocation Fund-Direct IDCW,15.6776
2026-09-30,151309,Aditya Birla Sun Life Multi Asset Allocation Fund-Regular Growth,16.4863
2026-09-30,151310,Aditya Birla Sun Life Multi Asset Allocation Fund-Regular IDCW,13.8818
2026-09-30,151311,HDFC Long Term Fund - IDCW Option,10.5722
2026-09-30,151312,HDFC Long Term Fund - IDCW Option - Direct Plan,10.3439
2026-09-30,151313,HDFC Long Term Fund - Growth Option - Direct Plan,12.4744
2026-09-30,151314,HDFC Long Term Fund - Growth Option,12.3154
2026-09-30,151319,TRUSTMF CORPORATE BOND FUND-REGULAR PLAN-MONTHLY IDCW,1165.0292
2026-09-30,151320,TRUSTMF CORPORATE BOND FUND-DIRECT PLAN-GROWTH,1277.5397
2026-09-30,151321,TRUSTMF CORPORATE BOND FUND-DIRECT PLAN-MONTHLY IDCW,1185.5874
2026-09-30,151322,TRUSTMF CORPORATE BOND FUND-REGULAR PLAN-GROWTH,1258.8555
2026-09-30,151327,DSP CRISIL-IBX 50:50 Gilt Plus SDL - April 2033 Index Fund - Regular - Growth,12.8949
2026-09-30,151328,DSP CRISIL-IBX 50:50 Gilt Plus SDL - April 2033 Index Fund - Direct - IDCW,13.0163
2026-09-30,151329,DSP CRISIL-IBX 50:50 Gilt Plus SDL - April 2033 Index Fund - Direct - Growth,13.0163
2026-09-30,151330,DSP CRISIL-IBX 50:50 Gilt Plus SDL - April 2033 Index Fund - Regular - IDCW,12.8949
2026-09-30,151358,Kotak Nifty 1D Rate Liquid ETF,1124.8049
2026-09-30,151365,Edelweiss CRISIL IBX 50:50 Gilt Plus SDL Short Duration Index fund - Direct Plan - Growth,12.87
2026-09-30,151366,Axis Business Cycles Fund - Regular Plan - Growth,16.62
2026-09-30,151367,Axis Business Cycles Fund - Regular Plan - IDCW,15.33
2026-09-30,151368,Axis Business Cycles Fund - Direct Plan - Growth,17.41
2026-09-30,151369,Axis Business Cycles Fund - Direct Plan - IDCW,16.05
2026-09-30,151370,DSP Nifty SDL Plus G-Sec Sep 2027 50:50 Index Fund - Regular - Growth,12.9284
2026-09-30,151371,DSP Nifty SDL Plus G-Sec Sep 2027 50:50 Index Fund - Direct - IDCW,13.0100
2026-09-30,151372,DSP Nifty SDL Plus G-Sec Sep 2027 50:50 Index Fund - Regular - IDCW,12.9284
2026-09-30,151373,DSP Nifty SDL Plus G-Sec Sep 2027 50:50 Index Fund - Direct - Growth,13.0100
2026-09-30,151374,HDFC NIFTY Midcap 150 ETF - Growth Option,22.1519
2026-09-30,151375,HDFC NIFTY Smallcap 250 ETF - Growth Option,179.2585
2026-09-30,151376,HDFC BSE 500 ETF - Growth Option,35.5269
2026-09-30,151377,ITI Flexi Cap Fund- Regular Plan- Growth,19.4715
2026-09-30,151378,ITI Flexi Cap Fund- Regular Plan- IDCW,18.8278
2026-09-30,151379,ITI Flexi Cap Fund- Direct Plan- Growth,20.6996
2026-09-30,151380,ITI Flexi Cap Fund- Direct Plan- IDCW,20.0496
2026-09-30,151381,Kotak Banking & Financial Services Fund - Regular Plan - Growth,15.265
2026-09-30,151382,Kotak Banking & Financial Services Fund - Regular Plan - IDCW Payout,15.265
2026-09-30,151383,Kotak Banking & Financial Services Fund - Direct Plan - IDCW Payout,16.131
2026-09-30,151384,Kotak Banking & Financial Services Fund - Direct Plan - Growth,16.134
2026-09-30,151389,Nippon India Nifty SDL Plus G-Sec - Jun 2029 Maturity 70:30 Index Fund-Regular Plan-IDCW Option,12.8929
2026-09-30,151390,Nippon India Nifty SDL Plus G-Sec-Jun 2029 Maturity 70:30 Index Fund-Direct Plan-Growth Option,12.9818
2026-09-30,151391,Nippon India Nifty SDL Plus G-Sec-Jun 2029 Maturity 70:30 Index Fund-Direct Plan-IDCW Option,12.9818
2026-09-30,151392,Nippon India Nifty SDL Plus G-Sec-Jun 2029 Maturity 70:30 Index Fund-Regular Plan- Growth Option,12.8929
2026-09-30,151397,Edelweiss CRISIL IBX 50:50 Gilt Plus SDL Short Duration Index fund - Direct Plan - IDCW,12.0706
2026-09-30,151398,Edelweiss CRISIL IBX 50:50 Gilt Plus SDL Short Duration Index fund - Regular Plan - Growth,12.6754
2026-09-30,151399,Edelweiss CRISIL IBX 50:50 Gilt Plus SDL Short Duration Index fund - Regular Plan - IDCW,11.8769
2026-09-30,151404,"PGIM India CRISIL IBX Gilt Index - Apr 2028 Fund - Regular Plan, Growth Option",12.8343
2026-09-30,151405,"PGIM India CRISIL IBX Gilt Index - Apr 2028 Fund - Regular Plan, IDCW Option",10.6111
2026-09-30,151406,"PGIM India CRISIL IBX Gilt Index - Apr 2028 Fund - Direct Plan, IDCW Option",10.6769
2026-09-30,151407,"PGIM India CRISIL IBX Gilt Index - Apr 2028 Fund - Direct Plan, Growth Option",12.9104
2026-09-30,151408,BANDHAN CRISIL IBX GILT APRIL 2032 INDEX FUND - DIRECT GROWTH,13.0264
2026-09-30,151409,BANDHAN CRISIL IBX GILT APRIL 2032 INDEX FUND - REGULAR GROWTH,12.9069
2026-09-30,151410,BANDHAN CRISIL IBX GILT APRIL 2032 INDEX FUND - REGULAR IDCW,10.6022
2026-09-30,151411,BANDHAN CRISIL IBX GILT APRIL 2032 INDEX FUND - DIRECT IDCW,10.7623
2026-09-30,151412,Mirae Asset Flexi Cap Fund - Direct Plan - Growth,16.523
2026-09-30,151413,Mirae Asset Flexi Cap Fund - Direct Plan -  IDCW,16.474
2026-09-30,151414,Mirae Asset Flexi Cap Fund - Regular Plan - Growth,15.672
2026-09-30,151415,Mirae Asset Flexi Cap Fund - Regular Plan - IDCW,15.678
2026-09-30,151416,Mirae Asset Gold ETF,142.8200
2026-09-30,151417,Kotak Nifty SDL Jul 2033 Index Fund Regular Plan Growth Option,12.8193
2026-09-30,151418,Kotak Nifty SDL Jul 2033 Index Fund Direct Plan IDCW,12.5482
2026-09-30,151419,Kotak Nifty SDL Jul 2033 Index Fund Regular Plan IDCW,12.8149
2026-09-30,151420,Kotak Nifty SDL Jul 2033 Index Fund Direct Plan Growth Option,12.9285
2026-09-30,151425,Aditya Birla Sun Life CRISIL IBX SDL Jun 2032 INDEX FUND - Direct IDCW Payout,12.9826
2026-09-30,151426,Aditya Birla Sun Life CRISIL IBX SDL Jun 2032 INDEX FUND - Regular IDCW Payout,12.8136
2026-09-30,151427,Aditya Birla Sun Life CRISIL IBX SDL Jun 2032 INDEX FUND - Direct Growth,12.9803
2026-09-30,151428,Aditya Birla Sun Life CRISIL IBX SDL Jun 2032 INDEX FUND - Regular Growth,12.8134
2026-09-30,151433,AXIS CRISIL IBX 50:50 Gilt Plus SDL September 2027 Index Fund- REGULAR PLAN-GROWTH,12.8906
2026-09-30,151434,AXIS CRISIL IBX 50:50 Gilt Plus SDL September 2027 Index Fund- REGULAR PLAN-IDCW,12.8867
2026-09-30,151435,AXIS CRISIL IBX 50:50 Gilt Plus SDL September 2027 Index Fund- DIRECT PLAN-GROWTH,12.9802
2026-09-30,151436,AXIS CRISIL IBX 50:50 Gilt Plus SDL September 2027 Index Fund- DIRECT PLAN- IDCW,12.9801
2026-09-30,151439,Nippon India Nifty G-Sec Oct 2028 Maturity Index Fund-Regular Plan-Growth Option,12.8898
2026-09-30,151440,Nippon India Nifty G-Sec Oct 2028 Maturity Index Fund-Direct Plan-Growth Option,12.9701
2026-09-30,151441,Nippon India Nifty G-Sec Oct 2028 Maturity Index Fund-Regular Plan-IDCW Option,12.8898
2026-09-30,151442,Nippon India Nifty G-Sec Oct 2028 Maturity Index Fund-Direct Plan-IDCW Option,12.9701
2026-09-30,151443,Bank of India Multi Cap Fund Direct Plan - Growth,20.18
2026-09-30,151444,Bank of India Multi Cap Fund Direct Plan - IDCW,20.15
2026-09-30,151445,Bank of India Multi Cap Fund Regular Plan - Growth,19.38
2026-09-30,151446,Bank of India Multi Cap Fund Regular Plan - IDCW,19.37
2026-09-30,151447,DSP FMP Series - 270 - 1172 Days - Regular - Growth,12.7459
2026-09-30,151449,DSP FMP Series - 270 - 1172 Days - Direct - Growth,12.7921
2026-09-30,151450,DSP FMP Series - 270 - 1172 Days - Direct - IDCW,12.7934
2026-09-30,151455,HDFC Nifty SDL Oct 2026 Index Fund - Growth Option,12.8322
2026-09-30,151456,HDFC Nifty SDL Oct 2026 Index Fund - Growth Option - Direct Plan,12.9042
2026-09-30,151457,HDFC MNC Fund - Growth Option,13.549
2026-09-30,151458,HDFC MNC Fund - Growth Option - Direct Plan,14.127
2026-09-30,151459,HDFC MNC Fund - IDCW Option,13.549
2026-09-30,151460,HDFC MNC Fund - IDCW Option - Direct Plan,14.127
2026-09-30,151465,HDFC FMP 2638D February 2023 - Growth Option,13.064
2026-09-30,151467,HDFC FMP 2638D February 2023 - Quarterly IDCW Option,9.9938
2026-09-30,151468,HDFC FMP 2638D February 2023 - IDCW Option,13.064
2026-09-30,151469,HDFC FMP 2638D February 2023 - Quarterly IDCW Option - Direct Plan,9.9941
2026-09-30,151470,HDFC FMP 2638D February 2023 - Growth Option - Direct Plan,13.1835
2026-09-30,151471,NAVI ELSS TAX SAVER NIFTY 50 INDEX FUND - DIRECT PLAN GROWTH,13.7695
2026-09-30,151472,NAVI ELSS TAX SAVER NIFTY 50 INDEX FUND - REGULAR PLAN GROWTH,13.3204
2026-09-30,151473,NAVI ELSS TAX SAVER NIFTY 50 INDEX FUND - DIRECT PLAN IDCW PAYOUT,13.7756
2026-09-30,151474,NAVI ELSS TAX SAVER NIFTY 50 INDEX FUND - REGULAR PLAN IDCW PAYOUT,13.373
2026-09-30,151475,SBI Dividend Yield Fund - Direct Plan - Income Distribution cum Capital Withdrawal (IDCW) Option,15.6478
2026-09-30,151476,SBI Dividend Yield Fund - Regular Plan - Growth,15.0949
2026-09-30,151477,SBI Dividend Yield Fund - Regular Plan - Income Distribution cum Capital Withdrawal (IDCW) Option,15.0947
2026-09-30,151478,SBI Dividend Yield Fund - Direct Plan - Growth,15.6466
2026-09-30,151479,HSBC CRISIL IBX Gilt June 2027 Index Fund - Direct - Growth,12.8134
2026-09-30,151480,HSBC CRISIL IBX Gilt June 2027 Index Fund - Regular - Growth,12.7007
2026-09-30,151481,HSBC CRISIL IBX Gilt June 2027 Index Fund - Regular - IDCW,12.7008
2026-09-30,151482,HSBC CRISIL IBX Gilt June 2027 Index Fund - Direct - IDCW,12.8136
2026-09-30,151483,UTI Fixed Term Income Fund Series XXXVI - I (1574 Days) - Regular Plan - Growth Option,12.8904
2026-09-30,151484,UTI Fixed Term Income Fund Series XXXVI - I (1574 Days) - Direct Plan - Payout of IDCW Option,12.5041
2026-09-30,151485,UTI Fixed Term Income Fund Series XXXVI - I (1574 Days) - Direct Plan - Growth Option,13.0746
2026-09-30,151486,UTI Fixed Term Income Fund Series XXXVI - I (1574 Days) - Regular Plan - Payout of IDCW Option,12.3255
2026-09-30,151487,UTI NIFTY SDL Plus AAA PSU Bond Apr 2028- 75:25 Index Fund - Direct Plan - Growth Option,12.9864
2026-09-30,151488,UTI NIFTY SDL Plus AAA PSU Bond Apr 2028- 75:25 Index Fund - Regular Plan - Growth Option,12.8861
2026-09-30,151489,HDFC Nifty G-Sec Jun 2036 Index Fund - Growth Option - Direct Plan,13.0032
2026-09-30,151490,HDFC Nifty G-Sec Jun 2036 Index Fund - Growth Option,12.9189
2026-09-30,151491,ICICI Prudential Fixed Maturity Plan - Series 88 - 1303 Days Plan S - Growth,12.7632
2026-09-30,151492,ICICI Prudential Fixed Maturity Plan - Series 88 - 1303 Days Plan S - Direct Plan - IDCW,12.8762
2026-09-30,151493,ICICI Prudential Fixed Maturity Plan - Series 88 - 1303 Days Plan S - Direct Plan - Growth,12.8764
2026-09-30,151494,ICICI Prudential Fixed Maturity Plan - Series 88 - 1303 Days Plan S - IDCW,12.7632
2026-09-30,151495,HDFC Nifty G-Sec Apr 2029 Index Fund - Growth Option - Direct Plan,13.0141
2026-09-30,151496,HDFC Nifty G-Sec Apr 2029 Index Fund - Growth Option,12.9404
2026-09-30,151523,UTI Long Term Fund - Direct Plan - Growth Option,12.2221
2026-09-30,151524,UTI Long Term Fund - Direct Plan - Quarterly IDCW Option,12.2221
2026-09-30,151525,UTI Long Term Fund - Direct Plan - Annual IDCW Option,11.2682
2026-09-30,151526,UTI Long Term Fund - Direct Plan - Flexi IDCW Option,12.0673
2026-09-30,151527,UTI Long Term Fund - Regular Plan - Growth Option,11.8252
2026-09-30,151528,UTI Long Term Fund - Regular Plan - Quarterly IDCW Option,11.8253
2026-09-30,151529,UTI Long Term Fund - Regular Plan - Half Yearly IDCW Option,11.8254
2026-09-30,151530,UTI Long Term Fund - Direct Plan - Half Yearly IDCW Option,12.2221
2026-09-30,151531,UTI Long Term Fund - Regular Plan - Annual IDCW Option,10.8891
2026-09-30,151532,UTI Long Term Fund - Regular Plan - Flexi IDCW Option,11.8253
2026-09-30,151533,Aditya Birla Sun Life CRISIL Liquid Overnight ETF - IDCW Daily Reinvestment with Weekly Payout,1000.0000
2026-09-30,151546,Bandhan US Treasury Bond 0-1 year specific Debt Passive FOF - REGULAR PLAN - GROWTH,13.4991
2026-09-30,151547,Bandhan US Treasury Bond 0-1 year specific Debt Passive FOF- REGULAR PLAN- IDCW,13.4991
2026-09-30,151548,Bandhan US Treasury Bond 0-1 year specific Debt Passive FOF - DIRECT PLAN - GROWTH,13.5273
2026-09-30,151549,Bandhan US Treasury Bond 0-1 year specific Debt Passive FOF - DIRECT PLAN - IDCW,13.5273
2026-09-30,151560,Aditya Birla Sun Life Nifty SDL SEP 2027 Index Fund-Regular Growth,12.8964
2026-09-30,151561,Aditya Birla Sun Life Nifty SDL SEP 2027 Index Fund-Regular IDCW,12.8963
2026-09-30,151562,Aditya Birla Sun Life Nifty SDL SEP 2027 Index Fund-Direct Growth,13.0024
2026-09-30,151563,Aditya Birla Sun Life Nifty SDL SEP 2027 Index Fund-Direct IDCW,13.0010
2026-09-30,151570,HDFC NIFTY SDL Plus G-Sec Jun 2027 40:60 Index Fund - Growth Option - Direct Plan,12.8261
2026-09-30,151571,HDFC NIFTY SDL Plus G-Sec Jun 2027 40:60 Index Fund - Growth Option,12.7605
2026-09-30,151572,ICICI Prudential Nifty PSU Bank ETF,81.3135
2026-09-30,151573,Baroda BNP Paribas NIFTY SDL December 2028 Index Fund - Regular Plan - IDCW Option,11.9192
2026-09-30,151574,Baroda BNP Paribas NIFTY SDL December 2028 Index Fund - Direct Plan - Growth Option,12.9177
2026-09-30,151575,Baroda BNP Paribas NIFTY SDL December 2028 Index Fund - Direct Plan - IDCW Option,12.1213
2026-09-30,151576,Baroda BNP Paribas NIFTY SDL December 2028 Index Fund - Regular Plan - Growth Option,12.7830
2026-09-30,151577,Aditya Birla Sun Life Crisil IBX Gilt Apr 2028 Index Fund-Direct Growth,12.7193
2026-09-30,151578,ICICI Prudential Innovation Fund - Direct Plan - IDCW,16.42
2026-09-30,151579,ICICI Prudential Innovation Fund - Growth,18.66
2026-09-30,151580,ICICI Prudential Innovation Fund - Direct Plan - Growth,19.40
2026-09-30,151581,ICICI Prudential Innovation Fund - IDCW,15.73
2026-09-30,151582,Aditya Birla Sun Life Crisil IBX Gilt Apr 2028 Index Fund-Regular IDCW,12.6030
2026-09-30,151583,Aditya Birla Sun Life Crisil IBX Gilt Apr 2028 Index Fund-Regular Growth,12.6036
2026-09-30,151584,Aditya Birla Sun Life Crisil IBX Gilt Apr 2028 Index Fund-Direct IDCW,12.7228
2026-09-30,151585,Axis BSE Sensex ETF,75.2871
2026-09-30,151590,Invesco India Nifty G-sec Jul 2027 Index Fund - Regular Plan - Growth,1274.4193
2026-09-30,151591,Invesco India Nifty G-sec Jul 2027 Index Fund - Regular Plan - IDCW Payout,1274.4311
2026-09-30,151592,Invesco India Nifty G-sec Jul 2027 Index Fund - Direct Plan - IDCW Payout,1281.0445
2026-09-30,151593,Invesco India Nifty G-sec Jul 2027 Index Fund - Direct Plan - Growth,1281.0451
2026-09-30,151594,Invesco India Nifty G-sec Sep 2032 Index Fund - Regular Plan - Growth,1278.8642
2026-09-30,151595,Invesco India Nifty G-sec Sep 2032 Index Fund - Regular Plan - IDCW Payout,1278.8456
2026-09-30,151596,Invesco India Nifty G-sec Sep 2032 Index Fund - Direct Plan - IDCW Payout,1285.4419
2026-09-30,151597,Invesco India Nifty G-sec Sep 2032 Index Fund - Direct Plan - Growth,1285.443
2026-09-30,151602,Kotak Silver ETF Fund of Fund - Regular Plan - Growth Option,28.8425
2026-09-30,151603,Kotak Silver ETF Fund of Fund - Direct Plan - Growth Option,29.2951
2026-09-30,151604,Mirae Asset Nifty 100 Low Volatility 30 ETF,193.2844
2026-09-30,151609,NJ ELSS Tax Saver Fund Regular Growth,13.48
2026-09-30,151610,NJ ELSS Tax Saver Fund Regular IDCW,13.48
2026-09-30,151611,NJ ELSS Tax Saver Fund Direct Growth,14.30
2026-09-30,151612,NJ ELSS Tax Saver Fund Direct IDCW,14.30
2026-09-30,151647,Kotak Nifty Smallcap 50 Index Fund - Regular Plan - Growth,21.946
2026-09-30,151648,Kotak Nifty Smallcap 50 Index Fund - Regular Plan - IDCW,21.946
2026-09-30,151649,Kotak Nifty Smallcap 50 Index Fund - Direct Plan - Growth,22.431
2026-09-30,151650,Kotak Nifty Smallcap 50 Index Fund - Direct Plan - IDCW,22.443
2026-09-30,151691,Mirae Asset Nifty SDL June 2028 Index Fund - Direct Plan - Growth,12.8880
2026-09-30,151692,Mirae Asset Nifty SDL June 2028 Index Fund - Direct Plan - IDCW,12.8872
2026-09-30,151693,Mirae Asset Nifty SDL June 2028 Index Fund - Regular Plan - IDCW,12.7211
2026-09-30,151694,Mirae Asset Nifty SDL June 2028 Index Fund - Regular Plan - Growth,12.7208
2026-09-30,151695,Mirae Asset Nifty 8-13 yr G-Sec ETF,30.0674
2026-09-30,151708,Nippon India Fixed Maturity Plan-XLV-Series 5-Direct Plan-Growth Option,13.3882
2026-09-30,151710,Nippon India Fixed Maturity Plan-XLV-Series 5-Regular Plan-Growth Option,13.2542
2026-09-30,151712,quant Dynamic Asset Allocation Fund - IDCW Option - Direct Plan,16.7584
2026-09-30,151713,quant Dynamic Asset Allocation Fund - Growth Option - Direct Plan,16.7645
2026-09-30,151714,quant Dynamic Asset Allocation Fund - Growth Option - Regular Plan,15.9124
2026-09-30,151715,quant Dynamic Asset Allocation Fund - IDCW Option - Regular Plan,15.9139
2026-09-30,151724,HDFC NIFTY Midcap 150 Index Fund - Growth Option - Direct Plan,18.6868
2026-09-30,151725,HDFC NIFTY Midcap 150 Index Fund - Growth Option,18.3313
2026-09-30,151726,HDFC NIFTY Smallcap 250 Index Fund - Growth Option,19.0334
2026-09-30,151727,HDFC NIFTY Smallcap 250 Index Fund - Growth Option - Direct Plan,19.3929
2026-09-30,151728,HDFC BSE 500 Index Fund - Growth Option - Direct Plan,14.9451
2026-09-30,151729,HDFC BSE 500 Index Fund - Regular Plan - Growth Option,14.659
2026-09-30,151730,UTI Silver Exchange Traded Fund,211.6021
2026-09-30,151731,UTI Silver ETF Fund of Fund - Direct Plan - Growth Option,28.0253
2026-09-30,151732,UTI Silver ETF Fund of Fund - Regular Plan - Growth Option,27.679
2026-09-30,151737,DSP Gold ETF,14.2720
2026-09-30,151738,UTI Nifty 500 Value 50 Index Fund - Regular Plan - Growth Option,20.8573
2026-09-30,151739,UTI Nifty 500 Value 50 Index Fund - Direct Plan - Growth Option,21.1947
2026-09-30,151747,Baroda BNP Paribas Value Fund - Regular Plan - Growth option,13.1385
2026-09-30,151748,HDFC Defence Fund - IDCW Option,29.615
2026-09-30,151749,HDFC Defence Fund - IDCW Option - Direct Plan,30.72
2026-09-30,151750,HDFC Defence Fund - Growth Option - Direct Plan,30.72
2026-09-30,151751,HDFC Defence Fund - Growth Option,29.615
2026-09-30,151752,Samco Active Momentum Fund - Regular Plan - Growth Option,15.38
2026-09-30,151753,Samco Active Momentum Fund - Direct Plan - Growth Option,16.09
2026-09-30,151754,Baroda BNP Paribas Value Fund - Regular Plan - IDCW option,11.9792
2026-09-30,151755,Baroda BNP Paribas Value Fund - Direct Plan - Growth option,13.7057
2026-09-30,151756,Baroda BNP Paribas Value Fund - Direct Plan - IDCW option,12.4971
2026-09-30,151757,quant Business Cycle Fund - Growth Option - Direct Plan,16.6901
2026-09-30,151758,quant Business Cycle Fund - Growth Option - Regular Plan,15.8482
2026-09-30,151759,quant Business Cycle Fund - IDCW Option - Direct Plan,16.6776
2026-09-30,151760,quant Business Cycle Fund - IDCW Option - Regular Plan,15.8634
2026-09-30,151761,UTI Nifty50 Equal Weight Index Fund - Regular Plan - Growth Option,14.1197
2026-09-30,151762,UTI Nifty50 Equal Weight Index Fund - Direct Plan - Growth Option,14.3318
2026-09-30,151763,UTI BSE Housing Index Fund - Regular Plan - Growth Option,13.0706
2026-09-30,151764,UTI BSE Housing Index Fund - Direct Plan - Growth Option,13.2637
2026-09-30,151765,SBI BSE Sensex Index Fund - Regular Plan - Growth,11.8778
2026-09-30,151766,SBI BSE Sensex Index Fund - Regular Plan - IDCW,11.8778
2026-09-30,151769,SBI BSE Sensex Index Fund - Direct Plan - Growth,11.9653
2026-09-30,151770,SBI BSE Sensex Index Fund - Direct Plan - IDCW,11.9658
2026-09-30,151775,ITI Focused Fund - Regular Plan - IDCW,14.7922
2026-09-30,151776,ITI Focused Fund - Direct Plan - IDCW,15.7607
2026-09-30,151777,ITI Focused Fund - Direct Plan - Growth,16.7738
2026-09-30,151778,ITI Focused Fund - Regular Plan - Growth,15.7942
2026-09-30,151779,Mirae Asset Silver ETF,213.4543
2026-09-30,151780,Kotak Nifty 200 Momentum 30 Index Fund - Regular Plan - IDCW Payout,13.886
2026-09-30,151781,Kotak Nifty 200 Momentum 30 Index Fund - Direct Plan - Growth Option,14.11
2026-09-30,151782,Kotak Nifty 200 Momentum 30 Index Fund - Direct Plan - IDCW Payout,14.11
2026-09-30,151783,Kotak Nifty 200 Momentum 30 Index Fund - Regular Plan - Growth Option,13.886
2026-09-30,151784,Axis Nifty IT Index Fund - Regular Plan - IDCW,9.5305
2026-09-30,151785,Axis Nifty IT Index Fund - Direct Plan - Growth,9.7414
2026-09-30,151786,Axis Nifty IT Index Fund - Direct Plan - IDCW,9.7414
2026-09-30,151787,Axis Nifty IT Index Fund - Regular Plan - Growth,9.5304
2026-09-30,151788,quant BFSI Fund - Growth Option - Regular Plan,19.7833
2026-09-30,151789,quant BFSI Fund - IDCW Option - Regular Plan,19.7818
2026-09-30,151790,quant BFSI Fund - IDCW Option - Direct Plan,20.8761
2026-09-30,151791,quant BFSI Fund - Growth Option - Direct Plan,20.8531
2026-09-30,151792,Edelweiss Multi Asset Allocation Fund - Direct Plan - Growth,12.6955
2026-09-30,151793,Edelweiss Multi Asset Allocation Fund - Direct Plan - IDCW Option,12.2892
2026-09-30,151794,Edelweiss Multi Asset Allocation Fund - Regular Plan - IDCW Option,12.1557
2026-09-30,151795,Edelweiss Multi Asset Allocation Fund - Regular Plan - Growth,12.5612
2026-09-30,151796,360 ONE FLEXICAP FUND-DIRECT PLAN- GROWTH,16.8812
2026-09-30,151797,360 ONE FLEXICAP FUND-REGULAR PLAN- IDCW,16.0503
2026-09-30,151798,360 ONE FLEXICAP FUND-DIRECT PLAN- IDCW,16.8812
2026-09-30,151799,360 ONE FLEXICAP FUND-REGULAR PLAN- GROWTH,16.0503
2026-09-30,151802,HDFC Consumption Fund - IDCW Option,13.127
2026-09-30,151803,HDFC Consumption Fund - Growth Option,13.127
2026-09-30,151804,HDFC Consumption Fund - Growth Option - Direct Plan,13.644
2026-09-30,151805,HDFC Consumption Fund - IDCW Option - Direct Plan,13.644
2026-09-30,151810,Mirae Asset Multicap Fund - Direct Plan - Growth,14.879
2026-09-30,151811,Mirae Asset Multicap Fund - Direct Plan - IDCW,14.877
2026-09-30,151812,Mirae Asset Multicap Fund - Regular Plan - Growth,14.212
2026-09-30,151813,Mirae Asset Multicap Fund - Regular Plan - IDCW,14.201
2026-09-30,151814,Motilal Oswal Nifty Microcap 250 Index Fund- Direct- Growth Option,19.0943
2026-09-30,151815,Motilal Oswal Nifty Microcap 250 Index Fund- Regular- Growth Option,18.7101
2026-09-30,151816,BANDHAN FINANCIAL SERVICES FUND - DIRECT PLAN - GROWTH,15.000
2026-09-30,151817,BANDHAN FINANCIAL SERVICES FUND - DIRECT PLAN - IDCW,13.084
2026-09-30,151818,BANDHAN FINANCIAL SERVICES FUND - REGULAR PLAN - GROWTH,14.254
2026-09-30,151819,BANDHAN FINANCIAL SERVICES FUND - REGULAR PLAN - IDCW,12.442
2026-09-30,151820,DSP Nifty IT ETF,29.4329
2026-09-30,151821,Canara Robeco Multi Cap Fund - Regular Plan - Growth Option,14.2800
2026-09-30,151822,Canara Robeco Multi Cap Fund - Direct Plan - IDCW Option,13.3600
2026-09-30,151823,Canara Robeco Multi Cap Fund - Regular Plan - IDCW Option,12.7600
2026-09-30,151824,Canara Robeco Multi Cap Fund - Direct Plan - Growth Option,14.9400
2026-09-30,151833,Bajaj Finserv Liquid Fund - Direct Plan - Growth,1243.4470
2026-09-30,151834,Bajaj Finserv Liquid Fund - Direct Plan - Weekly - IDCW,1035.0872
2026-09-30,151835,Bajaj Finserv Liquid Fund - Direct Plan - Daily - IDCW,1034.6939
2026-09-30,151836,Bajaj Finserv Liquid Fund - Direct Plan - Monthly - IDCW,1036.9659
2026-09-30,151837,Bajaj Finserv Liquid Fund - Regular Plan - Growth,1236.3082
2026-09-30,151838,Bajaj Finserv Liquid Fund - Direct Plan - Fortnightly - IDCW,1035.9975
2026-09-30,151839,Bajaj Finserv Liquid Fund - Regular Plan - Daily - IDCW,1033.8241
2026-09-30,151840,Bajaj Finserv Liquid Fund - Regular Plan - Weekly - IDCW,1034.1932
2026-09-30,151841,Bajaj Finserv Liquid Fund - Regular Plan - Fortnightly - IDCW,1035.0754
2026-09-30,151842,Bajaj Finserv Liquid Fund - Regular Plan - Monthly - IDCW,1036.0114
2026-09-30,151843,Bajaj Finserv Overnight Fund - Direct Plan - Daily - IDCW,1033.1412
2026-09-30,151844,Bajaj Finserv Overnight Fund - Direct Plan - Weekly - IDCW,1033.4258
2026-09-30,151845,Bajaj Finserv Overnight Fund - Direct Plan - Monthly - IDCW,1035.3035
2026-09-30,151846,Bajaj Finserv Overnight Fund - Regular Plan - Weekly - IDCW,1033.1610
2026-09-30,151847,Bajaj Finserv Overnight Fund - Regular Plan - Fortnightly - IDCW,1034.1615
2026-09-30,151848,Bajaj Finserv Overnight Fund - Regular Plan - Monthly - IDCW,1035.0227
2026-09-30,151849,Bajaj Finserv Overnight Fund - Direct Plan - Growth,1212.2809
2026-09-30,151850,Bajaj Finserv Overnight Fund - Direct Plan - Fortnightly - IDCW,1034.4435
2026-09-30,151851,Bajaj Finserv Overnight Fund - Regular Plan - Growth,1210.3185
2026-09-30,151852,Bajaj Finserv Overnight Fund - Regular Plan - Daily - IDCW,1032.8859
2026-09-30,151853,quant Healthcare Fund - Growth Option - Direct Plan,18.8601
2026-09-30,151854,quant Healthcare Fund - IDCW Option - Direct Plan,18.8581
2026-09-30,151855,quant Healthcare Fund - Growth Option - Regular Plan,17.8982
2026-09-30,151856,quant Healthcare Fund - IDCW Option - Regular Plan,17.8973
2026-09-30,151857,Mirae Asset Nifty Bank ETF,557.4023
2026-09-30,151862,HDFC Charity Fund for Cancer Cure - IDCW Option - Direct Plan - 50% IDCW Donation Option,10.2291
2026-09-30,151863,HDFC Charity Fund for Cancer Cure - IDCW Option - 75% IDCW Donation Option,10.2291
2026-09-30,151864,HDFC Charity Fund for Cancer Cure - IDCW Option - Direct Plan - 75% IDCW Donation Option,10.2291
2026-09-30,151865,HDFC Charity Fund for Cancer Cure - IDCW Option - 50% IDCW Donation Option,10.2291
2026-09-30,151878,Kotak Quant Fund - Regular Plan - Growth Option,14.58
2026-09-30,151879,Kotak Quant Fund - Regular Plan - IDCW Payout,14.469
2026-09-30,151880,Kotak Quant Fund - Direct plan - IDCW Payout,14.771
2026-09-30,151881,Kotak Quant Fund - Direct Plan - Growth Option,14.771
2026-09-30,151882,UTI Balanced Advantage Fund - Regular Plan - Growth Option,12.124
2026-09-30,151883,UTI Balanced Advantage Fund - Direct Plan - Payout of IDCW Option,12.6526
2026-09-30,151884,UTI Balanced Advantage Fund - Regular Plan - Payout of IDCW Option,12.124
2026-09-30,151885,UTI Balanced Advantage Fund - Direct Plan - Growth Option,12.6527
2026-09-30,151886,DSP BSE Sensex ETF,74.8379
2026-09-30,151887,DSP Nifty Private Bank ETF,27.1554
2026-09-30,151888,DSP Nifty PSU Bank ETF,81.0805
2026-09-30,151889,Bajaj Finserv Money Market Fund-Direct Plan-Growth,1258.6190
2026-09-30,151890,Bajaj Finserv Money Market Fund-Direct Plan-IDCW,1258.6190
2026-09-30,151891,Bajaj Finserv Money Market Fund-Regular Plan-IDCW,1234.6302
2026-09-30,151892,Bajaj Finserv Money Market Fund-Regular Plan-Monthly-IDCW,1045.8162
2026-09-30,151893,Bajaj Finserv Money Market Fund-Regular Plan-Growth,1234.6302
2026-09-30,151894,Bajaj Finserv Money Market Fund-Direct Plan-Monthly-IDCW,1037.5688
2026-09-30,151895,Bajaj Finserv Flexi Cap Fund-Direct Plan-Growth,15.726
2026-09-30,151896,Bajaj Finserv Flexi Cap Fund-Direct Plan-IDCW,15.726
2026-09-30,151897,Bajaj Finserv Flexi Cap Fund-Regular Plan-IDCW,15.062
2026-09-30,151898,Bajaj Finserv Flexi Cap Fund -Regular Plan-Growth,15.062
2026-09-30,151899,HDFC Transportation and Logistics Fund - IDCW Option - Direct Plan,19.819
2026-09-30,151900,HDFC Transportation and Logistics Fund - Growth Option,19.106
2026-09-30,151901,HDFC Transportation and Logistics Fund - Growth Option - Direct Plan,19.819
2026-09-30,151902,HDFC Transportation and Logistics Fund - IDCW Option,19.106
2026-09-30,151903,Union Innovation & Opportunities Fund - Regular Plan - Growth Option,15.65
2026-09-30,151904,Union Innovation & Opportunities Fund - Direct Plan - IDCW Option,15.22
2026-09-30,151905,Union Innovation & Opportunities Fund - Direct Plan - Growth Option,16.36
2026-09-30,151906,Union Innovation & Opportunities Fund - Regular Plan - IDCW Option,14.51
2026-09-30,151907,ICICI Prudential Nifty 200 Quality 30 ETF,19.6931
2026-09-30,151908,Mirae Asset Nifty 1D Rate Liquid ETF-IDCW,1000.0000
2026-09-30,151909,Kotak Nifty Financial Services Ex-Bank Index Fund - Regular Plan - Growth option,15.121
2026-09-30,151910,Kotak Nifty Financial Services Ex-Bank Index Fund - Regular Plan - IDCW option,15.121
2026-09-30,151911,Kotak Nifty Financial Services Ex-Bank Index Fund - Direct Plan - Growth option,15.379
2026-09-30,151912,Kotak Nifty Financial Services Ex-Bank Index Fund - Direct Plan - IDCW option,15.379
2026-09-30,151913,quant Manufacturing Fund - Growth Option - Regular Plan,16.201
2026-09-30,151914,quant Manufacturing Fund - IDCW Option - Direct Plan,16.9861
2026-09-30,151915,quant Manufacturing Fund - IDCW Option - Regular Plan,16.3245
2026-09-30,151916,quant Manufacturing Fund - Growth Option - Direct Plan,16.991
2026-09-30,151917,NJ Flexi Cap Fund - Direct Plan - Growth Option,13.12
2026-09-30,151918,NJ Flexi Cap Fund - Direct Plan - IDCW Option,13.12
2026-09-30,151919,NJ Flexi Cap Fund - Regular Plan - IDCW Option,12.50
2026-09-30,151920,NJ Flexi Cap Fund - Regular Plan - Growth Option,12.50
2026-09-30,151927,LIC MF Liquid Fund-Regular Plan-Weekly IDCW,1002.3248
2026-09-30,151928,LIC MF Liquid Fund-Regular Plan-Monthly IDCW,1233.1664
2026-09-30,151930,LIC MF Liquid Fund-Direct Plan-Monthly IDCW,1254.7278
2026-09-30,151932,LIC MF Liquid Fund-Direct Plan-Weekly IDCW,1121.1013
2026-09-30,151935,LIC MF Nifty Next 50 Index Fund-Regular Plan-Growth,51.9258
2026-09-30,151936,LIC MF Nifty Next 50 Index Fund-Regular Plan-IDCW,51.9258
2026-09-30,151937,LIC MF Nifty Next 50 Index Fund-Direct Plan-Growth,57.3332
2026-09-30,151938,LIC MF Nifty Next 50 Index Fund-Direct Plan-IDCW,57.3332
2026-09-30,151949,LIC MF Equity Savings Fund-Regular Plan-Monthly IDCW,21.9035
2026-09-30,151950,LIC MF Equity Savings Fund-Regular Plan-Growth,28.3082
2026-09-30,151951,LIC MF Equity Savings Fund-Regular Plan-Quarterly IDCW,20.5839
2026-09-30,151952,LIC MF Equity Savings Fund-Direct Plan-Growth,32.3515
2026-09-30,151953,LIC MF Equity Savings Fund-Direct Plan-Monthly IDCW,21.451
2026-09-30,151954,LIC MF Equity Savings Fund-Direct Plan-Quarterly IDCW,17.5186
2026-09-30,151955,LIC MF Short Term Fund-Regular Plan-Monthly IDCW,15.0463
2026-09-30,151956,LIC MF Short Term Fund-Regular Plan-Weekly IDCW,12.7919
2026-09-30,151959,LIC MF Short Term Fund-Direct Plan-Monthly IDCW,16.677
2026-09-30,151960,LIC MF Short Term Fund-Direct Plan-Weekly IDCW,16.6791
2026-09-30,151961,LIC MF Gold Exchange Traded Fund,132.3687
2026-09-30,151973,LIC MF Gold ETF Fund of Fund-Regular Plan-Growth,37.8169
2026-09-30,151974,LIC MF Gold ETF Fund of Fund-Direct Plan-Growth,40.0139
2026-09-30,151986,LIC MF Medium to Long Term Fund-Regular Plan-Quarterly IDCW,16.0787
2026-09-30,151988,LIC MF Medium to Long Term Fund-Direct Plan-Quarterly IDCW,19.8567
2026-09-30,151989,LIC MF Medium to Long Term Fund-Regular Plan-Annual IDCW,16.5793
2026-09-30,151990,LIC MF Medium to Long Term Fund-Direct Plan-Annual IDCW,19.8564
2026-09-30,151999,LIC MF Mid Cap Fund-Direct Plan-IDCW,31.5454
2026-09-30,152000,LIC MF Mid Cap Fund-Regular Plan-IDCW,27.8228
2026-09-30,152001,LIC MF Mid Cap Fund-Regular Plan-Growth,29.6454
2026-09-30,152002,LIC MF Mid Cap Fund-Direct Plan-Growth,33.5808
2026-09-30,152003,LIC MF Small Cap Fund-Regular Plan-Growth,34.9377
2026-09-30,152004,LIC MF Small Cap Fund-Direct Plan-Growth,39.7478
2026-09-30,152005,LIC MF Small Cap Fund-Direct Plan-IDCW,39.739
2026-09-30,152006,LIC MF Small Cap Fund-Regular Plan-IDCW,34.9373
2026-09-30,152007,LIC MF Focused Fund-Regular Plan-IDCW,21.572
2026-09-30,152008,LIC MF Focused Fund-Direct Plan-IDCW,24.0084
2026-09-30,152009,LIC MF Focused Fund-Regular Plan-Growth,21.5722
2026-09-30,152010,LIC MF Focused Fund-Direct Plan-Growth,24.0381
2026-09-30,152015,LIC MF Value Fund-Direct Plan-IDCW,31.1112
2026-09-30,152016,LIC MF Value Fund-Regular Plan-Growth,28.5081
2026-09-30,152017,LIC MF Value Fund-Regular Plan-IDCW,28.5082
2026-09-30,152018,LIC MF Value Fund-Direct Plan-Growth,31.1445
2026-09-30,152019,LIC MF Dividend Yield Fund-Regular Plan-Growth,31.8082
2026-09-30,152020,LIC MF Dividend Yield Fund-Regular Plan-IDCW,31.8075
2026-09-30,152021,LIC MF Dividend Yield Fund-Direct Plan-IDCW,35.1298
2026-09-30,152022,LIC MF Dividend Yield Fund-Direct Plan-Growth,35.1484
2026-09-30,152023,LIC MF Healthcare Fund-Direct Plan-IDCW,36.4649
2026-09-30,152024,LIC MF Healthcare Fund-Direct Plan-Growth,36.4768
2026-09-30,152025,LIC MF Healthcare Fund-Regular Plan-Growth,32.898
2026-09-30,152026,LIC MF Healthcare Fund-Regular Plan-IDCW,32.8985
2026-09-30,152027,HSBC Consumption Fund - Regular Growth,14.7611
2026-09-30,152028,HSBC Consumption Fund - Direct IDCW,14.1611
2026-09-30,152030,HSBC Consumption Fund - Regular IDCW,13.6336
2026-09-30,152032,HSBC Consumption Fund - Direct Growth,15.3841
2026-09-30,152033,Nippon India Innovation Fund-Direct Plan-Growth Option,14.8910
2026-09-30,152034,Nippon India Innovation Fund-Regular Plan-Growth Option,14.3020
2026-09-30,152035,Nippon India Innovation Fund-Direct Plan-IDCW Option,14.8910
2026-09-30,152036,Nippon India Innovation Fund-Regular Plan-IDCW Option,14.3020
2026-09-30,152037,Kotak BSE Housing Index Fund - Direct Plan - IDCW Option,12.351
2026-09-30,152038,Kotak  BSE Housing Index Fund - Regular Plan - Growth Option,12.151
2026-09-30,152039,Kotak BSE Housing Index Fund - Direct Plan - Growth Option,12.353
2026-09-30,152040,Kotak  BSE Housing Index Fund - Regular Plan - IDCW Option,12.151
2026-09-30,152041,Bandhan Nifty IT Index Fund - Direct Plan - Growth,9.4309
2026-09-30,152042,Bandhan Nifty IT Index Fund - Direct Plan - IDCW,9.4340
2026-09-30,152043,Bandhan Nifty IT Index Fund - Regular Plan - Growth,9.2442
2026-09-30,152044,Bandhan Nifty IT Index Fund - Regular Plan - IDCW,9.2434
2026-09-30,152045,Mahindra Manulife Business Cycle Fund - Direct Plan - Growth,15.8341
2026-09-30,152046,Mahindra Manulife Business Cycle Fund-  Regular Plan - Growth,15.0406
2026-09-30,152047,Mahindra Manulife Business Cycle Fund - Regular Plan - IDCW,12.8448
2026-09-30,152048,Mahindra Manulife Business Cycle Fund - Direct Plan - IDCW,13.5995
2026-09-30,152050,UTI Nifty Midcap 150 Exchange Traded Fund,221.1421
2026-09-30,152051,Shriram Multi Asset Allocation Fund - Direct Growth,13.4527
2026-09-30,152052,Shriram Multi Asset Allocation Fund - Regular Growth,12.7311
2026-09-30,152057,HDFC Technology Fund - IDCW Option,10.926
2026-09-30,152058,HDFC Technology Fund - Growth Option,10.926
2026-09-30,152059,HDFC Technology Fund - Growth Option - Direct Plan,11.33
2026-09-30,152060,HDFC Technology Fund - IDCW Option - Direct Plan,11.33
2026-09-30,152061,NAVI BSE SENSEX INDEX FUND - REGULAR PLAN - GROWTH,11.074
2026-09-30,152062,NAVI BSE SENSEX INDEX FUND - DIRECT PLAN - GROWTH,11.3049
2026-09-30,152067,quant Teck Fund - Growth Option - Direct Plan,10.952
2026-09-30,152068,quant Teck Fund - IDCW Option - Direct Plan,10.9461
2026-09-30,152069,quant Teck Fund - IDCW Option - Regular Plan,10.4356
2026-09-30,152070,quant Teck Fund - Growth Option - Regular Plan,10.4341
2026-09-30,152071,WhiteOak Capital Multi Cap Fund Direct Plan Growth,16.307
2026-09-30,152072,WhiteOak Capital Multi Cap Fund Regular Plan Growth,15.564
2026-09-30,152073,360 ONE Balanced Hybrid Fund - Direct Plan - IDCW,13.6137
2026-09-30,152074,360 ONE Balanced Hyrbrid fund - Regular Plan - IDCW,13.0105
2026-09-30,152075,360 ONE Balanced Hybrid Fund - Regular Plan - Growth,13.0105
2026-09-30,152076,360 ONE Balanced Hybrid Fund- Direct Plan - Growth,13.6137
2026-09-30,152077,Bajaj Finserv Arbitrage Fund-Direct Plan-Growth,12.296
2026-09-30,152078,Bajaj Finserv Arbitrage Fund- Regular Plan-Growth,12.037
2026-09-30,152079,Bajaj Finserv Arbitrage Fund-Regular Plan-IDCW,12.037
2026-09-30,152080,Bajaj Finserv Arbitrage Fund- Direct Plan-IDCW,12.296
2026-09-30,152081,HDFC Pharma and Healthcare Fund - IDCW Option - Direct Plan,21.944
2026-09-30,152082,HDFC Pharma and Healthcare Fund - Growth Option - Direct Plan,21.944
2026-09-30,152083,HDFC Pharma and Healthcare Fund - IDCW Option,21.181
2026-09-30,152084,HDFC Pharma and Healthcare Fund - Growth Option,21.181
2026-09-30,152086,UTI Innovation Fund - Regular Plan - Growth Option,10.9418
2026-09-30,152087,UTI Innovation Fund - Direct Plan - Growth Option,11.4066
2026-09-30,152088,UTI Innovation Fund - Regular Plan - Payout of IDCW Optioni,10.9418
2026-09-30,152089,UTI Innovation Fund - Direct Plan - Payout of IDCW Option,11.4066
2026-09-30,152092,Groww Nifty Total Market Index Fund - Direct Plan - Growth,13.35
2026-09-30,152093,Edelweiss Multi Cap Fund - Direct Plan - IDCW,15.3307
2026-09-30,152094,Edelweiss Multi Cap Fund - Direct Plan - Growth,15.8199
2026-09-30,152095,Edelweiss Multi Cap Fund - Regular Plan - Growth,15.1214
2026-09-30,152096,Edelweiss Multi Cap Fund - Regular Plan - IDCW,14.634
2026-09-30,152097,Mirae Asset BSE Sensex ETF,74.8713
2026-09-30,152098,Kotak Nifty G-Sec July 2033 Index Fund - Direct Plan - Growth,12.3801
2026-09-30,152099,Kotak Nifty G-Sec July 2033 Index Fund - Direct Plan - IDCW Payout,12.3802
2026-09-30,152100,Kotak Nifty G-Sec July 2033 Index Fund - Regular Plan - Growth,12.2886
2026-09-30,152101,Kotak Nifty G-Sec July 2033 Index Fund - Regular Plan - IDCW Payout,12.2885
2026-09-30,152102,Bandhan Retirement Fund - Direct Plan - Growth,12.736
2026-09-30,152103,Bandhan Retirement Fund - Regular Plan - Growth,12.127
2026-09-30,152104,Bandhan Retirement Fund - Direct Plan - IDCW,12.726
2026-09-30,152105,Bandhan Retirement Fund - Regular Plan - IDCW,12.128
2026-09-30,152106,Motilal Oswal Nifty 500 ETF,22.5930
2026-09-30,152107,QUANTUM SMALL CAP FUND - DIRECT PLAN GROWTH OPTION,13.92
2026-09-30,152108,QUANTUM SMALL CAP FUND - REGULAR PLAN GROWTH OPTION,13.33
2026-09-30,152109,Parag Parikh Arbitrage Fund - Direct Plan Growth,12.1693
2026-09-30,152110,Parag Parikh Arbitrage Fund - Regular Plan Growth,12.0435
2026-09-30,152116,NJ Overnight Fund - Unclaimed Redemption Plan - Upto 3 Years,1110.3097
2026-09-30,152125,Groww Nifty Total Market Index Fund - Direct Plan - IDCW,13.3496
2026-09-30,152126,Groww Nifty Total Market Index Fund - Regular Plan - IDCW,13.0949
2026-09-30,152127,Groww Nifty Total Market Index Fund - Regular Plan - Growth,13.0942
2026-09-30,152128,Baroda BNP Paribas Small Cap Fund - Direct Plan - Growth option,14.4781
2026-09-30,152129,Baroda BNP Paribas Small Cap Fund - Direct Plan - IDCW option,14.1281
2026-09-30,152130,Baroda BNP Paribas Small Cap Fund - Regular Plan - Growth option,13.9038
2026-09-30,152131,Baroda BNP Paribas Small Cap Fund - Regular Plan - IDCW option,13.5485
2026-09-30,152132,WhiteOak Capital Balanced Hybrid Fund Direct Plan Growth,13.665
2026-09-30,152133,WhiteOak Capital Balanced Hybrid Fund Regular Plan Growth,13.075
2026-09-30,152134,Mirae Asset Nifty 200 Alpha 30 ETF,25.2701
2026-09-30,152135,Helios Flexi Cap Fund - Direct Plan - Growth Option,15.57
2026-09-30,152136,Helios Flexi Cap Fund - Regular Plan - Growth Option,14.94
2026-09-30,152137,Helios Flexi Cap Fund - Regular Plan - IDCW Option,14.94
2026-09-30,152138,Helios Flexi Cap Fund - Direct Plan - IDCW Option,15.57
2026-09-30,152151,Helios Overnight Fund - Direct Plan - Daily IDCW Option,1000.0000
2026-09-30,152152,Helios Overnight Fund - Direct Plan - Growth Option,1184.1829
2026-09-30,152153,Helios Overnight Fund - Regular Plan - Growth Option,1182.4642
2026-09-30,152154,Helios Overnight Fund - Regular Plan - Daily IDCW Option,1000.0000
2026-09-30,152155,Mirae Asset Nifty IT ETF,29.3872
2026-09-30,152156,Zerodha Nifty LargeMidcap 250 Index Fund - Direct Plan - Growth option,13.6393
2026-09-30,152157,Zerodha ELSS Tax Saver Nifty LargeMidcap 250 Index Fund - Direct Plan - Growth option,13.6677
2026-09-30,152158,Aditya Birla Sun Life Transportation and Logistics Fund-Direct Growth,17.59
2026-09-30,152159,Aditya Birla Sun Life Transportation and Logistics Fund-Direct IDCW,17.58
2026-09-30,152160,Aditya Birla Sun Life Transportation and Logistics Fund-Regular IDCW,16.90
2026-09-30,152161,Aditya Birla Sun Life Transportation and Logistics Fund-Regular Growth,16.90
2026-09-30,152162,Bajaj Finserv Banking and PSU Debt Fund-Direct Plan- Growth,12.2409
2026-09-30,152163,Bajaj Finserv Banking and PSU Debt Fund- Direct Plan- IDCW,12.2409
2026-09-30,152164,Bajaj Finserv Banking and PSU Debt Fund-  Direct Plan-Monthly- IDCW,10.9772
2026-09-30,152165,Bajaj Finserv Banking and PSU Debt Fund- Regular Plan- Growth,12.0488
2026-09-30,152166,Bajaj Finserv Banking and PSU Debt Fund- Regular Plan- IDCW,12.0488
2026-09-30,152167,Bajaj Finserv Banking and PSU Debt Fund-Regular Plan-Monthly-IDCW,10.9014
2026-09-30,152168,SBI NIFTY 1D Rate Liquid ETF - IDCW,1000.0000
2026-09-30,152169,Kotak Consumption Fund - Direct plan - Growth Option,14.239
2026-09-30,152170,Kotak Consumption Fund - Regular plan - Growth Option,13.609
2026-09-30,152171,Kotak Consumption Fund - Regular plan - IDCW Option,13.607
2026-09-30,152172,Kotak Consumption Fund - Direct plan - IDCW Option,14.236
2026-09-30,152177,Bandhan Nifty Alpha 50 Index Fund - Direct Plan - Growth,14.1635
2026-09-30,152178,Bandhan Nifty Alpha 50 Index Fund - Direct Plan - IDCW,14.1547
2026-09-30,152179,Bandhan Nifty Alpha 50 Index Fund - Regular Plan - Growth,13.8908
2026-09-30,152180,Bandhan Nifty Alpha 50 Index Fund - Regular Plan - IDCW,13.8905
2026-09-30,152181,DSP Gold ETF Fund of Fund - Regular - IDCW,22.8960
2026-09-30,152182,DSP Gold ETF Fund of Fund - Regular - Growth,22.8960
2026-09-30,152183,DSP Gold ETF Fund of Fund - Direct - Growth,23.1411
2026-09-30,152184,DSP Gold ETF Fund of Fund - Direct - IDCW,23.1411
2026-09-30,152185,Samco Dynamic Asset Allocation Fund - Regular Plan - IDCW Option,10.07
2026-09-30,152186,Samco Dynamic Asset Allocation Fund - Direct Plan - IDCW Option,10.52
2026-09-30,152187,Samco Dynamic Asset Allocation Fund - Regular Plan - Growth Option,10.07
2026-09-30,152188,Samco Dynamic Asset Allocation Fund - Direct Plan - Growth Option,10.52
2026-09-30,152189,quant Momentum Fund - Growth Option - Direct Plan,15.2061
2026-09-30,152190,quant Momentum Fund - Growth Option - Regular Plan,14.6626
2026-09-30,152191,quant Momentum Fund - IDCW Option - Regular Plan,14.6161
2026-09-30,152192,quant Momentum Fund - IDCW Option - Direct Plan,15.1905
2026-09-30,152193,Edelweiss Gold ETF,146.7796
2026-09-30,152194,Bajaj Finserv Balanced Advantage Fund-Direct Plan-Growth,11.842
2026-09-30,152195,Bajaj Finserv Balanced Advantage Fund-Direct Plan-IDCW,11.842
2026-09-30,152196,Bajaj Finserv Balanced Advantage Fund-Regular Plan-Growth,11.341
2026-09-30,152197,Bajaj Finserv Balanced Advantage Fund-Regular Plan-IDCW,11.341
2026-09-30,152199,Franklin India Money Market Fund Wkly IDCW R,10.0850
2026-09-30,152200,Franklin India Money Market Fund - DP - Wkly IDCW R,10.0962
2026-09-30,152202,Axis India Manufacturing Fund - Direct Plan - Growth,16.46
2026-09-30,152203,Axis India Manufacturing Fund - Regular Plan - IDCW,15.84
2026-09-30,152204,Axis India Manufacturing Fund - Direct Plan - IDCW,16.45
2026-09-30,152205,Axis India Manufacturing Fund - Regular Plan - Growth,15.84
2026-09-30,152206,DSP Banking & Financial Services Fund - Direct - Growth,14.6150
2026-09-30,152207,DSP Banking & Financial Services Fund - Direct - IDCW,12.3130
2026-09-30,152208,DSP Banking & Financial Services Fund - Regular - Growth,14.0200
2026-09-30,152209,DSP Banking & Financial Services Fund - Regular - IDCW,12.8430
2026-09-30,152212,Edelweiss Silver ETF,218.9565
2026-09-30,152213,Kotak Healthcare Fund - Regular Plan - IDCW Option,16.776
2026-09-30,152214,Kotak Healthcare Fund - Direct Plan - Growth Option,17.553
2026-09-30,152215,Kotak Healthcare Fund - Direct Plan - IDCW Option,17.551
2026-09-30,152216,Kotak Healthcare Fund - Regular Plan - Growth Option,16.771
2026-09-30,152217,Union Children's Fund - Regular Plan - Growth Option,12.29
2026-09-30,152218,Union Children's Fund - Regular Plan - IDCW Option,10.69
2026-09-30,152219,Union Children's Fund - Direct Plan - Growth Option,12.74
2026-09-30,152220,Union Children's Fund - Direct Plan - IDCW Option,12.74
2026-09-30,152225,Whiteoak Capital Large & Mid Cap Fund Regular Plan Growth,13.112
2026-09-30,152226,Whiteoak Capital Large & Mid Cap Fund Direct Plan Growth,13.698
2026-09-30,152231,Baroda BNP Paribas Gold ETF,142.1837
2026-09-30,152232,Motilal Oswal Small Cap Fund - Regular - Growth,16.7234
2026-09-30,152234,Motilal Oswal Small Cap Fund - Regular - IDCW,16.7238
2026-09-30,152235,Motilal Oswal Small Cap Fund - Direct IDCW,17.3414
2026-09-30,152237,Motilal Oswal Small Cap Fund - Direct - Growth,17.3415
2026-09-30,152242,DSP Nifty Smallcap250 Quality 50 Index Fund - Regular - IDCW,10.0768
2026-09-30,152243,DSP Nifty Smallcap250 Quality 50 Index Fund - Direct - Growth,10.8654
2026-09-30,152244,DSP Nifty Smallcap250 Quality 50 Index Fund - Direct - IDCW,10.8654
2026-09-30,152245,DSP Nifty Smallcap250 Quality 50 Index Fund - Regular - Growth,10.6551
2026-09-30,152254,Groww Banking & Financial Services Fund - Direct Plan - Growth,13.1451
2026-09-30,152255,quant Commodities Fund - Growth Option - Direct Plan,14.6106
2026-09-30,152256,quant Commodities Fund - Growth Option - Regular Plan,14.0166
2026-09-30,152257,quant Commodities Fund - IDCW Option - Direct Plan,14.6058
2026-09-30,152258,quant Commodities Fund - IDCW Option - Regular Plan,14.0145
2026-09-30,152263,BANDHAN Nifty Smallcap 250 Index Fund - Direct Plan - IDCW,12.9085
2026-09-30,152264,BANDHAN Nifty Smallcap 250 Index Fund - Direct Plan - Growth,12.9084
2026-09-30,152265,BANDHAN Nifty Smallcap 250 Index Fund - Regular Plan - IDCW,12.6635
2026-09-30,152266,BANDHAN Nifty Smallcap 250 Index Fund - Regular Plan - Growth,12.6630
2026-09-30,152267,Aditya Birla Sun Life Crisil IBX Gilt Apr 2033 Index Fund-Direct Growth,12.1123
2026-09-30,152268,Aditya Birla Sun Life Crisil IBX Gilt Apr 2033 Index Fund-Regular Growth,12.0320
2026-09-30,152269,Aditya Birla Sun Life Crisil IBX Gilt Apr 2033 Index Fund-Regular IDCW payout,12.0322
2026-09-30,152270,Aditya Birla Sun Life Crisil IBX Gilt Apr 2033 Index Fund-Direct IDCW Payout,12.1119
2026-09-30,152273,Groww Banking & Financial Services Fund-IDCW,13.1442
2026-09-30,152274,Groww Banking & Financial Services Fund - Regular - Growth,12.4928
2026-09-30,152276,Groww Banking & Financial Services Fund - Regular Plan - IDCW,12.4927
2026-09-30,152284,Tata Gold Exchange Traded Fund,14.2770
2026-09-30,152285,Tata Silver Exchange Traded Fund,21.2965
2026-09-30,152286,Tata Gold ETF Fund of Fund Regular Plan IDCW Payout Option,22.2905
2026-09-30,152287,Tata Gold ETF Fund of Fund Direct Plan Growth Option,22.5914
2026-09-30,152288,Tata Gold ETF Fund of Fund Direct Plan IDCW Payout Option,22.5914
2026-09-30,152289,Tata Gold ETF Fund of Fund Direct Plan IDCW Reinvestment Option,22.5914
2026-09-30,152290,Tata Gold ETF Fund of Fund Regular Plan Growth Option,22.2905
2026-09-30,152291,Tata Gold ETF Fund of Fund Regular Plan IDCW Reinvestment Option,22.2905
2026-09-30,152292,Tata Silver ETF Fund of Fund Regular Plan IDCW Reinvestment Option,28.3859
2026-09-30,152293,Tata Silver ETF Fund of Fund Direct Plan Growth Option,28.7525
2026-09-30,152294,Tata Silver ETF Fund of Fund Direct Plan IDCW Payout Option,28.7525
2026-09-30,152295,Tata Silver ETF Fund of Fund Direct Plan IDCW Reinvestment Option,28.7525
2026-09-30,152296,Tata Silver ETF Fund of Fund Regular Plan IDCW Payout Option,28.3859
2026-09-30,152297,Tata Silver ETF Fund of Fund Regular Plan Growth Option,28.3859
2026-09-30,152298,Quantum Liquid Fund - Unclaimed IDCW Plan Below 3 years,11.8919
2026-09-30,152299,Quantum Liquid Fund - Unclaimed IDCW Plan Above 3 years,10.0000
2026-09-30,152300,Quantum Liquid Fund - Unclaimed Redemption Plan Below 3 years,11.4173
2026-09-30,152301,Quantum Liquid Fund - Unclaimed Redemption Plan Above 3 years,10.0000
2026-09-30,152306,DSP Nifty Healthcare ETF,16.2946
2026-09-30,152307,DSP Multi Cap Fund - Regular - Growth,11.8220
2026-09-30,152308,DSP Multi Cap Fund - Regular - IDCW,10.9110
2026-09-30,152309,DSP Multi Cap Fund - Direct - IDCW,11.2750
2026-09-30,152310,DSP Multi Cap Fund - Direct - Growth,12.2960
2026-09-30,152311,Sundaram Multi Asset Allocation Fund Regular Plan Growth,12.7269
2026-09-30,152312,Sundaram Multi Asset Allocation Fund Direct Plan IDCW Reinvestment,13.2483
2026-09-30,152313,Sundaram Multi Asset Allocation Fund Regular Plan IDCW Reinvestment,12.7269
2026-09-30,152314,Sundaram Multi Asset Allocation Fund Direct Plan Growth,13.2483
2026-09-30,152315,Sundaram Multi Asset Allocation Fund Regular Plan IDCW Payout,12.7269
2026-09-30,152316,Sundaram Multi Asset Allocation Fund Direct Plan IDCW Payout,13.2483
2026-09-30,152321,WhiteOak Capital Banking & Financial Services Fund - Direct Growth,12.894
2026-09-30,152322,WhiteOak Capital Banking & Financial Services Fund - Regular Growth,12.322
2026-09-30,152323,Bandhan Multi Asset Allocation Fund - Direct Plan - IDCW,13.5530
2026-09-30,152324,Bandhan Multi Asset Allocation Fund - Direct Plan - Growth,14.4498
2026-09-30,152325,Bandhan Multi Asset Allocation Fund - Regular Plan - IDCW,13.0185
2026-09-30,152326,Bandhan Multi Asset Allocation Fund - Regular Plan - Growth,13.8795
2026-09-30,152327,Zerodha Nifty 1D Rate Liquid ETF - Growth Option,116.1487
2026-09-30,152328,Baroda BNP Paribas Nifty 50 Index Fund - Regular Plan - IDCW option,10.5817
2026-09-30,152329,Baroda BNP Paribas Nifty 50 Index Fund - Direct Plan - Growth option,10.6897
2026-09-30,152330,Baroda BNP Paribas Nifty 50 Index Fund - Direct Plan - IDCW option,10.6897
2026-09-30,152331,Baroda BNP Paribas Nifty 50 Index Fund - Regular Plan - Growth option,10.5817
2026-09-30,152336,quant Consumption Fund - Growth Option - Direct Plan,10.2954
2026-09-30,152337,quant Consumption Fund - IDCW Option - Regular Plan,9.8824
2026-09-30,152338,quant Consumption Fund - Growth Option - Regular Plan,9.8786
2026-09-30,152339,quant Consumption Fund - IDCW Option - Direct Plan,10.3
2026-09-30,152344,Mirae Asset Multi Asset Allocation Fund - Direct Plan - Growth,13.822
2026-09-30,152345,Mirae Asset Multi Asset Allocation Fund - Direct Plan - IDCW,13.820
2026-09-30,152346,Mirae Asset Multi Asset Allocation Fund - Regular Plan - IDCW,13.247
2026-09-30,152347,Mirae Asset Multi Asset Allocation Fund - Regular Plan - Growth,13.253
2026-09-30,152348,WhiteOak Capital Pharma and Heathcare Fund Regular Plan Growth,16.503
2026-09-30,152349,WhiteOak Capital Pharma and Heathcare Fund Direct Plan Growth,17.282
2026-09-30,152350,HDFC NIFTY PSU BANK ETF,81.1082
2026-09-30,152351,Motilal Oswal Large Cap Direct Plan IDCW,12.1774
2026-09-30,152352,Motilal Oswal Large Cap Regular Plan Growth,13.0674
2026-09-30,152353,Motilal Oswal Large Cap Regular Plan IDCW,11.6393
2026-09-30,152354,Motilal Oswal Large Cap Direct Plan Growth,13.5099
2026-09-30,152355,UTI Nifty IT ETF,291.6849
2026-09-30,152356,Bajaj Finserv Nifty 50 ETF,233.0982
2026-09-30,152357,Bajaj Finserv Nifty Bank ETF,55.6258
2026-09-30,152358,Old Bridge Focused Fund - Direct Growth,13.70
2026-09-30,152359,Old Bridge Focused Fund - Direct IDCW,13.70
2026-09-30,152361,Old Bridge Focused Fund - Regular Growth,13.32
2026-09-30,152363,Old Bridge Focused Fund - Regular IDCW,13.32
2026-09-30,152364,ICICI Prudential Nifty50 Value 20 Index Fund - IDCW,9.4164
2026-09-30,152365,ICICI Prudential Nifty50 Value 20 Index Fund - Direct Plan - Growth,9.5271
2026-09-30,152366,ICICI Prudential Nifty50 Value 20 Index Fund - Growth,9.4165
2026-09-30,152367,ICICI Prudential Nifty50 Value 20 Index Fund - Direct Plan - IDCW,9.5271
2026-09-30,152368,UTI Nifty 5 yr Benchmark G-Sec ETF,65.889
2026-09-30,152369,UTI Nifty 10 yr Benchmark G-Sec ETF,26.2425
2026-09-30,152370,SBI Nifty50 Equal Weight Index Fund - Direct Plan - Growth,11.5521
2026-09-30,152371,SBI Nifty50 Equal Weight Index Fund - Direct Plan - Income Distribution Cum Capital Withdrawal Option,11.5514
2026-09-30,152372,SBI Nifty50 Equal Weight Index Fund - Regular Plan - Growth,11.4021
2026-09-30,152373,SBI Nifty50 Equal Weight Index Fund - Regular Plan - Income Distribution Cum Capital Withdrawal Option,11.4020
2026-09-30,152378,HSBC Multi Asset Allocation Fund - Regular - Growth,13.4449
2026-09-30,152379,HSBC Multi Asset Allocation Fund - Regular - IDCW,12.2741
2026-09-30,152380,HSBC Multi Asset Allocation Fund - Direct - Growth,13.9257
2026-09-30,152381,HSBC Multi Asset Allocation Fund - Direct - IDCW,13.5736
2026-09-30,152382,PGIM India Large and Midcap Fund - Direct Plan - Growth Option,12.69
2026-09-30,152383,PGIM India Large and Midcap Fund - Regular Plan - Growth Option,12.13
2026-09-30,152384,PGIM India Large and Midcap Fund - Direct Plan - IDCW option,11.52
2026-09-30,152385,PGIM India Large and Midcap Fund - Regular Plan - IDCW Option,11.25
2026-09-30,152386,Nippon India Nifty Bank Index Fund - Direct Plan - IDCW Option,11.8048
2026-09-30,152387,Nippon India Nifty Bank Index Fund - Regular Plan - Growth Option,11.6229
2026-09-30,152388,Nippon India Nifty Bank Index Fund - Regular Plan - IDCW Option,11.6229
2026-09-30,152389,Nippon India Nifty Bank Index Fund - Direct Plan - Growth Option,11.8048
2026-09-30,152390,Nippon India Nifty IT Index Fund - Direct Plan - IDCW Option,7.6035
2026-09-30,152391,Nippon India Nifty IT Index Fund - Regular Plan - Growth Option,7.4798
2026-09-30,152392,Nippon India Nifty IT Index Fund - Direct Plan - Growth Option,7.6035
2026-09-30,152393,Nippon India Nifty IT Index Fund - Regular Plan - IDCW Option,7.4798
2026-09-30,152395,Bank of India Multi Asset Allocation Fund-Regular Plan-IDCW,12.5551
2026-09-30,152396,Bank of India Multi Asset Allocation Fund-Direct Plan-Growth,12.8975
2026-09-30,152398,Bank of India Multi Asset Allocation Fund-Regular Plan-Growth,12.5541
2026-09-30,152399,Bank of India Multi Asset Allocation Fund-Direct Plan-IDCW,12.8915
2026-09-30,152404,LIC MF Nifty Midcap 100 ETF,59.5585
2026-09-30,152405,Bajaj Finserv Large & Mid Cap Fund- Direct Plan- IDCW,12.265
2026-09-30,152406,Bajaj Finserv Large & Mid Cap Fund- Regular Plan- Growth,11.812
2026-09-30,152407,Bajaj Finserv Large & Mid Cap Fund- Regular Plan- IDCW,11.812
2026-09-30,152408,Bajaj Finserv Large & Mid Cap Fund- Direct Plan- Growth,12.265
2026-09-30,152409,Union Business Cycle Fund - Direct Plan - Growth Option,11.72
2026-09-30,152410,Union Business Cycle Fund - Direct Plan - IDCW Option,11.72
2026-09-30,152411,Union Business Cycle Fund - Regular Plan - Growth Option,11.33
2026-09-30,152412,Union Business Cycle Fund - Regular Plan - IDCW Option,11.33
2026-09-30,152413,quant PSU Fund - Growth Option - Regular Plan,10.0656
2026-09-30,152414,quant PSU Fund - IDCW Option - Regular Plan,10.0655
2026-09-30,152415,quant PSU Fund - Growth Option - Direct Plan,10.4417
2026-09-30,152416,quant PSU Fund - IDCW Option - Direct Plan,10.4476
2026-09-30,152417,SBI Energy Opportunities Fund - Direct Plan - Growth,10.8724
2026-09-30,152418,SBI Energy Opportunities Fund - Regular Plan - Growth,10.5758
2026-09-30,152419,SBI Energy Opportunities Fund - Regular Plan - Income Distribution Cum Capital Withdrawal Option,10.5761
2026-09-30,152420,SBI Energy Opportunities Fund - Direct Plan - Income Distribution Cum Capital Withdrawal Option,10.8722
2026-09-30,152421,Axis BSE Sensex Index Fund - Regular Plan - Growth,10.0590
2026-09-30,152422,Axis BSE Sensex Index Fund - Direct Plan - Growth,10.2098
2026-09-30,152423,Axis BSE Sensex Index Fund - Regular Plan - IDCW,10.0588
2026-09-30,152424,Axis BSE Sensex Index Fund - Direct Plan - IDCW,10.2098
2026-09-30,152429,HDFC NIFTY200 Momentum 30 Index Fund - Regular Plan,9.7705
2026-09-30,152430,HDFC NIFTY200 Momentum 30 Index Fund - Direct Plan,9.8945
2026-09-30,152431,Groww Nifty Smallcap 250 Index Fund - Direct Plan - Growth,11.8896
2026-09-30,152433,Groww Nifty Smallcap 250 Index Fund - Regular Plan - Growth,11.726
2026-09-30,152434,Groww Nifty Smallcap 250 Index Fund - Regular Plan - Regular Plan - IDCW,11.7119
2026-09-30,152436,Groww Nifty Smallcap 250 Index Fund - Direct Plan - IDCW,11.8946
2026-09-30,152441,Mahindra Manulife Multi Asset Allocation Fund- Regular Plan - Growth,13.5297
2026-09-30,152443,Mahindra Manulife Multi Asset Allocation Fund- Direct Plan - Growth,14.0907
2026-09-30,152444,Mahindra Manulife Multi Asset allocation Fund - Regular Plan - IDCW,12.7075
2026-09-30,152445,Mahindra Manulife Multi Asset Allocation Fund - Direct Plan - IDCW,13.2580
2026-09-30,152447,Canara Robeco Manufacturing Fund - Regular Plan - Growth Option,13.7500
2026-09-30,152448,Canara Robeco Manufacturing Fund -Regular Plan - IDWC Option,13.7400
2026-09-30,152449,Canara Robeco Manufacturing Fund - Direct Plan - IDWC Option,14.2300
2026-09-30,152450,Canara Robeco Manufacturing Fund - Direct Plan - Growth Option,14.2300
2026-09-30,152455,Mirae Asset Nifty Smallcap 250 Momentum Quality 100 ETF,47.8698
2026-09-30,152456,Mirae Asset Nifty Smallcap 250 Momentum Quality 100 ETF Fund of Fund - Direct Plan - IDCW,10.617
2026-09-30,152457,Mirae Asset Nifty Smallcap 250 Momentum Quality 100 ETF Fund of Fund - Regular Plan - Growth,10.483
2026-09-30,152458,Mirae Asset Nifty Smallcap 250 Momentum Quality 100 ETF Fund of Fund - Regular Plan - IDCW,10.485
2026-09-30,152459,Mirae Asset Nifty Smallcap 250 Momentum Quality 100 ETF Fund of Fund - Direct Plan - Growth,10.619
2026-09-30,152464,Parag Parikh Dynamic Asset Allocation Fund - Regular Plan Growth,11.6932
2026-09-30,152467,Parag Parikh Dynamic Asset Allocation Fund - Regular Plan - Monthly IDCW Reinvestment,9.9913
2026-09-30,152468,Parag Parikh Dynamic Asset Allocation Fund - Direct Plan Growth,11.7883
2026-09-30,152469,Parag Parikh Dynamic Asset Allocation Fund - Direct Plan - Monthly IDCW Reinvestment,10.2474
2026-09-30,152470,Baroda BNP Paribas Innovation Fund Direct plan - Growth Option,13.7633
2026-09-30,152471,Baroda BNP Paribas Innovation Fund Direct plan - IDCW Option,13.7633
2026-09-30,152472,Baroda BNP Paribas Innovation Fund Regular plan - Growth Option,13.2632
2026-09-30,152473,Baroda BNP Paribas Innovation Fund Regular plan - IDCW Option,13.1297
2026-09-30,152474,Quantum Multi Asset Allocation Fund - Direct Plan Growth Option,11.89
2026-09-30,152475,Quantum Multi Asset Allocation Fund - Regular Plan Growth Option,11.41
2026-09-30,152481,ICICI Prudential Nifty LargeMidcap 250 Index Fund - Growth,11.6951
2026-09-30,152482,ICICI Prudential Nifty LargeMidcap 250 Index Fund - Direct Plan - Growth,11.8541
2026-09-30,152483,ICICI Prudential Nifty LargeMidcap 250 Index Fund - Direct Plan - IDCW,11.8541
2026-09-30,152484,ICICI Prudential Nifty LargeMidcap 250 Index Fund - IDCW,11.6946
2026-09-30,152489,Kotak Long Term Fund - Regular Plan - Growth,11.015
2026-09-30,152490,Kotak Long Term Fund - Regular Plan - IDCW,11.015
2026-09-30,152491,Kotak Long Term Fund - Direct Plan - Growth,11.0973
2026-09-30,152492,Kotak Long Term Fund - Direct Plan - IDCW,11.0967
2026-09-30,152509,Helios Balanced Advantage Fund- Direct Plan- Growth Option,11.68
2026-09-30,152510,Helios Balanced Advantage Fund- Regular Plan-IDCW Option,11.17
2026-09-30,152511,Helios Balanced Advantage Fund- Direct Plan-IDCW Option,11.60
2026-09-30,152512,Helios Balanced Advantage Fund- Regular Plan- Growth Option,11.23
2026-09-30,152517,Bandhan Long Term Fund - Regular Plan - IDCW,10.2879
2026-09-30,152518,Bandhan Long Term Fund - Regular Plan - Growth,11.2673
2026-09-30,152519,Bandhan Long Term Fund - Direct Plan - IDCW,10.4895
2026-09-30,152520,Bandhan Long Term Fund - Direct Plan - Growth,11.3849
2026-09-30,152521,HDFC NIFTY Realty Index Fund - Direct Plan,9.5211
2026-09-30,152522,HDFC NIFTY Reality Index Fund - Regular Plan,9.4074
2026-09-30,152535,Navi NiftyIT Index Fund - Direct Plan- Growth,8.2742
2026-09-30,152536,Navi NiftyIT Index Fund - Regular Plan -Growth,8.1277
2026-09-30,152537,PGIM India Retirement Fund - Direct Plan - Growth Option,12.33
2026-09-30,152538,PGIM India Retirement Fund - Regular Plan - Growth Option,11.85
2026-09-30,152539,PGIM India Retirement Fund - Direct Plan - IDCW Payout Option,12.33
2026-09-30,152540,PGIM India Retirement Fund - Regular Plan - IDCW Payout Option,11.85
2026-09-30,152541,Motilal Oswal Nifty Realty ETF,85.1005
2026-09-30,152546,Motilal Oswal Nifty Smallcap 250 ETF,17.8745
2026-09-30,152555,DSP BSE Liquid Rate ETF,1146.9833
2026-09-30,152556,Tata Nifty Auto Index Fund - Regular Plan - IDCW Reinvestment,11.8146
2026-09-30,152557,Tata Nifty Auto Index Fund - Direct Plan - Growth,12.0031
2026-09-30,152558,Tata Nifty Auto Index Fund - Direct Plan - IDCW Reinvestment,12.0031
2026-09-30,152559,Tata Nifty Auto Index Fund - Direct Plan - IDCW payout,12.0031
2026-09-30,152560,Tata Nifty Auto Index Fund - Regular Plan - Growth,11.8146
2026-09-30,152561,Tata Nifty Auto Index Fund - Regular Plan - IDCW Payout,11.8146
2026-09-30,152562,Tata Nifty MidSmall Healthcare Index Fund - Regular Plan - IDCW Payout,14.7345
2026-09-30,152563,Tata Nifty MidSmall Healthcare Index Fund - Regular Plan - IDCW Reinvestment,14.7345
2026-09-30,152564,Tata Nifty MidSmall Healthcare Index Fund - Direct Plan - Growth,14.9686
2026-09-30,152565,Tata Nifty MidSmall Healthcare Index Fund - Direct Plan - IDCW Payout,14.9686
2026-09-30,152566,Tata Nifty MidSmall Healthcare Index Fund - Direct Plan - IDCW Reinvestment,14.9686
2026-09-30,152567,Tata Nifty MidSmall Healthcare Index Fund - Regular Plan - Growth,14.7345
2026-09-30,152568,Tata Nifty Realty Index Fund - Regular Plan - IDCW Payout,8.5666
2026-09-30,152569,Tata Nifty Realty Index Fund - Regular Plan - IDCW Reinvestment,8.5666
2026-09-30,152570,Tata Nifty Realty Index Fund - Direct Plan - Growth,8.7080
2026-09-30,152571,Tata Nifty Realty Index Fund - Direct Plan - IDCW Payout,8.7080
2026-09-30,152572,Tata Nifty Realty Index Fund - Direct Plan - IDCW Reinvestment,8.7080
2026-09-30,152573,Tata Nifty Realty Index Fund - Regular Plan - Growth,8.5666
2026-09-30,152574,Tata Nifty Financial Services Index Fund - Regular Plan - Growth,11.4226
2026-09-30,152575,Tata Nifty Financial Services Index Fund - Regular Plan - IDCW Payout,11.4226
2026-09-30,152576,Tata Nifty Financial Services Index Fund - Regular Plan - IDCW Reinvestment,11.4226
2026-09-30,152577,Tata Nifty Financial Services Index Fund - Direct Plan - Growth,11.6057
2026-09-30,152578,Tata Nifty Financial Services Index Fund - Direct Plan - IDCW Reinvestment,11.6057
2026-09-30,152579,Tata Nifty Financial Services Index Fund - Direct Plan - IDCW Payout,11.6057
2026-09-30,152580,Invesco India Money Market Fund - Weekly IDCW (Payout / Reinvestment),1001.1576
2026-09-30,152582,TRUSTMF Flexi Cap Fund-Regular Plan- Growth,11.97
2026-09-30,152583,TRUSTMF Flexi Cap Fund-Regular Plan- IDCW,11.97
2026-09-30,152584,TRUSTMF Flexi Cap Fund-Direct Plan- Growth,12.46
2026-09-30,152585,TRUSTMF Flexi Cap Fund-Direct Plan- IDCW,12.45
2026-09-30,152586,Samco Special Opportunities Fund - Direct Plan - Growth,9.48
2026-09-30,152587,Samco Special Opportunities Fund - Regular Plan - Growth,9.14
2026-09-30,152588,Tata Nifty500 Multicap India Manufacturing 50:30:20 Index Fund -Direct Plan-Growth,11.9060
2026-09-30,152589,Tata Nifty500 Multicap India Manufacturing 50:30:20 Index Fund -Direct Plan-IDCW-Payout,11.9060
2026-09-30,152590,Tata Nifty500 Multicap India Manufacturing 50:30:20 Index Fund -Regular Plan-Growth,11.7204
2026-09-30,152591,Tata Nifty500 Multicap India Manufacturing 50:30:20 Index Fund -Regular Plan-IDCW Payout,11.7204
2026-09-30,152592,Tata Nifty500 Multicap India Manufacturing 50:30:20 Index Fund -Regular Plan -IDCW-Reinvestment,11.7204
2026-09-30,152593,Tata Nifty500 Multicap India Manufacturing 50:30:20 Index Fund -Direct Plan-IDCW-Reinvestment,11.9060
2026-09-30,152594,Tata Nifty500 Multicap Infrastructure 50:30:20 Index Fund - Direct Plan - IDCW Reinvestment,10.5203
2026-09-30,152595,Tata Nifty500 Multicap Infrastructure 50:30:20 Index Fund - Direct Plan - Growth,10.5203
2026-09-30,152596,Tata Nifty500 Multicap Infrastructure 50:30:20 Index Fund - Regular Plan - Growth,10.3516
2026-09-30,152597,Tata Nifty500 Multicap Infrastructure 50:30:20 Index Fund - Regular Plan - IDCW Payout,10.3516
2026-09-30,152598,Tata Nifty500 Multicap Infrastructure 50:30:20 Index Fund - Direct Plan - IDCW Payout,10.5203
2026-09-30,152599,Tata Nifty500 Multicap Infrastructure 50:30:20 Index Fund - Regular Plan - IDCW Reinvestment,10.3516
2026-09-30,152600,HDFC Manufacturing fund - Growth Option - Direct Plan,11.907
2026-09-30,152601,HDFC Manufacturing fund - IDCW - Regular Plan,11.604
2026-09-30,152602,HDFC Manufacturing fund - Growth Option - Regular Plan,11.604
2026-09-30,152603,HDFC Manufacturing fund - IDCW - Direct Plan,11.907
2026-09-30,152604,Bandhan Innovation Fund - Direct Plan - IDCW,14.791
2026-09-30,152605,Bandhan Innovation Fund - Regular Plan - IDCW,14.262
2026-09-30,152606,Bandhan Innovation Fund - Regular Plan - Growth,15.198
2026-09-30,152607,Bandhan Innovation Fund - Direct Plan - Growth,15.762
2026-09-30,152612,JM Small Cap Fund (Regular) - Growth Option,11.4112
2026-09-30,152613,JM Small Cap Fund (Regular) - IDCW Option,11.4112
2026-09-30,152614,JM Small Cap Fund (Direct) - Growth Option,11.8522
2026-09-30,152615,JM Small Cap Fund (Direct) - IDCW Option,11.8525
2026-09-30,152616,Edelweiss Nifty Alpha Low Volatility 30 Index Fund - Direct Plan - Growth,9.51
2026-09-30,152617,Edelweiss Nifty Alpha Low Volatility 30 Index Fund - Regular Plan - Growth,9.3482
2026-09-30,152618,Edelweiss Nifty Alpha Low Volatility 30 Index Fund - Regular Plan - IDCW Payout,9.3482
2026-09-30,152619,Edelweiss Nifty Alpha Low Volatility 30 Index Fund - Direct Plan - IDCW Payout,9.51
2026-09-30,152620,Aditya Birla Sun Life Nifty PSE ETF,9.7707
2026-09-30,152625,Baroda BNP Paribas Retirement Fund - Regular plan - Growth option,11.2220
2026-09-30,152626,Baroda BNP Paribas Retirement Fund - Direct plan - IDCW option,11.6618
2026-09-30,152627,Baroda BNP Paribas Retirement Fund - Regular plan - IDCW option,11.2220
2026-09-30,152628,Baroda BNP Paribas Retirement Fund - Direct plan - Growth option,11.6618
2026-09-30,152629,Axis Nifty Bank Index Fund - Direct Plan - Growth Option,11.3028
2026-09-30,152630,Axis Nifty Bank Index Fund - Regular Plan - IDCW Option,11.0799
2026-09-30,152631,Axis Nifty Bank Index Fund - Direct Plan - IDCW Option,11.3029
2026-09-30,152632,Axis Nifty Bank Index Fund - Regular Plan - Growth Option,11.0802
2026-09-30,152633,Groww Nifty Non-Cyclical Consumer Index Fund - Regular Plan - Growth,9.6824
2026-09-30,152634,Mirae Asset Nifty MidSmallcap400 Momentum Quality 100 ETF,49.8070
2026-09-30,152635,Groww Nifty Non-Cyclical Consumer Index Fund - IDCW,9.6814
2026-09-30,152636,Groww Nifty Non-Cyclical Consumer Index Fund - Direct Plan - IDCW,9.8124
2026-09-30,152637,Groww Nifty Non-Cyclical Consumer Index Fund - Direct Plan Growth,9.8125
2026-09-30,152638,Bajaj Finserv Nifty 1D Rate Liquid ETF,1100.8820
2026-09-30,152639,Bajaj Finserv Multi Asset Allocation Fund - Direct Growth,12.2815
2026-09-30,152640,Bajaj Finserv Multi Asset Allocation Fund - Regular IDCW,11.8600
2026-09-30,152641,Bajaj Finserv Multi Asset Allocation Fund - Direct IDCW,12.2815
2026-09-30,152642,Bajaj Finserv Multi Asset Allocation Fund - Regular Growth,11.8600
2026-09-30,152643,WhiteOak Capital Special Opportunities Fund - Regular Growth,14.148
2026-09-30,152644,WhiteOak Capital Special Opportunities Fund - Direct Growth,14.744
2026-09-30,152645,Mirae Asset Nifty MidSmallcap400 Momentum Quality 100 ETF Fund of Fund - Direct Plan - Growth,10.064
2026-09-30,152646,Mirae Asset Nifty MidSmallcap400 Momentum Quality 100 ETF Fund of Fund - Direct Plan - IDCW,10.063
2026-09-30,152647,Mirae Asset Nifty MidSmallcap400 Momentum Quality 100 ETF Fund of Fund - Regular Plan - Growth,9.937
2026-09-30,152648,Mirae Asset Nifty MidSmallcap400 Momentum Quality 100 ETF Fund of Fund - Regular Plan - IDCW,9.942
2026-09-30,152649,Motilal Oswal Multi Cap Fund Regular Plan IDCW,14.3908
2026-09-30,152650,Motilal Oswal Multi Cap Fund Regular Plan Growth,14.6102
2026-09-30,152651,Motilal Oswal Multi Cap Fund-Direct Plan Growth,15.0452
2026-09-30,152652,Motilal Oswal Multi Cap Fund-Direct Plan IDCW,14.8240
2026-09-30,152653,DSP Nifty Bank Index Fund - Regular - Growth,11.0989
2026-09-30,152654,DSP Nifty Bank Index Fund - Direct - Growth,11.2707
2026-09-30,152655,SBI Automotive Opportunities Fund - Direct Plan - Income Distribution Cum Capital Withdrawal Option,13.3536
2026-09-30,152656,SBI Automotive Opportunities Fund - Regular Plan - Income Distribution Cum Capital Withdrawal Option,13.0168
2026-09-30,152657,SBI Automotive Opportunities Fund - Direct Plan - Growth,13.3540
2026-09-30,152658,SBI Automotive Opportunities Fund - Regular Plan - Growth,13.0166
2026-09-30,152659,Aditya Birla Sun Life Crisil IBX Gilt June 2027 Index Fund-Direct Growth,11.7143
2026-09-30,152660,Aditya Birla Sun Life Crisil IBX Gilt June 2027 Index Fund-Regular Growth,11.6428
2026-09-30,152661,Aditya Birla Sun Life Crisil IBX Gilt June 2027 Index Fund-Regular IDCW Payout,11.6428
2026-09-30,152662,Aditya Birla Sun Life Crisil Ibx Gilt June 2027 Index Fund-Direct IDCW Payout,11.7148
2026-09-30,152663,Kotak NIFTY 100 Low Volatility 30 Index Fund - Direct plan - Growth option,10.1855
2026-09-30,152664,Kotak NIFTY 100 Low Volatility 30 Index Fund - Regular plan - Growth option,10.0379
2026-09-30,152665,Kotak NIFTY 100 Low Volatility 30 Index Fund - Direct plan - IDCW option,10.1856
2026-09-30,152666,Kotak NIFTY 100 Low Volatility 30 Index Fund - Regular plan - IDCW option,10.0379
2026-09-30,152667,Zerodha Nifty 100 ETF,9.9850
2026-09-30,152668,Zerodha Nifty Midcap 150 ETF,11.0143
2026-09-30,152669,Mahindra Manulife Manufacturing Fund - Regular Plan - IDCW,10.4624
2026-09-30,152670,Mahindra Manulife Manufacturing Fund - Direct Plan - IDCW,10.8392
2026-09-30,152671,Mahindra Manulife Manufacturing Fund - Regular Plan - Growth,10.4624
2026-09-30,152672,Mahindra Manulife Manufacturing Fund - Direct Plan - Growth,10.8392
2026-09-30,152673,Sundaram Business Cycle Fund Direct Plan IDCW Reinvestment,11.3645
2026-09-30,152674,Sundaram Business Cycle Fund Regular Plan IDCW Payout,10.9728
2026-09-30,152675,Sundaram Business Cycle Fund Regular Plan IDCW Reinvestment,10.9728
2026-09-30,152676,Sundaram Business Cycle Fund Direct Plan IDCW Payout,11.3645
2026-09-30,152677,Sundaram Business Cycle Fund Direct Plan Growth,11.3645
2026-09-30,152678,Sundaram Business Cycle Fund Regular Plan Growth,10.9728
2026-09-30,152679,Helios Financial Services Fund - Direct Plan - Growth Option,11.38
2026-09-30,152680,Helios Financial Services Fund - Direct Plan - IDCW Option,11.38
2026-09-30,152681,Helios Financial Services Fund - Regular Plan - IDCW Option,10.98
2026-09-30,152682,Helios Financial Services Fund - Regular Plan - Growth Option,10.98
2026-09-30,152683,Baroda BNP Paribas Nifty Bank ETF,55.1552
2026-09-30,152684,Aditya Birla Sun Life Quant Fund - Direct Growth,10.00
2026-09-30,152685,Aditya Birla Sun Life Quant Fund - Direct IDCW Payout,9.99
2026-09-30,152686,Aditya Birla Sun Life Quant Fund - Regular Growth,9.68
2026-09-30,152687,Aditya Birla Sun Life Quant Fund - Regular IDCW Payout,9.67
2026-09-30,152688,Canara Robeco Balanced Advantage Fund - Direct Plan - Growth Option,10.2100
2026-09-30,152689,Canara Robeco Balanced Advantage Fund - Direct Plan - IDCW Option,10.1200
2026-09-30,152690,Canara Robeco Balanced Advantage Fund - Regular Plan - Growth Option,9.9100
2026-09-30,152691,Canara Robeco Balanced Advantage Fund - Regular Plan - IDCW Option,9.8100
2026-09-30,152692,Motilal Oswal Quant Fund - Regular - Growth,9.1823
2026-09-30,152693,Motilal Oswal Quant Fund - Regular - IDCW,8.4658
2026-09-30,152694,Motilal Oswal Quant Fund - Direct - Growth,9.7306
2026-09-30,152695,Motilal Oswal Quant Fund - Direct - IDCW,9.1505
2026-09-30,152696,Baroda BNP Paribas Manufacturing Fund - Regular Plan - Growth Option,10.5848
2026-09-30,152697,Baroda BNP Paribas Manufacturing Fund - Direct Plan - Growth Option,10.9153
2026-09-30,152698,Baroda BNP Paribas Manufacturing Fund - Direct Plan - IDCW Option,10.9153
2026-09-30,152699,Baroda BNP Paribas Manufacturing Fund - Regular Plan - IDCW Option,10.5848
2026-09-30,152700,Kotak Special Opportunities Fund - Regular Plan - IDCW Option,11.274
2026-09-30,152702,Kotak Special Opportunities Fund - Direct Plan - Growth Option,11.628
2026-09-30,152703,Kotak Special Opportunities Fund - Regular Plan - Growth Option,11.274
2026-09-30,152704,Kotak Special Opportunities Fund - Direct Plan - IDCW Payout Option,11.628
2026-09-30,152710,Edelweiss Business Cycle Fund - Direct Plan - Growth,9.0843
2026-09-30,152711,Motilal Oswal Nifty India Defence Index Fund Regular Plan Growth,11.9714
2026-09-30,152712,Motilal Oswal Nifty India Defence Index Fund Direct Plan Growth,12.1564
2026-09-30,152713,HDFC NIFTY100 Low Volatility 30 Index Fund - Direct Plan,9.7629
2026-09-30,152714,HDFC NIFTY100 Low Volatility 30 Index Fund - Regular Plan,9.6543
2026-09-30,152715,Mirae Asset Nifty EV and New Age Automotive ETF,30.7679
2026-09-30,152716,Bandhan Nifty Total Market Index Fund - Direct Plan - Growth,9.7587
2026-09-30,152717,Bandhan Nifty Total Market Index Fund - Regular Plan - Growth,9.6182
2026-09-30,152718,Mirae Asset Nifty200 Alpha 30 ETF Fund of Fund - Direct Plan - Growth,8.818
2026-09-30,152719,Mirae Asset Nifty200 Alpha 30 ETF Fund of Fund - Direct Plan - IDCW,8.824
2026-09-30,152720,Mirae Asset Nifty200 Alpha 30 ETF Fund of Fund - Regular Plan - Growth,8.729
2026-09-30,152721,Mirae Asset Nifty200 Alpha 30 ETF Fund of Fund - Regular Plan - IDCW,8.722
2026-09-30,152722,Edelweiss Business Cycle Fund - Regular Plan - IDCW Option,8.7761
2026-09-30,152723,Edelweiss Business Cycle Fund - Direct Plan - IDCW Option,9.0843
2026-09-30,152724,Edelweiss Business Cycle Fund - Regular Plan - Growth,8.7761
2026-09-30,152725,SBI Silver ETF,214.8513
2026-09-30,152726,ICICI PRUDENTIAL ENERGY OPPORTUNITIES FUND - Growth,11.22
2026-09-30,152727,ICICI PRUDENTIAL ENERGY OPPORTUNITIES FUND - IDCW,11.21
2026-09-30,152728,ICICI PRUDENTIAL ENERGY OPPORTUNITIES FUND - Direct Plan - Growth,11.51
2026-09-30,152729,ICICI PRUDENTIAL ENERGY OPPORTUNITIES FUND - Direct Plan - IDCW,11.51
2026-09-30,152730,Axis Nifty 500 Index Fund - Regular Plan - Growth Option,9.5137
2026-09-30,152731,Axis Nifty 500 Index Fund - Direct Plan - Growth Option,9.7068
2026-09-30,152732,ADITYA BIRLA SUN LIFE CRISIL BROAD BASED GILT ETF,113.2681
2026-09-30,152733,SBI Silver ETF Fund of Fund- Regular Plan - Growth,23.2307
2026-09-30,152734,SBI Silver ETF FOF- Regular Plan - Income Distribution Cum Capital Withdrawal Option (IDCW),23.2337
2026-09-30,152735,SBI Silver ETF Fund of Fund- Direct Plan - Growth,23.4125
2026-09-30,152736,SBI Silver ETF Fund of Fund- Direct Plan - Income Distribution Cum Capital Withdrawal Option (IDCW),23.4124
2026-09-30,152737,Franklin India Multi Cap Fund - Direct - IDCW,11.1156
2026-09-30,152738,Franklin India Multi Cap Fund - Growth,10.7750
2026-09-30,152739,Franklin India Multi Cap Fund - Direct - Growth,11.1156
2026-09-30,152740,Franklin India Multi Cap Fund - IDCW,10.7750
2026-09-30,152741,Shriram Nifty 1D Rate Liquid ETF - Growth,1123.5536
2026-09-30,152742,Tata Nifty India Tourism Index Fund - Direct - Growth,8.8194
2026-09-30,152743,Tata Nifty India Tourism Index Fund - Direct - IDCW Reinvestment,8.8194
2026-09-30,152744,Tata Nifty India Tourism Index Fund - Direct - IDCW Payout,8.8194
2026-09-30,152745,Tata Nifty India Tourism Index Fund - Regular - IDCW Payout,8.6905
2026-09-30,152746,Tata Nifty India Tourism Index Fund - Regular - Growth,8.6905
2026-09-30,152747,Tata Nifty India Tourism Index Fund - Regular - IDCW Reinvestment,8.6905
2026-09-30,152748,ICICI Prudential Nifty Oil & Gas ETF,10.7872
2026-09-30,152749,SBI Nifty50 Equal Weight ETF,31.3979
2026-09-30,152750,NAVI NIFTY 500 MULTICAP 50-25-25 REGULAR PLAN,9.6037
2026-09-30,152751,NAVI NIFTY 500 MULTICAP 50-25-25 DIRECT PLAN,9.7462
2026-09-30,152752,Kotak BSE PSU Index Fund - Regular Plan - Growth,8.809
2026-09-30,152753,Kotak BSE PSU Index Fund - Regular Plan - IDCW Payout and Reinvestment,8.809
2026-09-30,152754,Kotak BSE PSU Index Fund - Direct Plan - IDCW Payout and Reinvestment,8.933
2026-09-30,152755,Kotak BSE PSU Index Fund - Direct Plan - Growth,8.933
2026-09-30,152756,Invesco India Manufacturing Fund - Direct Plan - Growth,11.94
2026-09-30,152757,Invesco India Manufacturing Fund - Direct Plan - IDCW,11.94
2026-09-30,152758,Invesco India Manufacturing Fund - Regular Plan - Growth,11.56
2026-09-30,152759,Invesco India Manufacturing Fund - Regular Plan - IDCW,11.57
2026-09-30,152760,Motilal Oswal Manufacturing Fund - Direct Plan- Growth,11.6746
2026-09-30,152761,Motilal Oswal Manufacturing Fund - Regular Plan - IDCW,11.3263
2026-09-30,152762,Motilal Oswal Manufacturing Fund - Direct Plan - IDCW,11.6740
2026-09-30,152763,Motilal Owsal Manufacturing Fund - Regular Plan - Growth,11.3265
2026-09-30,152764,GROWW NIFTY EV & NEW AGE AUTOMOTIVE ETF,30.6695
2026-09-30,152765,KOTAK NIFTY MIDCAP 50 INDEX FUND-REGULAR PLAN-GROWTH,10.342
2026-09-30,152766,KOTAK NIFTY MIDCAP 50 INDEX FUND-REGULAR PLAN-IDCW PAYOUT AND REINVESTMENT,10.342
2026-09-30,152767,KOTAK NIFTY MIDCAP 50 INDEX FUND-DIRECT PLAN- GROWTH,10.477
2026-09-30,152768,KOTAK NIFTY MIDCAP 50 INDEX FUND-DIRECT PLAN-IDCW PAYOUT AND REINVESTMENT,10.477
2026-09-30,152769,ICICI Prudential Nifty Metal ETF,12.8475
2026-09-30,152770,Groww Nifty EV & New Age Automotive ETF FOF- Direct Plan - Growth,9.3599
2026-09-30,152771,Groww Nifty EV & New Age Automotive ETF FOF - Direct Plan - IDCW,9.3604
2026-09-30,152772,Groww Nifty EV & New Age Automotive ETF FOF - Regular Plan - IDCW,9.2805
2026-09-30,152773,Groww Nifty EV & New Age Automotive ETF FOF - Regular Plan - Growth,9.2804
2026-09-30,152774,SBI Innovative Opportunities Fund - Regular Plan - Growth,10.3348
2026-09-30,152775,SBI Innovative Opportunities Fund - Regular Plan - Income Distribution Cum Capital Withdrawal Option,10.3352
2026-09-30,152776,SBI Innovative Opportunities Fund - Direct Plan - Growth,10.5727
2026-09-30,152777,SBI Innovative Opportunities Fund - Direct Plan - Income Distribution Cum Capital Withdrawal Option,10.5727
2026-09-30,152778,HDFC NIFTY500 Multicap 50:25:25 Index Fund - Direct Plan,9.6837
2026-09-30,152779,HDFC NIFTY500 Multicap 50:25:25 index Fund - Regular Plan,9.586
2026-09-30,152780,BAJAJ FINSERV LARGE CAP FUND - REGULAR PLAN - GROWTH,9.644
2026-09-30,152781,BAJAJ FINSERV LARGE CAP FUND - DIRECT PLAN - IDCW,9.955
2026-09-30,152782,BAJAJ FINSERV LARGE CAP FUND - REGULAR PLAN - IDCW,9.644
2026-09-30,152783,BAJAJ FINSERV LARGE CAP FUND - DIRECT PLAN - GROWTH,9.955
2026-09-30,152784,Union Multi Asset Allocation Fund- Direct Plan - IDCW Option,11.26
2026-09-30,152785,Union Multi Asset Allocation Fund- Regular Plan - IDCW Option,10.97
2026-09-30,152786,Union Multi Asset Allocation Fund- Regular Plan - Growth Option,11.84
2026-09-30,152787,Union Multi Asset Allocation Fund- Direct Plan - Growth Option,12.13
2026-09-30,152788,Bank of India Business Cycle Fund - Direct Plan - Dividend,9.73
2026-09-30,152789,Bank of India Business Cycle Fund - Direct Plan - Growth,9.73
2026-09-30,152790,Bank of India Business Cycle Fund - Regular Plan - Growth,9.48
2026-09-30,152791,Bank of India Business Cycle Fund - Regular Plan - Dividend,9.48
2026-09-30,152792,Bandhan Nifty Bank Index Fund - Regular Plan - Growth,10.5640
2026-09-30,152793,Bandhan Nifty Bank Index Fund - Direct Plan - Growth,10.7426
2026-09-30,152794,Motilal Oswal Business Cycle Fund-Regular Plan-Growth,12.2657
2026-09-30,152795,Motilal Oswal Business Cycle Fund-Regular Plan-IDCW,12.2658
2026-09-30,152796,Motilal Oswal Business Cycle Fund - Direct Plan- Growth,12.6132
2026-09-30,152797,Motilal Oswal Business Cycle Fund - Direct Plan- IDCW,12.6124
2026-09-30,152798,Aditya Birla Sun Life Nifty India Defence Index Fund-Direct Growth,13.2856
2026-09-30,152799,Aditya Birla Sun Life Nifty India Defence Index Fund-Direct IDCW Payout,13.2861
2026-09-30,152800,Aditya Birla Sun Life Nifty India Defence Index Fund-Regular-Growth,13.0854
2026-09-30,152801,Aditya Birla Sun Life Nifty India Defence Index Fund-Regular IDCW Payout,13.0829
2026-09-30,152802,Aditya Birla Sun Life Crisil 10 Year Gilt ETF,111.1347
2026-09-30,152803,Axis Consumption Fund Direct Plan - IDCW,8.98
2026-09-30,152804,Axis Consumption Fund Regular Plan - Growth,8.73
2026-09-30,152805,Axis Consumption Fund Direct Plan - Growth,8.98
2026-09-30,152806,Axis Consumption Fund Regular Plan - IDCW,8.73
2026-09-30,152807,Baroda BNP Paribas Dividend Yield Fund - Regular Plan - Growth Option,9.2897
2026-09-30,152808,Baroda BNP Paribas Dividend Yield Fund - Regular Plan - IDCW Option,9.2897
2026-09-30,152809,Baroda BNP Paribas Dividend Yield Fund - Direct Plan - IDCW Option,9.5790
2026-09-30,152810,Baroda BNP Paribas Dividend Yield Fund - Direct Plan - Growth Option,9.5790
2026-09-30,152811,Mirae Asset Nifty500 Multicap 50:25:25 ETF,15.9365
2026-09-30,152812,DSP Nifty Top 10 Equal Weight ETF,82.5309
2026-09-30,152813,DSP Nifty Top 10 Equal Weight Index Fund - Regular - Growth,8.3417
2026-09-30,152814,DSP Nifty Top 10 Equal Weight Index Fund - Direct - Growth,8.4622
2026-09-30,152815,PGIM India Multi Cap Fund - Direct Plan - Growth Option,10.69
2026-09-30,152816,PGIM India Multi Cap Fund - Regular Plan - Growth Option,10.32
2026-09-30,152817,PGIM India Multi Cap Fund - Direct Plan - IDCW Option,10.69
2026-09-30,152818,PGIM India Multi Cap Fund - Regular Plan - IDCW Option,10.32
2026-09-30,152821,ITI Large & Midcap Fund - Direct Plan - Growth,10.1061
2026-09-30,152822,ITI Large & Midcap Fund - Regular Plan - IDCW Option,9.7646
2026-09-30,152823,ITI Large & Midcap Fund - Direct Plan - IDCW Option,10.1061
2026-09-30,152824,ITI Large & Midcap Fund - Regular Plan - Growth,9.7646
2026-09-30,152825,Franklin India Ultra Short Duration Fund - Direct - Growth,11.5565
2026-09-30,152826,Franklin India Ultra Short Duration Fund - IDCW,10.6597
2026-09-30,152827,Franklin India Ultra Short Duration Fund - Direct - IDCW,10.7340
2026-09-30,152828,Franklin India Ultra Short Duration Fund - Growth,11.4491
2026-09-30,152829,HSBC India Export Opportunities Fund - Direct Growth,11.8026
2026-09-30,152830,HSBC India Export Opportunities Fund - Regular Growth,11.4825
2026-09-30,152831,HSBC India Export Opportunities Fund - Direct IDCW,11.8025
2026-09-30,152832,HSBC India Export Opportunities Fund - Regular IDCW,11.4825
2026-09-30,152833,Tata Nifty200 Alpha 30 Index Fund - Direct - IDCW Reinvestment,8.6200
2026-09-30,152834,Tata Nifty200 Alpha 30 Index Fund - Regular -Growth,8.5037
2026-09-30,152835,Tata Nifty200 Alpha 30 Index Fund - Regular - IDCW Payout,8.5037
2026-09-30,152836,Tata Nifty200 Alpha 30 Index Fund - Direct -Growth,8.6200
2026-09-30,152837,Tata Nifty200 Alpha 30 Index Fund - Direct - IDCW Payout,8.6200
2026-09-30,152838,Tata Nifty200 Alpha 30 Index Fund - Regular - IDCW Reinvestment,8.5037
2026-09-30,152839,Nippon India Nifty 500 Equal Weight Index Fund - Direct Plan - IDCW Option,9.4800
2026-09-30,152840,Nippon India Nifty 500 Equal Weight Index Fund - Regular Plan - Growth Option,9.3722
2026-09-30,152841,Nippon India Nifty 500 Equal Weight Index Fund - Regular Plan - IDCW Option,9.3722
2026-09-30,152842,Nippon India Nifty 500 Equal Weight Index Fund - Direct Plan - Growth Option,9.4800
2026-09-30,152843,Bandhan BSE Healthcare Index Fund Regular Plan - Growth,11.3674
2026-09-30,152844,Bandhan BSE Healthcare Index Fund Direct Plan - Growth,11.5571
2026-09-30,152845,Groww Nifty India Defence ETF,92.682
2026-09-30,152846,Motilal Oswal Nifty India Defence ETF,101.8516
2026-09-30,152847,Samco Multi Cap Fund - Direct Plan - Growth,9.20
2026-09-30,152848,Samco Multi Cap Fund - Regular Plan - Growth,8.92
2026-09-30,152849,WhiteOak Capital Arbitrage Fund Direct Plan Growth,11.550
2026-09-30,152850,WhiteOak Capital Arbitrage Fund Regular Plan Growth,11.374
2026-09-30,152851,Franklin India Medium to Long Duration Fund - Direct Growth,11.2645
2026-09-30,152852,Franklin India Medium to Long Duration Fund - Direct - IDCW,10.5393
2026-09-30,152853,Franklin India Medium to Long Duration Fund - Growth,11.1488
2026-09-30,152854,Franklin India Medium to Long Duration Fund - IDCW,10.4615
2026-09-30,152855,Bandhan Nifty Midcap 150 Index Fund-Direct Plan-Growth,9.9577
2026-09-30,152856,Bandhan Nifty Midcap 150 Index Fund-Regular Plan-Growth,9.8147
2026-09-30,152857,Edelweiss Nifty Bank ETF - Growth,55.1717
2026-09-30,152858,UTI Nifty 200 Quality 30 Index Fund - Regular Plan - Growth Option,8.266
2026-09-30,152859,UTI Nifty 200 Quality 30 Index Fund - Direct Plan - Growth Option,8.3509
2026-09-30,152860,Invesco India Technology Fund - Direct Plan - IDCW,9.58
2026-09-30,152861,Invesco India Technology Fund - Regular Plan - IDCW,9.28
2026-09-30,152862,Invesco India Technology Fund - Regular Plan - Growth,9.28
2026-09-30,152863,Invesco India Technology Fund - Direct Plan - Growth,9.58
2026-09-30,152864,UTI Nifty Private Bank Index Fund - Direct Plan - Growth Option,9.9149
2026-09-30,152865,UTI Nifty Private Bank Index Fund - Regular Plan - Growth Option,9.8142
2026-09-30,152866,Kotak CRISIL -IBX AAA Financial Services Index Sep-2027 Fund-REGULAR PLAN-GROWTH,11.5741
2026-09-30,152867,Kotak CRISIL-IBX AAA Financial Services Index Sep-2027 Fund-REGULAR PLAN-IDCW,11.574
2026-09-30,152868,Kotak CRISIL -IBX AAA Financial Services Index Sep-2027 Fund-DIRECT PLAN-IDCW,11.6218
2026-09-30,152869,Kotak CRISIL -IBX AAA Financial Services Index Sep-2027 Fund-DIRECT PLAN-GROWTH Option,11.624
2026-09-30,152870,Kotak Nifty India Tourism Index Fund-Direct-Growth Option,8.307
2026-09-30,152871,Kotak Nifty India Tourism Index Fund-Regular Plan-IDCW Option,8.201
2026-09-30,152872,Kotak Nifty India Tourism Index Fund-Regular plan-Growth,8.2
2026-09-30,152873,Kotak Nifty India Tourism Index Fund-Direct Plan-IDCW Option,8.308
2026-09-30,152874,Motilal Oswal Nifty 500 Momentum 50 ETF,52.2918
2026-09-30,152875,Motilal Oswal Nifty 500 Momentum 50 Index Fund-Direct Plan-Growth,8.1883
2026-09-30,152876,Motilal Oswal Nifty 500 Momentum 50 Index Fund-Regular Plan-Growth,8.0768
2026-09-30,152877,Bandhan Business Cycle Fund - Regular Plan - Growth,9.376
2026-09-30,152878,Bandhan Business Cycle Fund - Direct Plan - Growth,9.667
2026-09-30,152879,Bandhan Business Cycle Fund - Direct Plan - IDCW,9.667
2026-09-30,152880,Bandhan Business Cycle Fund - Regular Plan - IDCW,9.376
2026-09-30,152881,Nippon India Nifty 500 Momentum 50 Index Fund - Direct Plan - Growth Option,8.2764
2026-09-30,152882,Nippon India Nifty 500 Momentum 50 Index Fund - Regular Plan - IDCW Option,8.1737
2026-09-30,152883,Nippon India Nifty 500 Momentum 50 Index Fund - Regular Plan - Growth Option,8.1737
2026-09-30,152884,Nippon India Nifty 500 Momentum 50 Index Fund - Direct Plan - IDCW Option,8.2764
2026-09-30,152885,Axis CRISIL-IBX AAA Bond NBFC - Jun 2027 Index Fund - Regular Plan - IDCW Option,11.5269
2026-09-30,152886,Axis CRISIL-IBX AAA Bond NBFC - Jun 2027 Index Fund - Regular Plan - Growth Option,11.5269
2026-09-30,152887,Axis CRISIL-IBX AAA Bond NBFC - Jun 2027 Index Fund - Direct Plan - Growth Option,11.6032
2026-09-30,152888,Axis CRISIL-IBX AAA Bond NBFC - Jun 2027 Index Fund - Direct Plan - IDCW Option,11.6031
2026-09-30,152889,HDFC NIFTY LargeMidcap 250 Index Fund - Growth Option - Direct,9.6499
2026-09-30,152890,HDFC NIFTY LargeMidcap 250 Index Fund - Growth Option,9.5585
2026-09-30,152891,Groww Nifty 1D Rate Liquid ETF,110.9544
2026-09-30,152906,SBI Nifty 500 Index Fund- Regular Plan- Growth,9.1211
2026-09-30,152907,SBI Nifty 500 Index Fund- Regular Plan- Income Distribution Cum Capital Withdrawal (IDCW),9.1208
2026-09-30,152908,SBI Nifty 500 Index Fund- Direct Plan- Growth,9.2099
2026-09-30,152909,SBI Nifty 500 Index Fund- Direct Plan- Income Distribution Cum Capital Withdrawal (IDCW),9.2099
2026-09-30,152910,Kotak MNC Fund-Direct Plan-Growth,12.625
2026-09-30,152911,Kotak MNC Fund-Direct Plan-IDCW Option,12.626
2026-09-30,152912,KotaK MNC Fund-Regular Plan-IDCW OPTION,12.282
2026-09-30,152913,Kotak MNC Fund-Regular Plan- Growth,12.282
2026-09-30,152914,WhiteOak Capital Digital Bharat Fund Regular Plan Growth,9.518
2026-09-30,152915,WhiteOak Capital Digital Bharat Fund Direct Plan Growth,9.850
2026-09-30,152916,Kotak Nifty Midcap 150 Momentum 50 Index Fund-Direct Plan-Growth,9.192
2026-09-30,152917,Kotak Nifty Midcap 150 Momentum 50 Index Fund-Direct Plan-IDCW option,9.192
2026-09-30,152918,Kotak Nifty Midcap 150 Momentum 50 Index Fund-Regular Plan-Growth,9.075
2026-09-30,152919,Kotak Nifty Midcap 150 Momentum 50 Index Fund-Regular plan-IDCW option,9.075
2026-09-30,152920,LIC MF Manufacturing Fund-Direct Plan-Growth,11.7197
2026-09-30,152921,LIC MF Manufacturing Fund-Direct Plan-IDCW,11.7197
2026-09-30,152922,LIC MF Manufacturing Fund-Regular Plan-Growth,11.361
2026-09-30,152923,LIC MF Manufacturing Fund-Regular Plan-IDCW,11.361
2026-09-30,152924,Mirae Asset Nifty Metal ETF,12.8912
2026-09-30,152925,Groww Nifty India Defence ETF FOF - Direct Growth,13.6279
2026-09-30,152926,Groww Nifty India Defence ETF FOF - Direct - IDCW,13.6281
2026-09-30,152927,Groww Nifty India Defence ETF FOF - Regular - Growth,13.5229
2026-09-30,152928,Groww Nifty India Defence ETF FOF - Regular - IDCW,13.5213
2026-09-30,152929,Mirae Asset Nifty PSU Bank ETF,80.8624
2026-09-30,152930,Baroda BNP Paribas Nifty200 Momentum 30 Index Fund - Regular Plan - Growth Option,7.7095
2026-09-30,152931,Baroda BNP Paribas Nifty200 Momentum 30 Index Fund - Direct Plan - Growth Option,7.8042
2026-09-30,152932,ICICI Prudential Nifty200 Value 30 ETF,14.4515
2026-09-30,152933,ICICI Prudential Nifty200 Value 30 Index Fund - Direct Plan - IDCW,10.4653
2026-09-30,152934,ICICI Prudential Nifty200 Value 30 Index Fund - Growth,10.3532
2026-09-30,152935,ICICI Prudential Nifty200 Value 30 Index Fund - IDCW,10.3531
2026-09-30,152936,ICICI Prudential Nifty200 Value 30 Index Fund - Direct Plan - Growth,10.4654
2026-09-30,152937,TRUSTMF SMALL CAP FUND -DIRECT PLAN-IDCW,13.79
2026-09-30,152938,TRUSTMF SMALL CAP FUND -REGULAR PLAN- IDCW,13.36
2026-09-30,152939,TRUSTMF SMALL CAP FUND -DIRECT PLAN-GROWTH,13.78
2026-09-30,152940,TRUSTMF SMALL CAP FUND -REGULAR PLAN-GROWTH,13.36
2026-09-30,152941,Helios Large & Mid Cap Fund - Direct Plan - Growth Option,11.23
2026-09-30,152942,Helios Large & Mid Cap Fund - Direct Plan - IDCW Option,11.23
2026-09-30,152943,Helios Large & Mid Cap Fund - Regular Plan - Growth Option,10.89
2026-09-30,152944,Helios Large & Mid Cap Fund - Regular Plan - IDCW Option,10.89
2026-09-30,152945,Aditya Birla Sun Life Crisil-IBX AAA NBFC-HFC Index-Sep 2026 Fund-Regular Growth,11.4894
2026-09-30,152946,Aditya Birla Sun Life Crisil-IBX AAA NBFC-HFC Index-Sep 2026 Fund-Regular IDCW Payout,11.4895
2026-09-30,152947,Aditya Birla Sun Life Crisil-IBX AAA NBFC-HFC Index-Sep 2026 Fund-Direct Growth,11.5541
2026-09-30,152948,Aditya Birla Sun Life Crisil-IBX AAA NBFC-HFC INDEX-Sep 2026 Fund-Direct IDCW Payout,11.5541
2026-09-30,152949,Axis Nifty500 Value 50 Index Fund - Direct Plan - Growth Option,10.9099
2026-09-30,152950,Axis Nifty500 Value 50 Index Fund - Regular Plan - Growth Option,10.7259
2026-09-30,152951,Tata Nifty Capital Markets Index Fund - Direct Plan Growth Option,13.8659
2026-09-30,152952,Tata Nifty Capital Markets Index Fund - Direct Plan IDCW Reinvestment Option,13.8659
2026-09-30,152953,Tata Nifty Capital Markets Index Fund - Direct Plan IDCW Payout Option,13.8659
2026-09-30,152954,Tata Nifty Capital Markets Index Fund - Regular Plan Growth Option,13.6979
2026-09-30,152955,Tata Nifty Capital Markets Index Fund - Regular Plan IDCW Reinvestment Option,13.6979
2026-09-30,152956,Tata Nifty Capital Markets Index Fund - Regular Plan IDCW Payout Option,13.6979
2026-09-30,152957,Groww Gold ETF,14.3456
2026-09-30,152962,WhiteOak Capital ESG Best-In-Class Strategy Fund Direct Plan Growth,9.868
2026-09-30,152963,WhiteOak Capital ESG Best-In-Class Strategy Fund Regular Plan Growth,9.547
2026-09-30,152964,Motilal Oswal Digital India Fund - Direct Plan - Growth,10.7949
2026-09-30,152965,Motilal Oswal Digital India Fund - Direct Plan- IDCW,10.7945
2026-09-30,152966,Motilal Oswal Digital India Fund - Regular Plan- Growth,10.5013
2026-09-30,152967,Motilal Oswal Digital India Fund - Regular Plan - IDCW,10.5014
2026-09-30,152968,Mirae Asset Nifty Total Market Index Fund - Direct Plan - Growth,9.9415
2026-09-30,152969,Mirae Asset Nifty Total Market Index Fund - Direct Plan - IDCW,9.9412
2026-09-30,152970,Mirae Asset Nifty Total Market Index Fund - Regular Plan - Growth,9.8115
2026-09-30,152971,Mirae Asset Nifty Total Market Index Fund - Regular Plan - IDCW,9.8111
2026-09-30,152972,Mirae Asset Nifty 50 Index Fund - Direct Plan - Growth,9.4430
2026-09-30,152973,Mirae Asset Nifty 50 Index Fund - Direct Plan - IDCW,9.4431
2026-09-30,152974,Mirae Asset Nifty 50 Index Fund - Regular Plan - Growth,9.3286
2026-09-30,152975,Mirae Asset Nifty 50 Index Fund - Regular Plan - IDCW,9.3302
2026-09-30,152976,Mirae Asset Nifty LargeMidcap 250 Index Fund - Direct Plan - Growth,10.0167
2026-09-30,152977,Mirae Asset Nifty LargeMidcap 250 Index Fund - Direct Plan - IDCW,10.0176
2026-09-30,152978,Mirae Asset Nifty LargeMidcap 250 Index Fund - Regular Plan - Growth,9.8938
2026-09-30,152979,Mirae Asset Nifty LargeMidcap 250 Index Fund - Regular Plan - IDCW,9.8932
2026-09-30,152980,Groww Gold ETF FOF - DIRECT - GROWTH,17.9827
2026-09-30,152981,Edelweiss Nifty500 Multicap Momentum Quality 50 ETF - Growth,40.2024
2026-09-30,152982,Edelweiss Nifty500 Multicap Momentum Quality 50 Index Fund - Direct - IDCW - Payout,8.8022
2026-09-30,152983,Edelweiss Nifty500 Multicap Momentum Quality 50 Index Fund - Regular - IDCW - Payout,8.6892
2026-09-30,152985,Edelweiss Nifty500 Multicap Momentum Quality 50 Index Fund - Direct - Growth,8.8022
2026-09-30,152988,Edelweiss Nifty500 Multicap Momentum Quality 50 Index Fund - Regular - Growth,8.6892
2026-09-30,152990,Bandhan Nifty 500 Value 50 Index Fund Direct Plan - Growth,10.7837
2026-09-30,152991,Bandhan Nifty 500 Value 50 Index Fund Regular Plan - Growth,10.6497
2026-09-30,152992,Nippon India CRISIL - IBX AAA Financial Services - Dec 2026 Index Fund - Direct Plan - Growth Option,11.5149
2026-09-30,152993,Nippon India CRISIL - IBX AAA Financial Services - Dec 2026 Index Fund - Direct Plan - IDCW Option,11.5149
2026-09-30,152994,Nippon India CRISIL - IBX AAA Financial Services - Dec 2026 Index Fund - Regular Plan - Growth Option,11.4705
2026-09-30,152995,Nippon India CRISIL - IBX AAA Financial Services - Dec 2026 Index Fund - Regular Plan - IDCW Option,11.4705
2026-09-30,152996,Nippon India CRISIL - IBX AAA Financial Services - Jan 2028 Index Fund - Direct Plan - Growth Option,11.4750
2026-09-30,152997,Nippon India CRISIL - IBX AAA Financial Services - Jan 2028 Index Fund - Direct Plan - IDCW Option,11.4750
2026-09-30,152998,Nippon India CRISIL - IBX AAA Financial Services - Jan 2028 Index Fund - Regular Plan - Growth Option,11.4266
2026-09-30,152999,Nippon India CRISIL - IBX AAA Financial Services - Jan 2028 Index Fund - Regular Plan - IDCW Option,11.4266
2026-09-30,153000,Baroda BNP Paribas Nifty Midcap 150 Index Fund - Direct Plan - Growth Option,10.5142
2026-09-30,153001,Baroda BNP Paribas Nifty Midcap 150 Index Fund - Regular Plan - Growth Option,10.3776
2026-09-30,153002,Bandhan Nifty 500 Momentum 50 Index Fund Regular Plan-Growth,8.7262
2026-09-30,153003,Bandhan Nifty 500 Momentum 50 Index Fund Direct Plan-Growth,8.8359
2026-09-30,153004,Groww Gold ETF FOF - DIRECT - IDCW,17.9827
2026-09-30,153005,Groww Gold ETF FOF - REGULAR - IDCW,17.8807
2026-09-30,153006,Groww Gold ETF FOF - REGULAR - GROWTH,17.8803
2026-09-30,153007,Mirae Asset Gold ETF Fund of Fund - Direct Plan - Growth,18.546
2026-09-30,153008,Mirae Asset Gold ETF Fund of Fund - Direct Plan - IDCW,18.545
2026-09-30,153009,Mirae Asset Gold ETF Fund of Fund - Regular Plan - Growth,18.360
2026-09-30,153010,Mirae Asset Gold ETF Fund of Fund - Regular Plan - IDCW,18.349
2026-09-30,153011,Zerodha Gold ETF FoF-Direct Plan - Growth Option,19.2209
2026-09-30,153012,SBI Nifty India Consumption Index Fund- Regular Plan- Growth,9.5827
2026-09-30,153013,SBI Nifty India Consumption Index Fund- Regular Plan- IDCW Payout,9.5827
2026-09-30,153014,SBI Nifty India Consumption Index Fund- Direct Plan- IDCW Payout,9.6715
2026-09-30,153015,SBI Nifty India Consumption Index Fund- Direct Plan- Growth,9.6715
2026-09-30,153021,Samco Overnight Fund - Unclaimed Redemption Upto 3 years,1102.2742
2026-09-30,153022,Motilal Oswal Nifty MidSmall Healthcare Index Fund-Regular Plan-Growth,12.2039
2026-09-30,153023,Motilal Oswal Nifty MidSmall Healthcare Index Fund- Direct Plan-Growth,12.3100
2026-09-30,153024,Motilal Oswal Nifty MidSmall India Consumption Index Fund-Regular Plan-Growth,9.2026
2026-09-30,153025,Motilal Oswal Nifty MidSmall India Consumption Index Fund - Direct Plan- Growth,9.2834
2026-09-30,153026,Motilal Oswal Nifty MidSmall Financial Services Index Fund-Regular Plan-Growth,13.6460
2026-09-30,153027,Motilal Oswal Nifty MidSmall Financial Services Index Fund - Direct Plan- Growth,13.7657
2026-09-30,153028,Motilal Oswal Nifty MidSmall IT and Telecom Index Fund-Regular Plan-Growth,9.0320
2026-09-30,153029,Motilal Oswal Nifty MidSmall IT and Telecom Index Fund - Direct Plan- Growth,9.1120
2026-09-30,153030,Aditya Birla Sun Life Crisil-IBX AAA Financial Services Index-Sep 2027 Fund-Direct Growth,11.4491
2026-09-30,153031,Aditya Birla Sun Life Crisil-IBX AAA Financial Services Index-Sep 2027 Fund-Direct IDCW Payout,11.4492
2026-09-30,153032,Aditya Birla Sun Life Crisil-IBX AAA Financial Services Index-Sep 2027 Fund-Regular IDCW Payout,11.4026
2026-09-30,153033,Aditya Birla Sun Life Crisil-IBX AAA Financial Services Index-Sep 2027 Fund-Regular Growth,11.4025
2026-09-30,153034,Groww Multicap Fund - Direct - Growth,12.3322
2026-09-30,153035,Shriram Liquid Fund - Direct Plan Growth Option,1124.511
2026-09-30,153036,Shriram Liquid Fund - Regular Plan Growth Option,1121.5607
2026-09-30,153037,PGIM India Healthcare Fund - Direct Plan - IDCW Option,12.25
2026-09-30,153038,PGIM India Healthcare Fund - Regular Plan - IDCW Option,11.87
2026-09-30,153039,PGIM India Healthcare Fund - Direct Plan - Growth Option,12.25
2026-09-30,153040,PGIM India Healthcare Fund - Regular Plan - Growth Option,11.87
2026-09-30,153041,Franklin India Arbitrage Fund - Direct - IDCW,11.3573
2026-09-30,153042,Franklin India Arbitrage Fund - Growth,11.2060
2026-09-30,153043,Franklin India Arbitrage Fund - Direct - Growth,11.3573
2026-09-30,153044,Franklin India Arbitrage Fund - IDCW,11.2060
2026-09-30,153045,Mirae Asset Nifty 1D Rate Liquid ETF - Growth,1105.3816
2026-09-30,153046,Invesco India Multi Asset Allocation Fund - Regular Plan - Growth,12.08
2026-09-30,153047,Invesco India Multi Asset Allocation Fund - Direct Plan - Growth,12.36
2026-09-30,153048,Invesco India Multi Asset Allocation Fund - Regular Plan - IDCW,12.08
2026-09-30,153049,Invesco India Multi Asset Allocation Fund - Direct Plan - IDCW,12.34
2026-09-30,153054,Tata India Innovation Fund- Regular IDCW payout,9.7694
2026-09-30,153055,Tata India Innovation Fund- Direct Growth,10.0426
2026-09-30,153056,Tata India Innovation Fund- Direct IDCW Reinvestment,10.0426
2026-09-30,153057,Tata India Innovation Fund- Direct IDCW payout,10.0426
2026-09-30,153058,Tata India Innovation Fund- Regular IDCW Reinvestment,9.7694
2026-09-30,153059,Tata India Innovation Fund- Regular Growth,9.7694
2026-09-30,153060,Nippon India Nifty Realty Index Fund-Direct Plan- Growth Option,7.8587
2026-09-30,153061,Nippon India Nifty Realty Index Fund-Regular Plan- Growth Option,7.7793
2026-09-30,153062,Nippon India Nifty Realty Index Fund-Regular Plan- IDCW Option,7.7793
2026-09-30,153063,Nippon India Nifty Realty Index Fund-Direct Plan- IDCW Option,7.8587
2026-09-30,153064,Nippon India Nifty Auto Index Fund - Direct Plan- Growth Option,11.2891
2026-09-30,153065,Nippon India Nifty Auto Index Fund - Regular Plan- IDCW Option,11.1796
2026-09-30,153066,Nippon India Nifty Auto Index Fund - Regular Plan- Growth Option,11.1796
2026-09-30,153067,Nippon India Nifty Auto Index Fund - Direct Plan- IDCW Option,11.2891
2026-09-30,153068,ICICI Prudential Equity Minimum Variance Fund - IDCW,10.01
2026-09-30,153069,ICICI Prudential Equity Minimum Variance Fund - Growth,10.01
2026-09-30,153070,ICICI Prudential Equity Minimum Variance Fund - Direct Plan - Growth,10.23
2026-09-30,153071,ICICI Prudential Equity Minimum Variance Fund - Direct Plan - IDCW,10.23
2026-09-30,153072,BAJAJ FINSERV CONSUMPTION FUND - REGULAR - GROWTH,8.935
2026-09-30,153073,BAJAJ FINSERV CONSUMPTION FUND - REGULAR - IDCW,8.935
2026-09-30,153074,BAJAJ FINSERV CONSUMPTION FUND - DIRECT - IDCW,9.208
2026-09-30,153075,BAJAJ FINSERV CONSUMPTION FUND - DIRECT - GROWTH,9.208
2026-09-30,153076,Shriram Multi Sector Rotation Fund - Direct Plan Growth Option,7.873
2026-09-30,153077,Shriram Multi Sector Rotation Fund - Regular Plan Growth Option,7.6335
2026-09-30,153078,Aditya Birla Sun Life BSE India Infrastructure Index Fund-Direct IDCW Payout,8.7361
2026-09-30,153079,Aditya Birla Sun Life BSE India Infrastructure Index Fund-Regular IDCW Payout,8.6442
2026-09-30,153080,Aditya Birla Sun Life BSE India Infrastructure Index Fund-Regular Growth,8.6439
2026-09-30,153081,Aditya Birla Sun Life BSE India Infrastructure Index Fund-Direct Growth,8.7361
2026-09-30,153082,Axis Momentum Fund - Regular Plan - IDCW Option,8.56
2026-09-30,153083,Axis Momentum Fund - Direct Plan - Growth Option,8.80
2026-09-30,153084,Axis Momentum Fund - Direct Plan - IDCW Option,8.80
2026-09-30,153085,Axis Momentum Fund - Regular Plan - Growth Option,8.56
2026-09-30,153086,UTI Nifty Alpha Low-Volatility 30 Index Fund - Direct Plan - Growth Option,9.2163
2026-09-30,153087,UTI Nifty Alpha Low-Volatility 30 Index Fund - Regular Plan - Growth Option,9.1352
2026-09-30,153088,UTI Nifty Midcap 150 Index Fund - Regular Plan - Growth Option,10.4013
2026-09-30,153089,UTI Nifty Midcap 150 Index Fund - Direct Plan - Growth Option,10.4946
2026-09-30,153090,Samco Arbitrage Fund - Direct Plan - Growth,10.98
2026-09-30,153091,Samco Arbitrage Fund - Regular Plan - Growth,10.75
2026-09-30,153094,Quantum Ethical Fund - Direct Plan Growth Option,9.81
2026-09-30,153095,Quantum Ethical Fund - Regular Plan Growth Option,9.57
2026-09-30,153096,HDFC Nifty India Digital Index Fund - Growth Option - Regular,8.0324
2026-09-30,153097,HDFC Nifty India Digital Index Fund - Growth Option - Direct,8.1026
2026-09-30,153098,Groww Multicap Fund - Direct - IDCW,12.3322
2026-09-30,153099,Groww Multicap Fund - Regular - IDCW,11.9416
2026-09-30,153100,Groww Multicap Fund - Regular - Growth,11.9334
2026-09-30,153101,Franklin India Long Duration Fund - IDCW,10.3863
2026-09-30,153102,Franklin India Long Duration Fund - Direct - Growth,10.8465
2026-09-30,153103,Franklin India Long Duration Fund - Direct - IDCW,10.3967
2026-09-30,153104,Franklin India Long Duration Fund - Growth,10.7524
2026-09-30,153105,Mirae Asset Long Term Fund - Direct Plan - Growth,10.4680
2026-09-30,153106,Mirae Asset Long Term Fund - Direct Plan - IDCW,10.4607
2026-09-30,153107,Mirae Asset Long Term Fund - Regular Plan - Growth,10.3701
2026-09-30,153108,Mirae Asset Long Term Fund - Regular Plan - IDCW,10.3701
2026-09-30,153109,Union Active Momentum Fund - Direct Plan - Growth Option,10.22
2026-09-30,153110,Union Active Momentum Fund - Direct Plan - IDCW Option,10.22
2026-09-30,153111,Union Active Momentum Fund - Regular Plan - Growth Option,9.97
2026-09-30,153112,Union Active Momentum Fund - Regular Plan - IDCW Option,9.97
2026-09-30,153113,Bandhan Nifty 200 Quality 30 Index Fund - Regular Plan - Growth,8.9036
2026-09-30,153114,Bandhan Nifty 200 Quality 30 Index Fund - Direct Plan - Growth,9.0100
2026-09-30,153115,Edelweiss CRISIL IBX AAA Financial Services - Jan 2028 Index Fund - Direct - Growth,11.406
2026-09-30,153116,Kotak Transportation & Logistics Fund-Regular-Growth,11.981
2026-09-30,153117,Kotak Transportation & Logistics Fund-Direct -IDCW-PAYOUT & REINVESTMENT,12.322
2026-09-30,153118,Kotak Transportation & Logistics Fund-Direct Growth,12.323
2026-09-30,153119,Kotak Transportation & Logistics Fund-Regular-IDCW Payout & Reinvestment,11.981
2026-09-30,153120,DSP Business Cycle Fund - Regular - IDCW,9.8130
2026-09-30,153121,DSP Business Cycle Fund - Direct - Growth,10.0810
2026-09-30,153122,DSP Business Cycle Fund - Regular - Growth,9.8130
2026-09-30,153123,DSP Business Cycle Fund - Direct - IDCW,10.0810
2026-09-30,153124,Aditya Birla Sun Life Conglomerate Fund-Direct Growth,10.54
2026-09-30,153125,Aditya Birla Sun Life Conglomerate Fund-Direct IDCW Payout,10.55
2026-09-30,153126,Aditya Birla Sun Life Conglomerate Fund-Regular IDCW Payout,10.29
2026-09-30,153127,Aditya Birla Sun Life Conglomerate Fund-Regular Growth,10.29
2026-09-30,153128,Edelweiss CRISIL IBX AAA Financial Services - Jan 2028 Index Fund - Direct - IDCW - Payout,10.902
2026-09-30,153129,Edelweiss CRISIL IBX AAA Financial Services - Jan 2028 Index Fund - Regular - IDCW - Payout,10.858
2026-09-30,153130,Edelweiss CRISIL IBX AAA Financial Services - Jan 2028 Index Fund - Regular - Growth,11.362
2026-09-30,153131,Tata BSE Select Business Groups Index Fund - Direct IDCW Payout,9.6262
2026-09-30,153132,Tata BSE Select Business Groups Index Fund - Direct Growth,9.6262
2026-09-30,153133,Tata BSE Select Business Groups Index Fund - Regular IDCW Payout,9.4909
2026-09-30,153134,Tata BSE Select Business Groups Index Fund - Regular Growth,9.4909
2026-09-30,153135,Tata BSE Select Business Groups Index Fund - Direct IDCW Reinvestment,9.6262
2026-09-30,153136,Tata BSE Select Business Groups Index Fund - Regular IDCW Reinvestment,9.4909
2026-09-30,153137,Motilal Oswal Nifty Capital Market Index Fund - Regular Plan - Growth,11.9681
2026-09-30,153138,Motilal Oswal Nifty Capital Market Index Fund - Direct Plan - Growth,12.1062
2026-09-30,153139,Bank of India Consumption Fund - Direct - Growth,10.88
2026-09-30,153140,Bank of India Consumption Fund - Regular - Growth,10.65
2026-09-30,153141,Bank of India Consumption Fund - Regular - IDCW,10.65
2026-09-30,153142,Bank of India Consumption Fund - Direct - IDCW,10.87
2026-09-30,153143,Kotak Nifty 100 Equal Weight index Fund - Direct Plan - IDCW Option,10.553
2026-09-30,153144,Kotak Nifty 100 Equal Weight Index Fund - Regular Plan - IDCW Option,10.461
2026-09-30,153145,Kotak Nifty 100 Equal Weight Index Fund - Regular Plan - Growth,10.461
2026-09-30,153146,Kotak Nifty 100 Equal Weight Index Fund - Direct Plan - Growth,10.554
2026-09-30,153147,Kotak Nifty 50 Equal Weight Index Fund - Direct Plan - IDCW Option,10.573
2026-09-30,153148,Kotak Nifty 50 Equal Weight Index Fund - Regular Plan - Growth,10.478
2026-09-30,153149,Kotak Nifty 50 Equal Weight Index Fund - Regular Plan - IDCW Option,10.478
2026-09-30,153150,Kotak Nifty 50 Equal Weight Index Fund - Direct Plan - Growth,10.572
2026-09-30,153151,SBI Quant Fund- Direct Plan- Income Distribution cum Capital Withdrawal Option (IDCW),9.1225
2026-09-30,153152,SBI Quant Fund- Regular Plan- Income Distribution Cum Capital Withdrawal Option (IDCW),8.9433
2026-09-30,153153,SBI Quant Fund- Regular Plan- Growth,8.9433
2026-09-30,153154,SBI Quant Fund- Direct Plan- Growth,9.1226
2026-09-30,153155,BAJAJ FINSERV HEALTHCARE FUND - REGULAR - GROWTH,11.452
2026-09-30,153156,BAJAJ FINSERV HEALTHCARE FUND - DIRECT - IDCW,11.797
2026-09-30,153157,BAJAJ FINSERV HEALTHCARE FUND - DIRECT - GROWTH,11.797
2026-09-30,153158,BAJAJ FINSERV HEALTHCARE FUND - REGULAR - IDCW,11.452
2026-09-30,153159,ICICI Prudential Nifty 500 Index Fund - Direct Plan - IDCW,9.9709
2026-09-30,153160,ICICI Prudential Nifty 500 Index Fund - IDCW,9.8706
2026-09-30,153161,ICICI Prudential Nifty 500 Index Fund - Direct Plan - Growth,9.9711
2026-09-30,153162,ICICI Prudential Nifty 500 Index Fund - Growth,9.8705
2026-09-30,153169,Baroda BNP Paribas Children's Fund - Regular Plan - IDCW Option,10.6767
2026-09-30,153170,Baroda BNP Paribas Children's Fund - Regular Plan - Growth Option,10.6767
2026-09-30,153171,Baroda BNP Paribas Children's Fund - Direct Plan - Growth Option,11.0197
2026-09-30,153176,Aditya Birla Sun Life Crisil-IBX Financial Services 3 to 6 months Debt Index Fund-Direct IDCW Payout,11.3350
2026-09-30,153177,Aditya Birla Sun Life Crisil-IBX Financial Services 3 to 6 Months Debt Index Fund-Regular Growth,11.2907
2026-09-30,153178,Aditya Birla Sun Life Crisil-IBX Financial Services 3 to 6 Months  Debt Index Fund-Regular IDCW Payout,11.2907
2026-09-30,153179,Aditya Birla Sun Life Crisil-IBX financial Services 3 to 6 months Debt Index Fund-Direct Growth,11.3349
2026-09-30,153180,Edelweiss BSE Capital Markets & Insurance  ETF - Growth,22.6673
2026-09-30,153181,ICICI Prudential Rural Opportunities Fund - Growth,10.30
2026-09-30,153182,ICICI Prudential Rural Opportunities Fund - Direct Plan - IDCW,10.50
2026-09-30,153183,ICICI Prudential Rural Opportunities Fund - IDCW,10.30
2026-09-30,153184,ICICI Prudential Rural Opportunities Fund - Direct Plan - Growth,10.50
2026-09-30,153185,Motilal Oswal Arbitrage Fund-Direct Plan-IDCW,11.1463
2026-09-30,153186,Motilal Oswal Arbitrage Fund-Regular Plan-IDCW,10.9608
2026-09-30,153187,Motilal Oswal Arbitrage Fund-Direct Plan-Growth,11.3117
2026-09-30,153188,Motilal Oswal Arbitrage Fund-Regular Plan-Growth,11.1252
2026-09-30,153189,WhiteOak Capital Quality Equity Fund Direct Plan Growth,9.998
2026-09-30,153190,WhiteOak Capital Quality Equity Fund Regular Plan Growth,9.718
2026-09-30,153191,Mirae Asset Nifty India New Age Consumption ETF,11.2988
2026-09-30,153192,Mirae Asset Nifty India New Age Consumption ETF Fund of Fund - Direct Plan - Growth,9.292
2026-09-30,153193,Mirae Asset Nifty India New Age Consumption ETF Fund of Fund - Direct Plan - IDCW,9.291
2026-09-30,153194,Mirae Asset Nifty India New Age Consumption ETF Fund of Fund - Regular Plan - Growth,9.228
2026-09-30,153195,Mirae Asset Nifty India New Age Consumption ETF Fund of Fund - Regular Plan - IDCW,9.229
2026-09-30,153196,Mirae Asset Small Cap Fund - Direct Plan - Growth,12.701
2026-09-30,153197,Mirae Asset Small Cap Fund - Direct Plan - IDCW,12.700
2026-09-30,153198,Mirae Asset Small Cap Fund - Regular Plan - Growth,12.373
2026-09-30,153199,Mirae Asset Small Cap Fund - Regular Plan - IDCW,12.376
2026-09-30,153200,BAJAJ FINSERV ELSS - TAX SAVER FUND - REGULAR - IDCW,11.113
2026-09-30,153201,BAJAJ FINSERV ELSS - TAX SAVER FUND - DIRECT - GROWTH,11.441
2026-09-30,153202,BAJAJ FINSERV ELSS - TAX SAVER FUND - REGULAR - GROWTH,11.113
2026-09-30,153203,BAJAJ FINSERV ELSS - TAX SAVER FUND - DIRECT - IDCW,11.441
2026-09-30,153204,UTI Quant Fund - Direct Plan - Growth Option,10.1312
2026-09-30,153205,UTI Quant Fund - Regular Plan - Growth Option,9.8553
2026-09-30,153206,Bajaj Finserv Gilt Fund - Direct - Growth,1075.2853
2026-09-30,153207,Bajaj Finserv Gilt Fund - Direct - IDCW,1075.2853
2026-09-30,153209,Bajaj Finserv Gilt Fund - Regular - IDCW,1060.2417
2026-09-30,153211,Bajaj Finserv Gilt Fund - Regular - Growth,1060.2417
2026-09-30,153212,Bandhan Nifty Alpha Low Volatility 30 Index Fund - Regular Plan - Growth,9.5506
2026-09-30,153213,Bandhan Nifty Alpha Low Volatility 30 Index Fund - Direct Plan - Growth,9.6723
2026-09-30,153214,Edelweiss Consumption Fund - Direct - Growth,10.768
2026-09-30,153215,Edelweiss Consumption Fund - Regular - IDCW - Payout,10.4829
2026-09-30,153216,DSP BSE SENSEX Next 30 Index Fund - Regular - Growth,11.5267
2026-09-30,153217,DSP BSE SENSEX Next 30 Index Fund - Regular - IDCW,11.5267
2026-09-30,153218,DSP BSE SENSEX Next 30 Index Fund - Direct - IDCW,11.6495
2026-09-30,153219,DSP BSE SENSEX Next 30 Index Fund - Direct - Growth,11.6495
2026-09-30,153220,Kotak Nifty SmallCap 250 Index Fund - Direct - IDCW,11.554
2026-09-30,153221,Kotak Nifty SmallCap 250 Index Fund- Regular - Growth,11.461
2026-09-30,153222,Kotak Nifty SmallCap 250 Index Fund- Regular - IDCW,11.461
2026-09-30,153223,Kotak Nifty SmallCap 250 Index Fund- Direct - Growth,11.554
2026-09-30,153224,Baroda BNP Paribas Energy Opportunities Fund - Regular Plan - ICDW Option,11.0958
2026-09-30,153225,Baroda BNP Paribas Energy Opportunities Fund - Direct Plan - Growth Option,11.3546
2026-09-30,153226,Baroda BNP Paribas Energy Opportunities Fund - Regular Plan - Growth Option,11.0958
2026-09-30,153227,Baroda BNP Paribas Energy Opportunities Fund - Direct Plan - IDCW Option,11.3546
2026-09-30,153228,DSP BSE SENSEX Next 30 ETF,40.6440
2026-09-30,153229,Groww Nifty India Railways PSU ETF,26.5071
2026-09-30,153230,Groww Nifty India Railways PSU Index Fund - Direct Plan - Growth,7.2094
2026-09-30,153231,Groww Nifty India Railways PSU Index Fund - Direct Plan - IDCW,7.2091
2026-09-30,153232,Groww Nifty India Railways PSU Index Fund - Regular Plan - Growth,7.1456
2026-09-30,153233,Groww Nifty India Railways PSU Index Fund - Regular Plan - IDCW,7.1433
2026-09-30,153238,Samco Large Cap Fund - Regular Plan - Growth Option,8.61
2026-09-30,153239,Samco Large Cap Fund - Direct Plan - Growth Option,8.82
2026-09-30,153240,Union Short Term Fund - Regular Plan - Growth Option,10.9997
2026-09-30,153241,Union Short Term Fund - Regular Plan - IDCW Option,10.9997
2026-09-30,153242,Union Short Term Fund - Direct Plan - Growth Option,11.0715
2026-09-30,153243,Union Short Term Fund - Direct Plan - IDCW Option,11.0715
2026-09-30,153244,Axis Nifty500 Momentum 50 Index Fund - Direct Plan - Growth Option,10.9188
2026-09-30,153245,Axis Nifty500 Momentum 50 Index Fund - Regular Plan - Growth Option,10.7624
2026-09-30,153246,LIC MF Multi Asset Allocation Fund-Direct Plan-Growth,12.2297
2026-09-30,153247,LIC MF Multi Asset Allocation Fund-Direct Plan-IDCW,12.2297
2026-09-30,153248,LIC MF Multi Asset Allocation Fund-Regular Plan-Growth,11.936
2026-09-30,153249,LIC MF Multi Asset Allocation Fund-Regular Plan-IDCW,11.936
2026-09-30,153250,SBI Nifty Bank Index Fund-Direct Plan- Growth,10.9683
2026-09-30,153251,SBI Nifty Bank Index Fund- Regular Plan- Income Distribution Cum Capital Withdrawal Option,10.8836
2026-09-30,153252,SBI Nifty Bank Index Fund-Direct Plan- Income Distribution Cum Capital Withdrawal Option,10.9682
2026-09-30,153253,SBI Nifty Bank Index Fund-Regular Plan- Growth,10.8835
2026-09-30,153254,Edelweiss Consumption Fund - Direct - IDCW - Payout,10.768
2026-09-30,153255,Edelweiss Consumption Fund - Regular - Growth,10.4829
2026-09-30,153256,Motilal Oswal Innovation Opportunities Fund- Regular Plan- Growth,14.3552
2026-09-30,153257,Motilal Oswal Innovation Opportunities Fund- Regular Plan- IDCW,14.3554
2026-09-30,153258,Motilal Oswal Innovation Opportunities Fund - Direct Plan- Growth,14.6840
2026-09-30,153259,Motilal Oswal Innovation Opportunities Fund - Direct Plan- IDCW,14.6831
2026-09-30,153260,ITI Bharat Consumption Fund - Direct Plan - Growth,11.6362
2026-09-30,153261,ITI Bharat Consumption Fund - Direct Plan - IDCW Option,11.0183
2026-09-30,153262,ITI Bharat Consumption Fund - Regular Plan - IDCW Option,10.7077
2026-09-30,153263,ITI Bharat Consumption Fund - Regular Plan Plan - Growth,11.3192
2026-09-30,153264,HDFC Nifty100 Quality 30 Index Fund - Direct Plan,10.3007
2026-09-30,153265,HDFC Nifty100 Quality 30 Index Fund - Regular Plan,10.2222
2026-09-30,153266,HSBC Financial Services Fund - Direct Growth,12.1204
2026-09-30,153267,HSBC Financial Services Fund - Regular Growth,11.8449
2026-09-30,153268,HSBC Financial Services Fund - Regular IDCW,11.845
2026-09-30,153269,HSBC Financial Services Fund - Direct IDCW,12.1201
2026-09-30,153270,UTI Nifty India Manufacturing Index Fund - Direct Plan - Growth Option,12.0309
2026-09-30,153271,UTI Nifty India Manufacturing Index Fund - Regular Plan - Growth Option,11.942
2026-09-30,153272,UTI Nifty Midsmallcap 400 Momentum Quality 100 Index Fund - Direct Plan - Growth Option,11.3751
2026-09-30,153273,UTI Nifty Midsmallcap 400 Momentum Quality 100 Index Fund - Regular Plan - Growth Option,11.2837
2026-09-30,153274,Nippon India Active Momentum Fund-Direct Plan - Growth Option,12.4874
2026-09-30,153276,Nippon India Active Momentum Fund - Regular Plan- Growth Option,12.2954
2026-09-30,153277,Nippon India Active Momentum Fund- Direct Plan IDCW Option,12.4874
2026-09-30,153278,Nippon India Active Momentum Fund- Regular Plan- IDCW Option,12.2954
2026-09-30,153280,Shriram Unclaimed Redemption Liquid Fund,1109.4223
2026-09-30,153281,Shriram Unclaimed Redemption Stable Scheme Liquid Fund,1000
2026-09-30,153282,Shriram Unclaimed IDCW Liquid Fund,1097.1318
2026-09-30,153283,Shriram Unclaimed IDCW Stable Scheme Liquid Fund,1000
2026-09-30,153284,Kotak BSE Sensex Index Fund - Regular - Growth,9.662
2026-09-30,153285,Kotak BSE Sensex Index Fund - Regular - IDCW,9.662
2026-09-30,153286,Kotak BSE Sensex Index Fund- Direct - Growth,9.689
2026-09-30,153287,Kotak BSE Sensex Index Fund- Direct - IDCW,9.689
2026-09-30,153288,Invesco India Business Cycle Fund - Regular Plan - Growth,13.8
2026-09-30,153289,Invesco India Business Cycle Fund - Regular Plan - IDCW,13.8
2026-09-30,153290,Invesco India Business Cycle Fund - Direct Plan - IDCW,14.16
2026-09-30,153291,Invesco India Business Cycle Fund - Direct Plan - Growth,14.15
2026-09-30,153292,Bank of India Money Market Fund - Direct - Weekly IDCW,10.0986
2026-09-30,153293,Bank of India Money Market Fund - Regular - Growth,11.1324
2026-09-30,153294,Bank of India Money Market Fund - Direct - Growth,11.2170
2026-09-30,153295,Bank of India Money Market Fund - Direct - Monthly IDCW,10.0547
2026-09-30,153296,Bank of India Money Market Fund - Direct - Daily IDCW,10.0500
2026-09-30,153298,Bank of India Money Market Fund - Regular - Daily IDCW,10.0500
2026-09-30,153299,Bank of India Money Market Fund - Regular - Monthly IDCW,10.0545
2026-09-30,153301,Bank of India Money Market Fund - Regular - Weekly IDCW,10.0545
2026-09-30,153302,Mahindra Manulife Value Fund - Regular Plan - IDCW,12.0602
2026-09-30,153303,Mahindra Manulife Value Fund - Direct Plan - Growth,12.3981
2026-09-30,153304,Mahindra Manulife Value Fund - Regular Plan - Growth,12.0602
2026-09-30,153305,Mahindra Manulife Value Fund - Direct Plan - IDCW,12.3981
2026-09-30,153306,BAJAJ FINSERV MULTI CAP FUND - DIRECT - IDCW,12.180
2026-09-30,153307,BAJAJ FINSERV MULTI CAP FUND - REGULAR - GROWTH,11.888
2026-09-30,153308,BAJAJ FINSERV MULTI CAP FUND - REGULAR - IDCW,11.888
2026-09-30,153309,BAJAJ FINSERV MULTI CAP FUND - DIRECT - GROWTH,12.180
2026-09-30,153310,Kotak CRISIL - IBX AAA Bond Financial Services Index Dec 2026 Fund - Regular - IDCW,11.2027
2026-09-30,153311,Kotak CRISIL - IBX AAA Bond Financial Services Index Dec 2026 Fund - Regular - Growth,11.2027
2026-09-30,153312,Kotak CRISIL - IBX AAA Bond Financial Services Index Dec 2026 Fund - Direct - IDCW,11.2385
2026-09-30,153313,Kotak CRISIL - IBX AAA Bond Financial Services Index Dec 2026 Fund - Direct - Growth,11.2389
2026-09-30,153314,Kotak MSCI India ETF,28.153
2026-09-30,153315,Kotak Nifty 100 Equal Weight ETF,33.221
2026-09-30,153320,SBI Nifty IT Index Fund - Direct Plan - Growth,7.0148
2026-09-30,153321,SBI Nifty IT Index Fund - Direct Plan - Income Distribution Cum Withdrawal Option (IDCW),7.0149
2026-09-30,153322,SBI Nifty IT Index Fund - Regular Plan - Income Distribution Cum Capital Withdrawal Option (IDCW),6.9620
2026-09-30,153323,SBI Nifty IT Index Fund - Regular Plan - Growth,6.9620
2026-09-30,153324,Helios Mid Cap Fund - Direct Plan - IDCW Option,13.73
2026-09-30,153325,Helios Mid Cap Fund - Regular Plan - IDCW Option,13.41
2026-09-30,153326,Helios Mid Cap Fund - Direct Plan - Growth Option,13.73
2026-09-30,153327,Helios Mid Cap Fund - Regular Plan - Growth Plan,13.41
2026-09-30,153328,Groww Nifty 200 ETF FOF - Direct - Growth,10.9534
2026-09-30,153329,Groww Nifty 200 ETF,10.7022
2026-09-30,153330,ANGEL ONE NIFTY TOTAL MARKET INDEX FUND DIRECT PLAN GROWTH OPTION,11.3096
2026-09-30,153331,ANGEL ONE NIFTY TOTAL MARKET INDEX FUND REGULAR PLAN GROWTH OPTION,11.1764
2026-09-30,153332,ANGEL ONE NIFTY TOTAL MARKET ETF,11.3218
2026-09-30,153333,Edelweiss CRISIL IBX AAA Bond NBFC HFC Jun 2027 Index Fund - Direct Plan - IDCW Option,10.5558
2026-09-30,153334,Edelweiss CRISIL IBX AAA Bond NBFC HFC Jun 2027 Index Fund - Regular Plan - Growth Option,11.2283
2026-09-30,153335,Edelweiss CRISIL IBX AAA Bond NBFC HFC Jun 2027 Index Fund - Direct Plan - Growth Option,11.2636
2026-09-30,153336,Edelweiss CRISIL IBX AAA Bond NBFC HFC Jun 2027 Index Fund - Regular Plan - IDCW Option,10.5205
2026-09-30,153337,Union Gold ETF,143.7909
2026-09-30,153338,Union Gold ETF Fund of Fund - Regular Plan - Growth Option,16.7874
2026-09-30,153339,Union Gold ETF Fund of Fund - Direct Plan - IDCW Option,16.8595
2026-09-30,153340,Union Gold ETF Fund of Fund - Direct Plan - Growth Option,16.8595
2026-09-30,153341,Union Gold ETF Fund of Fund - Regular Plan - IDCW Option,16.7874
2026-09-30,153342,Groww Nifty 200 ETF FOF - Regular - Growth,10.8613
2026-09-30,153343,Groww Nifty 200 ETF FOF - Direct - IDCW,10.9533
2026-09-30,153344,Groww Nifty 200 ETF FOF - Regular - IDCW,10.8614
2026-09-30,153345,DSP Nifty Private Bank Index Fund - Direct - IDCW,10.4436
2026-09-30,153346,DSP Nifty Private Bank Index Fund - Regular - IDCW,10.3230
2026-09-30,153347,DSP Nifty Private Bank Index Fund - Regular - Growth,10.8796
2026-09-30,153348,DSP Nifty Private Bank Index Fund - Direct - Growth,11.0027
2026-09-30,153349,Bandhan Nifty Next 50 Index Fund - Regular Plan - Growth,12.1671
2026-09-30,153350,Bandhan Nifty Next 50 Index Fund - Direct Plan - Growth,12.3189
2026-09-30,153351,KOTAK NIFTY COMMODITIES INDEX FUND-REGULAR GROWTH,11.631
2026-09-30,153352,KOTAK NIFTY COMMODITIES INDEX FUND-REGULAR-IDCW-PAYOUT & REINVESTMENT,11.631
2026-09-30,153353,Kotak Nifty Commodities Index Fund-Direct Growth,11.679
2026-09-30,153354,KOTAK NIFTY COMMODITIES INDEX FUND-DIRECT-IDCW-PAYOUT & REINVESTMENT,11.68
2026-09-30,153355,WhiteOak Capital Equity Savings Fund Direct Plan Growth,11.705
2026-09-30,153356,WhiteOak Capital Equity Savings Fund Regular Plan Growth,11.439
2026-09-30,153357,360 ONE Gold ETF,143.4113
2026-09-30,153362,Navi Nifty Smallcap 250 Momentum quality index fund- Direct Plan,12.0448
2026-09-30,153363,Navi Nifty Smallcap 250 Momentum quality index fund- Regular Plan,11.9186
2026-09-30,153364,Motilal Oswal Active Momentum Fund- Direct-Growth,14.4779
2026-09-30,153365,Motilal Oswal Active Momentum Fund- Regular- Growth,14.4552
2026-09-30,153366,Motilal Oswal Active Momentum Fund - Regular- IDCW,14.4557
2026-09-30,153367,Motilal Oswal Active Momentum Fund- Direct-IDCW,14.4776
2026-09-30,153368,Franklin India Low Duration Fund-Direct-Growth,11.1698
2026-09-30,153369,Franklin India Low Duration Fund-Direct-IDCW,10.5926
2026-09-30,153370,Franklin India Low Duration Fund-IDCW,10.5284
2026-09-30,153371,Franklin India Low Duration Fund-Growth,11.0790
2026-09-30,153372,Kotak CRISIL-IBX Financial Services 3-6 Months Debt Index Fund-Direct-Growth,11.1245
2026-09-30,153373,Kotak CRISIL-IBX Financial Services 3-6 Months Debt Index Fund-Direct-IDCW,11.1234
2026-09-30,153374,Kotak CRISIL-IBX Financial Services 3-6 Months Debt Index Fund-Regular-IDCW,11.0842
2026-09-30,153375,Kotak CRISIL-IBX Financial Services 3-6 Months Debt Index Fund-Regular-Growth,11.0843
2026-09-30,153376,Unifi Dynamic Asset Allocation Fund - Direct Growth,11.3367
2026-09-30,153377,Unifi Dynamic Asset Allocation Fund - Regular Growth,11.2331
2026-09-30,153378,ICICI Prudential BSE Liquid Rate ETF - Growth,1081.6919
2026-09-30,153379,Mirae Asset BSE 200 Equal Weight ETF,13.0960
2026-09-30,153380,Mirae Asset BSE 200 Equal Weight ETF Fund of Fund - Direct Plan - Growth,11.194
2026-09-30,153381,Mirae Asset BSE 200 Equal Weight ETF Fund of Fund - Direct Plan - IDCW,11.192
2026-09-30,153382,Mirae Asset BSE 200 Equal Weight ETF Fund of Fund - Regular Plan - Growth,11.107
2026-09-30,153383,Mirae Asset BSE 200 Equal Weight ETF Fund of Fund - Regular Plan - IDCW,11.104
2026-09-30,153384,Mirae Asset BSE Select IPO ETF,46.1642
2026-09-30,153385,Mirae Asset BSE Select IPO ETF Fund of Fund - Direct Plan - Growth,11.328
2026-09-30,153386,Mirae Asset BSE Select IPO ETF Fund of Fund - Direct Plan - IDCW,11.326
2026-09-30,153387,Mirae Asset BSE Select IPO ETF Fund of Fund - Regular Plan - Growth,11.255
2026-09-30,153388,Mirae Asset BSE Select IPO ETF Fund of Fund - Regular Plan - IDCW,11.236
2026-09-30,153393,ICICI Prudential Nifty EV & New Age Automotive ETF FOF - IDCW,11.5522
2026-09-30,153394,ICICI Prudential Nifty EV & New Age Automotive ETF FOF - Direct Plan - Growth,11.6091
2026-09-30,153395,ICICI Prudential Nifty EV & New Age Automotive ETF FOF - Direct Plan - IDCW,11.6092
2026-09-30,153396,ICICI Prudential Nifty EV & New Age Automotive ETF FOF - Growth,11.5522
2026-09-30,153397,ICICI Prudential Nifty EV & New Age Automotive ETF,30.7119
2026-09-30,153398,Kotak Nifty Midcap 150 ETF,22.237
2026-09-30,153399,KOTAK NIFTY MIDCAP 150 INDEX FUND-REGULAR PLAN-GROWTH,11.167
2026-09-30,153400,KOTAK NIFTY MIDCAP 150 INDEX FUND-REGULAR PLAN-IDCW PAYOUT AND REINVESTMENT,11.167
2026-09-30,153401,KOTAK NIFTY MIDCAP 150 INDEX FUND-DIRECT PLAN-GROWTH,11.25
2026-09-30,153402,KOTAK NIFTY MIDCAP 150 INDEX FUND-DIRECT PLAN-IDCW-PAYOUT AND REINVESTMENT,11.249
2026-09-30,153403,HDFC NIFTY 1D RATE LIQUID ETF GROWTH,1080.0519
2026-09-30,153404,HDFC Nifty Top 20 Equal Weight Index Fund - Regular Growth,9.4822
2026-09-30,153405,HDFC Nifty Top 20 Equal Weight Index Fund - Direct,9.5586
2026-09-30,153406,Motilal Oswal Nifty Capital Market ETF,51.1370
2026-09-30,153407,Bandhan CRISIL-IBX Financial Services 3-6 Months Debt Index Fund - Direct Plan - Growth,11.1382
2026-09-30,153408,Bandhan CRISIL-IBX Financial Services 3-6 Months Debt Index Fund - Regular Plan - Growth,11.0185
2026-09-30,153409,ICICI Prudential CRISIL-IBX Financial Services 3-6 Months Debt Index Fund - Growth,11.0959
2026-09-30,153410,ICICI Prudential CRISIL-IBX Financial Services 3-6 Months Debt Index Fund - Direct Plan - Annual IDCW,11.1196
2026-09-30,153411,ICICI Prudential CRISIL-IBX Financial Services 3-6 Months Debt Index Fund - Direct Plan - Growth,11.1196
2026-09-30,153412,ICICI Prudential CRISIL-IBX Financial Services 3-6 Months Debt Index Fund - Annual IDCW,11.0959
2026-09-30,153414,Axis Nifty500 Value 50 ETF,31.2595
2026-09-30,153415,360 ONE Silver ETF,215.6869
2026-09-30,153416,Edelweiss Ultra Short to Short Term Fund - Direct Plan Growth,1107.8854
2026-09-30,153417,Edelweiss Ultra Short to Short Term Fund - Regular Plan IDCW Payout,1029.4406
2026-09-30,153418,Edelweiss Ultra Short to Short Term Fund - Direct Plan IDCW Payout,1042.2313
2026-09-30,153419,Edelweiss Ultra Short to Short Term Fund - Regular Plan Growth,1094.9878
2026-09-30,153420,Tata BSE Quality Index Fund Direct plan Growth Option,10.7105
2026-09-30,153421,Tata BSE Quality Index Fund Direct plan IDCW Payout Option,10.7105
2026-09-30,153422,Tata BSE Quality Index Fund Direct plan IDCW Reinvestment Option,10.7105
2026-09-30,153423,Tata BSE Quality Index Fund Regular plan IDCW Reinvestment Option,10.5909
2026-09-30,153424,Tata BSE Quality Index Fund Regular plan IDCW Payout Option,10.5909
2026-09-30,153425,Tata BSE Quality Index Fund Regular plan Growth Option,10.5909
2026-09-30,153426,quant Arbitrage Fund - Growth Option - Direct Plan,11.1297
2026-09-30,153427,quant Arbitrage Fund - IDCW Option - Direct Plan,11.1174
2026-09-30,153428,quant Arbitrage Fund - Growth Option - Regular Plan,11.0302
2026-09-30,153429,quant Arbitrage Fund - IDCW Option - Regular Plan,11.0306
2026-09-30,153431,SBI BSE PSU BANK INDEX FUND- Regular Plan- Income Distribution Cum Capital Withdrawal Option (IDCW),12.8348
2026-09-30,153432,SBI BSE PSU BANK INDEX FUND- Direct Plan- Growth,12.9254
2026-09-30,153433,SBI BSE PSU BANK INDEX FUND- Direct Plan- Income Distribution Cum Capital Withdrawal Option (IDCW),12.9253
2026-09-30,153434,SBI BSE PSU BANK INDEX FUND- Regular Plan- Growth,12.8331
2026-09-30,153435,SBI BSE PSU BANK ETF,46.6249
2026-09-30,153436,Zerodha Overnight Fund - Direct Plan - Growth Option,10.8059
2026-09-30,153437,Bajaj Finserv Overnight Fund - Direct - Unclaimed less than 3 years IDCW Plan,1077.5862
2026-09-30,153438,Bajaj Finserv Overnight Fund - Direct - Unclaimed less than 3 years Redemption Plan,1083.4085
2026-09-30,153441,UTI Income Plus Arbitrage Active Fund of Fund - Regular Plan - Growth Option,10.8485
2026-09-30,153442,UTI Income Plus Arbitrage Active Fund of Fund - Direct Plan - Growth Option,10.905
2026-09-30,153443,Aditya Birla Sun Life Crisil-IBX Financial Services 9-12 Months Debt Index Fund-Direct Growth,11.0892
2026-09-30,153444,Aditya Birla Sun Life Crisil-IBX Financial Services 9-12 Months Debt Index Fund-Direct IDCW Payout,11.0901
2026-09-30,153445,Aditya Birla Sun Life Crisil-IBX Financial Services 9-12 Months Debt Index Fund-Regular Growth,11.0557
2026-09-30,153447,Kotak Energy Opportunities Fund-Direct-Growth,10.474
2026-09-30,153448,Kotak Energy Opportunities Fund-Direct-IDCW-Payout & Reinvestment,10.472
2026-09-30,153449,Kotak Energy Opportunities Fund-Regular-Growth,10.248
2026-09-30,153450,Kotak Energy Opportunities Fund-Regular-IDCW-Payout & Reinvestment,10.248
2026-09-30,153451,ANGEL ONE NIFTY 1D RATE LIQUID ETF - GROWTH,1079.0109
2026-09-30,153452,Groww Nifty 500 Momentum 50 ETF,10.5828
2026-09-30,153453,Groww Nifty 500 Momentum 50 ETF FOF - Direct Plan - Growth,10.4781
2026-09-30,153454,Groww Nifty 500 Momentum 50 ETF FOF - Direct Plan - IDCW,10.4896
2026-09-30,153455,Groww Nifty 500 Momentum 50 ETF FOF - Regular Plan - IDCW,10.4115
2026-09-30,153456,Groww Nifty 500 Momentum 50 ETF FOF - Regular Plan- Growth,10.4115
2026-09-30,153457,ICICI Prudential Quality Fund - IDCW,10.26
2026-09-30,153458,ICICI Prudential Quality Fund - Direct Plan - Growth,10.43
2026-09-30,153459,ICICI Prudential Quality Fund - Growth,10.26
2026-09-30,153460,ICICI Prudential Quality Fund - Direct Plan - IDCW,10.43
2026-09-30,153461,Kotak Nifty Top 10 Equal Weight Index Fund-Direct Plan-Growth,8.568
2026-09-30,153462,Kotak Nifty Top 10 Equal Weight Index Fund-Direct Plan-IDCW-Payout and Reinvestment,8.567
2026-09-30,153463,Kotak Nifty Top 10 Equal Weight Index Fund-Regular Plan-Growth,8.483
2026-09-30,153464,Kotak Nifty Top 10 Equal Weight Index Fund-Regular Plan-IDCW Payout and Reinvestment,8.483
2026-09-30,153465,Canara Robeco Multi Asset Allocation Fund - Direct Plan - Growth,11.1200
2026-09-30,153466,Canara Robeco Multi Asset Allocation Fund - Regular Plan - Growth,10.9000
2026-09-30,153467,Canara Robeco Multi Asset Allocation Fund - Regular Plan - IDCW,10.3500
2026-09-30,153468,Canara Robeco Multi Asset Allocation Fund - Direct Plan - IDCW,10.5700
2026-09-30,153469,Nippon India Nifty 500 Quality 50 Index Fund - Regular Plan - IDCW Option,10.1779
2026-09-30,153470,Nippon India Nifty 500 Quality 50 Index Fund - Direct Plan - Growth Option,10.2582
2026-09-30,153471,Nippon India Nifty 500 Quality 50 Index Fund - Direct Plan - IDCW Option,10.2582
2026-09-30,153472,Nippon India Nifty 500 Quality 50 Index Fund - Regular Plan - Growth Option,10.1779
2026-09-30,153473,Nippon India Nifty 500 Low Volatility 50 Index Fund - Direct Plan - IDCW Plan,10.1841
2026-09-30,153474,Nippon India Nifty 500 Low Volatility 50 Index Fund - Direct Plan - Growth Option,10.1841
2026-09-30,153475,Nippon India Nifty 500 Low Volatility 50 Index Fund - Regular Plan - Growth Option,10.1017
2026-09-30,153476,Nippon India Nifty 500 Low Volatility 50 Index Fund - Regular Pan - IDCW Option,10.1017
2026-09-30,153477,Groww Gilt Fund - Direct - Growth,10.0302
2026-09-30,153478,Bajaj Finserv Nifty Next 50 Index Fund - Direct - IDCW,11.1245
2026-09-30,153479,Bajaj Finserv Nifty Next 50 Index Fund - Direct - Growth,11.1245
2026-09-30,153480,Bajaj Finserv Nifty Next 50 Index Fund - Regular - Growth,11.0213
2026-09-30,153481,Bajaj Finserv Nifty Next 50 Index Fund - Regular - IDCW,11.0213
2026-09-30,153482,Motilal Oswal Infrastructure Fund-Regular-Growth,12.5472
2026-09-30,153483,Motilal Oswal Infrastructure Fund-Direct-IDCW,12.2952
2026-09-30,153484,Motilal Oswal Infrastructure Fund-Direct-Growth,12.7278
2026-09-30,153485,Motilal Oswal Infrastructure Fund-Regular-IDCW,12.1133
2026-09-30,153486,DSP Silver ETF Fund of Fund - Regular - Growth,22.6206
2026-09-30,153487,DSP Silver ETF Fund of Fund - Direct - Growth,22.7563
2026-09-30,153488,DSP Silver ETF Fund of Fund - Regular - IDCW,22.6206
2026-09-30,153489,DSP Silver ETF Fund of Fund - Direct - IDCW,22.7563
2026-09-30,153494,Edelweiss BSE Internet Economy Index Fund - Direct Plan - IDCW,10.955
2026-09-30,153495,Edelweiss BSE Internet Economy Index Fund - Regular Plan - Growth,10.8563
2026-09-30,153496,Edelweiss BSE Internet Economy Index Fund - Regular Plan - IDCW,10.8563
2026-09-30,153497,Edelweiss BSE Internet Economy Index Fund - Direct Plan - Growth,10.955
2026-09-30,153498,SBI Income Plus Arbitrage Active FOF- Direct Plan- Growth,10.7817
2026-09-30,153499,SBI Income Plus Arbitrage Active FOF- Regular Plan- Income Distribution Cum Capital Withdrawal Option,10.7584
2026-09-30,153500,SBI Income Plus Arbitrage Active FOF- Regular Plan- Growth,10.7584
2026-09-30,153501,SBI Income Plus Arbitrage Active FOF- Direct Plan- Income Distribution Cum Capital Withdrawal Option,10.7815
2026-09-30,153502,Groww Gilt Fund - Direct - IDCW,10.0283
2026-09-30,153503,Groww Gilt Fund - Regular - Growth,9.8849
2026-09-30,153504,Groww Gilt Fund - Regular - IDCW,9.8851
2026-09-30,153505,Bajaj Finserv Nifty 50 Index Fund - Direct - IDCW,9.2472
2026-09-30,153506,Bajaj Finserv Nifty 50 Index Fund - Direct - Growth,9.2472
2026-09-30,153507,Bajaj Finserv Nifty 50 Index Fund - Regular - IDCW,9.1592
2026-09-30,153508,Bajaj Finserv Nifty 50 Index Fund - Regular - Growth,9.1592
2026-09-30,153509,Tata Income Plus Arbitrage Active FOF - Direct Plan IDCW Reinvestment Option,10.7277
2026-09-30,153510,Tata Income Plus Arbitrage Active FOF - Regular Plan IDCW Payout Option,10.6505
2026-09-30,153511,Tata Income Plus Arbitrage Active FOF - Regular Plan Growth Option,10.6505
2026-09-30,153512,Tata Income Plus Arbitrage Active FOF - Direct Plan IDCW Payout Option,10.7277
2026-09-30,153513,Tata Income Plus Arbitrage Active FOF - Direct Plan Growth Option,10.7277
2026-09-30,153514,Tata Income Plus Arbitrage Active FOF - Regular Plan IDCW Reinvestment Option,10.6505
2026-09-30,153515,UTI Multi Cap Fund - Direct Plan - Growth Option,10.5424
2026-09-30,153516,UTI Multi Cap Fund - Regular Plan - Growth Option,10.3286
2026-09-30,153517,HDFC CRISIL-IBX Financial Services 3-6 Months Debt Index Fund - Direct Growth Plan,11.0106
2026-09-30,153518,HDFC CRISIL-IBX Financial Services 3-6 Months Debt Index Fund - Regular Growth Plan,10.9833
2026-09-30,153519,Mirae Asset Nifty 50 Equal Weight ETF,312.4786
2026-09-30,153520,TRUSTMF OVERNIGHT FUND - UNCLAIMED REDEMPTION PLAN GROWTH,1008.1886
2026-09-30,153524,Groww Silver ETF,21.4887
2026-09-30,153525,Groww Silver ETF FOF - Direct - Growth,21.3103
2026-09-30,153526,Groww Silver ETF FOF - Direct - IDCW,21.3147
2026-09-30,153527,Groww Silver ETF FOF - Regular - Growth,21.1955
2026-09-30,153528,Groww Silver ETF FOF - Regular - IDCW,21.1954
2026-09-30,153529,ANGEL ONE NIFTY 50 INDEX FUND-DIRECT-GROWTH,9.3242
2026-09-30,153530,ANGEL ONE NIFTY 50 INDEX FUND-REGULAR-GROWTH,9.2615
2026-09-30,153531,ANGEL ONE NIFTY 50 ETF,9.3533
2026-09-30,153532,MOTILAL OSWAL NIFTY 50 EQUAL WEIGHT ETF,31.3377
2026-09-30,153533,Samco Large & Mid Cap Fund - Regular Plan - Growth Option,8.60
2026-09-30,153534,Samco Large & Mid Cap Fund - Direct Plan - Growth Option,8.77
2026-09-30,153535,MOTILAL OSWAL NIFTY NEXT 50 ETF,69.7032
2026-09-30,153536,Baroda BNP Paribas Income Plus Arbitrage Active FOF Direct Growth,10.7848
2026-09-30,153538,Baroda BNP Paribas Income Plus Arbitrage Active FOF Regular IDCW Payout,10.7572
2026-09-30,153540,Baroda BNP Paribas Income Plus Arbitrage Active FOF Direct IDCW Payout,10.7848
2026-09-30,153541,Baroda BNP Paribas Income Plus Arbitrage Active FOF Regular Growth,10.7572
2026-09-30,153542,Unifi Flexi Cap Fund - Regular Growth,10.4265
2026-09-30,153543,Unifi Flexi Cap Fund - Direct Growth,10.6065
2026-09-30,153544,ICICI Prudential Nifty200 Quality 30 Index Fund - Growth,9.1638
2026-09-30,153545,ICICI Prudential Nifty200 Quality 30 Index Fund - IDCW,9.1635
2026-09-30,153546,ICICI Prudential Nifty200 Quality 30 Index Fund - Direct Plan - Growth,9.2201
2026-09-30,153547,ICICI Prudential Nifty200 Quality 30 Index Fund - Direct Plan - IDCW,9.2197
2026-09-30,153548,Baroda BNP Paribas Multi Asset Active FOF Regular Growth,11.1828
2026-09-30,153549,Baroda BNP Paribas Multi Asset Active FOF Regular ICDW Payout,11.1828
2026-09-30,153550,Baroda BNP Paribas Multi Asset Active FOF Direct IDCW Payout,11.3134
2026-09-30,153552,Baroda BNP Paribas Multi Asset Active FOF Direct Growth,11.3134
2026-09-30,153554,SBI Nifty200 Quality 30 Index Fund-Regular Plan- Growth,9.3187
2026-09-30,153555,SBI Nifty200 Quality 30 Index Fund-Direct Plan- Growth,9.3664
2026-09-30,153556,SBI Nifty200 Quality 30 Index Fund- Regular Plan- Income Cum Distribution Withdrawal Option,9.3187
2026-09-30,153557,SBI Nifty200 Quality 30 Index Fund- Direct Plan- Income Distribution Cum Capital Withdrawal Option,9.3664
2026-09-30,153558,Motilal Oswal Services Fund - Direct Plan - Growth,11.8016
2026-09-30,153561,Motilal Oswal Services Fund - Regular Plan - Growth,11.6404
2026-09-30,153562,Motilal Oswal Services Fund - Regular Plan - IDCW,11.6404
2026-09-30,153563,Motilal Oswal Services Fund - Direct Plan - IDCW,11.8016
2026-09-30,153564,Motilal Oswal BSE India Infrastructure ETF,56.6998
2026-09-30,153565,Nippon India BSE Sensex Next 30 Index -Direct Plan - IDCW Payout,10.4687
2026-09-30,153566,Nippon India BSE Sensex Next 30 Index Fund - Regular Plan-Growth Option,10.4248
2026-09-30,153567,Nippon India BSE Sensex Next 30 Index Fund- Direct Plan- Growth Option,10.4687
2026-09-30,153568,Nippon India BSE Sensex Next 30 Index Fund -Regular Plan- IDCW Payout,10.4248
2026-09-30,153569,Nippon India BSE Sensex Next 30 ETF,40.5308
2026-09-30,153570,Unifi Liquid Fund- Direct Growth,1077.9688
2026-09-30,153571,Unifi Liquid Fund- Regular Growth,1077.0616
2026-09-30,153572,Motilal Oswal Nifty India Manufacturing ETF,154.2332
2026-09-30,153573,Union Income Plus Arbitrage Active FOF - Regular Plan - Growth Option,10.4556
2026-09-30,153574,Union Income Plus Arbitrage Active FOF - Regular Plan - IDCW Option,10.4556
2026-09-30,153575,Union Income Plus Arbitrage Active FOF - Direct Plan - Growth Option,10.5152
2026-09-30,153576,Union Income Plus Arbitrage Active FOF - Direct Plan - IDCW Option,10.5152
2026-09-30,153577,Tata Nifty Midcap 150 Index Fund - Direct Plan - IDCW Reinvestment Option,10.4082
2026-09-30,153578,Tata Nifty Midcap 150 Index Fund - Regular Plan - IDCW Reinvestment Option,10.2815
2026-09-30,153579,Tata Nifty Midcap 150 Index Fund - Direct Plan - IDCW Payout Option,10.4082
2026-09-30,153580,Tata Nifty Midcap 150 Index Fund - Regular Plan - Growth Option,10.2815
2026-09-30,153581,Tata Nifty Midcap 150 Index Fund - Direct Plan - Growth Option,10.4082
2026-09-30,153582,Tata Nifty Midcap 150 Index Fund - Regular Plan - IDCW Payout Option,10.2815
2026-09-30,153583,Groww Nifty 500 Low Volatility 50 ETF,9.8425
2026-09-30,153585,Kotak Liquid Fund - Direct Plan - Weekly - Reinvestment & Payout of Income Distribution cum capital withdrawal option,1012.0578
2026-09-30,153586,Kotak Liquid Fund - Regular Plan - Weekly - Reinvestment & Payout of Income Distribution cum capital withdrawal option,1044.3826
2026-09-30,153588,DSP Nifty IT Index Fund - Regular - Growth,7.2124
2026-09-30,153589,DSP Nifty IT Index Fund - Regular - IDCW,7.2124
2026-09-30,153590,DSP Nifty IT Index Fund - Direct - Growth,7.2789
2026-09-30,153591,DSP Nifty IT Index Fund - Direct - IDCW,7.2789
2026-09-30,153592,DSP Nifty Healthcare Index Fund - Regular - Growth,11.3872
2026-09-30,153593,DSP Nifty Healthcare Index Fund - Direct - IDCW,11.4862
2026-09-30,153594,DSP Nifty Healthcare Index Fund - Direct- Growth,11.4862
2026-09-30,153595,DSP Nifty Healthcare Index Fund - Regular - IDCW,11.3872
2026-09-30,153596,Motilal Oswal BSE 1000 Index Fund - Direct Plan - Growth,9.6405
2026-09-30,153597,Motilal Oswal BSE 1000 Index Fund - Regular Plan - Growth,9.5546
2026-09-30,153598,Nippon India Income Plus Arbitrage Active Fund of Fund - Direct Plan-IDCW Payout,10.7272
2026-09-30,153599,Nippon India Income Plus Arbitrage Active Fund of Fund - Regular Plan- IDCW Payout,10.6949
2026-09-30,153600,Nippon India Income Plus Arbitrage Active Fund of Fund- Direct Plan- Growth Option,10.7272
2026-09-30,153601,Nippon India Income Plus Arbitrage Active Fund of Fund -Regular Plan- Growth Option,10.6949
2026-09-30,153602,Baroda BNP Paribas Health and Wellness Fund Regular Growth,10.4750
2026-09-30,153604,Baroda BNP Paribas Health and Wellness Fund Direct Growth,10.7052
2026-09-30,153605,Baroda BNP Paribas Health and Wellness Fund Direct IDCWPayout,10.7052
2026-09-30,153607,Baroda BNP Paribas Health and Wellness Fund Regular IDCWPayout,10.4750
2026-09-30,153608,Motilal Oswal Nifty PSE ETF,95.5409
2026-09-30,153609,BAJAJ FINSERV SMALL CAP FUND - REGULAR - GROWTH,11.071
2026-09-30,153610,BAJAJ FINSERV SMALL CAP FUND - REGULAR - IDCW,11.071
2026-09-30,153611,BAJAJ FINSERV SMALL CAP FUND - DIRECT - IDCW,11.275
2026-09-30,153612,BAJAJ FINSERV SMALL CAP FUND - DIRECT - GROWTH,11.275
2026-09-30,153613,ICICI Prudential Nifty Top 15 Equal Weight Index Fund - Growth,8.7168
2026-09-30,153614,ICICI Prudential Nifty Top 15 Equal Weight Index Fund - Direct Plan - Growth,8.7785
2026-09-30,153615,ICICI Prudential Nifty Top 15 Equal Weight Index Fund - IDCW,8.7168
2026-09-30,153616,ICICI Prudential Nifty Top 15 Equal Weight Index Fund - Direct Plan - IDCW,8.7789
2026-09-30,153617,ICICI Prudential Nifty Top 15 Equal Weight ETF,9.1803
2026-09-30,153618,Motilal Oswal Nifty India Tourism ETF,76.5284
2026-09-30,153619,HDFC INNOVATION FUND - REGULAR PLAN - GROWTH OPTION,11.487
2026-09-30,153620,HDFC INNOVATION FUND - DIRECT PLAN - GROWTH OPTION,11.656
2026-09-30,153621,Axis Services Opportunities Fund - Regular Plan - Growth Option,9.20
2026-09-30,153622,Axis Services Opportunities Fund - Direct Plan - IDCW Option,9.35
2026-09-30,153623,Axis Services Opportunities Fund - Regular Plan - IDCW Option,9.20
2026-09-30,153624,Axis Services Opportunities Fund - Direct Plan - Growth Option,9.35
2026-09-30,153625,Groww Nifty India Internet ETF,9.9967
2026-09-30,153626,Groww Nifty India Internet ETF FOF - Direct - Growth,9.9574
2026-09-30,153627,JM Large & Mid Cap Fund (Regular) - Growth Option,10.2253
2026-09-30,153628,JM Large & Mid Cap Fund (Regular) - IDCW,10.2253
2026-09-30,153629,JM Large & Mid Cap Fund (Direct) - Growth Option,10.4337
2026-09-30,153630,JM Large & Mid Cap Fund (Direct) - IDCW,10.4337
2026-09-30,153631,Groww Nifty India Internet ETF FOF - Regular - IDCW,9.9013
2026-09-30,153632,Groww Nifty India Internet ETF FOF - Direct - IDCW,9.9574
2026-09-30,153633,Groww Nifty India Internet ETF FOF - Regular - Growth,9.9014
2026-09-30,153634,Mirae Asset CRISIL-IBX Financial Services 9-12 Months Debt Index Fund - Direct Plan - Growth,10.7945
2026-09-30,153635,Mirae Asset CRISIL-IBX Financial Services 9-12 Months Debt Index Fund - Direct Plan - IDCW,10.7934
2026-09-30,153636,Mirae Asset CRISIL-IBX Financial Services 9-12 Months Debt Index Fund - Regular Plan - Growth,10.7682
2026-09-30,153637,Mirae Asset CRISIL-IBX Financial Services 9-12 Months Debt Index Fund - Regular Plan - IDCW,10.7683
2026-09-30,153638,Mirae Asset Income plus Arbitrage Active FOF - Direct Plan - Growth,10.657
2026-09-30,153639,Mirae Asset Income plus Arbitrage Active FOF - Direct Plan - IDCW,10.657
2026-09-30,153640,Mirae Asset Income plus Arbitrage Active FOF - Regular Plan - Growth,10.626
2026-09-30,153641,Mirae Asset Income plus Arbitrage Active FOF - Regular Plan - IDCW,10.626
2026-09-30,153642,Mirae Asset Nifty India Internet ETF,13.5040
2026-09-30,153643,HDFC INNOVATION FUND - IDCW - DIRECT PLAN,11.656
2026-09-30,153644,TRUSTMF MULTI CAP FUND -DIRECT PLAN-GROWTH,11.74
2026-09-30,153645,TRUSTMF MULTI CAP FUND -REGULAR PLAN-GROWTH,11.49
2026-09-30,153647,HDFC INNOVATION FUND - IDCW - REGULAR PLAN,11.487
2026-09-30,153649,JioBlackRock Money Market Fund - Direct Plan - Growth Option,1079.2842
2026-09-30,153650,JioBlackRock Overnight Fund - Direct Plan - Growth Option,1066.7629
2026-09-30,153651,JioBlackRock Liquid Fund - Direct Plan - Growth Option,1080.5450
2026-09-30,153652,Union Ultra Short to Short Term Fund - Regular Plan - Growth Option,10.6125
2026-09-30,153653,Union Ultra Short to Short Term Fund - Regular Plan - IDCW Option,10.1614
2026-09-30,153654,Union Ultra Short to Short Term Fund - Direct Plan - Growth Option,10.7048
2026-09-30,153655,Union Ultra Short to Short Term Fund - Direct Plan - IDCW Option,10.2516
2026-09-30,153656,Zerodha Silver ETF FoF - Direct Growth,19.9610
2026-09-30,153657,Kotak Nifty200 Quality 30 ETF,19.307
2026-09-30,153658,KOTAK NIFTY 200 QUALITY 30 INDEX FUND - DIRECT PLAN - IDCW - PAYOUT AND REINVESTMENT,9.254
2026-09-30,153659,KOTAK NIFTY 200 QUALITY 30 INDEX FUND - REGULAR PLAN - GROWTH,9.212
2026-09-30,153660,KOTAK NIFTY 200 QUALITY 30 INDEX FUND - DIRECT PLAN - GROWTH,9.254
2026-09-30,153661,KOTAK NIFTY 200 QUALITY 30 INDEX FUND - REGULAR PLAN - IDCW - PAYOUT AND REINVESTMENT,9.212
2026-09-30,153662,SBI Nifty200 Momentum 30 Index Fund- Direct Plan- Growth,9.3713
2026-09-30,153663,SBI Nifty200 Momentum 30 Index Fund- Regular Plan- Growth,9.3272
2026-09-30,153664,SBI Nifty200 Momentum 30 Index Fund- Regular Plan- Income Distribution Cum Capital Withdrawal Option (IDCW),9.3273
2026-09-30,153665,SBI Nifty200 Momentum 30 Index Fund- Direct Plan- Income Cum Distribution Capital Withdrawal Option (IDCW),9.3713
2026-09-30,153666,Sundaram Multi-Factor Fund - Direct - IDCW Reinvestment,9.4679
2026-09-30,153667,Sundaram Multi-Factor Fund - Regular - Growth,9.2904
2026-09-30,153668,Sundaram Multi-Factor Fund - Regular - IDCW Reinvestment,9.2904
2026-09-30,153669,Sundaram Multi-Factor Fund - Direct - Growth,9.4679
2026-09-30,153670,Sundaram Multi-Factor Fund - Direct - IDCW Payout,9.4679
2026-09-30,153671,Sundaram Multi-Factor Fund - Regular - IDCW Payout,9.2904
2026-09-30,153672,Mahindra Manulife Banking & Financial Services Fund - Direct - IDCW,10.3982
2026-09-30,153673,Mahindra Manulife Banking & Financial Services Fund - Regular - IDCW,10.1794
2026-09-30,153674,Mahindra Manulife Banking & Financial Services Fund - Direct - Growth,10.3982
2026-09-30,153675,Mahindra Manulife Banking & Financial Services Fund - Regular - Growth,10.1794
2026-09-30,153676,ICICI Prudential Nifty Private Bank Index Fund - Growth,9.5343
2026-09-30,153679,ICICI Prudential Nifty Private Bank Index Fund - Direct Plan - Growth,9.5982
2026-09-30,153680,Kotak Nifty AAA Bond Financial Services Mar 2028 Index Fund - Direct Plan - Growth,10.6986
2026-09-30,153681,Kotak Nifty AAA Bond Financial Services Mar 2028 Index Fund - Direct Plan - IDCW - Payout & Reinvestment,10.6982
2026-09-30,153682,Kotak Nifty AAA Bond Financial Services Mar 2028 Index Fund - Regular Plan - IDCW - Payout & Reinvestment,10.6717
2026-09-30,153683,Kotak Nifty AAA Bond Financial Services Mar 2028 Index Fund - Regular Plan - Growth,10.6716
2026-09-30,153684,ICICI Prudential Active Momentum Fund - Direct Plan - Growth,10.73
2026-09-30,153685,ICICI Prudential Active Momentum Fund - Growth,10.59
2026-09-30,153688,Tata Liquid Fund - Regular Plan - Weekly IDCW Reinvestment,1065.5471
2026-09-30,153689,Tata Liquid Fund - Direct Plan - Weekly IDCW Reinvestment,1070.6471
2026-09-30,153690,Nippon India MNC Fund- Direct Plan-IDCW Payout,10.2353
2026-09-30,153691,Nippon India MNC Fund- Regular Plan-Growth Option,10.0824
2026-09-30,153692,Nippon India MNC Fund- Regular Plan- IDCW Payout,10.0824
2026-09-30,153693,Nippon India MNC Fund- Direct Plan- Growth Option,10.2353
2026-09-30,153694,Motilal Oswal Nifty Midcap150 Momentum 50 ETF,61.5455
2026-09-30,153695,Invesco India Income Plus Arbitrage Active Fund of Fund - Regular Plan - Growth Plan,1057.891
2026-09-30,153696,Invesco India Income Plus Arbitrage Active Fund of Fund - Regular Plan - IDCW (Payout / Reinvestment),1057.893
2026-09-30,153697,Invesco India Income Plus Arbitrage Active Fund of Fund - Direct Plan - Growth,1062.7358
2026-09-30,153698,Invesco India Income Plus Arbitrage Active Fund of Fund - Direct Plan - IDCW (Payout / Reinvestment),1062.7326
2026-09-30,153699,Groww Nifty 50 ETF,9.1524
2026-09-30,153700,360 ONE Overnight Fund - Regular Plan - Growth,1065.0299
2026-09-30,153701,360 ONE Overnight Fund- Direct Plan - IDCW,1066.0755
2026-09-30,153702,360 ONE Overnight Fund - Regular Plan - IDCW,1065.0299
2026-09-30,153703,360 ONE Overnight Fund - Direct Plan - Growth,1066.0755
2026-09-30,153704,Groww Nifty 50 Index Fund Direct Growth,9.0795
2026-09-30,153705,quant Equity Savings Fund - Growth Option - Direct Plan,10.9443
2026-09-30,153706,quant Equity Savings Fund - IDCW Option - Direct Plan,10.9095
2026-09-30,153707,quant Equity Savings Fund - Growth Option - Regular Plan,10.723
2026-09-30,153708,quant Equity Savings Fund - IDCW Option - Regular Plan,10.7226
2026-09-30,153709,Groww Nifty 50 Index Fund Direct IDCW,9.0795
2026-09-30,153710,Groww Nifty 50 Index Fund Regular Growth,9.0045
2026-09-30,153711,Groww Nifty 50 Index Fund Regular IDCW,9.0046
2026-09-30,153716,SBI Nifty100 Low Volatility 30 Index Fund- Regular Plan- Growth,9.4926
2026-09-30,153717,SBI Nifty100 Low Volatility 30 Index Fund- Regular Plan- Income Cum Distribution Capital Withdrawal Option (IDCW),9.4926
2026-09-30,153718,SBI Nifty100 Low Volatility 30 Index Fund- Direct Plan- Growth,9.5364
2026-09-30,153719,SBI Nifty100 Low Volatility 30 Index Fund-Direct  Plan- Income Cum Distribution Capital Withdrawal Option (IDCW),9.5364
2026-09-30,153720,Bandhan Multi-Factor Fund - Direct Plan - IDCW,9.244
2026-09-30,153721,Bandhan Multi-Factor Fund - Regular Plan - Growth,9.076
2026-09-30,153722,Bandhan Multi-Factor Fund - Direct Plan - Growth,9.244
2026-09-30,153723,Bandhan Multi-Factor Fund - Regular Plan - IDCW,9.076
2026-09-30,153724,Motilal Oswal Nifty Alpha 50 ETF,53.4471
2026-09-30,153725,Nippon India Nifty 1D Rate Liquid ETF-Growth,1057.5070
2026-09-30,153726,Bank of India Mid Cap Fund - Regular Plan Growth,10.24
2026-09-30,153727,Bank of India Mid Cap Fund - Regular Plan IDCW,10.24
2026-09-30,153728,Bank of India Mid Cap Fund - Direct Plan Growth,10.36
2026-09-30,153729,Bank of India Mid Cap Fund - Direct Plan IDCW,10.36
2026-09-30,153730,Franklin India Multi Asset Allocation Fund- IDCW,10.5508
2026-09-30,153731,Franklin India Multi Asset Allocation Fund- Direct-Growth,10.7532
2026-09-30,153732,Franklin India Multi Asset Allocation Fund- Direct- IDCW,10.7532
2026-09-30,153733,Franklin India Multi Asset Allocation Fund- Growth,10.5508
2026-09-30,153734,Aditya Birla Sun Life BSE 500 Momentum 50 Index Fund-Regular IDCW Payout,10.5595
2026-09-30,153735,Aditya Birla Sun Life BSE 500 Momentum 50 Index Fund- Regular Growth,10.5595
2026-09-30,153736,Aditya Birla Sun Life BSE 500 Momentum 50 Index Fund-Direct Growth,10.6491
2026-09-30,153737,Aditya Birla Sun Life BSE 500 Momentum 50 Index Fund-Direct IDCW Payout,10.6501
2026-09-30,153738,CAPITALMIND FLEXI CAP FUND DIRECT GROWTH,10.1573
2026-09-30,153739,CAPITALMIND FLEXI CAP FUND REGULAR GROWTH,9.9924
2026-09-30,153740,Aditya Birla Sun Life BSE 500 Quality 50 Index Fund - Direct Growth,10.2707
2026-09-30,153741,Aditya Birla Sun Life BSE 500 Quality 50 Index Fund - Direct IDCW Payout,10.2707
2026-09-30,153742,Aditya Birla Sun Life BSE 500 Quality 50 Index Fund - Regular Growth,10.1825
2026-09-30,153743,Aditya Birla Sun Life BSE 500 Quality 50 Index Fund - Regular IDCW Payout,10.1825
2026-09-30,153744,Groww BSE Power ETF,10.8314
2026-09-30,153745,Groww BSE Power ETF FOF Direct Growth,11.0176
2026-09-30,153746,Groww BSE Power ETF FOF Direct IDCW,11.0176
2026-09-30,153747,Groww BSE Power ETF FOF Regular IDCW,10.9623
2026-09-30,153748,Groww BSE Power ETF FOF Regular Growth,10.9623
2026-09-30,153749,Motilal Oswal Special Opportunities Fund - Direct - Growth,12.5380
2026-09-30,153750,Motilal Oswal Special Opportunities Fund - Direct- IDCW,12.5380
2026-09-30,153751,Motilal Oswal Special Opportunities Fund-Regular Plan-Growth,12.5227
2026-09-30,153752,Motilal Oswal Special Opportunities Fund-Regular Plan- IDCW,12.5227
2026-09-30,153753,Kotak Active Momentum Fund - Direct Plan - Growth option,10.654
2026-09-30,153754,Kotak Active Momentum Fund - Direct Plan - IDCW - Payout and Reinvestment,10.654
2026-09-30,153755,Kotak Active Momentum Fund - Regular Plan - Growth,10.494
2026-09-30,153756,Kotak Active Momentum Fund - Regular Plan - IDCW - Payout & Reinvestment,10.494
2026-09-30,153757,Zerodha Multi Asset Passive FoF - Direct - Growth,11.0996
2026-09-30,153758,BAJAJ FINSERV EQUITY SAVINGS FUND - DIRECT - GROWTH,10.524
2026-09-30,153769,BAJAJ FINSERV EQUITY SAVINGS FUND - REGULAR - GROWTH,10.398
2026-09-30,153770,BAJAJ FINSERV EQUITY SAVINGS FUND -  DIRECT - IDCW,10.524
2026-09-30,153771,BAJAJ FINSERV EQUITY SAVINGS FUND - REGULAR - IDCW,10.398
2026-09-30,153772,360 ONE Multi Asset Allocation Fund - Regular Plan - Growth,11.9894
2026-09-30,153773,360 ONE Multi Asset Allocation Fund - Direct Plan - IDCW,12.2044
2026-09-30,153774,360 ONE Multi Asset Allocation Fund - Direct Plan - Growth,12.2044
2026-09-30,153775,360 ONE Multi Asset Allocation Fund - Regular Plan - IDCW,11.9894
2026-09-30,153780,Motilal Oswal Gold ETF,145.2657
2026-09-30,153781,Kotak Nifty Alpha 50 Index Fund - Direct Plan - Growth,10.405
2026-09-30,153782,Kotak Nifty Alpha 50 Index Fund - Direct Plan - IDCW - Payout & Reinvestment,10.405
2026-09-30,153783,Kotak Nifty Alpha 50 Index Fund - Regular Plan - IDCW - Payout & Reinvestment,10.337
2026-09-30,153784,Kotak Nifty Alpha 50 Index Fund - Regular Plan - Growth,10.337
2026-09-30,153785,Groww Nifty Next 50 ETF,70.1799
2026-09-30,153786,Groww Nifty Next 50 Index Fund Direct Growth,10.3489
2026-09-30,153787,JioBlackRock Nifty 50 Index Fund - Direct Plan - Growth Option,9.1794
2026-09-30,153788,JioBlackRock Nifty Midcap 150 Index Fund - Direct Plan - Growth Option,10.3072
2026-09-30,153789,JioBlackRock Nifty Next 50 Index Fund - Direct Plan - Growth Option,10.4161
2026-09-30,153790,JioBlackRock Nifty Smallcap 250 Index Fund - Direct Plan - Growth Option,10.5508
2026-09-30,153791,JioBlackRock Nifty 8-13 yr G-Sec Index Fund - Direct Plan - Growth Option,10.2938
2026-09-30,153794,Baroda BNP Paribas Gold ETF Fund of Funds Regular Growth,14.5788
2026-09-30,153795,Baroda BNP Paribas Gold ETF Fund of Funds Direct Growth,14.6275
2026-09-30,153796,SBI Nifty 1D Rate Liquid ETF - Growth,1058.0189
2026-09-30,153797,Groww Nifty Next 50 Index Fund Direct IDCW,10.3489
2026-09-30,153798,Groww Nifty Next 50 Index Fund Regular Growth,10.2704
2026-09-30,153799,Groww Nifty Next 50 Index Fund Regular IDCW,10.2703
2026-09-30,153800,DSP Nifty500 Flexicap Quality 30 Index Fund - Direct - IDCW,9.1182
2026-09-30,153801,DSP Nifty500 Flexicap Quality 30 Index Fund - Direct - Growth,9.1182
2026-09-30,153802,DSP Nifty500 Flexicap Quality 30 Index Fund - Regular - Growth,9.0505
2026-09-30,153803,DSP Nifty500 Flexicap Quality 30 Index Fund - Regular - IDCW,9.0505
2026-09-30,153804,TRUSTMF ARBITRAGE FUND -DIRECT PLAN-GROWTH,10.6955
2026-09-30,153805,TRUSTMF ARBITRAGE FUND -REGULAR PLAN-GROWTH,10.6037
2026-09-30,153806,Nippon India Nifty India Manufacturing Index Fund- Direct Plan- Growth Option,10.7994
2026-09-30,153807,Nippon India Nifty India Manufacturing Index - Direct Plan- IDCW Option,10.7994
2026-09-30,153808,Nippon India Nifty India Manufacturing Index- Regular Plan-IDCW Option,10.7338
2026-09-30,153809,Nippon India Nifty India Manufacturing Index-Regular Plan-Growth Option,10.7338
2026-09-30,153810,Nippon India Nifty India Manufacturing ETF,155.3506
2026-09-30,153811,Zerodha Nifty 8-13 Yr G-Sec ETF,30.0851
2026-09-30,153812,Mirae Asset Gold Silver Passive FoF - Direct Plan - Growth,16.269
2026-09-30,153813,Mirae Asset Gold Silver Passive FoF - Direct Plan - IDCW,16.268
2026-09-30,153814,Mirae Asset Gold Silver Passive FoF - Regular Plan - Growth,16.165
2026-09-30,153815,Mirae Asset Gold Silver Passive FoF - Regular Plan - IDCW,16.161
2026-09-30,153820,Motilal Oswal Silver ETF,216.7496
2026-09-30,153821,Groww Multi Asset Allocation Fund Direct Growth,10.0385
2026-09-30,153822,Union Diversified Equity All Cap Active FOF - Regular Plan - Growth Option,10.5024
2026-09-30,153823,Union Diversified Equity All Cap Active FOF - Regular Plan - IDCW Option,10.5024
2026-09-30,153824,Union Diversified Equity All Cap Active FOF - Direct Plan - Growth Option,10.6065
2026-09-30,153825,Union Diversified Equity All Cap Active FOF - Direct Plan - IDCW Option,10.6065
2026-09-30,153827,ANGEL ONE GOLD ETF FOF- DIRECT GROWTH,13.352
2026-09-30,153828,ANGEL ONE GOLD ETF FOF - REGULAR GROWTH,13.2817
2026-09-30,153829,Axis Nifty500 Quality 50 Index Fund - Direct Plan - Growth Option,9.4937
2026-09-30,153830,Axis Nifty500 Quality 50 Index Fund - Regular Plan - Growth Option,9.4090
2026-09-30,153837,Zerodha Nifty Smallcap 100 ETF,10.9412
2026-09-30,153838,Bandhan BSE India Sector Leaders Index Fund - Direct Plan - Growth,9.1435
2026-09-30,153839,Bandhan BSE India Sector Leaders Index Fund - Regular Plan - Growth,9.0744
2026-09-30,153841,Edelweiss Nifty LargeMidcap 250 ETF - Growth,15.6855
2026-09-30,153844,Baroda BNP Paribas Business Conglomerates Fund Regular Growth Option,9.4520
2026-09-30,153845,Baroda BNP Paribas Business Conglomerates Fund Direct IDCW Payout Option,9.6129
2026-09-30,153846,Baroda BNP Paribas Business Conglomerates Fund Regular IDCW Payout Option,9.4520
2026-09-30,153847,Baroda BNP Paribas Business Conglomerates Fund Direct Growth Option,9.6129
2026-09-30,153850,Groww Multi Asset Allocation Fund Regular IDCW,9.8589
2026-09-30,153851,Groww Multi Asset Allocation Fund Regular Growth,9.8587
2026-09-30,153852,Groww Multi Asset Allocation Fund Direct IDCW,10.0355
2026-09-30,153853,Tata Nifty Next 50 Index Fund - Direct Plan IDCW Reinvestment Option,10.2940
2026-09-30,153854,Tata Nifty Next 50 Index Fund - Direct Plan IDCW Payout Option,10.2940
2026-09-30,153855,Tata Nifty Next 50 Index Fund - Regular Plan Growth Option,10.2060
2026-09-30,153856,Tata Nifty Next 50 Index Fund - Regular Plan IDCW Reinvestment Option,10.2060
2026-09-30,153857,Tata Nifty Next 50 Index Fund - Regular Plan IDCW Payout Option,10.2060
2026-09-30,153858,Tata Nifty Next 50 Index Fund - Direct Plan Growth Option,10.2940
2026-09-30,153859,JioBlackRock Flexi Cap Fund - Direct Plan - Growth Option,9.6032
2026-09-30,153860,HDFC Diversified Equity All Cap Active FOF - Direct Plan - Growth Plan,9.7511
2026-09-30,153861,HDFC Diversified Equity All Cap Active FOF - Regular Plan - Growth Plan,9.6531
2026-09-30,153862,HDFC Diversified Equity All Cap Active FOF - IDCW - Direct Plan,9.7511
2026-09-30,153863,HDFC Diversified Equity All Cap Active FOF - IDCW - Regular Plan,9.6531
2026-09-30,153864,ICICI Prudential Conglomerate Fund - IDCW,9.88
2026-09-30,153865,ICICI Prudential Conglomerate Fund - Growth,9.88
2026-09-30,153866,ICICI Prudential Conglomerate Fund - Direct Plan - IDCW,9.98
2026-09-30,153867,ICICI Prudential Conglomerate Fund - Direct Plan - Growth,9.98
2026-09-30,153868,Samco Small Cap Fund - Direct Plan,12.67
2026-09-30,153869,Samco Small Cap Fund - Regular Plan,12.51
2026-09-30,153870,THE WEALTH COMPANY FLEXI CAP FUND - REGULAR GROWTH,9.4779
2026-09-30,153871,THE WEALTH COMPANY FLEXI CAP FUND - REGULAR IDCW,9.4778
2026-09-30,153872,THE WEALTH COMPANY FLEXI CAP FUND - DIRECT GROWTH,9.6637
2026-09-30,153873,THE WEALTH COMPANY FLEXI CAP FUND - DIRECT IDCW,9.6632
2026-09-30,153874,DSP Nifty500 Flexicap Quality 30 ETF,9.4300
2026-09-30,153875,Kotak CRISIL-IBX Financial Services 9 to 12 Months Debt Index Fund - Direct - Growth,10.643
2026-09-30,153876,Kotak CRISIL-IBX Financial Services 9 to 12 Months Debt Index Fund - Direct - IDCW,10.643
2026-09-30,153877,Kotak CRISIL-IBX Financial Services 9 to 12 Months Debt Index Fund - Regular - Growth,10.6213
2026-09-30,153878,Kotak CRISIL-IBX Financial Services 9 to 12 Months Debt Index Fund - Regular - IDCW,10.6192
2026-09-30,153879,Axis CRISIL-IBX Financial Services 3-6 Months Debt Index Fund - Direct Plan - Growth option,10.6906
2026-09-30,153880,Axis CRISIL-IBX Financial Services 3-6 Months Debt Index Fund - Regular Plan - Growth option,10.6783
2026-09-30,153881,Axis CRISIL-IBX Financial Services 3-6 Months Debt Index Fund - Regular Plan - IDCW option,10.6773
2026-09-30,153882,Axis CRISIL-IBX Financial Services 3-6 Months Debt Index Fund - Direct Plan - IDCW option,10.6906
2026-09-30,153883,THE WEALTH COMPANY LIQUID FUND DIRECT GROWTH,1063.7829
2026-09-30,153884,THE WEALTH COMPANY LIQUID FUND DIRECT MONTHLY IDCW,1002.8192
2026-09-30,153885,THE WEALTH COMPANY LIQUID FUND REGULAR WEEKLY IDCW,1002.3447
2026-09-30,153886,THE WEALTH COMPANY LIQUID FUND REGULAR DAILY IDCW,1002
2026-09-30,153887,THE WEALTH COMPANY LIQUID FUND DIRECT DAILY ICDW,1002.0009
2026-09-30,153888,THE WEALTH COMPANY LIQUID FUND REGULAR GROWTH,1062.1194
2026-09-30,153889,THE WEALTH COMPANY LIQUID FUND DIRECT WEEKLY,1002.3356
2026-09-30,153890,THE WEALTH COMPANY LIQUID FUND REGULAR MONTHLY IDCW,1002.7883
2026-09-30,153891,THE WEALTH COMPANY ARBITRAGE FUND DIRECT GROWTH,10.6133
2026-09-30,153892,THE WEALTH COMPANY ARBITRAGE FUND REGULAR GROWTH,10.5455
2026-09-30,153893,THE WEALTH COMPANY ARBITRAGE FUND DIRECT IDCW,10.6119
2026-09-30,153894,THE WEALTH COMPANY ARITRAGE FUND REGULAR IDCW,10.5451
2026-09-30,153895,THE WEALTH COMPANY ETHICAL FUND DIRECT GROWTH,9.4591
2026-09-30,153896,THE WEALTH COMPANY ETHICAL FUND REGULAR IDCW,9.3203
2026-09-30,153897,THE WEALTH COMPANY ETHICAL FUND REGULAR GROWTH,9.3208
2026-09-30,153898,THE WEALTH COMPANY ETHICAL FUND DIRECT IDCW,9.4597
2026-09-30,153899,Groww Nifty Realty ETF,9.5033
2026-09-30,153900,Invesco India Consumption Fund - Direct Plan - Growth,10.9
2026-09-30,153901,Invesco India Consumption Fund - Direct Plan - IDCW,10.9
2026-09-30,153902,Invesco India Consumption Fund - Regular Plan - Growth Plan,10.74
2026-09-30,153903,Invesco India Consumption Fund - Regular Plan - IDCW Plan,10.74
2026-09-30,153904,Kotak Nifty 200 Momentum 30 ETF,29.526
2026-09-30,153905,Zerodha Nifty 50 ETF,9.0953
2026-09-30,153906,Zerodha Nifty 50 Index Fund - Direct Plan - Growth,9.0598
2026-09-30,153907,Groww Nifty Capital Markets ETF,10.7487
2026-09-30,153908,Groww Nifty Capital Markets ETF FOF Direct Growth,10.8873
2026-09-30,153909,Helios Small Cap Fund - Regular Plan - Growth Option,11.32
2026-09-30,153910,Helios Small Cap Fund - Direct Plan - IDCW Option,11.47
2026-09-30,153911,Helios Small Cap Fund - Regular Plan - IDCW Option,11.32
2026-09-30,153912,Helios Small Cap Fund - Direct Plan - Growth Option,11.47
2026-09-30,153913,Motilal Oswal Consumption Fund-Direct-Growth,11.2412
2026-09-30,153914,Motilal Oswal Consumption Fund-Direct-IDCW,11.2412
2026-09-30,153915,Motilal Oswal Consumption Fund-Regular-IDCW,11.0676
2026-09-30,153916,Motilal Oswal Consumption Fund-Regular-Growth,11.0676
2026-09-30,153917,Groww Nifty Capital Markets ETF FOF Direct IDCW,10.8873
2026-09-30,153918,Groww Nifty Capital Markets ETF FOF Regular Growth,10.8451
2026-09-30,153919,Groww Nifty Capital Markets ETF FOF Regular IDCW,10.8452
2026-09-30,153920,Edelweiss Nifty 1D Rate Liquid ETF - Growth,1049.84
2026-09-30,153921,Kotak Gold Silver Passive FOF - Direct Plan - Growth,14.638
2026-09-30,153922,Kotak Gold Silver Passive FOF - Regular Plan - Growth,14.596
2026-09-30,153923,Groww Nifty Smallcap250 ETF,10.2966
2026-09-30,153928,Motilal Oswal Nifty 100 ETF,23.8954
2026-09-30,153929,Bandhan Silver ETF,219.9520
2026-09-30,153930,Bandhan Gold ETF,146.7465
2026-09-30,153931,Motilal Oswal Nifty Energy ETF,36.8578
2026-09-30,153932,Zerodha BSE SENSEX Index Fund,8.7465
2026-09-30,153933,Choice Gold ETF,145.8263
2026-09-30,153934,Kotak Nifty Chemicals ETF,28.463
2026-09-30,153935,Bajaj Finserv Banking and Financial Services Fund - Regular - Growth,9.325
2026-09-30,153936,Bajaj Finserv Banking and Financial Services Fund - Regular - IDCW,9.325
2026-09-30,153937,Bajaj Finserv Banking and Financial Services Fund - Direct - Growth,9.454
2026-09-30,153938,Bajaj Finserv Banking and Financial Services Fund - Direct - IDCW,9.454
2026-09-30,153939,Groww Nifty Midcap 150 Index Fund Direct Growth,9.7869
2026-09-30,153940,Groww Nifty Midcap 150 ETF,219.0578
2026-09-30,153941,Franklin India Multi-Factor Fund- IDCW,8.9153
2026-09-30,153942,Franklin India Multi-Factor Fund- Direct- Growth,9.0362
2026-09-30,153943,Franklin India Multi-Factor Fund- Growth,8.9153
2026-09-30,153944,Franklin India Multi-Factor Fund- Direct- IDCW,9.0362
2026-09-30,153945,Mirae Asset Nifty Energy ETF,36.9365
2026-09-30,153946,Mirae Asset Nifty Smallcap 250 ETF,17.8482
2026-09-30,153947,Edelweiss BSE Sensex ETF - Growth,73.0302
2026-09-30,153948,LIC MF Consumption Fund-Direct Plan-Growth,9.397
2026-09-30,153949,LIC MF Consumption Fund-Direct Plan-IDCW,9.397
2026-09-30,153950,LIC MF Consumption Fund-Regular Plan-Growth,9.2732
2026-09-30,153951,LIC MF Consumption Fund-Regular Plan-IDCW,9.2732
2026-09-30,153952,Groww Nifty Midcap 150 Index fund Direct IDCW,9.7869
2026-09-30,153953,Groww Nifty Midcap 150 Index Fund Regular Growth,9.7313
2026-09-30,153954,Groww Nifty Midcap 150 Index Fund Regular IDCW,9.7313
2026-09-30,153955,ANGEL ONE NIFTY TOTAL MARKET MOMENTUM QUALITY 50 INDEX FUND - REGULAR GROWTH,9.8592
2026-09-30,153956,ANGEL ONE NIFTY TOTAL MARKET MOMENTUM QUALITY 50 INDEX FUND - DIRECT GROWTH,9.9182
2026-09-30,153957,ANGEL ONE NIFTY TOTAL MARKET MOMENTUM QUALITY 50 ETF,9.9256
2026-09-30,153958,HDFC BSE India Sector Leaders Index Fund - Regular Plan - Growth Option,8.9302
2026-09-30,153959,HDFC BSE India Sector Leaders India Fund - Direct Plan - Growth Option,8.9685
2026-09-30,153966,Edelweiss Nifty 50 ETF - Growth,22.8194
2026-09-30,153967,Kotak Rural Opportunities Fund - Direct Plan - IDCW Divdend - Payouout & Reinvestment,9.267
2026-09-30,153968,Kotak Rural Opportunities Fund - Regular Plan - IDCW Dividend - Payout & Reinvestment,9.147
2026-09-30,153969,Kotak Rural Opportunities Fund - Regular Plan - Growth,9.147
2026-09-30,153970,Kotak Rural Opportunities Fund - Direct Plan - Growth,9.269
2026-09-30,153971,Bandhan Healthcare Fund - Direct Plan - IDCW,11.119
2026-09-30,153972,Bandhan Healthcare Fund - Direct Plan - Growth,11.119
2026-09-30,153973,Bandhan Healthcare Fund - Regular Plan - IDCW,10.969
2026-09-30,153974,Bandhan Healthcare Fund - Regular Plan - Growth,10.969
2026-09-30,153975,DSP MSCI INDIA ETF,27.8656
2026-09-30,153977,Old Bridge Arbitrage Fund Regular Growth,10.4824
2026-09-30,153979,Old Bridge Arbitrage Fund Direct Growth,10.5621
2026-09-30,153980,Old Bridge Arbitrage Fund Regular IDCW,10.4824
2026-09-30,153981,Old Bridge Arbitrage Fund - Direct - IDCW,10.5621
2026-09-30,153982,Groww Money Market Fund Direct Growth,10.5129
2026-09-30,153983,Mirae Asset Infrastructure Fund - Direct Plan - Growth,11.231
2026-09-30,153984,Mirae Asset Infrastructure Fund - Direct Plan - IDCW,11.230
2026-09-30,153985,Mirae Asset Infrastructure Fund - Regular Plan - Growth,11.079
2026-09-30,153986,Mirae Asset Infrastructure Fund - Regular Plan - IDCW,11.082
2026-09-30,153987,PGIM India Multi Asset Allocation Fund - Direct Plan - Growth Option,10.36
2026-09-30,153988,PGIM India Multi Asset Allocation Fund - Regular Plan - Growth Option,10.21
2026-09-30,153989,PGIM India Multi Asset Allocation Fund - Regular Plan - IDCW Option,10.21
2026-09-30,153990,PGIM India Multi Asset Allocation Fund - Direct Plan - IDCW Option,10.36
2026-09-30,153991,Groww Money Market Fund Direct IDCW,10.5128
2026-09-30,153992,Groww Money Market Fund Regular Growth,10.4597
2026-09-30,153993,Groww Money Market Fund Regular IDCW,10.4599
2026-09-30,153999,The Wealth Company Multi Asset Allocation Fund - Direct Growth,10.7434
2026-09-30,154000,The Wealth Company Multi Asset Allocation Fund - Direct IDCW,10.7418
2026-09-30,154001,The Wealth Company Multi Asset Allocation Fund - Regular IDCW,10.5946
2026-09-30,154002,The Wealth Company Multi Asset Allocation Fund - Regular Growth,10.6033
2026-09-30,154003,Motilal Oswal BSE Select IPO ETF,46.2053
2026-09-30,154005,Mahindra Manulife Income Plus Arbitrage Active FOF - Regular - IDCW,10.4303
2026-09-30,154006,Mahindra Manulife Income Plus Arbitrage Active FOF - Regular - Growth,10.4303
2026-09-30,154007,Mahindra Manulife Income Plus Arbitrage Active FOF  - Direct - Growth,10.4738
2026-09-30,154008,Mahindra Manulife Income Plus Arbitrage Active FOF - Direct - IDCW,10.4738
2026-09-30,154010,Capitalmind Liquid Fund - Regular-Growth,1054.3413
2026-09-30,154011,Capitalmind Liquid Fund - Direct-Growth,1056.1197
2026-09-30,154012,DSP Nifty Midcap 150 Index Fund - Regular - Growth,9.9302
2026-09-30,154013,DSP Nifty Midcap 150 Index Fund - Regular - IDCW,9.9302
2026-09-30,154014,DSP Nifty Midcap 150 Index Fund - Direct - Growth,9.9881
2026-09-30,154015,DSP Nifty Midcap 150 Index Fund - Direct - IDCW,9.9881
2026-09-30,154016,DSP Nifty Smallcap 250 Index Fund - Regular - Growth,10.8700
2026-09-30,154017,DSP Nifty Smallcap 250 Index Fund - Regular - IDCW,10.8700
2026-09-30,154018,DSP Nifty Smallcap 250 Index Fund - Direct - Growth,10.9317
2026-09-30,154019,DSP Nifty Smallcap 250 Index Fund - Direct - IDCW,10.9317
2026-09-30,154020,Union Consumption Fund - Direct Plan - Growth Option,9.52
2026-09-30,154021,Union Consumption Fund - Direct Plan - IDCW Option,9.52
2026-09-30,154022,Union Consumption Fund - Regular Plan - Growth Option,9.42
2026-09-30,154023,Union Consumption Fund - Regular Plan - IDCW Option,9.42
2026-09-30,154024,DSP Nifty Smallcap 250 ETF,17.9135
2026-09-30,154025,DSP Nifty Midcap 150 ETF,21.9008
2026-09-30,154026,Navi Nifty Midsmall 400 Index Fund - Regular - Growth,10.274
2026-09-30,154027,Navi Nifty midsmallcap 400 Index Fund- Direct - Growth,10.3451
2026-09-30,154029,Kotak Nifty500 Momentum 50 Index Fund - Direct Plan - IDCW - Payout & Investment,9.986
2026-09-30,154030,Kotak Nifty500 Momentum 50 Index Fund - Regular Plan - Growth,9.96
2026-09-30,154031,Kotak Nifty500 Momentum 50 Index Fund - Regular Plan - IDCW - Payout & Reinvestment,9.96
2026-09-30,154032,Kotak Nifty500 Momentum 50 Index Fund - Direct Plan - Growth,9.986
2026-09-30,154033,Motilal Oswal Nifty Services Sector ETF,29.1576
2026-09-30,154034,Groww Nifty Metal ETF,12.1909
2026-09-30,154041,Abakkus Flexi Cap Fund - Regular - Growth,10.7560
2026-09-30,154042,Abakkus Flexi Cap Fund - Regular - IDCW,10.7560
2026-09-30,154043,Abakkus Flexi Cap Fund - Direct - Growth,10.8700
2026-09-30,154045,Abakkus Flexi Cap Fund - Direct - IDCW,10.8750
2026-09-30,154047,Abakkus Liquid Fund - Regular Plan - Growth,104.6884
2026-09-30,154048,Abakkus Liquid Fund - Regular Plan - Monthly IDCW Reinvestment,100.2583
2026-09-30,154049,Abakkus Liquid Fund - Direct Plan - Daily IDCW Reinvestment,100.0881
2026-09-30,154050,Abakkus Liquid Fund - Direct Plan - Weekly IDCW Reinvestment,100.0945
2026-09-30,154051,Abakkus Liquid Fund - Direct Plan - Growth,104.7559
2026-09-30,154052,Abakkus Liquid Fund - Direct Plan - Quarterly IDCW Reinvestment,101.5495
2026-09-30,154053,Abakkus Liquid Fund - Regular Plan - Daily IDCW Reinvestment,100.0881
2026-09-30,154054,Abakkus Liquid Fund - Regular Plan - Quarterly IDCW Reinvestment,101.4849
2026-09-30,154055,Abakkus Liquid Fund - Direct Plan - Monthly IDCW Reinvestment,100.2612
2026-09-30,154056,Abakkus Liquid Fund - Regular Plan - Weekly IDCW Reinvestment,100.0940
2026-09-30,154060,Mirae Asset Nifty Top 20 Equal Weight ETF,8.3670
2026-09-30,154061,Mirae Asset BSE 500 Dividend Leaders 50 ETF,34.0089
2026-09-30,154062,Motilal Oswal Nifty MNC ETF,30.2970
2026-09-30,154063,Groww Small Cap Fund-Direct-Growth,12.9511
2026-09-30,154064,Tata BSE Multicap Consumption 50:30:20 Index Fund - Regular Plan Growth Option,9.2469
2026-09-30,154065,Tata BSE Multicap Consumption 50:30:20 Index Fund - Regular Plan IDCW Payout Option,9.2469
2026-09-30,154066,Tata BSE Multicap Consumption 50:30:20 Index Fund - Direct Plan Growth Option,9.3027
2026-09-30,154067,Tata BSE Multicap Consumption 50:30:20 Index Fund - Regular Plan IDCW Reinvestment Option,9.2469
2026-09-30,154068,Tata BSE Multicap Consumption 50:30:20 Index Fund - Direct Plan IDCW Reinvestment Option,9.3027
2026-09-30,154069,Tata BSE Multicap Consumption 50:30:20 Index Fund - Direct Plan IDCW Payout Option,9.3027
2026-09-30,154070,JioBlackRock Overnight Fund - Unclaimed Redemption - Upto 3 years - Growth Option,1043.1393
2026-09-30,154072,Edelweiss Silver ETF Fund of Fund - Direct Plan Growth Option,9.5684
2026-09-30,154075,Edelweiss Silver ETF Fund of Fund - Regular Plan Growth Option,9.5364
2026-09-30,154076,JioBlackRock Arbitrage Fund - Direct Plan - Growth Option,10.5388
2026-09-30,154077,Axis Gold and Silver Passive FOF - Regular Plan - Growth,10.5436
2026-09-30,154078,Axis Gold and Silver Passive FOF - Direct Plan - Growth,10.5774
2026-09-30,154079,JioBlackRock Short Term Fund - Direct Plan - Growth Option,1039.3967
2026-09-30,154081,JioBlackRock Ultra Short to Short Term Fund- Direct Plan - Growth Option,1043.6102
2026-09-30,154082,JioBlackRock Sector Rotation Fund - Direct Plan - Growth Option,9.5030
2026-09-30,154083,quant Overnight Fund - Unclaimed IDCW Greater than 3 years,10
2026-09-30,154084,quant Overnight Fund - Unclaimed Redemption Less than 3 years,10.3894
2026-09-30,154085,quant Overnight Fund - Unclaimed Redemption Greater than 3 years,10
2026-09-30,154086,quant Overnight Fund - Unclaimed IDCW Less than 3 years,10.3939
2026-09-30,154087,DSP Nifty Next 50 ETF,70.2203
2026-09-30,154088,DSP Nifty 500 Index Fund - Direct - Growth,9.2200
2026-09-30,154089,DSP Nifty 500 Index Fund - Direct - IDCW,9.2200
2026-09-30,154090,DSP Nifty 500 Index Fund - Regular - Growth,9.1700
2026-09-30,154091,DSP Nifty 500 Index Fund - Regular - IDCW,9.1700
2026-09-30,154092,The Wealth Company Gold ETF,146.1854
2026-09-30,154093,Bank of India Banking & Financial Services Fund - Direct Plan - Growth,9.21
2026-09-30,154094,Bank of India Banking & Financial Services Fund - Direct Plan - IDCW,9.21
2026-09-30,154095,Bank of India Banking & Financial Services Fund - Regular Plan - Growth,9.14
2026-09-30,154096,Bank of India Banking & Financial Services Fund - Regular Plan - IDCW,9.14
2026-09-30,154097,Kotak Dividend Yield Fund - Direct - Growth,9.222
2026-09-30,154098,Kotak Dividend Yield Fund - Regular IDCW,9.131
2026-09-30,154099,Kotak Dividend Yield Fund - Regular -Growth,9.131
2026-09-30,154100,Kotak Dividend Yield Fund - Direct - IDCW,9.222
2026-09-30,154101,Kotak Nifty Next 50 ETF,70.314
2026-09-30,154102,Groww Small Cap Fund-Regular-Growth,12.7972
2026-09-30,154103,Groww Small Cap Fund-Regular-IDCW,12.7974
2026-09-30,154104,Groww Small Cap Fund - Direct-IDCW,12.951
2026-09-30,154105,Edelweiss Financial Services Fund - Direct Plan - IDCW Option,9.0223
2026-09-30,154106,Edelweiss Financial Services Fund - Regular Plan - IDCW Option,8.9345
2026-09-30,154107,Edelweiss Financial Services Fund - Regular Plan - Growth Option,8.9345
2026-09-30,154108,Edelweiss Financial Services Fund - Direct Plan - Growth Option,9.0223
2026-09-30,154109,Zerodha Nifty Short Duration G-Sec Index Fund - Direct Plan - Growth Option,1026.2097
2026-09-30,154111,Groww Nifty Chemicals ETF,28.4018
2026-09-30,154112,Motilal Oswal Diversified Equity Flexicap Passive Fund of Funds- Direct - Growth,10.3051
2026-09-30,154113,Motilal Oswal Diversified Equity Flexicap Passive Fund of funds- Regular Growth,10.2643
2026-09-30,154114,Samco Mid Cap Fund - Direct Plan,9.67
2026-09-30,154115,Samco Mid Cap Fund - Regular Plan,9.58
2026-09-30,154119,Mahindra Manulife Innovation Opportunities Fund - Regular - IDCW,10.4983
2026-09-30,154120,Mahindra Manulife Innovation Opportunities Fund - Regular - Growth,10.4983
2026-09-30,154121,Mahindra Manulife Innovation Opportunities Fund - Direct - Growth,10.6220
2026-09-30,154122,Mahindra Manulife Innovation Opportunities Fund - Direct - IDCW,10.6220
2026-09-30,154129,Bandhan Gold ETF FOF-Direct-Growth,9.6353
2026-09-30,154130,Bandhan Gold ETF FOF-Regular-Growth,9.6039
2026-09-30,154131,THE WEALTH COMPANY GOLD ETF FOF DIRECT GROWTH,9.3521
2026-09-30,154132,THE WEALTH COMPANY GOLD ETF FOF DIRECT IDCW,9.352
2026-09-30,154133,THE WEALTH COMPANY GOLD ETF FOF REGULAR GROWTH,9.3249
2026-09-30,154134,THE WEALTH COMPANY GOLD ETF FOF REGULAR IDCW,9.3246
2026-09-30,154135,Bandhan Silver ETF FOF-Regular-Growth,7.1655
2026-09-30,154136,Bandhan Silver ETF FOF-Direct-Growth,7.1890
2026-09-30,154137,Motilal Oswal Financial Services Fund- Regular-Growth,10.1217
2026-09-30,154139,Motilal Oswal Financial Services Fund- Regular-IDCW-,10.1217
2026-09-30,154140,Motilal Oswal Financial Services Fund- Direct- IDCW,10.2172
2026-09-30,154142,Motilal Oswal Financial Services Fund- Direct Growth,10.2172
2026-09-30,154143,Shriram Money Market Fund - Regular Plan Growth Option,1043.3088
2026-09-30,154144,Shriram Money Market Fund - Direct Plan Growth Option,1044.959
2026-09-30,154145,Kotak Nifty200 Value 30 Index Fund - Direct - Growth,9.15
2026-09-30,154146,Kotak Nifty200 Value 30 Index Fund - Direct - IDCW,9.15
2026-09-30,154147,Kotak Nifty200 Value 30 Index Fund - Regular - IDCW,9.132
2026-09-30,154148,Kotak Nifty200 Value 30 Index Fund - Regular - Growth,9.132
2026-09-30,154149,Kotak Services Fund - Direct - Growth,10.068
2026-09-30,154150,Kotak Services Fund - Direct - IDCW,10.067
2026-09-30,154151,Kotak Services Fund - Regular - Growth,9.984
2026-09-30,154152,Kotak Services Fund - Regular - IDCW,9.984
2026-09-30,154153,Parag Parikh Large Cap Fund - Regular Plan - IDCW,9.0857
2026-09-30,154154,Parag Parikh Large Cap Fund - Regular Plan - Growth,9.0857
2026-09-30,154155,Parag Parikh Large Cap Fund - Direct Plan - Growth,9.1090
2026-09-30,154156,Parag Parikh Large Cap Fund - Direct Plan - IDCW,9.1090
2026-09-30,154157,ITI Business Cycle Fund- Direct Plan- Growth,10.5769
2026-09-30,154158,ITI Business Cycle Fund- Direct Plan-IDCW,10.5769
2026-09-30,154159,ITI Business Cycle Fund- Regular Plan- Growth,10.4709
2026-09-30,154160,ITI Business Cycle Fund- Regular Plan- IDCW,10.4709
2026-09-30,154161,WhiteOak Capital Consumption Opportunities Fund Direct Plan Growth,10.021
2026-09-30,154162,WhiteOak Capital Consumption Opportunities Fund Regular Plan Growth,9.917
2026-09-30,154163,Groww Nifty PSE ETF,94.377
2026-09-30,154164,Groww Nifty PSE ETF FOF Direct Growth,9.0487
2026-09-30,154169,Mirae Asset Nifty 500 Healthcare ETF,21.1405
2026-09-30,154170,Axis BSE India Sectors Leaders Index Fund- Regular Plan- Growth Option,9.0188
2026-09-30,154171,Axis BSE India Sectors Leaders Index Fund- Direct Plan- Growth Option,9.0672
2026-09-30,154172,Groww Nifty PSE ETF FOF Direct IDCW,9.0487
2026-09-30,154173,Groww Nifty PSE ETF FOF Regular Growth,9.0322
2026-09-30,154174,Groww Nifty PSE ETF FOF Regular IDCW,9.0322
2026-09-30,154179,HDFC Nifty India Consumption Index Fund - Direct Growth Plan,9.3327
2026-09-30,154180,HDFC Nifty India Consumption Index  Fund - Regular Growth Plan,9.3067
2026-09-30,154181,Mirae Asset Nifty India Infrastructure & Logistics ETF,11.5095
2026-09-30,154182,Mirae Asset BSE India Defence ETF,77.3488
2026-09-30,154183,The Wealth Company Balanced Advantage Fund - Regular Growth,9.6567
2026-09-30,154184,The Wealth Company Balanced Advantage Fund - Regular IDCW,9.6555
2026-09-30,154185,The Wealth Company Balanced Advantage Fund - Direct Growth,9.7783
2026-09-30,154186,The Wealth Company Balanced Advantage Fund - Direct IDCW,9.7775
2026-09-30,154187,Mirae Asset BSE India Defence ETF FOF - Direct Plan - Growth,11.469
2026-09-30,154188,Mirae Asset BSE India Defence ETF FOF - Direct Plan - IDCW,11.466
2026-09-30,154189,Mirae Asset BSE India Defence ETF FOF - Regular Plan - Growth,11.428
2026-09-30,154190,Mirae Asset BSE India Defence ETF FOF - Regular Plan - IDCW,11.428
2026-09-30,154191,Baroda BNP Paribas Best-in-Class Strategy Fund - Regular - IDCW Payout Option,9.8085
2026-09-30,154193,Baroda BNP Paribas Best-in-Class Strategy Fund - Direct - IDCW Payout Option,9.9033
2026-09-30,154194,Baroda BNP Paribas Best-in-Class Strategy Fund - Regular - Growth Option,9.8085
2026-09-30,154195,Baroda BNP Paribas Best-in-Class Strategy Fund - Direct - Growth Option,9.9033
2026-09-30,154197,UTI Nifty500 Shariah Index Fund - Direct Plan Growth Option,9.6017
2026-09-30,154198,UTI Nifty500 Shariah Index Fund - Regular Plan Growth Option,9.576
2026-09-30,154199,Groww BSE Hospitals ETF,47.7286
2026-09-30,154200,Groww BSE Hospitals ETF FOF Direct Growth,10.0249
2026-09-30,154201,Bajaj Finserv Ultra Short to Short Term Fund - Regular - IDCW,1033.4983
2026-09-30,154202,Bajaj Finserv Ultra Short to Short Term Fund - Direct - IDCW,1038.4292
2026-09-30,154203,Bajaj Finserv Ultra Short to Short Term Fund - Regular - Growth,1033.4983
2026-09-30,154204,Bajaj Finserv Ultra Short to Short Term Fund - Direct - Growth,1038.4292
2026-09-30,154206,ANGEL ONE SILVER ETF FOF -DIRECT GROWTH,7.5842
2026-09-30,154207,ANGEL ONE SILVER ETF FOF -REGULAR GROWTH,7.5621
2026-09-30,154208,Edelweiss Gold ETF Fund of Fund Direct Plan Growth Option,9.1189
2026-09-30,154209,Edelweiss Gold ETF Fund of Fund Regular Plan Growth Option,9.0935
2026-09-30,154210,TRUSTMF MID CAP FUND -DIRECT -GROWTH,11.78
2026-09-30,154211,TRUSTMF MID CAP FUND -REGULAR-GROWTH,11.66
2026-09-30,154214,Abakkus Small Cap Fund - Regular  Plan - Growth,12.2650
2026-09-30,154215,Abakkus Small Cap Fund - Direct Plan - Growth,12.3550
2026-09-30,154216,Mirae Asset Nifty Metal ETF FOF - Direct Plan - Growth,10.310
2026-09-30,154217,Mirae Asset Nifty Metal ETF FOF - Direct Plan - IDCW,10.369
2026-09-30,154218,Mirae Asset Nifty Metal ETF FOF - Regular Plan - Growth,10.274
2026-09-30,154219,Mirae Asset Nifty Metal ETF FOF - Regular Plan - IDCW,10.274
2026-09-30,154220,Aditya Birla Sun Life MSCI India ETF,27.8495
2026-09-30,154221,Groww BSE Hospitals ETF FOF Direct IDCW,10.0252
2026-09-30,154222,Groww BSE Hospitals ETF FOF Regular IDCW,10.0028
2026-09-30,154223,Groww BSE Hospitals ETF FOF Regular Growth,10.0028
2026-09-30,154224,Aditya Birla Sun Life BSE Top 10 Banks ETF,161.9415
2026-09-30,154225,Old Bridge Flexi Cap Fund Direct Growth,11.00
2026-09-30,154226,Old Bridge Flexi Cap Fund Regular Growth,10.90
2026-09-30,154227,Old Bridge Flexi Cap Fund Regular IDCW,10.90
2026-09-30,154228,Old Bridge Flexi Cap Fund Direct IDCW,11.00
2026-09-30,154233,Capitalmind Arbitrage Fund-regular-Growth,10.2792
2026-09-30,154234,Capitalmind Arbitrage Fund-Direct-IDCW,10.3234
2026-09-30,154235,Capitalmind Arbitrage Fund-Regular-IDCW,10.2794
2026-09-30,154236,Capitalmind Arbitrage Fund-Direct-Growth,10.3233
2026-09-30,154237,SBI Nifty Midcap 150 Momentum 50 ETF,60.7742
2026-09-30,154238,Motilal Oswal Multi Factor Passive Fund of Funds - Regular,9.8413
2026-09-30,154239,Motilal Oswal Multi Factor Passive Fund of Funds - Direct,9.8740
2026-09-30,154244,LIC MF Technology Fund-Direct Plan-Growth,10.7765
2026-09-30,154245,LIC MF Technology Fund-Direct Plan-IDCW,10.7761
2026-09-30,154246,LIC MF Technology Fund-Regular Plan-IDCW,10.6786
2026-09-30,154247,LIC MF Technology Fund-Regular Plan-Growth,10.6786
2026-09-30,154248,Canara Robeco Banking and Financials Services Fund - Regular Plan - Growth,10.3700
2026-09-30,154249,Canara Robeco Banking and Financials Services Fund - Regular Plan - IDCW,10.3700
2026-09-30,154250,Canara Robeco Banking and Financials Services Fund - Direct Plan - Growth,10.4600
2026-09-30,154251,Canara Robeco Banking and Financials Services Fund - Direct Plan - IDCW,10.4600
2026-09-30,154252,Nippon India CRISIL-IBX Financial Services 9-12 Months Debt Index Fund -Direct Plan - Growth Option,10.3913
2026-09-30,154253,Nippon India CRISIL-IBX Financial Services 9-12 Months Debt Index Fund -Direct Plan-IDCW Option,10.3913
2026-09-30,154254,Nippon India CRISIL-IBX Financial Services 9-12 Months Debt Index Fund -Regular Plan - IDCW Option,10.3804
2026-09-30,154255,Nippon India CRISIL-IBX Financial Services 9-12 Months Debt Index Fund -Regular Plan - Growth Option,10.3804
2026-09-30,154256,DSP BSE Top 10 Banks ETF,16.2021
2026-09-30,154257,Helios Arbitrage Fund - Direct Growth,10.30
2026-09-30,154258,Helios Arbitrage Fund - Regular Growth,10.25
2026-09-30,154259,Helios Arbitrage Fund - Direct IDCW,10.30
2026-09-30,154260,Helios Arbitrage Fund - Regular IDCW,10.25
2026-09-30,154261,HDFC INCOME PLUS ARBITRAGE OMNI FOF - GROWTH OPTION -REGULAR PLAN,10.3921
2026-09-30,154262,HDFC INCOME PLUS ARBITRAGE OMNI FOF - GROWTH OPTION - DIRECT PLAN,10.4112
2026-09-30,154263,HDFC INCOME PLUS ARBITRAGE OMNI FOF - IDCW OPTION - DIRECT PLAN,10.4112
2026-09-30,154264,HDFC INCOME PLUS ARBITRAGE OMNI FOF - IDCW OPTION - REGULAR PLAN,10.3921
2026-09-30,154265,ICICI Prudential Diversified Equity All Cap Active FOF - Growth,10.3553
2026-09-30,154266,ICICI Prudential Diversified Equity All Cap Active FOF - Direct Plan - Growth,10.4147
2026-09-30,154267,The Wealth Company Small Cap Fund- Regular-IDCW,11.5994
2026-09-30,154268,The Wealth Company Small Cap Fund- Regular-Growth,11.6001
2026-09-30,154269,The Wealth Company Small Cap Fund- Direct-Growth,11.7143
2026-09-30,154270,The Wealth Company Small Cap Fund- Direct-IDCW,11.7158
2026-09-30,154271,Nippon India CRISIL-IBX Financial Services 3-6 Months Debt Index Fund- Direct Plan- Growth Option,10.4187
2026-09-30,154272,Nippon India CRISIL-IBX Financial Services 3-6 Months Debt Index Fund- Direct Plan-IDCW Option,10.4187
2026-09-30,154273,Nippon India CRISIL-IBX Financial Services 3-6 Months Debt Index Fund- Regular Plan- IDCW Option,10.4084
2026-09-30,154274,Nippon India CRISIL-IBX Financial Services 3-6 Months Debt Index Fund- Regular Plan- Growth Option,10.4084
2026-09-30,154275,Kotak Multi Factor Passive FOF - Direct- Growth,10.392
2026-09-30,154276,Kotak Multi Factor Passive FOF - Regular- Growth,10.38
2026-09-30,154277,Groww Nifty PSU Bank ETF,80.3855
2026-09-30,154278,Groww Nifty PSU Bank Index Fund Direct Growth,9.5148
2026-09-30,154279,Mirae Asset Silver ETF FOF - Direct Plan - Growth,9.798
2026-09-30,154280,Mirae Asset Silver ETF FOF - Direct Plan - IDCW,9.798
2026-09-30,154281,Mirae Asset Silver ETF FOF - Regular Plan - Growth,9.768
2026-09-30,154282,Mirae Asset Silver ETF FOF - Regular Plan - IDCW,9.768
2026-09-30,154283,Groww Nifty PSU Bank Index Fund Direct IDCW,9.5136
2026-09-30,154284,Groww Nifty PSU Bank Index Fund Regular Growth,9.4883
2026-09-30,154285,Groww Nifty PSU Bank Index Fund Regular IDCW,9.4883
2026-09-30,154294,HSBC Gold ETF,127.8207
2026-09-30,154299,Mirae Asset Nifty 500 Value 50 ETF,15.3547
2026-09-30,154301,Choice Nifty 50 Index Fund - Direct Plan Growth,9.7909
2026-09-30,154302,Choice Nifty 50 Index Fund - Regular Plan Growth,9.7769
2026-09-30,154303,Choice Nifty Next 50 Index Fund - Regular Plan Growth,10.8277
2026-09-30,154304,Choice Nifty Next 50 Index Fund - Direct Plan Growth,10.8487
2026-09-30,154305,SBI Nifty Midcap 150 ETF,21.9231
2026-09-30,154306,Zerodha Nifty MidSmallcap400 50:50 Index Fund - Direct Plan - Growth Option,10.9287
2026-09-30,154307,JioBlackRock Large Cap Fund - Direct Plan - Growth Option,9.4415
2026-09-30,154308,HDFC CRISIL-IBX Financial Services 9-12 Months Debt Index Fund - Direct Growth Plan,10.3901
2026-09-30,154309,HDFC CRISIL-IBX Financial Services 9-12 Months Debt Index Fund - Regular Growth Plan,10.3793
2026-09-30,154310,Edelweiss Nifty LargeMidcap 250 Plus 8-13 yr G-Sec 70-30 Index Fund Direct Plan Growth,10.3922
2026-09-30,154311,Edelweiss Nifty LargeMidcap250 Plus 8-13 yr G-Sec 70-30 Index Fund Direct Plan Monthly IDCW,10.3921
2026-09-30,154312,Edelweiss Nifty LargeMidcap 250 Plus 8-13 yr G-Sec 70-30 Index Fund Regular Plan Growth,10.3572
2026-09-30,154313,Edelweiss Nifty LargeMidcap250 Plus 8-13 yr G-Sec 70-30 Index Fund Regular Plan Monthly IDCW,10.3572
2026-09-30,154314,Edelweiss Nifty LargeMidcap250 Plus 8-13 yr G-Sec 70-30 Index Fund - Direct Plan - Quarterly IDCW,10.3923
2026-09-30,154315,Edelweiss Nifty LargeMidcap250 Plus 8-13 yr G-Sec 70-30 Index Fund - Regular Plan - Quarterly IDCW,10.3572
2026-09-30,154320,Groww Arbitrage Fund Direct Growth,10.2506
2026-09-30,154321,Zerodha Nifty LargeMidcap250 Plus 8-13 Yr G-Sec 70:30 Index Fund - Direct Plan - Growth Option,9.7997
2026-09-30,154322,Motilal Oswal BSE Top 10 Banks ETF,16.2069
2026-09-30,154323,Groww Arbitrage Fund Direct IDCW,10.2506
2026-09-30,154324,Groww Arbitrage Fund Regular IDCW,10.2188
2026-09-30,154325,Groww Arbitrage Fund Regular Growth,10.2188
2026-09-30,154326,Axis Nifty India Defence Index Fund - Direct Plan - Growth,10.2903
2026-09-30,154327,Axis Nifty India Defence Index Fund - Regular Plan - Growth,10.2552
2026-09-30,154328,SBI CRISIL - IBX Financial Services 9-12 Months Debt Index Fund - Regular Plan - Growth,10.2733
2026-09-30,154329,SBI CRISIL - IBX Financial Services 3-6 Months Debt Index Fund - Regular Plan - Growth,10.3007
2026-09-30,154330,SBI CRISIL - IBX Financial Services 3-6 Months Debt Index Fund - Regular Plan - IDCW,10.3009
2026-09-30,154331,SBI CRISIL - IBX Financial Services 3-6 Months Debt Index Fund - Direct Plan - Growth,10.3053
2026-09-30,154332,SBI CRISIL - IBX Financial Services 3-6 Months Debt Index Fund - Direct Plan - IDCW,10.3053
2026-09-30,154333,SBI CRISIL - IBX Financial Services 9-12 Months Debt Index Fund - Regular Plan - IDCW,10.2733
2026-09-30,154334,SBI CRISIL - IBX Financial Services 9-12 Months Debt Index Fund - Direct Plan - Growth,10.2822
2026-09-30,154335,SBI CRISIL - IBX Financial Services 9-12 Months Debt Index Fund - Direct Plan - IDCW,10.2822
2026-09-30,154336,Motilal Oswal Contra Fund – Direct – IDCW,10.3688
2026-09-30,154337,Motilal Oswal Contra Fund - Direct – Growth,10.3688
2026-09-30,154338,Motilal Oswal Contra Fund - Regular – Growth,10.3104
2026-09-30,154339,Motilal Oswal Contra Fund - Regular - IDCW,10.3104
2026-09-30,154340,Invesco India BSE Sensex Index Fund - Direct Plan - Growth,9.4996
2026-09-30,154342,Invesco India BSE Sensex Index Fund - Regular Plan - Growth,9.4814
2026-09-30,154343,Invesco India Nifty Bank Index Fund - Direct Plan - Growth,10.1031
2026-09-30,154344,Invesco India Nifty Bank Index Fund - Regular Plan - Growth,10.0797
2026-09-30,154345,Groww Nifty Private Bank ETF,26.8193
2026-09-30,154346,Groww Nifty Private Bank Index Fund Direct Growth,9.9464
2026-09-30,154347,Edelweiss Nifty Next 50 ETF,69.6463
2026-09-30,154348,Axis Nifty Capital Markets Index Fund- Direct Plan,9.1036
2026-09-30,154349,Axis Nifty Capital Markets Index Fund- Regular Plan,9.0765
2026-09-30,154350,Groww Nifty Private Bank Index Fund Regular Growth,9.9229
2026-09-30,154351,Groww Nifty Private Bank Index Fund Regular IDCW,9.9229
2026-09-30,154352,Groww Nifty Private Bank Index Fund Direct IDCW,9.9464
2026-09-30,154353,SBI Nifty Smallcap 250 ETF,17.8040
2026-09-30,154354,SBI Nifty200 Value 30 ETF,14.0294
2026-09-30,154355,HDFC GOLD SILVER PASSIVE FOF - GROWTH OPTION - DIRECT PLAN,9.6814
2026-09-30,154356,HDFC GOLD SILVER PASSIVE FOF - GROWTH OPTION - REGULAR PLAN,9.679
2026-09-30,154357,DSP Nifty FMCG ETF,44.6986
2026-09-30,154358,Kotak Ultra Short to Short Term Fund - Direct Plan - Weekly - Reinvestment & Payout of Income Distribution cum Capital Withdrawal Option,1066.617
2026-09-30,154359,Kotak Ultra Short to Short Term Fund - Regular Plan - Monthly - Reinvestment & Payout of Income Distribution cum Capital Withdrawal Option,1007.685
2026-09-30,154361,Kotak Ultra Short to Short Term Fund - Direct Plan - Monthly - Reinvestment & Payout of Income Distribution cum Capital Withdrawal Option,1014.6918
2026-09-30,154362,SBI Nifty G-sec Jul 2031 Index Fund - REGULAR - GROWTH,10.2141
2026-09-30,154363,SBI CRISIL-IBX 10:90 Gilt + SDL Index - Dec 2029 Index Fund - Regular - Growth,10.2400
2026-09-30,154364,Motilal Oswal BSE Clean Environment Index Fund - Direct,8.7943
2026-09-30,154365,Motilal Oswal BSE Clean Environment Index Fund - Growth,8.7791
2026-09-30,154366,360 ONE MSCI India ETF,9.5328
2026-09-30,154367,SBI CRISIL-IBX 10:90 GLIT + SDL INDEX DEC 2029 INDEX FUND - REGULAR - IDCW,10.2400
2026-09-30,154369,SBI CRISIL-IBX 10:90 GLIT + SDL INDEX DEC 2029 INDEX FUND - DIRECT IDCW,10.2472
2026-09-30,154370,SBI CRISIL-IBX 10:90 GILT + SDL INDEX DEC 2029 INDEX FUND - DIRECT - GROWTH,10.2471
2026-09-30,154372,SBI NIFTY G-SEC JUL 2031 INDEX FUND - DIRECT - GROWTH,10.2212
2026-09-30,154373,SBI NIFTY G-SEC JUL 2031 INDEX FUND - REGULAR - IDCW,10.2141
2026-09-30,154375,SBI NIFTY G-SEC JUL 2031 INDEX FUND - DIRECT - IDCW,10.2212
2026-09-30,154377,Motilal Oswal BSE Midcap 150 Momentum 30 Index Fund-Direct,9.9985
2026-09-30,154378,Motilal Oswal BSE Midcap 150 Momentum 30 Index Fund-Regular,9.9872
2026-09-30,154379,The Wealth Company Large & Mid Cap Fund Regular IDCW,9.8403
2026-09-30,154380,The Wealth Company Large & Mid Cap Fund Direct IDCW,9.9012
2026-09-30,154381,The Wealth Company Large & Mid Cap Fund Direct Growth,9.9018
2026-09-30,154382,The Wealth Company Large & Mid Cap Fund Regular Growth,9.8401
2026-09-30,154383,Groww Nifty Smallcap 250 Momentum Quality 100 Index Fund Direct Growth,10.4387
2026-09-30,154384,Groww Nifty Smallcap 250 Momentum Quality 100 ETF,47.9255
2026-09-30,154385,Groww Nifty Smallcap 250 Momentum Quality 100 Index Fund Direct IDCW,10.4387
2026-09-30,154386,Groww Nifty Smallcap 250 Momentum Quality 100 Index Fund Regular IDCW,10.4215
2026-09-30,154387,Groww Nifty Smallcap 250 Momentum Quality 100 Index Fund Regular Growth,10.4215
2026-09-30,154388,Kotak Nifty Alpha Low Volatility 30 Index Fund - Direct- Growth,9.64
2026-09-30,154389,Kotak Nifty Alpha Low Volatility 30 Index Fund - Regular - Growth,9.624
2026-09-30,154390,Kotak Nifty Alpha Low Volatility 30 Index Fund - Regular - IDCW,9.624
2026-09-30,154391,Kotak Nifty Alpha Low Volatility 30 Index Fund - Direct- IDCW,9.64
2026-09-30,154392,WhiteOak Capital Aggressive Hybrid Fund Direct Plan Growth,10.124
2026-09-30,154393,WhiteOak Capital Aggressive Hybrid Fund Regular Plan Growth,10.076
2026-09-30,154394,Shriram Overnight Fund- Direct Growth,1275.6649
2026-09-30,154395,Shriram Overnight Fund- Direct Daily IDCW,1000
2026-09-30,154396,Shriram Overnight Fund- Direct Monthly IDCW,1002.0443
2026-09-30,154398,Shriram Overnight Fund- Regular Daily IDCW,1000.008
2026-09-30,154399,Shriram Overnight Fund- Regular Growth,1271.4552
2026-09-30,154402,Shriram Overnight Fund- Regular Monthly IDCW,1002.0595
2026-09-30,154404,ICICI Prudential Nifty Smallcap 250 ETF,17.8391
2026-09-30,154405,Tata Multi Sector Passive FOF Regular Plan Growth Option,9.4531
2026-09-30,154406,Tata Multi Sector Passive FOF Regular Plan IDCW Payout Option,9.4531
2026-09-30,154407,Tata Multi Sector Passive FOF Regular Plan IDCW Reinvestment Option,9.4531
2026-09-30,154408,Tata Multi Sector Passive FOF Direct Plan IDCW Reinvestment Option,9.4626
2026-09-30,154409,Tata Multi Sector Passive FOF Direct Plan Growth Option,9.4626
2026-09-30,154410,Tata Multi Sector Passive FOF Direct Plan IDCW Payout Option,9.4626
2026-09-30,154413,Choice Overnight Fund - Growth Option - Direct Plan,101.2148
2026-09-30,154414,Choice Overnight Fund - Daily IDCW Option - Regular Plan,100.1000
2026-09-30,154415,Choice Overnight Fund - Growth Option - Regular Plan,101.1886
2026-09-30,154416,Choice Overnight Fund - Daily IDCW Option - Direct Plan,100.1000
2026-09-30,154417,ICICI Prudential Balanced Hybrid Fund - Direct Plan - Growth,9.99
2026-09-30,154418,ICICI Prudential Balanced Hybrid Fund - Growth,9.96
2026-09-30,154419,ICICI Prudential Balanced Hybrid Fund - IDCW,9.96
2026-09-30,154420,ICICI Prudential Balanced Hybrid Fund - Direct Plan - IDCW,9.99
2026-09-30,154421,JM Multi Asset Allocation Fund (Direct) - IDCW,10.0682
2026-09-30,154422,JM Multi Asset Allocation Fund (Regular) - IDCW,10.0315
2026-09-30,154423,JM Multi Asset Allocation Fund (Direct) - Growth Option,10.0682
2026-09-30,154424,JM Multi Asset Allocation Fund (Regular) - Growth Option,10.0315
2026-09-30,154425,DSP Money Market Fund  - Regular Plan - IDCW Weekly,10.0089
2026-09-30,154426,DSP Money Market Fund - Direct Plan - IDCW Weekly,10.0246
2026-09-30,154427,HDFC Nifty Auto Index Fund- Direct Plan- Growth Option,9.638
2026-09-30,154428,HDFC Nifty Auto Index Fund- Growth Option,9.6246
2026-09-30,154431,Invesco India Ultra Short Term Fund - Regular Plan - Weekly IDCW (Payout / Reinvestment),1146.1406
2026-09-30,154432,Invesco India Ultra Short Term Fund - Direct Plan - Weekly IDCW (Payout / Reinvestment),1147.4503
2026-09-30,154433,TRUSTMF LARGE & MIDCAP FUND - DIRECT PLAN - GROWTH,9.75
2026-09-30,154434,TRUSTMF LARGE & MIDCAP FUND - REGULAR PLAN - GROWTH,9.72
2026-09-30,154436,Zerodha Life Cycle Fund 2036 - Direct - Growth,9.6140
2026-09-30,154437,Zerodha Life Cycle Fund 2041 - Direct - Growth,9.5457
2026-09-30,154438,ALPHAGREP MULTI ASSET ALLOCATION FUND-DIRECT-GROWTH,10.2235
2026-09-30,154440,ALPHAGREP MULTI ASSET ALLOCATION FUND-REGULAR-GROWTH,10.1886
2026-09-30,154442,ALPHAGREP MULTI ASSET ALLOCATION FUND-REGULAR-IDCW,10.1886
2026-09-30,154443,ALPHAGREP MULTI ASSET ALLOCATION FUND-DIRECT-IDCW,10.2235
2026-09-30,154451,NJ Momentum Fund - Direct Growth,9.94
2026-09-30,154452,NJ Momentum Fund - Regular Growth,9.91
2026-09-30,154453,NJ Momentum Fund - Regular IDCW,9.91
2026-09-30,154454,NJ Momentum Fund - Direct IDCW,9.94
2026-09-30,154455,NJ Value Fund - Regular IDCW,9.19
2026-09-30,154456,NJ Value Fund - Direct Growth,9.22
2026-09-30,154457,NJ Value Fund - Direct IDCW,9.22
2026-09-30,154458,NJ Value Fund - Regular Growth,9.19
2026-09-30,154459,Axis Nifty50 Equal Weight Index Fund-Regular Plan- Growth Option,9.4721
2026-09-30,154460,Axis Nifty50 Equal Weight Index Fund-Direct Plan- Growth Option,9.4870
2026-09-30,154461,Edelweiss Nifty Metal ETF,12.7804
2026-09-30,154462,Mirae Asset Money Market Fund - Direct Plan - Weekly IDCW,1362.4332
2026-09-30,154466,UTI Nifty 1D Rate Liquid ETF - Growth,1010.0309
2026-09-30,154467,SBI Crisil - IBX SDL Index - June 2034 Index Fund - Direct Plan - Growth,9.9348
2026-09-30,154468,SBI Crisil - IBX SDL Index - June 2034 Index Fund - Regular Plan - Growth,9.9305
2026-09-30,154469,SBI Crisil - IBX SDL Index - June 2034 Index Fund - Regular Plan - IDCW,9.9305
2026-09-30,154470,SBI Crisil - IBX SDL Index - June 2034 Index Fund - Direct Plan - IDCW,9.9348
2026-09-30,154471,Mirae Asset BSE Midcap 150 Momentum 30 ETF,12.4323
2026-09-30,154473,Mirae Asset BSE Midcap 150 Momentum 30 ETF FOF - Regular Plan - Growth,10.056
2026-09-30,154474,Mirae Asset BSE Midcap 150 Momentum 30 ETF FOF - Direct Plan - Growth,10.064
2026-09-30,154476,Groww Nifty Cements ETF,13.8635
2026-09-30,154477,Abakkus Large & Mid Cap Fund - Direct  Plan - Growth,9.4840
2026-09-30,154478,Abakkus Large & Mid Cap Fund - Regular Plan - Growth,9.4620
2026-09-30,154479,The Wealth Company Mid Cap Fund- Regular-Growth,9.4797
2026-09-30,154481,The Wealth Company Mid Cap Fund- Direct-Growth,9.5048
2026-09-30,154483,The Wealth Company Mid Cap Fund- Direct- IDCW,9.5097
2026-09-30,154484,The Wealth Company Mid Cap Fund-Regular-IDCW,9.48
2026-09-30,154485,Baroda BNP Paribas Services Fund - Direct IDCW Payout option,9.3138
2026-09-30,154486,Baroda BNP Paribas Services Fund - Regular Growth option,9.2854
2026-09-30,154487,Baroda BNP Paribas Services Fund - Regular IDCW Payout,9.2854
2026-09-30,154490,Baroda BNP Paribas Services Fund - Direct Growth Option,9.3138
2026-09-30,154491,Kotak Nifty Private Bank ETF,26.777
2026-09-30,154492,Bajaj Finserv BSE Top 10 Banks ETF,19.9346
2026-09-30,154493,Mirae Asset Nifty200 Momentum 30 Plus 8-13yr G-Sec 75:25 Index Fund - Direct Plan - Growth,9.8517
2026-09-30,154494,Mirae Asset Nifty200 Momentum 30 Plus 8-13yr G-Sec 75:25 Index Fund - Direct Plan - IDCW,9.8517
2026-09-30,154495,Mirae Asset Nifty200 Momentum 30 Plus 8-13yr G-Sec 75:25 Index Fund - Regular Plan - Growth,9.8393
2026-09-30,154496,Mirae Asset Nifty200 Momentum 30 Plus 8-13yr G-Sec 75:25 Index Fund - Regular Plan - IDCW,9.8393
2026-09-30,154497,Mirae Asset Nifty200 Momentum 30 Plus 8-13 yr G-Sec 50:50 ETF,9.7970
2026-09-30,154498,ITI Multi Asset Allocation Fund - Direct Plan - Growth Option,9.8713
2026-09-30,154499,ITI Multi Asset Allocation Fund- Direct Plan- IDCW Option,9.8713
2026-09-30,154500,ITI Multi Asset Allocation Fund- Regular Plan- Growth Option,9.8604
2026-09-30,154502,ITI Multi Asset Allocation Fund- Regular Plan- IDCW Option,9.8604
2026-09-30,154503,ICICI Prudential BSE Insurance ETF,14.5058
2026-09-30,154504,HDFC Nifty Metal ETF - Growth Option,127.5375
2026-09-30,154505,HDFC Nifty Metal ETF FOF - Direct Plan - Growth Option,9.7364
2026-09-30,154506,HDFC Nifty Metal ETF FOF - Growth Option,9.7268
2026-09-30,154507,Kotak Money Market Fund - Direct - IDCW Weekly,1002.959
2026-09-30,154509,Kotak Short Term Fund - Regular - IDCW Weekly,10.01
2026-09-30,154510,Kotak Short Term Fund - Direct - IDCW Weekly,9.9993
2026-09-30,154511,Kotak Corporate Bond Fund - Regular - IDCW Weekly,998.7784
2026-09-30,154513,Kotak Ultra Short Term Fund - Direct - IDCW Weekly,10.0177
2026-09-30,154514,Kotak Ultra Short Term Fund - Regular - IDCW Weekly,10.0158
2026-09-30,154515,Quantum Flexi Cap Fund - Direct Plan Growth Option,9.67
2026-09-30,154516,Quantum Flexi Cap Fund - Regular Plan Growth Option,9.66
2026-09-30,154517,AlphaGrep Flexi Cap Fund - Regular- IDCW,9.8914
2026-09-30,154518,AlphaGrep Flexi Cap Fund - Direct - Growth,9.9177
2026-09-30,154519,AlphaGrep Flexi Cap Fund - Regular - Growth,9.8914
2026-09-30,154520,AlphaGrep Flexi Cap Fund - Direct-IDCW,9.9177
2026-09-30,154521,Abakkus Liquid Fund - Unclaimed Redemption Less than 3 Years,101.1580
2026-09-30,154523,SBI Nifty Midcap 150 Momentum 50 ETF FOF - Regular - Growth,9.5403
2026-09-30,154524,Edelweiss BSE Top 10 Bank ETF,16.0833
2026-09-30,154525,SBI Nifty Midcap 150 Momentum 50 ETF FOF - Regular - IDCW,9.5403
2026-09-30,154526,SBI Nifty Midcap 150 Momentum 50 ETF FOF - Direct - Growth,9.5470
2026-09-30,154527,SBI Nifty Midcap 150 Momentum 50 ETF FOF - Direct - IDCW,9.5470
2026-09-30,154528,DSP BSE MidSmall Private Banks ETF,16.4806
2026-09-30,154535,Edelweiss BSE LargeMid (60:40) Stable Dividend 50 ETF,34.388
2026-09-30,154536,Invesco India Nifty Bank ETF,54.5966
2026-09-30,154537,Invesco India BSE Sensex ETF,72.527
2026-09-30,154538,Franklin India Short Term Fund - Direct - IDCW,10.0584
2026-09-30,154539,Franklin India Short Term Fund- IDCW,10.0500
2026-09-30,154540,Franklin India Short Term Fund- Growth,10.0500
2026-09-30,154541,Franklin India Short Term Fund - Direct - Growth,10.0584
2026-09-30,154544,Invesco India Pharma and Healthcare Fund - Regular Fund - IDCW Plan,9.58
2026-09-30,154545,Invesco India Pharma and Healthcare Fund - Regular Plan - Growth,9.58
2026-09-30,154546,Invesco India Pharma and Healthcare Fund - Direct Plan - IDCW Plan,9.59
2026-09-30,154547,Invesco India Pharma and Healthcare Fund - Direct Plan - Growth,9.59
2026-09-30,154548,Edelweiss Nifty REITs & Realty Index Fund - Direct Growth,9.6773
2026-09-30,154549,Edelweiss Nifty REITs & Realty Index Fund - Direct IDCW,9.6773
2026-09-30,154550,JioBlackRock Nifty 50 ETF,11.5998
2026-09-30,154551,Motilal Oswal Nifty Metal ETF,12.7627
2026-09-30,154552,Motilal Oswal Nifty Oil & Gas ETF,10.6285
2026-09-30,154553,WhiteOak Capital Dividend Yield Fund Regular Plan Growth,10.040
2026-09-30,154554,WhiteOak Capital Dividend Yield Fund Direct Plan IDCW,10.052
2026-09-30,154555,WhiteOak Capital Dividend Yield Fund Regular Plan IDCW,10.040
2026-09-30,154556,WhiteOak Capital Dividend Yield Fund Direct Plan Growth,10.052
2026-09-30,154559,Edelweiss Nifty REITs & Realty Index Fund - Regular IDCW Payout,9.6701
2026-09-30,154561,Edelweiss Nifty REITs & Realty Index Fund - Regular Growth,9.6701
2026-09-30,154563,ICICI Prudential Life Cycle Fund 2031 - Growth,9.8632
2026-09-30,154564,ICICI Prudential Life Cycle Fund 2031 - Direct Plan - Growth,9.8681
2026-09-30,154565,AlphaGrep Liquid Omni FoF- Direct Growth,1008.7266
2026-09-30,154566,AlphaGrep Liquid Omni FoF- Direct IDCW,1008.7266
2026-09-30,154567,AlphaGrep Liquid Omni FoF- Regular Growth,1008.4733
2026-09-30,154568,AlphaGrep Liquid Omni FoF- Regular IDCW,1008.4733
2026-09-30,154569,Kotak Nifty Bank Index Fund - Direct - IDCW,9.466
2026-09-30,154570,Kotak Nifty Bank Index Fund - Regular - Growth,9.462
2026-09-30,154571,Kotak Nifty Bank Index Fund - Direct - Growth,9.466
2026-09-30,154572,Kotak Nifty Bank Index Fund - Regular - IDCW,9.462
2026-09-30,154577,ICICI Prudential Life Cycle Fund 2036 - Growth,9.9700
2026-09-30,154578,ICICI Prudential Life Cycle Fund 2036 - Direct Plan - Growth,9.9756
2026-09-30,154579,ICICI Prudential Life Cycle Fund 2041 - Growth,9.9412
2026-09-30,154580,ICICI Prudential Life Cycle Fund 2041 - Direct Plan - Growth,9.9470
2026-09-30,154581,ASK Liquid Fund Regular Growth,1005.3097
2026-09-30,154583,ASK Liquid Fund Direct Weekly IDCW,1000.3591
2026-09-30,154586,ASK Liquid Fund Regular Daily IDCW,1000.0254
2026-09-30,154587,ASK Liquid Fund Regular Weekly IDCW,1000.3890
2026-09-30,154589,ASK Liquid Fund Direct Growth,1005.4373
2026-09-30,154590,ASK Liquid Fund Regular Monthly IDCW,1000.3425
2026-09-30,154591,ASK Liquid Fund Direct Daily IDCW,1000.0255
2026-09-30,154592,ASK Liquid Fund Direct Monthly IDCW,1000.4797
2026-09-30,154593,DSP NIFTY 10 YR BENCHMARK G-SEC ETF,26.3721
2026-09-30,154594,Axis Nifty Energy Index Fund - Direct Plan - Growth,9.6394
2026-09-30,154597,Axis Nifty Energy Index Fund - Regular Plan - Growth,9.6318
2026-09-30,154598,Bandhan Contra Fund-Regular Plan-Growth,9.5941
2026-09-30,154599,Bandhan Contra Fund-Direct Plan-Annual IDCW,9.6083
2026-09-30,154600,Bandhan Contra Fund-Direct Plan-Growth,9.6083
2026-09-30,154601,Bandhan Contra Fund-Regular Plan-Annual IDCW,9.5941
2026-09-30,154602,UTI Nifty 500 Exchange Traded Fund,35.514
2026-09-30,154603,UTI Nifty 500 Index Fund Regular Plan - Growth Option,9.376
2026-09-30,154604,UTI Nifty 500 Index Fund Direct Plan Growth Option,9.3823
2026-09-30,154605,Kotak Liquid Fund - Regular- IDCW,1004.0674
2026-09-30,154606,Kotak Liquid Fund - Direct - IDCW,1008.5019
2026-09-30,154607,Kotak Ultra Short Term Fund - Regular - IDCW,10.029
2026-09-30,154608,Kotak Ultra Short Term Fund - Direct - IDCW,10.0883
2026-09-30,154609,Kotak Corporate Bond Fund - Direct -IDCW,998.86
2026-09-30,154612,Kotak Money Market Fund - Direct - IDCW,1009.2993
2026-09-30,154613,Bajaj Finserv Money Market Fund-Regular Plan-Weekly-IDCW,1050.8179
2026-09-30,154614,Bajaj Finserv Money Market Fund-Direct Plan-Weekly-IDCW,1043.0402
2026-09-30,154615,SBI Balanced Hybrid Fund - Regular Plan - Growth,9.9486
2026-09-30,154616,SBI Balance Hybrid Fund - Regular Plan - IDCW,9.9486
2026-09-30,154617,SBI Balance Hybrid Fund - Direct Plan - IDCW,9.9583
2026-09-30,154618,SBI Balance Hybrid Fund - Direct Plan - Growth,9.9583
2026-09-30,154619,Zerodha Arbitrage Fund - Direct - Growth,10.0572
2026-09-30,154620,Edelweiss Ultra Short Term Fund Regular IDCW Plan,1006.1315
2026-09-30,154621,Edelweiss Ultra Short Term Fund Direct Growth Plan,1006.614
2026-09-30,154622,Edelweiss Ultra Short Term Fund Regular Growth Plan,1006.1315
2026-09-30,154623,Edelweiss Ultra Short Term Fund Direct IDCW Plan,1006.614
2026-09-30,154624,Choice Overnight Fund -Direct -Unclaimed Less than 3 years Redemption Plan,100.6635
2026-09-30,154625,quant Silver ETF,22.1548
2026-09-30,154626,Mirae Asset BSE LargeMid (60:40) Stable Dividend 50 ETF,34.3964
2026-09-30,154627,Axis Nifty Energy ETF,18.3593
2026-09-30,154628,UTI Balanced Hybrid Fund-Direct Plan Growth Option,9.9239
2026-09-30,154629,UTI Balanced Hybrid Fund-Direct Plan  payout of IDCW Option,9.9239
2026-09-30,154630,UTI Balanced Hybrid Fund-Regular Plan Growth Option,9.9136
2026-09-30,154631,UTI Balanced Hybrid Fund-Regular Plan payout of IDCW Option,9.9136
2026-09-30,154632,JioBlackRock Large Cap Fund - Regular Plan - Growth Option,9.2975
2026-09-30,154633,JioBlackRock Nifty 50 Index Fund - Regular Plan - Growth Option,9.3114
2026-09-30,154634,JioBlackRock Nifty Smallcap 250 Index Fund - Regular Plan - Growth Option,9.6831
2026-09-30,154635,JioBlackRock Short Term Fund - Regular Plan - Growth Option,1001.3030
2026-09-30,154636,JioBlackRock Ultra Short to Short Term Fund - Regular Plan - Growth Option,1003.3775
2026-09-30,154637,JioBlackRock Sector Rotation Fund- Regular Plan - Growth Option,9.4314
2026-09-30,154638,JioBlackRock Arbitrage Fund - Regular Plan - Growth Option,10.0420
2026-09-30,154639,JioBlackRock Money Market Fund - Regular Plan - Growth Option,1007.3423
2026-09-30,154640,JioBlackRock Overnight Fund - Regular Plan - Growth Option,1005.0462
2026-09-30,154641,JioBlackRock Flexi Cap Fund - Regular Plan - Growth Option,9.4441
2026-09-30,154642,JioBlackRock Nifty 8-13 yr G-Sec Index Fund - Regular Plan - Growth Option,9.8367
2026-09-30,154643,JioBlackRock Nifty Midcap 150 Index Fund - Regular Plan - Growth Option,9.3501
2026-09-30,154644,JioBlackRock Nifty Next 50 Index Fund - Regular Plan - Growth Option,9.3959
2026-09-30,154645,JioBlackRock Liquid Fund - Regular Plan - Growth Option,1006.6927
2026-09-30,154646,Nippon India Income Plus Arbitrage Omni Fund of Fund - Direct Plan- Growth Option,10.0388
2026-09-30,154647,Nippon India Income Plus Arbitrage Omni Fund of Fund - Direct Plan- IDCW Option,10.0388
2026-09-30,154648,Nippon India Income Plus Arbitrage Omni Fund of Fund - Regular Plan- IDCW Option,10.0354
2026-09-30,154649,Nippon India Income Plus Arbitrage Omni Fund of Fund - Regular Plan- Growth Option,10.0354
2026-09-30,154652,DSP Financial Services Sectoral Debt Fund - Regular - IDCW,10.0444
2026-09-30,154653,DSP Financial Services Sectoral Debt Fund - Direct - IDCW,10.0461
2026-09-30,154654,DSP Financial Services Sectoral Debt Fund - Direct - Growth,10.0461
2026-09-30,154655,DSP Financial Services Sectoral Debt Fund - Regular - Growth,10.0444
2026-09-30,154657,quant Income Plus Arbitrage Active FOF- Growth Option - Regular Plan,10.0405
2026-09-30,154658,quant Income Plus Arbitrage Active FOF- Growth Option - Direct Plan,10.0431
2026-09-30,154659,quant Income Plus Arbitrage Active FOF- IDCW  Option - Direct Plan,10.0427
2026-09-30,154660,quant Income Plus Arbitrage Active FOF- IDCW Option - Regular Plan,10.0405
2026-09-30,154661,ICICI Prudential Dynamic Asset Allocation Passive FOF - Direct Plan - Growth,9.8338
2026-09-30,154662,ICICI Prudential Dynamic Asset Allocation Passive FOF - Growth,9.8337
2026-09-30,154663,The Wealth Company Multi Cap Fund- Direct-Growth,9.7905
2026-09-30,154664,The Wealth Company Multi Cap Fund,9.783
2026-09-30,154665,The Wealth Company Multi Cap Fund- Regular- IDCW,9.783
2026-09-30,154666,The Wealth Company Multi Cap Fund- Direct-IDCW,9.7905
2026-09-30,154667,MOTILAL OSWAL QUALITY FUND - Regular,9.8760
2026-09-30,154668,MOTILAL OSWAL QUALITY FUND - Direct,9.8756
2026-09-30,154669,MOTILAL OSWAL QUALITY FUND - Regular IDCW,9.8760
2026-09-30,154670,MOTILAL OSWAL QUALITY FUND - Direct IDCW,9.8756
2026-09-30,154693,Bank of India Value Fund - Direct - Growth,10.02
2026-09-30,154694,Bank of India Value Fund - Direct - IDCW,10.02
2026-09-30,154695,Bank of India Value Fund - Regular - Growth,10.02
2026-09-30,154696,Bank of India Value Fund - Regular - IDCW,10.02
2026-09-30,154697,Zerodha Life Cycle Fund 2031,9.8564
2026-09-30,154698,UTI BSE India Sector Leaders Exchange Traded Fund,13.8921
2026-09-30,154699,UTI BSE India Sector Leaders Index Fund,9.7739
2026-09-30,154700,UTI BSE India Sector Leaders Index Fund Regular Plan,9.7708
2026-09-30,154703,Navi Nifty Reits & Realty Undex Fund- Regular Plan,10.048
2026-09-30,154704,Navi Nifty Reits & Realty Index Fund- Direct Plan,10.0589
2026-09-30,154705,Monarch Overnight Fund - Direct Plan - Monthly  IDCW,1000.6652
2026-09-30,154706,Monarch Overnight Fund- Direct Plan- Growth,1003.0605
2026-09-30,154710,Monarch Overnught Fund- Regular Plan - Daily IDCW,1000.0000
2026-09-30,154711,Monarch Overnight Fund- Regular Plan Growth,1003.0249
2026-09-30,154720,Mirae Asset BSE Information Technology Index Fund - Direct Plan - Growth,9.8425
2026-09-30,154721,Mirae Asset BSE Information Technology Index Fund - Direct Plan - IDCW,9.8425
2026-09-30,154722,Mirae Asset BSE Information Technology Index Fund - Regular Plan - Growth,9.8411
2026-09-30,154723,Mirae Asset BSE Information Technology Index Fund - Regular Plan - IDCW,9.8411
2026-09-30,154734,Helios Balanced Advantage Fund - Direct Plan - Monthly IDCW Option,9.93
2026-09-30,154736,LAKSHYA OVERNIGHT FUND-Direct,1001.6391
2026-09-30,154737,LAKSHYA OVERNIGHT FUND-Regular,1001.6164
2026-09-30,154744,Tata CRISIL-IBX Financial Services 3-6 Months Debt Index Fund-Regular Plan-Growth,10.0128
2026-09-30,154745,Tata CRISIL-IBX Financial Services 3-6 Months Debt Index Fund-Regular Plan-IDCW Payout,10.0128
2026-09-30,154746,Tata CRISIL-IBX Financial Services 3-6 Months Debt Index Fund-Regular Plan-IDCW Reinvestment,10.0128
2026-09-30,154747,Tata CRISIL-IBX Financial Services 3-6 Months Debt Index Fund-Direct Plan-Growth,10.0129
2026-09-30,154748,Tata CRISIL-IBX Financial Services 3-6 Months Debt Index Fund-Direct Plan-IDCW Payout,10.0129
2026-09-30,154749,Tata CRISIL-IBX Financial Services 3-6 Months Debt Index Fund-Direct Plan-IDCW Reinvestment,10.0129
2026-09-30,154750,HDFC BSE REITS and Commercial Real Estate Index Fund- IDCW Payout Option,9.8712
2026-09-30,154751,HDFC BSE REITS and Commercial Real Estate Index fund-Direct Plan - IDCW Payout Option,9.8731
2026-09-30,154752,HDFC BSE REITS and Commercial Real Estate Index Fund-Growth Option,9.8712
2026-09-30,154753,HDFC BSE REITS and Commercial Real Estate Index Fund-Direct Plan-Growth Option,9.8727
