date,scheme_code,scheme_name,nav
2026-07-29,100174,quant ELSS Tax Saver Fund - IDCW Option - Regular Plan,56.5729
2026-07-29,100175,quant ELSS Tax Saver Fund - Growth Option - Regular Plan,407.4057
2026-07-29,100176,quant Small Cap Fund - IDCW Option - Regular Plan,224.0831
2026-07-29,100177,quant Small Cap Fund - Growth - Regular Plan,281.7758
2026-07-29,100218,JM Large Cap Fund (Regular) - IDCW,29.7125
2026-07-29,100219,JM Large Cap Fund (Regular) - Growth Option,153.0596
2026-07-29,100220,JM Aggressive Hybrid Fund (Regular) - IDCW,33.3655
2026-07-29,100221,JM Aggressive Hybrid Fund (Regular) -Growth Option,119.2943
2026-07-29,100222,JM Medium to Long Duration Fund (Regular) - Quarterly IDCW,21.956
2026-07-29,100223,JM Medium to Long Duration Fund (Regular) - Growth Option,64.5754
2026-07-29,100233,JM Liquid Fund (Regular) - Weekly IDCW,11.0054
2026-07-29,100234,JM Liquid Fund - Growth Option,75.9839
2026-07-29,100244,JM Liquid Fund (Regular) - Quarterly IDCW,43.0076
2026-07-29,100247,JM Liquid Fund (Regular) - Super Institutional Plan - Growth Option,43.6896
2026-07-29,100254,JM Value Fund (Regular) - Growth Option,94.0378
2026-07-29,100264,Kotak Gilt-Investment Regular-Payout of Income Distribution cum capital withdrawal option,19.0325
2026-07-29,100265,Kotak Gilt-Investment Regular-Growth,97.4011
2026-07-29,100280,Kotak Gilt-Investment  Provident Fund and Trust-Payout of Income Distribution cum capital withdrawal option,11.8345
2026-07-29,100281,Kotak Gilt-Investment  Provident Fund and Trust-Growth,99.6483
2026-07-29,100286,Kotak Aggressive Hybrid Fund - Regular Plan - IDCW - Payout & Reinvestment of Income Distribution cum capital withdrawal option,38.313
2026-07-29,100299,Kotak Bond Fund - Regular Plan Growth,80.0578
2026-07-29,100300,Kotak Bond Fund - Regular Plan - Standard IDCW Option,49.049
2026-07-29,100348,ICICI Prudential Large & Mid Cap Fund - IDCW,30.52
2026-07-29,100349,ICICI Prudential Large & Mid Cap Fund - Growth,1040.04
2026-07-29,100351,ICICI Prudential FMCG Fund - IDCW,77.95
2026-07-29,100352,ICICI Prudential FMCG Fund - Growth,421.77
2026-07-29,100353,ICICI Prudential ELSS Tax Saver Fund - IDCW,21.32
2026-07-29,100354,ICICI Prudential ELSS Tax Saver Fund - Growth,936.05
2026-07-29,100355,ICICI Prudential Equity & Debt Fund - Monthly IDCW,43.41
2026-07-29,100356,ICICI Prudential Equity & Debt Fund - Growth,406.78
2026-07-29,100365,ICICI Prudential Long Term Bond Fund - Growth,92.3237
2026-07-29,100367,ICICI Prudential Long Term Bond Fund - Quarterly IDCW,12.4493
2026-07-29,100368,ICICI Prudential Gilt Fund - IDCW,17.7181
2026-07-29,100369,ICICI Prudential Gilt Fund - Growth,108.1541
2026-07-29,100476,Taurus Flexi Cap Fund - Regular Plan - Growth,234.78
2026-07-29,100477,Taurus Mid Cap Fund - Regular Plan - Growth,125.88
2026-07-29,100480,Taurus ELSS Tax Saver Fund - Regular Plan - Growth,182.27
2026-07-29,100593,CANARA ROBECO ELSS TAX SAVER - REGULAR PLAN -IDCW (Payout),47.8100
2026-07-29,100596,CANARA ROBECO GILT FUND - REGULAR PLAN - IDCW (Payout/Reinvestment),14.7608
2026-07-29,100597,CANARA ROBECO GILT FUND - REGULAR PLAN - GROWTH OPTION,76.8533
2026-07-29,100600,CANARA ROBECO CONSERVATIVE HYBRID FUND - REGULAR PLAN - MONTHLY IDCW (Payout/Reinvestment),12.4420
2026-07-29,100601,CANARA ROBECO CONSERVATIVE HYBRID FUND - REGULAR PLAN - GROWTH OPTION,99.7644
2026-07-29,100602,Sundaram Medium Duration Fund (Formerly Known as Sundaram Medium Term Bond Fund) Regular Plan-Income Distribution cum Capital Withdrawal(IDCW),13.2246
2026-07-29,100603,Sundaram Medium Duration Fund (Formerly Known as Sundaram Medium Term Bond Fund) Regular Plan - Growth,71.6487
2026-07-29,100614,Sundaram Value Fund Regular Plan - Income Distribution cum Capital Withdrawal (IDCW),15.1156
2026-07-29,100630,quant Multi Cap Fund-IDCW Option - Regular Plan,75.5199
2026-07-29,100631,quant Multi Cap Fund-GROWTH OPTION - Regular Plan,660.3547
2026-07-29,100784,Sundaram Banking & PSU Fund (Formerly Known as Sundaram Banking and PSU Debt Fund) Regular Plan - Growth,45.6038
2026-07-29,100786,Sundaram Corporate Bond Fund Regular Plan - Income Distribution cum Capital Withdrawal (IDCW ),18.9805
2026-07-29,100789,Sundaram Corporate Bond Fund Regular Plan- Growth,42.4461
2026-07-29,100793,Sundaram Banking & PSU Fund (Formerly Known as Sundaram Banking and PSU Debt Fund) Regular Plan - Income Distribution cum Capital Withdrawal (IDCW),11.5569
2026-07-29,100794,Sundaram Small Cap Fund Regular Plan - Income Distribution cum Capital Withdrawal (IDCW),34.4670
2026-07-29,100795,Sundaram Small Cap Fund Regular Plan - Growth,287.5523
2026-07-29,100833,Kotak Liquid Fund - Regular  - Daily Reinvestment of Income Distribution cum capital withdrawal option,1275.5145
2026-07-29,100835,Kotak Liquid Fund - Regular Plan - Growth,5633.6732
2026-07-29,101065,quant Mid Cap Fund - Growth Option - Regular Plan,223.511
2026-07-29,101066,quant Mid Cap Fund - IDCW Option - Regular Plan,79.4589
2026-07-29,101069,quant Aggressive Hybrid Fund-IDCW Option - Regular Plan,64.964
2026-07-29,101070,quant Aggressive Hybrid Fund - Growth Option - Regular Plan,471.0025
2026-07-29,101071,quant Multi Asset Allocation Fund - IDCW Option - Regular Plan,154.1255
2026-07-29,101072,quant Multi Asset Allocation Fund-GROWTH OPTION - Regular Plan,168.1321
2026-07-29,101078,JM Liquid Fund (Regular) - Daily IDCW,10.4302
2026-07-29,101127,ICICI Prudential Children's Fund - Regular Plan,328.78
2026-07-29,101165,ICICI Prudential Short Term Fund - Monthly IDCW,12.0871
2026-07-29,101181,JM Medium to Long Duration Fund (Regular) - Bonus Option- Principal Units,26.4197
2026-07-29,101209,Taurus Large Cap Fund - Regular Plan - Growth,165.09
2026-07-29,101228,ICICI Prudential Multicap Fund - Growth,853.69
2026-07-29,101349,ICICI Prudential Nifty 50 Index Fund - Cumulative Option,245.5977
2026-07-29,101351,ICICI Prudential All Seasons Bond Fund - Weekly IDCW,10.9408
2026-07-29,101373,Kotak Bond Short Term Plan-(Growth),55.099
2026-07-29,101538,Sundaram Mid Cap Fund Regular Plan - Income Distribution cum Capital Withdrawal (IDCW),65.0752
2026-07-29,101539,Sundaram Mid Cap Fund Regular Plan - Growth,1507.8230
2026-07-29,101549,JM Liquid Fund (Regular) - Bonus Option - Principal Units,24.3303
2026-07-29,101587,CANARA ROBECO INCOME FUND - REGULAR PLAN - QUARTERLY IDCW (Payout/Reinvestment),14.6579
2026-07-29,101588,CANARA ROBECO INCOME FUND - REGULAR PLAN - GROWTH OPTION,56.9842
2026-07-29,101593,HSBC Large Cap Fund - Regular IDCW,42.1171
2026-07-29,101594,HSBC Large Cap Fund - Regular Growth,475.4471
2026-07-29,101617,ICICI Prudential Savings Fund - Weekly IDCW,105.4581
2026-07-29,101618,ICICI Prudential Savings Fund - Daily IDCW,105.7358
2026-07-29,101619,ICICI Prudential Savings Fund - Growth,582.3647
2026-07-29,101685,HSBC Medium to Long Duration Fund - Regular Growth,43.7524
2026-07-29,101686,HSBC Medium to Long Duration Fund - Regular Quarterly IDCW,10.6639
2026-07-29,101705,ICICI Prudential BSE Sensex ETF,892.6710
2026-07-29,101706,ICICI Prudential Multicap Fund - IDCW,34.38
2026-07-29,101758,ICICI Prudential Short Term Fund - Growth Option,64.1942
2026-07-29,101802,ICICI Prudential Floating Interest Fund - Growth,454.3717
2026-07-29,101804,ICICI Prudential Floating Interest Fund - Daily IDCW,100.8706
2026-07-29,101805,JM Dynamic Bond Fund (Regular) - IDCW,43.3942
2026-07-29,101806,JM Dynamic Bond Fund (Regular) - Growth Option,43.2585
2026-07-29,101853,Sundaram Value Fund Regular Plan - Growth,211.9975
2026-07-29,101892,Kotak Money market Fund - (Monthly Payout of Income Distribution cum capital withdrawal option),1053.6599
2026-07-29,101893,Kotak Money Market Fund - (Growth),4805.4027
2026-07-29,101922,CANARA ROBECO FLEXICAP FUND - REGULAR PLAN - GROWTH OPTION,342.9700
2026-07-29,101923,CANARA ROBECO FLEXICAP FUND - REGULAR PLAN - IDCW (Payout/Reinvestment),59.7300
2026-07-29,102133,ICICI Prudential Multi Sector Passive FOF - Growth,170.1230
2026-07-29,102134,ICICI Prudential Multi Sector Passive FOF - IDCW,132.5473
2026-07-29,102139,ICICI Prudential Income Plus Arbitrage Omni FOF - Growth,66.6640
2026-07-29,102140,ICICI Prudential Income plus Arbitrage Omni FOF - IDCW,51.1540
2026-07-29,102141,ICICI Prudential Diversified Debt Strategy Active FOF - Growth,47.7533
2026-07-29,102142,Sundaram Consumption Fund(Formerly Known as Sundaram Rural and Consumption Fund Regular Plan - Growth),94.7318
2026-07-29,102143,ICICI Prudential Diversified Debt Strategy Active FOF - IDCW,41.6532
2026-07-29,102251,HSBC Flexi Cap Fund - Regular IDCW,42.4882
2026-07-29,102252,HSBC Flexi Cap Fund - Regular Growth,227.3489
2026-07-29,102260,HSBC Conservative Hybrid Fund - Regular Monthly IDCW,12.839
2026-07-29,102261,HSBC Conservative Hybrid Fund - Regular Quarterly IDCW,16.9264
2026-07-29,102262,HSBC Conservative Hybrid Fund - Regular Growth,63.5876
2026-07-29,102330,ICICI Prudential Regular Savings Fund - Plan - Growth,79.3592
2026-07-29,102331,ICICI Prudential Regular Savings Fund - Plan - Monthly IDCW,13.8418
2026-07-29,102528,ICICI Prudential MidCap Fund - Growth,336.90
2026-07-29,102529,ICICI Prudential MidCap Fund - IDCW,43.66
2026-07-29,102591,Kotak Savings Fund -Growth,45.6889
2026-07-29,102592,Kotak Savings Fund -Monthly Payout of Income Distribution cum capital withdrawal option,10.7417
2026-07-29,102594,ICICI Prudential Value Fund (erstwhile Value Discovery Fund) - Growth,464.86
2026-07-29,102595,ICICI Prudential Value Fund (erstwhile Value Discovery Fund) - IDCW,35.16
2026-07-29,102741,ICICI Prudential Medium Term Bond Fund - Growth,48.3494
2026-07-29,102874,Kotak-Small Cap Fund - Payout of Income Distribution cum capital withdrawal option,117.43
2026-07-29,102875,Kotak-Small Cap Fund - Growth,269.17
2026-07-29,102913,CANARA ROBECO SAVINGS FUND - REGULAR PLAN - GROWTH OPTION,44.9560
2026-07-29,102914,CANARA ROBECO SAVINGS FUND - REGULAR PLAN - IDCW (Payout/Reinvestment),37.4554
2026-07-29,102915,CANARA ROBECO SAVINGS FUND - REGULAR PLAN - WEEKLY IDCW (Payout/Reinvestment),10.2600
2026-07-29,102920,CANARA ROBECO LARGE AND MID CAP FUND - REGULAR PLAN - GROWTH OPTION,257.7800
2026-07-29,102921,CANARA ROBECO LARGE AND MID CAP FUND - REGULAR PLAN - IDCW (Payout/Reinvestment),83.7200
2026-07-29,103039,Kotak Contra Fund - Regular Plan - IDCW - Payout & Re-investment of Income Distribution cum capital withdrawal option,52.871
2026-07-29,103040,Kotak Contra Fund - Regular Plan - Growth,153.384
2026-07-29,103149,ICICI Prudential Infrastructure Fund - Growth,202.13
2026-07-29,103150,ICICI Prudential Infrastructure Fund - IDCW,28.46
2026-07-29,103225,quant Liquid Fund - Growth Option - Regular Plan,43.8506
2026-07-29,103226,quant Liquid Fund-Daily IDCW Option - Regular Plan,12.6305
2026-07-29,103227,quant Liquid Fund - Weekly IDCW Option - Regular Plan,14.5063
2026-07-29,103228,quant Liquid Fund - Monthly IDCW Option - Regular Plan,15.1489
2026-07-29,103233,Kotak Large & Midcap Fund - IDCW-Regular,61.652
2026-07-29,103234,Kotak Large & Midcap Fund - Growth-Regular,353.385
2026-07-29,103312,ICICI Prudential Exports & Services Fund - Growth,168.46
2026-07-29,103313,ICICI Prudential Exports & Services Fund - IDCW,37.97
2026-07-29,103338,Kotak ELSS Tax Saver Fund-Payout of Income Distribution cum capital withdrawal option,43.715
2026-07-29,103339,Kotak ELSS Tax Saver Fund-Growth,116.808
2026-07-29,103340,ICICI Prudential Liquid Fund - Growth,412.6014
2026-07-29,103342,ICICI Prudential Liquid Fund - Weekly IDCW,100.1875
2026-07-29,103343,ICICI Prudential Liquid Fund - Daily IDCW,100.1482
2026-07-29,103389,CANARA ROBECO INFRASTRUCTURE FUND - REGULAR PLAN - IDCW (Payout/Reinvestment),64.0400
2026-07-29,103390,CANARA ROBECO INFRASTRUCTURE FUND - REGULAR PLAN - GROWTH OPTION,166.8400
2026-07-29,103490,Quantum Value Fund - Direct Plan Growth Option,127.90
2026-07-29,103491,Quantum Value Fund - Direct Plan IDCW,128.16
2026-07-29,103633,ICICI Prudential Money Market Fund Option - Growth,406.0316
2026-07-29,103634,ICICI Prudential Money Market Fund Option - Daily IDCW,100.1295
2026-07-29,103635,ICICI Prudential Money Market Fund Option - Weekly IDCW,100.7321
2026-07-29,103734,Quantum Liquid Fund - Direct Plan Growth Option,37.4567
2026-07-29,103735,Quantum Liquid Fund - Direct Plan Monthly IDCW,10.0198
2026-07-29,103736,Quantum Liquid Fund - Direct Plan Daily IDCW,10.0119
2026-07-29,103743,Sundaram Consumption Fund (Formerly Known as Sundaram Rural and Consumption Fund Regular Plan - Income Distribution cum Capital Withdrawal (IDCW),24.7589
2026-07-29,103780,JM Arbitrage Fund (Regular) - Growth Option,34.5624
2026-07-29,103781,JM Arbitrage Fund (Regular) - IDCW,16.0417
2026-07-29,104513,quant Large & Mid Cap Fund - Growth Option,125.2448
2026-07-29,104514,quant Large & Mid Cap Fund - IDCW Option - Regular Plan,76.4493
2026-07-29,104559,CANARA ROBECO SAVINGS FUND - REGULAR PLAN - DAILY IDCW (Reinvestment),10.2600
2026-07-29,104681,ICICI Prudential Arbitrage Fund - IDCW,15.4305
2026-07-29,104683,ICICI Prudential Arbitrage Fund - Growth,36.5180
2026-07-29,104685,ICICI Prudential Balanced Advantage Fund - Growth,78.73
2026-07-29,104686,ICICI Prudential Balanced Advantage Fund - IDCW,18.37
2026-07-29,104907,Kotak Midcap Fund - Regular Plan - IDCW -Payout & Re-investment of Income Distribution cum capital withdrawal option,80.263
2026-07-29,104908,Kotak Midcap Fund - Regular Plan - Growth,146.138
2026-07-29,105000,Sundaram Large and Midcap Regular Plan - Income Distribution cum Capital Withdrawal (IDCW),30.8335
2026-07-29,105001,Sundaram Large and Midcap Fund Regular Plan - Growth,91.3597
2026-07-29,105417,Taurus Infrastructure Fund - Regular Plan - Growth,64.28
2026-07-29,105418,Taurus Infrastructure Fund - Regular Plan - Payout of Income Distribution cum Capital Withdrawal option,60.38
2026-07-29,105637,JM Dynamic Bond Fund (Regular) - Weekly IDCW,10.5418
2026-07-29,105639,JM Dynamic Bond Fund (Regular) - Daily IDCW,10.0496
2026-07-29,105967,Kotak Arbitrage Fund - Regular Plan - IDCW - Payout & Re-investment of Income Distribution cum capital withdrawal option,10.7197
2026-07-29,105968,Kotak Arbitrage Fund - Regular Plan - Growth,39.8945
2026-07-29,106166,CANARA ROBECO EQUITY HYBRID FUND - REGULAR PLAN - GROWTH OPTION,368.5600
2026-07-29,106167,CANARA ROBECO EQUITY HYBRID FUND - REGULAR PLAN - MONTHLY IDCW (Payout/Reinvestment),92.6800
2026-07-29,106168,JM Value Fund (Regular) - IDCW,65.6654
2026-07-29,106169,quant Infrastructure Fund - IDCW Option - Regular Plan,40.9295
2026-07-29,106170,quant Infrastructure Fund - Growth Option,41.0211
2026-07-29,106193,KOTAK GOLD ETF,117.9001
2026-07-29,106822,ICICI Prudential Smallcap Fund - IDCW,33.15
2026-07-29,106823,ICICI Prudential Smallcap Fund - Growth,89.28
2026-07-29,106929,Kotak Nifty PSU Bank ETF,83.317
2026-07-29,107287,JM ELSS Tax Saver Fund (Regular) - IDCW,51.3842
2026-07-29,107288,JM ELSS Tax Saver Fund (Regular) - Growth option,51.385
2026-07-29,107409,JM Focused Fund (Regular) - IDCW,20.2063
2026-07-29,107410,JM Focused Fund (Regular) - Growth Option,20.2071
2026-07-29,107693,Quantum Gold ETF,117.0405
2026-07-29,108402,Taurus ELSS Tax Saver Fund - Regular Plan - Payout of Income Distribution cum Capital Withdrawal option,85.39
2026-07-29,108403,Taurus Large Cap Fund - Regular Plan - Payout of Income Distribution cum Capital Withdrawal option,72.32
2026-07-29,108465,ICICI Prudential Large Cap Fund (erstwhile Bluechip Fund)  - IDCW,29.40
2026-07-29,108466,ICICI Prudential Large Cap Fund (erstwhile Bluechip Fund)  - Growth,109.03
2026-07-29,108479,Quantum Nifty 50 ETF,266.8371
2026-07-29,108511,Kotak Dynamic Bond Fund Regular Plan Growth,39.5063
2026-07-29,109010,Kotak BSE Sensex ETF,85.1736
2026-07-29,109058,Sundaram Financial Services Opportunities Fund Regular Plan - Income Distribution cum Capital Withdrawal (IDCW),28.8838
2026-07-29,109059,Sundaram Financial Services Opportunities Fund Regular Plan - Growth,107.7765
2026-07-29,109254,BANK OF INDIA Liquid Fund- Regular Plan- Growth,3212.5529
2026-07-29,109255,BANK OF INDIA Liquid Fund- Regular Plan- Weekly IDCW,1005.3157
2026-07-29,109264,BANK OF INDIA Ultra Short Duration Fund- Regular Plan- Weekly IDCW,1005.2437
2026-07-29,109269,BANK OF INDIA Ultra Short Duration Fund- Regular Plan- Growth,3363.7625
2026-07-29,109274,quant Focused Fund - IDCW Option - Regular Plan,68.5311
2026-07-29,109275,quant Focused Fund - Growth Option - Regular Plan,92.1675
2026-07-29,109349,CANARA ROBECO LIQUID FUND - REGULAR PLAN - DAILY IDCW (Reinvestment),1005.5000
2026-07-29,109350,CANARA ROBECO LIQUID FUND - REGULAR PLAN - WEEKLY IDCW (Payout/Reinvestment),1000.3684
2026-07-29,109351,CANARA ROBECO LIQUID FUND - REGULAR PLAN - MONTHLY IDCW (Payout/Reinvestment),1000.3703
2026-07-29,109353,CANARA ROBECO LIQUID FUND - REGULAR PLAN - GROWTH OPTION,3355.7462
2026-07-29,109366,CANARA ROBECO ULTRA SHORT TERM FUND - REGULAR PLAN - WEEKLY IDCW (Payout/Reinvestment),1240.7100
2026-07-29,109370,CANARA ROBECO ULTRA SHORT TERM FUND - REGULAR PLAN - MONTHLY IDCW (Payout/Reinvestment),1000.7263
2026-07-29,109371,CANARA ROBECO ULTRA SHORT TERM FUND - REGULAR PLAN - GROWTH OPTION,4039.0927
2026-07-29,109372,CANARA ROBECO ULTRA SHORT TERM FUND - REGULAR PLAN - DAILY IDCW (Reinvestment),1240.7100
2026-07-29,109445,ICICI Prudential Banking and Financial Services Fund -  Growth,130.90
2026-07-29,109446,ICICI Prudential Banking and Financial Services Fund -  IDCW,24.98
2026-07-29,109522,JM Flexicap Fund (Regular) - Growth option,97.8558
2026-07-29,109523,JM Flexicap Fund (Regular) - IDCW,75.4055
2026-07-29,109740,ICICI Prudential Bond Fund - Growth,42.2654
2026-07-29,109741,ICICI Prudential Bond Fund - IDCW Monthly,11.3005
2026-07-29,109743,ICICI Prudential Bond Fund - IDCW Quarterly,11.5709
2026-07-29,109830,quant Flexi Cap Fund - Growth Option - Regular Plan,108.1529
2026-07-29,109831,quant Flexi Cap Fund - IDCW Option - Regular Plan,77.2989
2026-07-29,110598,BANK OF INDIA Large & Mid Cap Fund Regular Plan- Quarterly IDCW,33.81
2026-07-29,110599,BANK OF INDIA Large & Mid Cap Fund Eco Plan- Growth,102.83
2026-07-29,110601,BANK OF INDIA Large & Mid Cap Fund Eco Plan-Bonus,102.83
2026-07-29,110603,BANK OF INDIA Large & Mid Cap Fund Regular Plan- Growth,92.84
2026-07-29,110604,BANK OF INDIA Large & Mid Cap Fund Eco Plan-Quarterly IDCW,29.01
2026-07-29,110606,BANK OF INDIA Large & Mid Cap Fund Regular Plan-Bonus,92.83
2026-07-29,110607,BANK OF INDIA Large & Mid Cap Fund Regular Plan- Regular IDCW,27.71
2026-07-29,110608,BANK OF INDIA Large & Mid Cap Fund Eco Plan-Regular IDCW,28.79
2026-07-29,111545,ICICI Prudential Floating Interest Fund - Weekly IDCW,102.2874
2026-07-29,111549,Quantum ELSS Tax Saver Fund - Direct Plan Growth Option,127.73
2026-07-29,111550,Quantum ELSS Tax Saver Fund - Direct Plan IDCW,126.91
2026-07-29,111585,BANK OF INDIA Short Term Income Fund-Regular Plan- Growth,28.2787
2026-07-29,111589,BANK OF INDIA Short Term Income Fund-Regular Plan- Monthly IDCW,14.5113
2026-07-29,111590,BANK OF INDIA Short Term Income Fund-Regular Plan- Quarterly IDCW,14.3003
2026-07-29,111640,Taurus Flexi Cap Fund - Regular Plan - Payout of Income Distribution cum Capital Withdrawal option,113.93
2026-07-29,111642,Taurus Mid Cap Fund - Regular Plan - Payout of Income Distribution cum Capital Withdrawal option,112.21
2026-07-29,111708,BANK OF INDIA ELSS Tax Saver -Regular Plan-IDCW,31.38
2026-07-29,111709,BANK OF INDIA ELSS Tax Saver -ECO Plan-Growth,176.69
2026-07-29,111710,BANK OF INDIA ELSS Tax Saver -Regular Plan- Growth,162.88
2026-07-29,111711,BANK OF INDIA ELSS Tax Saver -ECO Plan-IDCW,29.33
2026-07-29,111712,BANK OF INDIA Conservative Hybrid Fund-Regular Plan-Growth,35.1687
2026-07-29,111713,BANK OF INDIA Conservative Hybrid Fund-Regular Plan-Quarterly IDCW,18.7666
2026-07-29,111714,BANK OF INDIA Conservative Hybrid Fund-Regular Plan-Annual IDCW,17.0723
2026-07-29,111715,BANK OF INDIA Conservative Hybrid Fund-ECO Plan-Growth,36.5370
2026-07-29,111716,BANK OF INDIA Conservative Hybrid Fund-Regular Plan-Monthly IDCW,18.1063
2026-07-29,111717,BANK OF INDIA Conservative Hybrid Fund-ECO Plan-Monthly IDCW,27.6767
2026-07-29,111722,CANARA ROBECO ELSS TAX SAVER - REGULAR PLAN - GROWTH OPTION,178.7500
2026-07-29,111787,Taurus Ethical Fund - Regular Plan - Growth,128.98
2026-07-29,111788,Taurus Ethical Fund - Regular Plan - Payout of Income Distribution cum Capital Withdrawal option,87.19
2026-07-29,111903,Taurus Ethical Fund -  Regular Plan - Bonus Option,128.96
2026-07-29,111957,ICICI Prudential Focused Equity Fund - Growth,95.50
2026-07-29,111958,ICICI Prudential Focused Equity Fund - IDCW,28.13
2026-07-29,111962,CANARA ROBECO DYNAMIC BOND FUND - REGULAR PLAN - GROWTH OPTION,29.8000
2026-07-29,111963,CANARA ROBECO DYNAMIC BOND FUND - REGULAR PLAN - IDCW (Payout/Reinvestment),13.2965
2026-07-29,111970,BANK OF INDIA Ultra Short Duration Fund- Regular Plan- Daily IDCW,1005.0000
2026-07-29,111971,BANK OF INDIA Liquid Fund- Regular Plan- Daily IDCW,1005.0000
2026-07-29,111987,ICICI Prudential Corporate Bond Fund - Growth,31.8678
2026-07-29,111991,ICICI Prudential Corporate Bond Fund - Monthly IDCW,10.3983
2026-07-29,111992,ICICI Prudential Corporate Bond Fund -Quarterly IDCW,11.3693
2026-07-29,112089,Kotak Flexicap Fund - Payout of Income Distribution cum capital withdrawal option,51.578
2026-07-29,112090,Kotak Flexicap Fund - Growth,85.415
2026-07-29,112096,ICICI Prudential All Seasons Bond Fund - Growth,39.0872
2026-07-29,112097,ICICI Prudential All Seasons Bond Fund - IDCW,24.3066
2026-07-29,112152,CANARA ROBECO CONSUMPTION FUND - REGULAR PLAN - GROWTH OPTION,107.9600
2026-07-29,112153,CANARA ROBECO CONSUMPTION FUND - REGULAR PLAN - IDCW (Payout/Reinvestment),46.3800
2026-07-29,112342,ICICI Prudential Banking and PSU Debt Fund - Growth,34.7877
2026-07-29,112351,Kotak Nifty 50 ETF,269.0239
2026-07-29,112359,BANK OF INDIA Manufacturing & Infrastructure Fund-Growth,66.51
2026-07-29,112360,BANK OF INDIA Manufacturing & Infrastructure Fund-Quarterly IDCW,43.17
2026-07-29,112361,BANK OF INDIA Manufacturing & Infrastructure Fund-Regular IDCW,42.39
2026-07-29,112378,CANARA ROBECO CONSERVATIVE HYBRID FUND - REGULAR PLAN - QUARTERLY IDCW (Payout/Reinvestment),13.5092
2026-07-29,112636,Navi Liquid Fund-Regular Plan-Growth Option,30.1404
2026-07-29,112645,Navi Liquid Fund - Regular Plan Daily IDCW,10.0439
2026-07-29,112646,Navi Liquid Fund - Regular Plan Weekly IDCW,10.0073
2026-07-29,112647,Navi Liquid Fund - Regular Plan Monthly IDCW,10.0643
2026-07-29,112868,Sundaram Conservative Hybrid Fund (Formerly Known as Sundaram Debt Oriented Hybrid Fund) Regular Plan - Growth,29.5324
2026-07-29,112870,Sundaram Conservative Hybrid Fund (Formerly Known as Sundaram Debt Oriented Hybrid Fund) Regular Plan -Income Distribution cum Capital Withdrawal (IDCW),18.4423
2026-07-29,112948,Taurus Nifty 50 Index Fund - Regular Plan - Growth,46.1048
2026-07-29,112949,Taurus Nifty 50 Index Fund - Regular Plan - Payout of Income Distribution cum Capital Withdrawal option,29.3956
2026-07-29,112957,ICICI Prudential Nifty Next 50 Index Fund - Growth,63.7893
2026-07-29,112958,ICICI Prudential Nifty Next 50 Index Fund -IDCW,63.7885
2026-07-29,113076,ICICI Prudential Gold ETF,120.9979
2026-07-29,113097,ICICI Prudential Regular Savings Fund - Plan - Quarterly IDCW,12.2479
2026-07-29,113098,ICICI Prudential Regular Savings Fund - Plan - Half Yearly IDCW,13.1774
2026-07-29,113137,ICICI Prudential Medium Term Bond Fund - Quarterly IDCW,10.9936
2026-07-29,113144,CANARA ROBECO SAVINGS FUND - REGULAR PLAN - MONTHLY IDCW (Payout/Reinvestment),10.2600
2026-07-29,113218,ICICI Prudential All Seasons Bond Fund - Annual IDCW,11.5097
2026-07-29,113221,CANARA ROBECO LARGE CAP FUND - REGULAR PLAN - GROWTH OPTION,61.9100
2026-07-29,113222,CANARA ROBECO LARGE CAP FUND - REGULAR PLAN - IDCW (Payout/Reinvestment),28.5900
2026-07-29,113403,ICICI Prudential All Seasons Bond Fund - Quarterly IDCW,11.9302
2026-07-29,114239,ICICI Prudential Credit Risk Fund - Growth,34.5874
2026-07-29,114240,ICICI Prudential Credit Risk Fund - Quarterly IDCW,11.3478
2026-07-29,114457,Kotak Large Cap Fund - Payout of Income Distribution cumcapital withdrawal option,73.253
2026-07-29,114458,Kotak Large Cap Fund - Growth,567.486
2026-07-29,114757,Kotak Gold Fund Payout of Income Distribution cum capital withdrawal option,53.9214
2026-07-29,114758,Kotak Gold Fund Growth,53.9225
2026-07-29,114858,Kotak Debt Hybrid - Monthly Payout of Income Distribution cum capital withdrawal option,12.2585
2026-07-29,114859,Kotak Debt Hybrid - Growth,59.8749
2026-07-29,115077,CANARA ROBECO SHORT DURATION FUND - REGULAR PLAN - GROWTH OPTION,26.8047
2026-07-29,115078,CANARA ROBECO SHORT DURATION FUND - REGULAR PLAN - MONTHLY IDCW (Payout/Reinvestment),15.8371
2026-07-29,115079,CANARA ROBECO SHORT DURATION FUND - REGULAR PLAN - QUARTERLY IDCW (Payout/Reinvestment),15.4442
2026-07-29,115091,ICICI Prudential Ultra Short Term Fund - Quarterly IDCW,11.0446
2026-07-29,115092,ICICI Prudential Ultra Short Term Fund - Growth,29.5983
2026-07-29,115094,ICICI Prudential Ultra Short Term Fund - Monthly IDCW,10.6961
2026-07-29,115132,Quantum Gold ETF FOF - Direct Plan Growth Option,54.1025
2026-07-29,115505,ICICI Prudential Liquid Fund - IDCW Others,191.7556
2026-07-29,115510,ICICI Prudential Floating Interest Fund - IDCW Others,200.5717
2026-07-29,115511,ICICI Prudential Savings Fund - IDCW Others,195.1994
2026-07-29,115833,ICICI Prudential Gold ETF FOF - Growth,43.5288
2026-07-29,115834,ICICI Prudential Gold ETF FOF - IDCW,43.5298
2026-07-29,115991,Groww Liquid Fund (formerly known as Indiabulls Liquid Fund) - Regular Plan - Growth Option,2696.2127
2026-07-29,115992,Groww Liquid Fund (formerly known as Indiabulls Liquid Fund)- Regular Plan- - Income Distribution cum capital withdrawal Option (Reinvestment),1002.0894
2026-07-29,115993,Groww Liquid Fund (formerly known as Indiabulls Liquid Fund)- Regular Plan- Weekly - Income Distribution cum capital withdrawal Option (Payout & Reinvestment),1002.0835
2026-07-29,115994,Groww Liquid Fund (formerly known as Indiabulls Liquid) Fund- Regular Plan- Fortnightly - Income Distribution cum capital withdrawal Option (Payout & Reinvestment),1002.0644
2026-07-29,115995,Groww Liquid Fund (formerly known as Indiabulls Liquid Fund)- Regular Plan- Monthly - Income Distribution cum capital withdrawal Option (Payout & Reinvestment),1005.9358
2026-07-29,116174,ICICI Prudential Banking and PSU Debt Fund - Quarterly IDCW,11.1687
2026-07-29,116547,Groww Largecap Fund (formerly known as Indiabulls Blue Chip Fund) - Regular Plan- Growth Option,42.97
2026-07-29,116548,Groww Largecap Fund (formerly known as Indiabulls Bluechip Fund)- Regular Plan- - Income Distribution cum capital withdrawal Option (Payout & Reinvestment),24.21
2026-07-29,117312,Taurus Banking & Financial Services Fund - Regular Plan - Growth,53.31
2026-07-29,117313,Taurus Banking & Financial Services Fund - Regular Plan - Payout of Income Distribution cum Capital Withdrawal option,47.73
2026-07-29,117715,Kotak Credit Risk Fund - Regular Plan - Standard Income Distribution cum capital withdrawal option,13.7855
2026-07-29,117716,Kotak Credit Risk Fund - Growth,31.6989
2026-07-29,117998,Kotak Dynamic Bond Fund Regular Plan - Standard Income Distribution cum capital withdrawal option,14.8838
2026-07-29,118267,CANARA ROBECO INFRASTRUCTURE FUND - DIRECT PLAN - GROWTH OPTION,190.0300
2026-07-29,118268,CANARA ROBECO INFRASTRUCTURE FUND - DIRECT PLAN - IDCW (Payout/Reinvestment),90.7400
2026-07-29,118269,CANARA ROBECO LARGE CAP FUND - DIRECT PLAN - GROWTH OPTION,72.3800
2026-07-29,118270,CANARA ROBECO LARGE CAP FUND - DIRECT PLAN - IDCW (Payout/Reinvestment),52.7600
2026-07-29,118271,CANARA ROBECO EQUITY HYBRID FUND - DIRECT PLAN - MONTHLY IDCW (Payout/Reinvestment),131.5600
2026-07-29,118272,CANARA ROBECO EQUITY HYBRID FUND - DIRECT PLAN - GROWTH OPTION,421.8300
2026-07-29,118273,CANARA ROBECO CONSUMPTION FUND - DIRECT PLAN - GROWTH OPTION,125.7200
2026-07-29,118274,CANARA ROBECO CONSUMPTION FUND - DIRECT PLAN - IDCW (Payout/Reinvestment),85.7900
2026-07-29,118275,CANARA ROBECO FLEXICAP FUND - DIRECT PLAN - GROWTH OPTION,389.1600
2026-07-29,118276,CANARA ROBECO FLEXICAP FUND - DIRECT PLAN - IDCW (Payout/Reinvestment),91.8600
2026-07-29,118277,CANARA ROBECO LARGE AND MID CAP FUND - DIRECT PLAN - IDCW (Payout/Reinvestment),128.7300
2026-07-29,118278,CANARA ROBECO LARGE AND MID CAP FUND - DIRECT PLAN - GROWTH OPTION,298.3000
2026-07-29,118281,CANARA ROBECO INCOME FUND - DIRECT PLAN - QUARTERLY IDCW (Payout/Reinvestment),16.9053
2026-07-29,118282,CANARA ROBECO INCOME FUND - DIRECT PLAN - GROWTH OPTION,64.6753
2026-07-29,118283,CANARA ROBECO DYNAMIC BOND FUND - DIRECT PLAN - IDCW (Payout/Reinvestment),15.0050
2026-07-29,118284,CANARA ROBECO DYNAMIC BOND FUND - DIRECT PLAN - GROWTH OPTION,33.2462
2026-07-29,118285,CANARA ROBECO ELSS TAX SAVER - DIRECT PLAN - GROWTH OPTION,202.0900
2026-07-29,118286,CANARA ROBECO ELSS TAX SAVER - DIRECT PLAN - IDCW (Payout),78.3600
2026-07-29,118291,CANARA ROBECO SAVINGS FUND - DIRECT PLAN - GROWTH OPTION,46.3327
2026-07-29,118292,CANARA ROBECO SAVINGS FUND - DIRECT PLAN - IDCW (Payout/Reinvestment),38.4960
2026-07-29,118293,CANARA ROBECO SAVINGS FUND - DIRECT PLAN - DAILY IDCW (Reinvestment),10.2600
2026-07-29,118294,CANARA ROBECO SAVINGS FUND - DIRECT PLAN - WEEKLY IDCW (Payout/Reinvestment),10.2600
2026-07-29,118295,CANARA ROBECO SAVINGS FUND - DIRECT PLAN - MONTHLY IDCW (Payout/Reinvestment),10.2600
2026-07-29,118298,CANARA ROBECO GILT FUND - DIRECT PLAN - IDCW (Payout/Reinvestment),16.2272
2026-07-29,118299,CANARA ROBECO GILT FUND - DIRECT PLAN - GROWTH OPTION,83.4276
2026-07-29,118304,CANARA ROBECO LIQUID FUND - DIRECT PLAN - IDCW (Payout/Reinvestment),2248.2804
2026-07-29,118305,CANARA ROBECO LIQUID FUND - DIRECT PLAN - GROWTH OPTION,3377.8786
2026-07-29,118306,CANARA ROBECO LIQUID FUND - DIRECT PLAN - MONTHLY IDCW (Payout/Reinvestment),1000.5550
2026-07-29,118307,CANARA ROBECO LIQUID FUND - DIRECT PLAN - DAILY IDCW (Reinvestment),1005.5000
2026-07-29,118308,CANARA ROBECO LIQUID FUND - DIRECT PLAN - WEEKLY IDCW (Payout/Reinvestment),1000.3684
2026-07-29,118309,CANARA ROBECO CONSERVATIVE HYBRID FUND - DIRECT PLAN - GROWTH OPTION,115.8413
2026-07-29,118310,CANARA ROBECO CONSERVATIVE HYBRID FUND - DIRECT PLAN - QUARTERLY IDCW (Payout/Reinvestment),16.2262
2026-07-29,118311,CANARA ROBECO CONSERVATIVE HYBRID FUND - DIRECT PLAN - MONTHLY IDCW (Payout/Reinvestment),16.1722
2026-07-29,118315,CANARA ROBECO ULTRA SHORT TERM FUND - DIRECT PLAN - DAILY IDCW (Reinvestment),1240.7100
2026-07-29,118316,CANARA ROBECO ULTRA SHORT TERM FUND - DIRECT PLAN - WEEKLY IDCW (Payout/Reinvestment),1240.7100
2026-07-29,118317,CANARA ROBECO ULTRA SHORT TERM FUND - DIRECT PLAN - GROWTH OPTION,4323.6219
2026-07-29,118318,CANARA ROBECO ULTRA SHORT TERM FUND - DIRECT PLAN - MONTHLY IDCW (Payout/Reinvestment),1000.7266
2026-07-29,118319,CANARA ROBECO ULTRA SHORT TERM FUND - DIRECT PLAN - IDCW (Payout/Reinvestment),2301.2388
2026-07-29,118320,CANARA ROBECO SHORT DURATION FUND - DIRECT PLAN - GROWTH OPTION,29.4405
2026-07-29,118321,CANARA ROBECO SHORT DURATION FUND - DIRECT PLAN - MONTHLY IDCW (Payout/Reinvestment),18.5108
2026-07-29,118322,CANARA ROBECO SHORT DURATION FUND - DIRECT PLAN - QUARTERLY IDCW (Payout/Reinvestment),17.2718
2026-07-29,118866,Taurus ELSS Tax Saver Fund - Direct Plan - Growth,199.97
2026-07-29,118867,Taurus ELSS Tax Saver Fund - Direct Plan - Payout of Income Distribution cum Capital Withdrawal option,92.16
2026-07-29,118868,Taurus Banking & Financial Services Fund - Direct Plan - Growth,60.04
2026-07-29,118869,Taurus Banking & Financial Services Fund - Direct Plan - Payout of Income Distribution cum Capital Withdrawal option,59.35
2026-07-29,118870,Taurus Large Cap Fund - Direct Plan - Growth,175.03
2026-07-29,118871,Taurus Large Cap Fund - Direct Plan - Payout of Income Distribution cum Capital Withdrawal option,77.09
2026-07-29,118872,Taurus Mid Cap Fund - Direct Plan - Growth,133.52
2026-07-29,118873,Taurus Mid Cap Fund - Direct Plan - Payout of Income Distribution cum Capital Withdrawal option,118.61
2026-07-29,118876,Taurus Ethical Fund - Direct Plan - Growth,147.43
2026-07-29,118877,Taurus Ethical Fund - Direct Plan - Payout of Income Distribution cum Capital Withdrawal option,98.97
2026-07-29,118878,Taurus Ethical Fund-Direct Plan-Bonus Option #,48.32
2026-07-29,118879,Taurus Infrastructure Fund - Direct Plan - Growth,69.38
2026-07-29,118880,Taurus Infrastructure Fund - Direct Plan - Payout of Income Distribution cum Capital Withdrawal option,64.61
2026-07-29,118881,Taurus Nifty 50 Index Fund - Direct Plan - Growth,49.2444
2026-07-29,118882,Taurus Nifty 50 Index Fund - Direct Plan - Payout of Income Distribution cum Capital Withdrawal option,46.0871
2026-07-29,118883,Taurus Flexi Cap Fund - Direct Plan - Growth,244.42
2026-07-29,118884,Taurus Flexi Cap Fund - Direct Plan -  Payout of Income Distribution cum Capital Withdrawal option,123.32
2026-07-29,118901,HSBC Liquid Fund - Regular Daily IDCW,1001.3789
2026-07-29,118902,HSBC Liquid Fund - Regular Growth,2779.4517
2026-07-29,118903,HSBC Liquid Fund - Regular Monthly IDCW,1002.5896
2026-07-29,118904,HSBC Liquid Fund - Regular Weekly IDCW,1107.6551
2026-07-29,118906,HSBC Liquid Fund - IDCW,1019.3
2026-07-29,118907,HSBC Liquid Fund - Growth,4010.2049
2026-07-29,118908,HSBC Liquid Fund - Weekly IDCW,1001.4756
2026-07-29,118909,HSBC Liquid Fund - Institutional Daily IDCW,1562.8262
2026-07-29,119133,Groww Largecap Fund (formerly known as Indiabulls Blue Chip Fund) - Direct Plan - Growth Option,52.23
2026-07-29,119134,Groww Largecap Fund (formerly known as Indiabulls Bluechip Fund)- Direct Plan- - Income Distribution cum capital withdrawal Option (Payout & Reinvestment),30.25
2026-07-29,119135,Groww Liquid Fund ( formerly known as Indiabulls Liquid )Fund - Direct Plan - Growth Option,2732.1584
2026-07-29,119136,Groww Liquid Fund (formerly known as Indiabulls Liquid Fund) - Direct Plan- - Income Distribution cum capital withdrawal Option ( Reinvestment),1002.0907
2026-07-29,119137,Groww Liquid Fund (formerly known as Indiabulls Liquid Fund)- Direct Plan- Weekly - Income Distribution cum capital withdrawal Option (Payout & Reinvestment),1002.0902
2026-07-29,119138,Groww Liquid Fund (formerly known as Indiabulls Liquid Fund)- Direct Plan- Fortnightly - Income Distribution cum capital withdrawal Option (Payout & Reinvestment),1002.0723
2026-07-29,119139,Groww Liquid Fund (formerly known as Indiabulls Liquid Fund)- Direct Plan- Monthly - Income Distribution cum capital withdrawal Option (Payout & Reinvestment),1033.7657
2026-07-29,119161,Navi Liquid Fund - Direct Plan Monthly IDCW - Payout,10.0649
2026-07-29,119162,Navi Liquid Fund - Direct Plan Weekly IDCW - Payout,10.007
2026-07-29,119163,Navi Liquid Fund - Direct Plan Daily IDCW - ReInvestment,10.0129
2026-07-29,119164,Navi Liquid Fund-Direct Plan-Growth Option,30.426
2026-07-29,119300,BANK OF INDIA Large & Mid Cap Fund Direct Plan- Bonus,55.81
2026-07-29,119346,BANK OF INDIA Large & Mid Cap Fund Direct Plan-Regular IDCW,29.57
2026-07-29,119349,BANK OF INDIA Large & Mid Cap Fund Direct  Plan- Quarterly IDCW,30.01
2026-07-29,119350,BANK OF INDIA Large & Mid Cap Fund Direct Plan-Growth,108.10
2026-07-29,119351,BANK OF INDIA ELSS Tax Saver -Direct Plan- Growth,192.08
2026-07-29,119352,BANK OF INDIA ELSS Tax Saver -Direct Plan-IDCW,76.71
2026-07-29,119363,BANK OF INDIA Manufacturing & Infrastructure Fund-Direct Plan-Regular IDCW,74.65
2026-07-29,119364,BANK OF INDIA Manufacturing & Infrastructure Fund-Direct Plan-Growth,79.12
2026-07-29,119365,BANK OF INDIA Manufacturing & Infrastructure Fund-Direct Plan-Quarterly IDCW,77.78
2026-07-29,119368,BANK OF INDIA Liquid Fund- Direct Plan- Daily IDCW,1005.0000
2026-07-29,119369,BANK OF INDIA Liquid Fund- Direct Plan- Growth,3245.9869
2026-07-29,119370,BANK OF INDIA Liquid Fund- Direct Plan- Weekly IDCW,1005.3189
2026-07-29,119379,BANK OF INDIA Ultra Short Duration Fund- Direct Plan- Growth,3499.6344
2026-07-29,119380,BANK OF INDIA Ultra Short Duration Fund- Direct Plan- Daily IDCW,1005.0001
2026-07-29,119381,BANK OF INDIA Ultra Short Duration Fund- Direct Plan- Weekly IDCW,1005.2747
2026-07-29,119382,BANK OF INDIA Short Term Income Fund-Direct Plan- Growth,30.9351
2026-07-29,119383,BANK OF INDIA Short Term Income Fund-Direct Plan- Monthly IDCW,15.0402
2026-07-29,119384,BANK OF INDIA Short Term Income Fund-Direct Plan- Quarterly IDCW,14.2612
2026-07-29,119393,BANK OF INDIA Conservative Hybrid Fund Fund-Direct Plan-Growth,37.9916
2026-07-29,119394,BANK OF INDIA Conservative Hybrid Fund-Direct Plan-Monthly IDCW,16.9228
2026-07-29,119395,BANK OF INDIA Conservative Hybrid  Fund-Direct Plan-Quarterly IDCW,18.6657
2026-07-29,119396,BANK OF INDIA Conservative Hybrid Fund-Direct Plan-Annual IDCW,17.3111
2026-07-29,119548,Sundaram Value Fund Direct Plan - Income Distribution cum Capital Withdrawal (IDCW),18.4750
2026-07-29,119549,Sundaram Value Fund Direct Plan - Growth,225.8112
2026-07-29,119565,Sundaram Large and Midcap Direct Plan - Income Distribution cum Capital Withdrawal (IDCW),35.8364
2026-07-29,119566,Sundaram Large and Midcap Fund Direct Plan - Growth,103.8835
2026-07-29,119581,Sundaram Mid Cap Fund Direct Plan - Growth,1660.5593
2026-07-29,119582,Sundaram Mid Cap Fund Direct Plan - Income Distribution cum Capital Withdrawal (IDCW),72.7221
2026-07-29,119588,Sundaram Small Cap Fund Direct Plan - Income Distribution cum Capital Withdrawal (IDCW),39.6712
2026-07-29,119589,Sundaram Small Cap Fund Direct Plan - Growth,321.8948
2026-07-29,119594,Sundaram Consumption Fund (Formerly Known asSundaram Rural and Consumption Fund Direct Plan - Income Distribution cum Capital Withdrawal (IDCW),27.8715
2026-07-29,119595,Sundaram Consumption Fund (Formerly Known as Sundaram Rural and Consumption Fund Direct Plan - Growth),104.8083
2026-07-29,119596,Sundaram Financial Services Opportunities Fund Direct Plan - Income Distribution cum Capital Withdrawal (IDCW),33.6171
2026-07-29,119597,Sundaram Financial Services Opportunities Fund Direct Plan - Growth,123.2752
2026-07-29,119621,Sundaram Corporate Bond Fund Direct Plan - Growth,44.0110
2026-07-29,119625,Sundaram Banking & PSU Fund (Formerly Known as Sundaram Banking and PSU Debt Fund) Direct Plan - Growth,46.3276
2026-07-29,119626,Sundaram Banking & PSU Fund (Formerly Known as Sundaram Banking and PSU Debt Fund) Direct Plan - Income Distribution cum Capital Withdrawal (IDCW),11.5333
2026-07-29,119630,Sundaram Corporate Bond Fund Direct Plan-Income Distribution cum Capital Withdrawal(IDCW),19.6464
2026-07-29,119635,Sundaram Conservative Hybrid Fund (Formerly Known as Sundaram Debt Oriented Hybrid Fund) Direct Plan - Growth,32.8185
2026-07-29,119637,Sundaram Conservative Hybrid Fund (Formerly Known as Sundaram Debt Oriented Hybrid Fund) Direct Plan -Income Distribution cum Capital Withdrawal (IDCW),20.6185
2026-07-29,119672,Sundaram Medium Duration Fund (Formerly Known as Sundaram Medium Term Bond Fund) Direct Plan-Income Distribution cum Capital Withdrawal (IDCW),27.1392
2026-07-29,119675,Sundaram Medium Duration Fund (Formerly Known as Sundaram Medium Term Bond Fund) Direct Plan - Growth,80.7007
2026-07-29,119734,Kotak Bond Fund - Direct Plan - Standard IDCW option,30.2289
2026-07-29,119735,Kotak Bond Fund - Growth - Direct,90.8231
2026-07-29,119739,Kotak Bond Short Term Plan-(Growth) - Direct,61.1283
2026-07-29,119740,Kotak Credit Risk Fund - Direct Plan - Standard Income Distribution cum capital withdrawal option,27.0483
2026-07-29,119741,Kotak Credit Risk Fund - Growth - Direct,36.0118
2026-07-29,119746,Kotak Money Market Fund - (Growth) - Direct,4858.7858
2026-07-29,119747,Kotak Money Market Fund - (Monthly Payout of Income Distribution cum capital withdrawal option) - Direct,1292.2011
2026-07-29,119750,Kotak Savings Fund-Growth - Direct,48.101
2026-07-29,119751,Kotak Savings Fund-Monthly Payout of Income Distribution cum capital withdrawal option - Direct,20.7392
2026-07-29,119753,Kotak Dynamic Bond Fund - Direct Plan - Standard Income Distribution cum capital withdrawal option,15.2463
2026-07-29,119755,Kotak Dynamic Bond Fund - Growth - Direct,43.4421
2026-07-29,119757,Kotak Gilt-Investment  Provident Fund and Trust-Growth - Direct,114.4561
2026-07-29,119758,Kotak Gilt-Investment Regular-Payout of Income Distribution cum capital withdrawal option - Direct,24.5903
2026-07-29,119759,Kotak Gilt-Investment Regular-Growth - Direct,111.7479
2026-07-29,119764,Kotak Liquid Fund - Direct Plan - Daily Reinvestment of Income Distribution cum capital withdrawal option,1222.81
2026-07-29,119766,Kotak Liquid Fund - Direct Plan - Growth,5694.4033
2026-07-29,119767,Kotak Aggressive Hybrid Fund - Direct Plan - IDCW - Payout & Reinvestment of Income Distribution cum  capital withdrawal option,47.553
2026-07-29,119768,Kotak Contra Fund - Direct Plan - IDCW -Payout & Re-investment of Income Distribution cum capital withdrawal option- Direct,65.213
2026-07-29,119769,Kotak Contra Fund - Direct Plan - Growth,183.26
2026-07-29,119770,Kotak  Arbitrage Fund - Direct Plan - IDCW -Payout &  Reinvestment of Income Distribution cum capital withdrawal option,11.2017
2026-07-29,119771,Kotak Arbitrage Fund - Direct Plan - Growth,42.9118
2026-07-29,119772,Kotak ELSS Tax Saver Fund-Payout of Income Distribution cum capital withdrawal option - Direct,57.991
2026-07-29,119773,Kotak ELSS Tax Saver Fund-Growth - Direct,138.439
2026-07-29,119774,Kotak Midcap Fund  - Direct Plan - IDCW - Payout & Re-investment of Income Distribution cum capital withdrawal option,101.83
2026-07-29,119775,Kotak Midcap Fund - Direct Plan - Growth,170.917
2026-07-29,119780,Kotak Gold Fund Payout of Income Distribution cum capital withdrawal option- Direct,57.0022
2026-07-29,119781,Kotak Gold Fund Growth - Direct,57.0027
2026-07-29,120029,HSBC Large Cap Fund - Direct IDCW,39.86
2026-07-29,120030,HSBC Large Cap Fund - Direct Growth,532.7327
2026-07-29,120037,HSBC Liquid Fund - Direct Daily IDCW,1001.576
2026-07-29,120038,HSBC Liquid Fund -  Growth Direct,2808.1505
2026-07-29,120039,HSBC Liquid Fund - Direct Monthly IDCW,1038.1901
2026-07-29,120040,HSBC Liquid Fund - Direct Weekly IDCW,1195.3619
2026-07-29,120045,HSBC Flexi Cap Fund - Direct IDCW,46.5517
2026-07-29,120046,HSBC Flexi Cap Fund - Direct Growth,255.5712
2026-07-29,120059,HSBC Medium to Long Duration Fund - Direct Growth,48.9335
2026-07-29,120073,HSBC Conservative Hybrid Fund - Direct Growth,71.8675
2026-07-29,120074,HSBC Conservative Hybrid Fund - Direct Monthly IDCW,17.3111
2026-07-29,120075,HSBC Conservative Hybrid Fund - Direct Quarterly IDCW,14.9927
2026-07-29,120101,HSBC Medium to Long Duration Fund - Direct Quarterly IDCW,10.5092
2026-07-29,120152,Kotak Large Cap  Fund - Growth - Direct,660.227
2026-07-29,120153,Kotak Large Cap Fund - Payout of Income Distribution cum capital withdrawal option - Direct,87.317
2026-07-29,120154,Kotak Debt Hybrid - Growth - Direct,69.982
2026-07-29,120155,Kotak Debt Hybrid - Monthly Payout of Income Distribution cum capital withdrawal option - Direct,13.4857
2026-07-29,120157,Kotak Large & Midcap Fund - IDCW-Direct,72.344
2026-07-29,120158,Kotak Large & Midcap Fund - Direct- Growth,409.975
2026-07-29,120163,Kotak-Small Cap Fund - Payout of Income Distribution cum capital withdrawal option - Direct,140.316
2026-07-29,120164,Kotak-Small Cap Fund - Growth - Direct,319.459
2026-07-29,120165,Kotak Flexicap Fund - Payout of Income Distribution cum capital withdrawal option- Direct,59.274
2026-07-29,120166,Kotak Flexicap Fund - Growth - Direct,97.058
2026-07-29,120188,ICICI Prudential Liquid Fund - Direct Plan - Daily IDCW,100.1082
2026-07-29,120190,ICICI Prudential Liquid Fund - Direct Plan - Weekly IDCW,100.2131
2026-07-29,120191,ICICI Prudential Liquid Fund - Direct Plan -  IDCW Others,193.4353
2026-07-29,120197,ICICI Prudential Liquid Fund - Direct Plan - Growth,417.0678
2026-07-29,120209,ICICI Prudential Money Market Fund Option - Direct Plan -  Daily IDCW,100.1435
2026-07-29,120211,ICICI Prudential Money Market Fund Option - Direct Plan -  Growth,411.5690
2026-07-29,120212,ICICI Prudential Money Market Fund Option - Direct Plan -  Weekly IDCW,100.7954
2026-07-29,120216,ICICI Prudential Money Market Fund Option - Direct Plan -  IDCW Others,188.5789
2026-07-29,120242,ICICI Prudential Multi Sector Passive FOF - Direct Plan - Growth,178.3784
2026-07-29,120243,ICICI Prudential Multi Sector Passive FOF - Direct Plan -  IDCW,140.4637
2026-07-29,120244,ICICI Prudential Banking and Financial Services Fund - Direct Plan -  Growth,148.54
2026-07-29,120245,ICICI Prudential Banking and Financial Services Fund - Direct Plan -  IDCW,68.25
2026-07-29,120251,ICICI Prudential Equity & Debt Fund - Direct Plan - Growth,454.02
2026-07-29,120252,ICICI Prudential Equity & Debt Fund - Direct Plan - Monthly IDCW,70.96
2026-07-29,120256,ICICI Prudential Banking and PSU Debt Fund - Direct Plan -  Growth,36.3956
2026-07-29,120258,ICICI Prudential Banking and PSU Debt Fund - Direct Plan -  Quarterly IDCW,13.1993
2026-07-29,120313,ICICI Prudential Income plus Arbitrage Omni FOF - Direct Plan - Growth,71.7364
2026-07-29,120314,ICICI Prudential Income plus Arbitrage Omni FOF - Direct Plan - IDCW,55.4728
2026-07-29,120322,ICICI Prudential Value Fund (erstwhile Value Discovery Fund) - Direct Plan - IDCW,115.92
2026-07-29,120323,ICICI Prudential Value Fund (erstwhile Value Discovery Fund) - Direct Plan - Growth,513.44
2026-07-29,120364,ICICI Prudential Arbitrage Fund - Direct Plan - Growth,39.3791
2026-07-29,120365,ICICI Prudential Arbitrage Fund - Direct Plan - IDCW,17.8474
2026-07-29,120376,ICICI Prudential Balanced Advantage Fund - Direct Plan -  IDCW,29.99
2026-07-29,120377,ICICI Prudential Balanced Advantage Fund - Direct Plan -  Growth,88.33
2026-07-29,120380,ICICI Prudential MidCap Fund - Direct Plan -  IDCW,70.50
2026-07-29,120381,ICICI Prudential MidCap Fund - Direct Plan -  Growth,380.60
2026-07-29,120396,ICICI Prudential Savings Fund - Direct Plan - Weekly IDCW,105.5055
2026-07-29,120397,ICICI Prudential Savings Fund - Direct Plan - Daily IDCW,105.7358
2026-07-29,120398,ICICI Prudential Savings Fund - Direct Plan - Growth,591.1717
2026-07-29,120399,ICICI Prudential Savings Fund - Direct Plan - IDCW Others,198.3590
2026-07-29,120406,JM Liquid Fund (Direct) - Growth Option,76.8798
2026-07-29,120407,JM Liquid Fund (Direct) - Weekly IDCW,11.0078
2026-07-29,120408,JM Liquid Fund (Direct) - Quarterly IDCW,43.6478
2026-07-29,120411,JM Liquid Fund (Direct) - Daily IDCW,10.4302
2026-07-29,120423,ICICI Prudential Floating Interest Fund - Direct Plan - Daily IDCW,100.2083
2026-07-29,120424,ICICI Prudential Floating Interest Fund - Direct Plan - Weekly IDCW,102.2907
2026-07-29,120425,ICICI Prudential Floating Interest Fund - Direct Plan - Growth,499.4334
2026-07-29,120426,ICICI Prudential Floating Interest Fund - Direct Plan - IDCW Others,213.5248
2026-07-29,120430,JM Medium to Long Duration Fund (Direct) - Growth Option,72.3237
2026-07-29,120431,JM Medium to Long Duration Fund (Direct) - Quarterly IDCW,25.5561
2026-07-29,120432,JM Dynamic Bond Fund (Direct) - Daily IDCW,10.1042
2026-07-29,120433,JM Dynamic Bond Fund (Direct) - Weekly IDCW,10.5505
2026-07-29,120434,JM Dynamic Bond Fund (Direct) - IDCW,46.6628
2026-07-29,120435,JM Dynamic Bond Fund - (Direct) - Growth Option,46.4133
2026-07-29,120481,JM Arbitrage Fund (Direct)- IDCW,17.4956
2026-07-29,120482,JM Arbitrage Fund (Direct) - Growth Option,37.127
2026-07-29,120483,JM Aggressive Hybrid Fund (Direct) - IDCW,76.3492
2026-07-29,120484,JM Aggressive Hybrid Fund (Direct) - Growth Option,138.4839
2026-07-29,120485,JM Value Fund (Direct) - IDCW,72.8413
2026-07-29,120486,JM Value Fund (Direct) - Growth Option,106.909
2026-07-29,120487,JM Focused Fund (Direct) -  IDCW,23.4973
2026-07-29,120488,JM Focused Fund (Direct)  - Growth Option,23.9761
2026-07-29,120489,JM Large Cap Fund (Direct) - IDCW,71.4305
2026-07-29,120490,JM Large Cap Fund (Direct) - Growth Option,177.9144
2026-07-29,120491,JM Flexicap Fund (Direct) - IDCW,102.4901
2026-07-29,120492,JM Flexicap Fund (Direct) - Growth Option,112.7565
2026-07-29,120493,JM ELSS Tax Saver Fund (Direct) - IDCW,58.0241
2026-07-29,120494,JM ELSS Tax Saver Fund (Direct) - Growth Option,59.4908
2026-07-29,120579,ICICI Prudential Children's Fund - Direct Plan,364.26
2026-07-29,120585,ICICI Prudential Large Cap Fund (erstwhile Bluechip Fund)  - Direct Plan - IDCW,60.92
2026-07-29,120586,ICICI Prudential Large Cap Fund (erstwhile Bluechip Fund) - Direct Plan - Growth,120.40
2026-07-29,120587,ICICI Prudential FMCG Fund - Direct Plan -  Growth,468.94
2026-07-29,120588,ICICI Prudential FMCG Fund - Direct Plan -  IDCW,153.95
2026-07-29,120589,ICICI Prudential Gilt Fund - Direct Plan - IDCW,18.7006
2026-07-29,120590,ICICI Prudential Gilt Fund - Direct Plan - Growth,117.1839
2026-07-29,120591,ICICI Prudential Smallcap Fund - Direct Plan - Growth,101.28
2026-07-29,120592,ICICI Prudential ELSS Tax Saver Fund - Direct Plan - Growth,1045.64
2026-07-29,120593,ICICI Prudential ELSS Tax Saver Fund - Direct Plan - IDCW,44.90
2026-07-29,120596,ICICI Prudential Large & Mid Cap Fund - Direct Plan - Growth,1172.05
2026-07-29,120597,ICICI Prudential Large & Mid Cap Fund - Direct Plan - IDCW,54.76
2026-07-29,120598,ICICI Prudential Multicap Fund - Direct Plan -  IDCW,64.20
2026-07-29,120599,ICICI Prudential Multicap Fund - Direct Plan -  Growth,960.33
2026-07-29,120600,ICICI Prudential All Seasons Bond Fund - Direct Plan - IDCW,27.5995
2026-07-29,120601,ICICI Prudential All Seasons Bond Fund - Direct Plan - Annual IDCW,11.5444
2026-07-29,120602,ICICI Prudential All Seasons Bond Fund - Direct Plan - Quarterly IDCW,12.2466
2026-07-29,120603,ICICI Prudential All Seasons Bond Fund - Direct Plan - Growth,42.5308
2026-07-29,120604,ICICI Prudential All Seasons Bond Fund - Direct Plan - Weekly IDCW,10.5319
2026-07-29,120613,ICICI Prudential Regular Savings Fund - Direct Plan - Half Yearly IDCW,16.9256
2026-07-29,120614,ICICI Prudential Regular Savings Fund - Direct Plan - Quarterly IDCW,15.1132
2026-07-29,120615,ICICI Prudential Regular Savings Fund - Direct Plan - Monthly IDCW,16.3866
2026-07-29,120616,ICICI Prudential Regular Savings Fund - Direct Plan - Growth,87.9862
2026-07-29,120617,ICICI Prudential Bond Fund - Direct Plan - IDCW Monthly,11.5117
2026-07-29,120618,ICICI Prudential Bond Fund - Direct Plan - IDCW Quarterly,11.9638
2026-07-29,120619,ICICI Prudential Bond Fund - Direct Plan - Growth,44.9556
2026-07-29,120620,ICICI Prudential Nifty 50 Index Fund - Direct Plan Cumulative Option,256.3805
2026-07-29,120621,ICICI Prudential Infrastructure Fund - Direct Plan -  Growth,220.82
2026-07-29,120622,ICICI Prudential Infrastructure Fund - Direct Plan -  IDCW,48.25
2026-07-29,120670,ICICI Prudential Medium Term Bond Fund - Direct Plan - Growth,53.4525
2026-07-29,120671,ICICI Prudential Medium Term Bond Fund - Direct Plan - Quarterly IDCW,11.5946
2026-07-29,120675,ICICI Prudential Ultra Short Term Fund - Direct Plan -  Quarterly IDCW,11.2596
2026-07-29,120676,ICICI Prudential Ultra Short Term Fund - Direct Plan -  Growth,32.1433
2026-07-29,120677,ICICI Prudential Ultra Short Term Fund - Direct Plan -  Monthly IDCW,10.8292
2026-07-29,120683,ICICI Prudential Nifty Next 50 Index Fund - Direct Plan -  IDCW,67.4603
2026-07-29,120684,ICICI Prudential Nifty Next 50 Index Fund - Direct Plan -  Growth,67.4856
2026-07-29,120685,ICICI Prudential Gold ETF FOF - Direct Plan - Growth,45.2109
2026-07-29,120686,ICICI Prudential Gold ETF FOF - Direct Plan - IDCW,45.2151
2026-07-29,120687,ICICI Prudential Exports & Services Fund - Direct Plan - IDCW,78.50
2026-07-29,120688,ICICI Prudential Exports & Services Fund - Direct Plan - Growth,184.56
2026-07-29,120692,ICICI Prudential Corporate Bond Fund - Direct Plan - Growth,33.4583
2026-07-29,120694,ICICI Prudential Corporate Bond Fund - Direct Plan - Quarterly IDCW,15.7325
2026-07-29,120697,ICICI Prudential Corporate Bond Fund - Direct Plan - Monthly IDCW,10.2450
2026-07-29,120702,ICICI Prudential Diversified Debt Strategy Active FOF  - Direct Plan - Growth,49.7818
2026-07-29,120703,ICICI Prudential Diversified Debt Strategy Active FOF - Direct Plan -  IDCW,43.8276
2026-07-29,120709,ICICI Prudential Credit Risk Fund - Direct Plan - Quarterly IDCW,12.0522
2026-07-29,120711,ICICI Prudential Credit Risk Fund - Direct Plan - Growth,38.3774
2026-07-29,120722,ICICI Prudential Focused Equity Fund - Direct Plan - Growth,110.69
2026-07-29,120723,ICICI Prudential Focused Equity Fund - Direct Plan - IDCW,64.44
2026-07-29,120743,ICICI Prudential Long Term Bond Fund - Direct Plan - Growth,101.5896
2026-07-29,120747,ICICI Prudential Long Term Bond Fund - Direct Plan - Quarterly IDCW,12.8080
2026-07-29,120754,ICICI Prudential Short Term Fund - Direct Plan - Growth Option,70.4647
2026-07-29,120755,ICICI Prudential Short Term Fund - Direct Plan - Monthly IDCW,12.7063
2026-07-29,120818,quant Aggressive Hybrid Fund-IDCW Option-Direct Plan,72.0069
2026-07-29,120819,quant Aggressive Hybrid Fund-Growth Option-Direct Plan,519.8929
2026-07-29,120820,quant Multi Asset Allocation Fund - IDCW Option - Direct Plan,168.3246
2026-07-29,120821,quant Multi Asset Allocation Fund-GROWTH OPTION-Direct Plan,182.6456
2026-07-29,120822,quant Multi Cap Fund-IDCW Option - Direct Plan,84.3171
2026-07-29,120823,quant Multi Cap Fund-GROWTH OPTION-Direct Plan,728.0699
2026-07-29,120825,quant Large & Mid Cap Fund - IDCW Option - Direct Plan,64.65
2026-07-29,120826,quant Large & Mid Cap Fund - Growth Option-Direct Plan,138.8466
2026-07-29,120827,quant Small Cap Fund - IDCW Option - Direct Plan,241.4305
2026-07-29,120828,quant Small Cap Fund - Growth Option - Direct Plan,308.8569
2026-07-29,120832,quant Infrastructure Fund - IDCW Option - Direct Plan,45.5432
2026-07-29,120833,quant Infrastructure Fund - Growth Option-Direct Plan,45.58
2026-07-29,120834,quant Focused Fund - Growth Option-Direct Plan,103.8065
2026-07-29,120835,quant Focused Fund - IDCW Option - Direct Plan,60.6818
2026-07-29,120836,quant Liquid Fund-Daily IDCW Option - Direct Plan,13.1666
2026-07-29,120837,quant Liquid Fund - Growth Option - Direct Plan,45.1399
2026-07-29,120838,quant Liquid Fund - Monthly IDCW Option - Direct Plan,15.7522
2026-07-29,120839,quant Liquid Fund - Weekly IDCW Option - Direct Plan,14.6925
2026-07-29,120840,quant Mid Cap Fund - IDCW Option - Direct Plan,89.018
2026-07-29,120841,quant Mid Cap Fund - Growth Option - Direct Plan,253.4389
2026-07-29,120842,quant Flexi Cap Fund - IDCW Option - Direct Plan,82.6677
2026-07-29,120843,quant Flexi Cap Fund - Growth Option-Direct Plan,121.6162
2026-07-29,120846,quant ELSS Tax Saver Fund - IDCW Option - Direct Plan,61.3952
2026-07-29,120847,quant ELSS Tax Saver Fund - Growth Option - Direct Plan,460.5633
2026-07-29,120870,ICICI Prudential Smallcap Fund - Direct Plan - IDCW,70.08
2026-07-29,121366,ICICI Prudential Nifty 50 ETF,274.7599
2026-07-29,122168,ICICI Prudential Balanced Advantage Fund - Monthly IDCW,22.79
2026-07-29,122236,ICICI Prudential Balanced Advantage Fund - Direct Plan - Monthly IDCW,27.51
2026-07-29,122531,ICICI Prudential Savings Fund - Monthly IDCW,102.0572
2026-07-29,122651,ICICI Prudential Savings Fund - Direct Plan - Monthly IDCW,102.0686
2026-07-29,122748,ICICI Prudential Savings Fund - Fortnightly IDCW,101.9520
2026-07-29,122904,ICICI Prudential Savings Fund - Direct Plan - Fortnightly IDCW,101.9576
2026-07-29,122982,ICICI Prudential Savings Fund - Direct Plan - Quarterly IDCW,110.8965
2026-07-29,122995,ICICI Prudential Savings Fund - Quarterly IDCW,110.6034
2026-07-29,123004,ICICI Prudential Nifty 100 ETF,28.2380
2026-07-29,123690,Kotak Banking and PSU Debt - Growth,69.53
2026-07-29,123691,Kotak Banking and PSU Debt - Monthly Payout of Income Distribution cum capital withdrawal option,13.0633
2026-07-29,123692,Kotak Banking and PSU Debt Direct - Monthly Payout of Income Distribution cum capital withdrawal option,10.2689
2026-07-29,123693,Kotak Banking and PSU Debt Direct - Growth,72.7191
2026-07-29,123704,Groww Short Term Fund (formerly known as Indiabulls Short Term Fund) - Direct Plan - Growth Option,2547.6381
2026-07-29,123705,Groww Short Term Fund (formerly known as Indiabulls Short Term Fund)- Direct Plan- Weekly - Income Distribution cum capital withdrawal Option (Payout & Reinvestment),1019.7044
2026-07-29,123706,Groww Short Term Fund (formerly known as Indiabulls Short Term Fund)- Direct Plan- Fortnightly - Income Distribution cum capital withdrawal Option (Payout & Reinvestment),1018.5656
2026-07-29,123707,Groww Short Term Fund (formerly known as Indiabulls Short Term Fund)- Direct Plan- Monthly - Income Distribution cum capital withdrawal Option (Payout & Reinvestment),1018.5322
2026-07-29,123708,Groww Short Term Fund (formerly known as Indiabulls Short Term Fund )- Regular Plan - Growth Option,2201.9772
2026-07-29,123709,Groww Short Term Fund (formerly known as Indiabulls Short Term Fund)- Regular Plan- Weekly - Income Distribution cum capital withdrawal Option (Payout & Reinvestment),1019.6346
2026-07-29,123710,Groww Short Term Fund (formerly known as Indiabulls Short Term Fund)- Regular Plan- Fortnightly - Income Distribution cum capital withdrawal Option (Payout & Reinvestment),1018.5127
2026-07-29,123711,Groww Short Term Fund (formerly known as Indiabulls Short Term Fund)- Regular Plan- Monthly - Income Distribution cum capital withdrawal Option (Payout & Reinvestment),1024.83
2026-07-29,126389,BANK OF INDIA Ultra Short Duration Fund- Direct Plan-Bonus,3484.2309
2026-07-29,126685,CANARA ROBECO CORPORATE BOND FUND - DIRECT PLAN - GROWTH OPTION,24.6092
2026-07-29,126686,CANARA ROBECO CORPORATE BOND FUND - DIRECT PLAN - IDCW (Payout/Reinvestment),12.4510
2026-07-29,126687,CANARA ROBECO CORPORATE BOND FUND - REGULAR PLAN - GROWTH OPTION,22.8093
2026-07-29,126688,CANARA ROBECO CORPORATE BOND FUND - REGULAR PLAN - IDCW (Payout/Reinvestment),11.5641
2026-07-29,127849,BANK OF INDIA BALANCED ADVANTAGE FUND REGULAR PLAN  GROWTH,26.1755
2026-07-29,127850,BANK OF INDIA BALANCED ADVANTAGE FUND DIRECT PLAN  GROWTH,28.6252
2026-07-29,127851,BANK OF INDIA BALANCED ADVANTAGE FUND  REGULAR PLAN IDCW,18.2624
2026-07-29,127852,BANK OF INDIA BALANCED ADVANTAGE FUND  DIRECT PLAN IDCW,17.2715
2026-07-29,128006,Kotak Medium Term Fund - Direct Growth,27.4203
2026-07-29,128009,Kotak Medium Term Fund - Growth,24.4148
2026-07-29,128078,Kotak Medium Term Fund - Standard Income Distribution cum capital withdrawal option,14.9855
2026-07-29,128079,Kotak Medium Term Fund - Direct - Standard Income Distribution cum capital withdrawal option,27.4228
2026-07-29,129210,Sundaram Infrastructure Advantage Fund Regular Plan - Income Distribution cum Capital Withdrawal (IDCW),57.8065
2026-07-29,129211,Sundaram Infrastructure Advantage Fund Direct Plan - Income Distribution cum Capital Withdrawal (IDCW),62.4836
2026-07-29,129212,Sundaram Infrastructure Advantage Fund Direct Plan - Growth,108.5217
2026-07-29,129213,Sundaram Infrastructure Advantage Fund Regular Plan - Growth,100.9384
2026-07-29,129309,ICICI Prudential Dividend Yield Equity Fund Direct Plan IDCW Option,25.46
2026-07-29,129310,ICICI Prudential Dividend Yield Equity Fund Growth Option,53.54
2026-07-29,129311,ICICI Prudential Dividend Yield Equity Fund IDCW Option,19.03
2026-07-29,129312,ICICI Prudential Dividend Yield Equity Fund Direct Plan Growth Option,60.47
2026-07-29,130013,ICICI Prudential Money Market Fund Option - IDCW Others,186.4836
2026-07-29,130603,JM Arbitrage Fund (Regular) - Bonus Option - Principal Units,18.7898
2026-07-29,130604,JM Arbitrage Fund (Direct) - Bonus Option - Principal Units,19.8684
2026-07-29,130904,JM Aggressive Hybrid Fund (Direct) - Annual Bonus Option,138.7107
2026-07-29,131051,ICICI Prudential Constant Maturity Gilt Fund - Growth,26.1003
2026-07-29,131054,ICICI Prudential Constant Maturity Gilt Fund - Direct Plan - Quarterly IDCW,11.8965
2026-07-29,131057,ICICI Prudential Constant Maturity Gilt Fund - quarterly IDCW,11.6251
2026-07-29,131061,ICICI Prudential Constant Maturity Gilt Fund - Direct Plan - Growth,26.7231
2026-07-29,131372,Kotak Equity Savings Fund - Regular - Growth,27.5139
2026-07-29,131373,Kotak Equity Savings Fund - Direct - Growth,30.5552
2026-07-29,131374,Kotak Equity Savings Fund - Regular - Monthly Payout of Income Distribution cum capital withdrawal option,20.1446
2026-07-29,131375,Kotak Equity Savings Fund - Direct - Monthly Payout of Income Distribution cum capital withdrawal option,21.9357
2026-07-29,131452,ICICI Prudential Equity & Debt Fund - Half Yearly IDCW,25.75
2026-07-29,131453,ICICI Prudential Equity & Debt Fund - Direct Plan - Half Yearly IDCW,29.42
2026-07-29,131476,JM Aggressive Hybrid Fund (Regular) - Annual IDCW,33.1285
2026-07-29,131477,JM Aggressive Hybrid Fund (Direct) - Annual IDCW,46.7265
2026-07-29,131480,ICICI Prudential Bond Fund - Direct Plan - Half Yearly IDCW,11.0256
2026-07-29,131481,ICICI Prudential Bond Fund - Half Yearly IDCW,11.3448
2026-07-29,133035,Kotak Aggressive Hybrid Fund - Direct Plan -Growth,77.572
2026-07-29,133036,Kotak Aggressive Hybrid Fund - Regular Plan -Growth,65.192
2026-07-29,133051,ICICI Prudential Equity Savings Fund - Cumulative option,23.31
2026-07-29,133052,ICICI Prudential Equity Savings Fund - Direct Plan - Quarterly IDCW,15.72
2026-07-29,133053,ICICI Prudential Equity Savings Fund - Quarterly IDCW,13.18
2026-07-29,133054,ICICI Prudential Equity Savings Fund - Direct Plan - Cumulative option,25.15
2026-07-29,133122,Kotak Nifty Bank ETF,59.3723
2026-07-29,133390,JM Dynamic Bond Fund (Regular) - Monthly IDCW,43.6002
2026-07-29,133395,JM Arbitrage Fund (Direct) - Annual Bonus Option - Principal Units,19.0698
2026-07-29,133402,JM Aggressive Hybrid Fund (Direct) - Half Yearly IDCW,99.6484
2026-07-29,133404,JM Aggressive Hybrid Fund (Regular) - Monthly IDCW,86.3785
2026-07-29,133405,JM Aggressive Hybrid Fund (Regular) - Quarterly IDCW,30.8304
2026-07-29,133406,JM Aggressive Hybrid Fund (Direct) - Quarterly IDCW,35.0383
2026-07-29,133408,JM Aggressive Hybrid Fund (Regular) - Half Yearly IDCW,87.0709
2026-07-29,133412,JM Aggressive Hybrid Fund (Direct) - Monthly IDCW,99.6191
2026-07-29,133414,JM Dynamic Bond Fund (Direct) - Monthly IDCW,47.0203
2026-07-29,133782,Kotak Corporate Bond Fund- Regular Plan-Growth Option,4003.342
2026-07-29,133787,Kotak Corporate Bond Fund- Regular Plan-Monthly Dividend Option,1304.137
2026-07-29,133791,Kotak Corporate Bond Fund- Direct Plan- Growth Option,4194.9994
2026-07-29,133792,Kotak Corporate Bond Fund- Direct Plan- Monthly Payout of Income Distribution cum capital withdrawal option,1073.3075
2026-07-29,133796,Kotak Infrastructure & Economic Reform Fund - Standard Plan-Growth,68.496
2026-07-29,133799,Kotak Infrastructure & Economic Reform Fund - Standard Plan-Payout of Income Distribution cum capital withdrawal option,54.781
2026-07-29,133800,Kotak Infrastructure & Economic Reform Fund- Direct Plan- Payout of Income Distribution cum capital withdrawal option,80.999
2026-07-29,133801,Kotak Infrastructure & Economic Reform Fund- Direct Plan- Growth Option,81.936
2026-07-29,133805,Kotak Low Duration Fund- Regular Plan-Growth Option,3554.8566
2026-07-29,133809,Kotak Low Duration Fund- Regular Plan-Standard Income Distribution cum capital withdrawal option,1270.4702
2026-07-29,133810,Kotak Low Duration Fund- Direct Plan- Growth Option,3909.0967
2026-07-29,133812,Kotak Low Duration Fund - Direct Plan- Standard Income Distribution cum capital withdrawal option,1557.4483
2026-07-29,133867,BANK OF INDIA Credit Risk Fund - Regular Plan,14.3340
2026-07-29,133868,BANK OF INDIA Credit Risk  Fund - Direct Plan,14.7552
2026-07-29,134493,Quantum Dynamic Term Fund - Direct Plan Monthly IDCW,10.4069
2026-07-29,134494,Quantum Dynamic Term Fund - Direct Plan Growth Option,22.8065
2026-07-29,134954,JM Large Cap Fund (Regular) - Quarterly IDCW,34.5413
2026-07-29,134955,JM Large Cap Fund (Regular) - Half Yearly IDCW,25.0912
2026-07-29,134956,JM Large Cap Fund (Direct) - Monthly IDCW,72.6221
2026-07-29,134957,JM Large Cap Fund (Direct) - Half Yearly IDCW,72.7739
2026-07-29,134958,JM Large Cap Fund (Direct) - Annual IDCW,73.2861
2026-07-29,134959,JM Large Cap Fund (Regular) - Monthly IDCW,23.7825
2026-07-29,134960,JM Large Cap Fund (Direct) - Quarterly IDCW,73.2992
2026-07-29,134961,JM Large Cap Fund (Regular) - Annual IDCW,30.5541
2026-07-29,135167,JM Arbitrage Fund (Regular) - Annual IDCW,15.2697
2026-07-29,135168,JM Arbitrage Fund (Regular) - Monthly IDCW,13.5886
2026-07-29,135169,JM Arbitrage Fund (Regular) - Quarterly IDCW,15.6084
2026-07-29,135170,JM Arbitrage Fund (Regular) - Half Yearly IDCW,15.3806
2026-07-29,135171,JM Arbitrage Fund (Direct) - Half Yearly IDCW,17.173
2026-07-29,135172,JM Arbitrage Fund (Direct) - Monthly IDCW,14.9923
2026-07-29,135173,JM Arbitrage Fund (Direct) - Annual IDCW,16.895
2026-07-29,135174,JM Arbitrage Fund (Direct) - Quarterly IDCW,17.6422
2026-07-29,135341,Groww Value Fund (formerly known as Indiabulls Value Fund) - Direct Plan - Growth Option,33.2683
2026-07-29,135342,Groww Value Fund (formerly known as Indiabulls Value Fund)- Direct Plan- - Income Distribution cum capital withdrawal Option (Payout & Reinvestment),33.1443
2026-07-29,135343,Groww Value Fund (formerly known as Indiabulls Value Fund) - Regular Plan - Growth Option,27.5059
2026-07-29,135344,Groww Value Fund (formerly known as Indiabulls Value Fund)- Regular Plan - Income Distribution cum capital withdrawal Option (Payout & Reinvestment),27.4968
2026-07-29,135390,ICICI Prudential Nifty 50 Index Fund - IDCW Option,32.7193
2026-07-29,135391,ICICI Prudential Nifty 50 Index Fund - Direct Plan IDCW Option,34.4775
2026-07-29,135500,Kotak Bond Short Term Plan - Direct - Standard Income Distribution cum capital withdrawal option,16.2206
2026-07-29,135501,Kotak Bond Short Term Plan - Regular Plan - Normal Dividend,12.2327
2026-07-29,135677,Navi Large & Midcap Fund- Direct Plan- Growth Option,44.6031
2026-07-29,135678,Navi Large & Midcap Fund- Regular Plan- Growth Option,36.6156
2026-07-29,135679,Navi Large & Midcap Fund - Direct Normal IDCW Payout,44.0653
2026-07-29,135680,Navi Large & Midcap Fund - Regular Normal IDCW Payout,36.6113
2026-07-29,135744,Kotak Nifty 50 Value 20 ETF - Payout of Income Distribution cum capital withdrawal option,14.0334
2026-07-29,136113,ICICI Prudential Equity & Debt Fund - Annual IDCW,25.89
2026-07-29,136114,ICICI Prudential Equity & Debt Fund - Direct Plan - Annual IDCW,29.02
2026-07-29,139235,Canara Robeco Liquid Fund -Unclaimed Redemption and Dividend Plan -Direct Growth Option,1843.4646
2026-07-29,139386,Navi Liquid Fund-Unclaimed Redemption and Dividend Plan less than 3 years,30.323
2026-07-29,139455,ICICI Prudential Nifty50 Value 20 ETF,13.6878
2026-07-29,139519,ICICI Prudential BSE Midcap Select ETF,19.5287
2026-07-29,139527,BANK OF INDIA MID & SMALL CAP EQUITY & DEBT FUND - DIRECT PLAN GROWTH,46.22
2026-07-29,139528,BANK OF INDIA MID & SMALL CAP EQUITY & DEBT FUND - REGULAR  PLAN IDCW,33.64
2026-07-29,139529,BANK OF INDIA MID & SMALL CAP EQUITY & DEBT FUND - REGULAR  PLAN  GROWTH,41.83
2026-07-29,139530,BANK OF INDIA MID & SMALL CAP EQUITY & DEBT FUND - DIRECT PLAN IDCW,35.80
2026-07-29,139534,Mahindra Manulife Liquid Fund - Regular Plan - Daily IDCW,1001.6836
2026-07-29,139535,Mahindra Manulife Liquid Fund - Direct Plan - Daily IDCW,1288.9010
2026-07-29,139536,Mahindra Manulife Liquid Fund - Direct Plan - Weekly IDCW,1003.9739
2026-07-29,139537,Mahindra Manulife Liquid Fund - Regular Plan - Growth,1814.0843
2026-07-29,139538,Mahindra Manulife Liquid Fund - Direct Plan -Growth,1835.7100
2026-07-29,139541,Mahindra Manulife Liquid Fund - Regular Plan - Weekly IDCW,1010.3827
2026-07-29,139617,Taurus Unclaimed Redemption - Growth,17.7214
2026-07-29,139618,Taurus Investor Education Pool - Unclaimed Redemption - Growth,10.0000
2026-07-29,139619,Taurus Investor Education Pool - Unclaimed Dividend - Growth,10.0000
2026-07-29,139709,Sundaram Long Term Micro Cap Tax Advantage Fund Series III Regular Plan - Growth,35.8550
2026-07-29,139710,Sundaram Long Term Micro Cap Tax Advantage Fund Series III Direct Plan - Payout of Income Distribution cum Capital Withdrawal (IDCW),32.4515
2026-07-29,139711,Sundaram Long Term Micro Cap Tax Advantage Fund Series III Direct Plan - Growth,37.0045
2026-07-29,139712,Sundaram Long Term Micro Cap Tax Advantage Fund Series III Regular Plan - Payout of Income Distribution cum Capital Withdrawal (IDCW),31.3704
2026-07-29,139780,Mahindra Manulife ELSS Tax Saver Fund - Regular Plan - IDCW,16.4465
2026-07-29,139781,Mahindra Manulife ELSS Tax Saver Fund - Direct Plan -Growth,33.0899
2026-07-29,139782,Mahindra Manulife ELSS Tax Saver Fund- Direct Plan - IDCW,20.8342
2026-07-29,139783,Mahindra Manulife ELSS Tax Saver Fund- Regular Plan - Growth,27.7750
2026-07-29,139989,Sundaram Long Term Micro Cap Tax Advantage Fund Series IV Direct Plan - Payout of Income Distribution cum Capital Withdrawal (IDCW),30.4325
2026-07-29,139990,Sundaram Long Term Micro Cap Tax Advantage Fund Series IV Direct Plan - Growth,31.9738
2026-07-29,139991,Sundaram Long Term Micro Cap Tax Advantage Fund Series IV Regular Plan - Payout of Income Distribution cum Capital Withdrawal (IDCW),29.6948
2026-07-29,139992,Sundaram Long Term Micro Cap Tax Advantage Fund Series IV Regular Plan - Growth,31.2318
2026-07-29,140437,Navi Liquid Fund-Unclaimed Redemption and Dividend Plan greater than 3 years,10
2026-07-29,140442,Mahindra Manulife Equity Savings Fund -Direct Plan -Quarterly IDCW,17.5666
2026-07-29,140444,Mahindra Manulife Equity Savings Fund - Direct Plan -Growth,25.5644
2026-07-29,140446,Mahindra Manulife Equity Savings Fund -Regular Plan -Quarterly IDCW,14.0586
2026-07-29,140447,Mahindra Manulife Equity Savings Fund - Regular Plan - Growth,21.5438
2026-07-29,140530,CANARA ROBECO ULTRA SHORT TERM FUND- REGULAR PLAN - IDCW (Payout),1543.2411
2026-07-29,140613,Mahindra Manulife Low Duration Fund - Direct Plan -Growth,1880.4161
2026-07-29,140614,Mahindra Manulife Low Duration Fund - Regular Plan - Daily IDCW,1000.0000
2026-07-29,140615,Mahindra Manulife Low Duration Fund - Regular Plan - Weekly IDCW,1053.6638
2026-07-29,140616,Mahindra Manulife Low Duration Fund - Regular Plan - Monthly IDCW,1118.8397
2026-07-29,140617,Mahindra Manulife Low Duration Fund - Direct Plan - Daily IDCW,1265.6582
2026-07-29,140618,Mahindra Manulife Low Duration Fund - Direct Plan - Weekly IDCW,1031.3097
2026-07-29,140619,Mahindra Manulife Low Duration Fund - Direct Plan - Monthly IDCW,1139.1473
2026-07-29,140620,Mahindra Manulife Low Duration Fund - Regular Plan - Growth,1738.5940
2026-07-29,140809,Groww Largecap Fund (formerly known as Indiabulls Bluechip Fund)- Direct Plan- Monthly - Income Distribution cum capital withdrawal Option (Payout & Reinvestment),23.32
2026-07-29,140810,Groww Largecap Fund (formerly known as Indiabulls Bluechip Fund)- Regular Plan- Monthly - Income Distribution cum capital withdrawal Option (Payout & Reinvestment),24.74
2026-07-29,140811,Groww Largecap Fund (formerly known as Indiabulls Bluechip Fund)- Direct Plan- Quarterly - Income Distribution cum capital withdrawal Option (Payout & Reinvestment),29.13
2026-07-29,140812,Groww Largecap Fund (formerly known as Indiabulls Bluechip Fund)- Regular Plan- Quarterly - Income Distribution cum capital withdrawal Option (Payout & Reinvestment),25.66
2026-07-29,140813,Groww Largecap Fund (formerly known as Indiabulls Bluechip Fund)- Regular Plan- Half Yearly - Income Distribution cum capital withdrawal Option (Payout & Reinvestment),25.8
2026-07-29,140814,Groww Largecap Fund (formerly known as Indiabulls Bluechip Fund)- Direct Plan- Half Yearly -Income Distribution cum capital withdrawal Option (Payout & Reinvestment),29.35
2026-07-29,140815,Groww Value Fund (formerly known as Indiabulls Value Fund)- Direct Plan- Monthly - Income Distribution cum capital withdrawal Option (Payout & Reinvestment),24.3982
2026-07-29,140816,Groww Value Fund (formerly known as Indiabulls Value Fund)- Regular Plan- Monthly - Income Distribution cum capital withdrawal Option (Payout & Reinvestment.,21.3458
2026-07-29,140817,Groww Value Fund (formerly known as Indiabulls Value Fund)- Direct Plan- Quarterly - Income Distribution cum capital withdrawal Option (Payout & Reinvestment),26.6157
2026-07-29,140818,Groww Value Fund (formerly known as Indiabulls Value Fund)- Regular Plan- Quarterly - Income Distribution cum capital withdrawal Option (Payout & Reinvestment),20.8024
2026-07-29,140819,Groww Value Fund (formerly known as Indiabulls Value Fund)- Direct Plan- Half Yearly - Income Distribution cum capital withdrawal Option (Payout & Reinvestment),26.6367
2026-07-29,140820,Groww Value Fund (formerly known as Indiabulls Value Fund)- Regular Plan- Half Yearly -Income Distribution cum capital withdrawal Option (Payout & Reinvestment),22.5307
2026-07-29,141060,Quantum Dynamic Term Fund - Regular Plan Monthly IDCW,10.4616
2026-07-29,141061,Quantum Dynamic Term Fund - Regular Plan Growth Option,22.3243
2026-07-29,141064,Quantum Gold ETF FOF - Regular Plan Growth Option,53.2495
2026-07-29,141065,Quantum Liquid Fund - Regular Plan Daily IDCW,10.0002
2026-07-29,141066,Quantum Liquid Fund - Regular Plan Growth Option,37.1510
2026-07-29,141067,Quantum Liquid Fund - Regular Plan Monthly IDCW,10.0169
2026-07-29,141068,Quantum Value Fund - Regular Plan Growth Option,121.21
2026-07-29,141069,Quantum Value Fund - Regular Plan IDCW,121.08
2026-07-29,141070,Quantum ELSS Tax Saver Fund - Regular Plan Growth Option,120.37
2026-07-29,141071,Quantum ELSS Tax Saver Fund - Regular Plan IDCW,119.56
2026-07-29,141139,Sundaram Long Term Micro Cap Tax Advantage Fund Series V Regular Plan - Growth,30.4734
2026-07-29,141140,Sundaram Long Term Micro Cap Tax Advantage Fund Series V Regular Plan - Payout of Income Distribution cum Capital Withdrawal (IDCW),28.9760
2026-07-29,141141,Sundaram Long Term Micro Cap Tax Advantage Fund Series V Direct Plan - Growth,31.4146
2026-07-29,141142,Sundaram Long Term Micro Cap Tax Advantage Fund Series V Direct Plan - Payout of Income Distribution cum Capital Withdrawal (IDCW),29.9084
2026-07-29,141223,Mahindra Manulife Multi Cap Fund - Direct Plan - IDCW,32.3648
2026-07-29,141224,Mahindra Manulife Multi Cap Fund - Regular Plan - Growth,38.4360
2026-07-29,141225,Mahindra Manulife Multi Cap Fund - Regular Plan - IDCW,26.2173
2026-07-29,141226,Mahindra Manulife Multi Cap Fund - Direct Plan -Growth,45.2227
2026-07-29,141410,NAVI Large & Midcap Fund - Regular Half Yearly IDCW Payout,36.6248
2026-07-29,141411,Navi Large & Midcap Fund - Regular Annual IDCW payout,37.6592
2026-07-29,141414,Navi Large & Midcap Fund - Direct Annual IDCW Payout,43.9142
2026-07-29,141415,Navi Large & Midcap Fund - Direct Half Yearly IDCW Payout,43.953
2026-07-29,141564,Sundaram Long Term Micro Cap Tax Advantage Fund Series VI Direct Plan - Growth,30.1701
2026-07-29,141565,Sundaram Long Term Micro Cap Tax Advantage Fund Series VI Regular Plan - Growth,28.7017
2026-07-29,141566,Sundaram Long Term Micro Cap Tax Advantage Fund Series VI Regular Plan - Payout of Income Distribution cum Capital Withdrawal (IDCW),27.7383
2026-07-29,141567,Sundaram Long Term Micro Cap Tax Advantage Fund Series VI Direct Plan - Payout of Income Distribution cum Capital Withdrawal (IDCW),29.2005
2026-07-29,141596,ICICI Prudential Nifty 100 Low Volatility 30 ETF,22.6386
2026-07-29,141807,Groww ELSS Tax Saver Fund (formerly known as Indiabulls Tax Savings Fund)- Direct Plan- Dividend Option,21.85
2026-07-29,141808,Groww ELSS Tax Saver Fund (formerly known as Indiabulls Tax Savings Fund)- Direct Plan- Growth Option,21.89
2026-07-29,141810,Groww ELSS Tax Saver Fund (formerly known as Indiabulls Tax Savings Fund)- Regular Plan- - Income Distribution cum capital withdrawal Option (Payout),19
2026-07-29,141839,ICICI Prudential BSE Sensex Index Fund - Cumulative Option,25.5719
2026-07-29,141840,ICICI Prudential BSE Sensex Index Fund - IDCW Option,25.5726
2026-07-29,141841,ICICI Prudential BSE Sensex Index Fund - Direct Plan - Cumulative Option,25.9232
2026-07-29,141842,ICICI Prudential BSE Sensex Index Fund - Direct Plan - IDCW Option,25.9229
2026-07-29,141862,Groww ELSS Tax Saver Fund (formerly known as Indiabulls Tax Savings Fund)-Regular Plan-Growth Option,19
2026-07-29,141949,BANK OF INDIA Mid Cap Tax Fund Series 1 Direct Plan IDCW,30.25
2026-07-29,141950,BANK OF INDIA Mid Cap Tax Fund Series 1 Direct Plan Growth,30.25
2026-07-29,141951,BANK OF INDIA Mid Cap Tax Fund Series 1 Regular Plan IDCW,29.15
2026-07-29,141952,BANK OF INDIA Mid Cap Tax Fund Series 1 Regular Plan Growth,29.15
2026-07-29,141957,BHARAT 22 ETF,115.3740
2026-07-29,142107,Mahindra Manulife Mid Cap Fund- Regular Plan - IDCW,26.8402
2026-07-29,142108,Mahindra Manulife Mid Cap Fund - Direct Plan - IDCW,31.8368
2026-07-29,142109,Mahindra Manulife Mid Cap Fund - Regular Plan - Growth,36.5593
2026-07-29,142110,Mahindra Manulife Mid Cap Fund - Direct Plan -Growth,41.9610
2026-07-29,142133,ICICI Prudential Long Term Wealth Enhancement Fund - Direct Plan IDCW Option,30.82
2026-07-29,142134,ICICI Prudential Long Term Wealth Enhancement Fund - Direct Plan Cumulative Option,30.82
2026-07-29,142135,ICICI Prudential Long Term Wealth Enhancement Fund - IDCW Option,29.44
2026-07-29,142136,ICICI Prudential Long Term Wealth Enhancement Fund - Cumulative Option,29.44
2026-07-29,142151,Sundaram Long Term Tax Advantage Fund Series III Regular Plan - Growth,31.5015
2026-07-29,142152,Sundaram Long Term Tax Advantage Fund Series III Regular Plan - Payout of Income Distribution cum Capital Withdrawal (IDCW),29.9465
2026-07-29,142153,Sundaram Long Term Tax Advantage Fund Series III Direct Plan - Growth,32.5937
2026-07-29,142154,Sundaram Long Term Tax Advantage Fund Series III Direct Plan - Payout of Income Distribution cum Capital Withdrawal (IDCW),31.0292
2026-07-29,143077,Sundaram Long Term Tax Advantage Fund Series IV Regular Plan - Growth,36.6636
2026-07-29,143078,Sundaram Long Term Tax Advantage Fund Series IV Regular Plan - Payout of Income Distribution cum Capital Withdrawal (IDCW),33.6447
2026-07-29,143079,Sundaram Long Term Tax Advantage Fund Series IV Direct Plan - Growth,37.4661
2026-07-29,143080,Sundaram Long Term Tax Advantage Fund Series IV Direct Plan - Payout of Income Distribution cum Capital Withdrawal (IDCW),34.4230
2026-07-29,143162,Navi Aggressive Hybrid Fund - Regular Plan - Growth,21.9482
2026-07-29,143163,Navi Aggressive Hybrid Fund - Direct Plan - Growth,25.4608
2026-07-29,143166,Navi Aggressive Hybrid Fund - Regular Plan Normal IDCW,21.9495
2026-07-29,143167,Navi Aggressive Hybrid Fund - Direct Plan Normal IDCW,25.3442
2026-07-29,143185,Navi Aggressive Hybrid Fund - Direct Plan Quarterly IDCW,25.3264
2026-07-29,143186,Navi Aggressive Hybrid Fund - Direct Plan Half Yearly IDCW,25.3195
2026-07-29,143189,Navi Aggressive Hybrid Fund - Regular Plan Half Yearly IDCW,21.9624
2026-07-29,143192,Navi Aggressive Hybrid Fund - Direct Plan Monthly IDCW,25.343
2026-07-29,143195,Navi Aggressive Hybrid Fund - Direct Plan Annual IDCW,25.3477
2026-07-29,143197,Navi Aggressive Hybrid Fund - Regular Plan Monthly IDCW,21.9477
2026-07-29,143198,Navi Aggressive Hybrid Fund - Regular Plan Annual IDCW,21.9456
2026-07-29,143199,Navi Aggressive Hybrid Fund - Regular Plan Quarterly IDCW,21.9484
2026-07-29,143247,ICICI Prudential BSE 500 ETF,39.4706
2026-07-29,143603,JM Low Duration Fund (Regular) - Daily IDCW,10.82
2026-07-29,143604,JM Low Duration Fund (Direct) - Daily IDCW,10.85
2026-07-29,143605,JM Low Duration Fund (Regular) - Fortnightly IDCW,11.0806
2026-07-29,143606,JM Low Duration Fund (Direct) - Fortnightly IDCW,11.1208
2026-07-29,143607,JM Low Duration Fund (Regular) - Growth Option,39.4439
2026-07-29,143608,JM Low Duration Fund (Regular) - Weekly IDCW,11.4106
2026-07-29,143609,JM Low Duration Fund - Bonus Option - Principal Units,23.764
2026-07-29,143610,JM Low Duration Fund (Direct) - Bonus Option - Principal Units,24.5248
2026-07-29,143611,JM Low Duration Fund (Direct) - Weekly IDCW,11.4508
2026-07-29,143612,JM Low Duration Fund (Direct) - Growth,40.7323
2026-07-29,143613,BANK OF INDIA Arbitrage Fund Direct Plan Annual IDCW,13.8571
2026-07-29,143614,BANK OF INDIA Arbitrage Fund Direct Plan Growth,15.3324
2026-07-29,143615,BANK OF INDIA Arbitrage Fund Direct Plan Monthly IDCW,13.8143
2026-07-29,143616,BANK OF INDIA Arbitrage Fund Direct Plan Quarterly IDCW,14.5647
2026-07-29,143617,BANK OF INDIA Arbitrage Fund Regular Plan IDCW Annual IDCW,13.4983
2026-07-29,143618,BANK OF INDIA Arbitrage Fund Regular Plan IDCW Monthly IDCW,13.2386
2026-07-29,143619,BANK OF INDIA Arbitrage Fund Regular Plan IDCW Quarterly IDCW,13.9757
2026-07-29,143620,BANK OF INDIA Arbitrage Fund Regular Growth,14.6077
2026-07-29,143787,Navi Flexi Cap Fund - Regular Plan - Growth,24.7792
2026-07-29,143788,NAVI FLEXI CAP FUND - REGULAR PLAN QUARTERLY IDCW PAYOUT,24.7765
2026-07-29,143789,NAVI FLEXI CAP FUND - REGULAR PLAN NORMAL IDCW PAYOUT,24.7828
2026-07-29,143790,NAVI FLEXI CAP FUND - REGULAR PLAN MONTHLY IDCW PAYOUT,24.7891
2026-07-29,143791,NAVI FLEXI CAP FUND - DIRECT PLAN QUARTERLY IDCW PAYOUT,28.7862
2026-07-29,143792,NAVI FLEXI CAP FUND - DIRECT PLAN NORMAL IDCW PAYOUT,28.726
2026-07-29,143793,Navi Flexi Cap Fund - Direct Plan - Growth,28.9857
2026-07-29,143794,NAVI FLEXI CAP FUND - REGULAR PLAN HALF YEARLY IDCW PAYOUT,24.7832
2026-07-29,143795,NAVI FLEXI CAP FUND - REGULAR PLAN ANNUAL IDCW PAYOUT,24.7799
2026-07-29,143796,NAVI FLEXI CAP FUND - DIRECT PLAN MONTHLY IDCW PAYOUT,28.7574
2026-07-29,143797,NAVI FLEXI CAP FUND - DIRECT PLAN HALF YEARLY IDCW PAYOUT,28.7634
2026-07-29,143798,NAVI FLEXI CAP FUND - DIRECT PLAN ANNUAL IDCW PAYOUT,28.7627
2026-07-29,143873,ICICI Prudential Pharma Healthcare and Diagnostics (P.H.D) Fund - Cumulative Option,43.76
2026-07-29,143874,ICICI Prudential Pharma Healthcare and Diagnostics (P.H.D) Fund - Direct Plan - Cumulative Option,47.54
2026-07-29,143875,ICICI Prudential Pharma Healthcare and Diagnostics (P.H.D) Fund - IDCW Option,25.53
2026-07-29,143876,ICICI Prudential Pharma Healthcare and Diagnostics (P.H.D) Fund - Direct Plan - IDCW Option,28.71
2026-07-29,143903,ICICI Prudential BHARAT 22 FOF - Direct Plan Cumulative Option,33.6758
2026-07-29,143904,ICICI Prudential BHARAT 22 FOF - Cumulative Option,33.6639
2026-07-29,144309,BANK OF INDIA Midcap Tax Fund Series 2 Direct Plan IDCW,35.54
2026-07-29,144314,BANK OF INDIA Midcap Tax Fund Series 2 Regular Plan Growth,34.13
2026-07-29,144315,BANK OF INDIA Midcap Tax Fund Series 2 Direct Plan Growth,35.54
2026-07-29,144316,BANK OF INDIA Midcap Tax Fund Series 2 Regular Plan IDCW,34.14
2026-07-29,144333,Kotak Balanced Advantage Fund -Regular Plan - Growth Option,21.095
2026-07-29,144334,Kotak Balanced Advantage Fund -Direct Plan  -Payout of Income Distribution cum capital withdrawal option,23.145
2026-07-29,144335,Kotak Balanced Advantage Fund  - Direct Plan -Growth Option,23.145
2026-07-29,144336,Kotak Balanced Advantage Fund - Regular Plan - Payout of Income Distribution cum capital withdrawal option Option,21.096
2026-07-29,144401,Mahindra Manulife Dynamic Bond Fund - Regular Plan - Growth,14.9667
2026-07-29,144402,Mahindra Manulife Dynamic Bond Fund - Regular Plan - Quarterly IDCW,10.3534
2026-07-29,144403,Mahindra Manulife Dynamic Bond Fund - Direct Plan - Growth,16.3667
2026-07-29,144404,Mahindra Manulife Dynamic Bond Fund - Direct Plan - Quarterly IDCW,11.5511
2026-07-29,144405,Mahindra Manulife Dynamic Bond Fund - Regular Plan - IDCW,11.5996
2026-07-29,144406,Mahindra Manulife Dynamic Bond Fund - Direct Plan - IDCW,12.8882
2026-07-29,144587,ICICI Prudential Nifty Next 50 ETF,76.5611
2026-07-29,144947,ICICI Prudential BSE Liquid Rate ETF - IDCW,1000.0000
2026-07-29,145042,Sundaram Money Market Fund Regular Plan - Growth,16.0350
2026-07-29,145044,Sundaram Money Market Fund Regular Plan- Income Distribution cum Capital Withdrawal (IDCW),11.3219
2026-07-29,145049,Sundaram Money Market Fund Regular Plan -Income Distribution cum Capital Withdrawal(IDCW),11.3219
2026-07-29,145050,Sundaram Money Market Fund Direct Plan - Growth,16.1680
2026-07-29,145051,Sundaram Money Market Fund Direct Plan - Income Distribution cum Capital Withdrawal (IDCW),11.3678
2026-07-29,145056,Sundaram Money Market Fund Direct Plan - Income Distribution cum Capital Withdrawal(IDCW),11.3678
2026-07-29,145075,ICICI Prudential Manufacturing Fund - Direct Plan - Cumulative Option,42.36
2026-07-29,145076,ICICI Prudential Manufacturing Fund - Direct Plan - IDCW Option,25.21
2026-07-29,145077,ICICI Prudential Manufacturing Fund - Cumulative Option,38.93
2026-07-29,145078,ICICI Prudential Manufacturing Fund - IDCW Option,22.29
2026-07-29,145355,Mahindra Manulife Consumption Fund- Regular Plan - Growth,22.0650
2026-07-29,145356,Mahindra Manulife Consumption Fund - Direct Plan -Growth,25.1653
2026-07-29,145357,Mahindra Manulife Consumption Fund - Direct Plan - IDCW,17.8208
2026-07-29,145358,Mahindra Manulife Consumption Fund - Regular Plan - IDCW,15.0173
2026-07-29,145399,ICICI Prudential Ultra Short Term Fund - Daily IDCW,10.0734
2026-07-29,145400,ICICI Prudential Ultra Short Term Fund - Direct Plan - Weekly IDCW,10.0875
2026-07-29,145402,ICICI Prudential Ultra Short Term Fund - Weekly IDCW,10.0713
2026-07-29,145404,ICICI Prudential Ultra Short Term Fund - Direct Plan - Daily IDCW,10.0068
2026-07-29,145535,ICICI Prudential Overnight Fund - Growth,1466.6522
2026-07-29,145536,ICICI Prudential Overnight Fund - Direct Plan - Growth,1475.9941
2026-07-29,145537,ICICI Prudential Overnight Fund - Direct Plan - Daily IDCW,1000.0050
2026-07-29,145538,ICICI Prudential Overnight Fund - Weekly IDCW,1000.2865
2026-07-29,145539,ICICI Prudential Overnight Fund - Direct Plan - Weekly IDCW,1000.2893
2026-07-29,145547,ICICI Prudential Overnight Fund - Daily IDCW,1000.0050
2026-07-29,145589,Groww Dynamic Term Fund (formerly known as Indiabulls Dynamic Bond Fund) - Direct Plan - Growth option,1573.7577
2026-07-29,145590,Groww Dynamic Term Fund (formerly known as Indiabulls Dynamic Bond Fund) - Regular Plan - Growth option,1494.026
2026-07-29,145591,Groww Dynamic Term Fund (formerly known as Indiabulls Dynamic Bond Fund)- Direct Plan- Monthly - Income Distribution cum capital withdrawal Option (Payout & Reinvestment),1012.0322
2026-07-29,145592,Groww Dynamic Term Fund (formerly known as Indiabulls Dynamic Bond Fund)- Regular Plan- Monthly - Income Distribution cum capital withdrawal Option (Payout & Reinvestment),1012.4901
2026-07-29,145593,Groww Dynamic Term Fund (formerly known as Indiabulls Dynamic Bond Fund)- Regular Plan- - Income Distribution cum capital withdrawal Option ( Reinvestment),1021.4702
2026-07-29,145594,Groww Dynamic Term Fund (formerly known as Indiabulls Dynamic Bond Fund)- Regular Plan- Weekly - Income Distribution cum capital withdrawal Option (Payout & Reinvestment),1017.4694
2026-07-29,145595,Groww Dynamic Term Fund (formerly known as Indiabulls Dynamic Bond Fund)- Direct Plan- Fortnightly - Income Distribution cum capital withdrawal Option (Payout & Reinvestment),1020.972
2026-07-29,145596,Groww Dynamic Term Fund (formerly known as Indiabulls Dynamic Bond Fund)- Direct Plan- - Income Distribution cum capital withdrawal Option ( Reinvestment),1019.1689
2026-07-29,145597,Groww Dynamic Term Fund (formerly known as Indiabulls Dynamic Bond Fund)- Direct Plan- Weekly - Income Distribution cum capital withdrawal Option (Payout & Reinvestment),1017.8042
2026-07-29,145598,Groww Dynamic Term Fund (formerly known as Indiabulls Dynamic Bond Fund)- Regular Plan- Fortnightly - Income Distribution cum capital withdrawal Option (Payout & Reinvestment),1018.1985
2026-07-29,145599,Groww Aggressive Hybrid Fund (formerly known as Indiabulls Equity Hybrid Fund) - Direct Plan - Growth option,23.3249
2026-07-29,145600,Groww Aggressive Hybrid Fund (formerly known as Indiabulls Equity Hybrid Fund)- Direct Plan- - Income Distribution cum capital withdrawal Option (Payout & Reinvestment),23.1195
2026-07-29,145601,Groww Aggressive Hybrid Fund (formerly known as Indiabulls Equity Hybrid Fund)- Direct Plan- Quarterly - Income Distribution cum capital withdrawal Option (Payout & Reinvestment),22.8453
2026-07-29,145602,Groww Aggressive Hybrid Fund (formerly known as Indiabulls Equity Hybrid Fund)- Direct Plan- Half Yearly - Income Distribution cum capital withdrawal Option (Payout & Reinvestment),22.4214
2026-07-29,145603,Groww Aggressive Hybrid Fund (formerly known as Indiabulls Equity Hybrid Fund)- Regular Plan- - Income Distribution cum capital withdrawal Option (Payout & Reinvestment),20.642
2026-07-29,145604,Groww Aggressive Hybrid Fund (formerly known as Indiabulls Equity Hybrid Fund)- Regular Plan- Monthly - Income Distribution cum capital withdrawal Option (Payout & Reinvestment.,20.6432
2026-07-29,145605,Groww Aggressive Hybrid Fund (formerly known as Indiabulls Equity Hybrid Fund) - Regular Plan - Growth option,20.645
2026-07-29,145606,Groww Aggressive Hybrid Fund (formerly known as Indiabulls Equity Hybrid Fund)- Direct Plan- Monthly - Income Distribution cum capital withdrawal Option (Payout & Reinvestment),23.0828
2026-07-29,145607,Groww Aggressive Hybrid Fund (formerly known as Indiabulls Equity Hybrid Fund)- Regular Plan- Quarterly - Income Distribution cum capital withdrawal Option (Payout & Reinvestment),21.8824
2026-07-29,145608,Groww Aggressive Hybrid Fund (formerly known as Indiabulls Equity Hybrid Fund)- Regular Plan- Half Yearly - Income Distribution cum capital withdrawal Option (Payout & Reinvestment),20.5965
2026-07-29,145675,BANK OF INDIA Small Cap Fund Direct Plan IDCW,46.70
2026-07-29,145676,BANK OF INDIA Small Cap Fund Regular Plan IDCW,40.16
2026-07-29,145677,BANK OF INDIA Small Cap Fund Regular Plan Growth,55.09
2026-07-29,145678,BANK OF INDIA Small Cap Fund Direct Plan Growth,62.36
2026-07-29,145896,ICICI Prudential India Opportunities Fund - Cumulative Option,36.58
2026-07-29,145897,ICICI Prudential India Opportunities Fund - Direct Plan - Cumulative Option,40.22
2026-07-29,145898,ICICI Prudential India Opportunities Fund - Direct Plan - IDCW Option,24.54
2026-07-29,145899,ICICI Prudential India Opportunities Fund - IDCW Option,21.36
2026-07-29,146127,CANARA ROBECO SMALL CAP FUND - REGULAR PLAN - GROWTH OPTION,40.5700
2026-07-29,146128,CANARA ROBECO SMALL CAP FUND - REGULAR PLAN - IDCW (Payout/Reinvestment),34.7300
2026-07-29,146130,CANARA ROBECO SMALL CAP FUND - DIRECT PLAN - GROWTH OPTION,45.3700
2026-07-29,146131,CANARA ROBECO SMALL CAP FUND - DIRECT PLAN - IDCW (Payout/Reinvestment),39.3000
2026-07-29,146138,Kotak Overnight Fund-Regular Plan- Daily Reinvestment of Income Distribution cum capital withdrawal option,1004.7568
2026-07-29,146140,Kotak Overnight Fund-Direct Plan- Daily Reinvestment of Income Distribution cum capital withdrawal option,1003.6055
2026-07-29,146141,Kotak Overnight Fund -Direct Plan-Growth Option,1461.4525
2026-07-29,146142,Kotak Overnight Fund -Regular plan-Growth Option,1451.4002
2026-07-29,146346,ICICI Prudential Retirement Fund - Pure Equity - Growth Option,35.16
2026-07-29,146347,ICICI Prudential Retirement Fund - Pure Equity - IDCW Option,35.16
2026-07-29,146348,ICICI Prudential Retirement Fund - Pure Equity - Direct Plan - IDCW Option,39.28
2026-07-29,146349,ICICI Prudential Retirement Fund - Pure Equity - Direct Plan - Growth Option,39.29
2026-07-29,146548,Mahindra Manulife Large Cap Fund - Regular Plan - IDCW,14.9133
2026-07-29,146549,Mahindra Manulife Large Cap Fund - Direct Plan -Growth,25.5063
2026-07-29,146550,Mahindra Manulife Large Cap Fund - Direct Plan - IDCW,17.7699
2026-07-29,146551,Mahindra Manulife Large Cap Fund - Regular Plan - Growth,22.3570
2026-07-29,146716,ICICI Prudential Retirement Fund - Hybrid Conservative - Direct Plan - Growth Option,20.1938
2026-07-29,146717,ICICI Prudential Retirement Fund - Hybrid Conservative - Growth Option,18.3113
2026-07-29,146718,ICICI Prudential Retirement Fund - Hybrid Conservative - Direct Plan - IDCW Option,20.1934
2026-07-29,146719,ICICI Prudential Retirement Fund - Hybrid Conservative - IDCW Option,18.3112
2026-07-29,146720,ICICI Prudential Retirement Fund - Hybrid Aggressive - Direct Plan - IDCW Option,31.32
2026-07-29,146721,ICICI Prudential Retirement Fund - Hybrid Aggressive - Direct Plan - Growth Option,31.32
2026-07-29,146722,ICICI Prudential Retirement Fund - Hybrid Aggressive - Growth Option,27.95
2026-07-29,146723,ICICI Prudential Retirement Fund - Hybrid Aggressive - IDCW Option,27.95
2026-07-29,146724,ICICI Prudential Retirement Fund - Pure Debt - IDCW Option,15.6785
2026-07-29,146725,ICICI Prudential Retirement Fund - Pure Debt - Direct Plan - IDCW Option,17.1799
2026-07-29,146726,ICICI Prudential Retirement Fund - Pure Debt - Growth Option,15.6783
2026-07-29,146727,ICICI Prudential Retirement Fund - Pure Debt - Direct Plan - Growth Option,17.1800
2026-07-29,146769,HSBC Large & Mid Cap Fund - Regular IDCW,20.2322
2026-07-29,146770,HSBC Large & Mid Cap Fund - Direct IDCW,22.4789
2026-07-29,146771,HSBC Large & Mid Cap Fund - Regular Growth,29.217
2026-07-29,146772,HSBC Large & Mid Cap Fund - Direct Growth,32.2874
2026-07-29,146795,ICICI Prudential Fixed Maturity Plan - Series 85 - 10 Years Plan I - Direct Plan Cumulative Option,18.0190
2026-07-29,146797,ICICI Prudential Fixed Maturity Plan - Series 85 - 10 Years Plan I - Cumulative Option,17.7717
2026-07-29,146800,ICICI Prudential Fixed Maturity Plan - Series 85 - 10 Years Plan I - Quarterly IDCW Option,17.4581
2026-07-29,146949,ICICI Prudential Bharat Consumption Fund - Direct Plan - IDCW Option,17.53
2026-07-29,146950,ICICI Prudential Bharat Consumption Fund - Growth Option,25.19
2026-07-29,146951,ICICI Prudential Bharat Consumption Fund - Direct Plan - Growth Option,27.31
2026-07-29,146952,ICICI Prudential Bharat Consumption Fund - IDCW Option,15.65
2026-07-29,146957,Sundaram Overnight Fund Direct Plan - Monthly Reinvestment of Income Distribution cum Capital Withdrawal (IDCW),1051.3768
2026-07-29,146959,Sundaram Overnight Fund Regular Plan - Growth,1444.3197
2026-07-29,146960,Sundaram Overnight Fund Regular Plan - Monthly Payout of Income Distribution cum Capital Withdrawal (IDCW),1046.0935
2026-07-29,146961,Sundaram Overnight Fund Regular Plan - Monthly Reinvestment of Income Distribution cum Capital Withdrawal (IDCW),1046.0935
2026-07-29,146962,Sundaram Overnight Fund Direct Plan - Monthly Payout of Income Distribution cum Capital Withdrawal (IDCW),1051.3768
2026-07-29,146963,Sundaram Overnight Fund Direct Plan - Growth,1454.7022
2026-07-29,147265,KOTAK FLOATING RATE FUND-REGULAR PLAN-STANDARD Reinvestment of Income Distribution cum capital withdrawal option,1439.2407
2026-07-29,147266,KOTAK FLOATING RATE FUND-REGULAR PLAN-GROWTH OPTION,1614.9202
2026-07-29,147267,KOTAK FLOATING RATE FUND-DIRECT PLAN-Standard Reinvestment of Income Distribution cum capital withdrawal option,1446.2216
2026-07-29,147269,KOTAK FLOATING RATE FUND-DIRECT PLAN-GROWTH OPTION,1660.121
2026-07-29,147287,HSBC Overnight Fund - Direct Growth,1433.369
2026-07-29,147288,HSBC Overnight Fund - Regular Weekly IDCW,1000.1774
2026-07-29,147289,HSBC Overnight Fund - Regular Daily IDCW,1000.0149
2026-07-29,147290,HSBC Overnight Fund - Regular Growth,1421.0252
2026-07-29,147291,HSBC Overnight Fund - Direct Daily IDCW,1000.0149
2026-07-29,147296,HSBC Overnight Fund - Direct Weekly IDCW,1000.1683
2026-07-29,147300,HSBC Overnight Fund - Direct Monthly IDCW,1000.2831
2026-07-29,147301,HSBC Overnight Fund - Regular Monthly IDCW,1000.2783
2026-07-29,147371,QUANTUM ESG BEST IN CLASS STRATEGY FUND - REGULAR PLAN - GROWTH OPTION,23.50
2026-07-29,147372,QUANTUM ESG BEST IN CLASS STRATEGY FUND - DIRECT PLAN - GROWTH OPTION,25.16
2026-07-29,147446,Mahindra Manulife Aggressive Hybrid Fund - Direct Plan -Growth,30.5071
2026-07-29,147447,Mahindra Manulife Aggressive Hybrid Fund - Regular Plan - Growth,26.9559
2026-07-29,147448,Mahindra Manulife Aggressive Hybrid Fund - Direct Plan - Monthly IDCW,21.0988
2026-07-29,147449,Mahindra Manulife Aggressive Hybrid Fund - Regular Plan - Monthly IDCW,18.0040
2026-07-29,147450,Groww Overnight Fund (formerly known as Indiabulls Overnight Fund)- Direct Plan- Growth Option,1410.8376
2026-07-29,147451,Groww Overnight Fund (formerly known as Indiabulls Overnight Fund)- Direct Plan- Weekly - Income Distribution cum capital withdrawal Option (Payout & Reinvestment),1002.572
2026-07-29,147452,Groww Overnight Fund (formerly known as Indiabulls Overnight Fund)- Direct Plan- Fortnightly - Income Distribution cum capital withdrawal Option (Payout & Reinvestment),1215.0699
2026-07-29,147453,Groww Overnight Fund (formerly known as Indiabulls Overnight Fund)- Direct Plan- Monthly - Income Distribution cum capital withdrawal Option (Payout & Reinvestment),1005.2535
2026-07-29,147454,Groww Overnight Fund (formerly known as Indiabulls Overnight Fund)- Regular Plan- Growth Option,1401.4564
2026-07-29,147455,Groww Overnight Fund (formerly known as Indiabulls Overnight Fund)- Regular Plan- - Income Distribution cum capital withdrawal Option ( Reinvestment),1001.0512
2026-07-29,147456,Groww Overnight Fund (formerly known as Indiabulls Overnight Fund)- Regular Plan- Weekly - Income Distribution cum capital withdrawal Option (Payout & Reinvestment),1001.2604
2026-07-29,147457,Groww Overnight Fund (formerly known as Indiabulls Overnight Fund)- Regular Plan- Fortnightly - Income Distribution cum capital withdrawal Option (Payout & Reinvestment),1001.1652
2026-07-29,147458,Groww Overnight Fund (formerly known as Indiabulls Overnight Fund)- Direct Plan- - Income Distribution cum capital withdrawal Option ( Reinvestment),1001.5058
2026-07-29,147459,Groww Overnight Fund (formerly known as Indiabulls Overnight Fund)- Regular Plan- Monthly - Income Distribution cum capital withdrawal Option (Payout & Reinvestment),1005.1237
2026-07-29,147472,Kotak Focused Fund- Regular Plan-Income Distribution cum capital withdrawal option,27.448
2026-07-29,147473,Kotak Focused Fund- Direct Plan- Growth option,30.583
2026-07-29,147475,Kotak Focused Fund-Direct Plan- Income Distribution cum capital withdrawal option,30.584
2026-07-29,147477,Kotak Focused Fund- Regular plan _ Growth Option,27.448
2026-07-29,147483,ICICI Prudential Nifty Bank ETF,58.7426
2026-07-29,147530,ICICI Prudential Nifty Private Bank ETF,27.8333
2026-07-29,147531,CANARA ROBECO OVERNIGHT FUND - DIRECT PLAN - GROWTH OPTION,1413.9737
2026-07-29,147532,CANARA ROBECO OVERNIGHT FUND - DIRECT PLAN - DAILY IDCW (Reinvestment),1001.0012
2026-07-29,147533,CANARA ROBECO OVERNIGHT FUND - REGULAR PLAN - DAILY IDCW (Reinvestment),1001.0000
2026-07-29,147534,CANARA ROBECO OVERNIGHT FUND - REGULAR PLAN - GROWTH OPTION,1412.3857
2026-07-29,147563,Mahindra Manulife Overnight Fund - Direct Plan - Daily IDCW,1421.0511
2026-07-29,147564,Mahindra Manulife Overnight Fund - Direct Plan -Growth,1417.5580
2026-07-29,147565,Mahindra Manulife Overnight Fund - Regular Plan - Growth,1407.5125
2026-07-29,147566,Mahindra Manulife Overnight Fund - Regular Plan - Daily IDCW,1248.3119
2026-07-29,147729,Mahindra Manulife Ultra Short Duration Fund - Regular Plan - Daily IDCW,1108.6407
2026-07-29,147730,Mahindra Manulife Ultra Short Duration Fund - Regular Plan - Weekly IDCW,1001.0151
2026-07-29,147731,Mahindra Manulife Ultra Short Duration Fund - Direct Plan -Growth,1510.2381
2026-07-29,147732,Mahindra Manulife Ultra Short Duration Fund - Direct Plan - Weekly IDCW,1001.0582
2026-07-29,147733,Mahindra Manulife Ultra Short Duration Fund - Direct Plan - Daily IDCW,1255.6034
2026-07-29,147734,Mahindra Manulife Ultra Short Duration Fund - Regular Plan - Growth,1467.7870
2026-07-29,147834,JM Overnight Fund (Regular) - Weekly IDCW,1000.1281
2026-07-29,147835,JM Overnight Fund (Direct) - Weekly IDCW,1000.1303
2026-07-29,147836,JM Overnight Fund (Regular) - Growth,1381.1072
2026-07-29,147837,JM Overnight Fund - (Direct) - Growth,1387.5351
2026-07-29,147838,JM Overnight Fund (Direct) - Daily IDCW,1000
2026-07-29,147839,JM Overnight Fund (Regular) - Daily IDCW,1000
2026-07-29,147840,Mahindra Manulife Large & Mid Cap Fund - Direct Plan -Growth,30.8806
2026-07-29,147841,Mahindra Manulife Large & Mid Cap Fund - Direct Plan - IDCW,22.3681
2026-07-29,147842,Mahindra Manulife Large & Mid Cap Fund - Regular Plan - IDCW,19.4389
2026-07-29,147843,Mahindra Manulife Large & Mid Cap Fund - Regular Plan - Growth,27.6122
2026-07-29,147907,HSBC Ultra Short Duration Fund - Regular Growth,1447.1538
2026-07-29,147908,HSBC Ultra Short Duration Fund - Direct Growth,1469.5292
2026-07-29,147909,HSBC Ultra Short Duration Fund - Regular Daily IDCW,1031.7278
2026-07-29,147910,HSBC Ultra Short Duration Fund - Direct Daily IDCW,1079.9409
2026-07-29,147911,HSBC Ultra Short Duration Fund - Regular Weekly IDCW,1041.3815
2026-07-29,147912,HSBC Ultra Short Duration Fund - Direct Weekly IDCW,1007.2856
2026-07-29,147915,HSBC Ultra Short Duration Fund - Direct Monthly IDCW,1011.6419
2026-07-29,147916,HSBC Ultra Short Duration Fund - Regular Monthly IDCW,1027.236
2026-07-29,147921,ICICI Prudential Nifty Midcap 150 ETF,23.9275
2026-07-29,147936,BANK OF INDIA Overnight Fund Regular Plan Growth,1389.1767
2026-07-29,147948,BANK OF INDIA Overnight Fund Direct Plan- Monthly IDCW,1000.2852
2026-07-29,147949,BANK OF INDIA Overnight Fund Regular Plan- Monthly IDCW,1000.2827
2026-07-29,147951,BANK OF INDIA Overnight Fund Direct Plan Growth,1393.4853
2026-07-29,147952,BANK OF INDIA Overnight Fund Direct Plan- Daily IDCW,1000.0000
2026-07-29,147953,BANK OF INDIA Overnight Fund Regular Plan- Daily IDCW,1000.0000
2026-07-29,148404,BANK OF INDIA Flexi Cap Fund Direct Plan -Growth,41.29
2026-07-29,148405,BANK OF INDIA Flexi Cap Fund Regular Plan -Growth,37.57
2026-07-29,148406,BANK OF INDIA Flexi Cap Fund Direct Plan -IDCW,35.28
2026-07-29,148407,BANK OF INDIA Flexi Cap Fund Regular Plan -IDCW,34.14
2026-07-29,148409,HSBC Focused Fund - Regular Growth,26.5043
2026-07-29,148410,HSBC Focused Fund - Regular IDCW,17.12
2026-07-29,148411,HSBC Focused Fund - Direct Growth,28.7707
2026-07-29,148412,HSBC Focused Fund - Direct IDCW,21.3468
2026-07-29,148413,JM Liquid Fund - Unclaimed Brokerage I.E.F. (Direct) - Growth Plan,41.4437
2026-07-29,148414,JM Liquid Fund - Unclaimed Application Refund Amount I.E.F. (Direct) - Growth Plan,41.4437
2026-07-29,148456,ICICI Prudential Nifty Alpha Low- Volatility 30 ETF,28.1889
2026-07-29,148466,ICICI Prudential Nifty IT ETF,34.6193
2026-07-29,148467,Mahindra Manulife Arbitrage Fund - Regular Plan - Growth,13.0503
2026-07-29,148468,Mahindra Manulife Arbitrage Fund - Direct Plan -Growth,13.6966
2026-07-29,148469,Mahindra Manulife Arbitrage Fund - Regular Plan - IDCW,12.4496
2026-07-29,148470,Mahindra Manulife Arbitrage Fund - Direct Plan - IDCW,13.0959
2026-07-29,148504,Sundaram Large Cap Fund(Formerly Known as Sundaram Blue Chip Fund) Regular Plan - Growth,20.9331
2026-07-29,148505,Sundaram Large Cap Fund (Formerly Known as Sundaram Blue Chip Fund)  Regular Plan - Payout of Income Distribution cum Capital Withdrawal (IDCW),15.1746
2026-07-29,148506,Sundaram Large Cap Fund (Formerly Known as Sundaram Blue Chip Fund) Regular Plan - Reinvestment of Income Distribution cum Capital Withdrawal (IDCW),15.1746
2026-07-29,148507,Sundaram Large Cap Fund (Formerly Known as Sundaram Blue Chip Fund)Direct Plan - Growth,22.7649
2026-07-29,148508,Sundaram Large Cap Fund (Formerly Known as Sundaram Blue Chip Fund) Direct Plan - Payout of Income Distribution cum Capital Withdrawal (IDCW),16.5287
2026-07-29,148509,Sundaram Large Cap Fund (Formerly Known as Sundaram Blue Chip  Fund)  Direct Plan - Reinvestment of Income Distribution cum Capital Withdrawal (IDCW),16.5287
2026-07-29,148514,ICICI Prudential ESG Exclusionary Strategy Fund - IDCW,14.66
2026-07-29,148515,ICICI Prudential ESG Exclusionary Strategy Fund - Direct Plan - IDCW,16.16
2026-07-29,148516,ICICI Prudential ESG Exclusionary Strategy Fund - Direct Plan - Growth,23.23
2026-07-29,148517,ICICI Prudential ESG Exclusionary Strategy Fund - Growth,21.55
2026-07-29,148560,quant ESG Integration Strategy Fund - Growth Option - Regular Plan,38.0183
2026-07-29,148561,quant ESG Integration Strategy Fund - IDCW Option - Regular Plan,37.8335
2026-07-29,148563,quant ESG Integration Strategy Fund - IDCW Option - Direct Plan,41.4818
2026-07-29,148564,quant ESG Integration Strategy Fund - Growth Option - Direct Plan,41.5346
2026-07-29,148566,Mahindra Manulife Focused Fund - Regular Plan - IDCW,17.7220
2026-07-29,148567,Mahindra Manulife Focused Fund - Direct Plan -Growth,29.6220
2026-07-29,148569,Mahindra Manulife Focused Fund - Direct Plan - IDCW,20.1580
2026-07-29,148571,Mahindra Manulife Focused Fund - Regular Plan - Growth,26.6944
2026-07-29,148598,ICICI Prudential Quant Fund Growth,23.25
2026-07-29,148599,ICICI Prudential Quant Fund IDCW,14.87
2026-07-29,148600,ICICI Prudential Quant Fund Direct Plan Growth,24.13
2026-07-29,148601,ICICI Prudential Quant Fund Direct Plan IDCW,15.60
2026-07-29,148602,Kotak ESG Exclusionary Strategy Fund - Regular Plan - Growth Option,16.945
2026-07-29,148603,Kotak ESG Exclusionary Strategy Fund - Regular Plan - Payout of Income Distribution cum capital withdrawal option,16.945
2026-07-29,148605,Kotak ESG Exclusionary Strategy Fund - Direct Plan - Payout of Income Distribution cum capital withdrawal option,18.529
2026-07-29,148606,Kotak ESG Exclusionary Strategy Fund - Direct Plan - Growth Option,18.529
2026-07-29,148727,Mahindra Manulife Short Duration Fund - Regular Plan - Growth,13.5204
2026-07-29,148728,Mahindra Manulife Short Duration Fund - Regular Plan - IDCW,11.4892
2026-07-29,148729,Mahindra Manulife Short Duration Fund - Direct Plan -Growth,14.2432
2026-07-29,148730,Mahindra Manulife Short Duration Fund - Direct Plan - IDCW,12.1756
2026-07-29,148743,Kotak Nifty Next 50 Index Fund - Regular Plan - Growth Option,20.7158
2026-07-29,148744,Kotak Nifty Next 50 Index Fund - Regular Plan - Payout of Income Distribution cum capital withdrawal option,20.7163
2026-07-29,148745,Kotak Nifty Next 50 Index Fund - Direct Plan - Growth Option,21.2764
2026-07-29,148746,Kotak Nifty Next 50 Index Fund - Direct Plan -Payout of Income Distribution cum capital withdrawal option,21.2761
2026-07-29,148763,Kotak Nifty IT ETF,34.5933
2026-07-29,148821,ICICI Prudential Nifty 100 Low Volatility 30 ETF FOF - Growth,18.4733
2026-07-29,148822,ICICI Prudential Nifty 100 Low Volatility 30 ETF FOF - Direct Plan - Growth,18.9094
2026-07-29,148823,ICICI Prudential Nifty 100 Low Volatility 30 ETF FOF - Direct Plan - IDCW,18.9094
2026-07-29,148824,ICICI Prudential Nifty 100 Low Volatility 30 ETF FOF - IDCW,18.4733
2026-07-29,148833,TRUSTMF Liquid Fund-Regular Plan-Growth,1353.2300
2026-07-29,148834,TRUSTMF Liquid Fund-Regular Plan-Daily Income Distribution cum Capital Withdrawal,1216.9721
2026-07-29,148836,TRUSTMF Liquid Fund-Regular Plan-Weekly Income Distribution cum Capital Withdrawal,1191.8692
2026-07-29,148837,TRUSTMF Liquid Fund-Direct Plan-Weekly Income Distribution cum Capital Withdrawal,1244.8347
2026-07-29,148839,TRUSTMF Liquid Fund-Direct Plan-Monthly Income Distribution cum Capital Withdrawal,1216.8542
2026-07-29,148841,TRUSTMF Liquid Fund-Direct Plan-Growth,1364.0663
2026-07-29,148842,TRUSTMF Liquid Fund-Direct Plan-Daily Income Distribution cum Capital Withdrawal,1289.0653
2026-07-29,148843,TRUSTMF Liquid Fund-Regular Plan-Monthly Income Distribution cum Capital Withdrawal,1207.1736
2026-07-29,148882,Canara Robeco Focused Fund - Direct Plan - IDCW (Payout/Reinvestment),19.2600
2026-07-29,148883,Canara Robeco Focused Fund - Direct Plan - Growth Option,21.5300
2026-07-29,148884,Canara Robeco Focused Fund - Regular Plan - Growth Option,19.8700
2026-07-29,148885,Canara Robeco Focused Fund - Regular Plan - IDCW (Payout/Reinvestment),17.7000
2026-07-29,148922,quant Quantamental Fund - IDCW Option - Regular Plan,25.1757
2026-07-29,148923,quant Quantamental Fund - Growth Option - Regular Plan,25.1465
2026-07-29,148924,quant Quantamental Fund - IDCW Option - Direct Plan,27.3785
2026-07-29,148925,quant Quantamental Fund - Growth Option - Direct Plan,27.2289
2026-07-29,148957,ICICI Prudential Nifty Healthcare ETF,171.4035
2026-07-29,148974,Kotak Nifty 50 Index Fund - Regular Plan-Growth,15.857
2026-07-29,148976,Kotak Nifty 50 Index Fund - Direct Plan-IDCW Payout,16.105
2026-07-29,148978,Kotak Nifty 50 Index Fund - Direct Plan-Growth,16.108
2026-07-29,148979,Kotak Nifty 50 Index Fund - Regular Plan-IDCW Payout,15.857
2026-07-29,148980,BANK OF INDIA Large Cap Fund Direct Plan Growth,17.69
2026-07-29,148981,BANK OF INDIA Large Cap Fund Direct Plan IDCW,17.66
2026-07-29,148982,BANK OF INDIA Large Cap Fund Regular Plan Growth,16.56
2026-07-29,148983,BANK OF INDIA Large Cap Fund Regular Plan IDCW,16.56
2026-07-29,148988,ICICI Prudential Flexicap Fund - IDCW,17.03
2026-07-29,148989,ICICI Prudential Flexicap Fund - Growth,20.33
2026-07-29,148990,ICICI Prudential Flexicap Fund - Direct Plan - Growth,21.52
2026-07-29,148991,ICICI Prudential Flexicap Fund - Direct Plan - IDCW,18.20
2026-07-29,149039,Navi Nifty 50 Index Fund-Direct Plan-Growth,15.9994
2026-07-29,149040,Navi Nifty 50 Index Fund-Regular Plan-Growth,15.8345
2026-07-29,149072,ICICI Prudential Nifty FMCG ETF,53.3455
2026-07-29,149073,TRUSTMF Short Duration Fund-Regular Plan-Growth,1321.4174
2026-07-29,149074,TRUSTMF Short Duration Fund-Regular Plan-Weekly Income Distribution Cum Capital Withdrawal,1117.1955
2026-07-29,149075,TRUSTMF Short Duration Fund-Regular Plan-Quarterly Income Distribution Cum Capital Withdrawal,1146.1214
2026-07-29,149076,TRUSTMF Short Duration Fund-Direct Plan-Growth,1354.7537
2026-07-29,149077,TRUSTMF Short Duration Fund-Direct Plan-Weekly Income Distribution Cum Capital Withdrawal,1137.1335
2026-07-29,149078,TRUSTMF Short Duration Fund-Direct Plan-Monthly Income Distribution Cum Capital Withdrawal,1160.7937
2026-07-29,149079,TRUSTMF Short Duration Fund-Direct Plan-Quarterly Income Distribution Cum Capital Withdrawal,1177.2767
2026-07-29,149080,TRUSTMF Short Duration Fund-Regular Plan-Monthly Income Distribution Cum Capital Withdrawal,1140.1893
2026-07-29,149085,Canara Robeco Value Fund - Direct Plan - Growth Option,19.3000
2026-07-29,149086,Canara Robeco Value Fund - Direct Plan - IDCW (Payout/Reinvestment),18.1500
2026-07-29,149087,Canara Robeco Value Fund - Regular Plan - IDCW (Payout/Reinvestment),16.8100
2026-07-29,149088,Canara Robeco Value Fund - Regular Plan - Growth Option,17.8800
2026-07-29,149101,Mahindra Manulife Flexi Cap Fund - Regular Plan -Growth,15.8994
2026-07-29,149102,Mahindra Manulife Flexi Cap Fund - Regular Plan -IDCW,12.5864
2026-07-29,149103,Mahindra Manulife Flexi Cap Fund - Direct Plan -IDCW,13.9806
2026-07-29,149104,Mahindra Manulife Flexi Cap Fund - Direct Plan -Growth,17.3652
2026-07-29,149157,ICICI Prudential Nifty Alpha Low - Volatility 30 ETF FOF - Growth,15.0060
2026-07-29,149158,ICICI Prudential Nifty Alpha Low - Volatility 30 ETF FOF - Direct Plan - Growth,15.3370
2026-07-29,149159,ICICI Prudential Nifty Alpha Low - Volatility 30 ETF FOF - IDCW,15.0060
2026-07-29,149160,ICICI Prudential Nifty Alpha Low - Volatility 30 ETF FOF - Direct Plan - IDCW,15.3365
2026-07-29,149182,Kotak Multicap Fund-Regular Plan-Growth,20.14
2026-07-29,149183,Kotak Multicap Fund- Regular Plan -IDCW Option,18.51
2026-07-29,149185,Kotak Multicap Fund-Direct Plan-Growth,21.562
2026-07-29,149187,Kotak Multicap Fund-Direct Plan-IDCW Option,19.817
2026-07-29,149208,ICICI Prudential Nifty PSU Bond Plus SDL Sep 2027 40:60 Index Fund - Growth,13.1887
2026-07-29,149210,ICICI Prudential Nifty PSU Bond Plus SDL Sep 2027 40:60 Index Fund - Direct Plan Growth,13.3105
2026-07-29,149224,ICICI Prudential Nifty PSU Bond Plus SDL Sep 2027 40:60 Index Fund - Annual - IDCW,13.1885
2026-07-29,149227,ICICI Prudential Nifty PSU Bond Plus SDL Sep 2027 40:60 Index Fund - Direct Plan Annual - IDCW,13.3105
2026-07-29,149281,ICICI Prudential Nifty Smallcap 250 Index Fund - Growth,17.9319
2026-07-29,149282,ICICI Prudential Nifty Smallcap 250 Index Fund - IDCW,17.9326
2026-07-29,149283,ICICI Prudential Nifty Smallcap 250 Index Fund - Direct Plan - Growth,18.4516
2026-07-29,149284,ICICI Prudential Nifty Smallcap 250 Index Fund - Direct Plan - IDCW,18.4509
2026-07-29,149285,ICICI Prudential Nifty India Consumption ETF,124.6388
2026-07-29,149331,ICICI Prudential BSE 500 ETF FOF - Direct Plan - Growth,15.9805
2026-07-29,149332,ICICI Prudential BSE 500 ETF FOF - IDCW,15.6333
2026-07-29,149333,ICICI Prudential BSE 500 ETF FOF - Direct Plan - IDCW,15.9801
2026-07-29,149334,ICICI Prudential BSE 500 ETF FOF - Growth,15.6333
2026-07-29,149335,Quant Value Fund - Growth Option  - Direct Plan,24.1551
2026-07-29,149336,Quant Value Fund - IDCW Option- Regular Plan,22.5029
2026-07-29,149337,Quant Value Fund - Growth Option - Regular Plan,22.3802
2026-07-29,149338,Quant Value Fund - IDCW Option - Direct Plan,22.9503
2026-07-29,149388,ICICI Prudential Nifty Midcap 150 Index Fund - IDCW,20.0276
2026-07-29,149389,ICICI Prudential Nifty Midcap 150 Index Fund - Direct Plan - Growth,20.6852
2026-07-29,149390,ICICI Prudential Nifty Midcap 150 Index Fund - Growth,20.0280
2026-07-29,149391,ICICI Prudential Nifty Midcap 150 Index Fund - Direct Plan - IDCW,20.6848
2026-07-29,149394,Groww Overnight Fund (formerly known as Indiabulls Overnight Fund)- Unclaimed Dividend < 3 years,1308.5973
2026-07-29,149395,Groww Overnight Fund (formerly known as Indiabulls Overnight Fund)- Unclaimed Redemption > 3 Years,1000
2026-07-29,149396,Groww Overnight Fund (formerly known as Indiabulls Overnight Fund)- Unclaimed Redemption < 3 Years,1294.8264
2026-07-29,149397,Kotak Nifty Alpha 50 ETF,51.4969
2026-07-29,149404,Mahindra Manulife Balanced Advantage Fund - Regular Plan - Growth,14.8704
2026-07-29,149405,Mahindra Manulife Balanced Advantage Fund - Regular Plan - IDCW,11.7764
2026-07-29,149406,Mahindra Manulife Balanced Advantage Fund - Direct Plan - Growth,16.1103
2026-07-29,149407,Mahindra Manulife Balanced Advantage Fund - Direct Plan - IDCW,12.9386
2026-07-29,149408,ICICI Prudential Overnight fund - Direct Plan - Unclaimed IDCW Transitory Scheme,1302.2958
2026-07-29,149409,ICICI Prudential Overnight fund - Direct Plan - Unclaimed Redemption Stable Scheme,1000.0000
2026-07-29,149410,ICICI Prudential Overnight fund - Direct Plan - Unclaimed Redemption Transitory Scheme,1302.3088
2026-07-29,149411,ICICI Prudential Overnight fund - Direct Plan - Unclaimed IDCW Stable Scheme,1000.0000
2026-07-29,149412,BANK OF INDIA Overnight Fund Unclaimed IDCW Plan - Greater than 3 Years,1000.0000
2026-07-29,149413,BANK OF INDIA Overnight Fund Unclaimed Redemption Plan - Upto 3 Years,1310.3710
2026-07-29,149414,BANK OF INDIA Overnight Fund Unclaimed IDCW Plan - Up to 3 Years,1310.1366
2026-07-29,149415,BANK OF INDIA Overnight Fund Unclaimed Redemption Plan - Greater than 3 Years,1000.0000
2026-07-29,149447,Navi Nifty Next 50 Index Fund- Direct Plan- Growth,17.2962
2026-07-29,149448,Navi Nifty Next 50 Index Fund- Regular Plan- Growth,16.8604
2026-07-29,149463,ICICI Prudential Nifty Auto ETF,28.7905
2026-07-29,149464,ICICI PRUDENTIAL SILVER ETF,215.6061
2026-07-29,149470,Mahindra Manulife Overnight Fund - Unclaimed Redemption/IDCW upto 3 years,1300.0395
2026-07-29,149471,Mahindra Manulife Overnight Fund - Unclaimed Redemption/IDCW beyond 3 years,1000.0000
2026-07-29,149480,Sundaram Nifty 100 Equal Weight Fund (Formerly Known as Principal Nifty 100 Equal Weight Fund-Income Distribution CUM Capital Withdrawal,75.6875
2026-07-29,149481,Sundaram Nifty 100 Equal Weight Fund (Formerly Known as Principal Nifty 100 Equal Weight Fund)-Growth,185.4166
2026-07-29,149482,Sundaram Nifty 100 Equal Weight Fund (Formerly Known as Principal Nifty 100 Equal Weight Fund)- Direct Plan - Income Distribution CUM Capital Withdrawal Option,80.1554
2026-07-29,149483,Sundaram Nifty 100 Equal Weight Fund (Formerly Known as Principal Nifty 100 Equal Weight Fund) - Direct Plan - Growth Option,196.3041
2026-07-29,149519,Sundaram Low Duration Fund (Formerly Known as Principal Low Duration Fund)- Growth Option,3666.7441
2026-07-29,149521,Sundaram Low Duration Fund (Formerly Known as Principal Low Duration Fund)- Income Distribution CUM Capital Withdrawal Option (IDCW),1091.7737
2026-07-29,149525,Sundaram Low Duration Fund (Formerly Known as Principal Low Duration Fund) - Direct Plan - Income Distribution CUM Capital Withdrawal Option (IDCW),1113.9428
2026-07-29,149526,Sundaram Low Duration Fund (Formerly Known as Principal Low Duration Fund) - Direct Plan - Growth Option,3964.0349
2026-07-29,149531,Sundaram Focused Fund (Formerly Known as Principal Focused Multicap Fund)- Income Distribution CUM Capital Withdrawal Option (IDCW),39.2860
2026-07-29,149532,Sundaram Focused Fund (Formerly Known as Principal Focused Multicap Fund)-Growth Option,164.7230
2026-07-29,149533,Sundaram Focused Fund (Formerly Known as Principal Focused Multicap Fund)- Direct Plan - Growth Option,184.2773
2026-07-29,149534,Sundaram Focused Fund (Formerly Known as Principal Focused Multicap Fund)- Direct Plan - Income Distribution CUM Capital Withdrawal Option (IDCW),43.1870
2026-07-29,149535,Sundaram Ultra Short Duration Fund (Formerly Known as Principal Ultra Short Term Fund)-Growth Option,2837.9749
2026-07-29,149537,Sundaram Ultra Short Duration Fund (Formerly Known as Principal Ultra Short Term Fund) - Income Distribution CUM Capital Withdrawal Option (IDCW),1065.2725
2026-07-29,149539,Sundaram Ultra Short Duration Fund (Formerly Known as Principal Ultra Short Term Fund)- Direct Plan -Growth Option,3135.9712
2026-07-29,149540,Sundaram Ultra Short Duration Fund (Formerly Known as Principal Ultra Short Term Fund)- Direct Plan Income Distribution CUM Capital Withdrawal Option (IDCW),1084.7972
2026-07-29,149549,Sundaram Arbitrage Fund( Formerly Known as Principal Arbitrage Fund) - Direct Plan- Monthly Income Distribution CUM Capital Withdrawal,13.2880
2026-07-29,149550,Sundaram Arbitrage Fund (Formerly Known as Prinicpal Arbitrage Fund) - Direct Plan - Growth,16.3443
2026-07-29,149551,Sundaram Arbitrage Fund (Formerly Known as Principal Arbitrage Fund)- Regular Plan - Monthly Income Distribution CUM Capital Withdrawal,12.7017
2026-07-29,149552,Sundaram Arbitrage Fund (Formerly Know as Principal Arbitrage Fund) - Regular Plan - Growth,15.3644
2026-07-29,149569,Sundaram ELSS Tax Saver Fund Regular Growth,498.5595
2026-07-29,149570,Sundaram ELSS Tax Saver Fund Direct Plan Growth,536.0437
2026-07-29,149571,Sundaram ELSS Tax Saver Fund Direct Plan - Income Distribution CUM Capital Withdrawal Option (IDCW),513.3324
2026-07-29,149572,Sundaram ELSS Tax Saver Fund Regular Plan - Income Distribution CUM Capital Withdrawal Option (IDCW),383.2484
2026-07-29,149585,Sundaram Short Duration Fund (Formerly Known as Principal Short Term Debt Fund)- Growth Plan,46.8999
2026-07-29,149586,Sundaram Short Duration Fund (Formerly Known as Principal Short Term Debt Fund)- Income Distribution CUM Capital Withdrawal Option (IDCW),12.9862
2026-07-29,149587,Sundaram Short Duration Fund (Formerly Known as Principal Short Term Debt Fund)- Direct Plan - Growth Option,51.0394
2026-07-29,149588,Sundaram Short Duration Fund (Formerly Known as Principal Short Term Debt Fund) - Direct Plan - Income Distribution CUM Capital Withdrawal Plan (IDCW),13.1283
2026-07-29,149599,Sundaram Aggressive Hybrid Fund (Formerly Known as Principal Hybrid Equity Fund)-Growth,159.5640
2026-07-29,149600,Sundaram Aggressive Hybrid Fund (Formerly Known as Principal Hybrid Equity Fund)- Monthly Income Distribution CUM Capital Withdrawal,24.6931
2026-07-29,149601,Sundaram Aggressive Hybrid Fund (Formerly Known as Principal Hybrid Equity Fund)- Direct Plan - Growth Option,184.9031
2026-07-29,149602,Sundaram Aggressive Hybrid Fund(Formerly Known as Principal Hybrid Equity Fund)-Direct Plan - Monthly Income Distribution CUM Capital Withdrawal Option,38.7717
2026-07-29,149660,Sundaram Liquid Fund (Formerly Known as Principal Cash Management Fund) - Regular Plan IDCW,1039.8573
2026-07-29,149661,Sundaram Liquid Fund (Formerly Known as Principal Cash Management Fund) -Growth Option,2458.3065
2026-07-29,149662,Sundaram Liquid Fund (Formerly Known as Principal Cash Management Fund) -Direct Plan - IDCW,1042.9312
2026-07-29,149664,Sundaram Liquid Fund (Formerly Known as Principal Cash Management Fund) - Direct Plan - Growth Option,2492.4526
2026-07-29,149666,Sundaram Multi Cap Fund (Formerly Known as Principal Multi Cap Growth Fund)- Income Distribution CUM Capital Withdrawal Option (IDCW),63.5543
2026-07-29,149667,Sundaram Multi Cap Fund (Formerly Known as Principal Multi Cap Growth Fund)-Growth Option,388.2662
2026-07-29,149668,Sundaram Multi Cap Fund (Formerly Known as Principal Multi Cap Growth Fund) - Direct Plan - Income Distribution CUM Capital Withdrawal Option (IDCW),86.6877
2026-07-29,149669,Sundaram Multi Cap Fund (Formerly Known as Principal Multi Cap Growth Fund)-Direct Plan - Growth Option,436.9610
2026-07-29,149674,Sundaram Equity Savings Fund (Formerly Known as Principal Equity Savings Fund) - Growth Option,71.1124
2026-07-29,149675,Sundaram Equity Savings Fund (Formerly Known as Principal Equity Savings Fund)- Income Distribution CUM Capital Withdrawal (IDCW),14.2680
2026-07-29,149677,Sundaram Equity Savings Fund (Formerly Known as  Principal Equity Savings Fund) - Direct Plan - Income Distribution CUM Capital Withdrawal Option (IDCW),15.5537
2026-07-29,149679,Sundaram Equity Savings Fund (Formerly Known as Principal Equity Savings Fund) - Direct Plan - Growth Option,83.8195
2026-07-29,149697,Sundaram Dividend Yield Fund (Formerly Known as Principal Dividend Yield Fund)-Growth Plan,131.9007
2026-07-29,149698,Sundaram Dividend Yield Fund (Formerly Known as Principal Dividend Yield Fund)- Income Distribution CUM Capital Withdrawal Plan,35.8647
2026-07-29,149699,Sundaram Dividend Yield Fund (Formerly Known as Principal Dividend Yield Fund)- Direct Plan - Income Distribution CUM Capital Withdrawal Option,60.8276
2026-07-29,149700,Sundaram Dividend Yield Fund (Formerly Known as Principal Dividend Yield Fund) - Direct Plan - Growth Option,145.7312
2026-07-29,149715,Sundaram Balanced Advantage Fund (Formerly Known as Principal Balanced Advantage Fund) - Growth Option,35.1469
2026-07-29,149716,Sundaram Balanced Advantage Fund (Formerly Known as Principal Balanced Advantage Fund) - Monthly Income Distribution CUM Capital Withdrawal Option,14.2241
2026-07-29,149717,Sundaram Balanced Advantage Fund ( Formerly Known as Principal Balanced Advantage Fund) - Direct Plan - Growth Option,41.8484
2026-07-29,149718,Sundaram Balanced Advantage Fund (Formerly Known as Principal Balanced Advantage Fund) - Direct Plan - Monthly Income Distribution CUM Capital Withdrawal Option,17.6698
2026-07-29,149757,Kotak Nifty Midcap 50 ETF,18.4807
2026-07-29,149775,ICICI Prudential Silver ETF FOF - Direct Plan - Growth,33.1052
2026-07-29,149776,ICICI Prudential Silver ETF FOF - Direct Plan - IDCW,33.1057
2026-07-29,149777,ICICI Prudential Silver ETF FOF - Growth,32.3819
2026-07-29,149778,ICICI Prudential Silver ETF FOF - IDCW,32.3812
2026-07-29,149795,TRUST MF OVERNIGHT FUND-REGULAR-GROWTH,1291.9308
2026-07-29,149796,TRUST MF OVERNIGHT FUND-DIRECT PLAN-DAILY IDCW REINVESTMENT,1267.1095
2026-07-29,149797,TRUST MF OVERNIGHT FUND-DIRECT PLAN-GROWTH,1294.8752
2026-07-29,149798,TRUST MF OVERNIGHT FUND-REGULAR PLAN-DAILY IDCW REINVESTMENT,1255.4588
2026-07-29,149804,Navi Nifty Bank Index Fund- Direct Plan- Growth,15.0791
2026-07-29,149805,Navi Nifty Bank Index Fund- Regular Plan- Growth,14.5905
2026-07-29,149826,JM Overnight Fund - (Direct) - Unclaimed Redemption I.E.F. - Growth Plan,1073.9936
2026-07-29,149827,JM Overnight Fund - (Direct) - Unclaimed IDCW I.E.F. - Growth Plan,1073.9936
2026-07-29,149828,JM Overnight Fund - (Direct) - Unclaimed IDCW - Growth Plan,1392.7079
2026-07-29,149829,JM Overnight Fund - (Direct) - Unclaimed Redemption - Growth Plan,1387.5554
2026-07-29,149840,Kotak Manufacture in India Fund - Regular Plan Growth,21.363
2026-07-29,149841,Kotak Manufacture in India Fund - Direct Plan Growth,22.878
2026-07-29,149842,Kotak Manufacture in India Fund - Direct Plan IDCW Option,22.878
2026-07-29,149843,Kotak Manufacture in India Fund - Regular Plan IDCW Option,21.362
2026-07-29,149852,Kotak Nifty SDL Apr  2027 Top 12 Equal Weight Index Fund-Regular Plan- Growth,13.088
2026-07-29,149853,Kotak Nifty SDL Apr  2027 Top 12 Equal Weight Index Fund-Regular Plan-IDCW Option,13.0882
2026-07-29,149854,Kotak Nifty SDL Apr 2027 Top 12 Equal Weight Index Fund-Direct Plan-IDCW Option,13.1774
2026-07-29,149855,Kotak Nifty SDL Apr  2027 Top 12 Equal Weight Index Fund-Direct Plan-Growth,13.1781
2026-07-29,149858,ICICI Prudential Nifty Bank Index Fund - Direct Plan Growth,16.5011
2026-07-29,149859,ICICI Prudential Nifty Bank Index Fund - Growth,16.0337
2026-07-29,149860,ICICI Prudential Nifty Bank Index Fund - IDCW,16.0336
2026-07-29,149861,ICICI Prudential Nifty Bank Index Fund - Direct Plan IDCW,16.5009
2026-07-29,149862,Kotak Nifty SDL Apr 2032 Top 12 Equal Weight Index Fund-Regular Plan-Growth,13.45
2026-07-29,149864,Kotak Nifty SDL Apr 2032 Top 12 Equal Weight Index Fund-Direct Plan-IDCW Option,13.5505
2026-07-29,149865,Kotak Nifty SDL Apr 2032 Top 12 Equal Weight Index Fund-Direct Plan- Growth,13.552
2026-07-29,149866,Kotak Nifty SDL Apr 2032 Top 12 Equal Weight Index Fund-Regular Plan-IDCW Option,13.4541
2026-07-29,149892,Navi Nifty Midcap 150 Index Fund Direct Plan- Growth,21.8997
2026-07-29,149893,Navi Nifty Midcap 150 Index Fund Regular Plan- Growth,21.1032
2026-07-29,149928,ICICI Prudential Nifty 5 yr Benchmark G-SEC ETF,66.2046
2026-07-29,149962,HSBC CRISIL IBX 50:50 Gilt Plus SDL Apr 2028 Index Fund - Direct - Payout of IDCW,13.2998
2026-07-29,149963,HSBC CRISIL IBX 50:50 Gilt Plus SDL Apr 2028 Index Fund - Regular - Growth,13.1962
2026-07-29,149964,HSBC CRISIL IBX 50:50 Gilt Plus SDL Apr 2028 Index Fund - Regular - payout of IDCW,13.196
2026-07-29,149966,HSBC CRISIL IBX 50:50 Gilt Plus SDL Apr 2028 Index Fund - Direct - Growth,13.2998
2026-07-29,149996,ICICI Prudential Nifty SDL Sep 2027 Index Fund - Annual IDCW,13.1232
2026-07-29,149997,ICICI Prudential Nifty SDL Sep 2027 Index Fund - Direct Plan - Annual IDCW,13.2080
2026-07-29,149998,ICICI Prudential Nifty SDL Sep 2027 Index Fund - Growth,13.1232
2026-07-29,149999,ICICI Prudential Nifty SDL Sep 2027 Index Fund - Direct Plan - Growth,13.2080
2026-07-29,150000,Kotak Nifty 100 Low Volatility 30 ETF,21.5726
2026-07-29,150308,ICICI PRUDENTIAL HOUSING OPPORTUNITIES FUND - Growth,17.40
2026-07-29,150309,ICICI PRUDENTIAL HOUSING OPPORTUNITIES FUND - IDCW,14.63
2026-07-29,150310,ICICI PRUDENTIAL HOUSING OPPORTUNITIES FUND - Direct Plan Growth,18.31
2026-07-29,150311,ICICI PRUDENTIAL HOUSING OPPORTUNITIES FUND - Direct Plan IDCW,15.52
2026-07-29,150439,quant Large Cap Fund - IDCW Option - Direct Plan,16.9877
2026-07-29,150440,quant Large Cap Fund - Growth Option - Direct Plan,16.9178
2026-07-29,150441,quant Large Cap Fund - Growth Option - Regular Plan,15.8976
2026-07-29,150442,quant Large Cap Fund - IDCW Option - Regular Plan,15.8096
2026-07-29,150451,ICICI Prudential Nifty 200 Momentum 30 Index Fund - IDCW,16.0218
2026-07-29,150452,ICICI Prudential Nifty 200 Momentum 30 Index Fund - Direct Plan - Growth,16.4286
2026-07-29,150453,ICICI Prudential Nifty 200 Momentum 30 Index Fund - Direct Plan - IDCW,16.4262
2026-07-29,150454,ICICI Prudential Nifty 200 Momentum 30 Index Fund - Growth,16.0222
2026-07-29,150455,ICICI Prudential Nifty 200 Momentum 30 ETF,30.7333
2026-07-29,150466,ICICI Prudential Nifty IT Index Fund - Growth,10.8327
2026-07-29,150467,ICICI Prudential Nifty IT Index Fund - IDCW,10.8327
2026-07-29,150468,ICICI Prudential Nifty IT Index Fund - Direct Plan - Growth,11.0649
2026-07-29,150469,ICICI Prudential Nifty IT Index Fund - Direct Plan - IDCW,11.0703
2026-07-29,150492,Kotak Nifty India Consumption ETF,12.3783
2026-07-29,150499,HSBC Overnight Fund - Unclaimed IDCW Below three years,1272.1035
2026-07-29,150500,HSBC Overnight Fund - Unclaimed Redemption above three years,1000
2026-07-29,150501,HSBC Overnight Fund - Unclaimed IDCW Above three years,1000
2026-07-29,150502,HSBC Overnight Fund - Unclaimed Redemption Below three years,1272.1233
2026-07-29,150503,Canara Robeco Banking and PSU Debt Fund- Regular Plan- Growth Option,12.7320
2026-07-29,150504,Canara Robeco Banking and PSU Debt Fund- Regular Plan- IDCW (Payout/ Reinvestment),10.6826
2026-07-29,150505,Canara Robeco Banking and PSU Debt Fund- Direct Plan- Growth Option,12.8850
2026-07-29,150507,Canara Robeco Banking and PSU Debt Fund- Direct Plan- IDCW Payout,10.8018
2026-07-29,150511,TRUSTMF MONEY MARKET FUND-REGULAR PLAN-GROWTH,1300.5269
2026-07-29,150512,TRUSTMF MONEY MARKET FUND-REGULAR PLAN-MONTHLY IDCW,1151.9707
2026-07-29,150513,TRUSTMF MONEY MARKET FUND-DIRECT PLAN-GROWTH,1311.3102
2026-07-29,150514,TRUSTMF MONEY MARKET FUND-DIRECT PLAN-MONTHLY IDCW,1161.9911
2026-07-29,150515,Navi Nifty India Manufacturing Index Fund- Direct Plan- Growth,19.5416
2026-07-29,150516,Navi Nifty India Manufacturing Index Fund- Regular Plan- Growth,18.9647
2026-07-29,150526,ICICI Prudential Nifty Infrastructure ETF,95.9457
2026-07-29,150531,Kotak Nifty MNC ETF,33.7788
2026-07-29,150538,ICICI Prudential PSU Equity Fund - Growth,21.71
2026-07-29,150539,ICICI Prudential PSU Equity Fund - Direct Plan - Growth,22.89
2026-07-29,150540,ICICI Prudential PSU Equity Fund - IDCW,18.28
2026-07-29,150541,ICICI Prudential PSU Equity Fund - Direct Plan - IDCW,19.42
2026-07-29,150542,JM Short Duration Fund (Regular) - Growth,12.6853
2026-07-29,150543,JM Short Duration Fund (Regular) - IDCW,12.6859
2026-07-29,150544,JM Short Duration Fund (Direct) - IDCW,13.0812
2026-07-29,150545,JM Short Duration Fund (Direct) - Growth,13.0808
2026-07-29,150568,Sundaram Flexicap Fund Regular Growth,14.4420
2026-07-29,150569,Sundaram Flexicap Fund Regular Plan IDCW Payout,11.9400
2026-07-29,150570,Sundaram Flexicap Fund Regular Plan IDCW Reinvestment,11.9400
2026-07-29,150571,Sundaram Flexicap Fund Direct Growth,15.3188
2026-07-29,150572,Sundaram Flexicap Fund Direct Plan IDCW Reinvestment,12.6756
2026-07-29,150573,Sundaram Flexicap Fund Direct Plan IDCW Payout,12.6756
2026-07-29,150622,Kotak Business Cycle Fund-Regular Plan-IDCW option,15.967
2026-07-29,150624,Kotak Business Cycle - Direct Plan - Growth,18.195
2026-07-29,150625,Kotak Business Cycle Fund-Direct Plan-IDCW option,16.911
2026-07-29,150626,Kotak Business Cycle Fund-Regular Plan--Growth,17.179
2026-07-29,150637,ICICI Prudential Nifty50 Equal Weight Index Fund- Growth,16.9518
2026-07-29,150638,ICICI Prudential Nifty50 Equal Weight Index Fund- IDCW,16.9517
2026-07-29,150639,ICICI Prudential Nifty50 Equal Weight Index Fund- Direct Plan - Growth,17.3508
2026-07-29,150640,ICICI Prudential Nifty50 Equal Weight Index Fund- Direct Plan - IDCW,17.3506
2026-07-29,150643,ICICI Prudential Nifty Auto Index Fund - Direct Plan - Growth,22.4667
2026-07-29,150644,ICICI Prudential Nifty Auto Index Fund - Direct Plan - IDCW,22.4666
2026-07-29,150645,ICICI Prudential Nifty Auto Index Fund - Growth,22.0007
2026-07-29,150646,ICICI Prudential Nifty Auto Index Fund - IDCW,22.0011
2026-07-29,150684,ICICI PRUDENTIAL TRANSPORTATION AND LOGISTICS FUND - Growth,21.71
2026-07-29,150685,ICICI PRUDENTIAL TRANSPORTATION AND LOGISTICS FUND - Direct Plan - Growth,22.74
2026-07-29,150686,ICICI PRUDENTIAL TRANSPORTATION AND LOGISTICS FUND - IDCW,18.41
2026-07-29,150687,ICICI PRUDENTIAL TRANSPORTATION AND LOGISTICS FUND - Direct Plan - IDCW,19.40
2026-07-29,150723,Kotak Nifty SDL Plus AAA PSU Bond Jul 2028 60:40 Index Fund Regular Plan - Growth,13.123
2026-07-29,150724,Kotak Nifty SDL Plus AAA PSU Bond Jul 2028 60:40 Index Fund Regular Plan - IDCW,13.1188
2026-07-29,150725,Kotak Nifty SDL Plus AAA PSU Bond Jul 2028 60:40 Index Fund Direct Plan - Growth,13.2196
2026-07-29,150726,Kotak Nifty SDL Plus AAA PSU Bond Jul 2028 60:40 Index Fund Direct Plan - IDCW,13.2197
2026-07-29,150728,ICICI Prudential Nifty SDL Dec 2028 Index Fund - Growth,13.2702
2026-07-29,150729,ICICI Prudential Nifty SDL Dec 2028 Index Fund - Direct Plan - Growth,13.3598
2026-07-29,150730,ICICI Prudential Nifty SDL Dec 2028 Index Fund - Direct Plan - Annual IDCW,13.3601
2026-07-29,150731,ICICI Prudential Nifty SDL Dec 2028 Index Fund - Annual IDCW,13.2702
2026-07-29,150732,ICICI Prudential Nifty G-Sec Dec 2030 Index Fund - Growth,13.3455
2026-07-29,150733,ICICI Prudential Nifty G-Sec Dec 2030 Index Fund - Direct Plan - Growth,13.4401
2026-07-29,150734,ICICI Prudential Nifty G-Sec Dec 2030 Index Fund - Annual IDCW,13.3456
2026-07-29,150735,ICICI Prudential Nifty G-Sec Dec 2030 Index Fund - Direct Plan - Annual IDCW,13.4393
2026-07-29,150812,JM Midcap Fund (Regular) - Growth,20.8058
2026-07-29,150813,JM Midcap Fund (Regular) - IDCW,20.8058
2026-07-29,150814,JM Midcap Fund (Direct) - IDCW,22.1703
2026-07-29,150815,JM Midcap Fund (Direct) - Growth,22.1704
2026-07-29,150816,Canara Robeco Mid Cap Fund- Regular Plan- Growth Option,18.2500
2026-07-29,150817,Canara Robeco Mid Cap Fund- Direct Plan- Growth Option,19.1900
2026-07-29,150818,Canara Robeco Mid Cap Fund- Direct Plan- IDCW,17.6800
2026-07-29,150819,Canara Robeco Mid Cap Fund- Regular Plan- IDCW,16.7900
2026-07-29,150820,Kotak Income Plus Arbitrage Omni  FOF-Regular Plan-Growth,13.111
2026-07-29,150821,Kotak Income Plus Arbitrage Omni FOF-Regular Plan-IDCW,13.1108
2026-07-29,150822,Kotak Income Plus Arbitrage Omni FOF-Direct Plan-Growth,13.1847
2026-07-29,150823,Kotak Income Plus Arbitrage Omni FOF-Direct Plan-IDCW,13.1849
2026-07-29,150879,ICICI Prudential Nifty Financial Services Ex-BaNk ETF,32.8036
2026-07-29,150912,Mahindra Manulife Small Cap Fund - Regular Plan - Growth,21.5797
2026-07-29,150913,Mahindra Manulife Small Cap Fund - Direct Plan - IDCW,21.9381
2026-07-29,150914,Mahindra Manulife Small Cap Fund - Regular Plan - IDCW,20.6847
2026-07-29,150915,Mahindra Manulife Small Cap Fund - Direct Plan - Growth,22.8377
2026-07-29,150928,ICICI Prudential Nifty Pharma Index Fund - Direct Plan - IDCW,20.4261
2026-07-29,150929,ICICI Prudential Nifty Pharma Index Fund - Growth,19.9597
2026-07-29,150930,ICICI Prudential Nifty Pharma Index Fund - Direct Plan - Growth,20.4251
2026-07-29,150931,ICICI Prudential Nifty Pharma Index Fund - IDCW,19.9598
2026-07-29,150948,Kotak Silver ETF,20.9562
2026-07-29,150992,HSBC Corporate Bond Fund - Regular Growth,77.5887
2026-07-29,150993,HSBC Corporate Bond Fund - Regular Quarterly IDCW,10.8678
2026-07-29,150994,HSBC Corporate Bond Fund - Regular Semi Annual IDCW,16.7037
2026-07-29,150995,HSBC Corporate Bond Fund -Regular Plan - Bonus,29.4723
2026-07-29,150996,HSBC Corporate Bond Fund - Direct Growth,82.8948
2026-07-29,150997,HSBC Corporate Bond Fund - Direct Semi Annual IDCW,20.0359
2026-07-29,150998,HSBC Corporate Bond Fund - Direct Quarterly IDCW,11.2877
2026-07-29,151000,HSBC Corporate Bond Fund - Direct Annual IDCW,11.7745
2026-07-29,151001,HSBC Corporate Bond Fund - Regular Annual IDCW,11.485
2026-07-29,151012,HSBC Gilt Fund - Regular Quarterly IDCW,10.2313
2026-07-29,151013,HSBC Gilt Fund - Regular Growth,66.9165
2026-07-29,151014,HSBC Gilt Fund - Direct Growth,77.6478
2026-07-29,151015,HSBC Gilt Fund - Direct Quarterly IDCW,11.988
2026-07-29,151033,HSBC Midcap Fund - Regular IDCW,84.9742
2026-07-29,151034,HSBC Midcap Fund - Regular Growth,452.6576
2026-07-29,151035,HSBC Midcap Fund - Direct IDCW,98.712
2026-07-29,151036,HSBC Midcap Fund - Direct Growth,517.1933
2026-07-29,151037,HSBC Infrastructure Fund - Regular Growth,48.3254
2026-07-29,151038,HSBC Infrastructure Fund - Regular IDCW,35.0137
2026-07-29,151039,HSBC Infrastructure Fund - Direct IDCW,39.3692
2026-07-29,151040,HSBC Infrastructure Fund - Direct Growth,54.9122
2026-07-29,151041,HSBC Credit Risk Fund- Regular Plan - Bonus,33.8042
2026-07-29,151042,HSBC Credit Risk Fund - Regular IDCW,11.202
2026-07-29,151043,HSBC Credit Risk Fund - Regular Growth,34.3475
2026-07-29,151044,HSBC Credit Risk Fund - Direct IDCW,12.3005
2026-07-29,151045,HSBC Credit Risk Fund - Direct Growth,37.5136
2026-07-29,151046,HSBC Credit Risk Fund - Regular Annual IDCW,12.4556
2026-07-29,151047,HSBC Credit Risk Fund - Direct Annual IDCW,13.606
2026-07-29,151048,HSBC Money Market Fund - Regular Growth,28.2112
2026-07-29,151049,HSBC Money Market Fund - Regular Daily IDCW,10.8591
2026-07-29,151050,HSBC Money Market Fund - Regular Weekly IDCW,13.0928
2026-07-29,151051,HSBC Money Market Fund - Regular Monthly IDCW,11.5429
2026-07-29,151052,HSBC Money Market Fund - Direct Monthly IDCW,12.1927
2026-07-29,151053,HSBC Money Market Fund - Direct Weekly IDCW,13.1797
2026-07-29,151054,HSBC Money Market Fund - Direct Growth,29.6485
2026-07-29,151055,HSBC Money Market Fund - Direct Daily IDCW,10.8591
2026-07-29,151056,HSBC Equity Savings Fund - Regular Monthly IDCW,15.4076
2026-07-29,151057,HSBC Equity Savings Fund - Regular Quarterly IDCW,16.4235
2026-07-29,151058,HSBC Equity Savings Fund - Regular Growth,36.606
2026-07-29,151059,HSBC Equity Savings Fund - Direct Quarterly IDCW,18.3055
2026-07-29,151060,HSBC Equity Savings Fund - Direct Growth,40.965
2026-07-29,151061,HSBC Equity Savings Fund - Direct Monthly IDCW,17.5982
2026-07-29,151062,HSBC Short Duration Fund - Bonus,28.0798
2026-07-29,151063,HSBC Short Duration Fund -  Regular Plan - Monthly IDCW,11.0466
2026-07-29,151064,HSBC Short Duration Fund - Regular Quarterly IDCW,10.3851
2026-07-29,151065,HSBC Short Duration Fund - Regular Growth,28.0808
2026-07-29,151067,HSBC Short Duration Fund - Direct Growth,29.8733
2026-07-29,151068,HSBC Short Duration Fund - Direct Plan -  Monthly IDCW,11.7157
2026-07-29,151069,HSBC Short Duration Fund - Direct Quarterly IDCW,11.2426
2026-07-29,151070,HSBC Short Duration Fund - Direct Annual IDCW,12.2135
2026-07-29,151071,HSBC Short Duration Fund - Regular Annual IDCW,11.6287
2026-07-29,151076,HSBC ELSS Tax saver Fund - Regular Growth,140.7543
2026-07-29,151077,HSBC ELSS Tax saver Fund - Regular IDCW Payout,27.112
2026-07-29,151078,HSBC ELSS Tax saver Fund - Direct Growth,154.605
2026-07-29,151079,HSBC ELSS Tax saver Fund - Direct IDCW Payout,40.0081
2026-07-29,151084,HSBC Dynamic Bond Fund - Regular Growth,30.7505
2026-07-29,151085,HSBC Dynamic Bond Fund - Regular Monthly IDCW,10.6534
2026-07-29,151086,HSBC Dynamic Bond Fund - Direct Monthly IDCW,12.6874
2026-07-29,151087,HSBC Dynamic Bond Fund - Direct Growth,33.4662
2026-07-29,151088,HSBC Dynamic Bond Fund - Direct Annual IDCW,10.8332
2026-07-29,151089,HSBC Dynamic Bond Fund - Regular Annual IDCW,10.2789
2026-07-29,151102,HSBC Banking and PSU Debt Fund - Regular Daily IDCW,11.1143
2026-07-29,151103,HSBC Banking and PSU Debt Fund - Regular Weekly IDCW,10.3167
2026-07-29,151104,HSBC Banking and PSU Debt Fund - Regular Growth,25.6953
2026-07-29,151105,HSBC Banking and PSU Debt Fund - Regular Monthly IDCW,10.3565
2026-07-29,151106,HSBC Banking and PSU Debt Fund - Direct Monthly IDCW,11.1675
2026-07-29,151107,HSBC Banking and PSU Debt Fund - Direct Growth,27.1621
2026-07-29,151108,HSBC Banking and PSU Debt Fund - Direct Daily IDCW,11.1891
2026-07-29,151109,HSBC Banking and PSU Debt Fund - Direct Weekly IDCW,10.3438
2026-07-29,151110,HSBC Value Fund - Regular Growth,113.711
2026-07-29,151111,HSBC Value Fund - Regular IDCW,49.2792
2026-07-29,151112,HSBC Value Fund - Direct IDCW,63.4402
2026-07-29,151113,HSBC Value Fund - Direct Growth,128.1956
2026-07-29,151114,HSBC Low Duration Fund - Regular Growth,30.5852
2026-07-29,151115,HSBC Low Duration Fund - Regular Monthly IDCW,10.3429
2026-07-29,151116,HSBC Low Duration Fund - Direct Monthly IDCW,11.0535
2026-07-29,151117,HSBC Low Duration Fund - Direct Growth,32.4261
2026-07-29,151118,HSBC Low Duration Fund - Direct Annual IDCW,10.5519
2026-07-29,151119,HSBC Low Duration Fund - Regular Annual IDCW,10.363
2026-07-29,151120,HSBC Aggressive Hybrid Fund - Regular Growth,58.1875
2026-07-29,151121,HSBC Aggressive Hybrid Fund - Regular IDCW,27.4501
2026-07-29,151122,HSBC Aggressive Hybrid Fund - Direct Growth,66.8242
2026-07-29,151123,HSBC Aggressive Hybrid Fund - Direct IDCW,33.117
2026-07-29,151124,HSBC Aggressive Hybrid Fund - Regular Annual IDCW,16.9932
2026-07-29,151125,HSBC Aggressive Hybrid Fund - Direct Annual IDCW,19.2758
2026-07-29,151126,HSBC Balanced Advantage Fund - Regular IDCW,18.3012
2026-07-29,151127,HSBC Balanced Advantage Fund - Regular Growth,44.0402
2026-07-29,151128,HSBC Balanced Advantage Fund - Direct IDCW,22.036
2026-07-29,151129,HSBC Balanced Advantage Fund - Direct Growth,51.7118
2026-07-29,151130,HSBC Small Cap Fund - Direct Growth,96.9226
2026-07-29,151131,HSBC Small Cap Fund - Regular IDCW,39.0621
2026-07-29,151132,HSBC Small Cap Fund - Direct IDCW,46.0242
2026-07-29,151133,HSBC Small Cap Fund - Regular Growth,86.3205
2026-07-29,151134,HSBC Arbitrage Fund - Regular Growth,20.1924
2026-07-29,151135,HSBC Arbitrage Fund - Direct Monthly IDCW,10.2387
2026-07-29,151136,HSBC Arbitrage Fund - Direct Quarterly IDCW,10.8084
2026-07-29,151137,HSBC Arbitrage Fund - Regular Quarterly IDCW,10.6777
2026-07-29,151138,HSBC Arbitrage Fund - Direct Growth,21.7468
2026-07-29,151140,HSBC Arbitrage Fund - Regular Monthly IDCW,10.243
2026-07-29,151142,HSBC Business Cycles Fund - Direct Growth,47.4043
2026-07-29,151143,HSBC Business Cycles Fund - Regular IDCW,24.6605
2026-07-29,151144,HSBC Business Cycles Fund - Regular Growth,42.551
2026-07-29,151145,HSBC Business Cycles Fund - Direct IDCW,27.3231
2026-07-29,151146,HSBC Medium Duration Fund - Direct Growth,23.8475
2026-07-29,151147,HSBC Medium Duration Fund - Regular IDCW,10.5959
2026-07-29,151148,HSBC Medium Duration Fund - Direct IDCW,11.5375
2026-07-29,151149,HSBC Medium Duration Fund - Regular Growth,21.6963
2026-07-29,151150,HSBC Medium Duration Fund - Direct Annual IDCW,11.6861
2026-07-29,151151,HSBC Medium Duration Fund - Regular Annual IDCW,10.5865
2026-07-29,151156,HSBC NIFTY 50 INDEX FUND - Direct IDCW,28.6944
2026-07-29,151157,HSBC NIFTY 50 INDEX FUND - Direct Growth,28.6944
2026-07-29,151158,HSBC NIFTY 50 INDEX FUND - Regular Growth,28.1671
2026-07-29,151159,HSBC NIFTY 50 INDEX FUND - Regular IDCW,28.167
2026-07-29,151160,HSBC NIFTY NEXT 50 INDEX FUND - Direct Growth,31.8398
2026-07-29,151161,HSBC NIFTY NEXT 50 INDEX FUND - Regular IDCW,30.9779
2026-07-29,151162,HSBC NIFTY NEXT 50 INDEX FUND - Regular Growth,30.9777
2026-07-29,151163,HSBC NIFTY NEXT 50 INDEX FUND - Direct IDCW,31.8398
2026-07-29,151190,quant Overnight Fund - Growth Option - Direct Plan,12.5124
2026-07-29,151191,quant Overnight Fund - IDCW Option - Regular Plan,12.4551
2026-07-29,151193,quant Overnight Fund - IDCW Option - Direct Plan,12.5176
2026-07-29,151195,quant Overnight Fund - Growth Option - Regular Plan,12.4666
2026-07-29,151196,ICICI Prudential Nifty 10 yr Benchmark G-sec ETF,264.4945
2026-07-29,151207,ICICI Prudential Nifty Commodities ETF,99.7840
2026-07-29,151208,ICICI Prudential Nifty SDL Sep 2026 Index Fund - Growth,12.7479
2026-07-29,151209,ICICI Prudential Nifty SDL Sep 2026 Index Fund - Annual IDCW,12.7477
2026-07-29,151210,ICICI Prudential Nifty SDL Sep 2026 Index Fund - Direct Plan - Annual IDCW,12.8401
2026-07-29,151211,ICICI Prudential Nifty SDL Sep 2026 Index Fund - Direct Plan - Growth,12.8402
2026-07-29,151216,Kotak Nifty SDL Jul 2026 Index Fund Regular Plan Growth,12.7131
2026-07-29,151217,Kotak Nifty SDL Jul 2026 Index Fund Regular Plan IDCW,12.7132
2026-07-29,151218,Kotak Nifty SDL Jul 2026 Index Fund Direct Plan Growth,12.809
2026-07-29,151219,Kotak Nifty SDL Jul 2026 Index Fund Direct Plan IDCW,12.3661
2026-07-29,151228,quant Gilt Fund - Growth Option - Direct Plan,12.5711
2026-07-29,151229,quant Gilt Fund - IDCW Option - Direct Plan,12.5594
2026-07-29,151230,quant Gilt Fund - Growth Option - Regular Plan,12.1454
2026-07-29,151231,quant Gilt Fund - IDCW Option - Regular Plan,12.156
2026-07-29,151285,Kotak FMP Series 304-Regular Plan-Growth Option,13.2945
2026-07-29,151286,Kotak FMP Series 304-Direct Plan-Growth Option,13.3099
2026-07-29,151287,Kotak FMP Series 304-Direct Plan-Payout of IDCW,13.3087
2026-07-29,151288,Kotak FMP Series 304-Regular Plan-Payout of IDCW,13.2946
2026-07-29,151289,HSBC Multi Cap Fund - Regular - Growth,19.7235
2026-07-29,151290,HSBC Multi Cap Fund - Direct - Growth,20.642
2026-07-29,151291,HSBC Multi Cap Fund - Direct - IDCW,19.9382
2026-07-29,151292,HSBC Multi Cap Fund - Regular - IDCW,16.2138
2026-07-29,151319,TRUSTMF CORPORATE BOND FUND-REGULAR PLAN-MONTHLY IDCW,1166.7123
2026-07-29,151320,TRUSTMF CORPORATE BOND FUND-DIRECT PLAN-GROWTH,1272.4970
2026-07-29,151321,TRUSTMF CORPORATE BOND FUND-DIRECT PLAN-MONTHLY IDCW,1186.4215
2026-07-29,151322,TRUSTMF CORPORATE BOND FUND-REGULAR PLAN-GROWTH,1254.6360
2026-07-29,151358,Kotak Nifty 1D Rate Liquid ETF,1115.6733
2026-07-29,151381,Kotak Banking & Financial Services Fund - Regular Plan - Growth,16.306
2026-07-29,151382,Kotak Banking & Financial Services Fund - Regular Plan - IDCW Payout,16.306
2026-07-29,151383,Kotak Banking & Financial Services Fund - Direct Plan - IDCW Payout,17.189
2026-07-29,151384,Kotak Banking & Financial Services Fund - Direct Plan - Growth,17.192
2026-07-29,151417,Kotak Nifty SDL Jul 2033 Index Fund Regular Plan Growth Option,12.9058
2026-07-29,151418,Kotak Nifty SDL Jul 2033 Index Fund Direct Plan IDCW,12.6282
2026-07-29,151419,Kotak Nifty SDL Jul 2033 Index Fund Regular Plan IDCW,12.9032
2026-07-29,151420,Kotak Nifty SDL Jul 2033 Index Fund Direct Plan Growth Option,13.0108
2026-07-29,151443,Bank of India Multi Cap Fund Direct Plan - Growth,20.57
2026-07-29,151444,Bank of India Multi Cap Fund Direct Plan - IDCW,20.54
2026-07-29,151445,Bank of India Multi Cap Fund Regular Plan - Growth,19.79
2026-07-29,151446,Bank of India Multi Cap Fund Regular Plan - IDCW,19.79
2026-07-29,151471,NAVI ELSS TAX SAVER NIFTY 50 INDEX FUND - DIRECT PLAN GROWTH,14.7421
2026-07-29,151472,NAVI ELSS TAX SAVER NIFTY 50 INDEX FUND - REGULAR PLAN GROWTH,14.2816
2026-07-29,151473,NAVI ELSS TAX SAVER NIFTY 50 INDEX FUND - DIRECT PLAN IDCW PAYOUT,14.7487
2026-07-29,151474,NAVI ELSS TAX SAVER NIFTY 50 INDEX FUND - REGULAR PLAN IDCW PAYOUT,14.3381
2026-07-29,151479,HSBC CRISIL IBX Gilt June 2027 Index Fund - Direct - Growth,12.7278
2026-07-29,151480,HSBC CRISIL IBX Gilt June 2027 Index Fund - Regular - Growth,12.6202
2026-07-29,151481,HSBC CRISIL IBX Gilt June 2027 Index Fund - Regular - IDCW,12.6203
2026-07-29,151482,HSBC CRISIL IBX Gilt June 2027 Index Fund - Direct - IDCW,12.728
2026-07-29,151491,ICICI Prudential Fixed Maturity Plan - Series 88 - 1303 Days Plan S - Growth,12.6558
2026-07-29,151492,ICICI Prudential Fixed Maturity Plan - Series 88 - 1303 Days Plan S - Direct Plan - IDCW,12.7626
2026-07-29,151493,ICICI Prudential Fixed Maturity Plan - Series 88 - 1303 Days Plan S - Direct Plan - Growth,12.7626
2026-07-29,151494,ICICI Prudential Fixed Maturity Plan - Series 88 - 1303 Days Plan S - IDCW,12.6558
2026-07-29,151572,ICICI Prudential Nifty PSU Bank ETF,84.4264
2026-07-29,151602,Kotak Silver ETF Fund of Fund - Regular Plan - Growth Option,28.427
2026-07-29,151603,Kotak Silver ETF Fund of Fund - Direct Plan - Growth Option,28.8547
2026-07-29,151647,Kotak Nifty Smallcap 50 Index Fund - Regular Plan - Growth,22.072
2026-07-29,151648,Kotak Nifty Smallcap 50 Index Fund - Regular Plan - IDCW,22.072
2026-07-29,151649,Kotak Nifty Smallcap 50 Index Fund - Direct Plan - Growth,22.536
2026-07-29,151650,Kotak Nifty Smallcap 50 Index Fund - Direct Plan - IDCW,22.549
2026-07-29,151712,quant Dynamic Asset Allocation Fund - IDCW Option - Direct Plan,17.2516
2026-07-29,151713,quant Dynamic Asset Allocation Fund - Growth Option - Direct Plan,17.2576
2026-07-29,151714,quant Dynamic Asset Allocation Fund - Growth Option - Regular Plan,16.4218
2026-07-29,151715,quant Dynamic Asset Allocation Fund - IDCW Option - Regular Plan,16.4233
2026-07-29,151757,quant Business Cycle Fund - Growth Option - Direct Plan,17.3687
2026-07-29,151758,quant Business Cycle Fund - Growth Option - Regular Plan,16.5368
2026-07-29,151759,quant Business Cycle Fund - IDCW Option - Direct Plan,17.3558
2026-07-29,151760,quant Business Cycle Fund - IDCW Option - Regular Plan,16.5526
2026-07-29,151780,Kotak Nifty 200 Momentum 30 Index Fund - Regular Plan - IDCW Payout,14.203
2026-07-29,151781,Kotak Nifty 200 Momentum 30 Index Fund - Direct Plan - Growth Option,14.42
2026-07-29,151782,Kotak Nifty 200 Momentum 30 Index Fund - Direct Plan - IDCW Payout,14.42
2026-07-29,151783,Kotak Nifty 200 Momentum 30 Index Fund - Regular Plan - Growth Option,14.203
2026-07-29,151788,quant BFSI Fund - Growth Option - Regular Plan,20.7187
2026-07-29,151789,quant BFSI Fund - IDCW Option - Regular Plan,20.7171
2026-07-29,151790,quant BFSI Fund - IDCW Option - Direct Plan,21.8047
2026-07-29,151791,quant BFSI Fund - Growth Option - Direct Plan,21.7806
2026-07-29,151821,Canara Robeco Multi Cap Fund - Regular Plan - Growth Option,14.9200
2026-07-29,151822,Canara Robeco Multi Cap Fund - Direct Plan - IDCW Option,14.6500
2026-07-29,151823,Canara Robeco Multi Cap Fund - Regular Plan - IDCW Option,14.0300
2026-07-29,151824,Canara Robeco Multi Cap Fund - Direct Plan - Growth Option,15.5700
2026-07-29,151853,quant Healthcare Fund - Growth Option - Direct Plan,18.2091
2026-07-29,151854,quant Healthcare Fund - IDCW Option - Direct Plan,18.2072
2026-07-29,151855,quant Healthcare Fund - Growth Option - Regular Plan,17.3292
2026-07-29,151856,quant Healthcare Fund - IDCW Option - Regular Plan,17.3283
2026-07-29,151878,Kotak Quant Fund - Regular Plan - Growth Option,15.093
2026-07-29,151879,Kotak Quant Fund - Regular Plan - IDCW Payout,14.978
2026-07-29,151880,Kotak Quant Fund - Direct plan - IDCW Payout,15.273
2026-07-29,151881,Kotak Quant Fund - Direct Plan - Growth Option,15.273
2026-07-29,151907,ICICI Prudential Nifty 200 Quality 30 ETF,21.4457
2026-07-29,151909,Kotak Nifty Financial Services Ex-Bank Index Fund - Regular Plan - Growth option,16.466
2026-07-29,151910,Kotak Nifty Financial Services Ex-Bank Index Fund - Regular Plan - IDCW option,16.466
2026-07-29,151911,Kotak Nifty Financial Services Ex-Bank Index Fund - Direct Plan - Growth option,16.733
2026-07-29,151912,Kotak Nifty Financial Services Ex-Bank Index Fund - Direct Plan - IDCW option,16.733
2026-07-29,151913,quant Manufacturing Fund - Growth Option - Regular Plan,16.7345
2026-07-29,151914,quant Manufacturing Fund - IDCW Option - Direct Plan,17.5022
2026-07-29,151915,quant Manufacturing Fund - IDCW Option - Regular Plan,16.8622
2026-07-29,151916,quant Manufacturing Fund - Growth Option - Direct Plan,17.507
2026-07-29,151961,LIC MF Gold Exchange Traded Fund,127.321
2026-07-29,152027,HSBC Consumption Fund - Regular Growth,15.119
2026-07-29,152028,HSBC Consumption Fund - Direct IDCW,15.7209
2026-07-29,152030,HSBC Consumption Fund - Regular IDCW,15.119
2026-07-29,152032,HSBC Consumption Fund - Direct Growth,15.721
2026-07-29,152037,Kotak BSE Housing Index Fund - Direct Plan - IDCW Option,13.584
2026-07-29,152038,Kotak  BSE Housing Index Fund - Regular Plan - Growth Option,13.374
2026-07-29,152039,Kotak BSE Housing Index Fund - Direct Plan - Growth Option,13.585
2026-07-29,152040,Kotak  BSE Housing Index Fund - Regular Plan - IDCW Option,13.374
2026-07-29,152045,Mahindra Manulife Business Cycle Fund - Direct Plan - Growth,16.5206
2026-07-29,152046,Mahindra Manulife Business Cycle Fund-  Regular Plan - Growth,15.7332
2026-07-29,152047,Mahindra Manulife Business Cycle Fund - Regular Plan - IDCW,13.4363
2026-07-29,152048,Mahindra Manulife Business Cycle Fund - Direct Plan - IDCW,14.1891
2026-07-29,152061,NAVI BSE SENSEX INDEX FUND - REGULAR PLAN - GROWTH,11.8672
2026-07-29,152062,NAVI BSE SENSEX INDEX FUND - DIRECT PLAN - GROWTH,12.1021
2026-07-29,152067,quant Teck Fund - Growth Option - Direct Plan,11.7439
2026-07-29,152068,quant Teck Fund - IDCW Option - Direct Plan,11.7377
2026-07-29,152069,quant Teck Fund - IDCW Option - Regular Plan,11.22
2026-07-29,152070,quant Teck Fund - Growth Option - Regular Plan,11.2184
2026-07-29,152092,Groww Nifty Total Market Index Fund - Direct Plan - Growth,14.0514
2026-07-29,152098,Kotak Nifty G-Sec July 2033 Index Fund - Direct Plan - Growth,12.5349
2026-07-29,152099,Kotak Nifty G-Sec July 2033 Index Fund - Direct Plan - IDCW Payout,12.535
2026-07-29,152100,Kotak Nifty G-Sec July 2033 Index Fund - Regular Plan - Growth,12.4476
2026-07-29,152101,Kotak Nifty G-Sec July 2033 Index Fund - Regular Plan - IDCW Payout,12.4475
2026-07-29,152107,QUANTUM SMALL CAP FUND - DIRECT PLAN GROWTH OPTION,14.05
2026-07-29,152108,QUANTUM SMALL CAP FUND - REGULAR PLAN GROWTH OPTION,13.49
2026-07-29,152125,Groww Nifty Total Market Index Fund - Direct Plan - IDCW,14.051
2026-07-29,152126,Groww Nifty Total Market Index Fund - Regular Plan - IDCW,13.7931
2026-07-29,152127,Groww Nifty Total Market Index Fund - Regular Plan - Growth,13.7923
2026-07-29,152156,Zerodha Nifty LargeMidcap 250 Index Fund - Direct Plan - Growth option,14.4580
2026-07-29,152157,Zerodha ELSS Tax Saver Nifty LargeMidcap 250 Index Fund - Direct Plan - Growth option,14.4883
2026-07-29,152169,Kotak Consumption Fund - Direct plan - Growth Option,14.889
2026-07-29,152170,Kotak Consumption Fund - Regular plan - Growth Option,14.266
2026-07-29,152171,Kotak Consumption Fund - Regular plan - IDCW Option,14.263
2026-07-29,152172,Kotak Consumption Fund - Direct plan - IDCW Option,14.887
2026-07-29,152189,quant Momentum Fund - Growth Option - Direct Plan,15.8466
2026-07-29,152190,quant Momentum Fund - Growth Option - Regular Plan,15.3116
2026-07-29,152191,quant Momentum Fund - IDCW Option - Regular Plan,15.263
2026-07-29,152192,quant Momentum Fund - IDCW Option - Direct Plan,15.8305
2026-07-29,152213,Kotak Healthcare Fund - Regular Plan - IDCW Option,16.487
2026-07-29,152214,Kotak Healthcare Fund - Direct Plan - Growth Option,17.205
2026-07-29,152215,Kotak Healthcare Fund - Direct Plan - IDCW Option,17.204
2026-07-29,152216,Kotak Healthcare Fund - Regular Plan - Growth Option,16.482
2026-07-29,152254,Groww Banking & Financial Services Fund - Direct Plan - Growth,13.4851
2026-07-29,152255,quant Commodities Fund - Growth Option - Direct Plan,15.4062
2026-07-29,152256,quant Commodities Fund - Growth Option - Regular Plan,14.8177
2026-07-29,152257,quant Commodities Fund - IDCW Option - Direct Plan,15.4013
2026-07-29,152258,quant Commodities Fund - IDCW Option - Regular Plan,14.8154
2026-07-29,152273,Groww Banking & Financial Services Fund-IDCW,13.4842
2026-07-29,152274,Groww Banking & Financial Services Fund - Regular - Growth,12.8559
2026-07-29,152276,Groww Banking & Financial Services Fund - Regular Plan - IDCW,12.8559
2026-07-29,152298,Quantum Liquid Fund - Unclaimed IDCW Plan Below 3 years,11.7767
2026-07-29,152299,Quantum Liquid Fund - Unclaimed IDCW Plan Above 3 years,10.0000
2026-07-29,152300,Quantum Liquid Fund - Unclaimed Redemption Plan Below 3 years,11.3038
2026-07-29,152301,Quantum Liquid Fund - Unclaimed Redemption Plan Above 3 years,10.0000
2026-07-29,152311,Sundaram Multi Asset Allocation Fund Regular Plan Growth,13.0753
2026-07-29,152312,Sundaram Multi Asset Allocation Fund Direct Plan IDCW Reinvestment,13.5803
2026-07-29,152313,Sundaram Multi Asset Allocation Fund Regular Plan IDCW Reinvestment,13.0753
2026-07-29,152314,Sundaram Multi Asset Allocation Fund Direct Plan Growth,13.5803
2026-07-29,152315,Sundaram Multi Asset Allocation Fund Regular Plan IDCW Payout,13.0753
2026-07-29,152316,Sundaram Multi Asset Allocation Fund Direct Plan IDCW Payout,13.5803
2026-07-29,152327,Zerodha Nifty 1D Rate Liquid ETF - Growth Option,115.2196
2026-07-29,152336,quant Consumption Fund - Growth Option - Direct Plan,10.3808
2026-07-29,152337,quant Consumption Fund - IDCW Option - Regular Plan,9.9902
2026-07-29,152338,quant Consumption Fund - Growth Option - Regular Plan,9.9863
2026-07-29,152339,quant Consumption Fund - IDCW Option - Direct Plan,10.3855
2026-07-29,152358,Old Bridge Focused Fund - Direct Growth,13.67
2026-07-29,152359,Old Bridge Focused Fund - Direct IDCW,13.67
2026-07-29,152361,Old Bridge Focused Fund - Regular Growth,13.32
2026-07-29,152363,Old Bridge Focused Fund - Regular IDCW,13.32
2026-07-29,152364,ICICI Prudential Nifty50 Value 20 Index Fund - IDCW,10.0718
2026-07-29,152365,ICICI Prudential Nifty50 Value 20 Index Fund - Direct Plan - Growth,10.1835
2026-07-29,152366,ICICI Prudential Nifty50 Value 20 Index Fund - Growth,10.0719
2026-07-29,152367,ICICI Prudential Nifty50 Value 20 Index Fund - Direct Plan - IDCW,10.1835
2026-07-29,152378,HSBC Multi Asset Allocation Fund - Regular - Growth,13.6999
2026-07-29,152379,HSBC Multi Asset Allocation Fund - Regular - IDCW,12.5069
2026-07-29,152380,HSBC Multi Asset Allocation Fund - Direct - Growth,14.1577
2026-07-29,152381,HSBC Multi Asset Allocation Fund - Direct - IDCW,13.7997
2026-07-29,152395,Bank of India Multi Asset Allocation Fund-Regular Plan-IDCW,12.5642
2026-07-29,152396,Bank of India Multi Asset Allocation Fund-Direct Plan-Growth,12.8828
2026-07-29,152398,Bank of India Multi Asset Allocation Fund-Regular Plan-Growth,12.5631
2026-07-29,152399,Bank of India Multi Asset Allocation Fund-Direct Plan-IDCW,12.8775
2026-07-29,152413,quant PSU Fund - Growth Option - Regular Plan,10.4131
2026-07-29,152414,quant PSU Fund - IDCW Option - Regular Plan,10.4128
2026-07-29,152415,quant PSU Fund - Growth Option - Direct Plan,10.7771
2026-07-29,152416,quant PSU Fund - IDCW Option - Direct Plan,10.7833
2026-07-29,152431,Groww Nifty Smallcap 250 Index Fund - Direct Plan - Growth,11.9974
2026-07-29,152433,Groww Nifty Smallcap 250 Index Fund - Regular Plan - Growth,11.8427
2026-07-29,152434,Groww Nifty Smallcap 250 Index Fund - Regular Plan - Regular Plan - IDCW,11.8284
2026-07-29,152436,Groww Nifty Smallcap 250 Index Fund - Direct Plan - IDCW,12.0023
2026-07-29,152441,Mahindra Manulife Multi Asset Allocation Fund- Regular Plan - Growth,13.7447
2026-07-29,152443,Mahindra Manulife Multi Asset Allocation Fund- Direct Plan - Growth,14.2824
2026-07-29,152444,Mahindra Manulife Multi Asset allocation Fund - Regular Plan - IDCW,12.9117
2026-07-29,152445,Mahindra Manulife Multi Asset Allocation Fund - Direct Plan - IDCW,13.4383
2026-07-29,152447,Canara Robeco Manufacturing Fund - Regular Plan - Growth Option,13.5900
2026-07-29,152448,Canara Robeco Manufacturing Fund -Regular Plan - IDWC Option,13.5800
2026-07-29,152449,Canara Robeco Manufacturing Fund - Direct Plan - IDWC Option,14.0400
2026-07-29,152450,Canara Robeco Manufacturing Fund - Direct Plan - Growth Option,14.0400
2026-07-29,152474,Quantum Multi Asset Allocation Fund - Direct Plan Growth Option,12.33
2026-07-29,152475,Quantum Multi Asset Allocation Fund - Regular Plan Growth Option,11.87
2026-07-29,152481,ICICI Prudential Nifty LargeMidcap 250 Index Fund - Growth,12.4181
2026-07-29,152482,ICICI Prudential Nifty LargeMidcap 250 Index Fund - Direct Plan - Growth,12.5761
2026-07-29,152483,ICICI Prudential Nifty LargeMidcap 250 Index Fund - Direct Plan - IDCW,12.5760
2026-07-29,152484,ICICI Prudential Nifty LargeMidcap 250 Index Fund - IDCW,12.4176
2026-07-29,152489,Kotak Long Duration Fund - Regular Plan - Growth,11.2882
2026-07-29,152490,Kotak Long Duration Fund - Regular Plan - IDCW,11.2885
2026-07-29,152491,Kotak Long Duration Fund - Direct Plan - Growth,11.3675
2026-07-29,152492,Kotak Long Duration Fund - Direct Plan - IDCW,11.3679
2026-07-29,152535,Navi NiftyIT Index Fund - Direct Plan- Growth,9.2882
2026-07-29,152536,Navi NiftyIT Index Fund - Regular Plan -Growth,9.1339
2026-07-29,152582,TRUSTMF Flexi Cap Fund-Regular Plan- Growth,11.96
2026-07-29,152583,TRUSTMF Flexi Cap Fund-Regular Plan- IDCW,11.96
2026-07-29,152584,TRUSTMF Flexi Cap Fund-Direct Plan- Growth,12.42
2026-07-29,152585,TRUSTMF Flexi Cap Fund-Direct Plan- IDCW,12.41
2026-07-29,152612,JM Small Cap Fund (Regular) - Growth Option,11.2883
2026-07-29,152613,JM Small Cap Fund (Regular) - IDCW Option,11.2883
2026-07-29,152614,JM Small Cap Fund (Direct) - Growth Option,11.6929
2026-07-29,152615,JM Small Cap Fund (Direct) - IDCW Option,11.6931
2026-07-29,152633,Groww Nifty Non-Cyclical Consumer Index Fund - Regular Plan - Growth,10.5507
2026-07-29,152635,Groww Nifty Non-Cyclical Consumer Index Fund - IDCW,10.5496
2026-07-29,152636,Groww Nifty Non-Cyclical Consumer Index Fund - Direct Plan - IDCW,10.6839
2026-07-29,152637,Groww Nifty Non-Cyclical Consumer Index Fund - Direct Plan Growth,10.684
2026-07-29,152663,Kotak NIFTY 100 Low Volatility 30 Index Fund - Direct plan - Growth option,11.1129
2026-07-29,152664,Kotak NIFTY 100 Low Volatility 30 Index Fund - Regular plan - Growth option,10.9639
2026-07-29,152665,Kotak NIFTY 100 Low Volatility 30 Index Fund - Direct plan - IDCW option,11.1129
2026-07-29,152666,Kotak NIFTY 100 Low Volatility 30 Index Fund - Regular plan - IDCW option,10.9639
2026-07-29,152667,Zerodha Nifty 100 ETF,10.6260
2026-07-29,152668,Zerodha Nifty Midcap 150 ETF,11.6310
2026-07-29,152669,Mahindra Manulife Manufacturing Fund - Regular Plan - IDCW,10.4612
2026-07-29,152670,Mahindra Manulife Manufacturing Fund - Direct Plan - IDCW,10.8114
2026-07-29,152671,Mahindra Manulife Manufacturing Fund - Regular Plan - Growth,10.4612
2026-07-29,152672,Mahindra Manulife Manufacturing Fund - Direct Plan - Growth,10.8114
2026-07-29,152673,Sundaram Business Cycle Fund Direct Plan IDCW Reinvestment,11.4899
2026-07-29,152674,Sundaram Business Cycle Fund Regular Plan IDCW Payout,11.1218
2026-07-29,152675,Sundaram Business Cycle Fund Regular Plan IDCW Reinvestment,11.1218
2026-07-29,152676,Sundaram Business Cycle Fund Direct Plan IDCW Payout,11.4899
2026-07-29,152677,Sundaram Business Cycle Fund Direct Plan Growth,11.4899
2026-07-29,152678,Sundaram Business Cycle Fund Regular Plan Growth,11.1218
2026-07-29,152688,Canara Robeco Balanced Advantage Fund - Direct Plan - Growth Option,10.5400
2026-07-29,152689,Canara Robeco Balanced Advantage Fund - Direct Plan - IDCW Option,10.4400
2026-07-29,152690,Canara Robeco Balanced Advantage Fund - Regular Plan - Growth Option,10.2500
2026-07-29,152691,Canara Robeco Balanced Advantage Fund - Regular Plan - IDCW Option,10.1500
2026-07-29,152700,Kotak Special Opportunities Fund - Regular Plan - IDCW Option,10.842
2026-07-29,152702,Kotak Special Opportunities Fund - Direct Plan - Growth Option,11.158
2026-07-29,152703,Kotak Special Opportunities Fund - Regular Plan - Growth Option,10.842
2026-07-29,152704,Kotak Special Opportunities Fund - Direct Plan - IDCW Payout Option,11.158
2026-07-29,152726,ICICI PRUDENTIAL ENERGY OPPORTUNITIES FUND - Growth,11.26
2026-07-29,152727,ICICI PRUDENTIAL ENERGY OPPORTUNITIES FUND - IDCW,11.26
2026-07-29,152728,ICICI PRUDENTIAL ENERGY OPPORTUNITIES FUND - Direct Plan - Growth,11.54
2026-07-29,152729,ICICI PRUDENTIAL ENERGY OPPORTUNITIES FUND - Direct Plan - IDCW,11.54
2026-07-29,152748,ICICI Prudential Nifty Oil & Gas ETF,11.2410
2026-07-29,152750,NAVI NIFTY 500 MULTICAP 50-25-25 REGULAR PLAN,10.0868
2026-07-29,152751,NAVI NIFTY 500 MULTICAP 50-25-25 DIRECT PLAN,10.225
2026-07-29,152752,Kotak BSE PSU Index Fund - Regular Plan - Growth,9.224
2026-07-29,152753,Kotak BSE PSU Index Fund - Regular Plan - IDCW Payout and Reinvestment,9.224
2026-07-29,152754,Kotak BSE PSU Index Fund - Direct Plan - IDCW Payout and Reinvestment,9.344
2026-07-29,152755,Kotak BSE PSU Index Fund - Direct Plan - Growth,9.344
2026-07-29,152764,GROWW NIFTY EV & NEW AGE AUTOMOTIVE ETF,32.0585
2026-07-29,152765,KOTAK NIFTY MIDCAP 50 INDEX FUND-REGULAR PLAN-GROWTH,10.999
2026-07-29,152766,KOTAK NIFTY MIDCAP 50 INDEX FUND-REGULAR PLAN-IDCW PAYOUT AND REINVESTMENT,10.999
2026-07-29,152767,KOTAK NIFTY MIDCAP 50 INDEX FUND-DIRECT PLAN- GROWTH,11.131
2026-07-29,152768,KOTAK NIFTY MIDCAP 50 INDEX FUND-DIRECT PLAN-IDCW PAYOUT AND REINVESTMENT,11.131
2026-07-29,152769,ICICI Prudential Nifty Metal ETF,12.7683
2026-07-29,152770,Groww Nifty EV & New Age Automotive ETF FOF- Direct Plan - Growth,9.8097
2026-07-29,152771,Groww Nifty EV & New Age Automotive ETF FOF - Direct Plan - IDCW,9.8101
2026-07-29,152772,Groww Nifty EV & New Age Automotive ETF FOF - Regular Plan - IDCW,9.7314
2026-07-29,152773,Groww Nifty EV & New Age Automotive ETF FOF - Regular Plan - Growth,9.7313
2026-07-29,152788,Bank of India Business Cycle Fund - Direct Plan - Dividend,9.67
2026-07-29,152789,Bank of India Business Cycle Fund - Direct Plan - Growth,9.67
2026-07-29,152790,Bank of India Business Cycle Fund - Regular Plan - Growth,9.45
2026-07-29,152791,Bank of India Business Cycle Fund - Regular Plan - Dividend,9.45
2026-07-29,152829,HSBC India Export Opportunities Fund - Direct Growth,11.2814
2026-07-29,152830,HSBC India Export Opportunities Fund - Regular Growth,11.0008
2026-07-29,152831,HSBC India Export Opportunities Fund - Direct IDCW,11.2813
2026-07-29,152832,HSBC India Export Opportunities Fund - Regular IDCW,11.0009
2026-07-29,152845,Groww Nifty India Defence ETF,92.0649
2026-07-29,152866,Kotak CRISIL -IBX AAA Financial Services Index Sep-2027 Fund-REGULAR PLAN-GROWTH,11.4628
2026-07-29,152867,Kotak CRISIL-IBX AAA Financial Services Index Sep-2027 Fund-REGULAR PLAN-IDCW,11.4627
2026-07-29,152868,Kotak CRISIL -IBX AAA Financial Services Index Sep-2027 Fund-DIRECT PLAN-IDCW,11.5068
2026-07-29,152869,Kotak CRISIL -IBX AAA Financial Services Index Sep-2027 Fund-DIRECT PLAN-GROWTH Option,11.5085
2026-07-29,152870,Kotak Nifty India Tourism Index Fund-Direct-Growth Option,8.59
2026-07-29,152871,Kotak Nifty India Tourism Index Fund-Regular Plan-IDCW Option,8.489
2026-07-29,152872,Kotak Nifty India Tourism Index Fund-Regular plan-Growth,8.489
2026-07-29,152873,Kotak Nifty India Tourism Index Fund-Direct Plan-IDCW Option,8.592
2026-07-29,152891,Groww Nifty 1D Rate Liquid ETF,110.1094
2026-07-29,152910,Kotak MNC Fund-Direct Plan-Growth,12.452
2026-07-29,152911,Kotak MNC Fund-Direct Plan-IDCW Option,12.452
2026-07-29,152912,KotaK MNC Fund-Regular Plan-IDCW OPTION,12.142
2026-07-29,152913,Kotak MNC Fund-Regular Plan- Growth,12.142
2026-07-29,152916,Kotak Nifty Midcap 150 Momentum 50 Index Fund-Direct Plan-Growth,9.447
2026-07-29,152917,Kotak Nifty Midcap 150 Momentum 50 Index Fund-Direct Plan-IDCW option,9.447
2026-07-29,152918,Kotak Nifty Midcap 150 Momentum 50 Index Fund-Regular Plan-Growth,9.337
2026-07-29,152919,Kotak Nifty Midcap 150 Momentum 50 Index Fund-Regular plan-IDCW option,9.336
2026-07-29,152925,Groww Nifty India Defence ETF FOF - Direct Growth,13.5887
2026-07-29,152926,Groww Nifty India Defence ETF FOF - Direct - IDCW,13.5889
2026-07-29,152927,Groww Nifty India Defence ETF FOF - Regular - Growth,13.4919
2026-07-29,152928,Groww Nifty India Defence ETF FOF - Regular - IDCW,13.4904
2026-07-29,152932,ICICI Prudential Nifty200 Value 30 ETF,15.3438
2026-07-29,152933,ICICI Prudential Nifty200 Value 30 Index Fund - Direct Plan - IDCW,11.1141
2026-07-29,152934,ICICI Prudential Nifty200 Value 30 Index Fund - Growth,11.0043
2026-07-29,152935,ICICI Prudential Nifty200 Value 30 Index Fund - IDCW,11.0042
2026-07-29,152936,ICICI Prudential Nifty200 Value 30 Index Fund - Direct Plan - Growth,11.1142
2026-07-29,152937,TRUSTMF SMALL CAP FUND -DIRECT PLAN-IDCW,13.21
2026-07-29,152938,TRUSTMF SMALL CAP FUND -REGULAR PLAN- IDCW,12.83
2026-07-29,152939,TRUSTMF SMALL CAP FUND -DIRECT PLAN-GROWTH,13.21
2026-07-29,152940,TRUSTMF SMALL CAP FUND -REGULAR PLAN-GROWTH,12.83
2026-07-29,152957,Groww Gold ETF,13.812
2026-07-29,152980,Groww Gold ETF FOF - DIRECT - GROWTH,17.3514
2026-07-29,153004,Groww Gold ETF FOF - DIRECT - IDCW,17.3514
2026-07-29,153005,Groww Gold ETF FOF - REGULAR - IDCW,17.2597
2026-07-29,153006,Groww Gold ETF FOF - REGULAR - GROWTH,17.2593
2026-07-29,153011,Zerodha Gold ETF FoF-Direct Plan - Growth Option,18.4499
2026-07-29,153034,Groww Multicap Fund - Direct - Growth,11.9849
2026-07-29,153068,ICICI Prudential Equity Minimum Variance Fund - IDCW,10.55
2026-07-29,153069,ICICI Prudential Equity Minimum Variance Fund - Growth,10.55
2026-07-29,153070,ICICI Prudential Equity Minimum Variance Fund - Direct Plan - Growth,10.76
2026-07-29,153071,ICICI Prudential Equity Minimum Variance Fund - Direct Plan - IDCW,10.76
2026-07-29,153094,Quantum Ethical Fund - Direct Plan Growth Option,10.10
2026-07-29,153095,Quantum Ethical Fund - Regular Plan Growth Option,9.88
2026-07-29,153098,Groww Multicap Fund - Direct - IDCW,11.9848
2026-07-29,153099,Groww Multicap Fund - Regular - IDCW,11.6409
2026-07-29,153100,Groww Multicap Fund - Regular - Growth,11.633
2026-07-29,153116,Kotak Transportation & Logistics Fund-Regular-Growth,11.3
2026-07-29,153117,Kotak Transportation & Logistics Fund-Direct -IDCW-PAYOUT & REINVESTMENT,11.591
2026-07-29,153118,Kotak Transportation & Logistics Fund-Direct Growth,11.591
2026-07-29,153119,Kotak Transportation & Logistics Fund-Regular-IDCW Payout & Reinvestment,11.3
2026-07-29,153139,Bank of India Consumption Fund - Direct - Growth,11.42
2026-07-29,153140,Bank of India Consumption Fund - Regular - Growth,11.21
2026-07-29,153141,Bank of India Consumption Fund - Regular - IDCW,11.21
2026-07-29,153142,Bank of India Consumption Fund - Direct - IDCW,11.42
2026-07-29,153143,Kotak Nifty 100 Equal Weight index Fund - Direct Plan - IDCW Option,11.195
2026-07-29,153144,Kotak Nifty 100 Equal Weight Index Fund - Regular Plan - IDCW Option,11.106
2026-07-29,153145,Kotak Nifty 100 Equal Weight Index Fund - Regular Plan - Growth,11.106
2026-07-29,153146,Kotak Nifty 100 Equal Weight Index Fund - Direct Plan - Growth,11.195
2026-07-29,153147,Kotak Nifty 50 Equal Weight Index Fund - Direct Plan - IDCW Option,11.356
2026-07-29,153148,Kotak Nifty 50 Equal Weight Index Fund - Regular Plan - Growth,11.263
2026-07-29,153149,Kotak Nifty 50 Equal Weight Index Fund - Regular Plan - IDCW Option,11.263
2026-07-29,153150,Kotak Nifty 50 Equal Weight Index Fund - Direct Plan - Growth,11.355
2026-07-29,153159,ICICI Prudential Nifty 500 Index Fund - Direct Plan - IDCW,10.5486
2026-07-29,153160,ICICI Prudential Nifty 500 Index Fund - IDCW,10.4524
2026-07-29,153161,ICICI Prudential Nifty 500 Index Fund - Direct Plan - Growth,10.5489
2026-07-29,153162,ICICI Prudential Nifty 500 Index Fund - Growth,10.4524
2026-07-29,153181,ICICI Prudential Rural Opportunities Fund - Growth,11.13
2026-07-29,153182,ICICI Prudential Rural Opportunities Fund - Direct Plan - IDCW,11.33
2026-07-29,153183,ICICI Prudential Rural Opportunities Fund - IDCW,11.13
2026-07-29,153184,ICICI Prudential Rural Opportunities Fund - Direct Plan - Growth,11.33
2026-07-29,153220,Kotak Nifty SmallCap 250 Index Fund - Direct - IDCW,11.685
2026-07-29,153221,Kotak Nifty SmallCap 250 Index Fund- Regular - Growth,11.601
2026-07-29,153222,Kotak Nifty SmallCap 250 Index Fund- Regular - IDCW,11.601
2026-07-29,153223,Kotak Nifty SmallCap 250 Index Fund- Direct - Growth,11.685
2026-07-29,153229,Groww Nifty India Railways PSU ETF,29.1017
2026-07-29,153230,Groww Nifty India Railways PSU Index Fund - Direct Plan - Growth,7.9163
2026-07-29,153231,Groww Nifty India Railways PSU Index Fund - Direct Plan - IDCW,7.9159
2026-07-29,153232,Groww Nifty India Railways PSU Index Fund - Regular Plan - Growth,7.8524
2026-07-29,153233,Groww Nifty India Railways PSU Index Fund - Regular Plan - IDCW,7.8499
2026-07-29,153266,HSBC Financial Services Fund - Direct Growth,12.7014
2026-07-29,153267,HSBC Financial Services Fund - Regular Growth,12.4439
2026-07-29,153268,HSBC Financial Services Fund - Regular IDCW,12.4439
2026-07-29,153269,HSBC Financial Services Fund - Direct IDCW,12.7012
2026-07-29,153284,Kotak BSE Sensex Index Fund - Regular - Growth,10.345
2026-07-29,153285,Kotak BSE Sensex Index Fund - Regular - IDCW,10.345
2026-07-29,153286,Kotak BSE Sensex Index Fund- Direct - Growth,10.37
2026-07-29,153287,Kotak BSE Sensex Index Fund- Direct - IDCW,10.371
2026-07-29,153293,Bank of India Money Market Fund - Regular - Growth,11.0097
2026-07-29,153294,Bank of India Money Market Fund - Direct - Growth,11.0884
2026-07-29,153295,Bank of India Money Market Fund - Direct - Monthly IDCW,10.0533
2026-07-29,153296,Bank of India Money Market Fund - Direct - Daily IDCW,10.0500
2026-07-29,153298,Bank of India Money Market Fund - Regular - Daily IDCW,10.0500
2026-07-29,153299,Bank of India Money Market Fund - Regular - Monthly IDCW,10.0532
2026-07-29,153301,Bank of India Money Market Fund - Regular - Weekly IDCW,10.0531
2026-07-29,153302,Mahindra Manulife Value Fund - Regular Plan - IDCW,12.5545
2026-07-29,153303,Mahindra Manulife Value Fund - Direct Plan - Growth,12.8727
2026-07-29,153304,Mahindra Manulife Value Fund - Regular Plan - Growth,12.5545
2026-07-29,153305,Mahindra Manulife Value Fund - Direct Plan - IDCW,12.8727
2026-07-29,153310,Kotak CRISIL - IBX AAA Bond Financial Services Index Dec 2026 Fund - Regular - IDCW,11.0706
2026-07-29,153311,Kotak CRISIL - IBX AAA Bond Financial Services Index Dec 2026 Fund - Regular - Growth,11.0706
2026-07-29,153312,Kotak CRISIL - IBX AAA Bond Financial Services Index Dec 2026 Fund - Direct - IDCW,11.1024
2026-07-29,153313,Kotak CRISIL - IBX AAA Bond Financial Services Index Dec 2026 Fund - Direct - Growth,11.1026
2026-07-29,153314,Kotak MSCI India ETF,29.969
2026-07-29,153315,Kotak Nifty 100 Equal Weight ETF,35.233
2026-07-29,153328,Groww Nifty 200 ETF FOF - Direct - Growth,11.6491
2026-07-29,153329,Groww Nifty 200 ETF,11.386
2026-07-29,153330,ANGEL ONE NIFTY TOTAL MARKET INDEX FUND DIRECT PLAN GROWTH OPTION,11.8968
2026-07-29,153331,ANGEL ONE NIFTY TOTAL MARKET INDEX FUND REGULAR PLAN GROWTH OPTION,11.7719
2026-07-29,153332,ANGEL ONE NIFTY TOTAL MARKET ETF,11.9097
2026-07-29,153342,Groww Nifty 200 ETF FOF - Regular - Growth,11.561
2026-07-29,153343,Groww Nifty 200 ETF FOF - Direct - IDCW,11.649
2026-07-29,153344,Groww Nifty 200 ETF FOF - Regular - IDCW,11.561
2026-07-29,153351,KOTAK NIFTY COMMODITIES INDEX FUND-REGULAR GROWTH,12.22
2026-07-29,153352,KOTAK NIFTY COMMODITIES INDEX FUND-REGULAR-IDCW-PAYOUT & REINVESTMENT,12.219
2026-07-29,153353,Kotak Nifty Commodities Index Fund-Direct Growth,12.265
2026-07-29,153354,KOTAK NIFTY COMMODITIES INDEX FUND-DIRECT-IDCW-PAYOUT & REINVESTMENT,12.265
2026-07-29,153362,Navi Nifty Smallcap 250 Momentum quality index fund- Direct Plan,11.8603
2026-07-29,153363,Navi Nifty Smallcap 250 Momentum quality index fund- Regular Plan,11.7494
2026-07-29,153372,Kotak CRISIL-IBX Financial Services 3-6 Months Debt Index Fund-Direct-Growth,11.0004
2026-07-29,153373,Kotak CRISIL-IBX Financial Services 3-6 Months Debt Index Fund-Direct-IDCW,11.0007
2026-07-29,153374,Kotak CRISIL-IBX Financial Services 3-6 Months Debt Index Fund-Regular-IDCW,10.9649
2026-07-29,153375,Kotak CRISIL-IBX Financial Services 3-6 Months Debt Index Fund-Regular-Growth,10.965
2026-07-29,153376,Unifi Dynamic Asset Allocation Fund - Direct Growth,11.1594
2026-07-29,153377,Unifi Dynamic Asset Allocation Fund - Regular Growth,11.0686
2026-07-29,153378,ICICI Prudential BSE Liquid Rate ETF - Growth,1072.8852
2026-07-29,153393,ICICI Prudential Nifty EV & New Age Automotive ETF FOF - IDCW,12.0681
2026-07-29,153394,ICICI Prudential Nifty EV & New Age Automotive ETF FOF - Direct Plan - Growth,12.1227
2026-07-29,153395,ICICI Prudential Nifty EV & New Age Automotive ETF FOF - Direct Plan - IDCW,12.1227
2026-07-29,153396,ICICI Prudential Nifty EV & New Age Automotive ETF FOF - Growth,12.0682
2026-07-29,153397,ICICI Prudential Nifty EV & New Age Automotive ETF,32.1323
2026-07-29,153398,Kotak Nifty Midcap 150 ETF,23.496
2026-07-29,153399,KOTAK NIFTY MIDCAP 150 INDEX FUND-REGULAR PLAN-GROWTH,11.81
2026-07-29,153400,KOTAK NIFTY MIDCAP 150 INDEX FUND-REGULAR PLAN-IDCW PAYOUT AND REINVESTMENT,11.81
2026-07-29,153401,KOTAK NIFTY MIDCAP 150 INDEX FUND-DIRECT PLAN-GROWTH,11.888
2026-07-29,153402,KOTAK NIFTY MIDCAP 150 INDEX FUND-DIRECT PLAN-IDCW-PAYOUT AND REINVESTMENT,11.888
2026-07-29,153409,ICICI Prudential CRISIL-IBX Financial Services 3-6 Months Debt Index Fund - Growth,10.9706
2026-07-29,153410,ICICI Prudential CRISIL-IBX Financial Services 3-6 Months Debt Index Fund - Direct Plan - Annual IDCW,10.9920
2026-07-29,153411,ICICI Prudential CRISIL-IBX Financial Services 3-6 Months Debt Index Fund - Direct Plan - Growth,10.9919
2026-07-29,153412,ICICI Prudential CRISIL-IBX Financial Services 3-6 Months Debt Index Fund - Annual IDCW,10.9706
2026-07-29,153426,quant Arbitrage Fund - Growth Option - Direct Plan,10.992
2026-07-29,153427,quant Arbitrage Fund - IDCW Option - Direct Plan,10.9815
2026-07-29,153428,quant Arbitrage Fund - Growth Option - Regular Plan,10.906
2026-07-29,153429,quant Arbitrage Fund - IDCW Option - Regular Plan,10.9063
2026-07-29,153436,Zerodha Overnight Fund - Direct Plan - Growth Option,10.7161
2026-07-29,153447,Kotak Energy Opportunities Fund-Direct-Growth,10.748
2026-07-29,153448,Kotak Energy Opportunities Fund-Direct-IDCW-Payout & Reinvestment,10.747
2026-07-29,153449,Kotak Energy Opportunities Fund-Regular-Growth,10.543
2026-07-29,153450,Kotak Energy Opportunities Fund-Regular-IDCW-Payout & Reinvestment,10.543
2026-07-29,153451,ANGEL ONE NIFTY 1D RATE LIQUID ETF - GROWTH,1070.2205
2026-07-29,153452,Groww Nifty 500 Momentum 50 ETF,10.5567
2026-07-29,153453,Groww Nifty 500 Momentum 50 ETF FOF - Direct Plan - Growth,10.4357
2026-07-29,153454,Groww Nifty 500 Momentum 50 ETF FOF - Direct Plan - IDCW,10.4471
2026-07-29,153455,Groww Nifty 500 Momentum 50 ETF FOF - Regular Plan - IDCW,10.377
2026-07-29,153456,Groww Nifty 500 Momentum 50 ETF FOF - Regular Plan- Growth,10.3771
2026-07-29,153457,ICICI Prudential Quality Fund - IDCW,10.62
2026-07-29,153458,ICICI Prudential Quality Fund - Direct Plan - Growth,10.77
2026-07-29,153459,ICICI Prudential Quality Fund - Growth,10.62
2026-07-29,153460,ICICI Prudential Quality Fund - Direct Plan - IDCW,10.77
2026-07-29,153461,Kotak Nifty Top 10 Equal Weight Index Fund-Direct Plan-Growth,9.233
2026-07-29,153462,Kotak Nifty Top 10 Equal Weight Index Fund-Direct Plan-IDCW-Payout and Reinvestment,9.233
2026-07-29,153463,Kotak Nifty Top 10 Equal Weight Index Fund-Regular Plan-Growth,9.152
2026-07-29,153464,Kotak Nifty Top 10 Equal Weight Index Fund-Regular Plan-IDCW Payout and Reinvestment,9.152
2026-07-29,153465,Canara Robeco Multi Asset Allocation Fund - Direct Plan - Growth,11.3300
2026-07-29,153466,Canara Robeco Multi Asset Allocation Fund - Regular Plan - Growth,11.1300
2026-07-29,153467,Canara Robeco Multi Asset Allocation Fund - Regular Plan - IDCW,11.1300
2026-07-29,153468,Canara Robeco Multi Asset Allocation Fund - Direct Plan - IDCW,11.3400
2026-07-29,153477,Groww Gilt Fund - Direct - Growth,10.0193
2026-07-29,153502,Groww Gilt Fund - Direct - IDCW,10.0172
2026-07-29,153503,Groww Gilt Fund - Regular - Growth,9.8931
2026-07-29,153504,Groww Gilt Fund - Regular - IDCW,9.8933
2026-07-29,153524,Groww Silver ETF,21.1851
2026-07-29,153525,Groww Silver ETF FOF - Direct - Growth,21.0219
2026-07-29,153526,Groww Silver ETF FOF - Direct - IDCW,21.0263
2026-07-29,153527,Groww Silver ETF FOF - Regular - Growth,20.9209
2026-07-29,153528,Groww Silver ETF FOF - Regular - IDCW,20.9208
2026-07-29,153529,ANGEL ONE NIFTY 50 INDEX FUND-DIRECT-GROWTH,9.9822
2026-07-29,153530,ANGEL ONE NIFTY 50 INDEX FUND-REGULAR-GROWTH,9.9236
2026-07-29,153531,ANGEL ONE NIFTY 50 ETF,10.011
2026-07-29,153542,Unifi Flexi Cap Fund - Regular Growth,10.4353
2026-07-29,153543,Unifi Flexi Cap Fund - Direct Growth,10.5918
2026-07-29,153544,ICICI Prudential Nifty200 Quality 30 Index Fund - Growth,9.9926
2026-07-29,153545,ICICI Prudential Nifty200 Quality 30 Index Fund - IDCW,9.9923
2026-07-29,153546,ICICI Prudential Nifty200 Quality 30 Index Fund - Direct Plan - Growth,10.0464
2026-07-29,153547,ICICI Prudential Nifty200 Quality 30 Index Fund - Direct Plan - IDCW,10.0460
2026-07-29,153570,Unifi Liquid Fund- Direct Growth,1068.4641
2026-07-29,153571,Unifi Liquid Fund- Regular Growth,1067.6758
2026-07-29,153583,Groww Nifty 500 Low Volatility 50 ETF,10.5955
2026-07-29,153585,Kotak Liquid Fund - Direct Plan - Weekly - Reinvestment & Payout of Income Distribution cum capital withdrawal option,1008.9168
2026-07-29,153586,Kotak Liquid Fund - Regular Plan - Weekly - Reinvestment & Payout of Income Distribution cum capital withdrawal option,1044.3013
2026-07-29,153613,ICICI Prudential Nifty Top 15 Equal Weight Index Fund - Growth,9.4622
2026-07-29,153614,ICICI Prudential Nifty Top 15 Equal Weight Index Fund - Direct Plan - Growth,9.5203
2026-07-29,153615,ICICI Prudential Nifty Top 15 Equal Weight Index Fund - IDCW,9.4623
2026-07-29,153616,ICICI Prudential Nifty Top 15 Equal Weight Index Fund - Direct Plan - IDCW,9.5208
2026-07-29,153617,ICICI Prudential Nifty Top 15 Equal Weight ETF,9.9668
2026-07-29,153625,Groww Nifty India Internet ETF,10.1162
2026-07-29,153626,Groww Nifty India Internet ETF FOF - Direct - Growth,10.0966
2026-07-29,153627,JM Large & Mid Cap Fund (Regular) - Growth Option,10.557
2026-07-29,153628,JM Large & Mid Cap Fund (Regular) - IDCW,10.557
2026-07-29,153629,JM Large & Mid Cap Fund (Direct) - Growth Option,10.7418
2026-07-29,153630,JM Large & Mid Cap Fund (Direct) - IDCW,10.7417
2026-07-29,153631,Groww Nifty India Internet ETF FOF - Regular - IDCW,10.0474
2026-07-29,153632,Groww Nifty India Internet ETF FOF - Direct - IDCW,10.0966
2026-07-29,153633,Groww Nifty India Internet ETF FOF - Regular - Growth,10.0474
2026-07-29,153644,TRUSTMF MULTI CAP FUND -DIRECT PLAN-GROWTH,11.63
2026-07-29,153645,TRUSTMF MULTI CAP FUND -REGULAR PLAN-GROWTH,11.42
2026-07-29,153656,Zerodha Silver ETF FoF - Direct Growth,19.6912
2026-07-29,153657,Kotak Nifty200 Quality 30 ETF,21.019
2026-07-29,153658,KOTAK NIFTY 200 QUALITY 30 INDEX FUND - DIRECT PLAN - IDCW - PAYOUT AND REINVESTMENT,10.079
2026-07-29,153659,KOTAK NIFTY 200 QUALITY 30 INDEX FUND - REGULAR PLAN - GROWTH,10.039
2026-07-29,153660,KOTAK NIFTY 200 QUALITY 30 INDEX FUND - DIRECT PLAN - GROWTH,10.079
2026-07-29,153661,KOTAK NIFTY 200 QUALITY 30 INDEX FUND - REGULAR PLAN - IDCW - PAYOUT AND REINVESTMENT,10.039
2026-07-29,153666,Sundaram Multi-Factor Fund - Direct - IDCW Reinvestment,9.8637
2026-07-29,153667,Sundaram Multi-Factor Fund - Regular - Growth,9.7034
2026-07-29,153668,Sundaram Multi-Factor Fund - Regular - IDCW Reinvestment,9.7034
2026-07-29,153669,Sundaram Multi-Factor Fund - Direct - Growth,9.8637
2026-07-29,153670,Sundaram Multi-Factor Fund - Direct - IDCW Payout,9.8637
2026-07-29,153671,Sundaram Multi-Factor Fund - Regular - IDCW Payout,9.7034
2026-07-29,153672,Mahindra Manulife Banking & Financial Services Fund - Direct - IDCW,10.8711
2026-07-29,153673,Mahindra Manulife Banking & Financial Services Fund - Regular - IDCW,10.6725
2026-07-29,153674,Mahindra Manulife Banking & Financial Services Fund - Direct - Growth,10.8711
2026-07-29,153675,Mahindra Manulife Banking & Financial Services Fund - Regular - Growth,10.6725
2026-07-29,153676,ICICI Prudential Nifty Private Bank Index Fund - Growth,9.8345
2026-07-29,153679,ICICI Prudential Nifty Private Bank Index Fund - Direct Plan - Growth,9.8909
2026-07-29,153680,Kotak Nifty AAA Bond Financial Services Mar 2028 Index Fund - Direct Plan - Growth,10.6177
2026-07-29,153681,Kotak Nifty AAA Bond Financial Services Mar 2028 Index Fund - Direct Plan - IDCW - Payout & Reinvestment,10.6175
2026-07-29,153682,Kotak Nifty AAA Bond Financial Services Mar 2028 Index Fund - Regular Plan - IDCW - Payout & Reinvestment,10.5943
2026-07-29,153683,Kotak Nifty AAA Bond Financial Services Mar 2028 Index Fund - Regular Plan - Growth,10.5943
2026-07-29,153684,ICICI Prudential Active Momentum Fund - Direct Plan - Growth,10.83
2026-07-29,153685,ICICI Prudential Active Momentum Fund - Growth,10.70
2026-07-29,153699,Groww Nifty 50 ETF,9.7963
2026-07-29,153704,Groww Nifty 50 Index Fund Direct Growth,9.7227
2026-07-29,153705,quant Equity Savings Fund - Growth Option - Direct Plan,10.8202
2026-07-29,153706,quant Equity Savings Fund - IDCW Option - Direct Plan,10.7922
2026-07-29,153707,quant Equity Savings Fund - Growth Option - Regular Plan,10.6331
2026-07-29,153708,quant Equity Savings Fund - IDCW Option - Regular Plan,10.6326
2026-07-29,153709,Groww Nifty 50 Index Fund Direct IDCW,9.7227
2026-07-29,153710,Groww Nifty 50 Index Fund Regular Growth,9.6537
2026-07-29,153711,Groww Nifty 50 Index Fund Regular IDCW,9.6538
2026-07-29,153726,Bank of India Mid Cap Fund - Regular Plan Growth,10.30
2026-07-29,153727,Bank of India Mid Cap Fund - Regular Plan IDCW,10.30
2026-07-29,153728,Bank of India Mid Cap Fund - Direct Plan Growth,10.40
2026-07-29,153729,Bank of India Mid Cap Fund - Direct Plan IDCW,10.40
2026-07-29,153744,Groww BSE Power ETF,11.3992
2026-07-29,153745,Groww BSE Power ETF FOF Direct Growth,11.6021
2026-07-29,153746,Groww BSE Power ETF FOF Direct IDCW,11.6022
2026-07-29,153747,Groww BSE Power ETF FOF Regular IDCW,11.552
2026-07-29,153748,Groww BSE Power ETF FOF Regular Growth,11.552
2026-07-29,153753,Kotak Active Momentum Fund - Direct Plan - Growth option,11.194
2026-07-29,153754,Kotak Active Momentum Fund - Direct Plan - IDCW - Payout and Reinvestment,11.194
2026-07-29,153755,Kotak Active Momentum Fund - Regular Plan - Growth,11.051
2026-07-29,153756,Kotak Active Momentum Fund - Regular Plan - IDCW - Payout & Reinvestment,11.051
2026-07-29,153757,Zerodha Multi Asset Passive FoF - Direct - Growth,11.3891
2026-07-29,153781,Kotak Nifty Alpha 50 Index Fund - Direct Plan - Growth,10.435
2026-07-29,153782,Kotak Nifty Alpha 50 Index Fund - Direct Plan - IDCW - Payout & Reinvestment,10.435
2026-07-29,153783,Kotak Nifty Alpha 50 Index Fund - Regular Plan - IDCW - Payout & Reinvestment,10.377
2026-07-29,153784,Kotak Nifty Alpha 50 Index Fund - Regular Plan - Growth,10.377
2026-07-29,153785,Groww Nifty Next 50 ETF,72.8774
2026-07-29,153786,Groww Nifty Next 50 Index Fund Direct Growth,10.7472
2026-07-29,153797,Groww Nifty Next 50 Index Fund Direct IDCW,10.7472
2026-07-29,153798,Groww Nifty Next 50 Index Fund Regular Growth,10.6782
2026-07-29,153799,Groww Nifty Next 50 Index Fund Regular IDCW,10.6782
2026-07-29,153804,TRUSTMF ARBITRAGE FUND -DIRECT PLAN-GROWTH,10.5876
2026-07-29,153805,TRUSTMF ARBITRAGE FUND -REGULAR PLAN-GROWTH,10.5107
2026-07-29,153811,Zerodha Nifty 8-13 Yr G-Sec ETF,30.4960
2026-07-29,153821,Groww Multi Asset Allocation Fund Direct Growth,10.2805
2026-07-29,153827,ANGEL ONE GOLD ETF FOF- DIRECT GROWTH,12.8301
2026-07-29,153828,ANGEL ONE GOLD ETF FOF - REGULAR GROWTH,12.7736
2026-07-29,153837,Zerodha Nifty Smallcap 100 ETF,10.9954
2026-07-29,153850,Groww Multi Asset Allocation Fund Regular IDCW,10.1268
2026-07-29,153851,Groww Multi Asset Allocation Fund Regular Growth,10.1266
2026-07-29,153852,Groww Multi Asset Allocation Fund Direct IDCW,10.2774
2026-07-29,153864,ICICI Prudential Conglomerate Fund - IDCW,10.27
2026-07-29,153865,ICICI Prudential Conglomerate Fund - Growth,10.27
2026-07-29,153866,ICICI Prudential Conglomerate Fund - Direct Plan - IDCW,10.36
2026-07-29,153867,ICICI Prudential Conglomerate Fund - Direct Plan - Growth,10.36
2026-07-29,153875,Kotak CRISIL-IBX Financial Services 9 to 12 Months Debt Index Fund - Direct - Growth,10.5318
2026-07-29,153876,Kotak CRISIL-IBX Financial Services 9 to 12 Months Debt Index Fund - Direct - IDCW,10.5319
2026-07-29,153877,Kotak CRISIL-IBX Financial Services 9 to 12 Months Debt Index Fund - Regular - Growth,10.5138
2026-07-29,153878,Kotak CRISIL-IBX Financial Services 9 to 12 Months Debt Index Fund - Regular - IDCW,10.5118
2026-07-29,153899,Groww Nifty Realty ETF,10.2964
2026-07-29,153904,Kotak Nifty 200 Momentum 30 ETF,30.179
2026-07-29,153905,Zerodha Nifty 50 ETF,9.7298
2026-07-29,153906,Zerodha Nifty 50 Index Fund - Direct Plan - Growth,9.6959
2026-07-29,153907,Groww Nifty Capital Markets ETF,11.1508
2026-07-29,153908,Groww Nifty Capital Markets ETF FOF Direct Growth,11.2685
2026-07-29,153917,Groww Nifty Capital Markets ETF FOF Direct IDCW,11.2685
2026-07-29,153918,Groww Nifty Capital Markets ETF FOF Regular Growth,11.2332
2026-07-29,153919,Groww Nifty Capital Markets ETF FOF Regular IDCW,11.2333
2026-07-29,153921,Kotak Gold Silver Passive FOF - Direct Plan - Growth,14.259
2026-07-29,153922,Kotak Gold Silver Passive FOF - Regular Plan - Growth,14.227
2026-07-29,153923,Groww Nifty Smallcap250 ETF,10.3733
2026-07-29,153932,Zerodha BSE SENSEX Index Fund,9.3642
2026-07-29,153933,Choice Gold ETF,140.2965
2026-07-29,153934,Kotak Nifty Chemicals ETF,30.427
2026-07-29,153939,Groww Nifty Midcap 150 Index Fund Direct Growth,10.36
2026-07-29,153940,Groww Nifty Midcap 150 ETF,231.8028
2026-07-29,153952,Groww Nifty Midcap 150 Index fund Direct IDCW,10.36
2026-07-29,153953,Groww Nifty Midcap 150 Index Fund Regular Growth,10.3124
2026-07-29,153954,Groww Nifty Midcap 150 Index Fund Regular IDCW,10.3124
2026-07-29,153955,ANGEL ONE NIFTY TOTAL MARKET MOMENTUM QUALITY 50 INDEX FUND - REGULAR GROWTH,9.8561
2026-07-29,153956,ANGEL ONE NIFTY TOTAL MARKET MOMENTUM QUALITY 50 INDEX FUND - DIRECT GROWTH,9.9032
2026-07-29,153957,ANGEL ONE NIFTY TOTAL MARKET MOMENTUM QUALITY 50 ETF,9.9097
2026-07-29,153967,Kotak Rural Opportunities Fund - Direct Plan - IDCW Divdend - Payouout & Reinvestment,9.905
2026-07-29,153968,Kotak Rural Opportunities Fund - Regular Plan - IDCW Dividend - Payout & Reinvestment,9.801
2026-07-29,153969,Kotak Rural Opportunities Fund - Regular Plan - Growth,9.801
2026-07-29,153970,Kotak Rural Opportunities Fund - Direct Plan - Growth,9.905
2026-07-29,153977,Old Bridge Arbitrage Fund Regular Growth,10.3966
2026-07-29,153979,Old Bridge Arbitrage Fund Direct Growth,10.4597
2026-07-29,153980,Old Bridge Arbitrage Fund Regular IDCW,10.3966
2026-07-29,153981,Old Bridge Arbitrage Fund - Direct - IDCW,10.4597
2026-07-29,153982,Groww Money Market Fund Direct Growth,10.3988
2026-07-29,153991,Groww Money Market Fund Direct IDCW,10.3986
2026-07-29,153992,Groww Money Market Fund Regular Growth,10.3571
2026-07-29,153993,Groww Money Market Fund Regular IDCW,10.3573
2026-07-29,154005,Mahindra Manulife Income Plus Arbitrage Active FOF - Regular - IDCW,10.3812
2026-07-29,154006,Mahindra Manulife Income Plus Arbitrage Active FOF - Regular - Growth,10.3812
2026-07-29,154007,Mahindra Manulife Income Plus Arbitrage Active FOF  - Direct - Growth,10.4163
2026-07-29,154008,Mahindra Manulife Income Plus Arbitrage Active FOF - Direct - IDCW,10.4163
2026-07-29,154026,Navi Nifty Midsmall 400 Index Fund - Regular - Growth,10.7092
2026-07-29,154027,Navi Nifty midsmallcap 400 Index Fund- Direct - Growth,10.7669
2026-07-29,154029,Kotak Nifty500 Momentum 50 Index Fund - Direct Plan - IDCW - Payout & Investment,9.957
2026-07-29,154030,Kotak Nifty500 Momentum 50 Index Fund - Regular Plan - Growth,9.936
2026-07-29,154031,Kotak Nifty500 Momentum 50 Index Fund - Regular Plan - IDCW - Payout & Reinvestment,9.936
2026-07-29,154032,Kotak Nifty500 Momentum 50 Index Fund - Direct Plan - Growth,9.957
2026-07-29,154034,Groww Nifty Metal ETF,12.0953
2026-07-29,154041,Abakkus Flexi Cap Fund - Regular - Growth,10.9420
2026-07-29,154042,Abakkus Flexi Cap Fund - Regular - IDCW,10.9430
2026-07-29,154043,Abakkus Flexi Cap Fund - Direct - Growth,11.0330
2026-07-29,154045,Abakkus Flexi Cap Fund - Direct - IDCW,11.0380
2026-07-29,154047,Abakkus Liquid Fund - Regular Plan - Growth,103.6459
2026-07-29,154048,Abakkus Liquid Fund - Regular Plan - Monthly IDCW Reinvestment,100.2807
2026-07-29,154049,Abakkus Liquid Fund - Direct Plan - Daily IDCW Reinvestment,100.0881
2026-07-29,154050,Abakkus Liquid Fund - Direct Plan - Weekly IDCW Reinvestment,100.0927
2026-07-29,154051,Abakkus Liquid Fund - Direct Plan - Growth,103.6987
2026-07-29,154052,Abakkus Liquid Fund - Direct Plan - Quarterly IDCW Reinvestment,100.5246
2026-07-29,154053,Abakkus Liquid Fund - Regular Plan - Daily IDCW Reinvestment,100.0881
2026-07-29,154054,Abakkus Liquid Fund - Regular Plan - Quarterly IDCW Reinvestment,100.4740
2026-07-29,154055,Abakkus Liquid Fund - Direct Plan - Monthly IDCW Reinvestment,100.2837
2026-07-29,154056,Abakkus Liquid Fund - Regular Plan - Weekly IDCW Reinvestment,100.0922
2026-07-29,154063,Groww Small Cap Fund-Direct-Growth,12.0876
2026-07-29,154083,quant Overnight Fund - Unclaimed IDCW Greater than 3 years,10
2026-07-29,154084,quant Overnight Fund - Unclaimed Redemption Less than 3 years,10.3058
2026-07-29,154085,quant Overnight Fund - Unclaimed Redemption Greater than 3 years,10
2026-07-29,154086,quant Overnight Fund - Unclaimed IDCW Less than 3 years,10.3102
2026-07-29,154093,Bank of India Banking & Financial Services Fund - Direct Plan - Growth,9.82
2026-07-29,154094,Bank of India Banking & Financial Services Fund - Direct Plan - IDCW,9.82
2026-07-29,154095,Bank of India Banking & Financial Services Fund - Regular Plan - Growth,9.76
2026-07-29,154096,Bank of India Banking & Financial Services Fund - Regular Plan - IDCW,9.76
2026-07-29,154097,Kotak Dividend Yield Fund - Direct - Growth,9.835
2026-07-29,154098,Kotak Dividend Yield Fund - Regular IDCW,9.762
2026-07-29,154099,Kotak Dividend Yield Fund - Regular -Growth,9.762
2026-07-29,154100,Kotak Dividend Yield Fund - Direct - IDCW,9.835
2026-07-29,154101,Kotak Nifty Next 50 ETF,73.069
2026-07-29,154102,Groww Small Cap Fund-Regular-Growth,11.9802
2026-07-29,154103,Groww Small Cap Fund-Regular-IDCW,11.9802
2026-07-29,154104,Groww Small Cap Fund - Direct-IDCW,12.0875
2026-07-29,154109,Zerodha Nifty Short Duration G-Sec Index Fund - Direct Plan - Growth Option,1024.7652
2026-07-29,154111,Groww Nifty Chemicals ETF,30.3743
2026-07-29,154119,Mahindra Manulife Innovation Opportunities Fund - Regular - IDCW,10.9511
2026-07-29,154120,Mahindra Manulife Innovation Opportunities Fund - Regular - Growth,10.9509
2026-07-29,154121,Mahindra Manulife Innovation Opportunities Fund - Direct - Growth,11.0499
2026-07-29,154122,Mahindra Manulife Innovation Opportunities Fund - Direct - IDCW,11.0500
2026-07-29,154145,Kotak Nifty200 Value 30 Index Fund - Direct - Growth,9.714
2026-07-29,154146,Kotak Nifty200 Value 30 Index Fund - Direct - IDCW,9.714
2026-07-29,154147,Kotak Nifty200 Value 30 Index Fund - Regular - IDCW,9.699
2026-07-29,154148,Kotak Nifty200 Value 30 Index Fund - Regular - Growth,9.699
2026-07-29,154149,Kotak Services Fund - Direct - Growth,10.499
2026-07-29,154150,Kotak Services Fund - Direct - IDCW,10.499
2026-07-29,154151,Kotak Services Fund - Regular - Growth,10.436
2026-07-29,154152,Kotak Services Fund - Regular - IDCW,10.435
2026-07-29,154163,Groww Nifty PSE ETF,98.9539
2026-07-29,154164,Groww Nifty PSE ETF FOF Direct Growth,9.5404
2026-07-29,154172,Groww Nifty PSE ETF FOF Direct IDCW,9.5404
2026-07-29,154173,Groww Nifty PSE ETF FOF Regular Growth,9.5276
2026-07-29,154174,Groww Nifty PSE ETF FOF Regular IDCW,9.5276
2026-07-29,154199,Groww BSE Hospitals ETF,54.4092
2026-07-29,154200,Groww BSE Hospitals ETF FOF Direct Growth,11.3685
2026-07-29,154206,ANGEL ONE SILVER ETF FOF -DIRECT GROWTH,7.5068
2026-07-29,154207,ANGEL ONE SILVER ETF FOF -REGULAR GROWTH,7.4913
2026-07-29,154210,TRUSTMF MID CAP FUND -DIRECT -GROWTH,11.92
2026-07-29,154211,TRUSTMF MID CAP FUND -REGULAR-GROWTH,11.84
2026-07-29,154214,Abakkus Small Cap Fund - Regular  Plan - Growth,12.2130
2026-07-29,154215,Abakkus Small Cap Fund - Direct Plan - Growth,12.2740
2026-07-29,154221,Groww BSE Hospitals ETF FOF Direct IDCW,11.3688
2026-07-29,154222,Groww BSE Hospitals ETF FOF Regular IDCW,11.3507
2026-07-29,154223,Groww BSE Hospitals ETF FOF Regular Growth,11.3507
2026-07-29,154225,Old Bridge Flexi Cap Fund Direct Growth,11.16
2026-07-29,154226,Old Bridge Flexi Cap Fund Regular Growth,11.09
2026-07-29,154227,Old Bridge Flexi Cap Fund Regular IDCW,11.09
2026-07-29,154228,Old Bridge Flexi Cap Fund Direct IDCW,11.16
2026-07-29,154248,Canara Robeco Banking and Financials Services Fund - Regular Plan - Growth,10.8600
2026-07-29,154249,Canara Robeco Banking and Financials Services Fund - Regular Plan - IDCW,10.8600
2026-07-29,154250,Canara Robeco Banking and Financials Services Fund - Direct Plan - Growth,10.9300
2026-07-29,154251,Canara Robeco Banking and Financials Services Fund - Direct Plan - IDCW,10.9300
2026-07-29,154265,ICICI Prudential Diversified Equity All Cap Active FOF - Growth,10.8475
2026-07-29,154266,ICICI Prudential Diversified Equity All Cap Active FOF - Direct Plan - Growth,10.8888
2026-07-29,154275,Kotak Multi Factor Passive FOF - Direct- Growth,11.21
2026-07-29,154276,Kotak Multi Factor Passive FOF - Regular- Growth,11.2
2026-07-29,154277,Groww Nifty PSU Bank ETF,83.467
2026-07-29,154278,Groww Nifty PSU Bank Index Fund Direct Growth,9.9169
2026-07-29,154283,Groww Nifty PSU Bank Index Fund Direct IDCW,9.9156
2026-07-29,154284,Groww Nifty PSU Bank Index Fund Regular Growth,9.898
2026-07-29,154285,Groww Nifty PSU Bank Index Fund Regular IDCW,9.898
2026-07-29,154294,HSBC Gold ETF,123.0202
2026-07-29,154301,Choice Nifty 50 Index Fund - Direct Plan Growth,10.4870
2026-07-29,154302,Choice Nifty 50 Index Fund - Regular Plan Growth,10.4774
2026-07-29,154303,Choice Nifty Next 50 Index Fund - Regular Plan Growth,11.2628
2026-07-29,154304,Choice Nifty Next 50 Index Fund - Direct Plan Growth,11.2770
2026-07-29,154306,Zerodha Nifty MidSmallcap400 50:50 Index Fund - Direct Plan - Growth Option,11.3016
2026-07-29,154320,Groww Arbitrage Fund Direct Growth,10.1575
2026-07-29,154321,Zerodha Nifty LargeMidcap250 Plus 8-13 Yr G-Sec 70:30 Index Fund - Direct Plan - Growth Option,10.2575
2026-07-29,154323,Groww Arbitrage Fund Direct IDCW,10.1575
2026-07-29,154324,Groww Arbitrage Fund Regular IDCW,10.1386
2026-07-29,154325,Groww Arbitrage Fund Regular Growth,10.1386
2026-07-29,154345,Groww Nifty Private Bank ETF,27.6379
2026-07-29,154346,Groww Nifty Private Bank Index Fund Direct Growth,10.2546
2026-07-29,154350,Groww Nifty Private Bank Index Fund Regular Growth,10.2422
2026-07-29,154351,Groww Nifty Private Bank Index Fund Regular IDCW,10.2422
2026-07-29,154352,Groww Nifty Private Bank Index Fund Direct IDCW,10.2546
2026-07-29,154358,Kotak Low Duration Fund - Direct Plan - Weekly - Reinvestment & Payout of Income Distribution cum Capital Withdrawal Option,1012.3566
2026-07-29,154359,Kotak Low Duration Fund - Regular Plan - Monthly - Reinvestment & Payout of Income Distribution cum Capital Withdrawal Option,1008.2403
2026-07-29,154361,Kotak Low Duration Fund - Direct Plan - Monthly - Reinvestment & Payout of Income Distribution cum Capital Withdrawal Option,1016.7456
2026-07-29,154383,Groww Nifty Smallcap 250 Momentum Quality 100 Index Fund Direct Growth,10.2839
2026-07-29,154384,Groww Nifty Smallcap 250 Momentum Quality 100 ETF,47.2036
2026-07-29,154385,Groww Nifty Smallcap 250 Momentum Quality 100 Index Fund Direct IDCW,10.2839
2026-07-29,154386,Groww Nifty Smallcap 250 Momentum Quality 100 Index Fund Regular IDCW,10.2771
2026-07-29,154387,Groww Nifty Smallcap 250 Momentum Quality 100 Index Fund Regular Growth,10.2771
2026-07-29,154388,Kotak Nifty Alpha Low Volatility 30 Index Fund - Direct- Growth,10.4
2026-07-29,154389,Kotak Nifty Alpha Low Volatility 30 Index Fund - Regular - Growth,10.393
2026-07-29,154390,Kotak Nifty Alpha Low Volatility 30 Index Fund - Regular - IDCW,10.393
2026-07-29,154391,Kotak Nifty Alpha Low Volatility 30 Index Fund - Direct- IDCW,10.4
2026-07-29,154404,ICICI Prudential Nifty Smallcap 250 ETF,17.9941
2026-07-29,154413,Choice Overnight Fund - Growth Option - Direct Plan,100.3654
2026-07-29,154414,Choice Overnight Fund - Daily IDCW Option - Regular Plan,100.1000
2026-07-29,154415,Choice Overnight Fund - Growth Option - Regular Plan,100.3578
2026-07-29,154416,Choice Overnight Fund - Daily IDCW Option - Direct Plan,100.1000
2026-07-29,154417,ICICI Prudential Balanced Hybrid Fund - Direct Plan - Growth,10.05
2026-07-29,154418,ICICI Prudential Balanced Hybrid Fund - Growth,10.05
2026-07-29,154419,ICICI Prudential Balanced Hybrid Fund - IDCW,10.05
2026-07-29,154420,ICICI Prudential Balanced Hybrid Fund - Direct Plan - IDCW,10.05
2026-07-29,154421,JM Multi Asset Allocation Fund (Direct) - IDCW,10.0761
2026-07-29,154422,JM Multi Asset Allocation Fund (Regular) - IDCW,10.069
2026-07-29,154423,JM Multi Asset Allocation Fund (Direct) - Growth Option,10.0761
2026-07-29,154424,JM Multi Asset Allocation Fund (Regular) - Growth Option,10.069
2026-07-29,154436,Zerodha Life Cycle Fund 2036 - Direct - Growth,9.9862
2026-07-29,154437,Zerodha Life Cycle Fund 2041 - Direct - Growth,9.9862
2026-07-29,154476,Groww Nifty Cements ETF,15.3622
2026-07-29,154491,Kotak Nifty Private Bank ETF,27.592
2026-07-29,154507,Kotak Money Market Fund - Direct - IDCW Weekly,1001.6807
2026-07-29,154509,Kotak Bond Short Term Fund - Regular - IDCW Weekly,10.0021
2026-07-29,154510,Kotak Bond Short Term Fund - Direct - IDCW Weekly,10.0217
2026-07-29,154511,Kotak Corporate Bond Fund - Regular - IDCW Weekly,1002.09
2026-07-29,154513,Kotak Savings Fund - Direct - IDCW Weekly,10.0106
2026-07-29,154521,Abakkus Liquid Fund - Unclaimed Redemption Less than 3 Years,100.1443
